2026-05-09 11:49:36,311 - mmdet - INFO - Environment info:
------------------------------------------------------------
sys.platform: linux
Python: 3.8.20 (default, Oct  3 2024, 15:24:27) [GCC 11.2.0]
CUDA available: True
GPU 0: NVIDIA L40S
CUDA_HOME: /usr
NVCC: Cuda compilation tools, release 12.0, V12.0.140
GCC: gcc (Ubuntu 13.3.0-6ubuntu2~24.04.1) 13.3.0
PyTorch: 1.10.1+cu111
PyTorch compiling details: PyTorch built with:
  - GCC 7.3
  - C++ Version: 201402
  - Intel(R) Math Kernel Library Version 2020.0.0 Product Build 20191122 for Intel(R) 64 architecture applications
  - Intel(R) MKL-DNN v2.2.3 (Git Hash 7336ca9f055cf1bfa13efb658fe15dc9b41f0740)
  - OpenMP 201511 (a.k.a. OpenMP 4.5)
  - LAPACK is enabled (usually provided by MKL)
  - NNPACK is enabled
  - CPU capability usage: AVX2
  - CUDA Runtime 11.1
  - NVCC architecture flags: -gencode;arch=compute_37,code=sm_37;-gencode;arch=compute_50,code=sm_50;-gencode;arch=compute_60,code=sm_60;-gencode;arch=compute_70,code=sm_70;-gencode;arch=compute_75,code=sm_75;-gencode;arch=compute_80,code=sm_80;-gencode;arch=compute_86,code=sm_86
  - CuDNN 8.0.5
  - Magma 2.5.2
  - Build settings: BLAS_INFO=mkl, BUILD_TYPE=Release, CUDA_VERSION=11.1, CUDNN_VERSION=8.0.5, CXX_COMPILER=/opt/rh/devtoolset-7/root/usr/bin/c++, CXX_FLAGS= -Wno-deprecated -fvisibility-inlines-hidden -DUSE_PTHREADPOOL -fopenmp -DNDEBUG -DUSE_KINETO -DUSE_FBGEMM -DUSE_QNNPACK -DUSE_PYTORCH_QNNPACK -DUSE_XNNPACK -DSYMBOLICATE_MOBILE_DEBUG_HANDLE -DEDGE_PROFILER_USE_KINETO -O2 -fPIC -Wno-narrowing -Wall -Wextra -Werror=return-type -Wno-missing-field-initializers -Wno-type-limits -Wno-array-bounds -Wno-unknown-pragmas -Wno-sign-compare -Wno-unused-parameter -Wno-unused-variable -Wno-unused-function -Wno-unused-result -Wno-unused-local-typedefs -Wno-strict-overflow -Wno-strict-aliasing -Wno-error=deprecated-declarations -Wno-stringop-overflow -Wno-psabi -Wno-error=pedantic -Wno-error=redundant-decls -Wno-error=old-style-cast -fdiagnostics-color=always -faligned-new -Wno-unused-but-set-variable -Wno-maybe-uninitialized -fno-math-errno -fno-trapping-math -Werror=format -Wno-stringop-overflow, LAPACK_INFO=mkl, PERF_WITH_AVX=1, PERF_WITH_AVX2=1, PERF_WITH_AVX512=1, TORCH_VERSION=1.10.1, USE_CUDA=ON, USE_CUDNN=ON, USE_EXCEPTION_PTR=1, USE_GFLAGS=OFF, USE_GLOG=OFF, USE_MKL=ON, USE_MKLDNN=ON, USE_MPI=OFF, USE_NCCL=ON, USE_NNPACK=ON, USE_OPENMP=ON, 

TorchVision: 0.11.2+cu111
OpenCV: 4.13.0
MMCV: 1.5.0
MMCV Compiler: GCC 7.3
MMCV CUDA Compiler: 11.1
MMDetection: 2.28.1+bbdbfed
------------------------------------------------------------

2026-05-09 11:49:36,778 - mmdet - INFO - Distributed training: False
2026-05-09 11:49:37,291 - mmdet - INFO - Config:
checkpoint_config = dict(interval=0, by_epoch=False)
log_config = dict(
    interval=25, hooks=[dict(type='TextLoggerHook', by_epoch=False)])
dist_params = dict(backend='nccl')
log_level = 'INFO'
load_from = None
resume_from = None
workflow = [('train', 1)]
opencv_num_threads = 0
mp_start_method = 'spawn'
auto_scale_lr = dict(enable=False, base_batch_size=16)
object_size = 256
task = 'semantic'
model = dict(
    type='SegRefinerSemantic',
    task='semantic',
    step=6,
    denoise_model=dict(
        type='DenoiseUNet',
        in_channels=4,
        out_channels=1,
        model_channels=128,
        num_res_blocks=2,
        num_heads=4,
        num_heads_upsample=-1,
        attention_strides=(16, 32),
        learn_time_embd=True,
        num_timesteps=6,
        channel_mult=(1, 1, 2, 2, 4, 4),
        dropout=0.0),
    diffusion_cfg=dict(
        betas=dict(type='linear', start=0.8, stop=0.0, num_timesteps=6),
        diff_iter=False,
        noise_components=dict(
            use_m_obj=True, use_m_unc=True, use_modify_bnd=False)),
    test_cfg=dict(
        model_size=1024,
        fine_prob_thr=0.8,
        batch_max=32,
        iou_thr=0.15,
        max_local_patches=16,
        nms_iou_thr=0.5))
img_norm_cfg = dict(
    mean=[123.675, 116.28, 103.53], std=[58.395, 57.12, 57.375], to_rgb=True)
train_pipeline = [
    dict(type='LoadImageFromFile'),
    dict(
        type='LoadAnnotations',
        with_bbox=False,
        with_label=False,
        with_mask=False,
        with_seg=True),
    dict(
        type='LoadOEMCoarseMasks',
        use_obj=False,
        use_unc=False,
        obj_unc_threshold=0.3,
        test_mode=False),
    dict(type='RandomCropAll', crop_size=256),
    dict(type='RandomFlip', flip_ratio=0.5),
    dict(
        type='Normalize',
        mean=[123.675, 116.28, 103.53],
        std=[58.395, 57.12, 57.375],
        to_rgb=True),
    dict(type='DefaultFormatBundle'),
    dict(type='Collect', keys=['img', 'gt_masks', 'coarse_masks', 'unc_map'])
]
val_data_root = '/home/ubuntu/vy/Denoiser/OEM_v2_Building'
val_pipeline = [
    dict(type='LoadImageFromFile'),
    dict(
        type='LoadAnnotations',
        with_bbox=False,
        with_label=False,
        with_mask=False,
        with_seg=True),
    dict(
        type='LoadOEMCoarseMasks',
        test_mode=True,
        pseudolabel_dir='/home/ubuntu/vy/Denoiser/OEM_v2_Building/pseudolabels'
    ),
    dict(type='Resize', img_scale=(1024, 1024), keep_ratio=False),
    dict(
        type='Normalize',
        mean=[123.675, 116.28, 103.53],
        std=[58.395, 57.12, 57.375],
        to_rgb=True),
    dict(type='DefaultFormatBundle'),
    dict(
        type='Collect',
        keys=['img', 'gt_masks', 'coarse_masks'],
        meta_keys=[
            'filename', 'ori_filename', 'ori_shape', 'img_shape', 'pad_shape',
            'scale_factor', 'flip', 'flip_direction', 'img_norm_cfg',
            'crop_bbox'
        ])
]
data_root = '/home/ubuntu/vy/Denoiser/OpenEarthMap_wo_xBD'
dataset_type = 'OEMBuildingDataset'
data = dict(
    train=dict(
        type='OEMBuildingDataset',
        data_root='/home/ubuntu/vy/Denoiser/OpenEarthMap_wo_xBD',
        split_file='/home/ubuntu/vy/Denoiser/OpenEarthMap_wo_xBD/train.txt',
        pipeline=[
            dict(type='LoadImageFromFile'),
            dict(
                type='LoadAnnotations',
                with_bbox=False,
                with_label=False,
                with_mask=False,
                with_seg=True),
            dict(
                type='LoadOEMCoarseMasks',
                use_obj=True,
                use_unc=True,
                obj_unc_threshold=0.3,
                test_mode=False),
            dict(type='RandomCropAll', crop_size=256),
            dict(type='RandomFlip', flip_ratio=0.5),
            dict(
                type='Normalize',
                mean=[123.675, 116.28, 103.53],
                std=[58.395, 57.12, 57.375],
                to_rgb=True),
            dict(type='DefaultFormatBundle'),
            dict(
                type='Collect',
                keys=['img', 'gt_masks', 'coarse_masks', 'unc_map'])
        ],
        test_mode=False),
    val=dict(
        type='OEMv2BuildingDataset',
        data_root='/home/ubuntu/vy/Denoiser/OEM_v2_Building',
        split_file='/home/ubuntu/vy/Denoiser/OEM_v2_Building/val_hard.txt',
        pipeline=[
            dict(type='LoadImageFromFile'),
            dict(
                type='LoadAnnotations',
                with_bbox=False,
                with_label=False,
                with_mask=False,
                with_seg=True),
            dict(
                type='LoadOEMCoarseMasks',
                test_mode=True,
                pseudolabel_dir=
                '/home/ubuntu/vy/Denoiser/OEM_v2_Building/pseudolabels'),
            dict(type='Resize', img_scale=(1024, 1024), keep_ratio=False),
            dict(
                type='Normalize',
                mean=[123.675, 116.28, 103.53],
                std=[58.395, 57.12, 57.375],
                to_rgb=True),
            dict(type='DefaultFormatBundle'),
            dict(
                type='Collect',
                keys=['img', 'gt_masks', 'coarse_masks'],
                meta_keys=[
                    'filename', 'ori_filename', 'ori_shape', 'img_shape',
                    'pad_shape', 'scale_factor', 'flip', 'flip_direction',
                    'img_norm_cfg', 'crop_bbox'
                ])
        ],
        test_mode=True),
    test=dict(
        type='OEMv2BuildingDataset',
        data_root='/home/ubuntu/vy/Denoiser/OEM_v2_Building',
        split_file='/home/ubuntu/vy/Denoiser/OEM_v2_Building/test.txt',
        pipeline=[
            dict(type='LoadImageFromFile'),
            dict(
                type='LoadAnnotations',
                with_bbox=False,
                with_label=False,
                with_mask=False,
                with_seg=True),
            dict(
                type='LoadOEMCoarseMasks',
                test_mode=True,
                pseudolabel_dir=
                '/home/ubuntu/vy/Denoiser/OEM_v2_Building/pseudolabels'),
            dict(type='Resize', img_scale=(1024, 1024), keep_ratio=False),
            dict(
                type='Normalize',
                mean=[123.675, 116.28, 103.53],
                std=[58.395, 57.12, 57.375],
                to_rgb=True),
            dict(type='DefaultFormatBundle'),
            dict(
                type='Collect',
                keys=['img', 'gt_masks', 'coarse_masks'],
                meta_keys=[
                    'filename', 'ori_filename', 'ori_shape', 'img_shape',
                    'pad_shape', 'scale_factor', 'flip', 'flip_direction',
                    'img_norm_cfg', 'crop_bbox'
                ])
        ],
        test_mode=True),
    train_dataloader=dict(samples_per_gpu=16, workers_per_gpu=4),
    val_dataloader=dict(samples_per_gpu=1, workers_per_gpu=4))
optimizer = dict(
    type='AdamW', lr=0.0001, weight_decay=0, eps=1e-08, betas=(0.9, 0.999))
optimizer_config = dict(grad_clip=None)
max_iters = 120000
runner = dict(type='IterBasedRunner', max_iters=120000)
lr_config = dict(
    policy='step',
    gamma=0.5,
    by_epoch=False,
    step=[85000, 110000],
    warmup='linear',
    warmup_by_epoch=False,
    warmup_ratio=0.001,
    warmup_iters=500)
oem_eval = dict(interval=500, num_images=10, save_best=True)
interval = 1
work_dir = 'work_dirs1/exp3_obj_unc'
auto_resume = False
gpu_ids = [0]

2026-05-09 11:49:37,292 - mmdet - INFO - Set random seed to 410633847, deterministic: False
Name of parameter - Initialization information

denoise_model.time_embed.weight - torch.Size([6, 512]): 
The value is the same before and after calling `init_weights` of SegRefinerSemantic  

denoise_model.input_blocks.0.0.weight - torch.Size([128, 4, 3, 3]): 
The value is the same before and after calling `init_weights` of SegRefinerSemantic  

denoise_model.input_blocks.0.0.bias - torch.Size([128]): 
The value is the same before and after calling `init_weights` of SegRefinerSemantic  

denoise_model.input_blocks.1.0.in_layers.0.weight - torch.Size([128]): 
The value is the same before and after calling `init_weights` of SegRefinerSemantic  

denoise_model.input_blocks.1.0.in_layers.0.bias - torch.Size([128]): 
The value is the same before and after calling `init_weights` of SegRefinerSemantic  

denoise_model.input_blocks.1.0.in_layers.2.weight - torch.Size([128, 128, 3, 3]): 
The value is the same before and after calling `init_weights` of SegRefinerSemantic  

denoise_model.input_blocks.1.0.in_layers.2.bias - torch.Size([128]): 
The value is the same before and after calling `init_weights` of SegRefinerSemantic  

denoise_model.input_blocks.1.0.emb_layers.1.weight - torch.Size([128, 512]): 
The value is the same before and after calling `init_weights` of SegRefinerSemantic  

denoise_model.input_blocks.1.0.emb_layers.1.bias - torch.Size([128]): 
The value is the same before and after calling `init_weights` of SegRefinerSemantic  

denoise_model.input_blocks.1.0.out_layers.0.weight - torch.Size([128]): 
The value is the same before and after calling `init_weights` of SegRefinerSemantic  

denoise_model.input_blocks.1.0.out_layers.0.bias - torch.Size([128]): 
The value is the same before and after calling `init_weights` of SegRefinerSemantic  

denoise_model.input_blocks.1.0.out_layers.3.weight - torch.Size([128, 128, 3, 3]): 
The value is the same before and after calling `init_weights` of SegRefinerSemantic  

denoise_model.input_blocks.1.0.out_layers.3.bias - torch.Size([128]): 
The value is the same before and after calling `init_weights` of SegRefinerSemantic  

denoise_model.input_blocks.2.0.in_layers.0.weight - torch.Size([128]): 
The value is the same before and after calling `init_weights` of SegRefinerSemantic  

denoise_model.input_blocks.2.0.in_layers.0.bias - torch.Size([128]): 
The value is the same before and after calling `init_weights` of SegRefinerSemantic  

denoise_model.input_blocks.2.0.in_layers.2.weight - torch.Size([128, 128, 3, 3]): 
The value is the same before and after calling `init_weights` of SegRefinerSemantic  

denoise_model.input_blocks.2.0.in_layers.2.bias - torch.Size([128]): 
The value is the same before and after calling `init_weights` of SegRefinerSemantic  

denoise_model.input_blocks.2.0.emb_layers.1.weight - torch.Size([128, 512]): 
The value is the same before and after calling `init_weights` of SegRefinerSemantic  

denoise_model.input_blocks.2.0.emb_layers.1.bias - torch.Size([128]): 
The value is the same before and after calling `init_weights` of SegRefinerSemantic  

denoise_model.input_blocks.2.0.out_layers.0.weight - torch.Size([128]): 
The value is the same before and after calling `init_weights` of SegRefinerSemantic  

denoise_model.input_blocks.2.0.out_layers.0.bias - torch.Size([128]): 
The value is the same before and after calling `init_weights` of SegRefinerSemantic  

denoise_model.input_blocks.2.0.out_layers.3.weight - torch.Size([128, 128, 3, 3]): 
The value is the same before and after calling `init_weights` of SegRefinerSemantic  

denoise_model.input_blocks.2.0.out_layers.3.bias - torch.Size([128]): 
The value is the same before and after calling `init_weights` of SegRefinerSemantic  

denoise_model.input_blocks.3.0.op.weight - torch.Size([128, 128, 3, 3]): 
The value is the same before and after calling `init_weights` of SegRefinerSemantic  

denoise_model.input_blocks.3.0.op.bias - torch.Size([128]): 
The value is the same before and after calling `init_weights` of SegRefinerSemantic  

denoise_model.input_blocks.4.0.in_layers.0.weight - torch.Size([128]): 
The value is the same before and after calling `init_weights` of SegRefinerSemantic  

denoise_model.input_blocks.4.0.in_layers.0.bias - torch.Size([128]): 
The value is the same before and after calling `init_weights` of SegRefinerSemantic  

denoise_model.input_blocks.4.0.in_layers.2.weight - torch.Size([128, 128, 3, 3]): 
The value is the same before and after calling `init_weights` of SegRefinerSemantic  

denoise_model.input_blocks.4.0.in_layers.2.bias - torch.Size([128]): 
The value is the same before and after calling `init_weights` of SegRefinerSemantic  

denoise_model.input_blocks.4.0.emb_layers.1.weight - torch.Size([128, 512]): 
The value is the same before and after calling `init_weights` of SegRefinerSemantic  

denoise_model.input_blocks.4.0.emb_layers.1.bias - torch.Size([128]): 
The value is the same before and after calling `init_weights` of SegRefinerSemantic  

denoise_model.input_blocks.4.0.out_layers.0.weight - torch.Size([128]): 
The value is the same before and after calling `init_weights` of SegRefinerSemantic  

denoise_model.input_blocks.4.0.out_layers.0.bias - torch.Size([128]): 
The value is the same before and after calling `init_weights` of SegRefinerSemantic  

denoise_model.input_blocks.4.0.out_layers.3.weight - torch.Size([128, 128, 3, 3]): 
The value is the same before and after calling `init_weights` of SegRefinerSemantic  

denoise_model.input_blocks.4.0.out_layers.3.bias - torch.Size([128]): 
The value is the same before and after calling `init_weights` of SegRefinerSemantic  

denoise_model.input_blocks.5.0.in_layers.0.weight - torch.Size([128]): 
The value is the same before and after calling `init_weights` of SegRefinerSemantic  

denoise_model.input_blocks.5.0.in_layers.0.bias - torch.Size([128]): 
The value is the same before and after calling `init_weights` of SegRefinerSemantic  

denoise_model.input_blocks.5.0.in_layers.2.weight - torch.Size([128, 128, 3, 3]): 
The value is the same before and after calling `init_weights` of SegRefinerSemantic  

denoise_model.input_blocks.5.0.in_layers.2.bias - torch.Size([128]): 
The value is the same before and after calling `init_weights` of SegRefinerSemantic  

denoise_model.input_blocks.5.0.emb_layers.1.weight - torch.Size([128, 512]): 
The value is the same before and after calling `init_weights` of SegRefinerSemantic  

denoise_model.input_blocks.5.0.emb_layers.1.bias - torch.Size([128]): 
The value is the same before and after calling `init_weights` of SegRefinerSemantic  

denoise_model.input_blocks.5.0.out_layers.0.weight - torch.Size([128]): 
The value is the same before and after calling `init_weights` of SegRefinerSemantic  

denoise_model.input_blocks.5.0.out_layers.0.bias - torch.Size([128]): 
The value is the same before and after calling `init_weights` of SegRefinerSemantic  

denoise_model.input_blocks.5.0.out_layers.3.weight - torch.Size([128, 128, 3, 3]): 
The value is the same before and after calling `init_weights` of SegRefinerSemantic  

denoise_model.input_blocks.5.0.out_layers.3.bias - torch.Size([128]): 
The value is the same before and after calling `init_weights` of SegRefinerSemantic  

denoise_model.input_blocks.6.0.op.weight - torch.Size([128, 128, 3, 3]): 
The value is the same before and after calling `init_weights` of SegRefinerSemantic  

denoise_model.input_blocks.6.0.op.bias - torch.Size([128]): 
The value is the same before and after calling `init_weights` of SegRefinerSemantic  

denoise_model.input_blocks.7.0.in_layers.0.weight - torch.Size([128]): 
The value is the same before and after calling `init_weights` of SegRefinerSemantic  

denoise_model.input_blocks.7.0.in_layers.0.bias - torch.Size([128]): 
The value is the same before and after calling `init_weights` of SegRefinerSemantic  

denoise_model.input_blocks.7.0.in_layers.2.weight - torch.Size([256, 128, 3, 3]): 
The value is the same before and after calling `init_weights` of SegRefinerSemantic  

denoise_model.input_blocks.7.0.in_layers.2.bias - torch.Size([256]): 
The value is the same before and after calling `init_weights` of SegRefinerSemantic  

denoise_model.input_blocks.7.0.emb_layers.1.weight - torch.Size([256, 512]): 
The value is the same before and after calling `init_weights` of SegRefinerSemantic  

denoise_model.input_blocks.7.0.emb_layers.1.bias - torch.Size([256]): 
The value is the same before and after calling `init_weights` of SegRefinerSemantic  

denoise_model.input_blocks.7.0.out_layers.0.weight - torch.Size([256]): 
The value is the same before and after calling `init_weights` of SegRefinerSemantic  

denoise_model.input_blocks.7.0.out_layers.0.bias - torch.Size([256]): 
The value is the same before and after calling `init_weights` of SegRefinerSemantic  

denoise_model.input_blocks.7.0.out_layers.3.weight - torch.Size([256, 256, 3, 3]): 
The value is the same before and after calling `init_weights` of SegRefinerSemantic  

denoise_model.input_blocks.7.0.out_layers.3.bias - torch.Size([256]): 
The value is the same before and after calling `init_weights` of SegRefinerSemantic  

denoise_model.input_blocks.7.0.skip_connection.weight - torch.Size([256, 128, 1, 1]): 
The value is the same before and after calling `init_weights` of SegRefinerSemantic  

denoise_model.input_blocks.7.0.skip_connection.bias - torch.Size([256]): 
The value is the same before and after calling `init_weights` of SegRefinerSemantic  

denoise_model.input_blocks.8.0.in_layers.0.weight - torch.Size([256]): 
The value is the same before and after calling `init_weights` of SegRefinerSemantic  

denoise_model.input_blocks.8.0.in_layers.0.bias - torch.Size([256]): 
The value is the same before and after calling `init_weights` of SegRefinerSemantic  

denoise_model.input_blocks.8.0.in_layers.2.weight - torch.Size([256, 256, 3, 3]): 
The value is the same before and after calling `init_weights` of SegRefinerSemantic  

denoise_model.input_blocks.8.0.in_layers.2.bias - torch.Size([256]): 
The value is the same before and after calling `init_weights` of SegRefinerSemantic  

denoise_model.input_blocks.8.0.emb_layers.1.weight - torch.Size([256, 512]): 
The value is the same before and after calling `init_weights` of SegRefinerSemantic  

denoise_model.input_blocks.8.0.emb_layers.1.bias - torch.Size([256]): 
The value is the same before and after calling `init_weights` of SegRefinerSemantic  

denoise_model.input_blocks.8.0.out_layers.0.weight - torch.Size([256]): 
The value is the same before and after calling `init_weights` of SegRefinerSemantic  

denoise_model.input_blocks.8.0.out_layers.0.bias - torch.Size([256]): 
The value is the same before and after calling `init_weights` of SegRefinerSemantic  

denoise_model.input_blocks.8.0.out_layers.3.weight - torch.Size([256, 256, 3, 3]): 
The value is the same before and after calling `init_weights` of SegRefinerSemantic  

denoise_model.input_blocks.8.0.out_layers.3.bias - torch.Size([256]): 
The value is the same before and after calling `init_weights` of SegRefinerSemantic  

denoise_model.input_blocks.9.0.op.weight - torch.Size([256, 256, 3, 3]): 
The value is the same before and after calling `init_weights` of SegRefinerSemantic  

denoise_model.input_blocks.9.0.op.bias - torch.Size([256]): 
The value is the same before and after calling `init_weights` of SegRefinerSemantic  

denoise_model.input_blocks.10.0.in_layers.0.weight - torch.Size([256]): 
The value is the same before and after calling `init_weights` of SegRefinerSemantic  

denoise_model.input_blocks.10.0.in_layers.0.bias - torch.Size([256]): 
The value is the same before and after calling `init_weights` of SegRefinerSemantic  

denoise_model.input_blocks.10.0.in_layers.2.weight - torch.Size([256, 256, 3, 3]): 
The value is the same before and after calling `init_weights` of SegRefinerSemantic  

denoise_model.input_blocks.10.0.in_layers.2.bias - torch.Size([256]): 
The value is the same before and after calling `init_weights` of SegRefinerSemantic  

denoise_model.input_blocks.10.0.emb_layers.1.weight - torch.Size([256, 512]): 
The value is the same before and after calling `init_weights` of SegRefinerSemantic  

denoise_model.input_blocks.10.0.emb_layers.1.bias - torch.Size([256]): 
The value is the same before and after calling `init_weights` of SegRefinerSemantic  

denoise_model.input_blocks.10.0.out_layers.0.weight - torch.Size([256]): 
The value is the same before and after calling `init_weights` of SegRefinerSemantic  

denoise_model.input_blocks.10.0.out_layers.0.bias - torch.Size([256]): 
The value is the same before and after calling `init_weights` of SegRefinerSemantic  

denoise_model.input_blocks.10.0.out_layers.3.weight - torch.Size([256, 256, 3, 3]): 
The value is the same before and after calling `init_weights` of SegRefinerSemantic  

denoise_model.input_blocks.10.0.out_layers.3.bias - torch.Size([256]): 
The value is the same before and after calling `init_weights` of SegRefinerSemantic  

denoise_model.input_blocks.11.0.in_layers.0.weight - torch.Size([256]): 
The value is the same before and after calling `init_weights` of SegRefinerSemantic  

denoise_model.input_blocks.11.0.in_layers.0.bias - torch.Size([256]): 
The value is the same before and after calling `init_weights` of SegRefinerSemantic  

denoise_model.input_blocks.11.0.in_layers.2.weight - torch.Size([256, 256, 3, 3]): 
The value is the same before and after calling `init_weights` of SegRefinerSemantic  

denoise_model.input_blocks.11.0.in_layers.2.bias - torch.Size([256]): 
The value is the same before and after calling `init_weights` of SegRefinerSemantic  

denoise_model.input_blocks.11.0.emb_layers.1.weight - torch.Size([256, 512]): 
The value is the same before and after calling `init_weights` of SegRefinerSemantic  

denoise_model.input_blocks.11.0.emb_layers.1.bias - torch.Size([256]): 
The value is the same before and after calling `init_weights` of SegRefinerSemantic  

denoise_model.input_blocks.11.0.out_layers.0.weight - torch.Size([256]): 
The value is the same before and after calling `init_weights` of SegRefinerSemantic  

denoise_model.input_blocks.11.0.out_layers.0.bias - torch.Size([256]): 
The value is the same before and after calling `init_weights` of SegRefinerSemantic  

denoise_model.input_blocks.11.0.out_layers.3.weight - torch.Size([256, 256, 3, 3]): 
The value is the same before and after calling `init_weights` of SegRefinerSemantic  

denoise_model.input_blocks.11.0.out_layers.3.bias - torch.Size([256]): 
The value is the same before and after calling `init_weights` of SegRefinerSemantic  

denoise_model.input_blocks.12.0.op.weight - torch.Size([256, 256, 3, 3]): 
The value is the same before and after calling `init_weights` of SegRefinerSemantic  

denoise_model.input_blocks.12.0.op.bias - torch.Size([256]): 
The value is the same before and after calling `init_weights` of SegRefinerSemantic  

denoise_model.input_blocks.13.0.in_layers.0.weight - torch.Size([256]): 
The value is the same before and after calling `init_weights` of SegRefinerSemantic  

denoise_model.input_blocks.13.0.in_layers.0.bias - torch.Size([256]): 
The value is the same before and after calling `init_weights` of SegRefinerSemantic  

denoise_model.input_blocks.13.0.in_layers.2.weight - torch.Size([512, 256, 3, 3]): 
The value is the same before and after calling `init_weights` of SegRefinerSemantic  

denoise_model.input_blocks.13.0.in_layers.2.bias - torch.Size([512]): 
The value is the same before and after calling `init_weights` of SegRefinerSemantic  

denoise_model.input_blocks.13.0.emb_layers.1.weight - torch.Size([512, 512]): 
The value is the same before and after calling `init_weights` of SegRefinerSemantic  

denoise_model.input_blocks.13.0.emb_layers.1.bias - torch.Size([512]): 
The value is the same before and after calling `init_weights` of SegRefinerSemantic  

denoise_model.input_blocks.13.0.out_layers.0.weight - torch.Size([512]): 
The value is the same before and after calling `init_weights` of SegRefinerSemantic  

denoise_model.input_blocks.13.0.out_layers.0.bias - torch.Size([512]): 
The value is the same before and after calling `init_weights` of SegRefinerSemantic  

denoise_model.input_blocks.13.0.out_layers.3.weight - torch.Size([512, 512, 3, 3]): 
The value is the same before and after calling `init_weights` of SegRefinerSemantic  

denoise_model.input_blocks.13.0.out_layers.3.bias - torch.Size([512]): 
The value is the same before and after calling `init_weights` of SegRefinerSemantic  

denoise_model.input_blocks.13.0.skip_connection.weight - torch.Size([512, 256, 1, 1]): 
The value is the same before and after calling `init_weights` of SegRefinerSemantic  

denoise_model.input_blocks.13.0.skip_connection.bias - torch.Size([512]): 
The value is the same before and after calling `init_weights` of SegRefinerSemantic  

denoise_model.input_blocks.13.1.norm.weight - torch.Size([512]): 
The value is the same before and after calling `init_weights` of SegRefinerSemantic  

denoise_model.input_blocks.13.1.norm.bias - torch.Size([512]): 
The value is the same before and after calling `init_weights` of SegRefinerSemantic  

denoise_model.input_blocks.13.1.qkv.weight - torch.Size([1536, 512, 1]): 
The value is the same before and after calling `init_weights` of SegRefinerSemantic  

denoise_model.input_blocks.13.1.qkv.bias - torch.Size([1536]): 
The value is the same before and after calling `init_weights` of SegRefinerSemantic  

denoise_model.input_blocks.13.1.proj_out.weight - torch.Size([512, 512, 1]): 
The value is the same before and after calling `init_weights` of SegRefinerSemantic  

denoise_model.input_blocks.13.1.proj_out.bias - torch.Size([512]): 
The value is the same before and after calling `init_weights` of SegRefinerSemantic  

denoise_model.input_blocks.14.0.in_layers.0.weight - torch.Size([512]): 
The value is the same before and after calling `init_weights` of SegRefinerSemantic  

denoise_model.input_blocks.14.0.in_layers.0.bias - torch.Size([512]): 
The value is the same before and after calling `init_weights` of SegRefinerSemantic  

denoise_model.input_blocks.14.0.in_layers.2.weight - torch.Size([512, 512, 3, 3]): 
The value is the same before and after calling `init_weights` of SegRefinerSemantic  

denoise_model.input_blocks.14.0.in_layers.2.bias - torch.Size([512]): 
The value is the same before and after calling `init_weights` of SegRefinerSemantic  

denoise_model.input_blocks.14.0.emb_layers.1.weight - torch.Size([512, 512]): 
The value is the same before and after calling `init_weights` of SegRefinerSemantic  

denoise_model.input_blocks.14.0.emb_layers.1.bias - torch.Size([512]): 
The value is the same before and after calling `init_weights` of SegRefinerSemantic  

denoise_model.input_blocks.14.0.out_layers.0.weight - torch.Size([512]): 
The value is the same before and after calling `init_weights` of SegRefinerSemantic  

denoise_model.input_blocks.14.0.out_layers.0.bias - torch.Size([512]): 
The value is the same before and after calling `init_weights` of SegRefinerSemantic  

denoise_model.input_blocks.14.0.out_layers.3.weight - torch.Size([512, 512, 3, 3]): 
The value is the same before and after calling `init_weights` of SegRefinerSemantic  

denoise_model.input_blocks.14.0.out_layers.3.bias - torch.Size([512]): 
The value is the same before and after calling `init_weights` of SegRefinerSemantic  

denoise_model.input_blocks.14.1.norm.weight - torch.Size([512]): 
The value is the same before and after calling `init_weights` of SegRefinerSemantic  

denoise_model.input_blocks.14.1.norm.bias - torch.Size([512]): 
The value is the same before and after calling `init_weights` of SegRefinerSemantic  

denoise_model.input_blocks.14.1.qkv.weight - torch.Size([1536, 512, 1]): 
The value is the same before and after calling `init_weights` of SegRefinerSemantic  

denoise_model.input_blocks.14.1.qkv.bias - torch.Size([1536]): 
The value is the same before and after calling `init_weights` of SegRefinerSemantic  

denoise_model.input_blocks.14.1.proj_out.weight - torch.Size([512, 512, 1]): 
The value is the same before and after calling `init_weights` of SegRefinerSemantic  

denoise_model.input_blocks.14.1.proj_out.bias - torch.Size([512]): 
The value is the same before and after calling `init_weights` of SegRefinerSemantic  

denoise_model.input_blocks.15.0.op.weight - torch.Size([512, 512, 3, 3]): 
The value is the same before and after calling `init_weights` of SegRefinerSemantic  

denoise_model.input_blocks.15.0.op.bias - torch.Size([512]): 
The value is the same before and after calling `init_weights` of SegRefinerSemantic  

denoise_model.input_blocks.16.0.in_layers.0.weight - torch.Size([512]): 
The value is the same before and after calling `init_weights` of SegRefinerSemantic  

denoise_model.input_blocks.16.0.in_layers.0.bias - torch.Size([512]): 
The value is the same before and after calling `init_weights` of SegRefinerSemantic  

denoise_model.input_blocks.16.0.in_layers.2.weight - torch.Size([512, 512, 3, 3]): 
The value is the same before and after calling `init_weights` of SegRefinerSemantic  

denoise_model.input_blocks.16.0.in_layers.2.bias - torch.Size([512]): 
The value is the same before and after calling `init_weights` of SegRefinerSemantic  

denoise_model.input_blocks.16.0.emb_layers.1.weight - torch.Size([512, 512]): 
The value is the same before and after calling `init_weights` of SegRefinerSemantic  

denoise_model.input_blocks.16.0.emb_layers.1.bias - torch.Size([512]): 
The value is the same before and after calling `init_weights` of SegRefinerSemantic  

denoise_model.input_blocks.16.0.out_layers.0.weight - torch.Size([512]): 
The value is the same before and after calling `init_weights` of SegRefinerSemantic  

denoise_model.input_blocks.16.0.out_layers.0.bias - torch.Size([512]): 
The value is the same before and after calling `init_weights` of SegRefinerSemantic  

denoise_model.input_blocks.16.0.out_layers.3.weight - torch.Size([512, 512, 3, 3]): 
The value is the same before and after calling `init_weights` of SegRefinerSemantic  

denoise_model.input_blocks.16.0.out_layers.3.bias - torch.Size([512]): 
The value is the same before and after calling `init_weights` of SegRefinerSemantic  

denoise_model.input_blocks.16.1.norm.weight - torch.Size([512]): 
The value is the same before and after calling `init_weights` of SegRefinerSemantic  

denoise_model.input_blocks.16.1.norm.bias - torch.Size([512]): 
The value is the same before and after calling `init_weights` of SegRefinerSemantic  

denoise_model.input_blocks.16.1.qkv.weight - torch.Size([1536, 512, 1]): 
The value is the same before and after calling `init_weights` of SegRefinerSemantic  

denoise_model.input_blocks.16.1.qkv.bias - torch.Size([1536]): 
The value is the same before and after calling `init_weights` of SegRefinerSemantic  

denoise_model.input_blocks.16.1.proj_out.weight - torch.Size([512, 512, 1]): 
The value is the same before and after calling `init_weights` of SegRefinerSemantic  

denoise_model.input_blocks.16.1.proj_out.bias - torch.Size([512]): 
The value is the same before and after calling `init_weights` of SegRefinerSemantic  

denoise_model.input_blocks.17.0.in_layers.0.weight - torch.Size([512]): 
The value is the same before and after calling `init_weights` of SegRefinerSemantic  

denoise_model.input_blocks.17.0.in_layers.0.bias - torch.Size([512]): 
The value is the same before and after calling `init_weights` of SegRefinerSemantic  

denoise_model.input_blocks.17.0.in_layers.2.weight - torch.Size([512, 512, 3, 3]): 
The value is the same before and after calling `init_weights` of SegRefinerSemantic  

denoise_model.input_blocks.17.0.in_layers.2.bias - torch.Size([512]): 
The value is the same before and after calling `init_weights` of SegRefinerSemantic  

denoise_model.input_blocks.17.0.emb_layers.1.weight - torch.Size([512, 512]): 
The value is the same before and after calling `init_weights` of SegRefinerSemantic  

denoise_model.input_blocks.17.0.emb_layers.1.bias - torch.Size([512]): 
The value is the same before and after calling `init_weights` of SegRefinerSemantic  

denoise_model.input_blocks.17.0.out_layers.0.weight - torch.Size([512]): 
The value is the same before and after calling `init_weights` of SegRefinerSemantic  

denoise_model.input_blocks.17.0.out_layers.0.bias - torch.Size([512]): 
The value is the same before and after calling `init_weights` of SegRefinerSemantic  

denoise_model.input_blocks.17.0.out_layers.3.weight - torch.Size([512, 512, 3, 3]): 
The value is the same before and after calling `init_weights` of SegRefinerSemantic  

denoise_model.input_blocks.17.0.out_layers.3.bias - torch.Size([512]): 
The value is the same before and after calling `init_weights` of SegRefinerSemantic  

denoise_model.input_blocks.17.1.norm.weight - torch.Size([512]): 
The value is the same before and after calling `init_weights` of SegRefinerSemantic  

denoise_model.input_blocks.17.1.norm.bias - torch.Size([512]): 
The value is the same before and after calling `init_weights` of SegRefinerSemantic  

denoise_model.input_blocks.17.1.qkv.weight - torch.Size([1536, 512, 1]): 
The value is the same before and after calling `init_weights` of SegRefinerSemantic  

denoise_model.input_blocks.17.1.qkv.bias - torch.Size([1536]): 
The value is the same before and after calling `init_weights` of SegRefinerSemantic  

denoise_model.input_blocks.17.1.proj_out.weight - torch.Size([512, 512, 1]): 
The value is the same before and after calling `init_weights` of SegRefinerSemantic  

denoise_model.input_blocks.17.1.proj_out.bias - torch.Size([512]): 
The value is the same before and after calling `init_weights` of SegRefinerSemantic  

denoise_model.middle_block.0.in_layers.0.weight - torch.Size([512]): 
The value is the same before and after calling `init_weights` of SegRefinerSemantic  

denoise_model.middle_block.0.in_layers.0.bias - torch.Size([512]): 
The value is the same before and after calling `init_weights` of SegRefinerSemantic  

denoise_model.middle_block.0.in_layers.2.weight - torch.Size([512, 512, 3, 3]): 
The value is the same before and after calling `init_weights` of SegRefinerSemantic  

denoise_model.middle_block.0.in_layers.2.bias - torch.Size([512]): 
The value is the same before and after calling `init_weights` of SegRefinerSemantic  

denoise_model.middle_block.0.emb_layers.1.weight - torch.Size([512, 512]): 
The value is the same before and after calling `init_weights` of SegRefinerSemantic  

denoise_model.middle_block.0.emb_layers.1.bias - torch.Size([512]): 
The value is the same before and after calling `init_weights` of SegRefinerSemantic  

denoise_model.middle_block.0.out_layers.0.weight - torch.Size([512]): 
The value is the same before and after calling `init_weights` of SegRefinerSemantic  

denoise_model.middle_block.0.out_layers.0.bias - torch.Size([512]): 
The value is the same before and after calling `init_weights` of SegRefinerSemantic  

denoise_model.middle_block.0.out_layers.3.weight - torch.Size([512, 512, 3, 3]): 
The value is the same before and after calling `init_weights` of SegRefinerSemantic  

denoise_model.middle_block.0.out_layers.3.bias - torch.Size([512]): 
The value is the same before and after calling `init_weights` of SegRefinerSemantic  

denoise_model.middle_block.1.norm.weight - torch.Size([512]): 
The value is the same before and after calling `init_weights` of SegRefinerSemantic  

denoise_model.middle_block.1.norm.bias - torch.Size([512]): 
The value is the same before and after calling `init_weights` of SegRefinerSemantic  

denoise_model.middle_block.1.qkv.weight - torch.Size([1536, 512, 1]): 
The value is the same before and after calling `init_weights` of SegRefinerSemantic  

denoise_model.middle_block.1.qkv.bias - torch.Size([1536]): 
The value is the same before and after calling `init_weights` of SegRefinerSemantic  

denoise_model.middle_block.1.proj_out.weight - torch.Size([512, 512, 1]): 
The value is the same before and after calling `init_weights` of SegRefinerSemantic  

denoise_model.middle_block.1.proj_out.bias - torch.Size([512]): 
The value is the same before and after calling `init_weights` of SegRefinerSemantic  

denoise_model.middle_block.2.in_layers.0.weight - torch.Size([512]): 
The value is the same before and after calling `init_weights` of SegRefinerSemantic  

denoise_model.middle_block.2.in_layers.0.bias - torch.Size([512]): 
The value is the same before and after calling `init_weights` of SegRefinerSemantic  

denoise_model.middle_block.2.in_layers.2.weight - torch.Size([512, 512, 3, 3]): 
The value is the same before and after calling `init_weights` of SegRefinerSemantic  

denoise_model.middle_block.2.in_layers.2.bias - torch.Size([512]): 
The value is the same before and after calling `init_weights` of SegRefinerSemantic  

denoise_model.middle_block.2.emb_layers.1.weight - torch.Size([512, 512]): 
The value is the same before and after calling `init_weights` of SegRefinerSemantic  

denoise_model.middle_block.2.emb_layers.1.bias - torch.Size([512]): 
The value is the same before and after calling `init_weights` of SegRefinerSemantic  

denoise_model.middle_block.2.out_layers.0.weight - torch.Size([512]): 
The value is the same before and after calling `init_weights` of SegRefinerSemantic  

denoise_model.middle_block.2.out_layers.0.bias - torch.Size([512]): 
The value is the same before and after calling `init_weights` of SegRefinerSemantic  

denoise_model.middle_block.2.out_layers.3.weight - torch.Size([512, 512, 3, 3]): 
The value is the same before and after calling `init_weights` of SegRefinerSemantic  

denoise_model.middle_block.2.out_layers.3.bias - torch.Size([512]): 
The value is the same before and after calling `init_weights` of SegRefinerSemantic  

denoise_model.output_blocks.0.0.in_layers.0.weight - torch.Size([1024]): 
The value is the same before and after calling `init_weights` of SegRefinerSemantic  

denoise_model.output_blocks.0.0.in_layers.0.bias - torch.Size([1024]): 
The value is the same before and after calling `init_weights` of SegRefinerSemantic  

denoise_model.output_blocks.0.0.in_layers.2.weight - torch.Size([512, 1024, 3, 3]): 
The value is the same before and after calling `init_weights` of SegRefinerSemantic  

denoise_model.output_blocks.0.0.in_layers.2.bias - torch.Size([512]): 
The value is the same before and after calling `init_weights` of SegRefinerSemantic  

denoise_model.output_blocks.0.0.emb_layers.1.weight - torch.Size([512, 512]): 
The value is the same before and after calling `init_weights` of SegRefinerSemantic  

denoise_model.output_blocks.0.0.emb_layers.1.bias - torch.Size([512]): 
The value is the same before and after calling `init_weights` of SegRefinerSemantic  

denoise_model.output_blocks.0.0.out_layers.0.weight - torch.Size([512]): 
The value is the same before and after calling `init_weights` of SegRefinerSemantic  

denoise_model.output_blocks.0.0.out_layers.0.bias - torch.Size([512]): 
The value is the same before and after calling `init_weights` of SegRefinerSemantic  

denoise_model.output_blocks.0.0.out_layers.3.weight - torch.Size([512, 512, 3, 3]): 
The value is the same before and after calling `init_weights` of SegRefinerSemantic  

denoise_model.output_blocks.0.0.out_layers.3.bias - torch.Size([512]): 
The value is the same before and after calling `init_weights` of SegRefinerSemantic  

denoise_model.output_blocks.0.0.skip_connection.weight - torch.Size([512, 1024, 1, 1]): 
The value is the same before and after calling `init_weights` of SegRefinerSemantic  

denoise_model.output_blocks.0.0.skip_connection.bias - torch.Size([512]): 
The value is the same before and after calling `init_weights` of SegRefinerSemantic  

denoise_model.output_blocks.0.1.norm.weight - torch.Size([512]): 
The value is the same before and after calling `init_weights` of SegRefinerSemantic  

denoise_model.output_blocks.0.1.norm.bias - torch.Size([512]): 
The value is the same before and after calling `init_weights` of SegRefinerSemantic  

denoise_model.output_blocks.0.1.qkv.weight - torch.Size([1536, 512, 1]): 
The value is the same before and after calling `init_weights` of SegRefinerSemantic  

denoise_model.output_blocks.0.1.qkv.bias - torch.Size([1536]): 
The value is the same before and after calling `init_weights` of SegRefinerSemantic  

denoise_model.output_blocks.0.1.proj_out.weight - torch.Size([512, 512, 1]): 
The value is the same before and after calling `init_weights` of SegRefinerSemantic  

denoise_model.output_blocks.0.1.proj_out.bias - torch.Size([512]): 
The value is the same before and after calling `init_weights` of SegRefinerSemantic  

denoise_model.output_blocks.1.0.in_layers.0.weight - torch.Size([1024]): 
The value is the same before and after calling `init_weights` of SegRefinerSemantic  

denoise_model.output_blocks.1.0.in_layers.0.bias - torch.Size([1024]): 
The value is the same before and after calling `init_weights` of SegRefinerSemantic  

denoise_model.output_blocks.1.0.in_layers.2.weight - torch.Size([512, 1024, 3, 3]): 
The value is the same before and after calling `init_weights` of SegRefinerSemantic  

denoise_model.output_blocks.1.0.in_layers.2.bias - torch.Size([512]): 
The value is the same before and after calling `init_weights` of SegRefinerSemantic  

denoise_model.output_blocks.1.0.emb_layers.1.weight - torch.Size([512, 512]): 
The value is the same before and after calling `init_weights` of SegRefinerSemantic  

denoise_model.output_blocks.1.0.emb_layers.1.bias - torch.Size([512]): 
The value is the same before and after calling `init_weights` of SegRefinerSemantic  

denoise_model.output_blocks.1.0.out_layers.0.weight - torch.Size([512]): 
The value is the same before and after calling `init_weights` of SegRefinerSemantic  

denoise_model.output_blocks.1.0.out_layers.0.bias - torch.Size([512]): 
The value is the same before and after calling `init_weights` of SegRefinerSemantic  

denoise_model.output_blocks.1.0.out_layers.3.weight - torch.Size([512, 512, 3, 3]): 
The value is the same before and after calling `init_weights` of SegRefinerSemantic  

denoise_model.output_blocks.1.0.out_layers.3.bias - torch.Size([512]): 
The value is the same before and after calling `init_weights` of SegRefinerSemantic  

denoise_model.output_blocks.1.0.skip_connection.weight - torch.Size([512, 1024, 1, 1]): 
The value is the same before and after calling `init_weights` of SegRefinerSemantic  

denoise_model.output_blocks.1.0.skip_connection.bias - torch.Size([512]): 
The value is the same before and after calling `init_weights` of SegRefinerSemantic  

denoise_model.output_blocks.1.1.norm.weight - torch.Size([512]): 
The value is the same before and after calling `init_weights` of SegRefinerSemantic  

denoise_model.output_blocks.1.1.norm.bias - torch.Size([512]): 
The value is the same before and after calling `init_weights` of SegRefinerSemantic  

denoise_model.output_blocks.1.1.qkv.weight - torch.Size([1536, 512, 1]): 
The value is the same before and after calling `init_weights` of SegRefinerSemantic  

denoise_model.output_blocks.1.1.qkv.bias - torch.Size([1536]): 
The value is the same before and after calling `init_weights` of SegRefinerSemantic  

denoise_model.output_blocks.1.1.proj_out.weight - torch.Size([512, 512, 1]): 
The value is the same before and after calling `init_weights` of SegRefinerSemantic  

denoise_model.output_blocks.1.1.proj_out.bias - torch.Size([512]): 
The value is the same before and after calling `init_weights` of SegRefinerSemantic  

denoise_model.output_blocks.2.0.in_layers.0.weight - torch.Size([1024]): 
The value is the same before and after calling `init_weights` of SegRefinerSemantic  

denoise_model.output_blocks.2.0.in_layers.0.bias - torch.Size([1024]): 
The value is the same before and after calling `init_weights` of SegRefinerSemantic  

denoise_model.output_blocks.2.0.in_layers.2.weight - torch.Size([512, 1024, 3, 3]): 
The value is the same before and after calling `init_weights` of SegRefinerSemantic  

denoise_model.output_blocks.2.0.in_layers.2.bias - torch.Size([512]): 
The value is the same before and after calling `init_weights` of SegRefinerSemantic  

denoise_model.output_blocks.2.0.emb_layers.1.weight - torch.Size([512, 512]): 
The value is the same before and after calling `init_weights` of SegRefinerSemantic  

denoise_model.output_blocks.2.0.emb_layers.1.bias - torch.Size([512]): 
The value is the same before and after calling `init_weights` of SegRefinerSemantic  

denoise_model.output_blocks.2.0.out_layers.0.weight - torch.Size([512]): 
The value is the same before and after calling `init_weights` of SegRefinerSemantic  

denoise_model.output_blocks.2.0.out_layers.0.bias - torch.Size([512]): 
The value is the same before and after calling `init_weights` of SegRefinerSemantic  

denoise_model.output_blocks.2.0.out_layers.3.weight - torch.Size([512, 512, 3, 3]): 
The value is the same before and after calling `init_weights` of SegRefinerSemantic  

denoise_model.output_blocks.2.0.out_layers.3.bias - torch.Size([512]): 
The value is the same before and after calling `init_weights` of SegRefinerSemantic  

denoise_model.output_blocks.2.0.skip_connection.weight - torch.Size([512, 1024, 1, 1]): 
The value is the same before and after calling `init_weights` of SegRefinerSemantic  

denoise_model.output_blocks.2.0.skip_connection.bias - torch.Size([512]): 
The value is the same before and after calling `init_weights` of SegRefinerSemantic  

denoise_model.output_blocks.2.1.norm.weight - torch.Size([512]): 
The value is the same before and after calling `init_weights` of SegRefinerSemantic  

denoise_model.output_blocks.2.1.norm.bias - torch.Size([512]): 
The value is the same before and after calling `init_weights` of SegRefinerSemantic  

denoise_model.output_blocks.2.1.qkv.weight - torch.Size([1536, 512, 1]): 
The value is the same before and after calling `init_weights` of SegRefinerSemantic  

denoise_model.output_blocks.2.1.qkv.bias - torch.Size([1536]): 
The value is the same before and after calling `init_weights` of SegRefinerSemantic  

denoise_model.output_blocks.2.1.proj_out.weight - torch.Size([512, 512, 1]): 
The value is the same before and after calling `init_weights` of SegRefinerSemantic  

denoise_model.output_blocks.2.1.proj_out.bias - torch.Size([512]): 
The value is the same before and after calling `init_weights` of SegRefinerSemantic  

denoise_model.output_blocks.2.2.conv.weight - torch.Size([512, 512, 3, 3]): 
The value is the same before and after calling `init_weights` of SegRefinerSemantic  

denoise_model.output_blocks.2.2.conv.bias - torch.Size([512]): 
The value is the same before and after calling `init_weights` of SegRefinerSemantic  

denoise_model.output_blocks.3.0.in_layers.0.weight - torch.Size([1024]): 
The value is the same before and after calling `init_weights` of SegRefinerSemantic  

denoise_model.output_blocks.3.0.in_layers.0.bias - torch.Size([1024]): 
The value is the same before and after calling `init_weights` of SegRefinerSemantic  

denoise_model.output_blocks.3.0.in_layers.2.weight - torch.Size([512, 1024, 3, 3]): 
The value is the same before and after calling `init_weights` of SegRefinerSemantic  

denoise_model.output_blocks.3.0.in_layers.2.bias - torch.Size([512]): 
The value is the same before and after calling `init_weights` of SegRefinerSemantic  

denoise_model.output_blocks.3.0.emb_layers.1.weight - torch.Size([512, 512]): 
The value is the same before and after calling `init_weights` of SegRefinerSemantic  

denoise_model.output_blocks.3.0.emb_layers.1.bias - torch.Size([512]): 
The value is the same before and after calling `init_weights` of SegRefinerSemantic  

denoise_model.output_blocks.3.0.out_layers.0.weight - torch.Size([512]): 
The value is the same before and after calling `init_weights` of SegRefinerSemantic  

denoise_model.output_blocks.3.0.out_layers.0.bias - torch.Size([512]): 
The value is the same before and after calling `init_weights` of SegRefinerSemantic  

denoise_model.output_blocks.3.0.out_layers.3.weight - torch.Size([512, 512, 3, 3]): 
The value is the same before and after calling `init_weights` of SegRefinerSemantic  

denoise_model.output_blocks.3.0.out_layers.3.bias - torch.Size([512]): 
The value is the same before and after calling `init_weights` of SegRefinerSemantic  

denoise_model.output_blocks.3.0.skip_connection.weight - torch.Size([512, 1024, 1, 1]): 
The value is the same before and after calling `init_weights` of SegRefinerSemantic  

denoise_model.output_blocks.3.0.skip_connection.bias - torch.Size([512]): 
The value is the same before and after calling `init_weights` of SegRefinerSemantic  

denoise_model.output_blocks.3.1.norm.weight - torch.Size([512]): 
The value is the same before and after calling `init_weights` of SegRefinerSemantic  

denoise_model.output_blocks.3.1.norm.bias - torch.Size([512]): 
The value is the same before and after calling `init_weights` of SegRefinerSemantic  

denoise_model.output_blocks.3.1.qkv.weight - torch.Size([1536, 512, 1]): 
The value is the same before and after calling `init_weights` of SegRefinerSemantic  

denoise_model.output_blocks.3.1.qkv.bias - torch.Size([1536]): 
The value is the same before and after calling `init_weights` of SegRefinerSemantic  

denoise_model.output_blocks.3.1.proj_out.weight - torch.Size([512, 512, 1]): 
The value is the same before and after calling `init_weights` of SegRefinerSemantic  

denoise_model.output_blocks.3.1.proj_out.bias - torch.Size([512]): 
The value is the same before and after calling `init_weights` of SegRefinerSemantic  

denoise_model.output_blocks.4.0.in_layers.0.weight - torch.Size([1024]): 
The value is the same before and after calling `init_weights` of SegRefinerSemantic  

denoise_model.output_blocks.4.0.in_layers.0.bias - torch.Size([1024]): 
The value is the same before and after calling `init_weights` of SegRefinerSemantic  

denoise_model.output_blocks.4.0.in_layers.2.weight - torch.Size([512, 1024, 3, 3]): 
The value is the same before and after calling `init_weights` of SegRefinerSemantic  

denoise_model.output_blocks.4.0.in_layers.2.bias - torch.Size([512]): 
The value is the same before and after calling `init_weights` of SegRefinerSemantic  

denoise_model.output_blocks.4.0.emb_layers.1.weight - torch.Size([512, 512]): 
The value is the same before and after calling `init_weights` of SegRefinerSemantic  

denoise_model.output_blocks.4.0.emb_layers.1.bias - torch.Size([512]): 
The value is the same before and after calling `init_weights` of SegRefinerSemantic  

denoise_model.output_blocks.4.0.out_layers.0.weight - torch.Size([512]): 
The value is the same before and after calling `init_weights` of SegRefinerSemantic  

denoise_model.output_blocks.4.0.out_layers.0.bias - torch.Size([512]): 
The value is the same before and after calling `init_weights` of SegRefinerSemantic  

denoise_model.output_blocks.4.0.out_layers.3.weight - torch.Size([512, 512, 3, 3]): 
The value is the same before and after calling `init_weights` of SegRefinerSemantic  

denoise_model.output_blocks.4.0.out_layers.3.bias - torch.Size([512]): 
The value is the same before and after calling `init_weights` of SegRefinerSemantic  

denoise_model.output_blocks.4.0.skip_connection.weight - torch.Size([512, 1024, 1, 1]): 
The value is the same before and after calling `init_weights` of SegRefinerSemantic  

denoise_model.output_blocks.4.0.skip_connection.bias - torch.Size([512]): 
The value is the same before and after calling `init_weights` of SegRefinerSemantic  

denoise_model.output_blocks.4.1.norm.weight - torch.Size([512]): 
The value is the same before and after calling `init_weights` of SegRefinerSemantic  

denoise_model.output_blocks.4.1.norm.bias - torch.Size([512]): 
The value is the same before and after calling `init_weights` of SegRefinerSemantic  

denoise_model.output_blocks.4.1.qkv.weight - torch.Size([1536, 512, 1]): 
The value is the same before and after calling `init_weights` of SegRefinerSemantic  

denoise_model.output_blocks.4.1.qkv.bias - torch.Size([1536]): 
The value is the same before and after calling `init_weights` of SegRefinerSemantic  

denoise_model.output_blocks.4.1.proj_out.weight - torch.Size([512, 512, 1]): 
The value is the same before and after calling `init_weights` of SegRefinerSemantic  

denoise_model.output_blocks.4.1.proj_out.bias - torch.Size([512]): 
The value is the same before and after calling `init_weights` of SegRefinerSemantic  

denoise_model.output_blocks.5.0.in_layers.0.weight - torch.Size([768]): 
The value is the same before and after calling `init_weights` of SegRefinerSemantic  

denoise_model.output_blocks.5.0.in_layers.0.bias - torch.Size([768]): 
The value is the same before and after calling `init_weights` of SegRefinerSemantic  

denoise_model.output_blocks.5.0.in_layers.2.weight - torch.Size([512, 768, 3, 3]): 
The value is the same before and after calling `init_weights` of SegRefinerSemantic  

denoise_model.output_blocks.5.0.in_layers.2.bias - torch.Size([512]): 
The value is the same before and after calling `init_weights` of SegRefinerSemantic  

denoise_model.output_blocks.5.0.emb_layers.1.weight - torch.Size([512, 512]): 
The value is the same before and after calling `init_weights` of SegRefinerSemantic  

denoise_model.output_blocks.5.0.emb_layers.1.bias - torch.Size([512]): 
The value is the same before and after calling `init_weights` of SegRefinerSemantic  

denoise_model.output_blocks.5.0.out_layers.0.weight - torch.Size([512]): 
The value is the same before and after calling `init_weights` of SegRefinerSemantic  

denoise_model.output_blocks.5.0.out_layers.0.bias - torch.Size([512]): 
The value is the same before and after calling `init_weights` of SegRefinerSemantic  

denoise_model.output_blocks.5.0.out_layers.3.weight - torch.Size([512, 512, 3, 3]): 
The value is the same before and after calling `init_weights` of SegRefinerSemantic  

denoise_model.output_blocks.5.0.out_layers.3.bias - torch.Size([512]): 
The value is the same before and after calling `init_weights` of SegRefinerSemantic  

denoise_model.output_blocks.5.0.skip_connection.weight - torch.Size([512, 768, 1, 1]): 
The value is the same before and after calling `init_weights` of SegRefinerSemantic  

denoise_model.output_blocks.5.0.skip_connection.bias - torch.Size([512]): 
The value is the same before and after calling `init_weights` of SegRefinerSemantic  

denoise_model.output_blocks.5.1.norm.weight - torch.Size([512]): 
The value is the same before and after calling `init_weights` of SegRefinerSemantic  

denoise_model.output_blocks.5.1.norm.bias - torch.Size([512]): 
The value is the same before and after calling `init_weights` of SegRefinerSemantic  

denoise_model.output_blocks.5.1.qkv.weight - torch.Size([1536, 512, 1]): 
The value is the same before and after calling `init_weights` of SegRefinerSemantic  

denoise_model.output_blocks.5.1.qkv.bias - torch.Size([1536]): 
The value is the same before and after calling `init_weights` of SegRefinerSemantic  

denoise_model.output_blocks.5.1.proj_out.weight - torch.Size([512, 512, 1]): 
The value is the same before and after calling `init_weights` of SegRefinerSemantic  

denoise_model.output_blocks.5.1.proj_out.bias - torch.Size([512]): 
The value is the same before and after calling `init_weights` of SegRefinerSemantic  

denoise_model.output_blocks.5.2.conv.weight - torch.Size([512, 512, 3, 3]): 
The value is the same before and after calling `init_weights` of SegRefinerSemantic  

denoise_model.output_blocks.5.2.conv.bias - torch.Size([512]): 
The value is the same before and after calling `init_weights` of SegRefinerSemantic  

denoise_model.output_blocks.6.0.in_layers.0.weight - torch.Size([768]): 
The value is the same before and after calling `init_weights` of SegRefinerSemantic  

denoise_model.output_blocks.6.0.in_layers.0.bias - torch.Size([768]): 
The value is the same before and after calling `init_weights` of SegRefinerSemantic  

denoise_model.output_blocks.6.0.in_layers.2.weight - torch.Size([256, 768, 3, 3]): 
The value is the same before and after calling `init_weights` of SegRefinerSemantic  

denoise_model.output_blocks.6.0.in_layers.2.bias - torch.Size([256]): 
The value is the same before and after calling `init_weights` of SegRefinerSemantic  

denoise_model.output_blocks.6.0.emb_layers.1.weight - torch.Size([256, 512]): 
The value is the same before and after calling `init_weights` of SegRefinerSemantic  

denoise_model.output_blocks.6.0.emb_layers.1.bias - torch.Size([256]): 
The value is the same before and after calling `init_weights` of SegRefinerSemantic  

denoise_model.output_blocks.6.0.out_layers.0.weight - torch.Size([256]): 
The value is the same before and after calling `init_weights` of SegRefinerSemantic  

denoise_model.output_blocks.6.0.out_layers.0.bias - torch.Size([256]): 
The value is the same before and after calling `init_weights` of SegRefinerSemantic  

denoise_model.output_blocks.6.0.out_layers.3.weight - torch.Size([256, 256, 3, 3]): 
The value is the same before and after calling `init_weights` of SegRefinerSemantic  

denoise_model.output_blocks.6.0.out_layers.3.bias - torch.Size([256]): 
The value is the same before and after calling `init_weights` of SegRefinerSemantic  

denoise_model.output_blocks.6.0.skip_connection.weight - torch.Size([256, 768, 1, 1]): 
The value is the same before and after calling `init_weights` of SegRefinerSemantic  

denoise_model.output_blocks.6.0.skip_connection.bias - torch.Size([256]): 
The value is the same before and after calling `init_weights` of SegRefinerSemantic  

denoise_model.output_blocks.7.0.in_layers.0.weight - torch.Size([512]): 
The value is the same before and after calling `init_weights` of SegRefinerSemantic  

denoise_model.output_blocks.7.0.in_layers.0.bias - torch.Size([512]): 
The value is the same before and after calling `init_weights` of SegRefinerSemantic  

denoise_model.output_blocks.7.0.in_layers.2.weight - torch.Size([256, 512, 3, 3]): 
The value is the same before and after calling `init_weights` of SegRefinerSemantic  

denoise_model.output_blocks.7.0.in_layers.2.bias - torch.Size([256]): 
The value is the same before and after calling `init_weights` of SegRefinerSemantic  

denoise_model.output_blocks.7.0.emb_layers.1.weight - torch.Size([256, 512]): 
The value is the same before and after calling `init_weights` of SegRefinerSemantic  

denoise_model.output_blocks.7.0.emb_layers.1.bias - torch.Size([256]): 
The value is the same before and after calling `init_weights` of SegRefinerSemantic  

denoise_model.output_blocks.7.0.out_layers.0.weight - torch.Size([256]): 
The value is the same before and after calling `init_weights` of SegRefinerSemantic  

denoise_model.output_blocks.7.0.out_layers.0.bias - torch.Size([256]): 
The value is the same before and after calling `init_weights` of SegRefinerSemantic  

denoise_model.output_blocks.7.0.out_layers.3.weight - torch.Size([256, 256, 3, 3]): 
The value is the same before and after calling `init_weights` of SegRefinerSemantic  

denoise_model.output_blocks.7.0.out_layers.3.bias - torch.Size([256]): 
The value is the same before and after calling `init_weights` of SegRefinerSemantic  

denoise_model.output_blocks.7.0.skip_connection.weight - torch.Size([256, 512, 1, 1]): 
The value is the same before and after calling `init_weights` of SegRefinerSemantic  

denoise_model.output_blocks.7.0.skip_connection.bias - torch.Size([256]): 
The value is the same before and after calling `init_weights` of SegRefinerSemantic  

denoise_model.output_blocks.8.0.in_layers.0.weight - torch.Size([512]): 
The value is the same before and after calling `init_weights` of SegRefinerSemantic  

denoise_model.output_blocks.8.0.in_layers.0.bias - torch.Size([512]): 
The value is the same before and after calling `init_weights` of SegRefinerSemantic  

denoise_model.output_blocks.8.0.in_layers.2.weight - torch.Size([256, 512, 3, 3]): 
The value is the same before and after calling `init_weights` of SegRefinerSemantic  

denoise_model.output_blocks.8.0.in_layers.2.bias - torch.Size([256]): 
The value is the same before and after calling `init_weights` of SegRefinerSemantic  

denoise_model.output_blocks.8.0.emb_layers.1.weight - torch.Size([256, 512]): 
The value is the same before and after calling `init_weights` of SegRefinerSemantic  

denoise_model.output_blocks.8.0.emb_layers.1.bias - torch.Size([256]): 
The value is the same before and after calling `init_weights` of SegRefinerSemantic  

denoise_model.output_blocks.8.0.out_layers.0.weight - torch.Size([256]): 
The value is the same before and after calling `init_weights` of SegRefinerSemantic  

denoise_model.output_blocks.8.0.out_layers.0.bias - torch.Size([256]): 
The value is the same before and after calling `init_weights` of SegRefinerSemantic  

denoise_model.output_blocks.8.0.out_layers.3.weight - torch.Size([256, 256, 3, 3]): 
The value is the same before and after calling `init_weights` of SegRefinerSemantic  

denoise_model.output_blocks.8.0.out_layers.3.bias - torch.Size([256]): 
The value is the same before and after calling `init_weights` of SegRefinerSemantic  

denoise_model.output_blocks.8.0.skip_connection.weight - torch.Size([256, 512, 1, 1]): 
The value is the same before and after calling `init_weights` of SegRefinerSemantic  

denoise_model.output_blocks.8.0.skip_connection.bias - torch.Size([256]): 
The value is the same before and after calling `init_weights` of SegRefinerSemantic  

denoise_model.output_blocks.8.1.conv.weight - torch.Size([256, 256, 3, 3]): 
The value is the same before and after calling `init_weights` of SegRefinerSemantic  

denoise_model.output_blocks.8.1.conv.bias - torch.Size([256]): 
The value is the same before and after calling `init_weights` of SegRefinerSemantic  

denoise_model.output_blocks.9.0.in_layers.0.weight - torch.Size([512]): 
The value is the same before and after calling `init_weights` of SegRefinerSemantic  

denoise_model.output_blocks.9.0.in_layers.0.bias - torch.Size([512]): 
The value is the same before and after calling `init_weights` of SegRefinerSemantic  

denoise_model.output_blocks.9.0.in_layers.2.weight - torch.Size([256, 512, 3, 3]): 
The value is the same before and after calling `init_weights` of SegRefinerSemantic  

denoise_model.output_blocks.9.0.in_layers.2.bias - torch.Size([256]): 
The value is the same before and after calling `init_weights` of SegRefinerSemantic  

denoise_model.output_blocks.9.0.emb_layers.1.weight - torch.Size([256, 512]): 
The value is the same before and after calling `init_weights` of SegRefinerSemantic  

denoise_model.output_blocks.9.0.emb_layers.1.bias - torch.Size([256]): 
The value is the same before and after calling `init_weights` of SegRefinerSemantic  

denoise_model.output_blocks.9.0.out_layers.0.weight - torch.Size([256]): 
The value is the same before and after calling `init_weights` of SegRefinerSemantic  

denoise_model.output_blocks.9.0.out_layers.0.bias - torch.Size([256]): 
The value is the same before and after calling `init_weights` of SegRefinerSemantic  

denoise_model.output_blocks.9.0.out_layers.3.weight - torch.Size([256, 256, 3, 3]): 
The value is the same before and after calling `init_weights` of SegRefinerSemantic  

denoise_model.output_blocks.9.0.out_layers.3.bias - torch.Size([256]): 
The value is the same before and after calling `init_weights` of SegRefinerSemantic  

denoise_model.output_blocks.9.0.skip_connection.weight - torch.Size([256, 512, 1, 1]): 
The value is the same before and after calling `init_weights` of SegRefinerSemantic  

denoise_model.output_blocks.9.0.skip_connection.bias - torch.Size([256]): 
The value is the same before and after calling `init_weights` of SegRefinerSemantic  

denoise_model.output_blocks.10.0.in_layers.0.weight - torch.Size([512]): 
The value is the same before and after calling `init_weights` of SegRefinerSemantic  

denoise_model.output_blocks.10.0.in_layers.0.bias - torch.Size([512]): 
The value is the same before and after calling `init_weights` of SegRefinerSemantic  

denoise_model.output_blocks.10.0.in_layers.2.weight - torch.Size([256, 512, 3, 3]): 
The value is the same before and after calling `init_weights` of SegRefinerSemantic  

denoise_model.output_blocks.10.0.in_layers.2.bias - torch.Size([256]): 
The value is the same before and after calling `init_weights` of SegRefinerSemantic  

denoise_model.output_blocks.10.0.emb_layers.1.weight - torch.Size([256, 512]): 
The value is the same before and after calling `init_weights` of SegRefinerSemantic  

denoise_model.output_blocks.10.0.emb_layers.1.bias - torch.Size([256]): 
The value is the same before and after calling `init_weights` of SegRefinerSemantic  

denoise_model.output_blocks.10.0.out_layers.0.weight - torch.Size([256]): 
The value is the same before and after calling `init_weights` of SegRefinerSemantic  

denoise_model.output_blocks.10.0.out_layers.0.bias - torch.Size([256]): 
The value is the same before and after calling `init_weights` of SegRefinerSemantic  

denoise_model.output_blocks.10.0.out_layers.3.weight - torch.Size([256, 256, 3, 3]): 
The value is the same before and after calling `init_weights` of SegRefinerSemantic  

denoise_model.output_blocks.10.0.out_layers.3.bias - torch.Size([256]): 
The value is the same before and after calling `init_weights` of SegRefinerSemantic  

denoise_model.output_blocks.10.0.skip_connection.weight - torch.Size([256, 512, 1, 1]): 
The value is the same before and after calling `init_weights` of SegRefinerSemantic  

denoise_model.output_blocks.10.0.skip_connection.bias - torch.Size([256]): 
The value is the same before and after calling `init_weights` of SegRefinerSemantic  

denoise_model.output_blocks.11.0.in_layers.0.weight - torch.Size([384]): 
The value is the same before and after calling `init_weights` of SegRefinerSemantic  

denoise_model.output_blocks.11.0.in_layers.0.bias - torch.Size([384]): 
The value is the same before and after calling `init_weights` of SegRefinerSemantic  

denoise_model.output_blocks.11.0.in_layers.2.weight - torch.Size([256, 384, 3, 3]): 
The value is the same before and after calling `init_weights` of SegRefinerSemantic  

denoise_model.output_blocks.11.0.in_layers.2.bias - torch.Size([256]): 
The value is the same before and after calling `init_weights` of SegRefinerSemantic  

denoise_model.output_blocks.11.0.emb_layers.1.weight - torch.Size([256, 512]): 
The value is the same before and after calling `init_weights` of SegRefinerSemantic  

denoise_model.output_blocks.11.0.emb_layers.1.bias - torch.Size([256]): 
The value is the same before and after calling `init_weights` of SegRefinerSemantic  

denoise_model.output_blocks.11.0.out_layers.0.weight - torch.Size([256]): 
The value is the same before and after calling `init_weights` of SegRefinerSemantic  

denoise_model.output_blocks.11.0.out_layers.0.bias - torch.Size([256]): 
The value is the same before and after calling `init_weights` of SegRefinerSemantic  

denoise_model.output_blocks.11.0.out_layers.3.weight - torch.Size([256, 256, 3, 3]): 
The value is the same before and after calling `init_weights` of SegRefinerSemantic  

denoise_model.output_blocks.11.0.out_layers.3.bias - torch.Size([256]): 
The value is the same before and after calling `init_weights` of SegRefinerSemantic  

denoise_model.output_blocks.11.0.skip_connection.weight - torch.Size([256, 384, 1, 1]): 
The value is the same before and after calling `init_weights` of SegRefinerSemantic  

denoise_model.output_blocks.11.0.skip_connection.bias - torch.Size([256]): 
The value is the same before and after calling `init_weights` of SegRefinerSemantic  

denoise_model.output_blocks.11.1.conv.weight - torch.Size([256, 256, 3, 3]): 
The value is the same before and after calling `init_weights` of SegRefinerSemantic  

denoise_model.output_blocks.11.1.conv.bias - torch.Size([256]): 
The value is the same before and after calling `init_weights` of SegRefinerSemantic  

denoise_model.output_blocks.12.0.in_layers.0.weight - torch.Size([384]): 
The value is the same before and after calling `init_weights` of SegRefinerSemantic  

denoise_model.output_blocks.12.0.in_layers.0.bias - torch.Size([384]): 
The value is the same before and after calling `init_weights` of SegRefinerSemantic  

denoise_model.output_blocks.12.0.in_layers.2.weight - torch.Size([128, 384, 3, 3]): 
The value is the same before and after calling `init_weights` of SegRefinerSemantic  

denoise_model.output_blocks.12.0.in_layers.2.bias - torch.Size([128]): 
The value is the same before and after calling `init_weights` of SegRefinerSemantic  

denoise_model.output_blocks.12.0.emb_layers.1.weight - torch.Size([128, 512]): 
The value is the same before and after calling `init_weights` of SegRefinerSemantic  

denoise_model.output_blocks.12.0.emb_layers.1.bias - torch.Size([128]): 
The value is the same before and after calling `init_weights` of SegRefinerSemantic  

denoise_model.output_blocks.12.0.out_layers.0.weight - torch.Size([128]): 
The value is the same before and after calling `init_weights` of SegRefinerSemantic  

denoise_model.output_blocks.12.0.out_layers.0.bias - torch.Size([128]): 
The value is the same before and after calling `init_weights` of SegRefinerSemantic  

denoise_model.output_blocks.12.0.out_layers.3.weight - torch.Size([128, 128, 3, 3]): 
The value is the same before and after calling `init_weights` of SegRefinerSemantic  

denoise_model.output_blocks.12.0.out_layers.3.bias - torch.Size([128]): 
The value is the same before and after calling `init_weights` of SegRefinerSemantic  

denoise_model.output_blocks.12.0.skip_connection.weight - torch.Size([128, 384, 1, 1]): 
The value is the same before and after calling `init_weights` of SegRefinerSemantic  

denoise_model.output_blocks.12.0.skip_connection.bias - torch.Size([128]): 
The value is the same before and after calling `init_weights` of SegRefinerSemantic  

denoise_model.output_blocks.13.0.in_layers.0.weight - torch.Size([256]): 
The value is the same before and after calling `init_weights` of SegRefinerSemantic  

denoise_model.output_blocks.13.0.in_layers.0.bias - torch.Size([256]): 
The value is the same before and after calling `init_weights` of SegRefinerSemantic  

denoise_model.output_blocks.13.0.in_layers.2.weight - torch.Size([128, 256, 3, 3]): 
The value is the same before and after calling `init_weights` of SegRefinerSemantic  

denoise_model.output_blocks.13.0.in_layers.2.bias - torch.Size([128]): 
The value is the same before and after calling `init_weights` of SegRefinerSemantic  

denoise_model.output_blocks.13.0.emb_layers.1.weight - torch.Size([128, 512]): 
The value is the same before and after calling `init_weights` of SegRefinerSemantic  

denoise_model.output_blocks.13.0.emb_layers.1.bias - torch.Size([128]): 
The value is the same before and after calling `init_weights` of SegRefinerSemantic  

denoise_model.output_blocks.13.0.out_layers.0.weight - torch.Size([128]): 
The value is the same before and after calling `init_weights` of SegRefinerSemantic  

denoise_model.output_blocks.13.0.out_layers.0.bias - torch.Size([128]): 
The value is the same before and after calling `init_weights` of SegRefinerSemantic  

denoise_model.output_blocks.13.0.out_layers.3.weight - torch.Size([128, 128, 3, 3]): 
The value is the same before and after calling `init_weights` of SegRefinerSemantic  

denoise_model.output_blocks.13.0.out_layers.3.bias - torch.Size([128]): 
The value is the same before and after calling `init_weights` of SegRefinerSemantic  

denoise_model.output_blocks.13.0.skip_connection.weight - torch.Size([128, 256, 1, 1]): 
The value is the same before and after calling `init_weights` of SegRefinerSemantic  

denoise_model.output_blocks.13.0.skip_connection.bias - torch.Size([128]): 
The value is the same before and after calling `init_weights` of SegRefinerSemantic  

denoise_model.output_blocks.14.0.in_layers.0.weight - torch.Size([256]): 
The value is the same before and after calling `init_weights` of SegRefinerSemantic  

denoise_model.output_blocks.14.0.in_layers.0.bias - torch.Size([256]): 
The value is the same before and after calling `init_weights` of SegRefinerSemantic  

denoise_model.output_blocks.14.0.in_layers.2.weight - torch.Size([128, 256, 3, 3]): 
The value is the same before and after calling `init_weights` of SegRefinerSemantic  

denoise_model.output_blocks.14.0.in_layers.2.bias - torch.Size([128]): 
The value is the same before and after calling `init_weights` of SegRefinerSemantic  

denoise_model.output_blocks.14.0.emb_layers.1.weight - torch.Size([128, 512]): 
The value is the same before and after calling `init_weights` of SegRefinerSemantic  

denoise_model.output_blocks.14.0.emb_layers.1.bias - torch.Size([128]): 
The value is the same before and after calling `init_weights` of SegRefinerSemantic  

denoise_model.output_blocks.14.0.out_layers.0.weight - torch.Size([128]): 
The value is the same before and after calling `init_weights` of SegRefinerSemantic  

denoise_model.output_blocks.14.0.out_layers.0.bias - torch.Size([128]): 
The value is the same before and after calling `init_weights` of SegRefinerSemantic  

denoise_model.output_blocks.14.0.out_layers.3.weight - torch.Size([128, 128, 3, 3]): 
The value is the same before and after calling `init_weights` of SegRefinerSemantic  

denoise_model.output_blocks.14.0.out_layers.3.bias - torch.Size([128]): 
The value is the same before and after calling `init_weights` of SegRefinerSemantic  

denoise_model.output_blocks.14.0.skip_connection.weight - torch.Size([128, 256, 1, 1]): 
The value is the same before and after calling `init_weights` of SegRefinerSemantic  

denoise_model.output_blocks.14.0.skip_connection.bias - torch.Size([128]): 
The value is the same before and after calling `init_weights` of SegRefinerSemantic  

denoise_model.output_blocks.14.1.conv.weight - torch.Size([128, 128, 3, 3]): 
The value is the same before and after calling `init_weights` of SegRefinerSemantic  

denoise_model.output_blocks.14.1.conv.bias - torch.Size([128]): 
The value is the same before and after calling `init_weights` of SegRefinerSemantic  

denoise_model.output_blocks.15.0.in_layers.0.weight - torch.Size([256]): 
The value is the same before and after calling `init_weights` of SegRefinerSemantic  

denoise_model.output_blocks.15.0.in_layers.0.bias - torch.Size([256]): 
The value is the same before and after calling `init_weights` of SegRefinerSemantic  

denoise_model.output_blocks.15.0.in_layers.2.weight - torch.Size([128, 256, 3, 3]): 
The value is the same before and after calling `init_weights` of SegRefinerSemantic  

denoise_model.output_blocks.15.0.in_layers.2.bias - torch.Size([128]): 
The value is the same before and after calling `init_weights` of SegRefinerSemantic  

denoise_model.output_blocks.15.0.emb_layers.1.weight - torch.Size([128, 512]): 
The value is the same before and after calling `init_weights` of SegRefinerSemantic  

denoise_model.output_blocks.15.0.emb_layers.1.bias - torch.Size([128]): 
The value is the same before and after calling `init_weights` of SegRefinerSemantic  

denoise_model.output_blocks.15.0.out_layers.0.weight - torch.Size([128]): 
The value is the same before and after calling `init_weights` of SegRefinerSemantic  

denoise_model.output_blocks.15.0.out_layers.0.bias - torch.Size([128]): 
The value is the same before and after calling `init_weights` of SegRefinerSemantic  

denoise_model.output_blocks.15.0.out_layers.3.weight - torch.Size([128, 128, 3, 3]): 
The value is the same before and after calling `init_weights` of SegRefinerSemantic  

denoise_model.output_blocks.15.0.out_layers.3.bias - torch.Size([128]): 
The value is the same before and after calling `init_weights` of SegRefinerSemantic  

denoise_model.output_blocks.15.0.skip_connection.weight - torch.Size([128, 256, 1, 1]): 
The value is the same before and after calling `init_weights` of SegRefinerSemantic  

denoise_model.output_blocks.15.0.skip_connection.bias - torch.Size([128]): 
The value is the same before and after calling `init_weights` of SegRefinerSemantic  

denoise_model.output_blocks.16.0.in_layers.0.weight - torch.Size([256]): 
The value is the same before and after calling `init_weights` of SegRefinerSemantic  

denoise_model.output_blocks.16.0.in_layers.0.bias - torch.Size([256]): 
The value is the same before and after calling `init_weights` of SegRefinerSemantic  

denoise_model.output_blocks.16.0.in_layers.2.weight - torch.Size([128, 256, 3, 3]): 
The value is the same before and after calling `init_weights` of SegRefinerSemantic  

denoise_model.output_blocks.16.0.in_layers.2.bias - torch.Size([128]): 
The value is the same before and after calling `init_weights` of SegRefinerSemantic  

denoise_model.output_blocks.16.0.emb_layers.1.weight - torch.Size([128, 512]): 
The value is the same before and after calling `init_weights` of SegRefinerSemantic  

denoise_model.output_blocks.16.0.emb_layers.1.bias - torch.Size([128]): 
The value is the same before and after calling `init_weights` of SegRefinerSemantic  

denoise_model.output_blocks.16.0.out_layers.0.weight - torch.Size([128]): 
The value is the same before and after calling `init_weights` of SegRefinerSemantic  

denoise_model.output_blocks.16.0.out_layers.0.bias - torch.Size([128]): 
The value is the same before and after calling `init_weights` of SegRefinerSemantic  

denoise_model.output_blocks.16.0.out_layers.3.weight - torch.Size([128, 128, 3, 3]): 
The value is the same before and after calling `init_weights` of SegRefinerSemantic  

denoise_model.output_blocks.16.0.out_layers.3.bias - torch.Size([128]): 
The value is the same before and after calling `init_weights` of SegRefinerSemantic  

denoise_model.output_blocks.16.0.skip_connection.weight - torch.Size([128, 256, 1, 1]): 
The value is the same before and after calling `init_weights` of SegRefinerSemantic  

denoise_model.output_blocks.16.0.skip_connection.bias - torch.Size([128]): 
The value is the same before and after calling `init_weights` of SegRefinerSemantic  

denoise_model.output_blocks.17.0.in_layers.0.weight - torch.Size([256]): 
The value is the same before and after calling `init_weights` of SegRefinerSemantic  

denoise_model.output_blocks.17.0.in_layers.0.bias - torch.Size([256]): 
The value is the same before and after calling `init_weights` of SegRefinerSemantic  

denoise_model.output_blocks.17.0.in_layers.2.weight - torch.Size([128, 256, 3, 3]): 
The value is the same before and after calling `init_weights` of SegRefinerSemantic  

denoise_model.output_blocks.17.0.in_layers.2.bias - torch.Size([128]): 
The value is the same before and after calling `init_weights` of SegRefinerSemantic  

denoise_model.output_blocks.17.0.emb_layers.1.weight - torch.Size([128, 512]): 
The value is the same before and after calling `init_weights` of SegRefinerSemantic  

denoise_model.output_blocks.17.0.emb_layers.1.bias - torch.Size([128]): 
The value is the same before and after calling `init_weights` of SegRefinerSemantic  

denoise_model.output_blocks.17.0.out_layers.0.weight - torch.Size([128]): 
The value is the same before and after calling `init_weights` of SegRefinerSemantic  

denoise_model.output_blocks.17.0.out_layers.0.bias - torch.Size([128]): 
The value is the same before and after calling `init_weights` of SegRefinerSemantic  

denoise_model.output_blocks.17.0.out_layers.3.weight - torch.Size([128, 128, 3, 3]): 
The value is the same before and after calling `init_weights` of SegRefinerSemantic  

denoise_model.output_blocks.17.0.out_layers.3.bias - torch.Size([128]): 
The value is the same before and after calling `init_weights` of SegRefinerSemantic  

denoise_model.output_blocks.17.0.skip_connection.weight - torch.Size([128, 256, 1, 1]): 
The value is the same before and after calling `init_weights` of SegRefinerSemantic  

denoise_model.output_blocks.17.0.skip_connection.bias - torch.Size([128]): 
The value is the same before and after calling `init_weights` of SegRefinerSemantic  

denoise_model.out.0.weight - torch.Size([128]): 
The value is the same before and after calling `init_weights` of SegRefinerSemantic  

denoise_model.out.0.bias - torch.Size([128]): 
The value is the same before and after calling `init_weights` of SegRefinerSemantic  

denoise_model.out.2.weight - torch.Size([1, 128, 3, 3]): 
The value is the same before and after calling `init_weights` of SegRefinerSemantic  

denoise_model.out.2.bias - torch.Size([1]): 
The value is the same before and after calling `init_weights` of SegRefinerSemantic  

loss_texture.sobel.conv_x.weight - torch.Size([1, 1, 3, 3]): 
The value is the same before and after calling `init_weights` of SegRefinerSemantic  

loss_texture.sobel.conv_y.weight - torch.Size([1, 1, 3, 3]): 
The value is the same before and after calling `init_weights` of SegRefinerSemantic  
2026-05-09 11:49:41,913 - mmdet - INFO - Automatic scaling of learning rate (LR) has been disabled.
2026-05-09 11:49:41,917 - mmdet - INFO - Start running, host: ubuntu@ip-172-31-22-110, work_dir: /home/ubuntu/vy/Denoiser/SegRefiner/work_dirs1/exp3_obj_unc
2026-05-09 11:49:41,917 - mmdet - INFO - Hooks will be executed in the following order:
before_run:
(VERY_HIGH   ) StepLrUpdaterHook                  
(NORMAL      ) CheckpointHook                     
(VERY_LOW    ) TextLoggerHook                     
 -------------------- 
before_train_epoch:
(VERY_HIGH   ) StepLrUpdaterHook                  
(LOW         ) IterTimerHook                      
(VERY_LOW    ) TextLoggerHook                     
 -------------------- 
before_train_iter:
(VERY_HIGH   ) StepLrUpdaterHook                  
(LOW         ) IterTimerHook                      
 -------------------- 
after_train_iter:
(ABOVE_NORMAL) OptimizerHook                      
(NORMAL      ) CheckpointHook                     
(LOW         ) IterTimerHook                      
(LOW         ) OEMBuildingEvalHook                
(VERY_LOW    ) TextLoggerHook                     
 -------------------- 
after_train_epoch:
(NORMAL      ) CheckpointHook                     
(VERY_LOW    ) TextLoggerHook                     
 -------------------- 
before_val_epoch:
(LOW         ) IterTimerHook                      
(VERY_LOW    ) TextLoggerHook                     
 -------------------- 
before_val_iter:
(LOW         ) IterTimerHook                      
 -------------------- 
after_val_iter:
(LOW         ) IterTimerHook                      
 -------------------- 
after_val_epoch:
(VERY_LOW    ) TextLoggerHook                     
 -------------------- 
after_run:
(VERY_LOW    ) TextLoggerHook                     
 -------------------- 
2026-05-09 11:49:41,918 - mmdet - INFO - workflow: [('train', 1)], max: 120000 iters
2026-05-09 11:49:41,918 - mmdet - INFO - Checkpoints will be saved to /home/ubuntu/vy/Denoiser/SegRefiner/work_dirs1/exp3_obj_unc by HardDiskBackend.
2026-05-09 11:50:17,900 - mmdet - INFO - Iter [25/120000]	lr: 4.895e-06, eta: 1 day, 12:35:29, time: 1.098, data_time: 0.036, memory: 37107, loss_mask: 1.4419, loss_texture: 0.0471, iou: 0.1465, iou_t0: 0.1122, iou_t1: 0.1827, iou_t2: 0.1784, iou_t3: 0.0918, iou_t4: 0.2021, iou_t5: 0.1536, loss: 1.4891
2026-05-09 11:50:44,688 - mmdet - INFO - Iter [50/120000]	lr: 9.890e-06, eta: 1 day, 12:08:36, time: 1.072, data_time: 0.010, memory: 37107, loss_mask: 1.0313, loss_texture: 0.0456, iou: 0.1946, iou_t0: 0.2157, iou_t1: 0.2399, iou_t2: 0.2042, iou_t3: 0.1384, iou_t4: 0.1620, iou_t5: 0.1678, loss: 1.0769
2026-05-09 11:51:11,402 - mmdet - INFO - Iter [75/120000]	lr: 1.489e-05, eta: 1 day, 11:57:21, time: 1.069, data_time: 0.010, memory: 37107, loss_mask: 0.7174, loss_texture: 0.0406, iou: 0.2624, iou_t0: 0.4042, iou_t1: 0.4141, iou_t2: 0.2974, iou_t3: 0.2301, iou_t4: 0.1553, iou_t5: 0.1576, loss: 0.7580
2026-05-09 11:51:38,065 - mmdet - INFO - Iter [100/120000]	lr: 1.988e-05, eta: 1 day, 11:50:29, time: 1.067, data_time: 0.010, memory: 37107, loss_mask: 0.5396, loss_texture: 0.0390, iou: 0.4674, iou_t0: 0.6523, iou_t1: 0.6778, iou_t2: 0.5081, iou_t3: 0.5337, iou_t4: 0.2321, iou_t5: 0.2179, loss: 0.5786
2026-05-09 11:52:04,681 - mmdet - INFO - Iter [125/120000]	lr: 2.488e-05, eta: 1 day, 11:45:26, time: 1.065, data_time: 0.010, memory: 37107, loss_mask: 0.4312, loss_texture: 0.0353, iou: 0.4563, iou_t0: 0.5994, iou_t1: 0.6017, iou_t2: 0.5440, iou_t3: 0.5326, iou_t4: 0.2955, iou_t5: 0.1623, loss: 0.4665
2026-05-09 11:52:31,343 - mmdet - INFO - Iter [150/120000]	lr: 2.987e-05, eta: 1 day, 11:42:32, time: 1.066, data_time: 0.010, memory: 37107, loss_mask: 0.3675, loss_texture: 0.0297, iou: 0.4851, iou_t0: 0.7423, iou_t1: 0.6563, iou_t2: 0.6578, iou_t3: 0.4692, iou_t4: 0.3129, iou_t5: 0.1385, loss: 0.3972
2026-05-09 11:52:58,024 - mmdet - INFO - Iter [175/120000]	lr: 3.487e-05, eta: 1 day, 11:40:34, time: 1.067, data_time: 0.010, memory: 37107, loss_mask: 0.3450, loss_texture: 0.0291, iou: 0.4894, iou_t0: 0.6512, iou_t1: 0.6092, iou_t2: 0.7052, iou_t3: 0.5144, iou_t4: 0.2814, iou_t5: 0.2646, loss: 0.3741
2026-05-09 11:53:24,653 - mmdet - INFO - Iter [200/120000]	lr: 3.986e-05, eta: 1 day, 11:38:26, time: 1.065, data_time: 0.010, memory: 37107, loss_mask: 0.3423, loss_texture: 0.0287, iou: 0.5049, iou_t0: 0.7269, iou_t1: 0.7023, iou_t2: 0.6075, iou_t3: 0.5249, iou_t4: 0.3138, iou_t5: 0.2628, loss: 0.3710
2026-05-09 11:53:51,313 - mmdet - INFO - Iter [225/120000]	lr: 4.486e-05, eta: 1 day, 11:36:58, time: 1.066, data_time: 0.011, memory: 37107, loss_mask: 0.2859, loss_texture: 0.0248, iou: 0.5191, iou_t0: 0.6354, iou_t1: 0.7087, iou_t2: 0.6656, iou_t3: 0.5591, iou_t4: 0.2561, iou_t5: 0.1880, loss: 0.3107
2026-05-09 11:54:18,088 - mmdet - INFO - Iter [250/120000]	lr: 4.985e-05, eta: 1 day, 11:36:37, time: 1.071, data_time: 0.010, memory: 37107, loss_mask: 0.3036, loss_texture: 0.0260, iou: 0.4999, iou_t0: 0.7390, iou_t1: 0.6386, iou_t2: 0.6464, iou_t3: 0.5052, iou_t4: 0.3325, iou_t5: 0.2229, loss: 0.3296
2026-05-09 11:54:44,782 - mmdet - INFO - Iter [275/120000]	lr: 5.485e-05, eta: 1 day, 11:35:40, time: 1.068, data_time: 0.010, memory: 37107, loss_mask: 0.2944, loss_texture: 0.0257, iou: 0.5540, iou_t0: 0.7333, iou_t1: 0.6247, iou_t2: 0.7150, iou_t3: 0.5811, iou_t4: 0.3198, iou_t5: 0.3507, loss: 0.3201
2026-05-09 11:55:11,391 - mmdet - INFO - Iter [300/120000]	lr: 5.984e-05, eta: 1 day, 11:34:14, time: 1.064, data_time: 0.010, memory: 37107, loss_mask: 0.2727, loss_texture: 0.0229, iou: 0.4963, iou_t0: 0.6659, iou_t1: 0.5984, iou_t2: 0.5557, iou_t3: 0.4953, iou_t4: 0.3869, iou_t5: 0.2043, loss: 0.2956
2026-05-09 11:55:38,014 - mmdet - INFO - Iter [325/120000]	lr: 6.484e-05, eta: 1 day, 11:33:02, time: 1.065, data_time: 0.010, memory: 37107, loss_mask: 0.3100, loss_texture: 0.0250, iou: 0.5335, iou_t0: 0.7067, iou_t1: 0.7651, iou_t2: 0.7186, iou_t3: 0.5231, iou_t4: 0.3032, iou_t5: 0.2395, loss: 0.3350
2026-05-09 11:56:04,646 - mmdet - INFO - Iter [350/120000]	lr: 6.983e-05, eta: 1 day, 11:32:00, time: 1.065, data_time: 0.010, memory: 37107, loss_mask: 0.2758, loss_texture: 0.0233, iou: 0.5123, iou_t0: 0.6607, iou_t1: 0.6041, iou_t2: 0.7180, iou_t3: 0.5001, iou_t4: 0.3025, iou_t5: 0.3197, loss: 0.2991
2026-05-09 11:56:31,349 - mmdet - INFO - Iter [375/120000]	lr: 7.483e-05, eta: 1 day, 11:31:25, time: 1.068, data_time: 0.010, memory: 37107, loss_mask: 0.2549, loss_texture: 0.0211, iou: 0.5056, iou_t0: 0.7553, iou_t1: 0.6661, iou_t2: 0.6108, iou_t3: 0.5470, iou_t4: 0.3323, iou_t5: 0.1821, loss: 0.2760
2026-05-09 11:56:57,934 - mmdet - INFO - Iter [400/120000]	lr: 7.982e-05, eta: 1 day, 11:30:16, time: 1.063, data_time: 0.010, memory: 37107, loss_mask: 0.2430, loss_texture: 0.0202, iou: 0.5185, iou_t0: 0.5871, iou_t1: 0.7059, iou_t2: 0.6840, iou_t3: 0.5340, iou_t4: 0.3206, iou_t5: 0.1837, loss: 0.2632
2026-05-09 11:57:24,600 - mmdet - INFO - Iter [425/120000]	lr: 8.482e-05, eta: 1 day, 11:29:35, time: 1.067, data_time: 0.010, memory: 37107, loss_mask: 0.2577, loss_texture: 0.0219, iou: 0.5090, iou_t0: 0.6986, iou_t1: 0.6202, iou_t2: 0.5575, iou_t3: 0.5964, iou_t4: 0.3317, iou_t5: 0.2357, loss: 0.2796
2026-05-09 11:57:51,214 - mmdet - INFO - Iter [450/120000]	lr: 8.981e-05, eta: 1 day, 11:28:42, time: 1.065, data_time: 0.010, memory: 37107, loss_mask: 0.2442, loss_texture: 0.0217, iou: 0.5583, iou_t0: 0.7213, iou_t1: 0.6851, iou_t2: 0.7469, iou_t3: 0.5529, iou_t4: 0.4497, iou_t5: 0.2813, loss: 0.2659
2026-05-09 11:58:17,906 - mmdet - INFO - Iter [475/120000]	lr: 9.481e-05, eta: 1 day, 11:28:11, time: 1.068, data_time: 0.010, memory: 37107, loss_mask: 0.2828, loss_texture: 0.0241, iou: 0.5061, iou_t0: 0.6807, iou_t1: 0.6172, iou_t2: 0.6372, iou_t3: 0.5899, iou_t4: 0.3716, iou_t5: 0.1537, loss: 0.3070
2026-05-09 11:58:44,640 - mmdet - INFO - Validation set: 10 images
2026-05-09 11:58:44,640 - mmdet - INFO - 
--- Val evaluation at iter 500 ---
2026-05-09 12:00:02,368 - mmdet - INFO - 
+------------+-------------+-------------+
| Class      | Val IoU     | Pseudo IoU  |
+------------+-------------+-------------+
| background | 90.23       | 93.28       |
| building   | 50.57       | 59.08       |
| Summary    | mIoU: 70.40 | mIoU: 76.18 |
+------------+-------------+-------------+
Images evaluated: 10
2026-05-09 12:00:03,820 - mmdet - INFO - ★ New best mIoU: 70.40% (prev: 0.00%, Δ=+70.40%) → saved to /home/ubuntu/vy/Denoiser/SegRefiner/work_dirs1/exp3_obj_unc/best_model.pth
2026-05-09 12:00:03,825 - mmdet - INFO - Iter [500/120000]	lr: 9.980e-05, eta: 1 day, 11:27:50, time: 1.069, data_time: 0.010, memory: 37107, val/mIoU: 0.7040, val/IoU.building: 0.5057, val/IoU.background: 0.9023, val/Pseudo_mIoU: 0.7618, loss_mask: 0.2482, loss_texture: 0.0211, iou: 0.5687, iou_t0: 0.7929, iou_t1: 0.6943, iou_t2: 0.7664, iou_t3: 0.5760, iou_t4: 0.2848, iou_t5: 0.3569, loss: 0.2693
2026-05-09 12:00:30,269 - mmdet - INFO - Iter [525/120000]	lr: 1.000e-04, eta: 1 day, 16:26:43, time: 4.225, data_time: 3.178, memory: 37107, loss_mask: 0.2642, loss_texture: 0.0210, iou: 0.5326, iou_t0: 0.7619, iou_t1: 0.6773, iou_t2: 0.6675, iou_t3: 0.5838, iou_t4: 0.3150, iou_t5: 0.2230, loss: 0.2852
2026-05-09 12:00:56,739 - mmdet - INFO - Iter [550/120000]	lr: 1.000e-04, eta: 1 day, 16:11:45, time: 1.059, data_time: 0.010, memory: 37107, loss_mask: 0.2128, loss_texture: 0.0177, iou: 0.5013, iou_t0: 0.6486, iou_t1: 0.6523, iou_t2: 0.6328, iou_t3: 0.5193, iou_t4: 0.2879, iou_t5: 0.2498, loss: 0.2305
2026-05-09 12:01:23,315 - mmdet - INFO - Iter [575/120000]	lr: 1.000e-04, eta: 1 day, 15:58:24, time: 1.063, data_time: 0.010, memory: 37107, loss_mask: 0.2236, loss_texture: 0.0203, iou: 0.5413, iou_t0: 0.6876, iou_t1: 0.6928, iou_t2: 0.6564, iou_t3: 0.4770, iou_t4: 0.2924, iou_t5: 0.3098, loss: 0.2439
2026-05-09 12:01:49,904 - mmdet - INFO - Iter [600/120000]	lr: 1.000e-04, eta: 1 day, 15:46:10, time: 1.064, data_time: 0.010, memory: 37107, loss_mask: 0.2050, loss_texture: 0.0179, iou: 0.5155, iou_t0: 0.6270, iou_t1: 0.6899, iou_t2: 0.6448, iou_t3: 0.5074, iou_t4: 0.3383, iou_t5: 0.2192, loss: 0.2229
2026-05-09 12:02:16,600 - mmdet - INFO - Iter [625/120000]	lr: 1.000e-04, eta: 1 day, 15:35:13, time: 1.068, data_time: 0.010, memory: 37107, loss_mask: 0.2036, loss_texture: 0.0187, iou: 0.5397, iou_t0: 0.7989, iou_t1: 0.5749, iou_t2: 0.6873, iou_t3: 0.5798, iou_t4: 0.3484, iou_t5: 0.3243, loss: 0.2223
2026-05-09 12:02:43,187 - mmdet - INFO - Iter [650/120000]	lr: 1.000e-04, eta: 1 day, 15:24:45, time: 1.063, data_time: 0.010, memory: 37107, loss_mask: 0.1898, loss_texture: 0.0171, iou: 0.5319, iou_t0: 0.7138, iou_t1: 0.7095, iou_t2: 0.5868, iou_t3: 0.5537, iou_t4: 0.3469, iou_t5: 0.3134, loss: 0.2070
2026-05-09 12:03:09,746 - mmdet - INFO - Iter [675/120000]	lr: 1.000e-04, eta: 1 day, 15:14:56, time: 1.062, data_time: 0.010, memory: 37107, loss_mask: 0.2412, loss_texture: 0.0204, iou: 0.5021, iou_t0: 0.6766, iou_t1: 0.7226, iou_t2: 0.5946, iou_t3: 0.4748, iou_t4: 0.2277, iou_t5: 0.2152, loss: 0.2616
2026-05-09 12:03:36,352 - mmdet - INFO - Iter [700/120000]	lr: 1.000e-04, eta: 1 day, 15:05:56, time: 1.064, data_time: 0.009, memory: 37107, loss_mask: 0.2301, loss_texture: 0.0195, iou: 0.5535, iou_t0: 0.6254, iou_t1: 0.6777, iou_t2: 0.6285, iou_t3: 0.6059, iou_t4: 0.3213, iou_t5: 0.3107, loss: 0.2496
2026-05-09 12:04:03,084 - mmdet - INFO - Iter [725/120000]	lr: 1.000e-04, eta: 1 day, 14:57:52, time: 1.069, data_time: 0.010, memory: 37107, loss_mask: 0.2006, loss_texture: 0.0190, iou: 0.5604, iou_t0: 0.6737, iou_t1: 0.6787, iou_t2: 0.6595, iou_t3: 0.5300, iou_t4: 0.3853, iou_t5: 0.3031, loss: 0.2196
2026-05-09 12:04:29,710 - mmdet - INFO - Iter [750/120000]	lr: 1.000e-04, eta: 1 day, 14:50:01, time: 1.065, data_time: 0.010, memory: 37107, loss_mask: 0.2259, loss_texture: 0.0208, iou: 0.5438, iou_t0: 0.6149, iou_t1: 0.7383, iou_t2: 0.5581, iou_t3: 0.6322, iou_t4: 0.3475, iou_t5: 0.2836, loss: 0.2467
2026-05-09 12:04:56,306 - mmdet - INFO - Iter [775/120000]	lr: 1.000e-04, eta: 1 day, 14:42:35, time: 1.064, data_time: 0.010, memory: 37107, loss_mask: 0.2250, loss_texture: 0.0197, iou: 0.5427, iou_t0: 0.6671, iou_t1: 0.6263, iou_t2: 0.6363, iou_t3: 0.5868, iou_t4: 0.3719, iou_t5: 0.2906, loss: 0.2447
2026-05-09 12:05:22,879 - mmdet - INFO - Iter [800/120000]	lr: 1.000e-04, eta: 1 day, 14:35:31, time: 1.063, data_time: 0.010, memory: 37107, loss_mask: 0.2215, loss_texture: 0.0198, iou: 0.5496, iou_t0: 0.7447, iou_t1: 0.6794, iou_t2: 0.6877, iou_t3: 0.5619, iou_t4: 0.4014, iou_t5: 0.2423, loss: 0.2413
2026-05-09 12:05:49,536 - mmdet - INFO - Iter [825/120000]	lr: 1.000e-04, eta: 1 day, 14:29:03, time: 1.066, data_time: 0.010, memory: 37107, loss_mask: 0.2296, loss_texture: 0.0174, iou: 0.5040, iou_t0: 0.5857, iou_t1: 0.6810, iou_t2: 0.6600, iou_t3: 0.5191, iou_t4: 0.3744, iou_t5: 0.2064, loss: 0.2470
2026-05-09 12:06:16,272 - mmdet - INFO - Iter [850/120000]	lr: 1.000e-04, eta: 1 day, 14:23:08, time: 1.069, data_time: 0.010, memory: 37107, loss_mask: 0.2303, loss_texture: 0.0197, iou: 0.5450, iou_t0: 0.7340, iou_t1: 0.7598, iou_t2: 0.6809, iou_t3: 0.5763, iou_t4: 0.3442, iou_t5: 0.2570, loss: 0.2500
2026-05-09 12:06:42,835 - mmdet - INFO - Iter [875/120000]	lr: 1.000e-04, eta: 1 day, 14:17:08, time: 1.063, data_time: 0.010, memory: 37107, loss_mask: 0.2128, loss_texture: 0.0183, iou: 0.5339, iou_t0: 0.6221, iou_t1: 0.6621, iou_t2: 0.7574, iou_t3: 0.5484, iou_t4: 0.3655, iou_t5: 0.3241, loss: 0.2311
2026-05-09 12:07:09,347 - mmdet - INFO - Iter [900/120000]	lr: 1.000e-04, eta: 1 day, 14:11:20, time: 1.060, data_time: 0.010, memory: 37107, loss_mask: 0.1943, loss_texture: 0.0173, iou: 0.5509, iou_t0: 0.6676, iou_t1: 0.6782, iou_t2: 0.6812, iou_t3: 0.5123, iou_t4: 0.3407, iou_t5: 0.2960, loss: 0.2116
2026-05-09 12:07:35,854 - mmdet - INFO - Iter [925/120000]	lr: 1.000e-04, eta: 1 day, 14:05:48, time: 1.060, data_time: 0.010, memory: 37107, loss_mask: 0.2075, loss_texture: 0.0185, iou: 0.5336, iou_t0: 0.5981, iou_t1: 0.5656, iou_t2: 0.7023, iou_t3: 0.5881, iou_t4: 0.3997, iou_t5: 0.3455, loss: 0.2260
2026-05-09 12:08:02,350 - mmdet - INFO - Iter [950/120000]	lr: 1.000e-04, eta: 1 day, 14:00:31, time: 1.060, data_time: 0.010, memory: 37107, loss_mask: 0.2124, loss_texture: 0.0185, iou: 0.5115, iou_t0: 0.6304, iou_t1: 0.7812, iou_t2: 0.5970, iou_t3: 0.6030, iou_t4: 0.2953, iou_t5: 0.3010, loss: 0.2310
2026-05-09 12:08:28,895 - mmdet - INFO - Iter [975/120000]	lr: 1.000e-04, eta: 1 day, 13:55:35, time: 1.062, data_time: 0.010, memory: 37107, loss_mask: 0.2589, loss_texture: 0.0211, iou: 0.5469, iou_t0: 0.6371, iou_t1: 0.8249, iou_t2: 0.6443, iou_t3: 0.4735, iou_t4: 0.4249, iou_t5: 0.3001, loss: 0.2800
2026-05-09 12:08:55,389 - mmdet - INFO - 
--- Val evaluation at iter 1000 ---
2026-05-09 12:10:13,465 - mmdet - INFO - 
+------------+-------------+-------------+
| Class      | Val IoU     | Pseudo IoU  |
+------------+-------------+-------------+
| background | 86.94       | 93.28       |
| building   | 43.66       | 59.08       |
| Summary    | mIoU: 65.30 | mIoU: 76.18 |
+------------+-------------+-------------+
Images evaluated: 10
2026-05-09 12:10:14,951 - mmdet - INFO - Exp name: exp3_obj_unc.py
2026-05-09 12:10:14,951 - mmdet - INFO - Iter [1000/120000]	lr: 1.000e-04, eta: 1 day, 13:50:47, time: 1.060, data_time: 0.010, memory: 37107, val/mIoU: 0.6530, val/IoU.building: 0.4366, val/IoU.background: 0.8694, val/Pseudo_mIoU: 0.7618, loss_mask: 0.2145, loss_texture: 0.0181, iou: 0.5122, iou_t0: 0.6416, iou_t1: 0.6976, iou_t2: 0.5664, iou_t3: 0.4483, iou_t4: 0.3395, iou_t5: 0.3137, loss: 0.2326
2026-05-09 12:10:41,580 - mmdet - INFO - Iter [1025/120000]	lr: 1.000e-04, eta: 1 day, 16:20:21, time: 4.248, data_time: 3.193, memory: 37107, loss_mask: 0.2104, loss_texture: 0.0194, iou: 0.5521, iou_t0: 0.8188, iou_t1: 0.6936, iou_t2: 0.6581, iou_t3: 0.5619, iou_t4: 0.3964, iou_t5: 0.2551, loss: 0.2298
2026-05-09 12:11:08,165 - mmdet - INFO - Iter [1050/120000]	lr: 1.000e-04, eta: 1 day, 16:12:26, time: 1.063, data_time: 0.010, memory: 37107, loss_mask: 0.2184, loss_texture: 0.0196, iou: 0.5864, iou_t0: 0.7105, iou_t1: 0.7883, iou_t2: 0.6633, iou_t3: 0.6098, iou_t4: 0.4241, iou_t5: 0.3482, loss: 0.2381
2026-05-09 12:11:34,710 - mmdet - INFO - Iter [1075/120000]	lr: 1.000e-04, eta: 1 day, 16:04:46, time: 1.062, data_time: 0.010, memory: 37107, loss_mask: 0.2050, loss_texture: 0.0182, iou: 0.5438, iou_t0: 0.7565, iou_t1: 0.7419, iou_t2: 0.5065, iou_t3: 0.4786, iou_t4: 0.3825, iou_t5: 0.3010, loss: 0.2232
2026-05-09 12:12:01,347 - mmdet - INFO - Iter [1100/120000]	lr: 1.000e-04, eta: 1 day, 15:57:37, time: 1.065, data_time: 0.010, memory: 37107, loss_mask: 0.1908, loss_texture: 0.0170, iou: 0.6012, iou_t0: 0.7508, iou_t1: 0.7363, iou_t2: 0.6482, iou_t3: 0.6787, iou_t4: 0.4014, iou_t5: 0.3294, loss: 0.2079
2026-05-09 12:12:28,025 - mmdet - INFO - Iter [1125/120000]	lr: 1.000e-04, eta: 1 day, 15:50:49, time: 1.067, data_time: 0.010, memory: 37107, loss_mask: 0.1754, loss_texture: 0.0162, iou: 0.5923, iou_t0: 0.6342, iou_t1: 0.7919, iou_t2: 0.7095, iou_t3: 0.6524, iou_t4: 0.3870, iou_t5: 0.3312, loss: 0.1917
2026-05-09 12:12:54,581 - mmdet - INFO - Iter [1150/120000]	lr: 1.000e-04, eta: 1 day, 15:44:06, time: 1.062, data_time: 0.010, memory: 37107, loss_mask: 0.1979, loss_texture: 0.0181, iou: 0.5948, iou_t0: 0.7148, iou_t1: 0.6442, iou_t2: 0.7916, iou_t3: 0.5972, iou_t4: 0.3908, iou_t5: 0.3365, loss: 0.2160
2026-05-09 12:13:21,063 - mmdet - INFO - Iter [1175/120000]	lr: 1.000e-04, eta: 1 day, 15:37:31, time: 1.059, data_time: 0.010, memory: 37107, loss_mask: 0.1510, loss_texture: 0.0141, iou: 0.5557, iou_t0: 0.6619, iou_t1: 0.7514, iou_t2: 0.6575, iou_t3: 0.6117, iou_t4: 0.3460, iou_t5: 0.2188, loss: 0.1651
2026-05-09 12:13:47,662 - mmdet - INFO - Iter [1200/120000]	lr: 1.000e-04, eta: 1 day, 15:31:23, time: 1.064, data_time: 0.010, memory: 37107, loss_mask: 0.1879, loss_texture: 0.0178, iou: 0.5410, iou_t0: 0.6551, iou_t1: 0.6578, iou_t2: 0.7464, iou_t3: 0.5939, iou_t4: 0.3397, iou_t5: 0.2378, loss: 0.2057
2026-05-09 12:14:14,345 - mmdet - INFO - Iter [1225/120000]	lr: 1.000e-04, eta: 1 day, 15:25:37, time: 1.067, data_time: 0.010, memory: 37107, loss_mask: 0.1836, loss_texture: 0.0167, iou: 0.5234, iou_t0: 0.6039, iou_t1: 0.7277, iou_t2: 0.6570, iou_t3: 0.5883, iou_t4: 0.3712, iou_t5: 0.2531, loss: 0.2003
2026-05-09 12:14:40,911 - mmdet - INFO - Iter [1250/120000]	lr: 1.000e-04, eta: 1 day, 15:19:53, time: 1.063, data_time: 0.010, memory: 37107, loss_mask: 0.1959, loss_texture: 0.0174, iou: 0.5376, iou_t0: 0.6813, iou_t1: 0.7024, iou_t2: 0.6771, iou_t3: 0.6414, iou_t4: 0.2896, iou_t5: 0.2672, loss: 0.2133
2026-05-09 12:15:07,421 - mmdet - INFO - Iter [1275/120000]	lr: 1.000e-04, eta: 1 day, 15:14:16, time: 1.060, data_time: 0.010, memory: 37107, loss_mask: 0.2002, loss_texture: 0.0173, iou: 0.5486, iou_t0: 0.7556, iou_t1: 0.6449, iou_t2: 0.6987, iou_t3: 0.4934, iou_t4: 0.3736, iou_t5: 0.3710, loss: 0.2175
2026-05-09 12:15:33,885 - mmdet - INFO - Iter [1300/120000]	lr: 1.000e-04, eta: 1 day, 15:08:46, time: 1.059, data_time: 0.010, memory: 37107, loss_mask: 0.1856, loss_texture: 0.0166, iou: 0.5519, iou_t0: 0.6489, iou_t1: 0.7122, iou_t2: 0.6077, iou_t3: 0.6045, iou_t4: 0.3925, iou_t5: 0.3025, loss: 0.2021
2026-05-09 12:16:00,468 - mmdet - INFO - Iter [1325/120000]	lr: 1.000e-04, eta: 1 day, 15:03:39, time: 1.063, data_time: 0.010, memory: 37107, loss_mask: 0.1887, loss_texture: 0.0164, iou: 0.5530, iou_t0: 0.6856, iou_t1: 0.5699, iou_t2: 0.6435, iou_t3: 0.6688, iou_t4: 0.3337, iou_t5: 0.3152, loss: 0.2051
2026-05-09 12:16:27,084 - mmdet - INFO - Iter [1350/120000]	lr: 1.000e-04, eta: 1 day, 14:58:45, time: 1.065, data_time: 0.010, memory: 37107, loss_mask: 0.1892, loss_texture: 0.0169, iou: 0.5441, iou_t0: 0.6444, iou_t1: 0.5789, iou_t2: 0.6927, iou_t3: 0.5899, iou_t4: 0.3506, iou_t5: 0.3230, loss: 0.2061
2026-05-09 12:16:53,703 - mmdet - INFO - Iter [1375/120000]	lr: 1.000e-04, eta: 1 day, 14:54:01, time: 1.065, data_time: 0.010, memory: 37107, loss_mask: 0.1924, loss_texture: 0.0171, iou: 0.5744, iou_t0: 0.7394, iou_t1: 0.7539, iou_t2: 0.6502, iou_t3: 0.6716, iou_t4: 0.4543, iou_t5: 0.2081, loss: 0.2095
2026-05-09 12:17:20,201 - mmdet - INFO - Iter [1400/120000]	lr: 1.000e-04, eta: 1 day, 14:49:16, time: 1.060, data_time: 0.009, memory: 37107, loss_mask: 0.2263, loss_texture: 0.0190, iou: 0.5558, iou_t0: 0.6987, iou_t1: 0.7212, iou_t2: 0.6676, iou_t3: 0.5177, iou_t4: 0.4135, iou_t5: 0.3618, loss: 0.2453
2026-05-09 12:17:46,695 - mmdet - INFO - Iter [1425/120000]	lr: 1.000e-04, eta: 1 day, 14:44:40, time: 1.060, data_time: 0.010, memory: 37107, loss_mask: 0.2059, loss_texture: 0.0184, iou: 0.5945, iou_t0: 0.7793, iou_t1: 0.7558, iou_t2: 0.5848, iou_t3: 0.5542, iou_t4: 0.3886, iou_t5: 0.3362, loss: 0.2243
2026-05-09 12:18:13,161 - mmdet - INFO - Iter [1450/120000]	lr: 1.000e-04, eta: 1 day, 14:40:10, time: 1.059, data_time: 0.010, memory: 37107, loss_mask: 0.1963, loss_texture: 0.0167, iou: 0.5670, iou_t0: 0.6750, iou_t1: 0.8150, iou_t2: 0.6592, iou_t3: 0.5749, iou_t4: 0.3772, iou_t5: 0.2461, loss: 0.2129
2026-05-09 12:18:39,636 - mmdet - INFO - Iter [1475/120000]	lr: 1.000e-04, eta: 1 day, 14:35:49, time: 1.059, data_time: 0.010, memory: 37107, loss_mask: 0.1808, loss_texture: 0.0171, iou: 0.5694, iou_t0: 0.7604, iou_t1: 0.6599, iou_t2: 0.6505, iou_t3: 0.6787, iou_t4: 0.4510, iou_t5: 0.3126, loss: 0.1979
2026-05-09 12:19:06,181 - mmdet - INFO - 
--- Val evaluation at iter 1500 ---
2026-05-09 12:20:24,643 - mmdet - INFO - 
+------------+-------------+-------------+
| Class      | Val IoU     | Pseudo IoU  |
+------------+-------------+-------------+
| background | 88.84       | 93.28       |
| building   | 47.43       | 59.08       |
| Summary    | mIoU: 68.14 | mIoU: 76.18 |
+------------+-------------+-------------+
Images evaluated: 10
2026-05-09 12:20:26,096 - mmdet - INFO - Iter [1500/120000]	lr: 1.000e-04, eta: 1 day, 14:31:42, time: 1.062, data_time: 0.010, memory: 37107, val/mIoU: 0.6814, val/IoU.building: 0.4743, val/IoU.background: 0.8884, val/Pseudo_mIoU: 0.7618, loss_mask: 0.2048, loss_texture: 0.0187, iou: 0.5817, iou_t0: 0.7317, iou_t1: 0.7510, iou_t2: 0.7224, iou_t3: 0.6319, iou_t4: 0.4496, iou_t5: 0.3006, loss: 0.2235
2026-05-09 12:20:52,794 - mmdet - INFO - Iter [1525/120000]	lr: 1.000e-04, eta: 1 day, 16:11:22, time: 4.265, data_time: 3.209, memory: 37107, loss_mask: 0.1660, loss_texture: 0.0167, iou: 0.6223, iou_t0: 0.7348, iou_t1: 0.7825, iou_t2: 0.6947, iou_t3: 0.6139, iou_t4: 0.4885, iou_t5: 0.4007, loss: 0.1828
2026-05-09 12:21:19,331 - mmdet - INFO - Iter [1550/120000]	lr: 1.000e-04, eta: 1 day, 16:05:46, time: 1.061, data_time: 0.010, memory: 37107, loss_mask: 0.1825, loss_texture: 0.0178, iou: 0.5705, iou_t0: 0.6862, iou_t1: 0.6106, iou_t2: 0.6284, iou_t3: 0.6832, iou_t4: 0.4863, iou_t5: 0.3350, loss: 0.2003
2026-05-09 12:21:45,900 - mmdet - INFO - Iter [1575/120000]	lr: 1.000e-04, eta: 1 day, 16:00:22, time: 1.063, data_time: 0.010, memory: 37107, loss_mask: 0.1648, loss_texture: 0.0150, iou: 0.5439, iou_t0: 0.6511, iou_t1: 0.5751, iou_t2: 0.7303, iou_t3: 0.6145, iou_t4: 0.5055, iou_t5: 0.2787, loss: 0.1798
2026-05-09 12:22:12,419 - mmdet - INFO - Iter [1600/120000]	lr: 1.000e-04, eta: 1 day, 15:55:04, time: 1.061, data_time: 0.010, memory: 37107, loss_mask: 0.1522, loss_texture: 0.0153, iou: 0.5379, iou_t0: 0.6488, iou_t1: 0.7698, iou_t2: 0.6016, iou_t3: 0.4369, iou_t4: 0.4339, iou_t5: 0.3119, loss: 0.1675
2026-05-09 12:22:39,009 - mmdet - INFO - Iter [1625/120000]	lr: 1.000e-04, eta: 1 day, 15:50:01, time: 1.064, data_time: 0.010, memory: 37107, loss_mask: 0.1703, loss_texture: 0.0156, iou: 0.5701, iou_t0: 0.7469, iou_t1: 0.6831, iou_t2: 0.6746, iou_t3: 0.5402, iou_t4: 0.4218, iou_t5: 0.2988, loss: 0.1859
2026-05-09 12:23:05,775 - mmdet - INFO - Iter [1650/120000]	lr: 1.000e-04, eta: 1 day, 15:45:18, time: 1.071, data_time: 0.010, memory: 37107, loss_mask: 0.2305, loss_texture: 0.0202, iou: 0.5703, iou_t0: 0.6301, iou_t1: 0.7355, iou_t2: 0.7122, iou_t3: 0.6446, iou_t4: 0.3514, iou_t5: 0.3939, loss: 0.2507
2026-05-09 12:23:32,412 - mmdet - INFO - Iter [1675/120000]	lr: 1.000e-04, eta: 1 day, 15:40:34, time: 1.065, data_time: 0.010, memory: 37107, loss_mask: 0.1747, loss_texture: 0.0167, iou: 0.5763, iou_t0: 0.6469, iou_t1: 0.7161, iou_t2: 0.7325, iou_t3: 0.5821, iou_t4: 0.4598, iou_t5: 0.2783, loss: 0.1914
2026-05-09 12:23:58,982 - mmdet - INFO - Iter [1700/120000]	lr: 1.000e-04, eta: 1 day, 15:35:52, time: 1.063, data_time: 0.010, memory: 37107, loss_mask: 0.1690, loss_texture: 0.0149, iou: 0.5546, iou_t0: 0.7520, iou_t1: 0.5457, iou_t2: 0.6964, iou_t3: 0.5569, iou_t4: 0.3680, iou_t5: 0.3684, loss: 0.1838
2026-05-09 12:24:25,597 - mmdet - INFO - Iter [1725/120000]	lr: 1.000e-04, eta: 1 day, 15:31:22, time: 1.065, data_time: 0.010, memory: 37107, loss_mask: 0.1854, loss_texture: 0.0170, iou: 0.5612, iou_t0: 0.6345, iou_t1: 0.8019, iou_t2: 0.6773, iou_t3: 0.5254, iou_t4: 0.4722, iou_t5: 0.3589, loss: 0.2024
2026-05-09 12:24:52,270 - mmdet - INFO - Iter [1750/120000]	lr: 1.000e-04, eta: 1 day, 15:27:02, time: 1.067, data_time: 0.010, memory: 37107, loss_mask: 0.1714, loss_texture: 0.0170, iou: 0.5997, iou_t0: 0.7595, iou_t1: 0.6707, iou_t2: 0.7408, iou_t3: 0.5756, iou_t4: 0.4806, iou_t5: 0.3915, loss: 0.1884
2026-05-09 12:25:19,056 - mmdet - INFO - Iter [1775/120000]	lr: 1.000e-04, eta: 1 day, 15:22:56, time: 1.071, data_time: 0.010, memory: 37107, loss_mask: 0.1801, loss_texture: 0.0196, iou: 0.6189, iou_t0: 0.6626, iou_t1: 0.7369, iou_t2: 0.7421, iou_t3: 0.5844, iou_t4: 0.4440, iou_t5: 0.5280, loss: 0.1997
2026-05-09 12:25:45,732 - mmdet - INFO - Iter [1800/120000]	lr: 1.000e-04, eta: 1 day, 15:18:49, time: 1.067, data_time: 0.010, memory: 37107, loss_mask: 0.1546, loss_texture: 0.0148, iou: 0.5924, iou_t0: 0.6796, iou_t1: 0.7395, iou_t2: 0.6748, iou_t3: 0.5667, iou_t4: 0.4067, iou_t5: 0.3709, loss: 0.1694
2026-05-09 12:26:12,513 - mmdet - INFO - Iter [1825/120000]	lr: 1.000e-04, eta: 1 day, 15:14:55, time: 1.071, data_time: 0.010, memory: 37107, loss_mask: 0.1837, loss_texture: 0.0189, iou: 0.5920, iou_t0: 0.6859, iou_t1: 0.7485, iou_t2: 0.6927, iou_t3: 0.5884, iou_t4: 0.4669, iou_t5: 0.2947, loss: 0.2026
2026-05-09 12:26:39,170 - mmdet - INFO - Iter [1850/120000]	lr: 1.000e-04, eta: 1 day, 15:10:58, time: 1.066, data_time: 0.010, memory: 37107, loss_mask: 0.1457, loss_texture: 0.0145, iou: 0.5803, iou_t0: 0.6710, iou_t1: 0.7026, iou_t2: 0.7360, iou_t3: 0.5017, iou_t4: 0.5243, iou_t5: 0.3420, loss: 0.1602
2026-05-09 12:27:05,779 - mmdet - INFO - Iter [1875/120000]	lr: 1.000e-04, eta: 1 day, 15:07:05, time: 1.064, data_time: 0.010, memory: 37107, loss_mask: 0.1807, loss_texture: 0.0171, iou: 0.5857, iou_t0: 0.7297, iou_t1: 0.6796, iou_t2: 0.6571, iou_t3: 0.6063, iou_t4: 0.4807, iou_t5: 0.4114, loss: 0.1978
2026-05-09 12:27:32,303 - mmdet - INFO - Iter [1900/120000]	lr: 1.000e-04, eta: 1 day, 15:03:11, time: 1.061, data_time: 0.010, memory: 37107, loss_mask: 0.1707, loss_texture: 0.0157, iou: 0.5490, iou_t0: 0.7065, iou_t1: 0.6499, iou_t2: 0.6820, iou_t3: 0.5645, iou_t4: 0.4541, iou_t5: 0.2811, loss: 0.1864
2026-05-09 12:27:58,905 - mmdet - INFO - Iter [1925/120000]	lr: 1.000e-04, eta: 1 day, 14:59:27, time: 1.064, data_time: 0.010, memory: 37107, loss_mask: 0.1664, loss_texture: 0.0165, iou: 0.5660, iou_t0: 0.7420, iou_t1: 0.7777, iou_t2: 0.6157, iou_t3: 0.5141, iou_t4: 0.3851, iou_t5: 0.3392, loss: 0.1829
2026-05-09 12:28:25,596 - mmdet - INFO - Iter [1950/120000]	lr: 1.000e-04, eta: 1 day, 14:55:54, time: 1.068, data_time: 0.010, memory: 37107, loss_mask: 0.1641, loss_texture: 0.0179, iou: 0.5830, iou_t0: 0.7079, iou_t1: 0.7591, iou_t2: 0.6307, iou_t3: 0.6645, iou_t4: 0.4912, iou_t5: 0.3467, loss: 0.1820
2026-05-09 12:28:52,301 - mmdet - INFO - Iter [1975/120000]	lr: 1.000e-04, eta: 1 day, 14:52:27, time: 1.068, data_time: 0.010, memory: 37107, loss_mask: 0.1982, loss_texture: 0.0186, iou: 0.5741, iou_t0: 0.7639, iou_t1: 0.6489, iou_t2: 0.7174, iou_t3: 0.6404, iou_t4: 0.4303, iou_t5: 0.3520, loss: 0.2168
2026-05-09 12:29:18,832 - mmdet - INFO - 
--- Val evaluation at iter 2000 ---
2026-05-09 12:30:35,876 - mmdet - INFO - 
+------------+-------------+-------------+
| Class      | Val IoU     | Pseudo IoU  |
+------------+-------------+-------------+
| background | 91.11       | 93.28       |
| building   | 52.72       | 59.08       |
| Summary    | mIoU: 71.92 | mIoU: 76.18 |
+------------+-------------+-------------+
Images evaluated: 10
2026-05-09 12:30:38,740 - mmdet - INFO - ★ New best mIoU: 71.92% (prev: 70.40%, Δ=+1.52%) → saved to /home/ubuntu/vy/Denoiser/SegRefiner/work_dirs1/exp3_obj_unc/best_model.pth
2026-05-09 12:30:38,745 - mmdet - INFO - Exp name: exp3_obj_unc.py
2026-05-09 12:30:38,745 - mmdet - INFO - Iter [2000/120000]	lr: 1.000e-04, eta: 1 day, 14:48:53, time: 1.061, data_time: 0.010, memory: 37107, val/mIoU: 0.7192, val/IoU.building: 0.5272, val/IoU.background: 0.9111, val/Pseudo_mIoU: 0.7618, loss_mask: 0.1867, loss_texture: 0.0177, iou: 0.5536, iou_t0: 0.7474, iou_t1: 0.6515, iou_t2: 0.7276, iou_t3: 0.5611, iou_t4: 0.4400, iou_t5: 0.3348, loss: 0.2045
2026-05-09 12:31:05,264 - mmdet - INFO - Iter [2025/120000]	lr: 1.000e-04, eta: 1 day, 16:03:00, time: 4.257, data_time: 3.208, memory: 37107, loss_mask: 0.1562, loss_texture: 0.0160, iou: 0.5760, iou_t0: 0.7458, iou_t1: 0.6295, iou_t2: 0.6814, iou_t3: 0.4891, iou_t4: 0.5075, iou_t5: 0.3793, loss: 0.1723
2026-05-09 12:31:31,769 - mmdet - INFO - Iter [2050/120000]	lr: 1.000e-04, eta: 1 day, 15:58:36, time: 1.060, data_time: 0.010, memory: 37107, loss_mask: 0.1739, loss_texture: 0.0178, iou: 0.5932, iou_t0: 0.7012, iou_t1: 0.7563, iou_t2: 0.5880, iou_t3: 0.5889, iou_t4: 0.5041, iou_t5: 0.3999, loss: 0.1917
2026-05-09 12:31:58,386 - mmdet - INFO - Iter [2075/120000]	lr: 1.000e-04, eta: 1 day, 15:54:25, time: 1.065, data_time: 0.010, memory: 37107, loss_mask: 0.1700, loss_texture: 0.0175, iou: 0.5904, iou_t0: 0.6582, iou_t1: 0.7145, iou_t2: 0.6939, iou_t3: 0.5382, iou_t4: 0.4805, iou_t5: 0.4069, loss: 0.1875
2026-05-09 12:32:25,124 - mmdet - INFO - Iter [2100/120000]	lr: 1.000e-04, eta: 1 day, 15:50:25, time: 1.069, data_time: 0.010, memory: 37107, loss_mask: 0.1736, loss_texture: 0.0174, iou: 0.6075, iou_t0: 0.6865, iou_t1: 0.6170, iou_t2: 0.7240, iou_t3: 0.6035, iou_t4: 0.4535, iou_t5: 0.4195, loss: 0.1910
2026-05-09 12:32:51,787 - mmdet - INFO - Iter [2125/120000]	lr: 1.000e-04, eta: 1 day, 15:46:27, time: 1.067, data_time: 0.011, memory: 37107, loss_mask: 0.1662, loss_texture: 0.0158, iou: 0.5576, iou_t0: 0.8160, iou_t1: 0.5695, iou_t2: 0.6691, iou_t3: 0.6493, iou_t4: 0.4424, iou_t5: 0.3720, loss: 0.1821
2026-05-09 12:33:18,489 - mmdet - INFO - Iter [2150/120000]	lr: 1.000e-04, eta: 1 day, 15:42:36, time: 1.068, data_time: 0.010, memory: 37107, loss_mask: 0.1688, loss_texture: 0.0157, iou: 0.5734, iou_t0: 0.7399, iou_t1: 0.6641, iou_t2: 0.6420, iou_t3: 0.4818, iou_t4: 0.4817, iou_t5: 0.3393, loss: 0.1846
2026-05-09 12:33:45,179 - mmdet - INFO - Iter [2175/120000]	lr: 1.000e-04, eta: 1 day, 15:38:48, time: 1.068, data_time: 0.010, memory: 37107, loss_mask: 0.1541, loss_texture: 0.0159, iou: 0.5712, iou_t0: 0.7232, iou_t1: 0.7281, iou_t2: 0.7262, iou_t3: 0.4780, iou_t4: 0.4117, iou_t5: 0.4343, loss: 0.1700
2026-05-09 12:34:11,901 - mmdet - INFO - Iter [2200/120000]	lr: 1.000e-04, eta: 1 day, 15:35:07, time: 1.069, data_time: 0.010, memory: 37107, loss_mask: 0.1568, loss_texture: 0.0163, iou: 0.6252, iou_t0: 0.7437, iou_t1: 0.7417, iou_t2: 0.7223, iou_t3: 0.6538, iou_t4: 0.5214, iou_t5: 0.4190, loss: 0.1730
2026-05-09 12:34:38,616 - mmdet - INFO - Iter [2225/120000]	lr: 1.000e-04, eta: 1 day, 15:31:30, time: 1.069, data_time: 0.010, memory: 37107, loss_mask: 0.1182, loss_texture: 0.0123, iou: 0.5934, iou_t0: 0.7615, iou_t1: 0.7325, iou_t2: 0.6869, iou_t3: 0.5578, iou_t4: 0.4323, iou_t5: 0.3890, loss: 0.1304
2026-05-09 12:35:05,161 - mmdet - INFO - Iter [2250/120000]	lr: 1.000e-04, eta: 1 day, 15:27:49, time: 1.062, data_time: 0.010, memory: 37107, loss_mask: 0.1457, loss_texture: 0.0145, iou: 0.5516, iou_t0: 0.6749, iou_t1: 0.6712, iou_t2: 0.5781, iou_t3: 0.5543, iou_t4: 0.3783, iou_t5: 0.3857, loss: 0.1602
2026-05-09 12:35:31,718 - mmdet - INFO - Iter [2275/120000]	lr: 1.000e-04, eta: 1 day, 15:24:12, time: 1.062, data_time: 0.010, memory: 37107, loss_mask: 0.1598, loss_texture: 0.0171, iou: 0.5850, iou_t0: 0.7580, iou_t1: 0.6649, iou_t2: 0.6901, iou_t3: 0.4775, iou_t4: 0.5070, iou_t5: 0.3827, loss: 0.1769
2026-05-09 12:35:58,296 - mmdet - INFO - Iter [2300/120000]	lr: 1.000e-04, eta: 1 day, 15:20:40, time: 1.063, data_time: 0.010, memory: 37107, loss_mask: 0.1478, loss_texture: 0.0152, iou: 0.5888, iou_t0: 0.6843, iou_t1: 0.7039, iou_t2: 0.6866, iou_t3: 0.5390, iou_t4: 0.4673, iou_t5: 0.2996, loss: 0.1631
2026-05-09 12:36:24,866 - mmdet - INFO - Iter [2325/120000]	lr: 1.000e-04, eta: 1 day, 15:17:12, time: 1.063, data_time: 0.010, memory: 37107, loss_mask: 0.1687, loss_texture: 0.0177, iou: 0.5935, iou_t0: 0.7311, iou_t1: 0.6345, iou_t2: 0.6708, iou_t3: 0.6072, iou_t4: 0.4590, iou_t5: 0.4303, loss: 0.1864
2026-05-09 12:36:51,583 - mmdet - INFO - Iter [2350/120000]	lr: 1.000e-04, eta: 1 day, 15:13:55, time: 1.069, data_time: 0.010, memory: 37107, loss_mask: 0.1918, loss_texture: 0.0179, iou: 0.5920, iou_t0: 0.6789, iou_t1: 0.6684, iou_t2: 0.7521, iou_t3: 0.5661, iou_t4: 0.4343, iou_t5: 0.4202, loss: 0.2097
2026-05-09 12:37:18,221 - mmdet - INFO - Iter [2375/120000]	lr: 1.000e-04, eta: 1 day, 15:10:38, time: 1.066, data_time: 0.010, memory: 37107, loss_mask: 0.1466, loss_texture: 0.0150, iou: 0.5832, iou_t0: 0.7524, iou_t1: 0.7123, iou_t2: 0.6410, iou_t3: 0.6128, iou_t4: 0.5122, iou_t5: 0.3332, loss: 0.1616
2026-05-09 12:37:44,834 - mmdet - INFO - Iter [2400/120000]	lr: 1.000e-04, eta: 1 day, 15:07:24, time: 1.064, data_time: 0.010, memory: 37107, loss_mask: 0.1283, loss_texture: 0.0138, iou: 0.6127, iou_t0: 0.7427, iou_t1: 0.7597, iou_t2: 0.7442, iou_t3: 0.6342, iou_t4: 0.4267, iou_t5: 0.3462, loss: 0.1421
2026-05-09 12:38:11,422 - mmdet - INFO - Iter [2425/120000]	lr: 1.000e-04, eta: 1 day, 15:04:11, time: 1.064, data_time: 0.010, memory: 37107, loss_mask: 0.1569, loss_texture: 0.0152, iou: 0.5801, iou_t0: 0.6601, iou_t1: 0.7826, iou_t2: 0.6817, iou_t3: 0.5812, iou_t4: 0.4355, iou_t5: 0.3584, loss: 0.1721
2026-05-09 12:38:38,086 - mmdet - INFO - Iter [2450/120000]	lr: 1.000e-04, eta: 1 day, 15:01:06, time: 1.067, data_time: 0.010, memory: 37107, loss_mask: 0.1518, loss_texture: 0.0165, iou: 0.6261, iou_t0: 0.7707, iou_t1: 0.7834, iou_t2: 0.7383, iou_t3: 0.6371, iou_t4: 0.4835, iou_t5: 0.4281, loss: 0.1684
2026-05-09 12:39:04,819 - mmdet - INFO - Iter [2475/120000]	lr: 1.000e-04, eta: 1 day, 14:58:07, time: 1.069, data_time: 0.010, memory: 37107, loss_mask: 0.1482, loss_texture: 0.0154, iou: 0.5727, iou_t0: 0.7412, iou_t1: 0.6045, iou_t2: 0.6245, iou_t3: 0.5766, iou_t4: 0.5358, iou_t5: 0.3637, loss: 0.1637
2026-05-09 12:39:31,415 - mmdet - INFO - 
--- Val evaluation at iter 2500 ---
2026-05-09 12:40:48,174 - mmdet - INFO - 
+------------+-------------+-------------+
| Class      | Val IoU     | Pseudo IoU  |
+------------+-------------+-------------+
| background | 90.78       | 93.28       |
| building   | 51.74       | 59.08       |
| Summary    | mIoU: 71.26 | mIoU: 76.18 |
+------------+-------------+-------------+
Images evaluated: 10
2026-05-09 12:40:49,565 - mmdet - INFO - Iter [2500/120000]	lr: 1.000e-04, eta: 1 day, 14:55:04, time: 1.064, data_time: 0.010, memory: 37107, val/mIoU: 0.7126, val/IoU.building: 0.5174, val/IoU.background: 0.9078, val/Pseudo_mIoU: 0.7618, loss_mask: 0.1659, loss_texture: 0.0145, iou: 0.5925, iou_t0: 0.7629, iou_t1: 0.7861, iou_t2: 0.6338, iou_t3: 0.5727, iou_t4: 0.4360, iou_t5: 0.4379, loss: 0.1804
2026-05-09 12:41:16,001 - mmdet - INFO - Iter [2525/120000]	lr: 1.000e-04, eta: 1 day, 15:52:33, time: 4.183, data_time: 3.136, memory: 37107, loss_mask: 0.1377, loss_texture: 0.0149, iou: 0.5761, iou_t0: 0.7058, iou_t1: 0.7446, iou_t2: 0.6911, iou_t3: 0.4619, iou_t4: 0.4199, iou_t5: 0.3704, loss: 0.1527
2026-05-09 12:41:42,438 - mmdet - INFO - Iter [2550/120000]	lr: 1.000e-04, eta: 1 day, 15:48:53, time: 1.057, data_time: 0.009, memory: 37107, loss_mask: 0.1464, loss_texture: 0.0135, iou: 0.5849, iou_t0: 0.7517, iou_t1: 0.7032, iou_t2: 0.7324, iou_t3: 0.5666, iou_t4: 0.4522, iou_t5: 0.3827, loss: 0.1599
2026-05-09 12:42:08,948 - mmdet - INFO - Iter [2575/120000]	lr: 1.000e-04, eta: 1 day, 15:45:20, time: 1.060, data_time: 0.010, memory: 37107, loss_mask: 0.1440, loss_texture: 0.0143, iou: 0.5673, iou_t0: 0.6298, iou_t1: 0.6675, iou_t2: 0.5633, iou_t3: 0.6526, iou_t4: 0.4330, iou_t5: 0.3812, loss: 0.1583
2026-05-09 12:42:35,483 - mmdet - INFO - Iter [2600/120000]	lr: 1.000e-04, eta: 1 day, 15:41:52, time: 1.061, data_time: 0.010, memory: 37107, loss_mask: 0.1416, loss_texture: 0.0149, iou: 0.5877, iou_t0: 0.6434, iou_t1: 0.6795, iou_t2: 0.6502, iou_t3: 0.6845, iou_t4: 0.4062, iou_t5: 0.3944, loss: 0.1565
2026-05-09 12:43:02,106 - mmdet - INFO - Iter [2625/120000]	lr: 1.000e-04, eta: 1 day, 15:38:31, time: 1.065, data_time: 0.010, memory: 37107, loss_mask: 0.1394, loss_texture: 0.0158, iou: 0.6034, iou_t0: 0.7552, iou_t1: 0.6245, iou_t2: 0.6252, iou_t3: 0.5857, iou_t4: 0.4964, iou_t5: 0.4878, loss: 0.1552
2026-05-09 12:43:28,755 - mmdet - INFO - Iter [2650/120000]	lr: 1.000e-04, eta: 1 day, 15:35:15, time: 1.066, data_time: 0.010, memory: 37107, loss_mask: 0.1534, loss_texture: 0.0158, iou: 0.5972, iou_t0: 0.6896, iou_t1: 0.7420, iou_t2: 0.7410, iou_t3: 0.6430, iou_t4: 0.4295, iou_t5: 0.3878, loss: 0.1692
2026-05-09 12:43:55,429 - mmdet - INFO - Iter [2675/120000]	lr: 1.000e-04, eta: 1 day, 15:32:03, time: 1.067, data_time: 0.010, memory: 37107, loss_mask: 0.1110, loss_texture: 0.0114, iou: 0.5854, iou_t0: 0.6722, iou_t1: 0.7811, iou_t2: 0.6618, iou_t3: 0.5180, iou_t4: 0.4080, iou_t5: 0.3261, loss: 0.1224
2026-05-09 12:44:22,145 - mmdet - INFO - Iter [2700/120000]	lr: 1.000e-04, eta: 1 day, 15:28:56, time: 1.069, data_time: 0.010, memory: 37107, loss_mask: 0.1458, loss_texture: 0.0158, iou: 0.6016, iou_t0: 0.6130, iou_t1: 0.8102, iou_t2: 0.6542, iou_t3: 0.6725, iou_t4: 0.4654, iou_t5: 0.4986, loss: 0.1616
2026-05-09 12:44:48,751 - mmdet - INFO - Iter [2725/120000]	lr: 1.000e-04, eta: 1 day, 15:25:47, time: 1.064, data_time: 0.010, memory: 37107, loss_mask: 0.1342, loss_texture: 0.0155, iou: 0.6061, iou_t0: 0.7238, iou_t1: 0.6203, iou_t2: 0.6611, iou_t3: 0.6271, iou_t4: 0.5149, iou_t5: 0.4586, loss: 0.1496
2026-05-09 12:45:15,331 - mmdet - INFO - Iter [2750/120000]	lr: 1.000e-04, eta: 1 day, 15:22:40, time: 1.063, data_time: 0.010, memory: 37107, loss_mask: 0.1342, loss_texture: 0.0144, iou: 0.5529, iou_t0: 0.6736, iou_t1: 0.7063, iou_t2: 0.5762, iou_t3: 0.4925, iou_t4: 0.5216, iou_t5: 0.3743, loss: 0.1486
2026-05-09 12:45:41,986 - mmdet - INFO - Iter [2775/120000]	lr: 1.000e-04, eta: 1 day, 15:19:38, time: 1.066, data_time: 0.010, memory: 37107, loss_mask: 0.1547, loss_texture: 0.0169, iou: 0.6120, iou_t0: 0.7771, iou_t1: 0.7232, iou_t2: 0.6928, iou_t3: 0.5422, iou_t4: 0.5253, iou_t5: 0.4284, loss: 0.1717
2026-05-09 12:46:08,656 - mmdet - INFO - Iter [2800/120000]	lr: 1.000e-04, eta: 1 day, 15:16:41, time: 1.067, data_time: 0.010, memory: 37107, loss_mask: 0.1277, loss_texture: 0.0135, iou: 0.6163, iou_t0: 0.7716, iou_t1: 0.7243, iou_t2: 0.7591, iou_t3: 0.5332, iou_t4: 0.4577, iou_t5: 0.4085, loss: 0.1412
2026-05-09 12:46:35,256 - mmdet - INFO - Iter [2825/120000]	lr: 1.000e-04, eta: 1 day, 15:13:43, time: 1.064, data_time: 0.010, memory: 37107, loss_mask: 0.1441, loss_texture: 0.0157, iou: 0.6127, iou_t0: 0.7675, iou_t1: 0.8592, iou_t2: 0.7284, iou_t3: 0.5653, iou_t4: 0.4626, iou_t5: 0.3970, loss: 0.1599
2026-05-09 12:47:01,788 - mmdet - INFO - Iter [2850/120000]	lr: 1.000e-04, eta: 1 day, 15:10:45, time: 1.061, data_time: 0.010, memory: 37107, loss_mask: 0.1261, loss_texture: 0.0131, iou: 0.5749, iou_t0: 0.6832, iou_t1: 0.5966, iou_t2: 0.6316, iou_t3: 0.5791, iou_t4: 0.4885, iou_t5: 0.3413, loss: 0.1392
2026-05-09 12:47:28,441 - mmdet - INFO - Iter [2875/120000]	lr: 1.000e-04, eta: 1 day, 15:07:54, time: 1.066, data_time: 0.010, memory: 37107, loss_mask: 0.1489, loss_texture: 0.0158, iou: 0.6074, iou_t0: 0.6863, iou_t1: 0.8188, iou_t2: 0.6272, iou_t3: 0.5798, iou_t4: 0.4699, iou_t5: 0.4626, loss: 0.1647
2026-05-09 12:47:55,113 - mmdet - INFO - Iter [2900/120000]	lr: 1.000e-04, eta: 1 day, 15:05:07, time: 1.067, data_time: 0.010, memory: 37107, loss_mask: 0.1584, loss_texture: 0.0139, iou: 0.5872, iou_t0: 0.6965, iou_t1: 0.6498, iou_t2: 0.6422, iou_t3: 0.6472, iou_t4: 0.4554, iou_t5: 0.3992, loss: 0.1723
2026-05-09 12:48:21,689 - mmdet - INFO - Iter [2925/120000]	lr: 1.000e-04, eta: 1 day, 15:02:18, time: 1.063, data_time: 0.010, memory: 37107, loss_mask: 0.1443, loss_texture: 0.0145, iou: 0.6172, iou_t0: 0.7416, iou_t1: 0.7671, iou_t2: 0.7332, iou_t3: 0.6630, iou_t4: 0.4579, iou_t5: 0.4229, loss: 0.1588
2026-05-09 12:48:48,190 - mmdet - INFO - Iter [2950/120000]	lr: 1.000e-04, eta: 1 day, 14:59:29, time: 1.060, data_time: 0.009, memory: 37107, loss_mask: 0.1505, loss_texture: 0.0153, iou: 0.5962, iou_t0: 0.7554, iou_t1: 0.7762, iou_t2: 0.6412, iou_t3: 0.5870, iou_t4: 0.4654, iou_t5: 0.4175, loss: 0.1658
2026-05-09 12:49:14,717 - mmdet - INFO - Iter [2975/120000]	lr: 1.000e-04, eta: 1 day, 14:56:43, time: 1.061, data_time: 0.010, memory: 37107, loss_mask: 0.1491, loss_texture: 0.0163, iou: 0.5997, iou_t0: 0.6606, iou_t1: 0.7145, iou_t2: 0.7216, iou_t3: 0.6515, iou_t4: 0.5307, iou_t5: 0.3846, loss: 0.1654
2026-05-09 12:49:41,262 - mmdet - INFO - 
--- Val evaluation at iter 3000 ---
2026-05-09 12:50:57,316 - mmdet - INFO - 
+------------+-------------+-------------+
| Class      | Val IoU     | Pseudo IoU  |
+------------+-------------+-------------+
| background | 90.11       | 93.28       |
| building   | 50.09       | 59.08       |
| Summary    | mIoU: 70.10 | mIoU: 76.18 |
+------------+-------------+-------------+
Images evaluated: 10
2026-05-09 12:50:58,709 - mmdet - INFO - Exp name: exp3_obj_unc.py
2026-05-09 12:50:58,710 - mmdet - INFO - Iter [3000/120000]	lr: 1.000e-04, eta: 1 day, 14:54:00, time: 1.062, data_time: 0.010, memory: 37107, val/mIoU: 0.7010, val/IoU.building: 0.5009, val/IoU.background: 0.9011, val/Pseudo_mIoU: 0.7618, loss_mask: 0.1274, loss_texture: 0.0137, iou: 0.6034, iou_t0: 0.7072, iou_t1: 0.6914, iou_t2: 0.7206, iou_t3: 0.6103, iou_t4: 0.4660, iou_t5: 0.3625, loss: 0.1411
2026-05-09 12:51:25,248 - mmdet - INFO - Iter [3025/120000]	lr: 1.000e-04, eta: 1 day, 15:41:14, time: 4.159, data_time: 3.108, memory: 37107, loss_mask: 0.1379, loss_texture: 0.0138, iou: 0.5742, iou_t0: 0.7203, iou_t1: 0.7143, iou_t2: 0.7076, iou_t3: 0.5680, iou_t4: 0.4376, iou_t5: 0.4234, loss: 0.1517
2026-05-09 12:51:51,873 - mmdet - INFO - Iter [3050/120000]	lr: 1.000e-04, eta: 1 day, 15:38:14, time: 1.065, data_time: 0.010, memory: 37107, loss_mask: 0.1217, loss_texture: 0.0140, iou: 0.6162, iou_t0: 0.7219, iou_t1: 0.7883, iou_t2: 0.6612, iou_t3: 0.6165, iou_t4: 0.4535, iou_t5: 0.3887, loss: 0.1357
2026-05-09 12:52:18,756 - mmdet - INFO - Iter [3075/120000]	lr: 1.000e-04, eta: 1 day, 15:35:26, time: 1.075, data_time: 0.010, memory: 37107, loss_mask: 0.1676, loss_texture: 0.0156, iou: 0.5886, iou_t0: 0.6498, iou_t1: 0.7177, iou_t2: 0.7024, iou_t3: 0.6250, iou_t4: 0.4551, iou_t5: 0.3456, loss: 0.1833
2026-05-09 12:52:45,458 - mmdet - INFO - Iter [3100/120000]	lr: 1.000e-04, eta: 1 day, 15:32:33, time: 1.068, data_time: 0.010, memory: 37107, loss_mask: 0.1561, loss_texture: 0.0172, iou: 0.6206, iou_t0: 0.7740, iou_t1: 0.7446, iou_t2: 0.7101, iou_t3: 0.5045, iou_t4: 0.5138, iou_t5: 0.5065, loss: 0.1733
2026-05-09 12:53:12,108 - mmdet - INFO - Iter [3125/120000]	lr: 1.000e-04, eta: 1 day, 15:29:41, time: 1.066, data_time: 0.010, memory: 37107, loss_mask: 0.1472, loss_texture: 0.0146, iou: 0.6161, iou_t0: 0.7285, iou_t1: 0.6376, iou_t2: 0.7281, iou_t3: 0.6040, iou_t4: 0.4335, iou_t5: 0.4929, loss: 0.1618
2026-05-09 12:53:38,755 - mmdet - INFO - Iter [3150/120000]	lr: 1.000e-04, eta: 1 day, 15:26:51, time: 1.066, data_time: 0.010, memory: 37107, loss_mask: 0.1384, loss_texture: 0.0153, iou: 0.6079, iou_t0: 0.7124, iou_t1: 0.7037, iou_t2: 0.7770, iou_t3: 0.4733, iou_t4: 0.4932, iou_t5: 0.5107, loss: 0.1537
2026-05-09 12:54:05,301 - mmdet - INFO - Iter [3175/120000]	lr: 1.000e-04, eta: 1 day, 15:23:59, time: 1.062, data_time: 0.010, memory: 37107, loss_mask: 0.1381, loss_texture: 0.0148, iou: 0.5904, iou_t0: 0.8065, iou_t1: 0.6373, iou_t2: 0.7303, iou_t3: 0.5548, iou_t4: 0.5335, iou_t5: 0.3740, loss: 0.1529
2026-05-09 12:54:31,805 - mmdet - INFO - Iter [3200/120000]	lr: 1.000e-04, eta: 1 day, 15:21:08, time: 1.060, data_time: 0.009, memory: 37107, loss_mask: 0.2816, loss_texture: 0.0163, iou: 0.5545, iou_t0: 0.7485, iou_t1: 0.7708, iou_t2: 0.6824, iou_t3: 0.3896, iou_t4: 0.3503, iou_t5: 0.3384, loss: 0.2979
2026-05-09 12:54:58,390 - mmdet - INFO - Iter [3225/120000]	lr: 1.000e-04, eta: 1 day, 15:18:23, time: 1.063, data_time: 0.010, memory: 37107, loss_mask: 0.1868, loss_texture: 0.0165, iou: 0.5389, iou_t0: 0.7072, iou_t1: 0.6597, iou_t2: 0.6244, iou_t3: 0.6702, iou_t4: 0.3484, iou_t5: 0.1724, loss: 0.2032
2026-05-09 12:55:25,226 - mmdet - INFO - Iter [3250/120000]	lr: 1.000e-04, eta: 1 day, 15:15:48, time: 1.073, data_time: 0.011, memory: 37107, loss_mask: 0.1433, loss_texture: 0.0146, iou: 0.6166, iou_t0: 0.7075, iou_t1: 0.7339, iou_t2: 0.7866, iou_t3: 0.6089, iou_t4: 0.4410, iou_t5: 0.3460, loss: 0.1579
2026-05-09 12:55:51,962 - mmdet - INFO - Iter [3275/120000]	lr: 1.000e-04, eta: 1 day, 15:13:12, time: 1.069, data_time: 0.010, memory: 37107, loss_mask: 0.1359, loss_texture: 0.0147, iou: 0.5911, iou_t0: 0.6783, iou_t1: 0.7073, iou_t2: 0.7088, iou_t3: 0.6845, iou_t4: 0.4563, iou_t5: 0.4211, loss: 0.1506
2026-05-09 12:56:18,635 - mmdet - INFO - Iter [3300/120000]	lr: 1.000e-04, eta: 1 day, 15:10:35, time: 1.067, data_time: 0.009, memory: 37107, loss_mask: 0.1461, loss_texture: 0.0154, iou: 0.5886, iou_t0: 0.7269, iou_t1: 0.6968, iou_t2: 0.6617, iou_t3: 0.6612, iou_t4: 0.4106, iou_t5: 0.3638, loss: 0.1615
2026-05-09 12:56:45,352 - mmdet - INFO - Iter [3325/120000]	lr: 1.000e-04, eta: 1 day, 15:08:03, time: 1.069, data_time: 0.010, memory: 37107, loss_mask: 0.1306, loss_texture: 0.0140, iou: 0.5714, iou_t0: 0.6229, iou_t1: 0.6794, iou_t2: 0.6886, iou_t3: 0.5735, iou_t4: 0.4492, iou_t5: 0.3796, loss: 0.1447
2026-05-09 12:57:11,859 - mmdet - INFO - Iter [3350/120000]	lr: 1.000e-04, eta: 1 day, 15:05:24, time: 1.060, data_time: 0.009, memory: 37107, loss_mask: 0.1544, loss_texture: 0.0145, iou: 0.5581, iou_t0: 0.7482, iou_t1: 0.6368, iou_t2: 0.6509, iou_t3: 0.4718, iou_t4: 0.4992, iou_t5: 0.4181, loss: 0.1689
2026-05-09 12:57:38,473 - mmdet - INFO - Iter [3375/120000]	lr: 1.000e-04, eta: 1 day, 15:02:52, time: 1.065, data_time: 0.010, memory: 37107, loss_mask: 0.1889, loss_texture: 0.0176, iou: 0.6038, iou_t0: 0.7683, iou_t1: 0.7068, iou_t2: 0.6765, iou_t3: 0.5846, iou_t4: 0.5070, iou_t5: 0.4560, loss: 0.2065
2026-05-09 12:58:05,009 - mmdet - INFO - Iter [3400/120000]	lr: 1.000e-04, eta: 1 day, 15:00:18, time: 1.061, data_time: 0.010, memory: 37107, loss_mask: 0.1694, loss_texture: 0.0173, iou: 0.5816, iou_t0: 0.7603, iou_t1: 0.6886, iou_t2: 0.6738, iou_t3: 0.6062, iou_t4: 0.4991, iou_t5: 0.3893, loss: 0.1867
2026-05-09 12:58:31,598 - mmdet - INFO - Iter [3425/120000]	lr: 1.000e-04, eta: 1 day, 14:57:48, time: 1.064, data_time: 0.010, memory: 37107, loss_mask: 0.1292, loss_texture: 0.0124, iou: 0.6317, iou_t0: 0.7865, iou_t1: 0.7331, iou_t2: 0.7258, iou_t3: 0.5987, iou_t4: 0.5229, iou_t5: 0.3619, loss: 0.1416
2026-05-09 12:58:58,343 - mmdet - INFO - Iter [3450/120000]	lr: 1.000e-04, eta: 1 day, 14:55:25, time: 1.070, data_time: 0.010, memory: 37107, loss_mask: 0.1797, loss_texture: 0.0180, iou: 0.5776, iou_t0: 0.6906, iou_t1: 0.6649, iou_t2: 0.6284, iou_t3: 0.5929, iou_t4: 0.5131, iou_t5: 0.3955, loss: 0.1977
2026-05-09 12:59:25,025 - mmdet - INFO - Iter [3475/120000]	lr: 1.000e-04, eta: 1 day, 14:53:02, time: 1.067, data_time: 0.010, memory: 37107, loss_mask: 0.1461, loss_texture: 0.0166, iou: 0.5810, iou_t0: 0.5760, iou_t1: 0.7044, iou_t2: 0.6698, iou_t3: 0.6702, iou_t4: 0.5287, iou_t5: 0.4181, loss: 0.1627
2026-05-09 12:59:51,546 - mmdet - INFO - 
--- Val evaluation at iter 3500 ---
2026-05-09 13:01:09,184 - mmdet - INFO - 
+------------+-------------+-------------+
| Class      | Val IoU     | Pseudo IoU  |
+------------+-------------+-------------+
| background | 92.71       | 93.28       |
| building   | 57.49       | 59.08       |
| Summary    | mIoU: 75.10 | mIoU: 76.18 |
+------------+-------------+-------------+
Images evaluated: 10
2026-05-09 13:01:11,791 - mmdet - INFO - ★ New best mIoU: 75.10% (prev: 71.92%, Δ=+3.18%) → saved to /home/ubuntu/vy/Denoiser/SegRefiner/work_dirs1/exp3_obj_unc/best_model.pth
2026-05-09 13:01:11,796 - mmdet - INFO - Iter [3500/120000]	lr: 1.000e-04, eta: 1 day, 14:50:35, time: 1.061, data_time: 0.010, memory: 37107, val/mIoU: 0.7510, val/IoU.building: 0.5749, val/IoU.background: 0.9271, val/Pseudo_mIoU: 0.7618, loss_mask: 0.1294, loss_texture: 0.0127, iou: 0.5735, iou_t0: 0.7397, iou_t1: 0.7067, iou_t2: 0.7075, iou_t3: 0.5640, iou_t4: 0.4079, iou_t5: 0.3947, loss: 0.1421
2026-05-09 13:01:38,427 - mmdet - INFO - Iter [3525/120000]	lr: 1.000e-04, eta: 1 day, 15:32:25, time: 4.275, data_time: 3.222, memory: 37107, loss_mask: 0.1467, loss_texture: 0.0145, iou: 0.5758, iou_t0: 0.7191, iou_t1: 0.7268, iou_t2: 0.7335, iou_t3: 0.5643, iou_t4: 0.3637, iou_t5: 0.4023, loss: 0.1612
2026-05-09 13:02:05,060 - mmdet - INFO - Iter [3550/120000]	lr: 1.000e-04, eta: 1 day, 15:29:46, time: 1.065, data_time: 0.009, memory: 37107, loss_mask: 0.1413, loss_texture: 0.0152, iou: 0.6122, iou_t0: 0.6502, iou_t1: 0.7373, iou_t2: 0.7280, iou_t3: 0.6598, iou_t4: 0.5096, iou_t5: 0.4175, loss: 0.1565
2026-05-09 13:02:31,695 - mmdet - INFO - Iter [3575/120000]	lr: 1.000e-04, eta: 1 day, 15:27:09, time: 1.065, data_time: 0.009, memory: 37107, loss_mask: 0.1364, loss_texture: 0.0156, iou: 0.5969, iou_t0: 0.7561, iou_t1: 0.6398, iou_t2: 0.6929, iou_t3: 0.6329, iou_t4: 0.4399, iou_t5: 0.3829, loss: 0.1520
2026-05-09 13:02:58,281 - mmdet - INFO - Iter [3600/120000]	lr: 1.000e-04, eta: 1 day, 15:24:32, time: 1.063, data_time: 0.009, memory: 37107, loss_mask: 0.1309, loss_texture: 0.0150, iou: 0.6414, iou_t0: 0.7517, iou_t1: 0.7428, iou_t2: 0.7360, iou_t3: 0.6069, iou_t4: 0.5588, iou_t5: 0.4721, loss: 0.1459
2026-05-09 13:03:24,901 - mmdet - INFO - Iter [3625/120000]	lr: 1.000e-04, eta: 1 day, 15:21:58, time: 1.065, data_time: 0.010, memory: 37107, loss_mask: 0.1297, loss_texture: 0.0135, iou: 0.6205, iou_t0: 0.7309, iou_t1: 0.7128, iou_t2: 0.7030, iou_t3: 0.6631, iou_t4: 0.4429, iou_t5: 0.4837, loss: 0.1433
2026-05-09 13:03:51,515 - mmdet - INFO - Iter [3650/120000]	lr: 1.000e-04, eta: 1 day, 15:19:25, time: 1.065, data_time: 0.010, memory: 37107, loss_mask: 0.1546, loss_texture: 0.0155, iou: 0.5596, iou_t0: 0.7234, iou_t1: 0.6255, iou_t2: 0.5871, iou_t3: 0.5735, iou_t4: 0.4404, iou_t5: 0.4213, loss: 0.1701
2026-05-09 13:04:18,263 - mmdet - INFO - Iter [3675/120000]	lr: 1.000e-04, eta: 1 day, 15:16:59, time: 1.070, data_time: 0.010, memory: 37107, loss_mask: 0.1141, loss_texture: 0.0132, iou: 0.5795, iou_t0: 0.6760, iou_t1: 0.7013, iou_t2: 0.6415, iou_t3: 0.5547, iou_t4: 0.5250, iou_t5: 0.4292, loss: 0.1273
2026-05-09 13:04:44,846 - mmdet - INFO - Iter [3700/120000]	lr: 1.000e-04, eta: 1 day, 15:14:29, time: 1.063, data_time: 0.010, memory: 37107, loss_mask: 0.1136, loss_texture: 0.0130, iou: 0.6308, iou_t0: 0.6593, iou_t1: 0.7652, iou_t2: 0.6983, iou_t3: 0.5462, iou_t4: 0.5878, iou_t5: 0.4263, loss: 0.1266
2026-05-09 13:05:11,430 - mmdet - INFO - Iter [3725/120000]	lr: 1.000e-04, eta: 1 day, 15:12:00, time: 1.063, data_time: 0.010, memory: 37107, loss_mask: 0.1370, loss_texture: 0.0148, iou: 0.5976, iou_t0: 0.6911, iou_t1: 0.7311, iou_t2: 0.8058, iou_t3: 0.6119, iou_t4: 0.4537, iou_t5: 0.4261, loss: 0.1518
2026-05-09 13:05:38,036 - mmdet - INFO - Iter [3750/120000]	lr: 1.000e-04, eta: 1 day, 15:09:34, time: 1.064, data_time: 0.010, memory: 37107, loss_mask: 0.1726, loss_texture: 0.0167, iou: 0.6080, iou_t0: 0.7461, iou_t1: 0.7552, iou_t2: 0.6370, iou_t3: 0.6824, iou_t4: 0.5045, iou_t5: 0.3793, loss: 0.1893
2026-05-09 13:06:04,713 - mmdet - INFO - Iter [3775/120000]	lr: 1.000e-04, eta: 1 day, 15:07:12, time: 1.067, data_time: 0.010, memory: 37107, loss_mask: 0.1628, loss_texture: 0.0151, iou: 0.5999, iou_t0: 0.6677, iou_t1: 0.6215, iou_t2: 0.6783, iou_t3: 0.7234, iou_t4: 0.5784, iou_t5: 0.4408, loss: 0.1779
2026-05-09 13:06:31,474 - mmdet - INFO - Iter [3800/120000]	lr: 1.000e-04, eta: 1 day, 15:04:53, time: 1.070, data_time: 0.010, memory: 37107, loss_mask: 0.1389, loss_texture: 0.0144, iou: 0.5697, iou_t0: 0.7901, iou_t1: 0.6398, iou_t2: 0.6176, iou_t3: 0.5980, iou_t4: 0.4055, iou_t5: 0.3926, loss: 0.1533
2026-05-09 13:06:58,079 - mmdet - INFO - Iter [3825/120000]	lr: 1.000e-04, eta: 1 day, 15:02:32, time: 1.064, data_time: 0.010, memory: 37107, loss_mask: 0.1252, loss_texture: 0.0143, iou: 0.5965, iou_t0: 0.6766, iou_t1: 0.7105, iou_t2: 0.7309, iou_t3: 0.5896, iou_t4: 0.3878, iou_t5: 0.3874, loss: 0.1395
2026-05-09 13:07:24,697 - mmdet - INFO - Iter [3850/120000]	lr: 1.000e-04, eta: 1 day, 15:00:12, time: 1.065, data_time: 0.010, memory: 37107, loss_mask: 0.1275, loss_texture: 0.0144, iou: 0.6332, iou_t0: 0.7910, iou_t1: 0.7592, iou_t2: 0.6313, iou_t3: 0.6263, iou_t4: 0.5631, iou_t5: 0.3811, loss: 0.1419
2026-05-09 13:07:51,285 - mmdet - INFO - Iter [3875/120000]	lr: 1.000e-04, eta: 1 day, 14:57:53, time: 1.064, data_time: 0.009, memory: 37107, loss_mask: 0.1186, loss_texture: 0.0139, iou: 0.6408, iou_t0: 0.7458, iou_t1: 0.7613, iou_t2: 0.6335, iou_t3: 0.6939, iou_t4: 0.5254, iou_t5: 0.4744, loss: 0.1325
2026-05-09 13:08:17,968 - mmdet - INFO - Iter [3900/120000]	lr: 1.000e-04, eta: 1 day, 14:55:38, time: 1.067, data_time: 0.010, memory: 37107, loss_mask: 0.1330, loss_texture: 0.0148, iou: 0.6076, iou_t0: 0.6884, iou_t1: 0.7287, iou_t2: 0.7365, iou_t3: 0.5876, iou_t4: 0.5035, iou_t5: 0.3896, loss: 0.1478
2026-05-09 13:08:44,580 - mmdet - INFO - Iter [3925/120000]	lr: 1.000e-04, eta: 1 day, 14:53:22, time: 1.064, data_time: 0.010, memory: 37107, loss_mask: 0.1297, loss_texture: 0.0147, iou: 0.6293, iou_t0: 0.7451, iou_t1: 0.7215, iou_t2: 0.7415, iou_t3: 0.7042, iou_t4: 0.4582, iou_t5: 0.4404, loss: 0.1444
2026-05-09 13:09:11,158 - mmdet - INFO - Iter [3950/120000]	lr: 1.000e-04, eta: 1 day, 14:51:07, time: 1.063, data_time: 0.009, memory: 37107, loss_mask: 0.1268, loss_texture: 0.0144, iou: 0.6351, iou_t0: 0.7677, iou_t1: 0.7066, iou_t2: 0.7652, iou_t3: 0.6573, iou_t4: 0.5152, iou_t5: 0.4851, loss: 0.1412
2026-05-09 13:09:37,640 - mmdet - INFO - Iter [3975/120000]	lr: 1.000e-04, eta: 1 day, 14:48:51, time: 1.059, data_time: 0.009, memory: 37107, loss_mask: 0.1292, loss_texture: 0.0144, iou: 0.5599, iou_t0: 0.6474, iou_t1: 0.6450, iou_t2: 0.6609, iou_t3: 0.4763, iou_t4: 0.3866, iou_t5: 0.4999, loss: 0.1436
2026-05-09 13:10:04,265 - mmdet - INFO - 
--- Val evaluation at iter 4000 ---
2026-05-09 13:11:22,227 - mmdet - INFO - 
+------------+-------------+-------------+
| Class      | Val IoU     | Pseudo IoU  |
+------------+-------------+-------------+
| background | 90.60       | 93.28       |
| building   | 51.48       | 59.08       |
| Summary    | mIoU: 71.04 | mIoU: 76.18 |
+------------+-------------+-------------+
Images evaluated: 10
2026-05-09 13:11:23,607 - mmdet - INFO - Exp name: exp3_obj_unc.py
2026-05-09 13:11:23,607 - mmdet - INFO - Iter [4000/120000]	lr: 1.000e-04, eta: 1 day, 14:46:39, time: 1.065, data_time: 0.009, memory: 37107, val/mIoU: 0.7104, val/IoU.building: 0.5148, val/IoU.background: 0.9060, val/Pseudo_mIoU: 0.7618, loss_mask: 0.1331, loss_texture: 0.0148, iou: 0.6182, iou_t0: 0.6232, iou_t1: 0.6826, iou_t2: 0.7526, iou_t3: 0.6740, iou_t4: 0.5268, iou_t5: 0.4749, loss: 0.1479
2026-05-09 13:11:50,261 - mmdet - INFO - Iter [4025/120000]	lr: 1.000e-04, eta: 1 day, 15:22:37, time: 4.240, data_time: 3.184, memory: 37107, loss_mask: 0.1295, loss_texture: 0.0125, iou: 0.6067, iou_t0: 0.7547, iou_t1: 0.6735, iou_t2: 0.6928, iou_t3: 0.6566, iou_t4: 0.3939, iou_t5: 0.3928, loss: 0.1420
2026-05-09 13:12:16,844 - mmdet - INFO - Iter [4050/120000]	lr: 1.000e-04, eta: 1 day, 15:20:12, time: 1.063, data_time: 0.010, memory: 37107, loss_mask: 0.1416, loss_texture: 0.0144, iou: 0.5835, iou_t0: 0.7441, iou_t1: 0.5669, iou_t2: 0.6387, iou_t3: 0.6142, iou_t4: 0.5192, iou_t5: 0.3834, loss: 0.1560
2026-05-09 13:12:43,585 - mmdet - INFO - Iter [4075/120000]	lr: 1.000e-04, eta: 1 day, 15:17:54, time: 1.070, data_time: 0.010, memory: 37107, loss_mask: 0.1197, loss_texture: 0.0143, iou: 0.5861, iou_t0: 0.6763, iou_t1: 0.6919, iou_t2: 0.6075, iou_t3: 0.6642, iou_t4: 0.5816, iou_t5: 0.3291, loss: 0.1340
2026-05-09 13:13:10,278 - mmdet - INFO - Iter [4100/120000]	lr: 1.000e-04, eta: 1 day, 15:15:35, time: 1.068, data_time: 0.010, memory: 37107, loss_mask: 0.1333, loss_texture: 0.0140, iou: 0.6250, iou_t0: 0.7646, iou_t1: 0.6419, iou_t2: 0.7767, iou_t3: 0.5695, iou_t4: 0.5014, iou_t5: 0.4430, loss: 0.1473
2026-05-09 13:13:36,844 - mmdet - INFO - Iter [4125/120000]	lr: 1.000e-04, eta: 1 day, 15:13:15, time: 1.063, data_time: 0.010, memory: 37107, loss_mask: 0.1037, loss_texture: 0.0125, iou: 0.6078, iou_t0: 0.7177, iou_t1: 0.7304, iou_t2: 0.5946, iou_t3: 0.6232, iou_t4: 0.5303, iou_t5: 0.3943, loss: 0.1162
2026-05-09 13:14:03,362 - mmdet - INFO - Iter [4150/120000]	lr: 1.000e-04, eta: 1 day, 15:10:54, time: 1.061, data_time: 0.009, memory: 37107, loss_mask: 0.1055, loss_texture: 0.0122, iou: 0.6037, iou_t0: 0.6732, iou_t1: 0.7710, iou_t2: 0.7178, iou_t3: 0.5669, iou_t4: 0.5688, iou_t5: 0.3740, loss: 0.1176
2026-05-09 13:14:29,844 - mmdet - INFO - Iter [4175/120000]	lr: 1.000e-04, eta: 1 day, 15:08:34, time: 1.059, data_time: 0.009, memory: 37107, loss_mask: 0.1081, loss_texture: 0.0130, iou: 0.5637, iou_t0: 0.6712, iou_t1: 0.6687, iou_t2: 0.5315, iou_t3: 0.5362, iou_t4: 0.5448, iou_t5: 0.3766, loss: 0.1211
2026-05-09 13:14:56,518 - mmdet - INFO - Iter [4200/120000]	lr: 1.000e-04, eta: 1 day, 15:06:20, time: 1.067, data_time: 0.010, memory: 37107, loss_mask: 0.1546, loss_texture: 0.0145, iou: 0.5998, iou_t0: 0.6039, iou_t1: 0.7323, iou_t2: 0.7091, iou_t3: 0.6700, iou_t4: 0.4685, iou_t5: 0.4455, loss: 0.1691
2026-05-09 13:15:23,163 - mmdet - INFO - Iter [4225/120000]	lr: 1.000e-04, eta: 1 day, 15:04:07, time: 1.066, data_time: 0.011, memory: 37107, loss_mask: 0.1273, loss_texture: 0.0142, iou: 0.6177, iou_t0: 0.7638, iou_t1: 0.6643, iou_t2: 0.7437, iou_t3: 0.5904, iou_t4: 0.5078, iou_t5: 0.4129, loss: 0.1415
2026-05-09 13:15:49,770 - mmdet - INFO - Iter [4250/120000]	lr: 1.000e-04, eta: 1 day, 15:01:54, time: 1.064, data_time: 0.010, memory: 37107, loss_mask: 0.1398, loss_texture: 0.0147, iou: 0.5909, iou_t0: 0.8000, iou_t1: 0.6914, iou_t2: 0.7671, iou_t3: 0.5000, iou_t4: 0.4590, iou_t5: 0.4383, loss: 0.1544
2026-05-09 13:16:16,453 - mmdet - INFO - Iter [4275/120000]	lr: 1.000e-04, eta: 1 day, 14:59:45, time: 1.067, data_time: 0.010, memory: 37107, loss_mask: 0.1349, loss_texture: 0.0145, iou: 0.6088, iou_t0: 0.7086, iou_t1: 0.7045, iou_t2: 0.6099, iou_t3: 0.5951, iou_t4: 0.5140, iou_t5: 0.4573, loss: 0.1494
2026-05-09 13:16:43,170 - mmdet - INFO - Iter [4300/120000]	lr: 1.000e-04, eta: 1 day, 14:57:37, time: 1.069, data_time: 0.010, memory: 37107, loss_mask: 0.1425, loss_texture: 0.0149, iou: 0.5854, iou_t0: 0.7024, iou_t1: 0.6484, iou_t2: 0.6816, iou_t3: 0.4223, iou_t4: 0.5462, iou_t5: 0.3852, loss: 0.1574
2026-05-09 13:17:09,854 - mmdet - INFO - Iter [4325/120000]	lr: 1.000e-04, eta: 1 day, 14:55:30, time: 1.067, data_time: 0.011, memory: 37107, loss_mask: 0.1245, loss_texture: 0.0122, iou: 0.6090, iou_t0: 0.7420, iou_t1: 0.7323, iou_t2: 0.6625, iou_t3: 0.6406, iou_t4: 0.4979, iou_t5: 0.3912, loss: 0.1367
2026-05-09 13:17:36,585 - mmdet - INFO - Iter [4350/120000]	lr: 1.000e-04, eta: 1 day, 14:53:25, time: 1.069, data_time: 0.010, memory: 37107, loss_mask: 0.1541, loss_texture: 0.0159, iou: 0.6061, iou_t0: 0.7566, iou_t1: 0.8410, iou_t2: 0.6337, iou_t3: 0.6290, iou_t4: 0.5419, iou_t5: 0.4029, loss: 0.1700
2026-05-09 13:18:03,288 - mmdet - INFO - Iter [4375/120000]	lr: 1.000e-04, eta: 1 day, 14:51:21, time: 1.068, data_time: 0.010, memory: 37107, loss_mask: 0.1226, loss_texture: 0.0142, iou: 0.5812, iou_t0: 0.6577, iou_t1: 0.6241, iou_t2: 0.6251, iou_t3: 0.6358, iou_t4: 0.5119, iou_t5: 0.4531, loss: 0.1368
2026-05-09 13:18:29,902 - mmdet - INFO - Iter [4400/120000]	lr: 1.000e-04, eta: 1 day, 14:49:15, time: 1.065, data_time: 0.010, memory: 37107, loss_mask: 0.1284, loss_texture: 0.0128, iou: 0.5936, iou_t0: 0.7025, iou_t1: 0.6865, iou_t2: 0.7130, iou_t3: 0.7121, iou_t4: 0.4000, iou_t5: 0.4434, loss: 0.1412
2026-05-09 13:18:56,395 - mmdet - INFO - Iter [4425/120000]	lr: 1.000e-04, eta: 1 day, 14:47:08, time: 1.060, data_time: 0.010, memory: 37107, loss_mask: 0.1296, loss_texture: 0.0138, iou: 0.5834, iou_t0: 0.7023, iou_t1: 0.6960, iou_t2: 0.5724, iou_t3: 0.6044, iou_t4: 0.5472, iou_t5: 0.4773, loss: 0.1434
2026-05-09 13:19:22,923 - mmdet - INFO - Iter [4450/120000]	lr: 1.000e-04, eta: 1 day, 14:45:02, time: 1.061, data_time: 0.010, memory: 37107, loss_mask: 0.1171, loss_texture: 0.0138, iou: 0.6301, iou_t0: 0.7734, iou_t1: 0.7082, iou_t2: 0.5991, iou_t3: 0.6573, iou_t4: 0.5915, iou_t5: 0.4068, loss: 0.1309
2026-05-09 13:19:49,475 - mmdet - INFO - Iter [4475/120000]	lr: 1.000e-04, eta: 1 day, 14:42:58, time: 1.062, data_time: 0.010, memory: 37107, loss_mask: 0.1386, loss_texture: 0.0151, iou: 0.5922, iou_t0: 0.6445, iou_t1: 0.6179, iou_t2: 0.7544, iou_t3: 0.6347, iou_t4: 0.4777, iou_t5: 0.4303, loss: 0.1537
2026-05-09 13:20:16,000 - mmdet - INFO - 
--- Val evaluation at iter 4500 ---
2026-05-09 13:21:34,376 - mmdet - INFO - 
+------------+-------------+-------------+
| Class      | Val IoU     | Pseudo IoU  |
+------------+-------------+-------------+
| background | 91.70       | 93.28       |
| building   | 54.40       | 59.08       |
| Summary    | mIoU: 73.05 | mIoU: 76.18 |
+------------+-------------+-------------+
Images evaluated: 10
2026-05-09 13:21:35,771 - mmdet - INFO - Iter [4500/120000]	lr: 1.000e-04, eta: 1 day, 14:40:55, time: 1.061, data_time: 0.010, memory: 37107, val/mIoU: 0.7305, val/IoU.building: 0.5440, val/IoU.background: 0.9170, val/Pseudo_mIoU: 0.7618, loss_mask: 0.1159, loss_texture: 0.0132, iou: 0.5803, iou_t0: 0.6224, iou_t1: 0.5987, iou_t2: 0.7223, iou_t3: 0.6298, iou_t4: 0.4730, iou_t5: 0.5187, loss: 0.1290
2026-05-09 13:22:02,509 - mmdet - INFO - Iter [4525/120000]	lr: 1.000e-04, eta: 1 day, 15:12:53, time: 4.260, data_time: 3.203, memory: 37107, loss_mask: 0.1173, loss_texture: 0.0136, iou: 0.6055, iou_t0: 0.6297, iou_t1: 0.7651, iou_t2: 0.7565, iou_t3: 0.5383, iou_t4: 0.5416, iou_t5: 0.3731, loss: 0.1309
2026-05-09 13:22:29,311 - mmdet - INFO - Iter [4550/120000]	lr: 1.000e-04, eta: 1 day, 15:10:47, time: 1.072, data_time: 0.010, memory: 37107, loss_mask: 0.1293, loss_texture: 0.0147, iou: 0.6083, iou_t0: 0.7156, iou_t1: 0.7041, iou_t2: 0.7113, iou_t3: 0.6476, iou_t4: 0.5944, iou_t5: 0.4278, loss: 0.1440
2026-05-09 13:22:55,956 - mmdet - INFO - Iter [4575/120000]	lr: 1.000e-04, eta: 1 day, 15:08:38, time: 1.066, data_time: 0.010, memory: 37107, loss_mask: 0.1387, loss_texture: 0.0154, iou: 0.6176, iou_t0: 0.6760, iou_t1: 0.7018, iou_t2: 0.6920, iou_t3: 0.5675, iou_t4: 0.5388, iou_t5: 0.4599, loss: 0.1541
2026-05-09 13:23:22,596 - mmdet - INFO - Iter [4600/120000]	lr: 1.000e-04, eta: 1 day, 15:06:30, time: 1.066, data_time: 0.010, memory: 37107, loss_mask: 0.1210, loss_texture: 0.0141, iou: 0.5965, iou_t0: 0.6767, iou_t1: 0.7224, iou_t2: 0.7121, iou_t3: 0.5928, iou_t4: 0.4934, iou_t5: 0.4684, loss: 0.1351
2026-05-09 13:23:49,216 - mmdet - INFO - Iter [4625/120000]	lr: 1.000e-04, eta: 1 day, 15:04:23, time: 1.065, data_time: 0.010, memory: 37107, loss_mask: 0.1162, loss_texture: 0.0140, iou: 0.6161, iou_t0: 0.7155, iou_t1: 0.7845, iou_t2: 0.7378, iou_t3: 0.5888, iou_t4: 0.4928, iou_t5: 0.4242, loss: 0.1302
2026-05-09 13:24:15,990 - mmdet - INFO - Iter [4650/120000]	lr: 1.000e-04, eta: 1 day, 15:02:21, time: 1.071, data_time: 0.010, memory: 37107, loss_mask: 0.1306, loss_texture: 0.0147, iou: 0.6359, iou_t0: 0.6566, iou_t1: 0.7098, iou_t2: 0.6872, iou_t3: 0.7222, iou_t4: 0.5122, iou_t5: 0.4769, loss: 0.1453
2026-05-09 13:24:42,614 - mmdet - INFO - Iter [4675/120000]	lr: 1.000e-04, eta: 1 day, 15:00:16, time: 1.065, data_time: 0.010, memory: 37107, loss_mask: 0.1489, loss_texture: 0.0147, iou: 0.5898, iou_t0: 0.7284, iou_t1: 0.6953, iou_t2: 0.7171, iou_t3: 0.5967, iou_t4: 0.4888, iou_t5: 0.4170, loss: 0.1636
2026-05-09 13:25:09,213 - mmdet - INFO - Iter [4700/120000]	lr: 1.000e-04, eta: 1 day, 14:58:11, time: 1.064, data_time: 0.010, memory: 37107, loss_mask: 0.1462, loss_texture: 0.0160, iou: 0.6133, iou_t0: 0.7227, iou_t1: 0.7151, iou_t2: 0.7052, iou_t3: 0.6477, iou_t4: 0.5237, iou_t5: 0.4612, loss: 0.1622
2026-05-09 13:25:35,840 - mmdet - INFO - Iter [4725/120000]	lr: 1.000e-04, eta: 1 day, 14:56:08, time: 1.065, data_time: 0.010, memory: 37107, loss_mask: 0.1200, loss_texture: 0.0135, iou: 0.6034, iou_t0: 0.6599, iou_t1: 0.7436, iou_t2: 0.6731, iou_t3: 0.5996, iou_t4: 0.5198, iou_t5: 0.4874, loss: 0.1335
2026-05-09 13:26:02,559 - mmdet - INFO - Iter [4750/120000]	lr: 1.000e-04, eta: 1 day, 14:54:08, time: 1.069, data_time: 0.010, memory: 37107, loss_mask: 0.1464, loss_texture: 0.0159, iou: 0.6060, iou_t0: 0.6876, iou_t1: 0.7199, iou_t2: 0.6819, iou_t3: 0.6783, iou_t4: 0.4484, iou_t5: 0.3623, loss: 0.1623
2026-05-09 13:26:29,271 - mmdet - INFO - Iter [4775/120000]	lr: 1.000e-04, eta: 1 day, 14:52:09, time: 1.068, data_time: 0.010, memory: 37107, loss_mask: 0.1156, loss_texture: 0.0130, iou: 0.6149, iou_t0: 0.7759, iou_t1: 0.6597, iou_t2: 0.5971, iou_t3: 0.5392, iou_t4: 0.5014, iou_t5: 0.4533, loss: 0.1287
2026-05-09 13:26:55,782 - mmdet - INFO - Iter [4800/120000]	lr: 1.000e-04, eta: 1 day, 14:50:07, time: 1.060, data_time: 0.009, memory: 37107, loss_mask: 0.1233, loss_texture: 0.0154, iou: 0.5894, iou_t0: 0.6578, iou_t1: 0.6329, iou_t2: 0.5965, iou_t3: 0.6844, iou_t4: 0.4593, iou_t5: 0.4695, loss: 0.1387
2026-05-09 13:27:22,296 - mmdet - INFO - Iter [4825/120000]	lr: 1.000e-04, eta: 1 day, 14:48:05, time: 1.061, data_time: 0.010, memory: 37107, loss_mask: 0.1016, loss_texture: 0.0126, iou: 0.6128, iou_t0: 0.6633, iou_t1: 0.7353, iou_t2: 0.7512, iou_t3: 0.5870, iou_t4: 0.5437, iou_t5: 0.3590, loss: 0.1143
2026-05-09 13:27:48,839 - mmdet - INFO - Iter [4850/120000]	lr: 1.000e-04, eta: 1 day, 14:46:05, time: 1.062, data_time: 0.010, memory: 37107, loss_mask: 0.1215, loss_texture: 0.0139, iou: 0.6189, iou_t0: 0.7257, iou_t1: 0.6455, iou_t2: 0.7444, iou_t3: 0.6234, iou_t4: 0.5277, iou_t5: 0.4288, loss: 0.1355
2026-05-09 13:28:15,380 - mmdet - INFO - Iter [4875/120000]	lr: 1.000e-04, eta: 1 day, 14:44:06, time: 1.062, data_time: 0.010, memory: 37107, loss_mask: 0.1345, loss_texture: 0.0135, iou: 0.6532, iou_t0: 0.6539, iou_t1: 0.7565, iou_t2: 0.7540, iou_t3: 0.6898, iou_t4: 0.5576, iou_t5: 0.4619, loss: 0.1480
2026-05-09 13:28:41,956 - mmdet - INFO - Iter [4900/120000]	lr: 1.000e-04, eta: 1 day, 14:42:09, time: 1.063, data_time: 0.010, memory: 37107, loss_mask: 0.1279, loss_texture: 0.0135, iou: 0.5733, iou_t0: 0.7306, iou_t1: 0.7858, iou_t2: 0.5939, iou_t3: 0.6156, iou_t4: 0.4634, iou_t5: 0.4051, loss: 0.1413
2026-05-09 13:29:08,568 - mmdet - INFO - Iter [4925/120000]	lr: 1.000e-04, eta: 1 day, 14:40:13, time: 1.064, data_time: 0.011, memory: 37107, loss_mask: 0.1221, loss_texture: 0.0141, iou: 0.6015, iou_t0: 0.6922, iou_t1: 0.5404, iou_t2: 0.7159, iou_t3: 0.6473, iou_t4: 0.4414, iou_t5: 0.4544, loss: 0.1362
2026-05-09 13:29:35,362 - mmdet - INFO - Iter [4950/120000]	lr: 1.000e-04, eta: 1 day, 14:38:23, time: 1.072, data_time: 0.010, memory: 37107, loss_mask: 0.1629, loss_texture: 0.0150, iou: 0.6129, iou_t0: 0.6275, iou_t1: 0.7294, iou_t2: 0.6262, iou_t3: 0.6336, iou_t4: 0.5166, iou_t5: 0.4632, loss: 0.1779
2026-05-09 13:30:02,048 - mmdet - INFO - Iter [4975/120000]	lr: 1.000e-04, eta: 1 day, 14:36:31, time: 1.067, data_time: 0.010, memory: 37107, loss_mask: 0.1148, loss_texture: 0.0119, iou: 0.5605, iou_t0: 0.6659, iou_t1: 0.6254, iou_t2: 0.6789, iou_t3: 0.5723, iou_t4: 0.4015, iou_t5: 0.3571, loss: 0.1267
2026-05-09 13:30:28,720 - mmdet - INFO - 
--- Val evaluation at iter 5000 ---
2026-05-09 13:31:47,875 - mmdet - INFO - 
+------------+-------------+-------------+
| Class      | Val IoU     | Pseudo IoU  |
+------------+-------------+-------------+
| background | 91.58       | 93.28       |
| building   | 54.05       | 59.08       |
| Summary    | mIoU: 72.82 | mIoU: 76.18 |
+------------+-------------+-------------+
Images evaluated: 10
2026-05-09 13:31:49,291 - mmdet - INFO - Exp name: exp3_obj_unc.py
2026-05-09 13:31:49,292 - mmdet - INFO - Iter [5000/120000]	lr: 1.000e-04, eta: 1 day, 14:34:39, time: 1.067, data_time: 0.010, memory: 37107, val/mIoU: 0.7282, val/IoU.building: 0.5405, val/IoU.background: 0.9158, val/Pseudo_mIoU: 0.7618, loss_mask: 0.1261, loss_texture: 0.0150, iou: 0.6191, iou_t0: 0.6852, iou_t1: 0.6797, iou_t2: 0.7608, iou_t3: 0.6090, iou_t4: 0.4866, iou_t5: 0.5155, loss: 0.1411
2026-05-09 13:32:15,950 - mmdet - INFO - Iter [5025/120000]	lr: 1.000e-04, eta: 1 day, 15:03:31, time: 4.289, data_time: 3.233, memory: 37107, loss_mask: 0.1056, loss_texture: 0.0124, iou: 0.5972, iou_t0: 0.6800, iou_t1: 0.7338, iou_t2: 0.6376, iou_t3: 0.5959, iou_t4: 0.4655, iou_t5: 0.4161, loss: 0.1180
2026-05-09 13:32:42,622 - mmdet - INFO - Iter [5050/120000]	lr: 1.000e-04, eta: 1 day, 15:01:32, time: 1.067, data_time: 0.010, memory: 37107, loss_mask: 0.1520, loss_texture: 0.0139, iou: 0.5891, iou_t0: 0.6385, iou_t1: 0.7002, iou_t2: 0.6784, iou_t3: 0.5709, iou_t4: 0.4492, iou_t5: 0.4358, loss: 0.1659
2026-05-09 13:33:09,265 - mmdet - INFO - Iter [5075/120000]	lr: 1.000e-04, eta: 1 day, 14:59:33, time: 1.066, data_time: 0.010, memory: 37107, loss_mask: 0.1342, loss_texture: 0.0147, iou: 0.5911, iou_t0: 0.7863, iou_t1: 0.6842, iou_t2: 0.7462, iou_t3: 0.5213, iou_t4: 0.4843, iou_t5: 0.3761, loss: 0.1489
2026-05-09 13:33:35,842 - mmdet - INFO - Iter [5100/120000]	lr: 1.000e-04, eta: 1 day, 14:57:33, time: 1.063, data_time: 0.009, memory: 37107, loss_mask: 0.1148, loss_texture: 0.0125, iou: 0.5877, iou_t0: 0.6426, iou_t1: 0.7356, iou_t2: 0.6121, iou_t3: 0.6139, iou_t4: 0.4949, iou_t5: 0.3664, loss: 0.1273
2026-05-09 13:34:02,492 - mmdet - INFO - Iter [5125/120000]	lr: 1.000e-04, eta: 1 day, 14:55:36, time: 1.066, data_time: 0.011, memory: 37107, loss_mask: 0.1330, loss_texture: 0.0145, iou: 0.6196, iou_t0: 0.6913, iou_t1: 0.7466, iou_t2: 0.6507, iou_t3: 0.6871, iou_t4: 0.5323, iou_t5: 0.4456, loss: 0.1475
2026-05-09 13:34:29,206 - mmdet - INFO - Iter [5150/120000]	lr: 1.000e-04, eta: 1 day, 14:53:41, time: 1.069, data_time: 0.010, memory: 37107, loss_mask: 0.1140, loss_texture: 0.0137, iou: 0.5970, iou_t0: 0.6446, iou_t1: 0.7152, iou_t2: 0.6280, iou_t3: 0.5619, iou_t4: 0.4641, iou_t5: 0.5030, loss: 0.1278
2026-05-09 13:34:55,924 - mmdet - INFO - Iter [5175/120000]	lr: 1.000e-04, eta: 1 day, 14:51:47, time: 1.069, data_time: 0.010, memory: 37107, loss_mask: 0.1335, loss_texture: 0.0123, iou: 0.5917, iou_t0: 0.7070, iou_t1: 0.6103, iou_t2: 0.7196, iou_t3: 0.5692, iou_t4: 0.5047, iou_t5: 0.3424, loss: 0.1458
2026-05-09 13:35:22,483 - mmdet - INFO - Iter [5200/120000]	lr: 1.000e-04, eta: 1 day, 14:49:51, time: 1.062, data_time: 0.010, memory: 37107, loss_mask: 0.1232, loss_texture: 0.0134, iou: 0.5864, iou_t0: 0.7866, iou_t1: 0.6297, iou_t2: 0.5583, iou_t3: 0.5009, iou_t4: 0.5764, iou_t5: 0.3505, loss: 0.1366
2026-05-09 13:35:49,156 - mmdet - INFO - Iter [5225/120000]	lr: 1.000e-04, eta: 1 day, 14:47:57, time: 1.067, data_time: 0.011, memory: 37107, loss_mask: 0.1217, loss_texture: 0.0143, iou: 0.6080, iou_t0: 0.7018, iou_t1: 0.6268, iou_t2: 0.6874, iou_t3: 0.6230, iou_t4: 0.4626, iou_t5: 0.4344, loss: 0.1361
2026-05-09 13:36:15,756 - mmdet - INFO - Iter [5250/120000]	lr: 1.000e-04, eta: 1 day, 14:46:03, time: 1.064, data_time: 0.010, memory: 37107, loss_mask: 0.1108, loss_texture: 0.0137, iou: 0.5963, iou_t0: 0.6487, iou_t1: 0.7151, iou_t2: 0.6256, iou_t3: 0.5203, iou_t4: 0.5950, iou_t5: 0.4005, loss: 0.1245
2026-05-09 13:36:42,395 - mmdet - INFO - Iter [5275/120000]	lr: 1.000e-04, eta: 1 day, 14:44:11, time: 1.066, data_time: 0.010, memory: 37107, loss_mask: 0.1179, loss_texture: 0.0127, iou: 0.6126, iou_t0: 0.7544, iou_t1: 0.6930, iou_t2: 0.6636, iou_t3: 0.5440, iou_t4: 0.5581, iou_t5: 0.4265, loss: 0.1307
2026-05-09 13:37:09,076 - mmdet - INFO - Iter [5300/120000]	lr: 1.000e-04, eta: 1 day, 14:42:20, time: 1.067, data_time: 0.009, memory: 37107, loss_mask: 0.1432, loss_texture: 0.0159, iou: 0.6427, iou_t0: 0.6070, iou_t1: 0.8324, iou_t2: 0.7923, iou_t3: 0.6249, iou_t4: 0.6158, iou_t5: 0.4571, loss: 0.1591
2026-05-09 13:37:35,739 - mmdet - INFO - Iter [5325/120000]	lr: 1.000e-04, eta: 1 day, 14:40:30, time: 1.067, data_time: 0.010, memory: 37107, loss_mask: 0.1021, loss_texture: 0.0130, iou: 0.6352, iou_t0: 0.7754, iou_t1: 0.8081, iou_t2: 0.7436, iou_t3: 0.5226, iou_t4: 0.3963, iou_t5: 0.5037, loss: 0.1152
2026-05-09 13:38:02,378 - mmdet - INFO - Iter [5350/120000]	lr: 1.000e-04, eta: 1 day, 14:38:40, time: 1.066, data_time: 0.011, memory: 37107, loss_mask: 0.1136, loss_texture: 0.0122, iou: 0.6154, iou_t0: 0.7125, iou_t1: 0.7229, iou_t2: 0.6742, iou_t3: 0.6472, iou_t4: 0.4790, iou_t5: 0.4788, loss: 0.1258
2026-05-09 13:38:28,996 - mmdet - INFO - Iter [5375/120000]	lr: 1.000e-04, eta: 1 day, 14:36:51, time: 1.065, data_time: 0.010, memory: 37107, loss_mask: 0.1160, loss_texture: 0.0137, iou: 0.6061, iou_t0: 0.6846, iou_t1: 0.7232, iou_t2: 0.7401, iou_t3: 0.6692, iou_t4: 0.5775, iou_t5: 0.3859, loss: 0.1297
2026-05-09 13:38:55,784 - mmdet - INFO - Iter [5400/120000]	lr: 1.000e-04, eta: 1 day, 14:35:05, time: 1.072, data_time: 0.010, memory: 37107, loss_mask: 0.0923, loss_texture: 0.0116, iou: 0.6441, iou_t0: 0.6779, iou_t1: 0.7622, iou_t2: 0.7083, iou_t3: 0.6107, iou_t4: 0.6078, iou_t5: 0.4385, loss: 0.1039
2026-05-09 13:39:22,422 - mmdet - INFO - Iter [5425/120000]	lr: 1.000e-04, eta: 1 day, 14:33:18, time: 1.066, data_time: 0.010, memory: 37107, loss_mask: 0.1155, loss_texture: 0.0128, iou: 0.5845, iou_t0: 0.6712, iou_t1: 0.6559, iou_t2: 0.5755, iou_t3: 0.6210, iou_t4: 0.5122, iou_t5: 0.4359, loss: 0.1283
2026-05-09 13:39:48,957 - mmdet - INFO - Iter [5450/120000]	lr: 1.000e-04, eta: 1 day, 14:31:28, time: 1.061, data_time: 0.010, memory: 37107, loss_mask: 0.1030, loss_texture: 0.0115, iou: 0.5990, iou_t0: 0.8533, iou_t1: 0.6336, iou_t2: 0.6185, iou_t3: 0.6271, iou_t4: 0.5183, iou_t5: 0.3771, loss: 0.1145
2026-05-09 13:40:15,547 - mmdet - INFO - Iter [5475/120000]	lr: 1.000e-04, eta: 1 day, 14:29:41, time: 1.064, data_time: 0.010, memory: 37107, loss_mask: 0.1053, loss_texture: 0.0118, iou: 0.6588, iou_t0: 0.8501, iou_t1: 0.7585, iou_t2: 0.6243, iou_t3: 0.6738, iou_t4: 0.5650, iou_t5: 0.4920, loss: 0.1171
2026-05-09 13:40:42,148 - mmdet - INFO - 
--- Val evaluation at iter 5500 ---
2026-05-09 13:42:00,062 - mmdet - INFO - 
+------------+-------------+-------------+
| Class      | Val IoU     | Pseudo IoU  |
+------------+-------------+-------------+
| background | 91.80       | 93.28       |
| building   | 54.62       | 59.08       |
| Summary    | mIoU: 73.21 | mIoU: 76.18 |
+------------+-------------+-------------+
Images evaluated: 10
2026-05-09 13:42:01,442 - mmdet - INFO - Iter [5500/120000]	lr: 1.000e-04, eta: 1 day, 14:27:55, time: 1.064, data_time: 0.010, memory: 37107, val/mIoU: 0.7321, val/IoU.building: 0.5462, val/IoU.background: 0.9180, val/Pseudo_mIoU: 0.7618, loss_mask: 0.1173, loss_texture: 0.0130, iou: 0.6120, iou_t0: 0.7134, iou_t1: 0.7157, iou_t2: 0.6896, iou_t3: 0.5604, iou_t4: 0.5422, iou_t5: 0.4263, loss: 0.1302
2026-05-09 13:42:27,975 - mmdet - INFO - Iter [5525/120000]	lr: 1.000e-04, eta: 1 day, 14:53:31, time: 4.233, data_time: 3.182, memory: 37107, loss_mask: 0.1189, loss_texture: 0.0130, iou: 0.5931, iou_t0: 0.6762, iou_t1: 0.6230, iou_t2: 0.6954, iou_t3: 0.6503, iou_t4: 0.4688, iou_t5: 0.4875, loss: 0.1318
2026-05-09 13:42:54,757 - mmdet - INFO - Iter [5550/120000]	lr: 1.000e-04, eta: 1 day, 14:51:42, time: 1.071, data_time: 0.011, memory: 37107, loss_mask: 0.1530, loss_texture: 0.0158, iou: 0.6361, iou_t0: 0.6074, iou_t1: 0.7938, iou_t2: 0.7634, iou_t3: 0.5778, iou_t4: 0.5415, iou_t5: 0.5037, loss: 0.1688
2026-05-09 13:43:21,447 - mmdet - INFO - Iter [5575/120000]	lr: 1.000e-04, eta: 1 day, 14:49:52, time: 1.068, data_time: 0.010, memory: 37107, loss_mask: 0.1059, loss_texture: 0.0133, iou: 0.5966, iou_t0: 0.6862, iou_t1: 0.6577, iou_t2: 0.7059, iou_t3: 0.5529, iou_t4: 0.4935, iou_t5: 0.4007, loss: 0.1193
2026-05-09 13:43:48,095 - mmdet - INFO - Iter [5600/120000]	lr: 1.000e-04, eta: 1 day, 14:48:02, time: 1.066, data_time: 0.010, memory: 37107, loss_mask: 0.1084, loss_texture: 0.0131, iou: 0.6085, iou_t0: 0.7482, iou_t1: 0.7414, iou_t2: 0.6457, iou_t3: 0.5643, iou_t4: 0.4793, iou_t5: 0.4541, loss: 0.1215
2026-05-09 13:44:14,756 - mmdet - INFO - Iter [5625/120000]	lr: 1.000e-04, eta: 1 day, 14:46:13, time: 1.066, data_time: 0.010, memory: 37107, loss_mask: 0.1026, loss_texture: 0.0125, iou: 0.5908, iou_t0: 0.7080, iou_t1: 0.6479, iou_t2: 0.6953, iou_t3: 0.6150, iou_t4: 0.5565, iou_t5: 0.3684, loss: 0.1152
2026-05-09 13:44:41,544 - mmdet - INFO - Iter [5650/120000]	lr: 1.000e-04, eta: 1 day, 14:44:27, time: 1.072, data_time: 0.011, memory: 37107, loss_mask: 0.1198, loss_texture: 0.0141, iou: 0.6137, iou_t0: 0.7342, iou_t1: 0.5993, iou_t2: 0.6745, iou_t3: 0.6252, iou_t4: 0.5860, iou_t5: 0.4570, loss: 0.1340
2026-05-09 13:45:08,150 - mmdet - INFO - Iter [5675/120000]	lr: 1.000e-04, eta: 1 day, 14:42:38, time: 1.064, data_time: 0.010, memory: 37107, loss_mask: 0.1149, loss_texture: 0.0135, iou: 0.6003, iou_t0: 0.6093, iou_t1: 0.6378, iou_t2: 0.7561, iou_t3: 0.6516, iou_t4: 0.4811, iou_t5: 0.4695, loss: 0.1284
2026-05-09 13:45:34,752 - mmdet - INFO - Iter [5700/120000]	lr: 1.000e-04, eta: 1 day, 14:40:50, time: 1.064, data_time: 0.010, memory: 37107, loss_mask: 0.1250, loss_texture: 0.0152, iou: 0.6771, iou_t0: 0.8081, iou_t1: 0.7813, iou_t2: 0.7675, iou_t3: 0.5615, iou_t4: 0.5362, iou_t5: 0.5819, loss: 0.1401
2026-05-09 13:46:01,303 - mmdet - INFO - Iter [5725/120000]	lr: 1.000e-04, eta: 1 day, 14:39:02, time: 1.062, data_time: 0.010, memory: 37107, loss_mask: 0.1095, loss_texture: 0.0121, iou: 0.5863, iou_t0: 0.6201, iou_t1: 0.6582, iou_t2: 0.7001, iou_t3: 0.7212, iou_t4: 0.4179, iou_t5: 0.4622, loss: 0.1217
2026-05-09 13:46:27,959 - mmdet - INFO - Iter [5750/120000]	lr: 1.000e-04, eta: 1 day, 14:37:16, time: 1.066, data_time: 0.010, memory: 37107, loss_mask: 0.1362, loss_texture: 0.0136, iou: 0.5892, iou_t0: 0.6161, iou_t1: 0.7350, iou_t2: 0.6948, iou_t3: 0.5795, iou_t4: 0.5860, iou_t5: 0.3734, loss: 0.1498
2026-05-09 13:46:54,675 - mmdet - INFO - Iter [5775/120000]	lr: 1.000e-04, eta: 1 day, 14:35:32, time: 1.069, data_time: 0.010, memory: 37107, loss_mask: 0.1184, loss_texture: 0.0135, iou: 0.6395, iou_t0: 0.7437, iou_t1: 0.7137, iou_t2: 0.6860, iou_t3: 0.6882, iou_t4: 0.4477, iou_t5: 0.4914, loss: 0.1319
2026-05-09 13:47:21,316 - mmdet - INFO - Iter [5800/120000]	lr: 1.000e-04, eta: 1 day, 14:33:48, time: 1.066, data_time: 0.009, memory: 37107, loss_mask: 0.0981, loss_texture: 0.0126, iou: 0.6645, iou_t0: 0.7779, iou_t1: 0.7048, iou_t2: 0.7258, iou_t3: 0.6667, iou_t4: 0.6000, iou_t5: 0.5004, loss: 0.1107
2026-05-09 13:47:47,892 - mmdet - INFO - Iter [5825/120000]	lr: 1.000e-04, eta: 1 day, 14:32:03, time: 1.063, data_time: 0.010, memory: 37107, loss_mask: 0.1191, loss_texture: 0.0132, iou: 0.5877, iou_t0: 0.7127, iou_t1: 0.6851, iou_t2: 0.6599, iou_t3: 0.5243, iou_t4: 0.5562, iou_t5: 0.4184, loss: 0.1323
2026-05-09 13:48:14,515 - mmdet - INFO - Iter [5850/120000]	lr: 1.000e-04, eta: 1 day, 14:30:19, time: 1.065, data_time: 0.010, memory: 37107, loss_mask: 0.1286, loss_texture: 0.0156, iou: 0.6282, iou_t0: 0.7825, iou_t1: 0.7320, iou_t2: 0.5825, iou_t3: 0.6620, iou_t4: 0.5045, iou_t5: 0.4983, loss: 0.1442
2026-05-09 13:48:41,219 - mmdet - INFO - Iter [5875/120000]	lr: 1.000e-04, eta: 1 day, 14:28:38, time: 1.068, data_time: 0.010, memory: 37107, loss_mask: 0.1320, loss_texture: 0.0151, iou: 0.5908, iou_t0: 0.5762, iou_t1: 0.7413, iou_t2: 0.6659, iou_t3: 0.5728, iou_t4: 0.5191, iou_t5: 0.4840, loss: 0.1471
2026-05-09 13:49:07,789 - mmdet - INFO - Iter [5900/120000]	lr: 1.000e-04, eta: 1 day, 14:26:54, time: 1.063, data_time: 0.010, memory: 37107, loss_mask: 0.1110, loss_texture: 0.0126, iou: 0.5976, iou_t0: 0.7404, iou_t1: 0.7346, iou_t2: 0.6396, iou_t3: 0.6154, iou_t4: 0.5283, iou_t5: 0.4213, loss: 0.1236
2026-05-09 13:49:34,331 - mmdet - INFO - Iter [5925/120000]	lr: 1.000e-04, eta: 1 day, 14:25:11, time: 1.062, data_time: 0.010, memory: 37107, loss_mask: 0.1243, loss_texture: 0.0146, iou: 0.6303, iou_t0: 0.6721, iou_t1: 0.6380, iou_t2: 0.6918, iou_t3: 0.6363, iou_t4: 0.6181, iou_t5: 0.4389, loss: 0.1389
2026-05-09 13:50:00,860 - mmdet - INFO - Iter [5950/120000]	lr: 1.000e-04, eta: 1 day, 14:23:28, time: 1.061, data_time: 0.010, memory: 37107, loss_mask: 0.1295, loss_texture: 0.0149, iou: 0.6032, iou_t0: 0.6998, iou_t1: 0.6011, iou_t2: 0.7545, iou_t3: 0.5344, iou_t4: 0.6037, iou_t5: 0.4400, loss: 0.1445
2026-05-09 13:50:27,398 - mmdet - INFO - Iter [5975/120000]	lr: 1.000e-04, eta: 1 day, 14:21:46, time: 1.062, data_time: 0.010, memory: 37107, loss_mask: 0.1248, loss_texture: 0.0145, iou: 0.6094, iou_t0: 0.6783, iou_t1: 0.6677, iou_t2: 0.6588, iou_t3: 0.6930, iou_t4: 0.5378, iou_t5: 0.3120, loss: 0.1393
2026-05-09 13:50:53,932 - mmdet - INFO - 
--- Val evaluation at iter 6000 ---
2026-05-09 13:52:11,503 - mmdet - INFO - 
+------------+-------------+-------------+
| Class      | Val IoU     | Pseudo IoU  |
+------------+-------------+-------------+
| background | 91.62       | 93.28       |
| building   | 54.14       | 59.08       |
| Summary    | mIoU: 72.88 | mIoU: 76.18 |
+------------+-------------+-------------+
Images evaluated: 10
2026-05-09 13:52:12,856 - mmdet - INFO - Exp name: exp3_obj_unc.py
2026-05-09 13:52:12,856 - mmdet - INFO - Iter [6000/120000]	lr: 1.000e-04, eta: 1 day, 14:20:05, time: 1.061, data_time: 0.010, memory: 37107, val/mIoU: 0.7288, val/IoU.building: 0.5414, val/IoU.background: 0.9162, val/Pseudo_mIoU: 0.7618, loss_mask: 0.1220, loss_texture: 0.0141, iou: 0.6216, iou_t0: 0.6318, iou_t1: 0.7132, iou_t2: 0.6580, iou_t3: 0.6175, iou_t4: 0.6686, iou_t5: 0.4722, loss: 0.1361
2026-05-09 13:52:39,503 - mmdet - INFO - Iter [6025/120000]	lr: 1.000e-04, eta: 1 day, 14:43:19, time: 4.223, data_time: 3.167, memory: 37107, loss_mask: 0.1227, loss_texture: 0.0144, iou: 0.6221, iou_t0: 0.7130, iou_t1: 0.6741, iou_t2: 0.7107, iou_t3: 0.6958, iou_t4: 0.5179, iou_t5: 0.4115, loss: 0.1371
2026-05-09 13:53:06,154 - mmdet - INFO - Iter [6050/120000]	lr: 1.000e-04, eta: 1 day, 14:41:35, time: 1.066, data_time: 0.010, memory: 37107, loss_mask: 0.1154, loss_texture: 0.0133, iou: 0.6385, iou_t0: 0.7253, iou_t1: 0.7175, iou_t2: 0.7442, iou_t3: 0.6263, iou_t4: 0.5328, iou_t5: 0.4592, loss: 0.1288
2026-05-09 13:53:32,938 - mmdet - INFO - Iter [6075/120000]	lr: 1.000e-04, eta: 1 day, 14:39:53, time: 1.071, data_time: 0.010, memory: 37107, loss_mask: 0.1034, loss_texture: 0.0132, iou: 0.6111, iou_t0: 0.7554, iou_t1: 0.5838, iou_t2: 0.6531, iou_t3: 0.5775, iou_t4: 0.5541, iou_t5: 0.5655, loss: 0.1166
2026-05-09 13:53:59,571 - mmdet - INFO - Iter [6100/120000]	lr: 1.000e-04, eta: 1 day, 14:38:10, time: 1.065, data_time: 0.010, memory: 37107, loss_mask: 0.1056, loss_texture: 0.0126, iou: 0.5870, iou_t0: 0.7560, iou_t1: 0.5930, iou_t2: 0.6195, iou_t3: 0.6820, iou_t4: 0.5460, iou_t5: 0.3821, loss: 0.1182
2026-05-09 13:54:26,119 - mmdet - INFO - Iter [6125/120000]	lr: 1.000e-04, eta: 1 day, 14:36:25, time: 1.062, data_time: 0.010, memory: 37107, loss_mask: 0.1110, loss_texture: 0.0130, iou: 0.6215, iou_t0: 0.6443, iou_t1: 0.6716, iou_t2: 0.6886, iou_t3: 0.5951, iou_t4: 0.4467, iou_t5: 0.4600, loss: 0.1240
2026-05-09 13:54:52,695 - mmdet - INFO - Iter [6150/120000]	lr: 1.000e-04, eta: 1 day, 14:34:42, time: 1.063, data_time: 0.010, memory: 37107, loss_mask: 0.1112, loss_texture: 0.0140, iou: 0.6263, iou_t0: 0.7312, iou_t1: 0.7435, iou_t2: 0.6519, iou_t3: 0.5814, iou_t4: 0.5846, iou_t5: 0.5309, loss: 0.1252
2026-05-09 13:55:19,208 - mmdet - INFO - Iter [6175/120000]	lr: 1.000e-04, eta: 1 day, 14:32:58, time: 1.061, data_time: 0.010, memory: 37107, loss_mask: 0.1038, loss_texture: 0.0118, iou: 0.6074, iou_t0: 0.7263, iou_t1: 0.6471, iou_t2: 0.7337, iou_t3: 0.5654, iou_t4: 0.3988, iou_t5: 0.4691, loss: 0.1155
2026-05-09 13:55:45,720 - mmdet - INFO - Iter [6200/120000]	lr: 1.000e-04, eta: 1 day, 14:31:15, time: 1.061, data_time: 0.010, memory: 37107, loss_mask: 0.1276, loss_texture: 0.0144, iou: 0.5957, iou_t0: 0.6853, iou_t1: 0.6701, iou_t2: 0.7030, iou_t3: 0.6128, iou_t4: 0.5339, iou_t5: 0.4355, loss: 0.1420
2026-05-09 13:56:12,269 - mmdet - INFO - Iter [6225/120000]	lr: 1.000e-04, eta: 1 day, 14:29:32, time: 1.062, data_time: 0.010, memory: 37107, loss_mask: 0.1003, loss_texture: 0.0113, iou: 0.6444, iou_t0: 0.7459, iou_t1: 0.6870, iou_t2: 0.7115, iou_t3: 0.6469, iou_t4: 0.5886, iou_t5: 0.5319, loss: 0.1116
2026-05-09 13:56:38,937 - mmdet - INFO - Iter [6250/120000]	lr: 1.000e-04, eta: 1 day, 14:27:53, time: 1.067, data_time: 0.010, memory: 37107, loss_mask: 0.1009, loss_texture: 0.0127, iou: 0.6044, iou_t0: 0.6117, iou_t1: 0.7449, iou_t2: 0.6225, iou_t3: 0.6541, iou_t4: 0.5707, iou_t5: 0.4392, loss: 0.1136
2026-05-09 13:57:05,755 - mmdet - INFO - Iter [6275/120000]	lr: 1.000e-04, eta: 1 day, 14:26:17, time: 1.073, data_time: 0.011, memory: 37107, loss_mask: 0.1053, loss_texture: 0.0118, iou: 0.6211, iou_t0: 0.7231, iou_t1: 0.6491, iou_t2: 0.6303, iou_t3: 0.5938, iou_t4: 0.5222, iou_t5: 0.4739, loss: 0.1172
2026-05-09 13:57:32,371 - mmdet - INFO - Iter [6300/120000]	lr: 1.000e-04, eta: 1 day, 14:24:38, time: 1.065, data_time: 0.010, memory: 37107, loss_mask: 0.1113, loss_texture: 0.0121, iou: 0.6031, iou_t0: 0.6494, iou_t1: 0.6851, iou_t2: 0.5819, iou_t3: 0.7220, iou_t4: 0.5852, iou_t5: 0.4285, loss: 0.1234
2026-05-09 13:57:58,921 - mmdet - INFO - Iter [6325/120000]	lr: 1.000e-04, eta: 1 day, 14:22:59, time: 1.062, data_time: 0.010, memory: 37107, loss_mask: 0.1207, loss_texture: 0.0133, iou: 0.6490, iou_t0: 0.7396, iou_t1: 0.7943, iou_t2: 0.7953, iou_t3: 0.5980, iou_t4: 0.5228, iou_t5: 0.4644, loss: 0.1340
2026-05-09 13:58:25,516 - mmdet - INFO - Iter [6350/120000]	lr: 1.000e-04, eta: 1 day, 14:21:20, time: 1.064, data_time: 0.010, memory: 37107, loss_mask: 0.1059, loss_texture: 0.0128, iou: 0.6502, iou_t0: 0.8110, iou_t1: 0.7406, iou_t2: 0.7302, iou_t3: 0.6069, iou_t4: 0.4865, iou_t5: 0.4321, loss: 0.1187
2026-05-09 13:58:52,050 - mmdet - INFO - Iter [6375/120000]	lr: 1.000e-04, eta: 1 day, 14:19:41, time: 1.061, data_time: 0.010, memory: 37107, loss_mask: 0.1002, loss_texture: 0.0123, iou: 0.5589, iou_t0: 0.6771, iou_t1: 0.5737, iou_t2: 0.6746, iou_t3: 0.5194, iou_t4: 0.4943, iou_t5: 0.4313, loss: 0.1125
2026-05-09 13:59:18,770 - mmdet - INFO - Iter [6400/120000]	lr: 1.000e-04, eta: 1 day, 14:18:06, time: 1.069, data_time: 0.010, memory: 37107, loss_mask: 0.1282, loss_texture: 0.0149, iou: 0.6747, iou_t0: 0.7069, iou_t1: 0.7658, iou_t2: 0.7751, iou_t3: 0.6777, iou_t4: 0.5390, iou_t5: 0.4997, loss: 0.1432
2026-05-09 13:59:45,511 - mmdet - INFO - Iter [6425/120000]	lr: 1.000e-04, eta: 1 day, 14:16:32, time: 1.070, data_time: 0.010, memory: 37107, loss_mask: 0.1240, loss_texture: 0.0139, iou: 0.6214, iou_t0: 0.7121, iou_t1: 0.7124, iou_t2: 0.7448, iou_t3: 0.5496, iou_t4: 0.5429, iou_t5: 0.4849, loss: 0.1379
2026-05-09 14:00:12,157 - mmdet - INFO - Iter [6450/120000]	lr: 1.000e-04, eta: 1 day, 14:14:57, time: 1.066, data_time: 0.010, memory: 37107, loss_mask: 0.1060, loss_texture: 0.0125, iou: 0.6151, iou_t0: 0.6122, iou_t1: 0.5920, iou_t2: 0.7178, iou_t3: 0.6783, iou_t4: 0.4373, iou_t5: 0.4956, loss: 0.1185
2026-05-09 14:00:38,767 - mmdet - INFO - Iter [6475/120000]	lr: 1.000e-04, eta: 1 day, 14:13:22, time: 1.064, data_time: 0.010, memory: 37107, loss_mask: 0.0976, loss_texture: 0.0121, iou: 0.6479, iou_t0: 0.8203, iou_t1: 0.7172, iou_t2: 0.6948, iou_t3: 0.6083, iou_t4: 0.5552, iou_t5: 0.4858, loss: 0.1097
2026-05-09 14:01:05,403 - mmdet - INFO - 
--- Val evaluation at iter 6500 ---
2026-05-09 14:02:22,075 - mmdet - INFO - 
+------------+-------------+-------------+
| Class      | Val IoU     | Pseudo IoU  |
+------------+-------------+-------------+
| background | 92.28       | 93.28       |
| building   | 56.08       | 59.08       |
| Summary    | mIoU: 74.18 | mIoU: 76.18 |
+------------+-------------+-------------+
Images evaluated: 10
2026-05-09 14:02:23,485 - mmdet - INFO - Iter [6500/120000]	lr: 1.000e-04, eta: 1 day, 14:11:48, time: 1.065, data_time: 0.010, memory: 37107, val/mIoU: 0.7418, val/IoU.building: 0.5608, val/IoU.background: 0.9228, val/Pseudo_mIoU: 0.7618, loss_mask: 0.0945, loss_texture: 0.0115, iou: 0.6330, iou_t0: 0.6755, iou_t1: 0.7283, iou_t2: 0.6529, iou_t3: 0.6727, iou_t4: 0.5548, iou_t5: 0.4287, loss: 0.1060
2026-05-09 14:02:50,049 - mmdet - INFO - Iter [6525/120000]	lr: 1.000e-04, eta: 1 day, 14:32:50, time: 4.186, data_time: 3.133, memory: 37107, loss_mask: 0.1135, loss_texture: 0.0127, iou: 0.5646, iou_t0: 0.5722, iou_t1: 0.6766, iou_t2: 0.6079, iou_t3: 0.5471, iou_t4: 0.5094, iou_t5: 0.4426, loss: 0.1262
2026-05-09 14:03:16,648 - mmdet - INFO - Iter [6550/120000]	lr: 1.000e-04, eta: 1 day, 14:31:11, time: 1.064, data_time: 0.011, memory: 37107, loss_mask: 0.1159, loss_texture: 0.0129, iou: 0.5975, iou_t0: 0.7085, iou_t1: 0.6593, iou_t2: 0.7321, iou_t3: 0.5492, iou_t4: 0.4952, iou_t5: 0.4223, loss: 0.1288
2026-05-09 14:03:43,307 - mmdet - INFO - Iter [6575/120000]	lr: 1.000e-04, eta: 1 day, 14:29:33, time: 1.066, data_time: 0.010, memory: 37107, loss_mask: 0.1270, loss_texture: 0.0149, iou: 0.6299, iou_t0: 0.7163, iou_t1: 0.7038, iou_t2: 0.6528, iou_t3: 0.6411, iou_t4: 0.5279, iou_t5: 0.5266, loss: 0.1419
2026-05-09 14:04:10,044 - mmdet - INFO - Iter [6600/120000]	lr: 1.000e-04, eta: 1 day, 14:27:57, time: 1.069, data_time: 0.010, memory: 37107, loss_mask: 0.1376, loss_texture: 0.0165, iou: 0.6167, iou_t0: 0.6568, iou_t1: 0.6482, iou_t2: 0.6946, iou_t3: 0.6024, iou_t4: 0.5037, iou_t5: 0.5124, loss: 0.1542
2026-05-09 14:04:36,582 - mmdet - INFO - Iter [6625/120000]	lr: 1.000e-04, eta: 1 day, 14:26:18, time: 1.062, data_time: 0.010, memory: 37107, loss_mask: 0.0944, loss_texture: 0.0111, iou: 0.5997, iou_t0: 0.7254, iou_t1: 0.7089, iou_t2: 0.6752, iou_t3: 0.5674, iou_t4: 0.4774, iou_t5: 0.3859, loss: 0.1055
2026-05-09 14:05:03,170 - mmdet - INFO - Iter [6650/120000]	lr: 1.000e-04, eta: 1 day, 14:24:41, time: 1.064, data_time: 0.010, memory: 37107, loss_mask: 0.1072, loss_texture: 0.0123, iou: 0.5899, iou_t0: 0.7071, iou_t1: 0.5831, iou_t2: 0.6099, iou_t3: 0.7029, iou_t4: 0.4610, iou_t5: 0.4750, loss: 0.1195
2026-05-09 14:05:29,702 - mmdet - INFO - Iter [6675/120000]	lr: 1.000e-04, eta: 1 day, 14:23:03, time: 1.061, data_time: 0.010, memory: 37107, loss_mask: 0.1060, loss_texture: 0.0124, iou: 0.6132, iou_t0: 0.7362, iou_t1: 0.7059, iou_t2: 0.7475, iou_t3: 0.6181, iou_t4: 0.5229, iou_t5: 0.4726, loss: 0.1184
2026-05-09 14:05:56,296 - mmdet - INFO - Iter [6700/120000]	lr: 1.000e-04, eta: 1 day, 14:21:27, time: 1.064, data_time: 0.010, memory: 37107, loss_mask: 0.1226, loss_texture: 0.0149, iou: 0.6520, iou_t0: 0.6493, iou_t1: 0.7046, iou_t2: 0.7606, iou_t3: 0.6406, iou_t4: 0.6228, iou_t5: 0.5935, loss: 0.1375
2026-05-09 14:06:22,813 - mmdet - INFO - Iter [6725/120000]	lr: 1.000e-04, eta: 1 day, 14:19:50, time: 1.061, data_time: 0.010, memory: 37107, loss_mask: 0.1016, loss_texture: 0.0110, iou: 0.6085, iou_t0: 0.6992, iou_t1: 0.7349, iou_t2: 0.5760, iou_t3: 0.6940, iou_t4: 0.4820, iou_t5: 0.3863, loss: 0.1126
2026-05-09 14:06:49,409 - mmdet - INFO - Iter [6750/120000]	lr: 1.000e-04, eta: 1 day, 14:18:15, time: 1.064, data_time: 0.010, memory: 37107, loss_mask: 0.1129, loss_texture: 0.0139, iou: 0.6096, iou_t0: 0.6607, iou_t1: 0.7793, iou_t2: 0.6988, iou_t3: 0.5512, iou_t4: 0.5257, iou_t5: 0.5042, loss: 0.1268
2026-05-09 14:07:16,118 - mmdet - INFO - Iter [6775/120000]	lr: 1.000e-04, eta: 1 day, 14:16:42, time: 1.068, data_time: 0.010, memory: 37107, loss_mask: 0.1193, loss_texture: 0.0140, iou: 0.6171, iou_t0: 0.6645, iou_t1: 0.6376, iou_t2: 0.7686, iou_t3: 0.6648, iou_t4: 0.5127, iou_t5: 0.4269, loss: 0.1333
2026-05-09 14:07:42,780 - mmdet - INFO - Iter [6800/120000]	lr: 1.000e-04, eta: 1 day, 14:15:09, time: 1.066, data_time: 0.010, memory: 37107, loss_mask: 0.1180, loss_texture: 0.0132, iou: 0.6034, iou_t0: 0.6805, iou_t1: 0.6982, iou_t2: 0.7164, iou_t3: 0.6190, iou_t4: 0.5393, iou_t5: 0.4549, loss: 0.1313
2026-05-09 14:08:09,344 - mmdet - INFO - Iter [6825/120000]	lr: 1.000e-04, eta: 1 day, 14:13:35, time: 1.063, data_time: 0.010, memory: 37107, loss_mask: 0.1263, loss_texture: 0.0137, iou: 0.6215, iou_t0: 0.7332, iou_t1: 0.7220, iou_t2: 0.6852, iou_t3: 0.6473, iou_t4: 0.4685, iou_t5: 0.4094, loss: 0.1400
2026-05-09 14:08:35,908 - mmdet - INFO - Iter [6850/120000]	lr: 1.000e-04, eta: 1 day, 14:12:01, time: 1.063, data_time: 0.010, memory: 37107, loss_mask: 0.1379, loss_texture: 0.0144, iou: 0.6065, iou_t0: 0.7614, iou_t1: 0.8065, iou_t2: 0.6672, iou_t3: 0.6113, iou_t4: 0.4494, iou_t5: 0.4336, loss: 0.1523
2026-05-09 14:09:02,503 - mmdet - INFO - Iter [6875/120000]	lr: 1.000e-04, eta: 1 day, 14:10:28, time: 1.064, data_time: 0.010, memory: 37107, loss_mask: 0.1343, loss_texture: 0.0153, iou: 0.6255, iou_t0: 0.7267, iou_t1: 0.6563, iou_t2: 0.6608, iou_t3: 0.6478, iou_t4: 0.5014, iou_t5: 0.4596, loss: 0.1496
2026-05-09 14:09:29,075 - mmdet - INFO - Iter [6900/120000]	lr: 1.000e-04, eta: 1 day, 14:08:55, time: 1.063, data_time: 0.010, memory: 37107, loss_mask: 0.1052, loss_texture: 0.0124, iou: 0.6405, iou_t0: 0.7916, iou_t1: 0.6907, iou_t2: 0.6607, iou_t3: 0.6808, iou_t4: 0.6168, iou_t5: 0.4096, loss: 0.1176
2026-05-09 14:09:55,715 - mmdet - INFO - Iter [6925/120000]	lr: 1.000e-04, eta: 1 day, 14:07:24, time: 1.066, data_time: 0.010, memory: 37107, loss_mask: 0.1023, loss_texture: 0.0118, iou: 0.5919, iou_t0: 0.8048, iou_t1: 0.7434, iou_t2: 0.5763, iou_t3: 0.6228, iou_t4: 0.4666, iou_t5: 0.4091, loss: 0.1142
2026-05-09 14:10:22,400 - mmdet - INFO - Iter [6950/120000]	lr: 1.000e-04, eta: 1 day, 14:05:54, time: 1.067, data_time: 0.010, memory: 37107, loss_mask: 0.1132, loss_texture: 0.0122, iou: 0.5591, iou_t0: 0.6863, iou_t1: 0.6792, iou_t2: 0.6412, iou_t3: 0.4568, iou_t4: 0.4586, iou_t5: 0.3672, loss: 0.1253
2026-05-09 14:10:49,029 - mmdet - INFO - Iter [6975/120000]	lr: 1.000e-04, eta: 1 day, 14:04:24, time: 1.065, data_time: 0.010, memory: 37107, loss_mask: 0.1270, loss_texture: 0.0149, iou: 0.6282, iou_t0: 0.7753, iou_t1: 0.7033, iou_t2: 0.6969, iou_t3: 0.6249, iou_t4: 0.5284, iou_t5: 0.4875, loss: 0.1419
2026-05-09 14:11:15,640 - mmdet - INFO - 
--- Val evaluation at iter 7000 ---
2026-05-09 14:12:33,135 - mmdet - INFO - 
+------------+-------------+-------------+
| Class      | Val IoU     | Pseudo IoU  |
+------------+-------------+-------------+
| background | 90.70       | 93.28       |
| building   | 51.55       | 59.08       |
| Summary    | mIoU: 71.13 | mIoU: 76.18 |
+------------+-------------+-------------+
Images evaluated: 10
2026-05-09 14:12:34,537 - mmdet - INFO - Exp name: exp3_obj_unc.py
2026-05-09 14:12:34,537 - mmdet - INFO - Iter [7000/120000]	lr: 1.000e-04, eta: 1 day, 14:02:54, time: 1.064, data_time: 0.010, memory: 37107, val/mIoU: 0.7113, val/IoU.building: 0.5155, val/IoU.background: 0.9070, val/Pseudo_mIoU: 0.7618, loss_mask: 0.1259, loss_texture: 0.0152, iou: 0.6757, iou_t0: 0.8299, iou_t1: 0.6829, iou_t2: 0.7188, iou_t3: 0.6713, iou_t4: 0.6609, iou_t5: 0.5633, loss: 0.1411
2026-05-09 14:13:01,213 - mmdet - INFO - Iter [7025/120000]	lr: 1.000e-04, eta: 1 day, 14:22:34, time: 4.223, data_time: 3.166, memory: 37107, loss_mask: 0.1210, loss_texture: 0.0144, iou: 0.6221, iou_t0: 0.7963, iou_t1: 0.6305, iou_t2: 0.5977, iou_t3: 0.6250, iou_t4: 0.5753, iou_t5: 0.5336, loss: 0.1353
2026-05-09 14:13:27,899 - mmdet - INFO - Iter [7050/120000]	lr: 1.000e-04, eta: 1 day, 14:21:01, time: 1.067, data_time: 0.010, memory: 37107, loss_mask: 0.0950, loss_texture: 0.0119, iou: 0.6254, iou_t0: 0.6744, iou_t1: 0.6818, iou_t2: 0.7066, iou_t3: 0.5747, iou_t4: 0.6237, iou_t5: 0.4683, loss: 0.1069
2026-05-09 14:13:54,482 - mmdet - INFO - Iter [7075/120000]	lr: 1.000e-04, eta: 1 day, 14:19:27, time: 1.063, data_time: 0.010, memory: 37107, loss_mask: 0.1231, loss_texture: 0.0140, iou: 0.5939, iou_t0: 0.5936, iou_t1: 0.7091, iou_t2: 0.7475, iou_t3: 0.5693, iou_t4: 0.4773, iou_t5: 0.4760, loss: 0.1371
2026-05-09 14:14:21,132 - mmdet - INFO - Iter [7100/120000]	lr: 1.000e-04, eta: 1 day, 14:17:55, time: 1.066, data_time: 0.010, memory: 37107, loss_mask: 0.0952, loss_texture: 0.0119, iou: 0.6528, iou_t0: 0.7451, iou_t1: 0.8405, iou_t2: 0.6727, iou_t3: 0.6703, iou_t4: 0.4679, iou_t5: 0.4524, loss: 0.1071
2026-05-09 14:14:47,619 - mmdet - INFO - Iter [7125/120000]	lr: 1.000e-04, eta: 1 day, 14:16:20, time: 1.059, data_time: 0.010, memory: 37107, loss_mask: 0.0952, loss_texture: 0.0116, iou: 0.6290, iou_t0: 0.7610, iou_t1: 0.6964, iou_t2: 0.6617, iou_t3: 0.6667, iou_t4: 0.5374, iou_t5: 0.5062, loss: 0.1068
2026-05-09 14:15:14,099 - mmdet - INFO - Iter [7150/120000]	lr: 1.000e-04, eta: 1 day, 14:14:46, time: 1.059, data_time: 0.010, memory: 37107, loss_mask: 0.1218, loss_texture: 0.0148, iou: 0.6048, iou_t0: 0.6714, iou_t1: 0.6859, iou_t2: 0.6885, iou_t3: 0.6364, iou_t4: 0.4911, iou_t5: 0.4759, loss: 0.1366
2026-05-09 14:15:40,642 - mmdet - INFO - Iter [7175/120000]	lr: 1.000e-04, eta: 1 day, 14:13:13, time: 1.062, data_time: 0.010, memory: 37107, loss_mask: 0.1110, loss_texture: 0.0138, iou: 0.6185, iou_t0: 0.7259, iou_t1: 0.6895, iou_t2: 0.6793, iou_t3: 0.5685, iou_t4: 0.5862, iou_t5: 0.4262, loss: 0.1247
2026-05-09 14:16:07,231 - mmdet - INFO - Iter [7200/120000]	lr: 1.000e-04, eta: 1 day, 14:11:42, time: 1.064, data_time: 0.010, memory: 37107, loss_mask: 0.1140, loss_texture: 0.0146, iou: 0.6424, iou_t0: 0.6316, iou_t1: 0.6849, iou_t2: 0.6953, iou_t3: 0.5862, iou_t4: 0.5037, iou_t5: 0.5650, loss: 0.1287
2026-05-09 14:16:33,863 - mmdet - INFO - Iter [7225/120000]	lr: 1.000e-04, eta: 1 day, 14:10:11, time: 1.065, data_time: 0.010, memory: 37107, loss_mask: 0.0877, loss_texture: 0.0122, iou: 0.6209, iou_t0: 0.6738, iou_t1: 0.6759, iou_t2: 0.7392, iou_t3: 0.6245, iou_t4: 0.5695, iou_t5: 0.4694, loss: 0.0999
2026-05-09 14:17:00,594 - mmdet - INFO - Iter [7250/120000]	lr: 1.000e-04, eta: 1 day, 14:08:43, time: 1.069, data_time: 0.010, memory: 37107, loss_mask: 0.0915, loss_texture: 0.0116, iou: 0.6395, iou_t0: 0.8451, iou_t1: 0.6932, iou_t2: 0.5651, iou_t3: 0.6420, iou_t4: 0.5431, iou_t5: 0.4842, loss: 0.1032
2026-05-09 14:17:27,231 - mmdet - INFO - Iter [7275/120000]	lr: 1.000e-04, eta: 1 day, 14:07:13, time: 1.065, data_time: 0.010, memory: 37107, loss_mask: 0.0988, loss_texture: 0.0120, iou: 0.6085, iou_t0: 0.7514, iou_t1: 0.7490, iou_t2: 0.6423, iou_t3: 0.5907, iou_t4: 0.5152, iou_t5: 0.4942, loss: 0.1107
2026-05-09 14:17:53,964 - mmdet - INFO - Iter [7300/120000]	lr: 1.000e-04, eta: 1 day, 14:05:46, time: 1.069, data_time: 0.010, memory: 37107, loss_mask: 0.0982, loss_texture: 0.0128, iou: 0.6495, iou_t0: 0.7669, iou_t1: 0.6986, iou_t2: 0.7112, iou_t3: 0.5668, iou_t4: 0.6063, iou_t5: 0.4986, loss: 0.1110
2026-05-09 14:18:20,604 - mmdet - INFO - Iter [7325/120000]	lr: 1.000e-04, eta: 1 day, 14:04:17, time: 1.066, data_time: 0.010, memory: 37107, loss_mask: 0.1223, loss_texture: 0.0142, iou: 0.6261, iou_t0: 0.7929, iou_t1: 0.6591, iou_t2: 0.6583, iou_t3: 0.6520, iou_t4: 0.5337, iou_t5: 0.4202, loss: 0.1365
2026-05-09 14:18:47,255 - mmdet - INFO - Iter [7350/120000]	lr: 1.000e-04, eta: 1 day, 14:02:49, time: 1.066, data_time: 0.010, memory: 37107, loss_mask: 0.1139, loss_texture: 0.0142, iou: 0.6720, iou_t0: 0.7847, iou_t1: 0.7608, iou_t2: 0.7173, iou_t3: 0.7247, iou_t4: 0.5522, iou_t5: 0.5693, loss: 0.1281
2026-05-09 14:19:13,881 - mmdet - INFO - Iter [7375/120000]	lr: 1.000e-04, eta: 1 day, 14:01:21, time: 1.065, data_time: 0.010, memory: 37107, loss_mask: 0.1043, loss_texture: 0.0122, iou: 0.5756, iou_t0: 0.6223, iou_t1: 0.6359, iou_t2: 0.6809, iou_t3: 0.5949, iou_t4: 0.5237, iou_t5: 0.3873, loss: 0.1165
2026-05-09 14:19:40,602 - mmdet - INFO - Iter [7400/120000]	lr: 1.000e-04, eta: 1 day, 13:59:55, time: 1.069, data_time: 0.010, memory: 37107, loss_mask: 0.1062, loss_texture: 0.0128, iou: 0.5808, iou_t0: 0.6115, iou_t1: 0.6068, iou_t2: 0.6742, iou_t3: 0.6871, iou_t4: 0.5169, iou_t5: 0.4149, loss: 0.1190
2026-05-09 14:20:07,209 - mmdet - INFO - Iter [7425/120000]	lr: 1.000e-04, eta: 1 day, 13:58:27, time: 1.064, data_time: 0.010, memory: 37107, loss_mask: 0.1097, loss_texture: 0.0142, iou: 0.6303, iou_t0: 0.7474, iou_t1: 0.7283, iou_t2: 0.6179, iou_t3: 0.6665, iou_t4: 0.6015, iou_t5: 0.5137, loss: 0.1238
2026-05-09 14:20:33,807 - mmdet - INFO - Iter [7450/120000]	lr: 1.000e-04, eta: 1 day, 13:57:00, time: 1.064, data_time: 0.010, memory: 37107, loss_mask: 0.1337, loss_texture: 0.0134, iou: 0.5932, iou_t0: 0.6438, iou_t1: 0.6967, iou_t2: 0.6860, iou_t3: 0.5635, iou_t4: 0.4498, iou_t5: 0.3912, loss: 0.1471
2026-05-09 14:21:00,499 - mmdet - INFO - Iter [7475/120000]	lr: 1.000e-04, eta: 1 day, 13:55:35, time: 1.068, data_time: 0.010, memory: 37107, loss_mask: 0.1392, loss_texture: 0.0152, iou: 0.5830, iou_t0: 0.7323, iou_t1: 0.6373, iou_t2: 0.7369, iou_t3: 0.5904, iou_t4: 0.4778, iou_t5: 0.3804, loss: 0.1544
2026-05-09 14:21:27,256 - mmdet - INFO - 
--- Val evaluation at iter 7500 ---
2026-05-09 14:22:45,597 - mmdet - INFO - 
+------------+-------------+-------------+
| Class      | Val IoU     | Pseudo IoU  |
+------------+-------------+-------------+
| background | 86.36       | 93.28       |
| building   | 42.38       | 59.08       |
| Summary    | mIoU: 64.37 | mIoU: 76.18 |
+------------+-------------+-------------+
Images evaluated: 10
2026-05-09 14:22:47,025 - mmdet - INFO - Iter [7500/120000]	lr: 1.000e-04, eta: 1 day, 13:54:11, time: 1.070, data_time: 0.010, memory: 37107, val/mIoU: 0.6437, val/IoU.building: 0.4238, val/IoU.background: 0.8636, val/Pseudo_mIoU: 0.7618, loss_mask: 0.1232, loss_texture: 0.0144, iou: 0.6595, iou_t0: 0.7610, iou_t1: 0.7280, iou_t2: 0.7255, iou_t3: 0.7096, iou_t4: 0.5614, iou_t5: 0.4714, loss: 0.1377
2026-05-09 14:23:13,748 - mmdet - INFO - Iter [7525/120000]	lr: 1.000e-04, eta: 1 day, 14:12:39, time: 4.260, data_time: 3.201, memory: 37107, loss_mask: 0.1051, loss_texture: 0.0123, iou: 0.5819, iou_t0: 0.6880, iou_t1: 0.7171, iou_t2: 0.6723, iou_t3: 0.5492, iou_t4: 0.4305, iou_t5: 0.3666, loss: 0.1174
2026-05-09 14:23:40,494 - mmdet - INFO - Iter [7550/120000]	lr: 1.000e-04, eta: 1 day, 14:11:11, time: 1.070, data_time: 0.010, memory: 37107, loss_mask: 0.1074, loss_texture: 0.0123, iou: 0.5964, iou_t0: 0.6047, iou_t1: 0.7985, iou_t2: 0.6814, iou_t3: 0.5743, iou_t4: 0.4775, iou_t5: 0.4904, loss: 0.1197
2026-05-09 14:24:07,192 - mmdet - INFO - Iter [7575/120000]	lr: 1.000e-04, eta: 1 day, 14:09:43, time: 1.068, data_time: 0.011, memory: 37107, loss_mask: 0.1332, loss_texture: 0.0143, iou: 0.5824, iou_t0: 0.4888, iou_t1: 0.6963, iou_t2: 0.6679, iou_t3: 0.6629, iou_t4: 0.4542, iou_t5: 0.4280, loss: 0.1475
2026-05-09 14:24:33,847 - mmdet - INFO - Iter [7600/120000]	lr: 1.000e-04, eta: 1 day, 14:08:15, time: 1.066, data_time: 0.010, memory: 37107, loss_mask: 0.1166, loss_texture: 0.0140, iou: 0.6311, iou_t0: 0.7349, iou_t1: 0.6925, iou_t2: 0.6515, iou_t3: 0.7419, iou_t4: 0.6199, iou_t5: 0.5092, loss: 0.1305
2026-05-09 14:25:00,608 - mmdet - INFO - Iter [7625/120000]	lr: 1.000e-04, eta: 1 day, 14:06:49, time: 1.070, data_time: 0.010, memory: 37107, loss_mask: 0.1150, loss_texture: 0.0136, iou: 0.6121, iou_t0: 0.6673, iou_t1: 0.5639, iou_t2: 0.6529, iou_t3: 0.6220, iou_t4: 0.5370, iou_t5: 0.4959, loss: 0.1286
2026-05-09 14:25:27,328 - mmdet - INFO - Iter [7650/120000]	lr: 1.000e-04, eta: 1 day, 14:05:23, time: 1.069, data_time: 0.010, memory: 37107, loss_mask: 0.1097, loss_texture: 0.0129, iou: 0.6050, iou_t0: 0.6886, iou_t1: 0.7014, iou_t2: 0.7013, iou_t3: 0.5706, iou_t4: 0.5847, iou_t5: 0.4664, loss: 0.1225
2026-05-09 14:25:53,911 - mmdet - INFO - Iter [7675/120000]	lr: 1.000e-04, eta: 1 day, 14:03:55, time: 1.063, data_time: 0.010, memory: 37107, loss_mask: 0.1461, loss_texture: 0.0153, iou: 0.6139, iou_t0: 0.7141, iou_t1: 0.6725, iou_t2: 0.6465, iou_t3: 0.6902, iou_t4: 0.5175, iou_t5: 0.5227, loss: 0.1615
2026-05-09 14:26:20,504 - mmdet - INFO - Iter [7700/120000]	lr: 1.000e-04, eta: 1 day, 14:02:27, time: 1.064, data_time: 0.010, memory: 37107, loss_mask: 0.0997, loss_texture: 0.0124, iou: 0.6421, iou_t0: 0.8118, iou_t1: 0.7447, iou_t2: 0.7067, iou_t3: 0.6005, iou_t4: 0.5696, iou_t5: 0.4548, loss: 0.1120
2026-05-09 14:26:47,115 - mmdet - INFO - Iter [7725/120000]	lr: 1.000e-04, eta: 1 day, 14:01:00, time: 1.064, data_time: 0.010, memory: 37107, loss_mask: 0.1131, loss_texture: 0.0125, iou: 0.5847, iou_t0: 0.7493, iou_t1: 0.6549, iou_t2: 0.6019, iou_t3: 0.5365, iou_t4: 0.4880, iou_t5: 0.3633, loss: 0.1257
2026-05-09 14:27:13,709 - mmdet - INFO - Iter [7750/120000]	lr: 1.000e-04, eta: 1 day, 13:59:34, time: 1.064, data_time: 0.010, memory: 37107, loss_mask: 0.1260, loss_texture: 0.0142, iou: 0.5865, iou_t0: 0.6912, iou_t1: 0.7372, iou_t2: 0.6745, iou_t3: 0.5146, iou_t4: 0.4978, iou_t5: 0.4274, loss: 0.1402
2026-05-09 14:27:40,370 - mmdet - INFO - Iter [7775/120000]	lr: 1.000e-04, eta: 1 day, 13:58:08, time: 1.066, data_time: 0.010, memory: 37107, loss_mask: 0.1091, loss_texture: 0.0142, iou: 0.6123, iou_t0: 0.6484, iou_t1: 0.6971, iou_t2: 0.6988, iou_t3: 0.6165, iou_t4: 0.5323, iou_t5: 0.5192, loss: 0.1233
2026-05-09 14:28:07,087 - mmdet - INFO - Iter [7800/120000]	lr: 1.000e-04, eta: 1 day, 13:56:44, time: 1.069, data_time: 0.010, memory: 37107, loss_mask: 0.1189, loss_texture: 0.0150, iou: 0.6178, iou_t0: 0.6925, iou_t1: 0.6309, iou_t2: 0.6186, iou_t3: 0.6418, iou_t4: 0.6114, iou_t5: 0.5199, loss: 0.1339
2026-05-09 14:28:33,706 - mmdet - INFO - Iter [7825/120000]	lr: 1.000e-04, eta: 1 day, 13:55:19, time: 1.065, data_time: 0.010, memory: 37107, loss_mask: 0.1103, loss_texture: 0.0128, iou: 0.6109, iou_t0: 0.6770, iou_t1: 0.7504, iou_t2: 0.6481, iou_t3: 0.5647, iou_t4: 0.5425, iou_t5: 0.5068, loss: 0.1231
2026-05-09 14:29:00,277 - mmdet - INFO - Iter [7850/120000]	lr: 1.000e-04, eta: 1 day, 13:53:54, time: 1.063, data_time: 0.010, memory: 37107, loss_mask: 0.0995, loss_texture: 0.0132, iou: 0.6228, iou_t0: 0.6337, iou_t1: 0.7606, iou_t2: 0.6552, iou_t3: 0.6939, iou_t4: 0.5027, iou_t5: 0.4679, loss: 0.1127
2026-05-09 14:29:26,826 - mmdet - INFO - Iter [7875/120000]	lr: 1.000e-04, eta: 1 day, 13:52:28, time: 1.062, data_time: 0.010, memory: 37107, loss_mask: 0.0960, loss_texture: 0.0125, iou: 0.6325, iou_t0: 0.7952, iou_t1: 0.6417, iou_t2: 0.7416, iou_t3: 0.5662, iou_t4: 0.5683, iou_t5: 0.4888, loss: 0.1085
2026-05-09 14:29:53,456 - mmdet - INFO - Iter [7900/120000]	lr: 1.000e-04, eta: 1 day, 13:51:04, time: 1.065, data_time: 0.010, memory: 37107, loss_mask: 0.0950, loss_texture: 0.0110, iou: 0.6258, iou_t0: 0.6815, iou_t1: 0.8103, iou_t2: 0.7566, iou_t3: 0.7019, iou_t4: 0.4876, iou_t5: 0.3596, loss: 0.1060
2026-05-09 14:30:20,148 - mmdet - INFO - Iter [7925/120000]	lr: 1.000e-04, eta: 1 day, 13:49:42, time: 1.068, data_time: 0.010, memory: 37107, loss_mask: 0.1109, loss_texture: 0.0130, iou: 0.5845, iou_t0: 0.7360, iou_t1: 0.5959, iou_t2: 0.6109, iou_t3: 0.6629, iou_t4: 0.5124, iou_t5: 0.4386, loss: 0.1238
2026-05-09 14:30:46,862 - mmdet - INFO - Iter [7950/120000]	lr: 1.000e-04, eta: 1 day, 13:48:20, time: 1.069, data_time: 0.010, memory: 37107, loss_mask: 0.1268, loss_texture: 0.0144, iou: 0.6108, iou_t0: 0.6766, iou_t1: 0.7349, iou_t2: 0.6326, iou_t3: 0.5425, iou_t4: 0.5372, iou_t5: 0.4760, loss: 0.1412
2026-05-09 14:31:13,554 - mmdet - INFO - Iter [7975/120000]	lr: 1.000e-04, eta: 1 day, 13:46:58, time: 1.068, data_time: 0.010, memory: 37107, loss_mask: 0.1044, loss_texture: 0.0129, iou: 0.6135, iou_t0: 0.7255, iou_t1: 0.7817, iou_t2: 0.6586, iou_t3: 0.5824, iou_t4: 0.5059, iou_t5: 0.5343, loss: 0.1173
2026-05-09 14:31:40,302 - mmdet - INFO - 
--- Val evaluation at iter 8000 ---
2026-05-09 14:32:57,809 - mmdet - INFO - 
+------------+-------------+-------------+
| Class      | Val IoU     | Pseudo IoU  |
+------------+-------------+-------------+
| background | 91.20       | 93.28       |
| building   | 52.75       | 59.08       |
| Summary    | mIoU: 71.97 | mIoU: 76.18 |
+------------+-------------+-------------+
Images evaluated: 10
2026-05-09 14:32:59,201 - mmdet - INFO - Exp name: exp3_obj_unc.py
2026-05-09 14:32:59,202 - mmdet - INFO - Iter [8000/120000]	lr: 1.000e-04, eta: 1 day, 13:45:37, time: 1.070, data_time: 0.010, memory: 37107, val/mIoU: 0.7197, val/IoU.building: 0.5275, val/IoU.background: 0.9120, val/Pseudo_mIoU: 0.7618, loss_mask: 0.1243, loss_texture: 0.0148, iou: 0.6113, iou_t0: 0.6824, iou_t1: 0.7053, iou_t2: 0.7502, iou_t3: 0.6820, iou_t4: 0.5279, iou_t5: 0.4330, loss: 0.1390
2026-05-09 14:33:25,865 - mmdet - INFO - Iter [8025/120000]	lr: 1.000e-04, eta: 1 day, 14:02:36, time: 4.223, data_time: 3.166, memory: 37107, loss_mask: 0.0979, loss_texture: 0.0129, iou: 0.6164, iou_t0: 0.7563, iou_t1: 0.7413, iou_t2: 0.7101, iou_t3: 0.5977, iou_t4: 0.4956, iou_t5: 0.4535, loss: 0.1107
2026-05-09 14:33:52,576 - mmdet - INFO - Iter [8050/120000]	lr: 1.000e-04, eta: 1 day, 14:01:12, time: 1.068, data_time: 0.010, memory: 37107, loss_mask: 0.0960, loss_texture: 0.0112, iou: 0.6185, iou_t0: 0.6953, iou_t1: 0.7554, iou_t2: 0.6938, iou_t3: 0.6974, iou_t4: 0.5303, iou_t5: 0.4926, loss: 0.1072
2026-05-09 14:34:19,309 - mmdet - INFO - Iter [8075/120000]	lr: 1.000e-04, eta: 1 day, 13:59:48, time: 1.069, data_time: 0.010, memory: 37107, loss_mask: 0.1140, loss_texture: 0.0133, iou: 0.6474, iou_t0: 0.7515, iou_t1: 0.6327, iou_t2: 0.6466, iou_t3: 0.7665, iou_t4: 0.5428, iou_t5: 0.5651, loss: 0.1273
2026-05-09 14:34:46,112 - mmdet - INFO - Iter [8100/120000]	lr: 1.000e-04, eta: 1 day, 13:58:26, time: 1.072, data_time: 0.011, memory: 37107, loss_mask: 0.1010, loss_texture: 0.0115, iou: 0.6165, iou_t0: 0.7050, iou_t1: 0.7847, iou_t2: 0.6863, iou_t3: 0.6509, iou_t4: 0.4798, iou_t5: 0.4217, loss: 0.1124
2026-05-09 14:35:12,744 - mmdet - INFO - Iter [8125/120000]	lr: 1.000e-04, eta: 1 day, 13:57:01, time: 1.065, data_time: 0.010, memory: 37107, loss_mask: 0.0929, loss_texture: 0.0119, iou: 0.5989, iou_t0: 0.7353, iou_t1: 0.7093, iou_t2: 0.6283, iou_t3: 0.5452, iou_t4: 0.5285, iou_t5: 0.4878, loss: 0.1048
2026-05-09 14:35:39,294 - mmdet - INFO - Iter [8150/120000]	lr: 1.000e-04, eta: 1 day, 13:55:36, time: 1.062, data_time: 0.010, memory: 37107, loss_mask: 0.0982, loss_texture: 0.0123, iou: 0.6365, iou_t0: 0.8118, iou_t1: 0.6051, iou_t2: 0.7297, iou_t3: 0.6458, iou_t4: 0.5388, iou_t5: 0.4952, loss: 0.1105
2026-05-09 14:36:05,841 - mmdet - INFO - Iter [8175/120000]	lr: 1.000e-04, eta: 1 day, 13:54:11, time: 1.062, data_time: 0.010, memory: 37107, loss_mask: 0.1271, loss_texture: 0.0135, iou: 0.6523, iou_t0: 0.6904, iou_t1: 0.8127, iou_t2: 0.7370, iou_t3: 0.5441, iou_t4: 0.6457, iou_t5: 0.5779, loss: 0.1406
2026-05-09 14:36:32,413 - mmdet - INFO - Iter [8200/120000]	lr: 1.000e-04, eta: 1 day, 13:52:47, time: 1.063, data_time: 0.010, memory: 37107, loss_mask: 0.1154, loss_texture: 0.0140, iou: 0.6205, iou_t0: 0.6972, iou_t1: 0.7118, iou_t2: 0.7244, iou_t3: 0.6562, iou_t4: 0.5158, iou_t5: 0.4771, loss: 0.1294
2026-05-09 14:36:58,928 - mmdet - INFO - Iter [8225/120000]	lr: 1.000e-04, eta: 1 day, 13:51:22, time: 1.061, data_time: 0.010, memory: 37107, loss_mask: 0.1048, loss_texture: 0.0125, iou: 0.6085, iou_t0: 0.7367, iou_t1: 0.6625, iou_t2: 0.5412, iou_t3: 0.6527, iou_t4: 0.4937, iou_t5: 0.4419, loss: 0.1173
2026-05-09 14:37:25,496 - mmdet - INFO - Iter [8250/120000]	lr: 1.000e-04, eta: 1 day, 13:49:59, time: 1.063, data_time: 0.010, memory: 37107, loss_mask: 0.1044, loss_texture: 0.0135, iou: 0.6605, iou_t0: 0.6895, iou_t1: 0.7646, iou_t2: 0.7060, iou_t3: 0.6723, iou_t4: 0.6537, iou_t5: 0.5064, loss: 0.1180
2026-05-09 14:37:52,087 - mmdet - INFO - Iter [8275/120000]	lr: 1.000e-04, eta: 1 day, 13:48:36, time: 1.064, data_time: 0.010, memory: 37107, loss_mask: 0.1028, loss_texture: 0.0124, iou: 0.6350, iou_t0: 0.7153, iou_t1: 0.7009, iou_t2: 0.7638, iou_t3: 0.5427, iou_t4: 0.6420, iou_t5: 0.4564, loss: 0.1151
2026-05-09 14:38:18,767 - mmdet - INFO - Iter [8300/120000]	lr: 1.000e-04, eta: 1 day, 13:47:15, time: 1.067, data_time: 0.010, memory: 37107, loss_mask: 0.1164, loss_texture: 0.0139, iou: 0.6094, iou_t0: 0.7413, iou_t1: 0.5705, iou_t2: 0.6880, iou_t3: 0.6127, iou_t4: 0.4989, iou_t5: 0.5725, loss: 0.1303
2026-05-09 14:38:45,386 - mmdet - INFO - Iter [8325/120000]	lr: 1.000e-04, eta: 1 day, 13:45:53, time: 1.065, data_time: 0.010, memory: 37107, loss_mask: 0.0906, loss_texture: 0.0115, iou: 0.6284, iou_t0: 0.7385, iou_t1: 0.7807, iou_t2: 0.6148, iou_t3: 0.5611, iou_t4: 0.6204, iou_t5: 0.3977, loss: 0.1022
2026-05-09 14:39:11,956 - mmdet - INFO - Iter [8350/120000]	lr: 1.000e-04, eta: 1 day, 13:44:31, time: 1.063, data_time: 0.010, memory: 37107, loss_mask: 0.1216, loss_texture: 0.0129, iou: 0.6492, iou_t0: 0.6919, iou_t1: 0.7290, iou_t2: 0.6516, iou_t3: 0.6704, iou_t4: 0.5474, iou_t5: 0.5009, loss: 0.1345
2026-05-09 14:39:38,510 - mmdet - INFO - Iter [8375/120000]	lr: 1.000e-04, eta: 1 day, 13:43:09, time: 1.062, data_time: 0.010, memory: 37107, loss_mask: 0.0845, loss_texture: 0.0108, iou: 0.6015, iou_t0: 0.6862, iou_t1: 0.7483, iou_t2: 0.6672, iou_t3: 0.6636, iou_t4: 0.4409, iou_t5: 0.4114, loss: 0.0953
2026-05-09 14:40:05,013 - mmdet - INFO - Iter [8400/120000]	lr: 1.000e-04, eta: 1 day, 13:41:47, time: 1.060, data_time: 0.010, memory: 37107, loss_mask: 0.0966, loss_texture: 0.0117, iou: 0.6192, iou_t0: 0.6547, iou_t1: 0.7019, iou_t2: 0.7749, iou_t3: 0.6433, iou_t4: 0.5807, iou_t5: 0.4168, loss: 0.1083
2026-05-09 14:40:31,592 - mmdet - INFO - Iter [8425/120000]	lr: 1.000e-04, eta: 1 day, 13:40:26, time: 1.063, data_time: 0.010, memory: 37107, loss_mask: 0.1070, loss_texture: 0.0130, iou: 0.6603, iou_t0: 0.7196, iou_t1: 0.7397, iou_t2: 0.7442, iou_t3: 0.7186, iou_t4: 0.5670, iou_t5: 0.5026, loss: 0.1200
2026-05-09 14:40:58,247 - mmdet - INFO - Iter [8450/120000]	lr: 1.000e-04, eta: 1 day, 13:39:06, time: 1.066, data_time: 0.010, memory: 37107, loss_mask: 0.1105, loss_texture: 0.0130, iou: 0.6050, iou_t0: 0.7360, iou_t1: 0.8133, iou_t2: 0.5829, iou_t3: 0.6252, iou_t4: 0.4941, iou_t5: 0.4507, loss: 0.1235
2026-05-09 14:41:24,997 - mmdet - INFO - Iter [8475/120000]	lr: 1.000e-04, eta: 1 day, 13:37:48, time: 1.070, data_time: 0.010, memory: 37107, loss_mask: 0.1118, loss_texture: 0.0145, iou: 0.6614, iou_t0: 0.6730, iou_t1: 0.7973, iou_t2: 0.6724, iou_t3: 0.7428, iou_t4: 0.5790, iou_t5: 0.5242, loss: 0.1263
2026-05-09 14:41:51,638 - mmdet - INFO - 
--- Val evaluation at iter 8500 ---
2026-05-09 14:43:08,195 - mmdet - INFO - 
+------------+-------------+-------------+
| Class      | Val IoU     | Pseudo IoU  |
+------------+-------------+-------------+
| background | 92.62       | 93.28       |
| building   | 57.16       | 59.08       |
| Summary    | mIoU: 74.89 | mIoU: 76.18 |
+------------+-------------+-------------+
Images evaluated: 10
2026-05-09 14:43:09,529 - mmdet - INFO - Iter [8500/120000]	lr: 1.000e-04, eta: 1 day, 13:36:28, time: 1.066, data_time: 0.010, memory: 37107, val/mIoU: 0.7489, val/IoU.building: 0.5716, val/IoU.background: 0.9262, val/Pseudo_mIoU: 0.7618, loss_mask: 0.0955, loss_texture: 0.0115, iou: 0.6229, iou_t0: 0.7569, iou_t1: 0.7812, iou_t2: 0.6387, iou_t3: 0.5733, iou_t4: 0.5550, iou_t5: 0.4526, loss: 0.1070
2026-05-09 14:43:36,160 - mmdet - INFO - Iter [8525/120000]	lr: 1.000e-04, eta: 1 day, 13:52:08, time: 4.181, data_time: 3.126, memory: 37107, loss_mask: 0.1098, loss_texture: 0.0133, iou: 0.6236, iou_t0: 0.7349, iou_t1: 0.7656, iou_t2: 0.5670, iou_t3: 0.7186, iou_t4: 0.5397, iou_t5: 0.4603, loss: 0.1231
2026-05-09 14:44:02,900 - mmdet - INFO - Iter [8550/120000]	lr: 1.000e-04, eta: 1 day, 13:50:47, time: 1.070, data_time: 0.010, memory: 37107, loss_mask: 0.1127, loss_texture: 0.0128, iou: 0.6036, iou_t0: 0.7255, iou_t1: 0.7179, iou_t2: 0.6209, iou_t3: 0.5230, iou_t4: 0.5166, iou_t5: 0.5061, loss: 0.1255
2026-05-09 14:44:29,537 - mmdet - INFO - Iter [8575/120000]	lr: 1.000e-04, eta: 1 day, 13:49:26, time: 1.065, data_time: 0.010, memory: 37107, loss_mask: 0.1154, loss_texture: 0.0130, iou: 0.6188, iou_t0: 0.6592, iou_t1: 0.7202, iou_t2: 0.7145, iou_t3: 0.6759, iou_t4: 0.4927, iou_t5: 0.4112, loss: 0.1284
2026-05-09 14:44:56,065 - mmdet - INFO - Iter [8600/120000]	lr: 1.000e-04, eta: 1 day, 13:48:03, time: 1.061, data_time: 0.010, memory: 37107, loss_mask: 0.1349, loss_texture: 0.0140, iou: 0.5827, iou_t0: 0.6552, iou_t1: 0.5905, iou_t2: 0.7022, iou_t3: 0.5031, iou_t4: 0.4449, iou_t5: 0.4364, loss: 0.1489
2026-05-09 14:45:22,563 - mmdet - INFO - Iter [8625/120000]	lr: 1.000e-04, eta: 1 day, 13:46:40, time: 1.060, data_time: 0.010, memory: 37107, loss_mask: 0.1193, loss_texture: 0.0138, iou: 0.5792, iou_t0: 0.6111, iou_t1: 0.6192, iou_t2: 0.6270, iou_t3: 0.5932, iou_t4: 0.4713, iou_t5: 0.4872, loss: 0.1331
2026-05-09 14:45:49,054 - mmdet - INFO - Iter [8650/120000]	lr: 1.000e-04, eta: 1 day, 13:45:18, time: 1.060, data_time: 0.010, memory: 37107, loss_mask: 0.1057, loss_texture: 0.0124, iou: 0.6332, iou_t0: 0.6928, iou_t1: 0.7153, iou_t2: 0.6815, iou_t3: 0.6119, iou_t4: 0.5558, iou_t5: 0.5011, loss: 0.1181
2026-05-09 14:46:15,537 - mmdet - INFO - Iter [8675/120000]	lr: 1.000e-04, eta: 1 day, 13:43:56, time: 1.059, data_time: 0.010, memory: 37107, loss_mask: 0.0898, loss_texture: 0.0111, iou: 0.5688, iou_t0: 0.7048, iou_t1: 0.5654, iou_t2: 0.6267, iou_t3: 0.6200, iou_t4: 0.3819, iou_t5: 0.5103, loss: 0.1009
2026-05-09 14:46:42,038 - mmdet - INFO - Iter [8700/120000]	lr: 1.000e-04, eta: 1 day, 13:42:34, time: 1.060, data_time: 0.010, memory: 37107, loss_mask: 0.1059, loss_texture: 0.0135, iou: 0.6226, iou_t0: 0.7210, iou_t1: 0.6567, iou_t2: 0.6909, iou_t3: 0.6283, iou_t4: 0.5496, iou_t5: 0.4650, loss: 0.1194
2026-05-09 14:47:08,567 - mmdet - INFO - Iter [8725/120000]	lr: 1.000e-04, eta: 1 day, 13:41:13, time: 1.061, data_time: 0.010, memory: 37107, loss_mask: 0.0954, loss_texture: 0.0124, iou: 0.6047, iou_t0: 0.6594, iou_t1: 0.7087, iou_t2: 0.6343, iou_t3: 0.5791, iou_t4: 0.5021, iou_t5: 0.4395, loss: 0.1078
2026-05-09 14:47:35,180 - mmdet - INFO - Iter [8750/120000]	lr: 1.000e-04, eta: 1 day, 13:39:53, time: 1.065, data_time: 0.010, memory: 37107, loss_mask: 0.1147, loss_texture: 0.0144, iou: 0.6106, iou_t0: 0.6118, iou_t1: 0.6758, iou_t2: 0.6967, iou_t3: 0.6272, iou_t4: 0.5367, iou_t5: 0.5250, loss: 0.1291
2026-05-09 14:48:01,885 - mmdet - INFO - Iter [8775/120000]	lr: 1.000e-04, eta: 1 day, 13:38:35, time: 1.068, data_time: 0.010, memory: 37107, loss_mask: 0.1047, loss_texture: 0.0131, iou: 0.6369, iou_t0: 0.7731, iou_t1: 0.6857, iou_t2: 0.6517, iou_t3: 0.6594, iou_t4: 0.5477, iou_t5: 0.5451, loss: 0.1177
2026-05-09 14:48:28,464 - mmdet - INFO - Iter [8800/120000]	lr: 1.000e-04, eta: 1 day, 13:37:15, time: 1.063, data_time: 0.010, memory: 37107, loss_mask: 0.0902, loss_texture: 0.0114, iou: 0.6264, iou_t0: 0.6798, iou_t1: 0.7041, iou_t2: 0.7191, iou_t3: 0.5930, iou_t4: 0.5673, iou_t5: 0.5387, loss: 0.1016
2026-05-09 14:48:55,065 - mmdet - INFO - Iter [8825/120000]	lr: 1.000e-04, eta: 1 day, 13:35:57, time: 1.064, data_time: 0.010, memory: 37107, loss_mask: 0.1230, loss_texture: 0.0150, iou: 0.6670, iou_t0: 0.6951, iou_t1: 0.7882, iou_t2: 0.6717, iou_t3: 0.6693, iou_t4: 0.6841, iou_t5: 0.5261, loss: 0.1380
2026-05-09 14:49:21,688 - mmdet - INFO - Iter [8850/120000]	lr: 1.000e-04, eta: 1 day, 13:34:38, time: 1.065, data_time: 0.010, memory: 37107, loss_mask: 0.0870, loss_texture: 0.0119, iou: 0.6420, iou_t0: 0.7167, iou_t1: 0.7261, iou_t2: 0.7180, iou_t3: 0.6165, iou_t4: 0.5919, iou_t5: 0.6461, loss: 0.0989
2026-05-09 14:49:48,367 - mmdet - INFO - Iter [8875/120000]	lr: 1.000e-04, eta: 1 day, 13:33:21, time: 1.067, data_time: 0.010, memory: 37107, loss_mask: 0.1131, loss_texture: 0.0130, iou: 0.6259, iou_t0: 0.6971, iou_t1: 0.5892, iou_t2: 0.6667, iou_t3: 0.5917, iou_t4: 0.5568, iou_t5: 0.5843, loss: 0.1261
2026-05-09 14:50:15,075 - mmdet - INFO - Iter [8900/120000]	lr: 1.000e-04, eta: 1 day, 13:32:04, time: 1.068, data_time: 0.010, memory: 37107, loss_mask: 0.0911, loss_texture: 0.0122, iou: 0.6819, iou_t0: 0.8083, iou_t1: 0.8009, iou_t2: 0.7458, iou_t3: 0.6769, iou_t4: 0.5407, iou_t5: 0.5329, loss: 0.1034
2026-05-09 14:50:41,648 - mmdet - INFO - Iter [8925/120000]	lr: 1.000e-04, eta: 1 day, 13:30:46, time: 1.063, data_time: 0.010, memory: 37107, loss_mask: 0.1048, loss_texture: 0.0120, iou: 0.5987, iou_t0: 0.6407, iou_t1: 0.6619, iou_t2: 0.7180, iou_t3: 0.6112, iou_t4: 0.4907, iou_t5: 0.4421, loss: 0.1168
2026-05-09 14:51:08,211 - mmdet - INFO - Iter [8950/120000]	lr: 1.000e-04, eta: 1 day, 13:29:28, time: 1.063, data_time: 0.010, memory: 37107, loss_mask: 0.0906, loss_texture: 0.0104, iou: 0.5907, iou_t0: 0.6561, iou_t1: 0.6745, iou_t2: 0.7305, iou_t3: 0.6234, iou_t4: 0.5006, iou_t5: 0.3687, loss: 0.1011
2026-05-09 14:51:34,887 - mmdet - INFO - Iter [8975/120000]	lr: 1.000e-04, eta: 1 day, 13:28:12, time: 1.067, data_time: 0.010, memory: 37107, loss_mask: 0.1198, loss_texture: 0.0150, iou: 0.5934, iou_t0: 0.7024, iou_t1: 0.6623, iou_t2: 0.6793, iou_t3: 0.6668, iou_t4: 0.4081, iou_t5: 0.4831, loss: 0.1348
2026-05-09 14:52:01,600 - mmdet - INFO - 
--- Val evaluation at iter 9000 ---
2026-05-09 14:53:18,366 - mmdet - INFO - 
+------------+-------------+-------------+
| Class      | Val IoU     | Pseudo IoU  |
+------------+-------------+-------------+
| background | 92.42       | 93.28       |
| building   | 56.50       | 59.08       |
| Summary    | mIoU: 74.46 | mIoU: 76.18 |
+------------+-------------+-------------+
Images evaluated: 10
2026-05-09 14:53:19,714 - mmdet - INFO - Exp name: exp3_obj_unc.py
2026-05-09 14:53:19,714 - mmdet - INFO - Iter [9000/120000]	lr: 1.000e-04, eta: 1 day, 13:26:56, time: 1.069, data_time: 0.010, memory: 37107, val/mIoU: 0.7446, val/IoU.building: 0.5650, val/IoU.background: 0.9242, val/Pseudo_mIoU: 0.7618, loss_mask: 0.1027, loss_texture: 0.0129, iou: 0.6407, iou_t0: 0.6939, iou_t1: 0.8064, iou_t2: 0.6634, iou_t3: 0.7066, iou_t4: 0.5254, iou_t5: 0.4797, loss: 0.1157
2026-05-09 14:53:46,250 - mmdet - INFO - Iter [9025/120000]	lr: 1.000e-04, eta: 1 day, 13:41:39, time: 4.186, data_time: 3.136, memory: 37107, loss_mask: 0.1045, loss_texture: 0.0123, iou: 0.6150, iou_t0: 0.6133, iou_t1: 0.7831, iou_t2: 0.7327, iou_t3: 0.6185, iou_t4: 0.4633, iou_t5: 0.4527, loss: 0.1167
2026-05-09 14:54:12,837 - mmdet - INFO - Iter [9050/120000]	lr: 1.000e-04, eta: 1 day, 13:40:20, time: 1.063, data_time: 0.011, memory: 37107, loss_mask: 0.1083, loss_texture: 0.0129, iou: 0.6009, iou_t0: 0.7838, iou_t1: 0.6165, iou_t2: 0.6338, iou_t3: 0.6397, iou_t4: 0.5397, iou_t5: 0.4792, loss: 0.1212
2026-05-09 14:54:39,548 - mmdet - INFO - Iter [9075/120000]	lr: 1.000e-04, eta: 1 day, 13:39:02, time: 1.068, data_time: 0.010, memory: 37107, loss_mask: 0.0875, loss_texture: 0.0117, iou: 0.6503, iou_t0: 0.7842, iou_t1: 0.7033, iou_t2: 0.7965, iou_t3: 0.5977, iou_t4: 0.6095, iou_t5: 0.4447, loss: 0.0992
2026-05-09 14:55:06,222 - mmdet - INFO - Iter [9100/120000]	lr: 1.000e-04, eta: 1 day, 13:37:45, time: 1.067, data_time: 0.010, memory: 37107, loss_mask: 0.0899, loss_texture: 0.0113, iou: 0.6152, iou_t0: 0.6652, iou_t1: 0.7237, iou_t2: 0.7056, iou_t3: 0.6010, iou_t4: 0.5215, iou_t5: 0.3870, loss: 0.1012
2026-05-09 14:55:32,795 - mmdet - INFO - Iter [9125/120000]	lr: 1.000e-04, eta: 1 day, 13:36:26, time: 1.063, data_time: 0.010, memory: 37107, loss_mask: 0.1172, loss_texture: 0.0131, iou: 0.6441, iou_t0: 0.6867, iou_t1: 0.7833, iou_t2: 0.6257, iou_t3: 0.6945, iou_t4: 0.4953, iou_t5: 0.5635, loss: 0.1303
2026-05-09 14:55:59,373 - mmdet - INFO - Iter [9150/120000]	lr: 1.000e-04, eta: 1 day, 13:35:08, time: 1.063, data_time: 0.010, memory: 37107, loss_mask: 0.1369, loss_texture: 0.0161, iou: 0.6103, iou_t0: 0.6251, iou_t1: 0.7047, iou_t2: 0.6817, iou_t3: 0.6138, iou_t4: 0.5612, iou_t5: 0.4981, loss: 0.1530
2026-05-09 14:56:25,919 - mmdet - INFO - Iter [9175/120000]	lr: 1.000e-04, eta: 1 day, 13:33:49, time: 1.062, data_time: 0.010, memory: 37107, loss_mask: 0.1469, loss_texture: 0.0144, iou: 0.6254, iou_t0: 0.6563, iou_t1: 0.6918, iou_t2: 0.8221, iou_t3: 0.6231, iou_t4: 0.5206, iou_t5: 0.4802, loss: 0.1613
2026-05-09 14:56:52,589 - mmdet - INFO - Iter [9200/120000]	lr: 1.000e-04, eta: 1 day, 13:32:32, time: 1.067, data_time: 0.010, memory: 37107, loss_mask: 0.1324, loss_texture: 0.0146, iou: 0.6487, iou_t0: 0.8603, iou_t1: 0.6572, iou_t2: 0.6887, iou_t3: 0.6900, iou_t4: 0.5410, iou_t5: 0.5114, loss: 0.1470
2026-05-09 14:57:19,294 - mmdet - INFO - Iter [9225/120000]	lr: 1.000e-04, eta: 1 day, 13:31:16, time: 1.068, data_time: 0.010, memory: 37107, loss_mask: 0.1014, loss_texture: 0.0127, iou: 0.6385, iou_t0: 0.7174, iou_t1: 0.7852, iou_t2: 0.7501, iou_t3: 0.6558, iou_t4: 0.5473, iou_t5: 0.4646, loss: 0.1141
2026-05-09 14:57:45,967 - mmdet - INFO - Iter [9250/120000]	lr: 1.000e-04, eta: 1 day, 13:30:00, time: 1.067, data_time: 0.011, memory: 37107, loss_mask: 0.1235, loss_texture: 0.0142, iou: 0.5985, iou_t0: 0.7881, iou_t1: 0.7218, iou_t2: 0.5641, iou_t3: 0.6235, iou_t4: 0.4409, iou_t5: 0.4734, loss: 0.1377
2026-05-09 14:58:12,568 - mmdet - INFO - Iter [9275/120000]	lr: 1.000e-04, eta: 1 day, 13:28:44, time: 1.064, data_time: 0.010, memory: 37107, loss_mask: 0.1133, loss_texture: 0.0133, iou: 0.6309, iou_t0: 0.6740, iou_t1: 0.7623, iou_t2: 0.6897, iou_t3: 0.6925, iou_t4: 0.5820, iou_t5: 0.5421, loss: 0.1266
2026-05-09 14:58:39,281 - mmdet - INFO - Iter [9300/120000]	lr: 1.000e-04, eta: 1 day, 13:27:28, time: 1.069, data_time: 0.010, memory: 37107, loss_mask: 0.1050, loss_texture: 0.0132, iou: 0.6300, iou_t0: 0.7605, iou_t1: 0.6649, iou_t2: 0.7109, iou_t3: 0.5563, iou_t4: 0.6483, iou_t5: 0.4685, loss: 0.1182
2026-05-09 14:59:06,037 - mmdet - INFO - Iter [9325/120000]	lr: 1.000e-04, eta: 1 day, 13:26:14, time: 1.070, data_time: 0.010, memory: 37107, loss_mask: 0.1129, loss_texture: 0.0139, iou: 0.6219, iou_t0: 0.7048, iou_t1: 0.7325, iou_t2: 0.6280, iou_t3: 0.5546, iou_t4: 0.4956, iou_t5: 0.5006, loss: 0.1267
2026-05-09 14:59:32,799 - mmdet - INFO - Iter [9350/120000]	lr: 1.000e-04, eta: 1 day, 13:25:00, time: 1.070, data_time: 0.010, memory: 37107, loss_mask: 0.1068, loss_texture: 0.0130, iou: 0.6187, iou_t0: 0.7574, iou_t1: 0.6710, iou_t2: 0.6888, iou_t3: 0.6436, iou_t4: 0.4760, iou_t5: 0.5521, loss: 0.1198
2026-05-09 14:59:59,505 - mmdet - INFO - Iter [9375/120000]	lr: 1.000e-04, eta: 1 day, 13:23:46, time: 1.068, data_time: 0.010, memory: 37107, loss_mask: 0.1300, loss_texture: 0.0131, iou: 0.6040, iou_t0: 0.5760, iou_t1: 0.7757, iou_t2: 0.7368, iou_t3: 0.5147, iou_t4: 0.5182, iou_t5: 0.4752, loss: 0.1431
2026-05-09 15:00:26,078 - mmdet - INFO - Iter [9400/120000]	lr: 1.000e-04, eta: 1 day, 13:22:30, time: 1.063, data_time: 0.010, memory: 37107, loss_mask: 0.1121, loss_texture: 0.0137, iou: 0.5968, iou_t0: 0.7669, iou_t1: 0.5895, iou_t2: 0.6031, iou_t3: 0.6196, iou_t4: 0.5102, iou_t5: 0.4612, loss: 0.1259
2026-05-09 15:00:52,627 - mmdet - INFO - Iter [9425/120000]	lr: 1.000e-04, eta: 1 day, 13:21:14, time: 1.062, data_time: 0.010, memory: 37107, loss_mask: 0.1048, loss_texture: 0.0134, iou: 0.6118, iou_t0: 0.6400, iou_t1: 0.7171, iou_t2: 0.5758, iou_t3: 0.5422, iou_t4: 0.4945, iou_t5: 0.6103, loss: 0.1182
2026-05-09 15:01:19,151 - mmdet - INFO - Iter [9450/120000]	lr: 1.000e-04, eta: 1 day, 13:19:58, time: 1.061, data_time: 0.010, memory: 37107, loss_mask: 0.1256, loss_texture: 0.0133, iou: 0.6029, iou_t0: 0.6970, iou_t1: 0.7214, iou_t2: 0.6939, iou_t3: 0.6716, iou_t4: 0.4948, iou_t5: 0.4374, loss: 0.1390
2026-05-09 15:01:45,741 - mmdet - INFO - Iter [9475/120000]	lr: 1.000e-04, eta: 1 day, 13:18:44, time: 1.064, data_time: 0.010, memory: 37107, loss_mask: 0.1180, loss_texture: 0.0132, iou: 0.6202, iou_t0: 0.8206, iou_t1: 0.6899, iou_t2: 0.7692, iou_t3: 0.5223, iou_t4: 0.4795, iou_t5: 0.5281, loss: 0.1312
2026-05-09 15:02:12,373 - mmdet - INFO - 
--- Val evaluation at iter 9500 ---
2026-05-09 15:03:29,570 - mmdet - INFO - 
+------------+-------------+-------------+
| Class      | Val IoU     | Pseudo IoU  |
+------------+-------------+-------------+
| background | 92.07       | 93.28       |
| building   | 55.46       | 59.08       |
| Summary    | mIoU: 73.77 | mIoU: 76.18 |
+------------+-------------+-------------+
Images evaluated: 10
2026-05-09 15:03:30,955 - mmdet - INFO - Iter [9500/120000]	lr: 1.000e-04, eta: 1 day, 13:17:30, time: 1.065, data_time: 0.010, memory: 37107, val/mIoU: 0.7377, val/IoU.building: 0.5546, val/IoU.background: 0.9207, val/Pseudo_mIoU: 0.7618, loss_mask: 0.1130, loss_texture: 0.0142, iou: 0.6223, iou_t0: 0.6905, iou_t1: 0.6573, iou_t2: 0.7201, iou_t3: 0.6605, iou_t4: 0.5946, iou_t5: 0.5147, loss: 0.1272
2026-05-09 15:03:57,634 - mmdet - INFO - Iter [9525/120000]	lr: 1.000e-04, eta: 1 day, 13:31:28, time: 4.210, data_time: 3.153, memory: 37107, loss_mask: 0.1068, loss_texture: 0.0123, iou: 0.5734, iou_t0: 0.7535, iou_t1: 0.6177, iou_t2: 0.6156, iou_t3: 0.4720, iou_t4: 0.4419, iou_t5: 0.5090, loss: 0.1191
2026-05-09 15:04:24,390 - mmdet - INFO - Iter [9550/120000]	lr: 1.000e-04, eta: 1 day, 13:30:13, time: 1.070, data_time: 0.011, memory: 37107, loss_mask: 0.0950, loss_texture: 0.0113, iou: 0.6104, iou_t0: 0.6892, iou_t1: 0.7567, iou_t2: 0.6737, iou_t3: 0.6466, iou_t4: 0.5197, iou_t5: 0.4419, loss: 0.1063
2026-05-09 15:04:51,109 - mmdet - INFO - Iter [9575/120000]	lr: 1.000e-04, eta: 1 day, 13:28:58, time: 1.069, data_time: 0.010, memory: 37107, loss_mask: 0.1000, loss_texture: 0.0120, iou: 0.6671, iou_t0: 0.7403, iou_t1: 0.7440, iou_t2: 0.7550, iou_t3: 0.6674, iou_t4: 0.5649, iou_t5: 0.4873, loss: 0.1120
2026-05-09 15:05:17,761 - mmdet - INFO - Iter [9600/120000]	lr: 1.000e-04, eta: 1 day, 13:27:43, time: 1.066, data_time: 0.010, memory: 37107, loss_mask: 0.1046, loss_texture: 0.0131, iou: 0.6381, iou_t0: 0.7325, iou_t1: 0.6973, iou_t2: 0.6601, iou_t3: 0.7331, iou_t4: 0.4624, iou_t5: 0.5575, loss: 0.1177
2026-05-09 15:05:44,352 - mmdet - INFO - Iter [9625/120000]	lr: 1.000e-04, eta: 1 day, 13:26:27, time: 1.064, data_time: 0.010, memory: 37107, loss_mask: 0.1093, loss_texture: 0.0142, iou: 0.6062, iou_t0: 0.6065, iou_t1: 0.6124, iou_t2: 0.7035, iou_t3: 0.6360, iou_t4: 0.6204, iou_t5: 0.5093, loss: 0.1235
2026-05-09 15:06:10,967 - mmdet - INFO - Iter [9650/120000]	lr: 1.000e-04, eta: 1 day, 13:25:12, time: 1.065, data_time: 0.010, memory: 37107, loss_mask: 0.0942, loss_texture: 0.0121, iou: 0.6015, iou_t0: 0.6316, iou_t1: 0.6088, iou_t2: 0.6112, iou_t3: 0.6988, iou_t4: 0.5307, iou_t5: 0.4318, loss: 0.1063
2026-05-09 15:06:37,654 - mmdet - INFO - Iter [9675/120000]	lr: 1.000e-04, eta: 1 day, 13:23:58, time: 1.067, data_time: 0.010, memory: 37107, loss_mask: 0.0947, loss_texture: 0.0131, iou: 0.6417, iou_t0: 0.7003, iou_t1: 0.7057, iou_t2: 0.6906, iou_t3: 0.5921, iou_t4: 0.6440, iou_t5: 0.5403, loss: 0.1077
2026-05-09 15:07:04,439 - mmdet - INFO - Iter [9700/120000]	lr: 1.000e-04, eta: 1 day, 13:22:45, time: 1.071, data_time: 0.010, memory: 37107, loss_mask: 0.1065, loss_texture: 0.0139, iou: 0.6511, iou_t0: 0.8198, iou_t1: 0.7354, iou_t2: 0.7196, iou_t3: 0.6250, iou_t4: 0.6632, iou_t5: 0.5048, loss: 0.1203
2026-05-09 15:07:30,950 - mmdet - INFO - Iter [9725/120000]	lr: 1.000e-04, eta: 1 day, 13:21:29, time: 1.060, data_time: 0.010, memory: 37107, loss_mask: 0.0934, loss_texture: 0.0105, iou: 0.5689, iou_t0: 0.6711, iou_t1: 0.6148, iou_t2: 0.6364, iou_t3: 0.6421, iou_t4: 0.3931, iou_t5: 0.4640, loss: 0.1040
2026-05-09 15:07:57,451 - mmdet - INFO - Iter [9750/120000]	lr: 1.000e-04, eta: 1 day, 13:20:13, time: 1.060, data_time: 0.010, memory: 37107, loss_mask: 0.1048, loss_texture: 0.0128, iou: 0.6567, iou_t0: 0.7189, iou_t1: 0.7595, iou_t2: 0.5779, iou_t3: 0.7653, iou_t4: 0.5782, iou_t5: 0.4846, loss: 0.1176
2026-05-09 15:08:23,872 - mmdet - INFO - Iter [9775/120000]	lr: 1.000e-04, eta: 1 day, 13:18:57, time: 1.057, data_time: 0.010, memory: 37107, loss_mask: 0.1108, loss_texture: 0.0135, iou: 0.6215, iou_t0: 0.7132, iou_t1: 0.6718, iou_t2: 0.6657, iou_t3: 0.6122, iou_t4: 0.5264, iou_t5: 0.4607, loss: 0.1243
2026-05-09 15:08:50,351 - mmdet - INFO - Iter [9800/120000]	lr: 1.000e-04, eta: 1 day, 13:17:42, time: 1.059, data_time: 0.010, memory: 37107, loss_mask: 0.0946, loss_texture: 0.0108, iou: 0.5868, iou_t0: 0.6091, iou_t1: 0.7191, iou_t2: 0.7060, iou_t3: 0.5623, iou_t4: 0.5634, iou_t5: 0.3857, loss: 0.1055
2026-05-09 15:09:16,793 - mmdet - INFO - Iter [9825/120000]	lr: 1.000e-04, eta: 1 day, 13:16:26, time: 1.058, data_time: 0.010, memory: 37107, loss_mask: 0.1182, loss_texture: 0.0147, iou: 0.6123, iou_t0: 0.7146, iou_t1: 0.7153, iou_t2: 0.5950, iou_t3: 0.6608, iou_t4: 0.5286, iou_t5: 0.5179, loss: 0.1329
2026-05-09 15:09:43,272 - mmdet - INFO - Iter [9850/120000]	lr: 1.000e-04, eta: 1 day, 13:15:11, time: 1.059, data_time: 0.010, memory: 37107, loss_mask: 0.0981, loss_texture: 0.0116, iou: 0.6218, iou_t0: 0.6331, iou_t1: 0.6598, iou_t2: 0.6731, iou_t3: 0.6421, iou_t4: 0.4959, iou_t5: 0.4332, loss: 0.1097
2026-05-09 15:10:09,816 - mmdet - INFO - Iter [9875/120000]	lr: 1.000e-04, eta: 1 day, 13:13:58, time: 1.062, data_time: 0.010, memory: 37107, loss_mask: 0.1078, loss_texture: 0.0131, iou: 0.6506, iou_t0: 0.7229, iou_t1: 0.7389, iou_t2: 0.7338, iou_t3: 0.5763, iou_t4: 0.5667, iou_t5: 0.4784, loss: 0.1209
2026-05-09 15:10:36,334 - mmdet - INFO - Iter [9900/120000]	lr: 1.000e-04, eta: 1 day, 13:12:44, time: 1.061, data_time: 0.010, memory: 37107, loss_mask: 0.0938, loss_texture: 0.0126, iou: 0.6259, iou_t0: 0.6184, iou_t1: 0.6079, iou_t2: 0.7089, iou_t3: 0.6465, iou_t4: 0.6165, iou_t5: 0.4749, loss: 0.1064
2026-05-09 15:11:02,889 - mmdet - INFO - Iter [9925/120000]	lr: 1.000e-04, eta: 1 day, 13:11:30, time: 1.062, data_time: 0.010, memory: 37107, loss_mask: 0.1010, loss_texture: 0.0123, iou: 0.6067, iou_t0: 0.6974, iou_t1: 0.6004, iou_t2: 0.7240, iou_t3: 0.5075, iou_t4: 0.4817, iou_t5: 0.5542, loss: 0.1133
2026-05-09 15:11:29,513 - mmdet - INFO - Iter [9950/120000]	lr: 1.000e-04, eta: 1 day, 13:10:18, time: 1.065, data_time: 0.010, memory: 37107, loss_mask: 0.0855, loss_texture: 0.0118, iou: 0.6652, iou_t0: 0.7506, iou_t1: 0.7650, iou_t2: 0.6724, iou_t3: 0.6775, iou_t4: 0.6791, iou_t5: 0.4744, loss: 0.0973
2026-05-09 15:11:56,220 - mmdet - INFO - Iter [9975/120000]	lr: 1.000e-04, eta: 1 day, 13:09:07, time: 1.068, data_time: 0.010, memory: 37107, loss_mask: 0.0953, loss_texture: 0.0116, iou: 0.5950, iou_t0: 0.7006, iou_t1: 0.6988, iou_t2: 0.5881, iou_t3: 0.5248, iou_t4: 0.5809, iou_t5: 0.5062, loss: 0.1069
2026-05-09 15:12:22,800 - mmdet - INFO - 
--- Val evaluation at iter 10000 ---
2026-05-09 15:13:39,926 - mmdet - INFO - 
+------------+-------------+-------------+
| Class      | Val IoU     | Pseudo IoU  |
+------------+-------------+-------------+
| background | 92.64       | 93.28       |
| building   | 57.36       | 59.08       |
| Summary    | mIoU: 75.00 | mIoU: 76.18 |
+------------+-------------+-------------+
Images evaluated: 10
2026-05-09 15:13:41,322 - mmdet - INFO - Exp name: exp3_obj_unc.py
2026-05-09 15:13:41,323 - mmdet - INFO - Iter [10000/120000]	lr: 1.000e-04, eta: 1 day, 13:07:55, time: 1.063, data_time: 0.010, memory: 37107, val/mIoU: 0.7500, val/IoU.building: 0.5736, val/IoU.background: 0.9264, val/Pseudo_mIoU: 0.7618, loss_mask: 0.1151, loss_texture: 0.0146, iou: 0.6229, iou_t0: 0.6941, iou_t1: 0.7841, iou_t2: 0.6855, iou_t3: 0.5549, iou_t4: 0.4398, iou_t5: 0.4862, loss: 0.1298
2026-05-09 15:14:07,916 - mmdet - INFO - Iter [10025/120000]	lr: 1.000e-04, eta: 1 day, 13:21:04, time: 4.205, data_time: 3.151, memory: 37107, loss_mask: 0.1031, loss_texture: 0.0131, iou: 0.6504, iou_t0: 0.6765, iou_t1: 0.7402, iou_t2: 0.7539, iou_t3: 0.6433, iou_t4: 0.6513, iou_t5: 0.5369, loss: 0.1163
2026-05-09 15:14:34,621 - mmdet - INFO - Iter [10050/120000]	lr: 1.000e-04, eta: 1 day, 13:19:51, time: 1.068, data_time: 0.010, memory: 37107, loss_mask: 0.0972, loss_texture: 0.0121, iou: 0.6240, iou_t0: 0.6732, iou_t1: 0.6601, iou_t2: 0.6551, iou_t3: 0.6301, iou_t4: 0.5273, iou_t5: 0.4665, loss: 0.1093
2026-05-09 15:15:01,342 - mmdet - INFO - Iter [10075/120000]	lr: 1.000e-04, eta: 1 day, 13:18:39, time: 1.069, data_time: 0.010, memory: 37107, loss_mask: 0.0871, loss_texture: 0.0119, iou: 0.6419, iou_t0: 0.7124, iou_t1: 0.6713, iou_t2: 0.7101, iou_t3: 0.7045, iou_t4: 0.5689, iou_t5: 0.4714, loss: 0.0990
2026-05-09 15:15:27,995 - mmdet - INFO - Iter [10100/120000]	lr: 1.000e-04, eta: 1 day, 13:17:26, time: 1.066, data_time: 0.010, memory: 37107, loss_mask: 0.1095, loss_texture: 0.0134, iou: 0.6239, iou_t0: 0.6467, iou_t1: 0.7585, iou_t2: 0.6743, iou_t3: 0.6392, iou_t4: 0.5342, iou_t5: 0.4905, loss: 0.1229
2026-05-09 15:15:54,690 - mmdet - INFO - Iter [10125/120000]	lr: 1.000e-04, eta: 1 day, 13:16:14, time: 1.068, data_time: 0.010, memory: 37107, loss_mask: 0.1074, loss_texture: 0.0124, iou: 0.6449, iou_t0: 0.7021, iou_t1: 0.7308, iou_t2: 0.6317, iou_t3: 0.6703, iou_t4: 0.6233, iou_t5: 0.4623, loss: 0.1198
2026-05-09 15:16:21,433 - mmdet - INFO - Iter [10150/120000]	lr: 1.000e-04, eta: 1 day, 13:15:02, time: 1.070, data_time: 0.011, memory: 37107, loss_mask: 0.1164, loss_texture: 0.0133, iou: 0.6158, iou_t0: 0.7082, iou_t1: 0.7989, iou_t2: 0.6420, iou_t3: 0.5867, iou_t4: 0.5249, iou_t5: 0.4470, loss: 0.1297
2026-05-09 15:16:48,124 - mmdet - INFO - Iter [10175/120000]	lr: 1.000e-04, eta: 1 day, 13:13:50, time: 1.068, data_time: 0.010, memory: 37107, loss_mask: 0.0869, loss_texture: 0.0110, iou: 0.6147, iou_t0: 0.6857, iou_t1: 0.6450, iou_t2: 0.7100, iou_t3: 0.6514, iou_t4: 0.5457, iou_t5: 0.4690, loss: 0.0979
2026-05-09 15:17:14,834 - mmdet - INFO - Iter [10200/120000]	lr: 1.000e-04, eta: 1 day, 13:12:39, time: 1.068, data_time: 0.010, memory: 37107, loss_mask: 0.0922, loss_texture: 0.0115, iou: 0.5877, iou_t0: 0.7900, iou_t1: 0.6597, iou_t2: 0.6179, iou_t3: 0.6195, iou_t4: 0.5374, iou_t5: 0.3985, loss: 0.1037
2026-05-09 15:17:41,521 - mmdet - INFO - Iter [10225/120000]	lr: 1.000e-04, eta: 1 day, 13:11:27, time: 1.067, data_time: 0.010, memory: 37107, loss_mask: 0.1410, loss_texture: 0.0148, iou: 0.6328, iou_t0: 0.6757, iou_t1: 0.7184, iou_t2: 0.7061, iou_t3: 0.6789, iou_t4: 0.5674, iou_t5: 0.4485, loss: 0.1558
2026-05-09 15:18:08,170 - mmdet - INFO - Iter [10250/120000]	lr: 1.000e-04, eta: 1 day, 13:10:16, time: 1.066, data_time: 0.010, memory: 37107, loss_mask: 0.0730, loss_texture: 0.0104, iou: 0.5658, iou_t0: 0.7349, iou_t1: 0.6744, iou_t2: 0.6192, iou_t3: 0.5638, iou_t4: 0.5177, iou_t5: 0.4025, loss: 0.0835
2026-05-09 15:18:34,916 - mmdet - INFO - Iter [10275/120000]	lr: 1.000e-04, eta: 1 day, 13:09:05, time: 1.070, data_time: 0.010, memory: 37107, loss_mask: 0.0972, loss_texture: 0.0122, iou: 0.6078, iou_t0: 0.8060, iou_t1: 0.6400, iou_t2: 0.6349, iou_t3: 0.5947, iou_t4: 0.4701, iou_t5: 0.5231, loss: 0.1093
2026-05-09 15:19:01,578 - mmdet - INFO - Iter [10300/120000]	lr: 1.000e-04, eta: 1 day, 13:07:54, time: 1.066, data_time: 0.010, memory: 37107, loss_mask: 0.0846, loss_texture: 0.0111, iou: 0.6248, iou_t0: 0.6796, iou_t1: 0.6804, iou_t2: 0.7258, iou_t3: 0.6608, iou_t4: 0.5852, iou_t5: 0.4243, loss: 0.0958
2026-05-09 15:19:28,193 - mmdet - INFO - Iter [10325/120000]	lr: 1.000e-04, eta: 1 day, 13:06:43, time: 1.065, data_time: 0.010, memory: 37107, loss_mask: 0.1071, loss_texture: 0.0131, iou: 0.6405, iou_t0: 0.6501, iou_t1: 0.7799, iou_t2: 0.7175, iou_t3: 0.6367, iou_t4: 0.5906, iou_t5: 0.4852, loss: 0.1203
2026-05-09 15:19:54,773 - mmdet - INFO - Iter [10350/120000]	lr: 1.000e-04, eta: 1 day, 13:05:32, time: 1.063, data_time: 0.010, memory: 37107, loss_mask: 0.0905, loss_texture: 0.0118, iou: 0.6387, iou_t0: 0.6496, iou_t1: 0.7188, iou_t2: 0.6509, iou_t3: 0.6711, iou_t4: 0.5410, iou_t5: 0.5759, loss: 0.1024
2026-05-09 15:20:21,392 - mmdet - INFO - Iter [10375/120000]	lr: 1.000e-04, eta: 1 day, 13:04:21, time: 1.065, data_time: 0.010, memory: 37107, loss_mask: 0.1124, loss_texture: 0.0136, iou: 0.6426, iou_t0: 0.7135, iou_t1: 0.6565, iou_t2: 0.7485, iou_t3: 0.6193, iou_t4: 0.5703, iou_t5: 0.4903, loss: 0.1260
2026-05-09 15:20:48,090 - mmdet - INFO - Iter [10400/120000]	lr: 1.000e-04, eta: 1 day, 13:03:11, time: 1.068, data_time: 0.010, memory: 37107, loss_mask: 0.0826, loss_texture: 0.0114, iou: 0.6215, iou_t0: 0.7483, iou_t1: 0.6446, iou_t2: 0.6855, iou_t3: 0.6754, iou_t4: 0.5307, iou_t5: 0.4503, loss: 0.0940
2026-05-09 15:21:14,715 - mmdet - INFO - Iter [10425/120000]	lr: 1.000e-04, eta: 1 day, 13:02:00, time: 1.065, data_time: 0.010, memory: 37107, loss_mask: 0.0839, loss_texture: 0.0102, iou: 0.6246, iou_t0: 0.8364, iou_t1: 0.6954, iou_t2: 0.6338, iou_t3: 0.6835, iou_t4: 0.4784, iou_t5: 0.5127, loss: 0.0941
2026-05-09 15:21:41,360 - mmdet - INFO - Iter [10450/120000]	lr: 1.000e-04, eta: 1 day, 13:00:50, time: 1.066, data_time: 0.010, memory: 37107, loss_mask: 0.1111, loss_texture: 0.0140, iou: 0.6370, iou_t0: 0.7727, iou_t1: 0.8337, iou_t2: 0.6794, iou_t3: 0.5997, iou_t4: 0.6098, iou_t5: 0.4929, loss: 0.1251
2026-05-09 15:22:08,011 - mmdet - INFO - Iter [10475/120000]	lr: 1.000e-04, eta: 1 day, 12:59:41, time: 1.066, data_time: 0.010, memory: 37107, loss_mask: 0.1026, loss_texture: 0.0122, iou: 0.6329, iou_t0: 0.7421, iou_t1: 0.7432, iou_t2: 0.7033, iou_t3: 0.6161, iou_t4: 0.6122, iou_t5: 0.4395, loss: 0.1149
2026-05-09 15:22:34,714 - mmdet - INFO - 
--- Val evaluation at iter 10500 ---
2026-05-09 15:23:52,300 - mmdet - INFO - 
+------------+-------------+-------------+
| Class      | Val IoU     | Pseudo IoU  |
+------------+-------------+-------------+
| background | 91.16       | 93.28       |
| building   | 53.00       | 59.08       |
| Summary    | mIoU: 72.08 | mIoU: 76.18 |
+------------+-------------+-------------+
Images evaluated: 10
2026-05-09 15:23:53,686 - mmdet - INFO - Iter [10500/120000]	lr: 1.000e-04, eta: 1 day, 12:58:32, time: 1.068, data_time: 0.010, memory: 37107, val/mIoU: 0.7208, val/IoU.building: 0.5300, val/IoU.background: 0.9116, val/Pseudo_mIoU: 0.7618, loss_mask: 0.0916, loss_texture: 0.0121, iou: 0.6550, iou_t0: 0.7433, iou_t1: 0.7657, iou_t2: 0.7440, iou_t3: 0.6760, iou_t4: 0.5419, iou_t5: 0.4562, loss: 0.1036
2026-05-09 15:24:20,248 - mmdet - INFO - Iter [10525/120000]	lr: 1.000e-04, eta: 1 day, 13:11:03, time: 4.221, data_time: 3.169, memory: 37107, loss_mask: 0.1003, loss_texture: 0.0130, iou: 0.6248, iou_t0: 0.6855, iou_t1: 0.6779, iou_t2: 0.6677, iou_t3: 0.6352, iou_t4: 0.5513, iou_t5: 0.4915, loss: 0.1133
2026-05-09 15:24:46,907 - mmdet - INFO - Iter [10550/120000]	lr: 1.000e-04, eta: 1 day, 13:09:52, time: 1.066, data_time: 0.010, memory: 37107, loss_mask: 0.0874, loss_texture: 0.0107, iou: 0.6053, iou_t0: 0.7360, iou_t1: 0.7034, iou_t2: 0.6470, iou_t3: 0.5718, iou_t4: 0.4516, iou_t5: 0.5262, loss: 0.0981
2026-05-09 15:25:13,641 - mmdet - INFO - Iter [10575/120000]	lr: 1.000e-04, eta: 1 day, 13:08:42, time: 1.069, data_time: 0.010, memory: 37107, loss_mask: 0.0990, loss_texture: 0.0119, iou: 0.5980, iou_t0: 0.6196, iou_t1: 0.7344, iou_t2: 0.5874, iou_t3: 0.6430, iou_t4: 0.4585, iou_t5: 0.4490, loss: 0.1108
2026-05-09 15:25:40,292 - mmdet - INFO - Iter [10600/120000]	lr: 1.000e-04, eta: 1 day, 13:07:31, time: 1.066, data_time: 0.010, memory: 37107, loss_mask: 0.0925, loss_texture: 0.0117, iou: 0.6375, iou_t0: 0.8192, iou_t1: 0.7537, iou_t2: 0.6306, iou_t3: 0.6310, iou_t4: 0.5444, iou_t5: 0.5169, loss: 0.1042
2026-05-09 15:26:06,878 - mmdet - INFO - Iter [10625/120000]	lr: 1.000e-04, eta: 1 day, 13:06:20, time: 1.063, data_time: 0.010, memory: 37107, loss_mask: 0.1123, loss_texture: 0.0145, iou: 0.6497, iou_t0: 0.7790, iou_t1: 0.6185, iou_t2: 0.6365, iou_t3: 0.7115, iou_t4: 0.5480, iou_t5: 0.4865, loss: 0.1268
2026-05-09 15:26:33,523 - mmdet - INFO - Iter [10650/120000]	lr: 1.000e-04, eta: 1 day, 13:05:09, time: 1.066, data_time: 0.010, memory: 37107, loss_mask: 0.0946, loss_texture: 0.0130, iou: 0.6184, iou_t0: 0.7316, iou_t1: 0.7507, iou_t2: 0.6906, iou_t3: 0.5884, iou_t4: 0.5565, iou_t5: 0.5141, loss: 0.1076
2026-05-09 15:27:00,223 - mmdet - INFO - Iter [10675/120000]	lr: 1.000e-04, eta: 1 day, 13:04:00, time: 1.068, data_time: 0.010, memory: 37107, loss_mask: 0.0965, loss_texture: 0.0125, iou: 0.6361, iou_t0: 0.7360, iou_t1: 0.7321, iou_t2: 0.6564, iou_t3: 0.6550, iou_t4: 0.5867, iou_t5: 0.5303, loss: 0.1090
2026-05-09 15:27:26,977 - mmdet - INFO - Iter [10700/120000]	lr: 1.000e-04, eta: 1 day, 13:02:51, time: 1.070, data_time: 0.010, memory: 37107, loss_mask: 0.1025, loss_texture: 0.0134, iou: 0.6062, iou_t0: 0.6852, iou_t1: 0.6913, iou_t2: 0.6251, iou_t3: 0.6546, iou_t4: 0.4948, iou_t5: 0.4665, loss: 0.1159
2026-05-09 15:27:53,674 - mmdet - INFO - Iter [10725/120000]	lr: 1.000e-04, eta: 1 day, 13:01:41, time: 1.068, data_time: 0.010, memory: 37107, loss_mask: 0.1033, loss_texture: 0.0137, iou: 0.6500, iou_t0: 0.6863, iou_t1: 0.7688, iou_t2: 0.6320, iou_t3: 0.6552, iou_t4: 0.5551, iou_t5: 0.5437, loss: 0.1170
2026-05-09 15:28:20,410 - mmdet - INFO - Iter [10750/120000]	lr: 1.000e-04, eta: 1 day, 13:00:33, time: 1.069, data_time: 0.010, memory: 37107, loss_mask: 0.1003, loss_texture: 0.0124, iou: 0.6289, iou_t0: 0.8186, iou_t1: 0.6995, iou_t2: 0.6639, iou_t3: 0.6620, iou_t4: 0.5377, iou_t5: 0.4794, loss: 0.1127
2026-05-09 15:28:47,036 - mmdet - INFO - Iter [10775/120000]	lr: 1.000e-04, eta: 1 day, 12:59:23, time: 1.065, data_time: 0.010, memory: 37107, loss_mask: 0.1075, loss_texture: 0.0120, iou: 0.6277, iou_t0: 0.7470, iou_t1: 0.7715, iou_t2: 0.6948, iou_t3: 0.6098, iou_t4: 0.5187, iou_t5: 0.4011, loss: 0.1194
2026-05-09 15:29:13,627 - mmdet - INFO - Iter [10800/120000]	lr: 1.000e-04, eta: 1 day, 12:58:13, time: 1.064, data_time: 0.010, memory: 37107, loss_mask: 0.1090, loss_texture: 0.0111, iou: 0.5851, iou_t0: 0.5850, iou_t1: 0.6304, iou_t2: 0.6838, iou_t3: 0.7076, iou_t4: 0.4280, iou_t5: 0.4146, loss: 0.1201
2026-05-09 15:29:40,183 - mmdet - INFO - Iter [10825/120000]	lr: 1.000e-04, eta: 1 day, 12:57:03, time: 1.062, data_time: 0.010, memory: 37107, loss_mask: 0.1178, loss_texture: 0.0143, iou: 0.6103, iou_t0: 0.6305, iou_t1: 0.6703, iou_t2: 0.6845, iou_t3: 0.6194, iou_t4: 0.4950, iou_t5: 0.4892, loss: 0.1321
2026-05-09 15:30:06,781 - mmdet - INFO - Iter [10850/120000]	lr: 1.000e-04, eta: 1 day, 12:55:54, time: 1.064, data_time: 0.010, memory: 37107, loss_mask: 0.1220, loss_texture: 0.0137, iou: 0.6389, iou_t0: 0.7143, iou_t1: 0.7247, iou_t2: 0.7796, iou_t3: 0.5417, iou_t4: 0.6040, iou_t5: 0.4966, loss: 0.1357
2026-05-09 15:30:33,459 - mmdet - INFO - Iter [10875/120000]	lr: 1.000e-04, eta: 1 day, 12:54:46, time: 1.067, data_time: 0.010, memory: 37107, loss_mask: 0.1145, loss_texture: 0.0127, iou: 0.5736, iou_t0: 0.6187, iou_t1: 0.7295, iou_t2: 0.6706, iou_t3: 0.5672, iou_t4: 0.4607, iou_t5: 0.3762, loss: 0.1272
2026-05-09 15:31:00,164 - mmdet - INFO - Iter [10900/120000]	lr: 1.000e-04, eta: 1 day, 12:53:38, time: 1.068, data_time: 0.010, memory: 37107, loss_mask: 0.1177, loss_texture: 0.0125, iou: 0.6445, iou_t0: 0.7806, iou_t1: 0.7162, iou_t2: 0.7921, iou_t3: 0.6205, iou_t4: 0.5482, iou_t5: 0.4132, loss: 0.1302
2026-05-09 15:31:26,789 - mmdet - INFO - Iter [10925/120000]	lr: 1.000e-04, eta: 1 day, 12:52:29, time: 1.065, data_time: 0.010, memory: 37107, loss_mask: 0.0890, loss_texture: 0.0120, iou: 0.6182, iou_t0: 0.7094, iou_t1: 0.7211, iou_t2: 0.7121, iou_t3: 0.6031, iou_t4: 0.6101, iou_t5: 0.4332, loss: 0.1011
2026-05-09 15:31:53,396 - mmdet - INFO - Iter [10950/120000]	lr: 1.000e-04, eta: 1 day, 12:51:21, time: 1.064, data_time: 0.010, memory: 37107, loss_mask: 0.0945, loss_texture: 0.0112, iou: 0.6352, iou_t0: 0.7254, iou_t1: 0.7575, iou_t2: 0.7361, iou_t3: 0.6621, iou_t4: 0.5218, iou_t5: 0.4811, loss: 0.1057
2026-05-09 15:32:20,064 - mmdet - INFO - Iter [10975/120000]	lr: 1.000e-04, eta: 1 day, 12:50:13, time: 1.067, data_time: 0.010, memory: 37107, loss_mask: 0.0995, loss_texture: 0.0119, iou: 0.6124, iou_t0: 0.6014, iou_t1: 0.6267, iou_t2: 0.6508, iou_t3: 0.5922, iou_t4: 0.5214, iou_t5: 0.5627, loss: 0.1114
2026-05-09 15:32:46,796 - mmdet - INFO - 
--- Val evaluation at iter 11000 ---
2026-05-09 15:34:04,103 - mmdet - INFO - 
+------------+-------------+-------------+
| Class      | Val IoU     | Pseudo IoU  |
+------------+-------------+-------------+
| background | 91.28       | 93.28       |
| building   | 53.16       | 59.08       |
| Summary    | mIoU: 72.22 | mIoU: 76.18 |
+------------+-------------+-------------+
Images evaluated: 10
2026-05-09 15:34:05,456 - mmdet - INFO - Exp name: exp3_obj_unc.py
2026-05-09 15:34:05,456 - mmdet - INFO - Iter [11000/120000]	lr: 1.000e-04, eta: 1 day, 12:49:06, time: 1.069, data_time: 0.010, memory: 37107, val/mIoU: 0.7222, val/IoU.building: 0.5316, val/IoU.background: 0.9128, val/Pseudo_mIoU: 0.7618, loss_mask: 0.1031, loss_texture: 0.0129, iou: 0.6064, iou_t0: 0.6968, iou_t1: 0.6117, iou_t2: 0.6921, iou_t3: 0.6653, iou_t4: 0.5698, iou_t5: 0.4406, loss: 0.1160
2026-05-09 15:34:32,171 - mmdet - INFO - Iter [11025/120000]	lr: 1.000e-04, eta: 1 day, 13:00:57, time: 4.215, data_time: 3.156, memory: 37107, loss_mask: 0.1122, loss_texture: 0.0141, iou: 0.6136, iou_t0: 0.7692, iou_t1: 0.6090, iou_t2: 0.7156, iou_t3: 0.5283, iou_t4: 0.5084, iou_t5: 0.5533, loss: 0.1262
2026-05-09 15:34:58,846 - mmdet - INFO - Iter [11050/120000]	lr: 1.000e-04, eta: 1 day, 12:59:48, time: 1.067, data_time: 0.010, memory: 37107, loss_mask: 0.0980, loss_texture: 0.0125, iou: 0.6007, iou_t0: 0.5805, iou_t1: 0.7461, iou_t2: 0.7138, iou_t3: 0.6581, iou_t4: 0.5071, iou_t5: 0.4904, loss: 0.1105
2026-05-09 15:35:25,446 - mmdet - INFO - Iter [11075/120000]	lr: 1.000e-04, eta: 1 day, 12:58:38, time: 1.064, data_time: 0.010, memory: 37107, loss_mask: 0.1070, loss_texture: 0.0137, iou: 0.6501, iou_t0: 0.6932, iou_t1: 0.7680, iou_t2: 0.6959, iou_t3: 0.6467, iou_t4: 0.5564, iou_t5: 0.5072, loss: 0.1206
2026-05-09 15:35:52,012 - mmdet - INFO - Iter [11100/120000]	lr: 1.000e-04, eta: 1 day, 12:57:29, time: 1.063, data_time: 0.010, memory: 37107, loss_mask: 0.0887, loss_texture: 0.0115, iou: 0.6380, iou_t0: 0.7976, iou_t1: 0.7300, iou_t2: 0.6407, iou_t3: 0.6536, iou_t4: 0.5794, iou_t5: 0.4968, loss: 0.1003
2026-05-09 15:36:18,549 - mmdet - INFO - Iter [11125/120000]	lr: 1.000e-04, eta: 1 day, 12:56:19, time: 1.061, data_time: 0.010, memory: 37107, loss_mask: 0.0925, loss_texture: 0.0113, iou: 0.6162, iou_t0: 0.6332, iou_t1: 0.6277, iou_t2: 0.7858, iou_t3: 0.6102, iou_t4: 0.5458, iou_t5: 0.4625, loss: 0.1039
2026-05-09 15:36:45,123 - mmdet - INFO - Iter [11150/120000]	lr: 1.000e-04, eta: 1 day, 12:55:10, time: 1.063, data_time: 0.010, memory: 37107, loss_mask: 0.1015, loss_texture: 0.0129, iou: 0.6233, iou_t0: 0.7158, iou_t1: 0.6820, iou_t2: 0.6649, iou_t3: 0.5580, iou_t4: 0.6002, iou_t5: 0.5023, loss: 0.1144
2026-05-09 15:37:11,741 - mmdet - INFO - Iter [11175/120000]	lr: 1.000e-04, eta: 1 day, 12:54:01, time: 1.065, data_time: 0.010, memory: 37107, loss_mask: 0.0973, loss_texture: 0.0128, iou: 0.6179, iou_t0: 0.7381, iou_t1: 0.7799, iou_t2: 0.4935, iou_t3: 0.7051, iou_t4: 0.5099, iou_t5: 0.5227, loss: 0.1100
2026-05-09 15:37:38,490 - mmdet - INFO - Iter [11200/120000]	lr: 1.000e-04, eta: 1 day, 12:52:54, time: 1.070, data_time: 0.010, memory: 37107, loss_mask: 0.0975, loss_texture: 0.0126, iou: 0.6392, iou_t0: 0.7153, iou_t1: 0.6982, iou_t2: 0.6805, iou_t3: 0.6172, iou_t4: 0.5043, iou_t5: 0.5306, loss: 0.1101
2026-05-09 15:38:05,099 - mmdet - INFO - Iter [11225/120000]	lr: 1.000e-04, eta: 1 day, 12:51:46, time: 1.064, data_time: 0.010, memory: 37107, loss_mask: 0.0891, loss_texture: 0.0121, iou: 0.6500, iou_t0: 0.6821, iou_t1: 0.7060, iou_t2: 0.8273, iou_t3: 0.6009, iou_t4: 0.5761, iou_t5: 0.3977, loss: 0.1012
2026-05-09 15:38:31,693 - mmdet - INFO - Iter [11250/120000]	lr: 1.000e-04, eta: 1 day, 12:50:37, time: 1.064, data_time: 0.011, memory: 37107, loss_mask: 0.0974, loss_texture: 0.0107, iou: 0.5812, iou_t0: 0.6862, iou_t1: 0.6212, iou_t2: 0.7544, iou_t3: 0.5483, iou_t4: 0.5137, iou_t5: 0.3737, loss: 0.1080
2026-05-09 15:38:58,260 - mmdet - INFO - Iter [11275/120000]	lr: 1.000e-04, eta: 1 day, 12:49:29, time: 1.063, data_time: 0.010, memory: 37107, loss_mask: 0.1014, loss_texture: 0.0114, iou: 0.6152, iou_t0: 0.7268, iou_t1: 0.5932, iou_t2: 0.7514, iou_t3: 0.5625, iou_t4: 0.5359, iou_t5: 0.4648, loss: 0.1129
2026-05-09 15:39:24,910 - mmdet - INFO - Iter [11300/120000]	lr: 1.000e-04, eta: 1 day, 12:48:22, time: 1.066, data_time: 0.010, memory: 37107, loss_mask: 0.0701, loss_texture: 0.0097, iou: 0.6633, iou_t0: 0.7922, iou_t1: 0.6382, iou_t2: 0.7750, iou_t3: 0.6842, iou_t4: 0.5004, iou_t5: 0.5635, loss: 0.0798
2026-05-09 15:39:51,621 - mmdet - INFO - Iter [11325/120000]	lr: 1.000e-04, eta: 1 day, 12:47:15, time: 1.068, data_time: 0.010, memory: 37107, loss_mask: 0.1061, loss_texture: 0.0134, iou: 0.6243, iou_t0: 0.7480, iou_t1: 0.6209, iou_t2: 0.6404, iou_t3: 0.6677, iou_t4: 0.5833, iou_t5: 0.5604, loss: 0.1196
2026-05-09 15:40:18,282 - mmdet - INFO - Iter [11350/120000]	lr: 1.000e-04, eta: 1 day, 12:46:08, time: 1.066, data_time: 0.010, memory: 37107, loss_mask: 0.0883, loss_texture: 0.0109, iou: 0.5874, iou_t0: 0.6202, iou_t1: 0.5767, iou_t2: 0.6646, iou_t3: 0.5886, iou_t4: 0.4783, iou_t5: 0.4731, loss: 0.0993
2026-05-09 15:40:44,849 - mmdet - INFO - Iter [11375/120000]	lr: 1.000e-04, eta: 1 day, 12:45:01, time: 1.063, data_time: 0.010, memory: 37107, loss_mask: 0.1124, loss_texture: 0.0135, iou: 0.6399, iou_t0: 0.7473, iou_t1: 0.7668, iou_t2: 0.7193, iou_t3: 0.6330, iou_t4: 0.5558, iou_t5: 0.5206, loss: 0.1259
2026-05-09 15:41:11,462 - mmdet - INFO - Iter [11400/120000]	lr: 1.000e-04, eta: 1 day, 12:43:54, time: 1.065, data_time: 0.010, memory: 37107, loss_mask: 0.1067, loss_texture: 0.0133, iou: 0.6190, iou_t0: 0.7690, iou_t1: 0.6993, iou_t2: 0.6161, iou_t3: 0.5789, iou_t4: 0.5908, iou_t5: 0.4800, loss: 0.1200
2026-05-09 15:41:38,113 - mmdet - INFO - Iter [11425/120000]	lr: 1.000e-04, eta: 1 day, 12:42:47, time: 1.066, data_time: 0.010, memory: 37107, loss_mask: 0.0977, loss_texture: 0.0122, iou: 0.6141, iou_t0: 0.7049, iou_t1: 0.6821, iou_t2: 0.6468, iou_t3: 0.5970, iou_t4: 0.6006, iou_t5: 0.3399, loss: 0.1099
2026-05-09 15:42:04,831 - mmdet - INFO - Iter [11450/120000]	lr: 1.000e-04, eta: 1 day, 12:41:42, time: 1.069, data_time: 0.010, memory: 37107, loss_mask: 0.1073, loss_texture: 0.0127, iou: 0.6199, iou_t0: 0.7039, iou_t1: 0.6509, iou_t2: 0.7102, iou_t3: 0.6770, iou_t4: 0.5358, iou_t5: 0.4895, loss: 0.1200
2026-05-09 15:42:31,411 - mmdet - INFO - Iter [11475/120000]	lr: 1.000e-04, eta: 1 day, 12:40:35, time: 1.063, data_time: 0.010, memory: 37107, loss_mask: 0.0887, loss_texture: 0.0115, iou: 0.6127, iou_t0: 0.7586, iou_t1: 0.6338, iou_t2: 0.6484, iou_t3: 0.6095, iou_t4: 0.5053, iou_t5: 0.4090, loss: 0.1002
2026-05-09 15:42:58,007 - mmdet - INFO - 
--- Val evaluation at iter 11500 ---
2026-05-09 15:44:14,784 - mmdet - INFO - 
+------------+-------------+-------------+
| Class      | Val IoU     | Pseudo IoU  |
+------------+-------------+-------------+
| background | 90.37       | 93.28       |
| building   | 50.99       | 59.08       |
| Summary    | mIoU: 70.68 | mIoU: 76.18 |
+------------+-------------+-------------+
Images evaluated: 10
2026-05-09 15:44:16,171 - mmdet - INFO - Iter [11500/120000]	lr: 1.000e-04, eta: 1 day, 12:39:28, time: 1.064, data_time: 0.010, memory: 37107, val/mIoU: 0.7068, val/IoU.building: 0.5099, val/IoU.background: 0.9037, val/Pseudo_mIoU: 0.7618, loss_mask: 0.0985, loss_texture: 0.0117, iou: 0.6239, iou_t0: 0.6833, iou_t1: 0.6790, iou_t2: 0.7479, iou_t3: 0.5627, iou_t4: 0.4569, iou_t5: 0.6198, loss: 0.1102
2026-05-09 15:44:42,801 - mmdet - INFO - Iter [11525/120000]	lr: 1.000e-04, eta: 1 day, 12:50:38, time: 4.192, data_time: 3.137, memory: 37107, loss_mask: 0.0899, loss_texture: 0.0105, iou: 0.6288, iou_t0: 0.6916, iou_t1: 0.6751, iou_t2: 0.6535, iou_t3: 0.6635, iou_t4: 0.6018, iou_t5: 0.5238, loss: 0.1004
2026-05-09 15:45:09,569 - mmdet - INFO - Iter [11550/120000]	lr: 1.000e-04, eta: 1 day, 12:49:32, time: 1.071, data_time: 0.011, memory: 37107, loss_mask: 0.0946, loss_texture: 0.0129, iou: 0.6503, iou_t0: 0.7047, iou_t1: 0.6717, iou_t2: 0.7065, iou_t3: 0.7730, iou_t4: 0.5106, iou_t5: 0.5761, loss: 0.1075
2026-05-09 15:45:36,179 - mmdet - INFO - Iter [11575/120000]	lr: 1.000e-04, eta: 1 day, 12:48:24, time: 1.064, data_time: 0.010, memory: 37107, loss_mask: 0.0951, loss_texture: 0.0131, iou: 0.6021, iou_t0: 0.7509, iou_t1: 0.6762, iou_t2: 0.7180, iou_t3: 0.6101, iou_t4: 0.4477, iou_t5: 0.5307, loss: 0.1081
2026-05-09 15:46:02,758 - mmdet - INFO - Iter [11600/120000]	lr: 1.000e-04, eta: 1 day, 12:47:17, time: 1.063, data_time: 0.010, memory: 37107, loss_mask: 0.1426, loss_texture: 0.0143, iou: 0.6065, iou_t0: 0.7260, iou_t1: 0.7170, iou_t2: 0.6530, iou_t3: 0.6250, iou_t4: 0.4765, iou_t5: 0.4329, loss: 0.1569
2026-05-09 15:46:29,311 - mmdet - INFO - Iter [11625/120000]	lr: 1.000e-04, eta: 1 day, 12:46:09, time: 1.062, data_time: 0.010, memory: 37107, loss_mask: 0.1340, loss_texture: 0.0131, iou: 0.6080, iou_t0: 0.6724, iou_t1: 0.7876, iou_t2: 0.6382, iou_t3: 0.5755, iou_t4: 0.4623, iou_t5: 0.3821, loss: 0.1471
2026-05-09 15:46:56,029 - mmdet - INFO - Iter [11650/120000]	lr: 1.000e-04, eta: 1 day, 12:45:03, time: 1.069, data_time: 0.010, memory: 37107, loss_mask: 0.1093, loss_texture: 0.0141, iou: 0.6225, iou_t0: 0.7271, iou_t1: 0.7367, iou_t2: 0.7227, iou_t3: 0.5801, iou_t4: 0.5091, iou_t5: 0.5468, loss: 0.1234
2026-05-09 15:47:22,721 - mmdet - INFO - Iter [11675/120000]	lr: 1.000e-04, eta: 1 day, 12:43:57, time: 1.068, data_time: 0.010, memory: 37107, loss_mask: 0.1118, loss_texture: 0.0138, iou: 0.6133, iou_t0: 0.5785, iou_t1: 0.6578, iou_t2: 0.6593, iou_t3: 0.6170, iou_t4: 0.5983, iou_t5: 0.5150, loss: 0.1256
2026-05-09 15:47:49,296 - mmdet - INFO - Iter [11700/120000]	lr: 1.000e-04, eta: 1 day, 12:42:50, time: 1.063, data_time: 0.010, memory: 37107, loss_mask: 0.1055, loss_texture: 0.0136, iou: 0.5938, iou_t0: 0.6228, iou_t1: 0.6527, iou_t2: 0.6070, iou_t3: 0.5778, iou_t4: 0.6123, iou_t5: 0.5490, loss: 0.1190
2026-05-09 15:48:15,900 - mmdet - INFO - Iter [11725/120000]	lr: 1.000e-04, eta: 1 day, 12:41:43, time: 1.064, data_time: 0.010, memory: 37107, loss_mask: 0.0866, loss_texture: 0.0107, iou: 0.6621, iou_t0: 0.7218, iou_t1: 0.8029, iou_t2: 0.7008, iou_t3: 0.6148, iou_t4: 0.6017, iou_t5: 0.5417, loss: 0.0972
2026-05-09 15:48:42,521 - mmdet - INFO - Iter [11750/120000]	lr: 1.000e-04, eta: 1 day, 12:40:37, time: 1.065, data_time: 0.010, memory: 37107, loss_mask: 0.0837, loss_texture: 0.0111, iou: 0.5967, iou_t0: 0.6761, iou_t1: 0.6885, iou_t2: 0.6688, iou_t3: 0.5739, iou_t4: 0.5524, iou_t5: 0.4479, loss: 0.0948
2026-05-09 15:49:09,259 - mmdet - INFO - Iter [11775/120000]	lr: 1.000e-04, eta: 1 day, 12:39:32, time: 1.070, data_time: 0.010, memory: 37107, loss_mask: 0.0936, loss_texture: 0.0122, iou: 0.6606, iou_t0: 0.7104, iou_t1: 0.8292, iou_t2: 0.6076, iou_t3: 0.6748, iou_t4: 0.6047, iou_t5: 0.5020, loss: 0.1057
2026-05-09 15:49:35,857 - mmdet - INFO - Iter [11800/120000]	lr: 1.000e-04, eta: 1 day, 12:38:26, time: 1.064, data_time: 0.010, memory: 37107, loss_mask: 0.1007, loss_texture: 0.0130, iou: 0.6355, iou_t0: 0.6861, iou_t1: 0.7094, iou_t2: 0.7024, iou_t3: 0.7273, iou_t4: 0.4854, iou_t5: 0.5002, loss: 0.1137
2026-05-09 15:50:02,397 - mmdet - INFO - Iter [11825/120000]	lr: 1.000e-04, eta: 1 day, 12:37:19, time: 1.062, data_time: 0.010, memory: 37107, loss_mask: 0.0935, loss_texture: 0.0120, iou: 0.6533, iou_t0: 0.8360, iou_t1: 0.8243, iou_t2: 0.6376, iou_t3: 0.6900, iou_t4: 0.4770, iou_t5: 0.4324, loss: 0.1055
2026-05-09 15:50:28,921 - mmdet - INFO - Iter [11850/120000]	lr: 1.000e-04, eta: 1 day, 12:36:13, time: 1.061, data_time: 0.010, memory: 37107, loss_mask: 0.0859, loss_texture: 0.0115, iou: 0.5768, iou_t0: 0.6771, iou_t1: 0.7901, iou_t2: 0.5680, iou_t3: 0.5678, iou_t4: 0.5033, iou_t5: 0.4000, loss: 0.0974
2026-05-09 15:50:55,447 - mmdet - INFO - Iter [11875/120000]	lr: 1.000e-04, eta: 1 day, 12:35:06, time: 1.061, data_time: 0.010, memory: 37107, loss_mask: 0.1042, loss_texture: 0.0131, iou: 0.6471, iou_t0: 0.7490, iou_t1: 0.7009, iou_t2: 0.7067, iou_t3: 0.5811, iou_t4: 0.5992, iou_t5: 0.5940, loss: 0.1173
2026-05-09 15:51:22,009 - mmdet - INFO - Iter [11900/120000]	lr: 1.000e-04, eta: 1 day, 12:34:01, time: 1.062, data_time: 0.010, memory: 37107, loss_mask: 0.0906, loss_texture: 0.0094, iou: 0.6275, iou_t0: 0.7824, iou_t1: 0.6605, iou_t2: 0.7473, iou_t3: 0.5832, iou_t4: 0.5328, iou_t5: 0.4296, loss: 0.1000
2026-05-09 15:51:48,591 - mmdet - INFO - Iter [11925/120000]	lr: 1.000e-04, eta: 1 day, 12:32:55, time: 1.063, data_time: 0.010, memory: 37107, loss_mask: 0.1323, loss_texture: 0.0139, iou: 0.5956, iou_t0: 0.7321, iou_t1: 0.6204, iou_t2: 0.6126, iou_t3: 0.6898, iou_t4: 0.4778, iou_t5: 0.4390, loss: 0.1461
2026-05-09 15:52:15,260 - mmdet - INFO - Iter [11950/120000]	lr: 1.000e-04, eta: 1 day, 12:31:51, time: 1.067, data_time: 0.010, memory: 37107, loss_mask: 0.1094, loss_texture: 0.0130, iou: 0.5974, iou_t0: 0.8181, iou_t1: 0.5653, iou_t2: 0.6595, iou_t3: 0.6357, iou_t4: 0.5233, iou_t5: 0.3802, loss: 0.1223
2026-05-09 15:52:41,930 - mmdet - INFO - Iter [11975/120000]	lr: 1.000e-04, eta: 1 day, 12:30:46, time: 1.067, data_time: 0.010, memory: 37107, loss_mask: 0.1158, loss_texture: 0.0127, iou: 0.6175, iou_t0: 0.6482, iou_t1: 0.7931, iou_t2: 0.6914, iou_t3: 0.6392, iou_t4: 0.4862, iou_t5: 0.4084, loss: 0.1285
2026-05-09 15:53:08,507 - mmdet - INFO - 
--- Val evaluation at iter 12000 ---
2026-05-09 15:54:25,430 - mmdet - INFO - 
+------------+-------------+-------------+
| Class      | Val IoU     | Pseudo IoU  |
+------------+-------------+-------------+
| background | 91.63       | 93.28       |
| building   | 54.10       | 59.08       |
| Summary    | mIoU: 72.87 | mIoU: 76.18 |
+------------+-------------+-------------+
Images evaluated: 10
2026-05-09 15:54:26,805 - mmdet - INFO - Exp name: exp3_obj_unc.py
2026-05-09 15:54:26,805 - mmdet - INFO - Iter [12000/120000]	lr: 1.000e-04, eta: 1 day, 12:29:41, time: 1.063, data_time: 0.010, memory: 37107, val/mIoU: 0.7287, val/IoU.building: 0.5410, val/IoU.background: 0.9163, val/Pseudo_mIoU: 0.7618, loss_mask: 0.1076, loss_texture: 0.0132, iou: 0.6340, iou_t0: 0.7481, iou_t1: 0.7127, iou_t2: 0.7180, iou_t3: 0.6316, iou_t4: 0.5301, iou_t5: 0.4767, loss: 0.1208
2026-05-09 15:54:53,315 - mmdet - INFO - Iter [12025/120000]	lr: 1.000e-04, eta: 1 day, 12:40:19, time: 4.192, data_time: 3.143, memory: 37107, loss_mask: 0.1181, loss_texture: 0.0131, iou: 0.6475, iou_t0: 0.7132, iou_t1: 0.7412, iou_t2: 0.7579, iou_t3: 0.6873, iou_t4: 0.5175, iou_t5: 0.5054, loss: 0.1312
2026-05-09 15:55:19,945 - mmdet - INFO - Iter [12050/120000]	lr: 1.000e-04, eta: 1 day, 12:39:13, time: 1.065, data_time: 0.011, memory: 37107, loss_mask: 0.1113, loss_texture: 0.0136, iou: 0.5770, iou_t0: 0.7211, iou_t1: 0.5832, iou_t2: 0.7087, iou_t3: 0.5808, iou_t4: 0.3988, iou_t5: 0.4705, loss: 0.1249
