2026-04-29 14:37:16,045 - mmdet - INFO - Environment info:
------------------------------------------------------------
sys.platform: linux
Python: 3.8.20 (default, Oct  3 2024, 15:24:27) [GCC 11.2.0]
CUDA available: True
GPU 0: NVIDIA L40S
CUDA_HOME: /usr
NVCC: Cuda compilation tools, release 12.0, V12.0.140
GCC: gcc (Ubuntu 13.3.0-6ubuntu2~24.04.1) 13.3.0
PyTorch: 1.10.1+cu111
PyTorch compiling details: PyTorch built with:
  - GCC 7.3
  - C++ Version: 201402
  - Intel(R) Math Kernel Library Version 2020.0.0 Product Build 20191122 for Intel(R) 64 architecture applications
  - Intel(R) MKL-DNN v2.2.3 (Git Hash 7336ca9f055cf1bfa13efb658fe15dc9b41f0740)
  - OpenMP 201511 (a.k.a. OpenMP 4.5)
  - LAPACK is enabled (usually provided by MKL)
  - NNPACK is enabled
  - CPU capability usage: AVX2
  - CUDA Runtime 11.1
  - NVCC architecture flags: -gencode;arch=compute_37,code=sm_37;-gencode;arch=compute_50,code=sm_50;-gencode;arch=compute_60,code=sm_60;-gencode;arch=compute_70,code=sm_70;-gencode;arch=compute_75,code=sm_75;-gencode;arch=compute_80,code=sm_80;-gencode;arch=compute_86,code=sm_86
  - CuDNN 8.0.5
  - Magma 2.5.2
  - Build settings: BLAS_INFO=mkl, BUILD_TYPE=Release, CUDA_VERSION=11.1, CUDNN_VERSION=8.0.5, CXX_COMPILER=/opt/rh/devtoolset-7/root/usr/bin/c++, CXX_FLAGS= -Wno-deprecated -fvisibility-inlines-hidden -DUSE_PTHREADPOOL -fopenmp -DNDEBUG -DUSE_KINETO -DUSE_FBGEMM -DUSE_QNNPACK -DUSE_PYTORCH_QNNPACK -DUSE_XNNPACK -DSYMBOLICATE_MOBILE_DEBUG_HANDLE -DEDGE_PROFILER_USE_KINETO -O2 -fPIC -Wno-narrowing -Wall -Wextra -Werror=return-type -Wno-missing-field-initializers -Wno-type-limits -Wno-array-bounds -Wno-unknown-pragmas -Wno-sign-compare -Wno-unused-parameter -Wno-unused-variable -Wno-unused-function -Wno-unused-result -Wno-unused-local-typedefs -Wno-strict-overflow -Wno-strict-aliasing -Wno-error=deprecated-declarations -Wno-stringop-overflow -Wno-psabi -Wno-error=pedantic -Wno-error=redundant-decls -Wno-error=old-style-cast -fdiagnostics-color=always -faligned-new -Wno-unused-but-set-variable -Wno-maybe-uninitialized -fno-math-errno -fno-trapping-math -Werror=format -Wno-stringop-overflow, LAPACK_INFO=mkl, PERF_WITH_AVX=1, PERF_WITH_AVX2=1, PERF_WITH_AVX512=1, TORCH_VERSION=1.10.1, USE_CUDA=ON, USE_CUDNN=ON, USE_EXCEPTION_PTR=1, USE_GFLAGS=OFF, USE_GLOG=OFF, USE_MKL=ON, USE_MKLDNN=ON, USE_MPI=OFF, USE_NCCL=ON, USE_NNPACK=ON, USE_OPENMP=ON, 

TorchVision: 0.11.2+cu111
OpenCV: 4.13.0
MMCV: 1.5.0
MMCV Compiler: GCC 7.3
MMCV CUDA Compiler: 11.1
MMDetection: 2.28.1+53419a2
------------------------------------------------------------

2026-04-29 14:37:16,549 - mmdet - INFO - Distributed training: False
2026-04-29 14:37:17,060 - mmdet - INFO - Config:
checkpoint_config = dict(interval=0, by_epoch=False)
log_config = dict(
    interval=25, hooks=[dict(type='TextLoggerHook', by_epoch=False)])
dist_params = dict(backend='nccl')
log_level = 'INFO'
load_from = None
resume_from = None
workflow = [('train', 1)]
opencv_num_threads = 0
mp_start_method = 'fork'
auto_scale_lr = dict(enable=False, base_batch_size=16)
object_size = 256
task = 'semantic'
model = dict(
    type='SegRefinerSemantic',
    task='semantic',
    step=6,
    denoise_model=dict(
        type='DenoiseUNet',
        in_channels=4,
        out_channels=1,
        model_channels=128,
        num_res_blocks=2,
        num_heads=4,
        num_heads_upsample=-1,
        attention_strides=(16, 32),
        learn_time_embd=True,
        channel_mult=(1, 1, 2, 2, 4, 4),
        dropout=0.0),
    diffusion_cfg=dict(
        betas=dict(type='linear', start=0.8, stop=0, num_timesteps=6),
        diff_iter=False,
        noise_components=dict(use_obj=True, use_bnd=True, use_unc=True)),
    test_cfg=dict(
        model_size=1024, fine_prob_thr=0.9, batch_max=32, iou_thr=0.2))
img_norm_cfg = dict(
    mean=[123.675, 116.28, 103.53], std=[58.395, 57.12, 57.375], to_rgb=True)
train_pipeline = [
    dict(type='LoadImageFromFile'),
    dict(
        type='LoadAnnotations',
        with_bbox=False,
        with_label=False,
        with_mask=False,
        with_seg=True),
    dict(
        type='LoadOEMCoarseMasks',
        use_obj=False,
        use_bnd=False,
        use_unc=False,
        test_mode=False),
    dict(type='LoadObjectData'),
    dict(type='Resize', img_scale=(256, 256), keep_ratio=False),
    dict(type='RandomFlip', flip_ratio=0.5),
    dict(
        type='Normalize',
        mean=[123.675, 116.28, 103.53],
        std=[58.395, 57.12, 57.375],
        to_rgb=True),
    dict(type='DefaultFormatBundle'),
    dict(
        type='Collect',
        keys=['object_img', 'object_gt_masks', 'object_coarse_masks'])
]
val_data_root = '/home/ubuntu/vy/Denoiser/OEM_v2_Building'
val_pipeline = [
    dict(type='LoadImageFromFile'),
    dict(
        type='LoadAnnotations',
        with_bbox=False,
        with_label=False,
        with_mask=False,
        with_seg=True),
    dict(
        type='LoadOEMCoarseMasks',
        test_mode=True,
        pseudolabel_dir='/home/ubuntu/vy/Denoiser/OEM_v2_Building/pseudolabels'
    ),
    dict(type='Resize', img_scale=(1024, 1024), keep_ratio=False),
    dict(
        type='Normalize',
        mean=[123.675, 116.28, 103.53],
        std=[58.395, 57.12, 57.375],
        to_rgb=True),
    dict(type='DefaultFormatBundle'),
    dict(
        type='Collect',
        keys=['img', 'gt_masks', 'coarse_masks'],
        meta_keys=[
            'filename', 'ori_filename', 'ori_shape', 'img_shape', 'pad_shape',
            'scale_factor', 'flip', 'flip_direction', 'img_norm_cfg',
            'crop_bbox'
        ])
]
data_root = '/home/ubuntu/vy/Denoiser/OpenEarthMap_wo_xBD'
dataset_type = 'OEMBuildingDataset'
data = dict(
    train=dict(
        type='OEMBuildingDataset',
        data_root='/home/ubuntu/vy/Denoiser/OpenEarthMap_wo_xBD',
        split_file='/home/ubuntu/vy/Denoiser/OpenEarthMap_wo_xBD/train.txt',
        pipeline=[
            dict(type='LoadImageFromFile'),
            dict(
                type='LoadAnnotations',
                with_bbox=False,
                with_label=False,
                with_mask=False,
                with_seg=True),
            dict(
                type='LoadOEMCoarseMasks',
                use_obj=True,
                use_bnd=True,
                use_unc=True,
                test_mode=False),
            dict(type='LoadObjectData'),
            dict(type='Resize', img_scale=(256, 256), keep_ratio=False),
            dict(type='RandomFlip', flip_ratio=0.5),
            dict(
                type='Normalize',
                mean=[123.675, 116.28, 103.53],
                std=[58.395, 57.12, 57.375],
                to_rgb=True),
            dict(type='DefaultFormatBundle'),
            dict(
                type='Collect',
                keys=[
                    'object_img', 'object_gt_masks', 'object_coarse_masks',
                    'object_unc_map', 'object_edge_map'
                ])
        ],
        test_mode=False),
    val=dict(
        type='OEMv2BuildingDataset',
        data_root='/home/ubuntu/vy/Denoiser/OEM_v2_Building',
        split_file='/home/ubuntu/vy/Denoiser/OEM_v2_Building/val.txt',
        pipeline=[
            dict(type='LoadImageFromFile'),
            dict(
                type='LoadAnnotations',
                with_bbox=False,
                with_label=False,
                with_mask=False,
                with_seg=True),
            dict(
                type='LoadOEMCoarseMasks',
                test_mode=True,
                pseudolabel_dir=
                '/home/ubuntu/vy/Denoiser/OEM_v2_Building/pseudolabels'),
            dict(type='Resize', img_scale=(1024, 1024), keep_ratio=False),
            dict(
                type='Normalize',
                mean=[123.675, 116.28, 103.53],
                std=[58.395, 57.12, 57.375],
                to_rgb=True),
            dict(type='DefaultFormatBundle'),
            dict(
                type='Collect',
                keys=['img', 'gt_masks', 'coarse_masks'],
                meta_keys=[
                    'filename', 'ori_filename', 'ori_shape', 'img_shape',
                    'pad_shape', 'scale_factor', 'flip', 'flip_direction',
                    'img_norm_cfg', 'crop_bbox'
                ])
        ],
        test_mode=True),
    test=dict(
        type='OEMv2BuildingDataset',
        data_root='/home/ubuntu/vy/Denoiser/OEM_v2_Building',
        split_file='/home/ubuntu/vy/Denoiser/OEM_v2_Building/test.txt',
        pipeline=[
            dict(type='LoadImageFromFile'),
            dict(
                type='LoadAnnotations',
                with_bbox=False,
                with_label=False,
                with_mask=False,
                with_seg=True),
            dict(
                type='LoadOEMCoarseMasks',
                test_mode=True,
                pseudolabel_dir=
                '/home/ubuntu/vy/Denoiser/OEM_v2_Building/pseudolabels'),
            dict(type='Resize', img_scale=(1024, 1024), keep_ratio=False),
            dict(
                type='Normalize',
                mean=[123.675, 116.28, 103.53],
                std=[58.395, 57.12, 57.375],
                to_rgb=True),
            dict(type='DefaultFormatBundle'),
            dict(
                type='Collect',
                keys=['img', 'gt_masks', 'coarse_masks'],
                meta_keys=[
                    'filename', 'ori_filename', 'ori_shape', 'img_shape',
                    'pad_shape', 'scale_factor', 'flip', 'flip_direction',
                    'img_norm_cfg', 'crop_bbox'
                ])
        ],
        test_mode=True),
    train_dataloader=dict(samples_per_gpu=16, workers_per_gpu=4),
    val_dataloader=dict(samples_per_gpu=1, workers_per_gpu=4))
optimizer = dict(
    type='AdamW', lr=0.0001, weight_decay=0, eps=1e-08, betas=(0.9, 0.999))
optimizer_config = dict(grad_clip=None)
max_iters = 30000
runner = dict(type='IterBasedRunner', max_iters=30000)
lr_config = dict(
    policy='step',
    gamma=0.5,
    by_epoch=False,
    step=[20000, 25000],
    warmup='linear',
    warmup_by_epoch=False,
    warmup_ratio=1.0,
    warmup_iters=10)
oem_eval = dict(interval=500, save_best=True)
interval = 1
work_dir = 'work_dirs/exp8_all'
auto_resume = False
gpu_ids = [0]

2026-04-29 14:37:17,061 - mmdet - INFO - Set random seed to 665327111, deterministic: False
Name of parameter - Initialization information

denoise_model.time_embed.weight - torch.Size([6, 512]): 
The value is the same before and after calling `init_weights` of SegRefinerSemantic  

denoise_model.input_blocks.0.0.weight - torch.Size([128, 4, 3, 3]): 
The value is the same before and after calling `init_weights` of SegRefinerSemantic  

denoise_model.input_blocks.0.0.bias - torch.Size([128]): 
The value is the same before and after calling `init_weights` of SegRefinerSemantic  

denoise_model.input_blocks.1.0.in_layers.0.weight - torch.Size([128]): 
The value is the same before and after calling `init_weights` of SegRefinerSemantic  

denoise_model.input_blocks.1.0.in_layers.0.bias - torch.Size([128]): 
The value is the same before and after calling `init_weights` of SegRefinerSemantic  

denoise_model.input_blocks.1.0.in_layers.2.weight - torch.Size([128, 128, 3, 3]): 
The value is the same before and after calling `init_weights` of SegRefinerSemantic  

denoise_model.input_blocks.1.0.in_layers.2.bias - torch.Size([128]): 
The value is the same before and after calling `init_weights` of SegRefinerSemantic  

denoise_model.input_blocks.1.0.emb_layers.1.weight - torch.Size([128, 512]): 
The value is the same before and after calling `init_weights` of SegRefinerSemantic  

denoise_model.input_blocks.1.0.emb_layers.1.bias - torch.Size([128]): 
The value is the same before and after calling `init_weights` of SegRefinerSemantic  

denoise_model.input_blocks.1.0.out_layers.0.weight - torch.Size([128]): 
The value is the same before and after calling `init_weights` of SegRefinerSemantic  

denoise_model.input_blocks.1.0.out_layers.0.bias - torch.Size([128]): 
The value is the same before and after calling `init_weights` of SegRefinerSemantic  

denoise_model.input_blocks.1.0.out_layers.3.weight - torch.Size([128, 128, 3, 3]): 
The value is the same before and after calling `init_weights` of SegRefinerSemantic  

denoise_model.input_blocks.1.0.out_layers.3.bias - torch.Size([128]): 
The value is the same before and after calling `init_weights` of SegRefinerSemantic  

denoise_model.input_blocks.2.0.in_layers.0.weight - torch.Size([128]): 
The value is the same before and after calling `init_weights` of SegRefinerSemantic  

denoise_model.input_blocks.2.0.in_layers.0.bias - torch.Size([128]): 
The value is the same before and after calling `init_weights` of SegRefinerSemantic  

denoise_model.input_blocks.2.0.in_layers.2.weight - torch.Size([128, 128, 3, 3]): 
The value is the same before and after calling `init_weights` of SegRefinerSemantic  

denoise_model.input_blocks.2.0.in_layers.2.bias - torch.Size([128]): 
The value is the same before and after calling `init_weights` of SegRefinerSemantic  

denoise_model.input_blocks.2.0.emb_layers.1.weight - torch.Size([128, 512]): 
The value is the same before and after calling `init_weights` of SegRefinerSemantic  

denoise_model.input_blocks.2.0.emb_layers.1.bias - torch.Size([128]): 
The value is the same before and after calling `init_weights` of SegRefinerSemantic  

denoise_model.input_blocks.2.0.out_layers.0.weight - torch.Size([128]): 
The value is the same before and after calling `init_weights` of SegRefinerSemantic  

denoise_model.input_blocks.2.0.out_layers.0.bias - torch.Size([128]): 
The value is the same before and after calling `init_weights` of SegRefinerSemantic  

denoise_model.input_blocks.2.0.out_layers.3.weight - torch.Size([128, 128, 3, 3]): 
The value is the same before and after calling `init_weights` of SegRefinerSemantic  

denoise_model.input_blocks.2.0.out_layers.3.bias - torch.Size([128]): 
The value is the same before and after calling `init_weights` of SegRefinerSemantic  

denoise_model.input_blocks.3.0.op.weight - torch.Size([128, 128, 3, 3]): 
The value is the same before and after calling `init_weights` of SegRefinerSemantic  

denoise_model.input_blocks.3.0.op.bias - torch.Size([128]): 
The value is the same before and after calling `init_weights` of SegRefinerSemantic  

denoise_model.input_blocks.4.0.in_layers.0.weight - torch.Size([128]): 
The value is the same before and after calling `init_weights` of SegRefinerSemantic  

denoise_model.input_blocks.4.0.in_layers.0.bias - torch.Size([128]): 
The value is the same before and after calling `init_weights` of SegRefinerSemantic  

denoise_model.input_blocks.4.0.in_layers.2.weight - torch.Size([128, 128, 3, 3]): 
The value is the same before and after calling `init_weights` of SegRefinerSemantic  

denoise_model.input_blocks.4.0.in_layers.2.bias - torch.Size([128]): 
The value is the same before and after calling `init_weights` of SegRefinerSemantic  

denoise_model.input_blocks.4.0.emb_layers.1.weight - torch.Size([128, 512]): 
The value is the same before and after calling `init_weights` of SegRefinerSemantic  

denoise_model.input_blocks.4.0.emb_layers.1.bias - torch.Size([128]): 
The value is the same before and after calling `init_weights` of SegRefinerSemantic  

denoise_model.input_blocks.4.0.out_layers.0.weight - torch.Size([128]): 
The value is the same before and after calling `init_weights` of SegRefinerSemantic  

denoise_model.input_blocks.4.0.out_layers.0.bias - torch.Size([128]): 
The value is the same before and after calling `init_weights` of SegRefinerSemantic  

denoise_model.input_blocks.4.0.out_layers.3.weight - torch.Size([128, 128, 3, 3]): 
The value is the same before and after calling `init_weights` of SegRefinerSemantic  

denoise_model.input_blocks.4.0.out_layers.3.bias - torch.Size([128]): 
The value is the same before and after calling `init_weights` of SegRefinerSemantic  

denoise_model.input_blocks.5.0.in_layers.0.weight - torch.Size([128]): 
The value is the same before and after calling `init_weights` of SegRefinerSemantic  

denoise_model.input_blocks.5.0.in_layers.0.bias - torch.Size([128]): 
The value is the same before and after calling `init_weights` of SegRefinerSemantic  

denoise_model.input_blocks.5.0.in_layers.2.weight - torch.Size([128, 128, 3, 3]): 
The value is the same before and after calling `init_weights` of SegRefinerSemantic  

denoise_model.input_blocks.5.0.in_layers.2.bias - torch.Size([128]): 
The value is the same before and after calling `init_weights` of SegRefinerSemantic  

denoise_model.input_blocks.5.0.emb_layers.1.weight - torch.Size([128, 512]): 
The value is the same before and after calling `init_weights` of SegRefinerSemantic  

denoise_model.input_blocks.5.0.emb_layers.1.bias - torch.Size([128]): 
The value is the same before and after calling `init_weights` of SegRefinerSemantic  

denoise_model.input_blocks.5.0.out_layers.0.weight - torch.Size([128]): 
The value is the same before and after calling `init_weights` of SegRefinerSemantic  

denoise_model.input_blocks.5.0.out_layers.0.bias - torch.Size([128]): 
The value is the same before and after calling `init_weights` of SegRefinerSemantic  

denoise_model.input_blocks.5.0.out_layers.3.weight - torch.Size([128, 128, 3, 3]): 
The value is the same before and after calling `init_weights` of SegRefinerSemantic  

denoise_model.input_blocks.5.0.out_layers.3.bias - torch.Size([128]): 
The value is the same before and after calling `init_weights` of SegRefinerSemantic  

denoise_model.input_blocks.6.0.op.weight - torch.Size([128, 128, 3, 3]): 
The value is the same before and after calling `init_weights` of SegRefinerSemantic  

denoise_model.input_blocks.6.0.op.bias - torch.Size([128]): 
The value is the same before and after calling `init_weights` of SegRefinerSemantic  

denoise_model.input_blocks.7.0.in_layers.0.weight - torch.Size([128]): 
The value is the same before and after calling `init_weights` of SegRefinerSemantic  

denoise_model.input_blocks.7.0.in_layers.0.bias - torch.Size([128]): 
The value is the same before and after calling `init_weights` of SegRefinerSemantic  

denoise_model.input_blocks.7.0.in_layers.2.weight - torch.Size([256, 128, 3, 3]): 
The value is the same before and after calling `init_weights` of SegRefinerSemantic  

denoise_model.input_blocks.7.0.in_layers.2.bias - torch.Size([256]): 
The value is the same before and after calling `init_weights` of SegRefinerSemantic  

denoise_model.input_blocks.7.0.emb_layers.1.weight - torch.Size([256, 512]): 
The value is the same before and after calling `init_weights` of SegRefinerSemantic  

denoise_model.input_blocks.7.0.emb_layers.1.bias - torch.Size([256]): 
The value is the same before and after calling `init_weights` of SegRefinerSemantic  

denoise_model.input_blocks.7.0.out_layers.0.weight - torch.Size([256]): 
The value is the same before and after calling `init_weights` of SegRefinerSemantic  

denoise_model.input_blocks.7.0.out_layers.0.bias - torch.Size([256]): 
The value is the same before and after calling `init_weights` of SegRefinerSemantic  

denoise_model.input_blocks.7.0.out_layers.3.weight - torch.Size([256, 256, 3, 3]): 
The value is the same before and after calling `init_weights` of SegRefinerSemantic  

denoise_model.input_blocks.7.0.out_layers.3.bias - torch.Size([256]): 
The value is the same before and after calling `init_weights` of SegRefinerSemantic  

denoise_model.input_blocks.7.0.skip_connection.weight - torch.Size([256, 128, 1, 1]): 
The value is the same before and after calling `init_weights` of SegRefinerSemantic  

denoise_model.input_blocks.7.0.skip_connection.bias - torch.Size([256]): 
The value is the same before and after calling `init_weights` of SegRefinerSemantic  

denoise_model.input_blocks.8.0.in_layers.0.weight - torch.Size([256]): 
The value is the same before and after calling `init_weights` of SegRefinerSemantic  

denoise_model.input_blocks.8.0.in_layers.0.bias - torch.Size([256]): 
The value is the same before and after calling `init_weights` of SegRefinerSemantic  

denoise_model.input_blocks.8.0.in_layers.2.weight - torch.Size([256, 256, 3, 3]): 
The value is the same before and after calling `init_weights` of SegRefinerSemantic  

denoise_model.input_blocks.8.0.in_layers.2.bias - torch.Size([256]): 
The value is the same before and after calling `init_weights` of SegRefinerSemantic  

denoise_model.input_blocks.8.0.emb_layers.1.weight - torch.Size([256, 512]): 
The value is the same before and after calling `init_weights` of SegRefinerSemantic  

denoise_model.input_blocks.8.0.emb_layers.1.bias - torch.Size([256]): 
The value is the same before and after calling `init_weights` of SegRefinerSemantic  

denoise_model.input_blocks.8.0.out_layers.0.weight - torch.Size([256]): 
The value is the same before and after calling `init_weights` of SegRefinerSemantic  

denoise_model.input_blocks.8.0.out_layers.0.bias - torch.Size([256]): 
The value is the same before and after calling `init_weights` of SegRefinerSemantic  

denoise_model.input_blocks.8.0.out_layers.3.weight - torch.Size([256, 256, 3, 3]): 
The value is the same before and after calling `init_weights` of SegRefinerSemantic  

denoise_model.input_blocks.8.0.out_layers.3.bias - torch.Size([256]): 
The value is the same before and after calling `init_weights` of SegRefinerSemantic  

denoise_model.input_blocks.9.0.op.weight - torch.Size([256, 256, 3, 3]): 
The value is the same before and after calling `init_weights` of SegRefinerSemantic  

denoise_model.input_blocks.9.0.op.bias - torch.Size([256]): 
The value is the same before and after calling `init_weights` of SegRefinerSemantic  

denoise_model.input_blocks.10.0.in_layers.0.weight - torch.Size([256]): 
The value is the same before and after calling `init_weights` of SegRefinerSemantic  

denoise_model.input_blocks.10.0.in_layers.0.bias - torch.Size([256]): 
The value is the same before and after calling `init_weights` of SegRefinerSemantic  

denoise_model.input_blocks.10.0.in_layers.2.weight - torch.Size([256, 256, 3, 3]): 
The value is the same before and after calling `init_weights` of SegRefinerSemantic  

denoise_model.input_blocks.10.0.in_layers.2.bias - torch.Size([256]): 
The value is the same before and after calling `init_weights` of SegRefinerSemantic  

denoise_model.input_blocks.10.0.emb_layers.1.weight - torch.Size([256, 512]): 
The value is the same before and after calling `init_weights` of SegRefinerSemantic  

denoise_model.input_blocks.10.0.emb_layers.1.bias - torch.Size([256]): 
The value is the same before and after calling `init_weights` of SegRefinerSemantic  

denoise_model.input_blocks.10.0.out_layers.0.weight - torch.Size([256]): 
The value is the same before and after calling `init_weights` of SegRefinerSemantic  

denoise_model.input_blocks.10.0.out_layers.0.bias - torch.Size([256]): 
The value is the same before and after calling `init_weights` of SegRefinerSemantic  

denoise_model.input_blocks.10.0.out_layers.3.weight - torch.Size([256, 256, 3, 3]): 
The value is the same before and after calling `init_weights` of SegRefinerSemantic  

denoise_model.input_blocks.10.0.out_layers.3.bias - torch.Size([256]): 
The value is the same before and after calling `init_weights` of SegRefinerSemantic  

denoise_model.input_blocks.11.0.in_layers.0.weight - torch.Size([256]): 
The value is the same before and after calling `init_weights` of SegRefinerSemantic  

denoise_model.input_blocks.11.0.in_layers.0.bias - torch.Size([256]): 
The value is the same before and after calling `init_weights` of SegRefinerSemantic  

denoise_model.input_blocks.11.0.in_layers.2.weight - torch.Size([256, 256, 3, 3]): 
The value is the same before and after calling `init_weights` of SegRefinerSemantic  

denoise_model.input_blocks.11.0.in_layers.2.bias - torch.Size([256]): 
The value is the same before and after calling `init_weights` of SegRefinerSemantic  

denoise_model.input_blocks.11.0.emb_layers.1.weight - torch.Size([256, 512]): 
The value is the same before and after calling `init_weights` of SegRefinerSemantic  

denoise_model.input_blocks.11.0.emb_layers.1.bias - torch.Size([256]): 
The value is the same before and after calling `init_weights` of SegRefinerSemantic  

denoise_model.input_blocks.11.0.out_layers.0.weight - torch.Size([256]): 
The value is the same before and after calling `init_weights` of SegRefinerSemantic  

denoise_model.input_blocks.11.0.out_layers.0.bias - torch.Size([256]): 
The value is the same before and after calling `init_weights` of SegRefinerSemantic  

denoise_model.input_blocks.11.0.out_layers.3.weight - torch.Size([256, 256, 3, 3]): 
The value is the same before and after calling `init_weights` of SegRefinerSemantic  

denoise_model.input_blocks.11.0.out_layers.3.bias - torch.Size([256]): 
The value is the same before and after calling `init_weights` of SegRefinerSemantic  

denoise_model.input_blocks.12.0.op.weight - torch.Size([256, 256, 3, 3]): 
The value is the same before and after calling `init_weights` of SegRefinerSemantic  

denoise_model.input_blocks.12.0.op.bias - torch.Size([256]): 
The value is the same before and after calling `init_weights` of SegRefinerSemantic  

denoise_model.input_blocks.13.0.in_layers.0.weight - torch.Size([256]): 
The value is the same before and after calling `init_weights` of SegRefinerSemantic  

denoise_model.input_blocks.13.0.in_layers.0.bias - torch.Size([256]): 
The value is the same before and after calling `init_weights` of SegRefinerSemantic  

denoise_model.input_blocks.13.0.in_layers.2.weight - torch.Size([512, 256, 3, 3]): 
The value is the same before and after calling `init_weights` of SegRefinerSemantic  

denoise_model.input_blocks.13.0.in_layers.2.bias - torch.Size([512]): 
The value is the same before and after calling `init_weights` of SegRefinerSemantic  

denoise_model.input_blocks.13.0.emb_layers.1.weight - torch.Size([512, 512]): 
The value is the same before and after calling `init_weights` of SegRefinerSemantic  

denoise_model.input_blocks.13.0.emb_layers.1.bias - torch.Size([512]): 
The value is the same before and after calling `init_weights` of SegRefinerSemantic  

denoise_model.input_blocks.13.0.out_layers.0.weight - torch.Size([512]): 
The value is the same before and after calling `init_weights` of SegRefinerSemantic  

denoise_model.input_blocks.13.0.out_layers.0.bias - torch.Size([512]): 
The value is the same before and after calling `init_weights` of SegRefinerSemantic  

denoise_model.input_blocks.13.0.out_layers.3.weight - torch.Size([512, 512, 3, 3]): 
The value is the same before and after calling `init_weights` of SegRefinerSemantic  

denoise_model.input_blocks.13.0.out_layers.3.bias - torch.Size([512]): 
The value is the same before and after calling `init_weights` of SegRefinerSemantic  

denoise_model.input_blocks.13.0.skip_connection.weight - torch.Size([512, 256, 1, 1]): 
The value is the same before and after calling `init_weights` of SegRefinerSemantic  

denoise_model.input_blocks.13.0.skip_connection.bias - torch.Size([512]): 
The value is the same before and after calling `init_weights` of SegRefinerSemantic  

denoise_model.input_blocks.13.1.norm.weight - torch.Size([512]): 
The value is the same before and after calling `init_weights` of SegRefinerSemantic  

denoise_model.input_blocks.13.1.norm.bias - torch.Size([512]): 
The value is the same before and after calling `init_weights` of SegRefinerSemantic  

denoise_model.input_blocks.13.1.qkv.weight - torch.Size([1536, 512, 1]): 
The value is the same before and after calling `init_weights` of SegRefinerSemantic  

denoise_model.input_blocks.13.1.qkv.bias - torch.Size([1536]): 
The value is the same before and after calling `init_weights` of SegRefinerSemantic  

denoise_model.input_blocks.13.1.proj_out.weight - torch.Size([512, 512, 1]): 
The value is the same before and after calling `init_weights` of SegRefinerSemantic  

denoise_model.input_blocks.13.1.proj_out.bias - torch.Size([512]): 
The value is the same before and after calling `init_weights` of SegRefinerSemantic  

denoise_model.input_blocks.14.0.in_layers.0.weight - torch.Size([512]): 
The value is the same before and after calling `init_weights` of SegRefinerSemantic  

denoise_model.input_blocks.14.0.in_layers.0.bias - torch.Size([512]): 
The value is the same before and after calling `init_weights` of SegRefinerSemantic  

denoise_model.input_blocks.14.0.in_layers.2.weight - torch.Size([512, 512, 3, 3]): 
The value is the same before and after calling `init_weights` of SegRefinerSemantic  

denoise_model.input_blocks.14.0.in_layers.2.bias - torch.Size([512]): 
The value is the same before and after calling `init_weights` of SegRefinerSemantic  

denoise_model.input_blocks.14.0.emb_layers.1.weight - torch.Size([512, 512]): 
The value is the same before and after calling `init_weights` of SegRefinerSemantic  

denoise_model.input_blocks.14.0.emb_layers.1.bias - torch.Size([512]): 
The value is the same before and after calling `init_weights` of SegRefinerSemantic  

denoise_model.input_blocks.14.0.out_layers.0.weight - torch.Size([512]): 
The value is the same before and after calling `init_weights` of SegRefinerSemantic  

denoise_model.input_blocks.14.0.out_layers.0.bias - torch.Size([512]): 
The value is the same before and after calling `init_weights` of SegRefinerSemantic  

denoise_model.input_blocks.14.0.out_layers.3.weight - torch.Size([512, 512, 3, 3]): 
The value is the same before and after calling `init_weights` of SegRefinerSemantic  

denoise_model.input_blocks.14.0.out_layers.3.bias - torch.Size([512]): 
The value is the same before and after calling `init_weights` of SegRefinerSemantic  

denoise_model.input_blocks.14.1.norm.weight - torch.Size([512]): 
The value is the same before and after calling `init_weights` of SegRefinerSemantic  

denoise_model.input_blocks.14.1.norm.bias - torch.Size([512]): 
The value is the same before and after calling `init_weights` of SegRefinerSemantic  

denoise_model.input_blocks.14.1.qkv.weight - torch.Size([1536, 512, 1]): 
The value is the same before and after calling `init_weights` of SegRefinerSemantic  

denoise_model.input_blocks.14.1.qkv.bias - torch.Size([1536]): 
The value is the same before and after calling `init_weights` of SegRefinerSemantic  

denoise_model.input_blocks.14.1.proj_out.weight - torch.Size([512, 512, 1]): 
The value is the same before and after calling `init_weights` of SegRefinerSemantic  

denoise_model.input_blocks.14.1.proj_out.bias - torch.Size([512]): 
The value is the same before and after calling `init_weights` of SegRefinerSemantic  

denoise_model.input_blocks.15.0.op.weight - torch.Size([512, 512, 3, 3]): 
The value is the same before and after calling `init_weights` of SegRefinerSemantic  

denoise_model.input_blocks.15.0.op.bias - torch.Size([512]): 
The value is the same before and after calling `init_weights` of SegRefinerSemantic  

denoise_model.input_blocks.16.0.in_layers.0.weight - torch.Size([512]): 
The value is the same before and after calling `init_weights` of SegRefinerSemantic  

denoise_model.input_blocks.16.0.in_layers.0.bias - torch.Size([512]): 
The value is the same before and after calling `init_weights` of SegRefinerSemantic  

denoise_model.input_blocks.16.0.in_layers.2.weight - torch.Size([512, 512, 3, 3]): 
The value is the same before and after calling `init_weights` of SegRefinerSemantic  

denoise_model.input_blocks.16.0.in_layers.2.bias - torch.Size([512]): 
The value is the same before and after calling `init_weights` of SegRefinerSemantic  

denoise_model.input_blocks.16.0.emb_layers.1.weight - torch.Size([512, 512]): 
The value is the same before and after calling `init_weights` of SegRefinerSemantic  

denoise_model.input_blocks.16.0.emb_layers.1.bias - torch.Size([512]): 
The value is the same before and after calling `init_weights` of SegRefinerSemantic  

denoise_model.input_blocks.16.0.out_layers.0.weight - torch.Size([512]): 
The value is the same before and after calling `init_weights` of SegRefinerSemantic  

denoise_model.input_blocks.16.0.out_layers.0.bias - torch.Size([512]): 
The value is the same before and after calling `init_weights` of SegRefinerSemantic  

denoise_model.input_blocks.16.0.out_layers.3.weight - torch.Size([512, 512, 3, 3]): 
The value is the same before and after calling `init_weights` of SegRefinerSemantic  

denoise_model.input_blocks.16.0.out_layers.3.bias - torch.Size([512]): 
The value is the same before and after calling `init_weights` of SegRefinerSemantic  

denoise_model.input_blocks.16.1.norm.weight - torch.Size([512]): 
The value is the same before and after calling `init_weights` of SegRefinerSemantic  

denoise_model.input_blocks.16.1.norm.bias - torch.Size([512]): 
The value is the same before and after calling `init_weights` of SegRefinerSemantic  

denoise_model.input_blocks.16.1.qkv.weight - torch.Size([1536, 512, 1]): 
The value is the same before and after calling `init_weights` of SegRefinerSemantic  

denoise_model.input_blocks.16.1.qkv.bias - torch.Size([1536]): 
The value is the same before and after calling `init_weights` of SegRefinerSemantic  

denoise_model.input_blocks.16.1.proj_out.weight - torch.Size([512, 512, 1]): 
The value is the same before and after calling `init_weights` of SegRefinerSemantic  

denoise_model.input_blocks.16.1.proj_out.bias - torch.Size([512]): 
The value is the same before and after calling `init_weights` of SegRefinerSemantic  

denoise_model.input_blocks.17.0.in_layers.0.weight - torch.Size([512]): 
The value is the same before and after calling `init_weights` of SegRefinerSemantic  

denoise_model.input_blocks.17.0.in_layers.0.bias - torch.Size([512]): 
The value is the same before and after calling `init_weights` of SegRefinerSemantic  

denoise_model.input_blocks.17.0.in_layers.2.weight - torch.Size([512, 512, 3, 3]): 
The value is the same before and after calling `init_weights` of SegRefinerSemantic  

denoise_model.input_blocks.17.0.in_layers.2.bias - torch.Size([512]): 
The value is the same before and after calling `init_weights` of SegRefinerSemantic  

denoise_model.input_blocks.17.0.emb_layers.1.weight - torch.Size([512, 512]): 
The value is the same before and after calling `init_weights` of SegRefinerSemantic  

denoise_model.input_blocks.17.0.emb_layers.1.bias - torch.Size([512]): 
The value is the same before and after calling `init_weights` of SegRefinerSemantic  

denoise_model.input_blocks.17.0.out_layers.0.weight - torch.Size([512]): 
The value is the same before and after calling `init_weights` of SegRefinerSemantic  

denoise_model.input_blocks.17.0.out_layers.0.bias - torch.Size([512]): 
The value is the same before and after calling `init_weights` of SegRefinerSemantic  

denoise_model.input_blocks.17.0.out_layers.3.weight - torch.Size([512, 512, 3, 3]): 
The value is the same before and after calling `init_weights` of SegRefinerSemantic  

denoise_model.input_blocks.17.0.out_layers.3.bias - torch.Size([512]): 
The value is the same before and after calling `init_weights` of SegRefinerSemantic  

denoise_model.input_blocks.17.1.norm.weight - torch.Size([512]): 
The value is the same before and after calling `init_weights` of SegRefinerSemantic  

denoise_model.input_blocks.17.1.norm.bias - torch.Size([512]): 
The value is the same before and after calling `init_weights` of SegRefinerSemantic  

denoise_model.input_blocks.17.1.qkv.weight - torch.Size([1536, 512, 1]): 
The value is the same before and after calling `init_weights` of SegRefinerSemantic  

denoise_model.input_blocks.17.1.qkv.bias - torch.Size([1536]): 
The value is the same before and after calling `init_weights` of SegRefinerSemantic  

denoise_model.input_blocks.17.1.proj_out.weight - torch.Size([512, 512, 1]): 
The value is the same before and after calling `init_weights` of SegRefinerSemantic  

denoise_model.input_blocks.17.1.proj_out.bias - torch.Size([512]): 
The value is the same before and after calling `init_weights` of SegRefinerSemantic  

denoise_model.middle_block.0.in_layers.0.weight - torch.Size([512]): 
The value is the same before and after calling `init_weights` of SegRefinerSemantic  

denoise_model.middle_block.0.in_layers.0.bias - torch.Size([512]): 
The value is the same before and after calling `init_weights` of SegRefinerSemantic  

denoise_model.middle_block.0.in_layers.2.weight - torch.Size([512, 512, 3, 3]): 
The value is the same before and after calling `init_weights` of SegRefinerSemantic  

denoise_model.middle_block.0.in_layers.2.bias - torch.Size([512]): 
The value is the same before and after calling `init_weights` of SegRefinerSemantic  

denoise_model.middle_block.0.emb_layers.1.weight - torch.Size([512, 512]): 
The value is the same before and after calling `init_weights` of SegRefinerSemantic  

denoise_model.middle_block.0.emb_layers.1.bias - torch.Size([512]): 
The value is the same before and after calling `init_weights` of SegRefinerSemantic  

denoise_model.middle_block.0.out_layers.0.weight - torch.Size([512]): 
The value is the same before and after calling `init_weights` of SegRefinerSemantic  

denoise_model.middle_block.0.out_layers.0.bias - torch.Size([512]): 
The value is the same before and after calling `init_weights` of SegRefinerSemantic  

denoise_model.middle_block.0.out_layers.3.weight - torch.Size([512, 512, 3, 3]): 
The value is the same before and after calling `init_weights` of SegRefinerSemantic  

denoise_model.middle_block.0.out_layers.3.bias - torch.Size([512]): 
The value is the same before and after calling `init_weights` of SegRefinerSemantic  

denoise_model.middle_block.1.norm.weight - torch.Size([512]): 
The value is the same before and after calling `init_weights` of SegRefinerSemantic  

denoise_model.middle_block.1.norm.bias - torch.Size([512]): 
The value is the same before and after calling `init_weights` of SegRefinerSemantic  

denoise_model.middle_block.1.qkv.weight - torch.Size([1536, 512, 1]): 
The value is the same before and after calling `init_weights` of SegRefinerSemantic  

denoise_model.middle_block.1.qkv.bias - torch.Size([1536]): 
The value is the same before and after calling `init_weights` of SegRefinerSemantic  

denoise_model.middle_block.1.proj_out.weight - torch.Size([512, 512, 1]): 
The value is the same before and after calling `init_weights` of SegRefinerSemantic  

denoise_model.middle_block.1.proj_out.bias - torch.Size([512]): 
The value is the same before and after calling `init_weights` of SegRefinerSemantic  

denoise_model.middle_block.2.in_layers.0.weight - torch.Size([512]): 
The value is the same before and after calling `init_weights` of SegRefinerSemantic  

denoise_model.middle_block.2.in_layers.0.bias - torch.Size([512]): 
The value is the same before and after calling `init_weights` of SegRefinerSemantic  

denoise_model.middle_block.2.in_layers.2.weight - torch.Size([512, 512, 3, 3]): 
The value is the same before and after calling `init_weights` of SegRefinerSemantic  

denoise_model.middle_block.2.in_layers.2.bias - torch.Size([512]): 
The value is the same before and after calling `init_weights` of SegRefinerSemantic  

denoise_model.middle_block.2.emb_layers.1.weight - torch.Size([512, 512]): 
The value is the same before and after calling `init_weights` of SegRefinerSemantic  

denoise_model.middle_block.2.emb_layers.1.bias - torch.Size([512]): 
The value is the same before and after calling `init_weights` of SegRefinerSemantic  

denoise_model.middle_block.2.out_layers.0.weight - torch.Size([512]): 
The value is the same before and after calling `init_weights` of SegRefinerSemantic  

denoise_model.middle_block.2.out_layers.0.bias - torch.Size([512]): 
The value is the same before and after calling `init_weights` of SegRefinerSemantic  

denoise_model.middle_block.2.out_layers.3.weight - torch.Size([512, 512, 3, 3]): 
The value is the same before and after calling `init_weights` of SegRefinerSemantic  

denoise_model.middle_block.2.out_layers.3.bias - torch.Size([512]): 
The value is the same before and after calling `init_weights` of SegRefinerSemantic  

denoise_model.output_blocks.0.0.in_layers.0.weight - torch.Size([1024]): 
The value is the same before and after calling `init_weights` of SegRefinerSemantic  

denoise_model.output_blocks.0.0.in_layers.0.bias - torch.Size([1024]): 
The value is the same before and after calling `init_weights` of SegRefinerSemantic  

denoise_model.output_blocks.0.0.in_layers.2.weight - torch.Size([512, 1024, 3, 3]): 
The value is the same before and after calling `init_weights` of SegRefinerSemantic  

denoise_model.output_blocks.0.0.in_layers.2.bias - torch.Size([512]): 
The value is the same before and after calling `init_weights` of SegRefinerSemantic  

denoise_model.output_blocks.0.0.emb_layers.1.weight - torch.Size([512, 512]): 
The value is the same before and after calling `init_weights` of SegRefinerSemantic  

denoise_model.output_blocks.0.0.emb_layers.1.bias - torch.Size([512]): 
The value is the same before and after calling `init_weights` of SegRefinerSemantic  

denoise_model.output_blocks.0.0.out_layers.0.weight - torch.Size([512]): 
The value is the same before and after calling `init_weights` of SegRefinerSemantic  

denoise_model.output_blocks.0.0.out_layers.0.bias - torch.Size([512]): 
The value is the same before and after calling `init_weights` of SegRefinerSemantic  

denoise_model.output_blocks.0.0.out_layers.3.weight - torch.Size([512, 512, 3, 3]): 
The value is the same before and after calling `init_weights` of SegRefinerSemantic  

denoise_model.output_blocks.0.0.out_layers.3.bias - torch.Size([512]): 
The value is the same before and after calling `init_weights` of SegRefinerSemantic  

denoise_model.output_blocks.0.0.skip_connection.weight - torch.Size([512, 1024, 1, 1]): 
The value is the same before and after calling `init_weights` of SegRefinerSemantic  

denoise_model.output_blocks.0.0.skip_connection.bias - torch.Size([512]): 
The value is the same before and after calling `init_weights` of SegRefinerSemantic  

denoise_model.output_blocks.0.1.norm.weight - torch.Size([512]): 
The value is the same before and after calling `init_weights` of SegRefinerSemantic  

denoise_model.output_blocks.0.1.norm.bias - torch.Size([512]): 
The value is the same before and after calling `init_weights` of SegRefinerSemantic  

denoise_model.output_blocks.0.1.qkv.weight - torch.Size([1536, 512, 1]): 
The value is the same before and after calling `init_weights` of SegRefinerSemantic  

denoise_model.output_blocks.0.1.qkv.bias - torch.Size([1536]): 
The value is the same before and after calling `init_weights` of SegRefinerSemantic  

denoise_model.output_blocks.0.1.proj_out.weight - torch.Size([512, 512, 1]): 
The value is the same before and after calling `init_weights` of SegRefinerSemantic  

denoise_model.output_blocks.0.1.proj_out.bias - torch.Size([512]): 
The value is the same before and after calling `init_weights` of SegRefinerSemantic  

denoise_model.output_blocks.1.0.in_layers.0.weight - torch.Size([1024]): 
The value is the same before and after calling `init_weights` of SegRefinerSemantic  

denoise_model.output_blocks.1.0.in_layers.0.bias - torch.Size([1024]): 
The value is the same before and after calling `init_weights` of SegRefinerSemantic  

denoise_model.output_blocks.1.0.in_layers.2.weight - torch.Size([512, 1024, 3, 3]): 
The value is the same before and after calling `init_weights` of SegRefinerSemantic  

denoise_model.output_blocks.1.0.in_layers.2.bias - torch.Size([512]): 
The value is the same before and after calling `init_weights` of SegRefinerSemantic  

denoise_model.output_blocks.1.0.emb_layers.1.weight - torch.Size([512, 512]): 
The value is the same before and after calling `init_weights` of SegRefinerSemantic  

denoise_model.output_blocks.1.0.emb_layers.1.bias - torch.Size([512]): 
The value is the same before and after calling `init_weights` of SegRefinerSemantic  

denoise_model.output_blocks.1.0.out_layers.0.weight - torch.Size([512]): 
The value is the same before and after calling `init_weights` of SegRefinerSemantic  

denoise_model.output_blocks.1.0.out_layers.0.bias - torch.Size([512]): 
The value is the same before and after calling `init_weights` of SegRefinerSemantic  

denoise_model.output_blocks.1.0.out_layers.3.weight - torch.Size([512, 512, 3, 3]): 
The value is the same before and after calling `init_weights` of SegRefinerSemantic  

denoise_model.output_blocks.1.0.out_layers.3.bias - torch.Size([512]): 
The value is the same before and after calling `init_weights` of SegRefinerSemantic  

denoise_model.output_blocks.1.0.skip_connection.weight - torch.Size([512, 1024, 1, 1]): 
The value is the same before and after calling `init_weights` of SegRefinerSemantic  

denoise_model.output_blocks.1.0.skip_connection.bias - torch.Size([512]): 
The value is the same before and after calling `init_weights` of SegRefinerSemantic  

denoise_model.output_blocks.1.1.norm.weight - torch.Size([512]): 
The value is the same before and after calling `init_weights` of SegRefinerSemantic  

denoise_model.output_blocks.1.1.norm.bias - torch.Size([512]): 
The value is the same before and after calling `init_weights` of SegRefinerSemantic  

denoise_model.output_blocks.1.1.qkv.weight - torch.Size([1536, 512, 1]): 
The value is the same before and after calling `init_weights` of SegRefinerSemantic  

denoise_model.output_blocks.1.1.qkv.bias - torch.Size([1536]): 
The value is the same before and after calling `init_weights` of SegRefinerSemantic  

denoise_model.output_blocks.1.1.proj_out.weight - torch.Size([512, 512, 1]): 
The value is the same before and after calling `init_weights` of SegRefinerSemantic  

denoise_model.output_blocks.1.1.proj_out.bias - torch.Size([512]): 
The value is the same before and after calling `init_weights` of SegRefinerSemantic  

denoise_model.output_blocks.2.0.in_layers.0.weight - torch.Size([1024]): 
The value is the same before and after calling `init_weights` of SegRefinerSemantic  

denoise_model.output_blocks.2.0.in_layers.0.bias - torch.Size([1024]): 
The value is the same before and after calling `init_weights` of SegRefinerSemantic  

denoise_model.output_blocks.2.0.in_layers.2.weight - torch.Size([512, 1024, 3, 3]): 
The value is the same before and after calling `init_weights` of SegRefinerSemantic  

denoise_model.output_blocks.2.0.in_layers.2.bias - torch.Size([512]): 
The value is the same before and after calling `init_weights` of SegRefinerSemantic  

denoise_model.output_blocks.2.0.emb_layers.1.weight - torch.Size([512, 512]): 
The value is the same before and after calling `init_weights` of SegRefinerSemantic  

denoise_model.output_blocks.2.0.emb_layers.1.bias - torch.Size([512]): 
The value is the same before and after calling `init_weights` of SegRefinerSemantic  

denoise_model.output_blocks.2.0.out_layers.0.weight - torch.Size([512]): 
The value is the same before and after calling `init_weights` of SegRefinerSemantic  

denoise_model.output_blocks.2.0.out_layers.0.bias - torch.Size([512]): 
The value is the same before and after calling `init_weights` of SegRefinerSemantic  

denoise_model.output_blocks.2.0.out_layers.3.weight - torch.Size([512, 512, 3, 3]): 
The value is the same before and after calling `init_weights` of SegRefinerSemantic  

denoise_model.output_blocks.2.0.out_layers.3.bias - torch.Size([512]): 
The value is the same before and after calling `init_weights` of SegRefinerSemantic  

denoise_model.output_blocks.2.0.skip_connection.weight - torch.Size([512, 1024, 1, 1]): 
The value is the same before and after calling `init_weights` of SegRefinerSemantic  

denoise_model.output_blocks.2.0.skip_connection.bias - torch.Size([512]): 
The value is the same before and after calling `init_weights` of SegRefinerSemantic  

denoise_model.output_blocks.2.1.norm.weight - torch.Size([512]): 
The value is the same before and after calling `init_weights` of SegRefinerSemantic  

denoise_model.output_blocks.2.1.norm.bias - torch.Size([512]): 
The value is the same before and after calling `init_weights` of SegRefinerSemantic  

denoise_model.output_blocks.2.1.qkv.weight - torch.Size([1536, 512, 1]): 
The value is the same before and after calling `init_weights` of SegRefinerSemantic  

denoise_model.output_blocks.2.1.qkv.bias - torch.Size([1536]): 
The value is the same before and after calling `init_weights` of SegRefinerSemantic  

denoise_model.output_blocks.2.1.proj_out.weight - torch.Size([512, 512, 1]): 
The value is the same before and after calling `init_weights` of SegRefinerSemantic  

denoise_model.output_blocks.2.1.proj_out.bias - torch.Size([512]): 
The value is the same before and after calling `init_weights` of SegRefinerSemantic  

denoise_model.output_blocks.2.2.conv.weight - torch.Size([512, 512, 3, 3]): 
The value is the same before and after calling `init_weights` of SegRefinerSemantic  

denoise_model.output_blocks.2.2.conv.bias - torch.Size([512]): 
The value is the same before and after calling `init_weights` of SegRefinerSemantic  

denoise_model.output_blocks.3.0.in_layers.0.weight - torch.Size([1024]): 
The value is the same before and after calling `init_weights` of SegRefinerSemantic  

denoise_model.output_blocks.3.0.in_layers.0.bias - torch.Size([1024]): 
The value is the same before and after calling `init_weights` of SegRefinerSemantic  

denoise_model.output_blocks.3.0.in_layers.2.weight - torch.Size([512, 1024, 3, 3]): 
The value is the same before and after calling `init_weights` of SegRefinerSemantic  

denoise_model.output_blocks.3.0.in_layers.2.bias - torch.Size([512]): 
The value is the same before and after calling `init_weights` of SegRefinerSemantic  

denoise_model.output_blocks.3.0.emb_layers.1.weight - torch.Size([512, 512]): 
The value is the same before and after calling `init_weights` of SegRefinerSemantic  

denoise_model.output_blocks.3.0.emb_layers.1.bias - torch.Size([512]): 
The value is the same before and after calling `init_weights` of SegRefinerSemantic  

denoise_model.output_blocks.3.0.out_layers.0.weight - torch.Size([512]): 
The value is the same before and after calling `init_weights` of SegRefinerSemantic  

denoise_model.output_blocks.3.0.out_layers.0.bias - torch.Size([512]): 
The value is the same before and after calling `init_weights` of SegRefinerSemantic  

denoise_model.output_blocks.3.0.out_layers.3.weight - torch.Size([512, 512, 3, 3]): 
The value is the same before and after calling `init_weights` of SegRefinerSemantic  

denoise_model.output_blocks.3.0.out_layers.3.bias - torch.Size([512]): 
The value is the same before and after calling `init_weights` of SegRefinerSemantic  

denoise_model.output_blocks.3.0.skip_connection.weight - torch.Size([512, 1024, 1, 1]): 
The value is the same before and after calling `init_weights` of SegRefinerSemantic  

denoise_model.output_blocks.3.0.skip_connection.bias - torch.Size([512]): 
The value is the same before and after calling `init_weights` of SegRefinerSemantic  

denoise_model.output_blocks.3.1.norm.weight - torch.Size([512]): 
The value is the same before and after calling `init_weights` of SegRefinerSemantic  

denoise_model.output_blocks.3.1.norm.bias - torch.Size([512]): 
The value is the same before and after calling `init_weights` of SegRefinerSemantic  

denoise_model.output_blocks.3.1.qkv.weight - torch.Size([1536, 512, 1]): 
The value is the same before and after calling `init_weights` of SegRefinerSemantic  

denoise_model.output_blocks.3.1.qkv.bias - torch.Size([1536]): 
The value is the same before and after calling `init_weights` of SegRefinerSemantic  

denoise_model.output_blocks.3.1.proj_out.weight - torch.Size([512, 512, 1]): 
The value is the same before and after calling `init_weights` of SegRefinerSemantic  

denoise_model.output_blocks.3.1.proj_out.bias - torch.Size([512]): 
The value is the same before and after calling `init_weights` of SegRefinerSemantic  

denoise_model.output_blocks.4.0.in_layers.0.weight - torch.Size([1024]): 
The value is the same before and after calling `init_weights` of SegRefinerSemantic  

denoise_model.output_blocks.4.0.in_layers.0.bias - torch.Size([1024]): 
The value is the same before and after calling `init_weights` of SegRefinerSemantic  

denoise_model.output_blocks.4.0.in_layers.2.weight - torch.Size([512, 1024, 3, 3]): 
The value is the same before and after calling `init_weights` of SegRefinerSemantic  

denoise_model.output_blocks.4.0.in_layers.2.bias - torch.Size([512]): 
The value is the same before and after calling `init_weights` of SegRefinerSemantic  

denoise_model.output_blocks.4.0.emb_layers.1.weight - torch.Size([512, 512]): 
The value is the same before and after calling `init_weights` of SegRefinerSemantic  

denoise_model.output_blocks.4.0.emb_layers.1.bias - torch.Size([512]): 
The value is the same before and after calling `init_weights` of SegRefinerSemantic  

denoise_model.output_blocks.4.0.out_layers.0.weight - torch.Size([512]): 
The value is the same before and after calling `init_weights` of SegRefinerSemantic  

denoise_model.output_blocks.4.0.out_layers.0.bias - torch.Size([512]): 
The value is the same before and after calling `init_weights` of SegRefinerSemantic  

denoise_model.output_blocks.4.0.out_layers.3.weight - torch.Size([512, 512, 3, 3]): 
The value is the same before and after calling `init_weights` of SegRefinerSemantic  

denoise_model.output_blocks.4.0.out_layers.3.bias - torch.Size([512]): 
The value is the same before and after calling `init_weights` of SegRefinerSemantic  

denoise_model.output_blocks.4.0.skip_connection.weight - torch.Size([512, 1024, 1, 1]): 
The value is the same before and after calling `init_weights` of SegRefinerSemantic  

denoise_model.output_blocks.4.0.skip_connection.bias - torch.Size([512]): 
The value is the same before and after calling `init_weights` of SegRefinerSemantic  

denoise_model.output_blocks.4.1.norm.weight - torch.Size([512]): 
The value is the same before and after calling `init_weights` of SegRefinerSemantic  

denoise_model.output_blocks.4.1.norm.bias - torch.Size([512]): 
The value is the same before and after calling `init_weights` of SegRefinerSemantic  

denoise_model.output_blocks.4.1.qkv.weight - torch.Size([1536, 512, 1]): 
The value is the same before and after calling `init_weights` of SegRefinerSemantic  

denoise_model.output_blocks.4.1.qkv.bias - torch.Size([1536]): 
The value is the same before and after calling `init_weights` of SegRefinerSemantic  

denoise_model.output_blocks.4.1.proj_out.weight - torch.Size([512, 512, 1]): 
The value is the same before and after calling `init_weights` of SegRefinerSemantic  

denoise_model.output_blocks.4.1.proj_out.bias - torch.Size([512]): 
The value is the same before and after calling `init_weights` of SegRefinerSemantic  

denoise_model.output_blocks.5.0.in_layers.0.weight - torch.Size([768]): 
The value is the same before and after calling `init_weights` of SegRefinerSemantic  

denoise_model.output_blocks.5.0.in_layers.0.bias - torch.Size([768]): 
The value is the same before and after calling `init_weights` of SegRefinerSemantic  

denoise_model.output_blocks.5.0.in_layers.2.weight - torch.Size([512, 768, 3, 3]): 
The value is the same before and after calling `init_weights` of SegRefinerSemantic  

denoise_model.output_blocks.5.0.in_layers.2.bias - torch.Size([512]): 
The value is the same before and after calling `init_weights` of SegRefinerSemantic  

denoise_model.output_blocks.5.0.emb_layers.1.weight - torch.Size([512, 512]): 
The value is the same before and after calling `init_weights` of SegRefinerSemantic  

denoise_model.output_blocks.5.0.emb_layers.1.bias - torch.Size([512]): 
The value is the same before and after calling `init_weights` of SegRefinerSemantic  

denoise_model.output_blocks.5.0.out_layers.0.weight - torch.Size([512]): 
The value is the same before and after calling `init_weights` of SegRefinerSemantic  

denoise_model.output_blocks.5.0.out_layers.0.bias - torch.Size([512]): 
The value is the same before and after calling `init_weights` of SegRefinerSemantic  

denoise_model.output_blocks.5.0.out_layers.3.weight - torch.Size([512, 512, 3, 3]): 
The value is the same before and after calling `init_weights` of SegRefinerSemantic  

denoise_model.output_blocks.5.0.out_layers.3.bias - torch.Size([512]): 
The value is the same before and after calling `init_weights` of SegRefinerSemantic  

denoise_model.output_blocks.5.0.skip_connection.weight - torch.Size([512, 768, 1, 1]): 
The value is the same before and after calling `init_weights` of SegRefinerSemantic  

denoise_model.output_blocks.5.0.skip_connection.bias - torch.Size([512]): 
The value is the same before and after calling `init_weights` of SegRefinerSemantic  

denoise_model.output_blocks.5.1.norm.weight - torch.Size([512]): 
The value is the same before and after calling `init_weights` of SegRefinerSemantic  

denoise_model.output_blocks.5.1.norm.bias - torch.Size([512]): 
The value is the same before and after calling `init_weights` of SegRefinerSemantic  

denoise_model.output_blocks.5.1.qkv.weight - torch.Size([1536, 512, 1]): 
The value is the same before and after calling `init_weights` of SegRefinerSemantic  

denoise_model.output_blocks.5.1.qkv.bias - torch.Size([1536]): 
The value is the same before and after calling `init_weights` of SegRefinerSemantic  

denoise_model.output_blocks.5.1.proj_out.weight - torch.Size([512, 512, 1]): 
The value is the same before and after calling `init_weights` of SegRefinerSemantic  

denoise_model.output_blocks.5.1.proj_out.bias - torch.Size([512]): 
The value is the same before and after calling `init_weights` of SegRefinerSemantic  

denoise_model.output_blocks.5.2.conv.weight - torch.Size([512, 512, 3, 3]): 
The value is the same before and after calling `init_weights` of SegRefinerSemantic  

denoise_model.output_blocks.5.2.conv.bias - torch.Size([512]): 
The value is the same before and after calling `init_weights` of SegRefinerSemantic  

denoise_model.output_blocks.6.0.in_layers.0.weight - torch.Size([768]): 
The value is the same before and after calling `init_weights` of SegRefinerSemantic  

denoise_model.output_blocks.6.0.in_layers.0.bias - torch.Size([768]): 
The value is the same before and after calling `init_weights` of SegRefinerSemantic  

denoise_model.output_blocks.6.0.in_layers.2.weight - torch.Size([256, 768, 3, 3]): 
The value is the same before and after calling `init_weights` of SegRefinerSemantic  

denoise_model.output_blocks.6.0.in_layers.2.bias - torch.Size([256]): 
The value is the same before and after calling `init_weights` of SegRefinerSemantic  

denoise_model.output_blocks.6.0.emb_layers.1.weight - torch.Size([256, 512]): 
The value is the same before and after calling `init_weights` of SegRefinerSemantic  

denoise_model.output_blocks.6.0.emb_layers.1.bias - torch.Size([256]): 
The value is the same before and after calling `init_weights` of SegRefinerSemantic  

denoise_model.output_blocks.6.0.out_layers.0.weight - torch.Size([256]): 
The value is the same before and after calling `init_weights` of SegRefinerSemantic  

denoise_model.output_blocks.6.0.out_layers.0.bias - torch.Size([256]): 
The value is the same before and after calling `init_weights` of SegRefinerSemantic  

denoise_model.output_blocks.6.0.out_layers.3.weight - torch.Size([256, 256, 3, 3]): 
The value is the same before and after calling `init_weights` of SegRefinerSemantic  

denoise_model.output_blocks.6.0.out_layers.3.bias - torch.Size([256]): 
The value is the same before and after calling `init_weights` of SegRefinerSemantic  

denoise_model.output_blocks.6.0.skip_connection.weight - torch.Size([256, 768, 1, 1]): 
The value is the same before and after calling `init_weights` of SegRefinerSemantic  

denoise_model.output_blocks.6.0.skip_connection.bias - torch.Size([256]): 
The value is the same before and after calling `init_weights` of SegRefinerSemantic  

denoise_model.output_blocks.7.0.in_layers.0.weight - torch.Size([512]): 
The value is the same before and after calling `init_weights` of SegRefinerSemantic  

denoise_model.output_blocks.7.0.in_layers.0.bias - torch.Size([512]): 
The value is the same before and after calling `init_weights` of SegRefinerSemantic  

denoise_model.output_blocks.7.0.in_layers.2.weight - torch.Size([256, 512, 3, 3]): 
The value is the same before and after calling `init_weights` of SegRefinerSemantic  

denoise_model.output_blocks.7.0.in_layers.2.bias - torch.Size([256]): 
The value is the same before and after calling `init_weights` of SegRefinerSemantic  

denoise_model.output_blocks.7.0.emb_layers.1.weight - torch.Size([256, 512]): 
The value is the same before and after calling `init_weights` of SegRefinerSemantic  

denoise_model.output_blocks.7.0.emb_layers.1.bias - torch.Size([256]): 
The value is the same before and after calling `init_weights` of SegRefinerSemantic  

denoise_model.output_blocks.7.0.out_layers.0.weight - torch.Size([256]): 
The value is the same before and after calling `init_weights` of SegRefinerSemantic  

denoise_model.output_blocks.7.0.out_layers.0.bias - torch.Size([256]): 
The value is the same before and after calling `init_weights` of SegRefinerSemantic  

denoise_model.output_blocks.7.0.out_layers.3.weight - torch.Size([256, 256, 3, 3]): 
The value is the same before and after calling `init_weights` of SegRefinerSemantic  

denoise_model.output_blocks.7.0.out_layers.3.bias - torch.Size([256]): 
The value is the same before and after calling `init_weights` of SegRefinerSemantic  

denoise_model.output_blocks.7.0.skip_connection.weight - torch.Size([256, 512, 1, 1]): 
The value is the same before and after calling `init_weights` of SegRefinerSemantic  

denoise_model.output_blocks.7.0.skip_connection.bias - torch.Size([256]): 
The value is the same before and after calling `init_weights` of SegRefinerSemantic  

denoise_model.output_blocks.8.0.in_layers.0.weight - torch.Size([512]): 
The value is the same before and after calling `init_weights` of SegRefinerSemantic  

denoise_model.output_blocks.8.0.in_layers.0.bias - torch.Size([512]): 
The value is the same before and after calling `init_weights` of SegRefinerSemantic  

denoise_model.output_blocks.8.0.in_layers.2.weight - torch.Size([256, 512, 3, 3]): 
The value is the same before and after calling `init_weights` of SegRefinerSemantic  

denoise_model.output_blocks.8.0.in_layers.2.bias - torch.Size([256]): 
The value is the same before and after calling `init_weights` of SegRefinerSemantic  

denoise_model.output_blocks.8.0.emb_layers.1.weight - torch.Size([256, 512]): 
The value is the same before and after calling `init_weights` of SegRefinerSemantic  

denoise_model.output_blocks.8.0.emb_layers.1.bias - torch.Size([256]): 
The value is the same before and after calling `init_weights` of SegRefinerSemantic  

denoise_model.output_blocks.8.0.out_layers.0.weight - torch.Size([256]): 
The value is the same before and after calling `init_weights` of SegRefinerSemantic  

denoise_model.output_blocks.8.0.out_layers.0.bias - torch.Size([256]): 
The value is the same before and after calling `init_weights` of SegRefinerSemantic  

denoise_model.output_blocks.8.0.out_layers.3.weight - torch.Size([256, 256, 3, 3]): 
The value is the same before and after calling `init_weights` of SegRefinerSemantic  

denoise_model.output_blocks.8.0.out_layers.3.bias - torch.Size([256]): 
The value is the same before and after calling `init_weights` of SegRefinerSemantic  

denoise_model.output_blocks.8.0.skip_connection.weight - torch.Size([256, 512, 1, 1]): 
The value is the same before and after calling `init_weights` of SegRefinerSemantic  

denoise_model.output_blocks.8.0.skip_connection.bias - torch.Size([256]): 
The value is the same before and after calling `init_weights` of SegRefinerSemantic  

denoise_model.output_blocks.8.1.conv.weight - torch.Size([256, 256, 3, 3]): 
The value is the same before and after calling `init_weights` of SegRefinerSemantic  

denoise_model.output_blocks.8.1.conv.bias - torch.Size([256]): 
The value is the same before and after calling `init_weights` of SegRefinerSemantic  

denoise_model.output_blocks.9.0.in_layers.0.weight - torch.Size([512]): 
The value is the same before and after calling `init_weights` of SegRefinerSemantic  

denoise_model.output_blocks.9.0.in_layers.0.bias - torch.Size([512]): 
The value is the same before and after calling `init_weights` of SegRefinerSemantic  

denoise_model.output_blocks.9.0.in_layers.2.weight - torch.Size([256, 512, 3, 3]): 
The value is the same before and after calling `init_weights` of SegRefinerSemantic  

denoise_model.output_blocks.9.0.in_layers.2.bias - torch.Size([256]): 
The value is the same before and after calling `init_weights` of SegRefinerSemantic  

denoise_model.output_blocks.9.0.emb_layers.1.weight - torch.Size([256, 512]): 
The value is the same before and after calling `init_weights` of SegRefinerSemantic  

denoise_model.output_blocks.9.0.emb_layers.1.bias - torch.Size([256]): 
The value is the same before and after calling `init_weights` of SegRefinerSemantic  

denoise_model.output_blocks.9.0.out_layers.0.weight - torch.Size([256]): 
The value is the same before and after calling `init_weights` of SegRefinerSemantic  

denoise_model.output_blocks.9.0.out_layers.0.bias - torch.Size([256]): 
The value is the same before and after calling `init_weights` of SegRefinerSemantic  

denoise_model.output_blocks.9.0.out_layers.3.weight - torch.Size([256, 256, 3, 3]): 
The value is the same before and after calling `init_weights` of SegRefinerSemantic  

denoise_model.output_blocks.9.0.out_layers.3.bias - torch.Size([256]): 
The value is the same before and after calling `init_weights` of SegRefinerSemantic  

denoise_model.output_blocks.9.0.skip_connection.weight - torch.Size([256, 512, 1, 1]): 
The value is the same before and after calling `init_weights` of SegRefinerSemantic  

denoise_model.output_blocks.9.0.skip_connection.bias - torch.Size([256]): 
The value is the same before and after calling `init_weights` of SegRefinerSemantic  

denoise_model.output_blocks.10.0.in_layers.0.weight - torch.Size([512]): 
The value is the same before and after calling `init_weights` of SegRefinerSemantic  

denoise_model.output_blocks.10.0.in_layers.0.bias - torch.Size([512]): 
The value is the same before and after calling `init_weights` of SegRefinerSemantic  

denoise_model.output_blocks.10.0.in_layers.2.weight - torch.Size([256, 512, 3, 3]): 
The value is the same before and after calling `init_weights` of SegRefinerSemantic  

denoise_model.output_blocks.10.0.in_layers.2.bias - torch.Size([256]): 
The value is the same before and after calling `init_weights` of SegRefinerSemantic  

denoise_model.output_blocks.10.0.emb_layers.1.weight - torch.Size([256, 512]): 
The value is the same before and after calling `init_weights` of SegRefinerSemantic  

denoise_model.output_blocks.10.0.emb_layers.1.bias - torch.Size([256]): 
The value is the same before and after calling `init_weights` of SegRefinerSemantic  

denoise_model.output_blocks.10.0.out_layers.0.weight - torch.Size([256]): 
The value is the same before and after calling `init_weights` of SegRefinerSemantic  

denoise_model.output_blocks.10.0.out_layers.0.bias - torch.Size([256]): 
The value is the same before and after calling `init_weights` of SegRefinerSemantic  

denoise_model.output_blocks.10.0.out_layers.3.weight - torch.Size([256, 256, 3, 3]): 
The value is the same before and after calling `init_weights` of SegRefinerSemantic  

denoise_model.output_blocks.10.0.out_layers.3.bias - torch.Size([256]): 
The value is the same before and after calling `init_weights` of SegRefinerSemantic  

denoise_model.output_blocks.10.0.skip_connection.weight - torch.Size([256, 512, 1, 1]): 
The value is the same before and after calling `init_weights` of SegRefinerSemantic  

denoise_model.output_blocks.10.0.skip_connection.bias - torch.Size([256]): 
The value is the same before and after calling `init_weights` of SegRefinerSemantic  

denoise_model.output_blocks.11.0.in_layers.0.weight - torch.Size([384]): 
The value is the same before and after calling `init_weights` of SegRefinerSemantic  

denoise_model.output_blocks.11.0.in_layers.0.bias - torch.Size([384]): 
The value is the same before and after calling `init_weights` of SegRefinerSemantic  

denoise_model.output_blocks.11.0.in_layers.2.weight - torch.Size([256, 384, 3, 3]): 
The value is the same before and after calling `init_weights` of SegRefinerSemantic  

denoise_model.output_blocks.11.0.in_layers.2.bias - torch.Size([256]): 
The value is the same before and after calling `init_weights` of SegRefinerSemantic  

denoise_model.output_blocks.11.0.emb_layers.1.weight - torch.Size([256, 512]): 
The value is the same before and after calling `init_weights` of SegRefinerSemantic  

denoise_model.output_blocks.11.0.emb_layers.1.bias - torch.Size([256]): 
The value is the same before and after calling `init_weights` of SegRefinerSemantic  

denoise_model.output_blocks.11.0.out_layers.0.weight - torch.Size([256]): 
The value is the same before and after calling `init_weights` of SegRefinerSemantic  

denoise_model.output_blocks.11.0.out_layers.0.bias - torch.Size([256]): 
The value is the same before and after calling `init_weights` of SegRefinerSemantic  

denoise_model.output_blocks.11.0.out_layers.3.weight - torch.Size([256, 256, 3, 3]): 
The value is the same before and after calling `init_weights` of SegRefinerSemantic  

denoise_model.output_blocks.11.0.out_layers.3.bias - torch.Size([256]): 
The value is the same before and after calling `init_weights` of SegRefinerSemantic  

denoise_model.output_blocks.11.0.skip_connection.weight - torch.Size([256, 384, 1, 1]): 
The value is the same before and after calling `init_weights` of SegRefinerSemantic  

denoise_model.output_blocks.11.0.skip_connection.bias - torch.Size([256]): 
The value is the same before and after calling `init_weights` of SegRefinerSemantic  

denoise_model.output_blocks.11.1.conv.weight - torch.Size([256, 256, 3, 3]): 
The value is the same before and after calling `init_weights` of SegRefinerSemantic  

denoise_model.output_blocks.11.1.conv.bias - torch.Size([256]): 
The value is the same before and after calling `init_weights` of SegRefinerSemantic  

denoise_model.output_blocks.12.0.in_layers.0.weight - torch.Size([384]): 
The value is the same before and after calling `init_weights` of SegRefinerSemantic  

denoise_model.output_blocks.12.0.in_layers.0.bias - torch.Size([384]): 
The value is the same before and after calling `init_weights` of SegRefinerSemantic  

denoise_model.output_blocks.12.0.in_layers.2.weight - torch.Size([128, 384, 3, 3]): 
The value is the same before and after calling `init_weights` of SegRefinerSemantic  

denoise_model.output_blocks.12.0.in_layers.2.bias - torch.Size([128]): 
The value is the same before and after calling `init_weights` of SegRefinerSemantic  

denoise_model.output_blocks.12.0.emb_layers.1.weight - torch.Size([128, 512]): 
The value is the same before and after calling `init_weights` of SegRefinerSemantic  

denoise_model.output_blocks.12.0.emb_layers.1.bias - torch.Size([128]): 
The value is the same before and after calling `init_weights` of SegRefinerSemantic  

denoise_model.output_blocks.12.0.out_layers.0.weight - torch.Size([128]): 
The value is the same before and after calling `init_weights` of SegRefinerSemantic  

denoise_model.output_blocks.12.0.out_layers.0.bias - torch.Size([128]): 
The value is the same before and after calling `init_weights` of SegRefinerSemantic  

denoise_model.output_blocks.12.0.out_layers.3.weight - torch.Size([128, 128, 3, 3]): 
The value is the same before and after calling `init_weights` of SegRefinerSemantic  

denoise_model.output_blocks.12.0.out_layers.3.bias - torch.Size([128]): 
The value is the same before and after calling `init_weights` of SegRefinerSemantic  

denoise_model.output_blocks.12.0.skip_connection.weight - torch.Size([128, 384, 1, 1]): 
The value is the same before and after calling `init_weights` of SegRefinerSemantic  

denoise_model.output_blocks.12.0.skip_connection.bias - torch.Size([128]): 
The value is the same before and after calling `init_weights` of SegRefinerSemantic  

denoise_model.output_blocks.13.0.in_layers.0.weight - torch.Size([256]): 
The value is the same before and after calling `init_weights` of SegRefinerSemantic  

denoise_model.output_blocks.13.0.in_layers.0.bias - torch.Size([256]): 
The value is the same before and after calling `init_weights` of SegRefinerSemantic  

denoise_model.output_blocks.13.0.in_layers.2.weight - torch.Size([128, 256, 3, 3]): 
The value is the same before and after calling `init_weights` of SegRefinerSemantic  

denoise_model.output_blocks.13.0.in_layers.2.bias - torch.Size([128]): 
The value is the same before and after calling `init_weights` of SegRefinerSemantic  

denoise_model.output_blocks.13.0.emb_layers.1.weight - torch.Size([128, 512]): 
The value is the same before and after calling `init_weights` of SegRefinerSemantic  

denoise_model.output_blocks.13.0.emb_layers.1.bias - torch.Size([128]): 
The value is the same before and after calling `init_weights` of SegRefinerSemantic  

denoise_model.output_blocks.13.0.out_layers.0.weight - torch.Size([128]): 
The value is the same before and after calling `init_weights` of SegRefinerSemantic  

denoise_model.output_blocks.13.0.out_layers.0.bias - torch.Size([128]): 
The value is the same before and after calling `init_weights` of SegRefinerSemantic  

denoise_model.output_blocks.13.0.out_layers.3.weight - torch.Size([128, 128, 3, 3]): 
The value is the same before and after calling `init_weights` of SegRefinerSemantic  

denoise_model.output_blocks.13.0.out_layers.3.bias - torch.Size([128]): 
The value is the same before and after calling `init_weights` of SegRefinerSemantic  

denoise_model.output_blocks.13.0.skip_connection.weight - torch.Size([128, 256, 1, 1]): 
The value is the same before and after calling `init_weights` of SegRefinerSemantic  

denoise_model.output_blocks.13.0.skip_connection.bias - torch.Size([128]): 
The value is the same before and after calling `init_weights` of SegRefinerSemantic  

denoise_model.output_blocks.14.0.in_layers.0.weight - torch.Size([256]): 
The value is the same before and after calling `init_weights` of SegRefinerSemantic  

denoise_model.output_blocks.14.0.in_layers.0.bias - torch.Size([256]): 
The value is the same before and after calling `init_weights` of SegRefinerSemantic  

denoise_model.output_blocks.14.0.in_layers.2.weight - torch.Size([128, 256, 3, 3]): 
The value is the same before and after calling `init_weights` of SegRefinerSemantic  

denoise_model.output_blocks.14.0.in_layers.2.bias - torch.Size([128]): 
The value is the same before and after calling `init_weights` of SegRefinerSemantic  

denoise_model.output_blocks.14.0.emb_layers.1.weight - torch.Size([128, 512]): 
The value is the same before and after calling `init_weights` of SegRefinerSemantic  

denoise_model.output_blocks.14.0.emb_layers.1.bias - torch.Size([128]): 
The value is the same before and after calling `init_weights` of SegRefinerSemantic  

denoise_model.output_blocks.14.0.out_layers.0.weight - torch.Size([128]): 
The value is the same before and after calling `init_weights` of SegRefinerSemantic  

denoise_model.output_blocks.14.0.out_layers.0.bias - torch.Size([128]): 
The value is the same before and after calling `init_weights` of SegRefinerSemantic  

denoise_model.output_blocks.14.0.out_layers.3.weight - torch.Size([128, 128, 3, 3]): 
The value is the same before and after calling `init_weights` of SegRefinerSemantic  

denoise_model.output_blocks.14.0.out_layers.3.bias - torch.Size([128]): 
The value is the same before and after calling `init_weights` of SegRefinerSemantic  

denoise_model.output_blocks.14.0.skip_connection.weight - torch.Size([128, 256, 1, 1]): 
The value is the same before and after calling `init_weights` of SegRefinerSemantic  

denoise_model.output_blocks.14.0.skip_connection.bias - torch.Size([128]): 
The value is the same before and after calling `init_weights` of SegRefinerSemantic  

denoise_model.output_blocks.14.1.conv.weight - torch.Size([128, 128, 3, 3]): 
The value is the same before and after calling `init_weights` of SegRefinerSemantic  

denoise_model.output_blocks.14.1.conv.bias - torch.Size([128]): 
The value is the same before and after calling `init_weights` of SegRefinerSemantic  

denoise_model.output_blocks.15.0.in_layers.0.weight - torch.Size([256]): 
The value is the same before and after calling `init_weights` of SegRefinerSemantic  

denoise_model.output_blocks.15.0.in_layers.0.bias - torch.Size([256]): 
The value is the same before and after calling `init_weights` of SegRefinerSemantic  

denoise_model.output_blocks.15.0.in_layers.2.weight - torch.Size([128, 256, 3, 3]): 
The value is the same before and after calling `init_weights` of SegRefinerSemantic  

denoise_model.output_blocks.15.0.in_layers.2.bias - torch.Size([128]): 
The value is the same before and after calling `init_weights` of SegRefinerSemantic  

denoise_model.output_blocks.15.0.emb_layers.1.weight - torch.Size([128, 512]): 
The value is the same before and after calling `init_weights` of SegRefinerSemantic  

denoise_model.output_blocks.15.0.emb_layers.1.bias - torch.Size([128]): 
The value is the same before and after calling `init_weights` of SegRefinerSemantic  

denoise_model.output_blocks.15.0.out_layers.0.weight - torch.Size([128]): 
The value is the same before and after calling `init_weights` of SegRefinerSemantic  

denoise_model.output_blocks.15.0.out_layers.0.bias - torch.Size([128]): 
The value is the same before and after calling `init_weights` of SegRefinerSemantic  

denoise_model.output_blocks.15.0.out_layers.3.weight - torch.Size([128, 128, 3, 3]): 
The value is the same before and after calling `init_weights` of SegRefinerSemantic  

denoise_model.output_blocks.15.0.out_layers.3.bias - torch.Size([128]): 
The value is the same before and after calling `init_weights` of SegRefinerSemantic  

denoise_model.output_blocks.15.0.skip_connection.weight - torch.Size([128, 256, 1, 1]): 
The value is the same before and after calling `init_weights` of SegRefinerSemantic  

denoise_model.output_blocks.15.0.skip_connection.bias - torch.Size([128]): 
The value is the same before and after calling `init_weights` of SegRefinerSemantic  

denoise_model.output_blocks.16.0.in_layers.0.weight - torch.Size([256]): 
The value is the same before and after calling `init_weights` of SegRefinerSemantic  

denoise_model.output_blocks.16.0.in_layers.0.bias - torch.Size([256]): 
The value is the same before and after calling `init_weights` of SegRefinerSemantic  

denoise_model.output_blocks.16.0.in_layers.2.weight - torch.Size([128, 256, 3, 3]): 
The value is the same before and after calling `init_weights` of SegRefinerSemantic  

denoise_model.output_blocks.16.0.in_layers.2.bias - torch.Size([128]): 
The value is the same before and after calling `init_weights` of SegRefinerSemantic  

denoise_model.output_blocks.16.0.emb_layers.1.weight - torch.Size([128, 512]): 
The value is the same before and after calling `init_weights` of SegRefinerSemantic  

denoise_model.output_blocks.16.0.emb_layers.1.bias - torch.Size([128]): 
The value is the same before and after calling `init_weights` of SegRefinerSemantic  

denoise_model.output_blocks.16.0.out_layers.0.weight - torch.Size([128]): 
The value is the same before and after calling `init_weights` of SegRefinerSemantic  

denoise_model.output_blocks.16.0.out_layers.0.bias - torch.Size([128]): 
The value is the same before and after calling `init_weights` of SegRefinerSemantic  

denoise_model.output_blocks.16.0.out_layers.3.weight - torch.Size([128, 128, 3, 3]): 
The value is the same before and after calling `init_weights` of SegRefinerSemantic  

denoise_model.output_blocks.16.0.out_layers.3.bias - torch.Size([128]): 
The value is the same before and after calling `init_weights` of SegRefinerSemantic  

denoise_model.output_blocks.16.0.skip_connection.weight - torch.Size([128, 256, 1, 1]): 
The value is the same before and after calling `init_weights` of SegRefinerSemantic  

denoise_model.output_blocks.16.0.skip_connection.bias - torch.Size([128]): 
The value is the same before and after calling `init_weights` of SegRefinerSemantic  

denoise_model.output_blocks.17.0.in_layers.0.weight - torch.Size([256]): 
The value is the same before and after calling `init_weights` of SegRefinerSemantic  

denoise_model.output_blocks.17.0.in_layers.0.bias - torch.Size([256]): 
The value is the same before and after calling `init_weights` of SegRefinerSemantic  

denoise_model.output_blocks.17.0.in_layers.2.weight - torch.Size([128, 256, 3, 3]): 
The value is the same before and after calling `init_weights` of SegRefinerSemantic  

denoise_model.output_blocks.17.0.in_layers.2.bias - torch.Size([128]): 
The value is the same before and after calling `init_weights` of SegRefinerSemantic  

denoise_model.output_blocks.17.0.emb_layers.1.weight - torch.Size([128, 512]): 
The value is the same before and after calling `init_weights` of SegRefinerSemantic  

denoise_model.output_blocks.17.0.emb_layers.1.bias - torch.Size([128]): 
The value is the same before and after calling `init_weights` of SegRefinerSemantic  

denoise_model.output_blocks.17.0.out_layers.0.weight - torch.Size([128]): 
The value is the same before and after calling `init_weights` of SegRefinerSemantic  

denoise_model.output_blocks.17.0.out_layers.0.bias - torch.Size([128]): 
The value is the same before and after calling `init_weights` of SegRefinerSemantic  

denoise_model.output_blocks.17.0.out_layers.3.weight - torch.Size([128, 128, 3, 3]): 
The value is the same before and after calling `init_weights` of SegRefinerSemantic  

denoise_model.output_blocks.17.0.out_layers.3.bias - torch.Size([128]): 
The value is the same before and after calling `init_weights` of SegRefinerSemantic  

denoise_model.output_blocks.17.0.skip_connection.weight - torch.Size([128, 256, 1, 1]): 
The value is the same before and after calling `init_weights` of SegRefinerSemantic  

denoise_model.output_blocks.17.0.skip_connection.bias - torch.Size([128]): 
The value is the same before and after calling `init_weights` of SegRefinerSemantic  

denoise_model.out.0.weight - torch.Size([128]): 
The value is the same before and after calling `init_weights` of SegRefinerSemantic  

denoise_model.out.0.bias - torch.Size([128]): 
The value is the same before and after calling `init_weights` of SegRefinerSemantic  

denoise_model.out.2.weight - torch.Size([1, 128, 3, 3]): 
The value is the same before and after calling `init_weights` of SegRefinerSemantic  

denoise_model.out.2.bias - torch.Size([1]): 
The value is the same before and after calling `init_weights` of SegRefinerSemantic  

loss_texture.sobel.conv_x.weight - torch.Size([1, 1, 3, 3]): 
The value is the same before and after calling `init_weights` of SegRefinerSemantic  

loss_texture.sobel.conv_y.weight - torch.Size([1, 1, 3, 3]): 
The value is the same before and after calling `init_weights` of SegRefinerSemantic  
2026-04-29 14:37:22,067 - mmdet - INFO - Automatic scaling of learning rate (LR) has been disabled.
2026-04-29 14:37:22,070 - mmdet - INFO - Start running, host: ubuntu@ip-172-31-22-110, work_dir: /home/ubuntu/vy/Denoiser/SegRefiner/work_dirs/exp8_all
2026-04-29 14:37:22,071 - mmdet - INFO - Hooks will be executed in the following order:
before_run:
(VERY_HIGH   ) StepLrUpdaterHook                  
(NORMAL      ) CheckpointHook                     
(VERY_LOW    ) TextLoggerHook                     
 -------------------- 
before_train_epoch:
(VERY_HIGH   ) StepLrUpdaterHook                  
(LOW         ) IterTimerHook                      
(VERY_LOW    ) TextLoggerHook                     
 -------------------- 
before_train_iter:
(VERY_HIGH   ) StepLrUpdaterHook                  
(LOW         ) IterTimerHook                      
 -------------------- 
after_train_iter:
(ABOVE_NORMAL) OptimizerHook                      
(NORMAL      ) CheckpointHook                     
(LOW         ) IterTimerHook                      
(LOW         ) OEMBuildingEvalHook                
(VERY_LOW    ) TextLoggerHook                     
 -------------------- 
after_train_epoch:
(NORMAL      ) CheckpointHook                     
(VERY_LOW    ) TextLoggerHook                     
 -------------------- 
before_val_epoch:
(LOW         ) IterTimerHook                      
(VERY_LOW    ) TextLoggerHook                     
 -------------------- 
before_val_iter:
(LOW         ) IterTimerHook                      
 -------------------- 
after_val_iter:
(LOW         ) IterTimerHook                      
 -------------------- 
after_val_epoch:
(VERY_LOW    ) TextLoggerHook                     
 -------------------- 
after_run:
(VERY_LOW    ) TextLoggerHook                     
 -------------------- 
2026-04-29 14:37:22,071 - mmdet - INFO - workflow: [('train', 1)], max: 30000 iters
2026-04-29 14:37:22,071 - mmdet - INFO - Checkpoints will be saved to /home/ubuntu/vy/Denoiser/SegRefiner/work_dirs/exp8_all by HardDiskBackend.
2026-04-29 14:37:51,864 - mmdet - INFO - Iter [25/30000]	lr: 1.000e-04, eta: 9:48:30, time: 1.178, data_time: 0.072, memory: 37111, loss_mask: 0.7113, loss_texture: 0.0980, iou: 0.3076, loss: 0.8094
2026-04-29 14:38:19,536 - mmdet - INFO - Iter [50/30000]	lr: 1.000e-04, eta: 9:30:16, time: 1.107, data_time: 0.012, memory: 37111, loss_mask: 0.4780, loss_texture: 0.0886, iou: 0.4753, loss: 0.5666
2026-04-29 14:38:47,308 - mmdet - INFO - Iter [75/30000]	lr: 1.000e-04, eta: 9:24:32, time: 1.111, data_time: 0.012, memory: 37111, loss_mask: 0.4159, loss_texture: 0.0944, iou: 0.5612, loss: 0.5102
2026-04-29 14:39:15,054 - mmdet - INFO - Iter [100/30000]	lr: 1.000e-04, eta: 9:21:19, time: 1.110, data_time: 0.011, memory: 37111, loss_mask: 0.3682, loss_texture: 0.0847, iou: 0.6025, loss: 0.4529
2026-04-29 14:39:43,086 - mmdet - INFO - Iter [125/30000]	lr: 1.000e-04, eta: 9:20:20, time: 1.121, data_time: 0.012, memory: 37111, loss_mask: 0.3772, loss_texture: 0.0932, iou: 0.6110, loss: 0.4705
2026-04-29 14:40:11,063 - mmdet - INFO - Iter [150/30000]	lr: 1.000e-04, eta: 9:19:21, time: 1.119, data_time: 0.012, memory: 37111, loss_mask: 0.3180, loss_texture: 0.0810, iou: 0.6247, loss: 0.3991
2026-04-29 14:40:38,679 - mmdet - INFO - Iter [175/30000]	lr: 1.000e-04, eta: 9:17:29, time: 1.105, data_time: 0.012, memory: 37111, loss_mask: 0.3150, loss_texture: 0.0799, iou: 0.6314, loss: 0.3949
2026-04-29 14:41:06,412 - mmdet - INFO - Iter [200/30000]	lr: 1.000e-04, eta: 9:16:15, time: 1.109, data_time: 0.012, memory: 37111, loss_mask: 0.3057, loss_texture: 0.0789, iou: 0.6481, loss: 0.3847
2026-04-29 14:41:33,953 - mmdet - INFO - Iter [225/30000]	lr: 1.000e-04, eta: 9:14:46, time: 1.102, data_time: 0.012, memory: 37111, loss_mask: 0.3149, loss_texture: 0.0813, iou: 0.6289, loss: 0.3962
2026-04-29 14:42:01,461 - mmdet - INFO - Iter [250/30000]	lr: 1.000e-04, eta: 9:13:26, time: 1.100, data_time: 0.012, memory: 37111, loss_mask: 0.2708, loss_texture: 0.0740, iou: 0.6694, loss: 0.3448
2026-04-29 14:42:29,091 - mmdet - INFO - Iter [275/30000]	lr: 1.000e-04, eta: 9:12:28, time: 1.105, data_time: 0.012, memory: 37111, loss_mask: 0.2434, loss_texture: 0.0731, iou: 0.6911, loss: 0.3165
2026-04-29 14:42:56,844 - mmdet - INFO - Iter [300/30000]	lr: 1.000e-04, eta: 9:11:48, time: 1.110, data_time: 0.011, memory: 37111, loss_mask: 0.2439, loss_texture: 0.0711, iou: 0.7077, loss: 0.3150
2026-04-29 14:43:24,423 - mmdet - INFO - Iter [325/30000]	lr: 1.000e-04, eta: 9:10:54, time: 1.103, data_time: 0.012, memory: 37111, loss_mask: 0.2343, loss_texture: 0.0674, iou: 0.7169, loss: 0.3017
2026-04-29 14:43:52,020 - mmdet - INFO - Iter [350/30000]	lr: 1.000e-04, eta: 9:10:05, time: 1.104, data_time: 0.012, memory: 37111, loss_mask: 0.2398, loss_texture: 0.0689, iou: 0.6869, loss: 0.3087
2026-04-29 14:44:19,640 - mmdet - INFO - Iter [375/30000]	lr: 1.000e-04, eta: 9:09:20, time: 1.105, data_time: 0.012, memory: 37111, loss_mask: 0.2465, loss_texture: 0.0652, iou: 0.6996, loss: 0.3117
2026-04-29 14:44:47,310 - mmdet - INFO - Iter [400/30000]	lr: 1.000e-04, eta: 9:08:42, time: 1.107, data_time: 0.012, memory: 37111, loss_mask: 0.2343, loss_texture: 0.0707, iou: 0.7475, loss: 0.3050
2026-04-29 14:45:14,906 - mmdet - INFO - Iter [425/30000]	lr: 1.000e-04, eta: 9:07:59, time: 1.104, data_time: 0.012, memory: 37111, loss_mask: 0.2356, loss_texture: 0.0685, iou: 0.7297, loss: 0.3041
2026-04-29 14:45:42,496 - mmdet - INFO - Iter [450/30000]	lr: 1.000e-04, eta: 9:07:18, time: 1.104, data_time: 0.012, memory: 37111, loss_mask: 0.2113, loss_texture: 0.0585, iou: 0.7118, loss: 0.2698
2026-04-29 14:46:10,130 - mmdet - INFO - Iter [475/30000]	lr: 1.000e-04, eta: 9:06:41, time: 1.105, data_time: 0.012, memory: 37111, loss_mask: 0.2456, loss_texture: 0.0684, iou: 0.7115, loss: 0.3140
2026-04-29 14:46:37,542 - mmdet - INFO - Validation set: 218 images
2026-04-29 14:46:37,542 - mmdet - INFO - 
--- Val evaluation at iter 500 ---
2026-04-29 14:48:31,790 - mmdet - INFO - 
+------------+-------------+-------------+
| Class      | Val IoU     | Pseudo IoU  |
+------------+-------------+-------------+
| background | 90.36       | 92.68       |
| building   | 56.36       | 69.14       |
| Summary    | mIoU: 73.36 | mIoU: 80.91 |
+------------+-------------+-------------+
Images evaluated: 218
2026-04-29 14:48:33,381 - mmdet - INFO - ★ New best mIoU: 73.36% (prev: 0.00%, Δ=+73.36%) → saved to /home/ubuntu/vy/Denoiser/SegRefiner/work_dirs/exp8_all/best_model.pth
2026-04-29 14:48:33,386 - mmdet - INFO - Iter [500/30000]	lr: 1.000e-04, eta: 9:05:52, time: 1.096, data_time: 0.012, memory: 37111, val/mIoU: 0.7336, val/IoU.building: 0.5636, val/IoU.background: 0.9036, val/Pseudo_mIoU: 0.8091, loss_mask: 0.1995, loss_texture: 0.0582, iou: 0.7308, loss: 0.2577
2026-04-29 14:49:01,023 - mmdet - INFO - Iter [525/30000]	lr: 1.000e-04, eta: 10:53:41, time: 5.739, data_time: 4.648, memory: 37111, loss_mask: 0.1982, loss_texture: 0.0562, iou: 0.7551, loss: 0.2544
2026-04-29 14:49:28,661 - mmdet - INFO - Iter [550/30000]	lr: 1.000e-04, eta: 10:48:07, time: 1.106, data_time: 0.011, memory: 37111, loss_mask: 0.2115, loss_texture: 0.0611, iou: 0.7626, loss: 0.2727
2026-04-29 14:49:56,346 - mmdet - INFO - Iter [575/30000]	lr: 1.000e-04, eta: 10:43:01, time: 1.107, data_time: 0.012, memory: 37111, loss_mask: 0.2050, loss_texture: 0.0548, iou: 0.7347, loss: 0.2598
2026-04-29 14:50:23,955 - mmdet - INFO - Iter [600/30000]	lr: 1.000e-04, eta: 10:38:15, time: 1.104, data_time: 0.012, memory: 37111, loss_mask: 0.2127, loss_texture: 0.0571, iou: 0.7119, loss: 0.2698
2026-04-29 14:50:51,559 - mmdet - INFO - Iter [625/30000]	lr: 1.000e-04, eta: 10:33:49, time: 1.104, data_time: 0.012, memory: 37111, loss_mask: 0.2389, loss_texture: 0.0654, iou: 0.7325, loss: 0.3043
2026-04-29 14:51:19,089 - mmdet - INFO - Iter [650/30000]	lr: 1.000e-04, eta: 10:29:38, time: 1.101, data_time: 0.012, memory: 37111, loss_mask: 0.2317, loss_texture: 0.0601, iou: 0.7213, loss: 0.2918
2026-04-29 14:51:46,833 - mmdet - INFO - Iter [675/30000]	lr: 1.000e-04, eta: 10:25:54, time: 1.110, data_time: 0.013, memory: 37111, loss_mask: 0.1968, loss_texture: 0.0577, iou: 0.7496, loss: 0.2545
2026-04-29 14:52:14,409 - mmdet - INFO - Iter [700/30000]	lr: 1.000e-04, eta: 10:22:16, time: 1.103, data_time: 0.012, memory: 37111, loss_mask: 0.1866, loss_texture: 0.0528, iou: 0.7660, loss: 0.2394
2026-04-29 14:52:41,769 - mmdet - INFO - Iter [725/30000]	lr: 1.000e-04, eta: 10:18:42, time: 1.094, data_time: 0.011, memory: 37111, loss_mask: 0.1768, loss_texture: 0.0502, iou: 0.7623, loss: 0.2270
2026-04-29 14:53:09,198 - mmdet - INFO - Iter [750/30000]	lr: 1.000e-04, eta: 10:15:24, time: 1.097, data_time: 0.012, memory: 37111, loss_mask: 0.1808, loss_texture: 0.0520, iou: 0.7578, loss: 0.2328
2026-04-29 14:53:36,619 - mmdet - INFO - Iter [775/30000]	lr: 1.000e-04, eta: 10:12:16, time: 1.097, data_time: 0.012, memory: 37111, loss_mask: 0.1919, loss_texture: 0.0504, iou: 0.7331, loss: 0.2423
2026-04-29 14:54:04,016 - mmdet - INFO - Iter [800/30000]	lr: 1.000e-04, eta: 10:09:18, time: 1.096, data_time: 0.011, memory: 37111, loss_mask: 0.1872, loss_texture: 0.0529, iou: 0.7573, loss: 0.2401
2026-04-29 14:54:31,363 - mmdet - INFO - Iter [825/30000]	lr: 1.000e-04, eta: 10:06:27, time: 1.094, data_time: 0.011, memory: 37111, loss_mask: 0.1756, loss_texture: 0.0519, iou: 0.7804, loss: 0.2275
2026-04-29 14:54:58,669 - mmdet - INFO - Iter [850/30000]	lr: 1.000e-04, eta: 10:03:43, time: 1.092, data_time: 0.011, memory: 37111, loss_mask: 0.1661, loss_texture: 0.0501, iou: 0.7767, loss: 0.2162
2026-04-29 14:55:26,103 - mmdet - INFO - Iter [875/30000]	lr: 1.000e-04, eta: 10:01:11, time: 1.097, data_time: 0.012, memory: 37111, loss_mask: 0.2148, loss_texture: 0.0572, iou: 0.7351, loss: 0.2720
2026-04-29 14:55:53,460 - mmdet - INFO - Iter [900/30000]	lr: 1.000e-04, eta: 9:58:43, time: 1.094, data_time: 0.011, memory: 37111, loss_mask: 0.1961, loss_texture: 0.0534, iou: 0.7336, loss: 0.2496
2026-04-29 14:56:20,921 - mmdet - INFO - Iter [925/30000]	lr: 1.000e-04, eta: 9:56:25, time: 1.098, data_time: 0.012, memory: 37111, loss_mask: 0.2001, loss_texture: 0.0555, iou: 0.7186, loss: 0.2555
2026-04-29 14:56:48,363 - mmdet - INFO - Iter [950/30000]	lr: 1.000e-04, eta: 9:54:13, time: 1.098, data_time: 0.012, memory: 37111, loss_mask: 0.2095, loss_texture: 0.0582, iou: 0.7383, loss: 0.2677
2026-04-29 14:57:15,769 - mmdet - INFO - Iter [975/30000]	lr: 1.000e-04, eta: 9:52:05, time: 1.096, data_time: 0.012, memory: 37111, loss_mask: 0.1598, loss_texture: 0.0456, iou: 0.7857, loss: 0.2053
2026-04-29 14:57:43,145 - mmdet - INFO - 
--- Val evaluation at iter 1000 ---
2026-04-29 14:59:36,168 - mmdet - INFO - 
+------------+-------------+-------------+
| Class      | Val IoU     | Pseudo IoU  |
+------------+-------------+-------------+
| background | 89.19       | 92.68       |
| building   | 55.51       | 69.14       |
| Summary    | mIoU: 72.35 | mIoU: 80.91 |
+------------+-------------+-------------+
Images evaluated: 218
2026-04-29 14:59:37,631 - mmdet - INFO - Exp name: exp8_all.py
2026-04-29 14:59:37,631 - mmdet - INFO - Iter [1000/30000]	lr: 1.000e-04, eta: 9:50:01, time: 1.095, data_time: 0.011, memory: 37111, val/mIoU: 0.7235, val/IoU.building: 0.5551, val/IoU.background: 0.8919, val/Pseudo_mIoU: 0.8091, loss_mask: 0.1903, loss_texture: 0.0539, iou: 0.7611, loss: 0.2442
2026-04-29 15:00:05,037 - mmdet - INFO - Iter [1025/30000]	lr: 1.000e-04, eta: 10:41:58, time: 5.676, data_time: 4.591, memory: 37111, loss_mask: 0.1770, loss_texture: 0.0524, iou: 0.7929, loss: 0.2294
2026-04-29 15:00:32,423 - mmdet - INFO - Iter [1050/30000]	lr: 1.000e-04, eta: 10:38:44, time: 1.095, data_time: 0.011, memory: 37111, loss_mask: 0.1782, loss_texture: 0.0524, iou: 0.7788, loss: 0.2306
2026-04-29 15:00:59,799 - mmdet - INFO - Iter [1075/30000]	lr: 1.000e-04, eta: 10:35:37, time: 1.095, data_time: 0.012, memory: 37111, loss_mask: 0.1575, loss_texture: 0.0452, iou: 0.8005, loss: 0.2027
2026-04-29 15:01:27,115 - mmdet - INFO - Iter [1100/30000]	lr: 1.000e-04, eta: 10:32:36, time: 1.093, data_time: 0.011, memory: 37111, loss_mask: 0.1711, loss_texture: 0.0482, iou: 0.7535, loss: 0.2193
2026-04-29 15:01:54,488 - mmdet - INFO - Iter [1125/30000]	lr: 1.000e-04, eta: 10:29:43, time: 1.095, data_time: 0.011, memory: 37111, loss_mask: 0.1855, loss_texture: 0.0506, iou: 0.7653, loss: 0.2361
2026-04-29 15:02:21,943 - mmdet - INFO - Iter [1150/30000]	lr: 1.000e-04, eta: 10:26:58, time: 1.098, data_time: 0.012, memory: 37111, loss_mask: 0.1674, loss_texture: 0.0507, iou: 0.7851, loss: 0.2181
2026-04-29 15:02:49,909 - mmdet - INFO - Iter [1175/30000]	lr: 1.000e-04, eta: 10:24:32, time: 1.119, data_time: 0.014, memory: 37111, loss_mask: 0.1636, loss_texture: 0.0487, iou: 0.7734, loss: 0.2123
2026-04-29 15:03:17,667 - mmdet - INFO - Iter [1200/30000]	lr: 1.000e-04, eta: 10:22:05, time: 1.110, data_time: 0.013, memory: 37111, loss_mask: 0.1701, loss_texture: 0.0506, iou: 0.7877, loss: 0.2207
2026-04-29 15:03:45,216 - mmdet - INFO - Iter [1225/30000]	lr: 1.000e-04, eta: 10:19:39, time: 1.102, data_time: 0.012, memory: 37111, loss_mask: 0.1644, loss_texture: 0.0482, iou: 0.7774, loss: 0.2126
2026-04-29 15:04:12,599 - mmdet - INFO - Iter [1250/30000]	lr: 1.000e-04, eta: 10:17:14, time: 1.095, data_time: 0.011, memory: 37111, loss_mask: 0.1737, loss_texture: 0.0488, iou: 0.7854, loss: 0.2226
2026-04-29 15:04:40,034 - mmdet - INFO - Iter [1275/30000]	lr: 1.000e-04, eta: 10:14:54, time: 1.097, data_time: 0.012, memory: 37111, loss_mask: 0.1599, loss_texture: 0.0488, iou: 0.7870, loss: 0.2087
2026-04-29 15:05:07,592 - mmdet - INFO - Iter [1300/30000]	lr: 1.000e-04, eta: 10:12:41, time: 1.102, data_time: 0.011, memory: 37111, loss_mask: 0.1813, loss_texture: 0.0535, iou: 0.7623, loss: 0.2348
2026-04-29 15:05:34,983 - mmdet - INFO - Iter [1325/30000]	lr: 1.000e-04, eta: 10:10:29, time: 1.096, data_time: 0.011, memory: 37111, loss_mask: 0.1725, loss_texture: 0.0464, iou: 0.7773, loss: 0.2189
2026-04-29 15:06:02,664 - mmdet - INFO - Iter [1350/30000]	lr: 1.000e-04, eta: 10:08:27, time: 1.107, data_time: 0.012, memory: 37111, loss_mask: 0.1893, loss_texture: 0.0507, iou: 0.7762, loss: 0.2400
2026-04-29 15:06:30,352 - mmdet - INFO - Iter [1375/30000]	lr: 1.000e-04, eta: 10:06:28, time: 1.107, data_time: 0.012, memory: 37111, loss_mask: 0.1810, loss_texture: 0.0493, iou: 0.7685, loss: 0.2302
2026-04-29 15:06:58,013 - mmdet - INFO - Iter [1400/30000]	lr: 1.000e-04, eta: 10:04:32, time: 1.106, data_time: 0.011, memory: 37111, loss_mask: 0.1571, loss_texture: 0.0470, iou: 0.7893, loss: 0.2040
2026-04-29 15:07:25,601 - mmdet - INFO - Iter [1425/30000]	lr: 1.000e-04, eta: 10:02:38, time: 1.104, data_time: 0.012, memory: 37111, loss_mask: 0.1865, loss_texture: 0.0527, iou: 0.7711, loss: 0.2392
2026-04-29 15:07:53,171 - mmdet - INFO - Iter [1450/30000]	lr: 1.000e-04, eta: 10:00:46, time: 1.103, data_time: 0.011, memory: 37111, loss_mask: 0.1480, loss_texture: 0.0473, iou: 0.8052, loss: 0.1953
2026-04-29 15:08:20,758 - mmdet - INFO - Iter [1475/30000]	lr: 1.000e-04, eta: 9:58:58, time: 1.103, data_time: 0.012, memory: 37111, loss_mask: 0.1685, loss_texture: 0.0497, iou: 0.7946, loss: 0.2182
2026-04-29 15:08:48,325 - mmdet - INFO - 
--- Val evaluation at iter 1500 ---
2026-04-29 15:10:43,520 - mmdet - INFO - 
+------------+-------------+-------------+
| Class      | Val IoU     | Pseudo IoU  |
+------------+-------------+-------------+
| background | 89.70       | 92.68       |
| building   | 61.75       | 69.14       |
| Summary    | mIoU: 75.72 | mIoU: 80.91 |
+------------+-------------+-------------+
Images evaluated: 218
2026-04-29 15:10:46,542 - mmdet - INFO - ★ New best mIoU: 75.72% (prev: 73.36%, Δ=+2.36%) → saved to /home/ubuntu/vy/Denoiser/SegRefiner/work_dirs/exp8_all/best_model.pth
2026-04-29 15:10:46,548 - mmdet - INFO - Iter [1500/30000]	lr: 1.000e-04, eta: 9:57:12, time: 1.103, data_time: 0.011, memory: 37111, val/mIoU: 0.7572, val/IoU.building: 0.6175, val/IoU.background: 0.8970, val/Pseudo_mIoU: 0.8091, loss_mask: 0.1914, loss_texture: 0.0547, iou: 0.7733, loss: 0.2461
2026-04-29 15:11:14,077 - mmdet - INFO - Iter [1525/30000]	lr: 1.000e-04, eta: 10:32:15, time: 5.830, data_time: 4.741, memory: 37111, loss_mask: 0.1565, loss_texture: 0.0461, iou: 0.7870, loss: 0.2026
2026-04-29 15:11:41,673 - mmdet - INFO - Iter [1550/30000]	lr: 1.000e-04, eta: 10:29:57, time: 1.104, data_time: 0.012, memory: 37111, loss_mask: 0.1435, loss_texture: 0.0447, iou: 0.7806, loss: 0.1883
2026-04-29 15:12:09,207 - mmdet - INFO - Iter [1575/30000]	lr: 1.000e-04, eta: 10:27:41, time: 1.101, data_time: 0.012, memory: 37111, loss_mask: 0.1455, loss_texture: 0.0415, iou: 0.7732, loss: 0.1870
2026-04-29 15:12:36,741 - mmdet - INFO - Iter [1600/30000]	lr: 1.000e-04, eta: 10:25:29, time: 1.101, data_time: 0.012, memory: 37111, loss_mask: 0.1436, loss_texture: 0.0478, iou: 0.7984, loss: 0.1914
2026-04-29 15:13:04,389 - mmdet - INFO - Iter [1625/30000]	lr: 1.000e-04, eta: 10:23:22, time: 1.106, data_time: 0.011, memory: 37111, loss_mask: 0.1688, loss_texture: 0.0502, iou: 0.8037, loss: 0.2189
2026-04-29 15:13:31,974 - mmdet - INFO - Iter [1650/30000]	lr: 1.000e-04, eta: 10:21:16, time: 1.103, data_time: 0.011, memory: 37111, loss_mask: 0.1695, loss_texture: 0.0487, iou: 0.7874, loss: 0.2182
2026-04-29 15:13:59,477 - mmdet - INFO - Iter [1675/30000]	lr: 1.000e-04, eta: 10:19:13, time: 1.100, data_time: 0.012, memory: 37111, loss_mask: 0.1504, loss_texture: 0.0454, iou: 0.7968, loss: 0.1957
2026-04-29 15:14:26,925 - mmdet - INFO - Iter [1700/30000]	lr: 1.000e-04, eta: 10:17:11, time: 1.098, data_time: 0.012, memory: 37111, loss_mask: 0.1547, loss_texture: 0.0455, iou: 0.7845, loss: 0.2002
2026-04-29 15:14:54,305 - mmdet - INFO - Iter [1725/30000]	lr: 1.000e-04, eta: 10:15:11, time: 1.095, data_time: 0.012, memory: 37111, loss_mask: 0.1505, loss_texture: 0.0465, iou: 0.8028, loss: 0.1970
2026-04-29 15:15:21,817 - mmdet - INFO - Iter [1750/30000]	lr: 1.000e-04, eta: 10:13:15, time: 1.100, data_time: 0.011, memory: 37111, loss_mask: 0.1723, loss_texture: 0.0529, iou: 0.7917, loss: 0.2252
2026-04-29 15:15:49,215 - mmdet - INFO - Iter [1775/30000]	lr: 1.000e-04, eta: 10:11:21, time: 1.096, data_time: 0.012, memory: 37111, loss_mask: 0.1522, loss_texture: 0.0445, iou: 0.7934, loss: 0.1967
2026-04-29 15:16:16,847 - mmdet - INFO - Iter [1800/30000]	lr: 1.000e-04, eta: 10:09:32, time: 1.105, data_time: 0.011, memory: 37111, loss_mask: 0.1615, loss_texture: 0.0508, iou: 0.7840, loss: 0.2123
2026-04-29 15:16:44,363 - mmdet - INFO - Iter [1825/30000]	lr: 1.000e-04, eta: 10:07:44, time: 1.101, data_time: 0.011, memory: 37111, loss_mask: 0.1467, loss_texture: 0.0483, iou: 0.8119, loss: 0.1949
2026-04-29 15:17:11,965 - mmdet - INFO - Iter [1850/30000]	lr: 1.000e-04, eta: 10:05:59, time: 1.104, data_time: 0.011, memory: 37111, loss_mask: 0.1528, loss_texture: 0.0439, iou: 0.7959, loss: 0.1967
2026-04-29 15:17:39,420 - mmdet - INFO - Iter [1875/30000]	lr: 1.000e-04, eta: 10:04:14, time: 1.098, data_time: 0.012, memory: 37111, loss_mask: 0.1601, loss_texture: 0.0455, iou: 0.7795, loss: 0.2055
2026-04-29 15:18:06,827 - mmdet - INFO - Iter [1900/30000]	lr: 1.000e-04, eta: 10:02:31, time: 1.096, data_time: 0.012, memory: 37111, loss_mask: 0.1519, loss_texture: 0.0447, iou: 0.7819, loss: 0.1965
2026-04-29 15:18:34,391 - mmdet - INFO - Iter [1925/30000]	lr: 1.000e-04, eta: 10:00:52, time: 1.103, data_time: 0.012, memory: 37111, loss_mask: 0.1352, loss_texture: 0.0422, iou: 0.8135, loss: 0.1774
2026-04-29 15:19:01,889 - mmdet - INFO - Iter [1950/30000]	lr: 1.000e-04, eta: 9:59:13, time: 1.100, data_time: 0.012, memory: 37111, loss_mask: 0.1474, loss_texture: 0.0445, iou: 0.8021, loss: 0.1918
2026-04-29 15:19:29,433 - mmdet - INFO - Iter [1975/30000]	lr: 1.000e-04, eta: 9:57:37, time: 1.102, data_time: 0.012, memory: 37111, loss_mask: 0.1428, loss_texture: 0.0453, iou: 0.8072, loss: 0.1881
2026-04-29 15:19:57,087 - mmdet - INFO - 
--- Val evaluation at iter 2000 ---
2026-04-29 15:21:51,638 - mmdet - INFO - 
+------------+-------------+-------------+
| Class      | Val IoU     | Pseudo IoU  |
+------------+-------------+-------------+
| background | 90.59       | 92.68       |
| building   | 61.40       | 69.14       |
| Summary    | mIoU: 76.00 | mIoU: 80.91 |
+------------+-------------+-------------+
Images evaluated: 218
2026-04-29 15:21:54,450 - mmdet - INFO - ★ New best mIoU: 76.00% (prev: 75.72%, Δ=+0.28%) → saved to /home/ubuntu/vy/Denoiser/SegRefiner/work_dirs/exp8_all/best_model.pth
2026-04-29 15:21:54,455 - mmdet - INFO - Exp name: exp8_all.py
2026-04-29 15:21:54,455 - mmdet - INFO - Iter [2000/30000]	lr: 1.000e-04, eta: 9:56:05, time: 1.106, data_time: 0.011, memory: 37111, val/mIoU: 0.7600, val/IoU.building: 0.6140, val/IoU.background: 0.9059, val/Pseudo_mIoU: 0.8091, loss_mask: 0.1309, loss_texture: 0.0433, iou: 0.8339, loss: 0.1742
2026-04-29 15:22:22,078 - mmdet - INFO - Iter [2025/30000]	lr: 1.000e-04, eta: 10:21:35, time: 5.800, data_time: 4.706, memory: 37111, loss_mask: 0.1454, loss_texture: 0.0437, iou: 0.8094, loss: 0.1891
2026-04-29 15:22:49,748 - mmdet - INFO - Iter [2050/30000]	lr: 1.000e-04, eta: 10:19:44, time: 1.107, data_time: 0.012, memory: 37111, loss_mask: 0.1405, loss_texture: 0.0466, iou: 0.8086, loss: 0.1871
2026-04-29 15:23:17,425 - mmdet - INFO - Iter [2075/30000]	lr: 1.000e-04, eta: 10:17:56, time: 1.107, data_time: 0.012, memory: 37111, loss_mask: 0.1517, loss_texture: 0.0473, iou: 0.7971, loss: 0.1990
2026-04-29 15:23:44,951 - mmdet - INFO - Iter [2100/30000]	lr: 1.000e-04, eta: 10:16:07, time: 1.101, data_time: 0.011, memory: 37111, loss_mask: 0.1575, loss_texture: 0.0466, iou: 0.8175, loss: 0.2041
2026-04-29 15:24:12,615 - mmdet - INFO - Iter [2125/30000]	lr: 1.000e-04, eta: 10:14:23, time: 1.107, data_time: 0.011, memory: 37111, loss_mask: 0.1494, loss_texture: 0.0483, iou: 0.7916, loss: 0.1976
2026-04-29 15:24:40,189 - mmdet - INFO - Iter [2150/30000]	lr: 1.000e-04, eta: 10:12:38, time: 1.103, data_time: 0.012, memory: 37111, loss_mask: 0.1519, loss_texture: 0.0440, iou: 0.8155, loss: 0.1959
2026-04-29 15:25:07,784 - mmdet - INFO - Iter [2175/30000]	lr: 1.000e-04, eta: 10:10:56, time: 1.104, data_time: 0.012, memory: 37111, loss_mask: 0.1381, loss_texture: 0.0439, iou: 0.8066, loss: 0.1820
2026-04-29 15:25:35,250 - mmdet - INFO - Iter [2200/30000]	lr: 1.000e-04, eta: 10:09:14, time: 1.099, data_time: 0.011, memory: 37111, loss_mask: 0.1568, loss_texture: 0.0490, iou: 0.8006, loss: 0.2058
2026-04-29 15:26:02,891 - mmdet - INFO - Iter [2225/30000]	lr: 1.000e-04, eta: 10:07:36, time: 1.106, data_time: 0.012, memory: 37111, loss_mask: 0.1856, loss_texture: 0.0444, iou: 0.7673, loss: 0.2299
2026-04-29 15:26:30,521 - mmdet - INFO - Iter [2250/30000]	lr: 1.000e-04, eta: 10:05:59, time: 1.105, data_time: 0.012, memory: 37111, loss_mask: 0.1624, loss_texture: 0.0461, iou: 0.7736, loss: 0.2085
2026-04-29 15:26:57,951 - mmdet - INFO - Iter [2275/30000]	lr: 1.000e-04, eta: 10:04:22, time: 1.097, data_time: 0.012, memory: 37111, loss_mask: 0.1477, loss_texture: 0.0468, iou: 0.7935, loss: 0.1945
2026-04-29 15:27:25,336 - mmdet - INFO - Iter [2300/30000]	lr: 1.000e-04, eta: 10:02:45, time: 1.095, data_time: 0.011, memory: 37111, loss_mask: 0.1636, loss_texture: 0.0472, iou: 0.7782, loss: 0.2108
2026-04-29 15:27:52,791 - mmdet - INFO - Iter [2325/30000]	lr: 1.000e-04, eta: 10:01:11, time: 1.098, data_time: 0.011, memory: 37111, loss_mask: 0.1647, loss_texture: 0.0442, iou: 0.7863, loss: 0.2089
2026-04-29 15:28:20,276 - mmdet - INFO - Iter [2350/30000]	lr: 1.000e-04, eta: 9:59:38, time: 1.099, data_time: 0.012, memory: 37111, loss_mask: 0.1536, loss_texture: 0.0474, iou: 0.8041, loss: 0.2010
2026-04-29 15:28:47,750 - mmdet - INFO - Iter [2375/30000]	lr: 1.000e-04, eta: 9:58:07, time: 1.099, data_time: 0.012, memory: 37111, loss_mask: 0.1310, loss_texture: 0.0421, iou: 0.8074, loss: 0.1731
2026-04-29 15:29:15,311 - mmdet - INFO - Iter [2400/30000]	lr: 1.000e-04, eta: 9:56:38, time: 1.102, data_time: 0.012, memory: 37111, loss_mask: 0.2318, loss_texture: 0.0536, iou: 0.7334, loss: 0.2853
2026-04-29 15:29:43,081 - mmdet - INFO - Iter [2425/30000]	lr: 1.000e-04, eta: 9:55:12, time: 1.111, data_time: 0.011, memory: 37111, loss_mask: 0.1967, loss_texture: 0.0564, iou: 0.7612, loss: 0.2531
2026-04-29 15:30:10,618 - mmdet - INFO - Iter [2450/30000]	lr: 1.000e-04, eta: 9:53:45, time: 1.101, data_time: 0.011, memory: 37111, loss_mask: 0.1566, loss_texture: 0.0498, iou: 0.7915, loss: 0.2065
2026-04-29 15:30:38,063 - mmdet - INFO - Iter [2475/30000]	lr: 1.000e-04, eta: 9:52:19, time: 1.098, data_time: 0.012, memory: 37111, loss_mask: 0.1265, loss_texture: 0.0431, iou: 0.8326, loss: 0.1696
2026-04-29 15:31:05,478 - mmdet - INFO - 
--- Val evaluation at iter 2500 ---
2026-04-29 15:33:00,351 - mmdet - INFO - 
+------------+-------------+-------------+
| Class      | Val IoU     | Pseudo IoU  |
+------------+-------------+-------------+
| background | 89.02       | 92.68       |
| building   | 60.30       | 69.14       |
| Summary    | mIoU: 74.66 | mIoU: 80.91 |
+------------+-------------+-------------+
Images evaluated: 218
2026-04-29 15:33:01,786 - mmdet - INFO - Iter [2500/30000]	lr: 1.000e-04, eta: 9:50:53, time: 1.097, data_time: 0.011, memory: 37111, val/mIoU: 0.7466, val/IoU.building: 0.6030, val/IoU.background: 0.8902, val/Pseudo_mIoU: 0.8091, loss_mask: 0.1234, loss_texture: 0.0399, iou: 0.8211, loss: 0.1633
2026-04-29 15:33:29,254 - mmdet - INFO - Iter [2525/30000]	lr: 1.000e-04, eta: 10:10:35, time: 5.751, data_time: 4.664, memory: 37111, loss_mask: 0.1427, loss_texture: 0.0429, iou: 0.8128, loss: 0.1855
2026-04-29 15:33:56,651 - mmdet - INFO - Iter [2550/30000]	lr: 1.000e-04, eta: 10:08:57, time: 1.096, data_time: 0.011, memory: 37111, loss_mask: 0.1662, loss_texture: 0.0548, iou: 0.8057, loss: 0.2210
2026-04-29 15:34:24,171 - mmdet - INFO - Iter [2575/30000]	lr: 1.000e-04, eta: 10:07:23, time: 1.101, data_time: 0.012, memory: 37111, loss_mask: 0.1361, loss_texture: 0.0426, iou: 0.8180, loss: 0.1788
2026-04-29 15:34:51,667 - mmdet - INFO - Iter [2600/30000]	lr: 1.000e-04, eta: 10:05:49, time: 1.100, data_time: 0.011, memory: 37111, loss_mask: 0.1439, loss_texture: 0.0430, iou: 0.8091, loss: 0.1869
2026-04-29 15:35:19,123 - mmdet - INFO - Iter [2625/30000]	lr: 1.000e-04, eta: 10:04:16, time: 1.098, data_time: 0.011, memory: 37111, loss_mask: 0.1422, loss_texture: 0.0432, iou: 0.7973, loss: 0.1854
2026-04-29 15:35:46,608 - mmdet - INFO - Iter [2650/30000]	lr: 1.000e-04, eta: 10:02:45, time: 1.099, data_time: 0.012, memory: 37111, loss_mask: 0.1386, loss_texture: 0.0454, iou: 0.8142, loss: 0.1840
2026-04-29 15:36:14,002 - mmdet - INFO - Iter [2675/30000]	lr: 1.000e-04, eta: 10:01:14, time: 1.096, data_time: 0.012, memory: 37111, loss_mask: 0.1319, loss_texture: 0.0417, iou: 0.8204, loss: 0.1736
2026-04-29 15:36:41,666 - mmdet - INFO - Iter [2700/30000]	lr: 1.000e-04, eta: 9:59:47, time: 1.107, data_time: 0.011, memory: 37111, loss_mask: 0.1418, loss_texture: 0.0471, iou: 0.8199, loss: 0.1889
2026-04-29 15:37:09,167 - mmdet - INFO - Iter [2725/30000]	lr: 1.000e-04, eta: 9:58:20, time: 1.100, data_time: 0.011, memory: 37111, loss_mask: 0.1370, loss_texture: 0.0454, iou: 0.7991, loss: 0.1824
2026-04-29 15:37:36,640 - mmdet - INFO - Iter [2750/30000]	lr: 1.000e-04, eta: 9:56:53, time: 1.099, data_time: 0.012, memory: 37111, loss_mask: 0.1354, loss_texture: 0.0416, iou: 0.7986, loss: 0.1770
2026-04-29 15:38:04,188 - mmdet - INFO - Iter [2775/30000]	lr: 1.000e-04, eta: 9:55:28, time: 1.102, data_time: 0.012, memory: 37111, loss_mask: 0.1411, loss_texture: 0.0435, iou: 0.8105, loss: 0.1846
2026-04-29 15:38:31,709 - mmdet - INFO - Iter [2800/30000]	lr: 1.000e-04, eta: 9:54:04, time: 1.101, data_time: 0.011, memory: 37111, loss_mask: 0.1478, loss_texture: 0.0448, iou: 0.8228, loss: 0.1926
2026-04-29 15:38:59,303 - mmdet - INFO - Iter [2825/30000]	lr: 1.000e-04, eta: 9:52:41, time: 1.104, data_time: 0.011, memory: 37111, loss_mask: 0.1246, loss_texture: 0.0415, iou: 0.8280, loss: 0.1661
2026-04-29 15:39:26,923 - mmdet - INFO - Iter [2850/30000]	lr: 1.000e-04, eta: 9:51:20, time: 1.105, data_time: 0.011, memory: 37111, loss_mask: 0.1326, loss_texture: 0.0434, iou: 0.8266, loss: 0.1760
2026-04-29 15:39:54,429 - mmdet - INFO - Iter [2875/30000]	lr: 1.000e-04, eta: 9:49:59, time: 1.100, data_time: 0.012, memory: 37111, loss_mask: 0.1530, loss_texture: 0.0481, iou: 0.8108, loss: 0.2011
2026-04-29 15:40:21,874 - mmdet - INFO - Iter [2900/30000]	lr: 1.000e-04, eta: 9:48:38, time: 1.098, data_time: 0.011, memory: 37111, loss_mask: 0.1752, loss_texture: 0.0478, iou: 0.8001, loss: 0.2230
2026-04-29 15:40:49,335 - mmdet - INFO - Iter [2925/30000]	lr: 1.000e-04, eta: 9:47:18, time: 1.098, data_time: 0.011, memory: 37111, loss_mask: 0.1363, loss_texture: 0.0446, iou: 0.8195, loss: 0.1809
2026-04-29 15:41:16,840 - mmdet - INFO - Iter [2950/30000]	lr: 1.000e-04, eta: 9:45:59, time: 1.100, data_time: 0.012, memory: 37111, loss_mask: 0.1276, loss_texture: 0.0411, iou: 0.8333, loss: 0.1687
2026-04-29 15:41:44,383 - mmdet - INFO - Iter [2975/30000]	lr: 1.000e-04, eta: 9:44:42, time: 1.102, data_time: 0.012, memory: 37111, loss_mask: 0.1289, loss_texture: 0.0426, iou: 0.8149, loss: 0.1715
2026-04-29 15:42:12,077 - mmdet - INFO - 
--- Val evaluation at iter 3000 ---
2026-04-29 15:44:05,975 - mmdet - INFO - 
+------------+-------------+-------------+
| Class      | Val IoU     | Pseudo IoU  |
+------------+-------------+-------------+
| background | 89.38       | 92.68       |
| building   | 60.13       | 69.14       |
| Summary    | mIoU: 74.76 | mIoU: 80.91 |
+------------+-------------+-------------+
Images evaluated: 218
2026-04-29 15:44:07,426 - mmdet - INFO - Exp name: exp8_all.py
2026-04-29 15:44:07,427 - mmdet - INFO - Iter [3000/30000]	lr: 1.000e-04, eta: 9:43:26, time: 1.108, data_time: 0.011, memory: 37111, val/mIoU: 0.7476, val/IoU.building: 0.6013, val/IoU.background: 0.8938, val/Pseudo_mIoU: 0.8091, loss_mask: 0.1237, loss_texture: 0.0427, iou: 0.8281, loss: 0.1664
2026-04-29 15:44:34,829 - mmdet - INFO - Iter [3025/30000]	lr: 1.000e-04, eta: 9:59:18, time: 5.710, data_time: 4.626, memory: 37111, loss_mask: 0.1263, loss_texture: 0.0418, iou: 0.8207, loss: 0.1680
2026-04-29 15:45:02,367 - mmdet - INFO - Iter [3050/30000]	lr: 1.000e-04, eta: 9:57:53, time: 1.102, data_time: 0.012, memory: 37111, loss_mask: 0.1189, loss_texture: 0.0405, iou: 0.8311, loss: 0.1594
2026-04-29 15:45:30,074 - mmdet - INFO - Iter [3075/30000]	lr: 1.000e-04, eta: 9:56:31, time: 1.108, data_time: 0.012, memory: 37111, loss_mask: 0.1504, loss_texture: 0.0470, iou: 0.8116, loss: 0.1974
2026-04-29 15:45:57,575 - mmdet - INFO - Iter [3100/30000]	lr: 1.000e-04, eta: 9:55:08, time: 1.100, data_time: 0.011, memory: 37111, loss_mask: 0.1142, loss_texture: 0.0372, iou: 0.8384, loss: 0.1514
2026-04-29 15:46:25,011 - mmdet - INFO - Iter [3125/30000]	lr: 1.000e-04, eta: 9:53:46, time: 1.097, data_time: 0.011, memory: 37111, loss_mask: 0.1438, loss_texture: 0.0436, iou: 0.7970, loss: 0.1874
2026-04-29 15:46:52,593 - mmdet - INFO - Iter [3150/30000]	lr: 1.000e-04, eta: 9:52:25, time: 1.103, data_time: 0.012, memory: 37111, loss_mask: 0.1333, loss_texture: 0.0423, iou: 0.8181, loss: 0.1756
2026-04-29 15:47:20,163 - mmdet - INFO - Iter [3175/30000]	lr: 1.000e-04, eta: 9:51:05, time: 1.103, data_time: 0.012, memory: 37111, loss_mask: 0.1159, loss_texture: 0.0414, iou: 0.8315, loss: 0.1572
2026-04-29 15:47:47,622 - mmdet - INFO - Iter [3200/30000]	lr: 1.000e-04, eta: 9:49:45, time: 1.098, data_time: 0.012, memory: 37111, loss_mask: 0.1173, loss_texture: 0.0409, iou: 0.8402, loss: 0.1582
2026-04-29 15:48:15,167 - mmdet - INFO - Iter [3225/30000]	lr: 1.000e-04, eta: 9:48:27, time: 1.102, data_time: 0.011, memory: 37111, loss_mask: 0.1325, loss_texture: 0.0446, iou: 0.8302, loss: 0.1772
2026-04-29 15:48:42,623 - mmdet - INFO - Iter [3250/30000]	lr: 1.000e-04, eta: 9:47:09, time: 1.098, data_time: 0.011, memory: 37111, loss_mask: 0.1234, loss_texture: 0.0412, iou: 0.8215, loss: 0.1647
2026-04-29 15:49:10,164 - mmdet - INFO - Iter [3275/30000]	lr: 1.000e-04, eta: 9:45:52, time: 1.102, data_time: 0.012, memory: 37111, loss_mask: 0.1127, loss_texture: 0.0398, iou: 0.8349, loss: 0.1525
2026-04-29 15:49:37,587 - mmdet - INFO - Iter [3300/30000]	lr: 1.000e-04, eta: 9:44:35, time: 1.097, data_time: 0.011, memory: 37111, loss_mask: 0.1364, loss_texture: 0.0425, iou: 0.8215, loss: 0.1789
2026-04-29 15:50:05,054 - mmdet - INFO - Iter [3325/30000]	lr: 1.000e-04, eta: 9:43:19, time: 1.099, data_time: 0.011, memory: 37111, loss_mask: 0.1121, loss_texture: 0.0387, iou: 0.8336, loss: 0.1509
2026-04-29 15:50:32,665 - mmdet - INFO - Iter [3350/30000]	lr: 1.000e-04, eta: 9:42:05, time: 1.104, data_time: 0.012, memory: 37111, loss_mask: 0.1246, loss_texture: 0.0446, iou: 0.8264, loss: 0.1692
2026-04-29 15:51:00,336 - mmdet - INFO - Iter [3375/30000]	lr: 1.000e-04, eta: 9:40:52, time: 1.107, data_time: 0.012, memory: 37111, loss_mask: 0.1293, loss_texture: 0.0429, iou: 0.8226, loss: 0.1722
2026-04-29 15:51:28,152 - mmdet - INFO - Iter [3400/30000]	lr: 1.000e-04, eta: 9:39:41, time: 1.113, data_time: 0.011, memory: 37111, loss_mask: 0.1211, loss_texture: 0.0419, iou: 0.8423, loss: 0.1630
2026-04-29 15:51:55,655 - mmdet - INFO - Iter [3425/30000]	lr: 1.000e-04, eta: 9:38:28, time: 1.100, data_time: 0.011, memory: 37111, loss_mask: 0.1462, loss_texture: 0.0469, iou: 0.8014, loss: 0.1931
2026-04-29 15:52:23,145 - mmdet - INFO - Iter [3450/30000]	lr: 1.000e-04, eta: 9:37:15, time: 1.100, data_time: 0.012, memory: 37111, loss_mask: 0.1266, loss_texture: 0.0428, iou: 0.8275, loss: 0.1694
2026-04-29 15:52:50,671 - mmdet - INFO - Iter [3475/30000]	lr: 1.000e-04, eta: 9:36:04, time: 1.101, data_time: 0.012, memory: 37111, loss_mask: 0.1139, loss_texture: 0.0380, iou: 0.8400, loss: 0.1519
2026-04-29 15:53:18,234 - mmdet - INFO - 
--- Val evaluation at iter 3500 ---
2026-04-29 15:55:12,453 - mmdet - INFO - 
+------------+-------------+-------------+
| Class      | Val IoU     | Pseudo IoU  |
+------------+-------------+-------------+
| background | 91.07       | 92.68       |
| building   | 62.00       | 69.14       |
| Summary    | mIoU: 76.53 | mIoU: 80.91 |
+------------+-------------+-------------+
Images evaluated: 218
2026-04-29 15:55:15,022 - mmdet - INFO - ★ New best mIoU: 76.53% (prev: 76.00%, Δ=+0.53%) → saved to /home/ubuntu/vy/Denoiser/SegRefiner/work_dirs/exp8_all/best_model.pth
2026-04-29 15:55:15,027 - mmdet - INFO - Iter [3500/30000]	lr: 1.000e-04, eta: 9:34:53, time: 1.103, data_time: 0.011, memory: 37111, val/mIoU: 0.7653, val/IoU.building: 0.6200, val/IoU.background: 0.9107, val/Pseudo_mIoU: 0.8091, loss_mask: 0.1345, loss_texture: 0.0481, iou: 0.8289, loss: 0.1827
2026-04-29 15:55:42,388 - mmdet - INFO - Iter [3525/30000]	lr: 1.000e-04, eta: 9:48:19, time: 5.766, data_time: 4.683, memory: 37111, loss_mask: 0.1060, loss_texture: 0.0384, iou: 0.8320, loss: 0.1444
2026-04-29 15:56:09,861 - mmdet - INFO - Iter [3550/30000]	lr: 1.000e-04, eta: 9:47:02, time: 1.099, data_time: 0.012, memory: 37111, loss_mask: 0.1268, loss_texture: 0.0455, iou: 0.8427, loss: 0.1723
2026-04-29 15:56:37,388 - mmdet - INFO - Iter [3575/30000]	lr: 1.000e-04, eta: 9:45:46, time: 1.101, data_time: 0.012, memory: 37111, loss_mask: 0.1248, loss_texture: 0.0442, iou: 0.8292, loss: 0.1690
2026-04-29 15:57:04,894 - mmdet - INFO - Iter [3600/30000]	lr: 1.000e-04, eta: 9:44:31, time: 1.100, data_time: 0.011, memory: 37111, loss_mask: 0.1278, loss_texture: 0.0427, iou: 0.8242, loss: 0.1705
2026-04-29 15:57:32,611 - mmdet - INFO - Iter [3625/30000]	lr: 1.000e-04, eta: 9:43:18, time: 1.109, data_time: 0.012, memory: 37111, loss_mask: 0.1105, loss_texture: 0.0397, iou: 0.8435, loss: 0.1502
2026-04-29 15:58:00,141 - mmdet - INFO - Iter [3650/30000]	lr: 1.000e-04, eta: 9:42:04, time: 1.101, data_time: 0.011, memory: 37111, loss_mask: 0.1182, loss_texture: 0.0400, iou: 0.8161, loss: 0.1582
2026-04-29 15:58:27,685 - mmdet - INFO - Iter [3675/30000]	lr: 1.000e-04, eta: 9:40:51, time: 1.102, data_time: 0.012, memory: 37111, loss_mask: 0.1208, loss_texture: 0.0405, iou: 0.8285, loss: 0.1613
2026-04-29 15:58:55,174 - mmdet - INFO - Iter [3700/30000]	lr: 1.000e-04, eta: 9:39:38, time: 1.100, data_time: 0.011, memory: 37111, loss_mask: 0.1275, loss_texture: 0.0426, iou: 0.8329, loss: 0.1701
2026-04-29 15:59:22,610 - mmdet - INFO - Iter [3725/30000]	lr: 1.000e-04, eta: 9:38:25, time: 1.097, data_time: 0.011, memory: 37111, loss_mask: 0.1110, loss_texture: 0.0392, iou: 0.8246, loss: 0.1502
2026-04-29 15:59:50,239 - mmdet - INFO - Iter [3750/30000]	lr: 1.000e-04, eta: 9:37:14, time: 1.105, data_time: 0.012, memory: 37111, loss_mask: 0.1193, loss_texture: 0.0430, iou: 0.8395, loss: 0.1622
2026-04-29 16:00:17,936 - mmdet - INFO - Iter [3775/30000]	lr: 1.000e-04, eta: 9:36:04, time: 1.108, data_time: 0.012, memory: 37111, loss_mask: 0.1379, loss_texture: 0.0480, iou: 0.8201, loss: 0.1859
2026-04-29 16:00:45,652 - mmdet - INFO - Iter [3800/30000]	lr: 1.000e-04, eta: 9:34:55, time: 1.109, data_time: 0.012, memory: 37111, loss_mask: 0.1249, loss_texture: 0.0430, iou: 0.8252, loss: 0.1680
2026-04-29 16:01:13,236 - mmdet - INFO - Iter [3825/30000]	lr: 1.000e-04, eta: 9:33:46, time: 1.103, data_time: 0.012, memory: 37111, loss_mask: 0.1206, loss_texture: 0.0382, iou: 0.8248, loss: 0.1587
2026-04-29 16:01:40,973 - mmdet - INFO - Iter [3850/30000]	lr: 1.000e-04, eta: 9:32:38, time: 1.109, data_time: 0.012, memory: 37111, loss_mask: 0.1253, loss_texture: 0.0431, iou: 0.8316, loss: 0.1684
2026-04-29 16:02:08,710 - mmdet - INFO - Iter [3875/30000]	lr: 1.000e-04, eta: 9:31:31, time: 1.109, data_time: 0.012, memory: 37111, loss_mask: 0.1235, loss_texture: 0.0427, iou: 0.8232, loss: 0.1662
2026-04-29 16:02:36,328 - mmdet - INFO - Iter [3900/30000]	lr: 1.000e-04, eta: 9:30:23, time: 1.105, data_time: 0.012, memory: 37111, loss_mask: 0.1226, loss_texture: 0.0454, iou: 0.8394, loss: 0.1680
2026-04-29 16:03:03,925 - mmdet - INFO - Iter [3925/30000]	lr: 1.000e-04, eta: 9:29:16, time: 1.104, data_time: 0.011, memory: 37111, loss_mask: 0.1160, loss_texture: 0.0424, iou: 0.8413, loss: 0.1585
2026-04-29 16:03:31,438 - mmdet - INFO - Iter [3950/30000]	lr: 1.000e-04, eta: 9:28:09, time: 1.101, data_time: 0.012, memory: 37111, loss_mask: 0.1176, loss_texture: 0.0388, iou: 0.8250, loss: 0.1564
2026-04-29 16:03:59,120 - mmdet - INFO - Iter [3975/30000]	lr: 1.000e-04, eta: 9:27:03, time: 1.107, data_time: 0.013, memory: 37111, loss_mask: 0.1394, loss_texture: 0.0445, iou: 0.8099, loss: 0.1839
2026-04-29 16:04:26,796 - mmdet - INFO - 
--- Val evaluation at iter 4000 ---
2026-04-29 16:06:21,515 - mmdet - INFO - 
+------------+-------------+-------------+
| Class      | Val IoU     | Pseudo IoU  |
+------------+-------------+-------------+
| background | 90.85       | 92.68       |
| building   | 60.26       | 69.14       |
| Summary    | mIoU: 75.55 | mIoU: 80.91 |
+------------+-------------+-------------+
Images evaluated: 218
2026-04-29 16:06:22,922 - mmdet - INFO - Exp name: exp8_all.py
2026-04-29 16:06:22,922 - mmdet - INFO - Iter [4000/30000]	lr: 1.000e-04, eta: 9:25:58, time: 1.107, data_time: 0.012, memory: 37111, val/mIoU: 0.7555, val/IoU.building: 0.6026, val/IoU.background: 0.9085, val/Pseudo_mIoU: 0.8091, loss_mask: 0.1394, loss_texture: 0.0466, iou: 0.8233, loss: 0.1860
2026-04-29 16:06:50,474 - mmdet - INFO - Iter [4025/30000]	lr: 1.000e-04, eta: 9:37:22, time: 5.747, data_time: 4.657, memory: 37111, loss_mask: 0.1096, loss_texture: 0.0387, iou: 0.8217, loss: 0.1483
2026-04-29 16:07:18,034 - mmdet - INFO - Iter [4050/30000]	lr: 1.000e-04, eta: 9:36:11, time: 1.102, data_time: 0.012, memory: 37111, loss_mask: 0.1216, loss_texture: 0.0421, iou: 0.8222, loss: 0.1638
2026-04-29 16:07:45,595 - mmdet - INFO - Iter [4075/30000]	lr: 1.000e-04, eta: 9:35:01, time: 1.102, data_time: 0.013, memory: 37111, loss_mask: 0.1235, loss_texture: 0.0421, iou: 0.8250, loss: 0.1656
2026-04-29 16:08:13,138 - mmdet - INFO - Iter [4100/30000]	lr: 1.000e-04, eta: 9:33:52, time: 1.102, data_time: 0.012, memory: 37111, loss_mask: 0.1377, loss_texture: 0.0463, iou: 0.8185, loss: 0.1840
2026-04-29 16:08:40,615 - mmdet - INFO - Iter [4125/30000]	lr: 1.000e-04, eta: 9:32:43, time: 1.099, data_time: 0.011, memory: 37111, loss_mask: 0.1279, loss_texture: 0.0419, iou: 0.8213, loss: 0.1698
2026-04-29 16:09:08,107 - mmdet - INFO - Iter [4150/30000]	lr: 1.000e-04, eta: 9:31:34, time: 1.100, data_time: 0.012, memory: 37111, loss_mask: 0.1215, loss_texture: 0.0415, iou: 0.8300, loss: 0.1629
2026-04-29 16:09:35,826 - mmdet - INFO - Iter [4175/30000]	lr: 1.000e-04, eta: 9:30:27, time: 1.109, data_time: 0.012, memory: 37111, loss_mask: 0.1378, loss_texture: 0.0480, iou: 0.8374, loss: 0.1859
2026-04-29 16:10:03,507 - mmdet - INFO - Iter [4200/30000]	lr: 1.000e-04, eta: 9:29:20, time: 1.107, data_time: 0.011, memory: 37111, loss_mask: 0.1022, loss_texture: 0.0378, iou: 0.8386, loss: 0.1400
2026-04-29 16:10:31,157 - mmdet - INFO - Iter [4225/30000]	lr: 1.000e-04, eta: 9:28:14, time: 1.106, data_time: 0.012, memory: 37111, loss_mask: 0.1145, loss_texture: 0.0410, iou: 0.8302, loss: 0.1556
2026-04-29 16:10:58,902 - mmdet - INFO - Iter [4250/30000]	lr: 1.000e-04, eta: 9:27:09, time: 1.110, data_time: 0.012, memory: 37111, loss_mask: 0.1307, loss_texture: 0.0444, iou: 0.8332, loss: 0.1750
2026-04-29 16:11:26,739 - mmdet - INFO - Iter [4275/30000]	lr: 1.000e-04, eta: 9:26:04, time: 1.113, data_time: 0.012, memory: 37111, loss_mask: 0.1274, loss_texture: 0.0425, iou: 0.8175, loss: 0.1699
2026-04-29 16:11:54,483 - mmdet - INFO - Iter [4300/30000]	lr: 1.000e-04, eta: 9:25:00, time: 1.110, data_time: 0.011, memory: 37111, loss_mask: 0.1210, loss_texture: 0.0421, iou: 0.8427, loss: 0.1631
2026-04-29 16:12:22,113 - mmdet - INFO - Iter [4325/30000]	lr: 1.000e-04, eta: 9:23:55, time: 1.105, data_time: 0.011, memory: 37111, loss_mask: 0.1224, loss_texture: 0.0435, iou: 0.8323, loss: 0.1659
2026-04-29 16:12:49,721 - mmdet - INFO - Iter [4350/30000]	lr: 1.000e-04, eta: 9:22:51, time: 1.104, data_time: 0.012, memory: 37111, loss_mask: 0.0956, loss_texture: 0.0330, iou: 0.8659, loss: 0.1286
2026-04-29 16:13:17,599 - mmdet - INFO - Iter [4375/30000]	lr: 1.000e-04, eta: 9:21:48, time: 1.115, data_time: 0.012, memory: 37111, loss_mask: 0.1209, loss_texture: 0.0429, iou: 0.8209, loss: 0.1638
2026-04-29 16:13:45,296 - mmdet - INFO - Iter [4400/30000]	lr: 1.000e-04, eta: 9:20:45, time: 1.108, data_time: 0.011, memory: 37111, loss_mask: 0.1351, loss_texture: 0.0442, iou: 0.7976, loss: 0.1793
2026-04-29 16:14:12,872 - mmdet - INFO - Iter [4425/30000]	lr: 1.000e-04, eta: 9:19:42, time: 1.103, data_time: 0.011, memory: 37111, loss_mask: 0.1267, loss_texture: 0.0404, iou: 0.8366, loss: 0.1671
2026-04-29 16:14:40,411 - mmdet - INFO - Iter [4450/30000]	lr: 1.000e-04, eta: 9:18:39, time: 1.102, data_time: 0.012, memory: 37111, loss_mask: 0.1317, loss_texture: 0.0439, iou: 0.8203, loss: 0.1756
2026-04-29 16:15:07,994 - mmdet - INFO - Iter [4475/30000]	lr: 1.000e-04, eta: 9:17:36, time: 1.103, data_time: 0.012, memory: 37111, loss_mask: 0.1254, loss_texture: 0.0452, iou: 0.8402, loss: 0.1706
2026-04-29 16:15:35,597 - mmdet - INFO - 
--- Val evaluation at iter 4500 ---
2026-04-29 16:17:30,006 - mmdet - INFO - 
+------------+-------------+-------------+
| Class      | Val IoU     | Pseudo IoU  |
+------------+-------------+-------------+
| background | 91.05       | 92.68       |
| building   | 61.22       | 69.14       |
| Summary    | mIoU: 76.14 | mIoU: 80.91 |
+------------+-------------+-------------+
Images evaluated: 218
2026-04-29 16:17:31,435 - mmdet - INFO - Iter [4500/30000]	lr: 1.000e-04, eta: 9:16:34, time: 1.104, data_time: 0.012, memory: 37111, val/mIoU: 0.7614, val/IoU.building: 0.6122, val/IoU.background: 0.9105, val/Pseudo_mIoU: 0.8091, loss_mask: 0.1130, loss_texture: 0.0401, iou: 0.8269, loss: 0.1531
2026-04-29 16:17:58,782 - mmdet - INFO - Iter [4525/30000]	lr: 1.000e-04, eta: 9:26:23, time: 5.727, data_time: 4.645, memory: 37111, loss_mask: 0.1162, loss_texture: 0.0382, iou: 0.7927, loss: 0.1544
2026-04-29 16:18:26,199 - mmdet - INFO - Iter [4550/30000]	lr: 1.000e-04, eta: 9:25:17, time: 1.097, data_time: 0.012, memory: 37111, loss_mask: 0.1400, loss_texture: 0.0497, iou: 0.8308, loss: 0.1897
2026-04-29 16:18:53,732 - mmdet - INFO - Iter [4575/30000]	lr: 1.000e-04, eta: 9:24:11, time: 1.101, data_time: 0.012, memory: 37111, loss_mask: 0.1242, loss_texture: 0.0408, iou: 0.8256, loss: 0.1651
2026-04-29 16:19:21,321 - mmdet - INFO - Iter [4600/30000]	lr: 1.000e-04, eta: 9:23:06, time: 1.104, data_time: 0.012, memory: 37111, loss_mask: 0.1080, loss_texture: 0.0402, iou: 0.8321, loss: 0.1482
2026-04-29 16:19:48,914 - mmdet - INFO - Iter [4625/30000]	lr: 1.000e-04, eta: 9:22:02, time: 1.104, data_time: 0.011, memory: 37111, loss_mask: 0.1075, loss_texture: 0.0366, iou: 0.8514, loss: 0.1442
2026-04-29 16:20:16,655 - mmdet - INFO - Iter [4650/30000]	lr: 1.000e-04, eta: 9:20:59, time: 1.110, data_time: 0.012, memory: 37111, loss_mask: 0.1285, loss_texture: 0.0441, iou: 0.8316, loss: 0.1726
2026-04-29 16:20:44,141 - mmdet - INFO - Iter [4675/30000]	lr: 1.000e-04, eta: 9:19:55, time: 1.099, data_time: 0.012, memory: 37111, loss_mask: 0.1170, loss_texture: 0.0393, iou: 0.8560, loss: 0.1563
2026-04-29 16:21:11,720 - mmdet - INFO - Iter [4700/30000]	lr: 1.000e-04, eta: 9:18:52, time: 1.103, data_time: 0.011, memory: 37111, loss_mask: 0.1202, loss_texture: 0.0428, iou: 0.8123, loss: 0.1630
2026-04-29 16:21:39,581 - mmdet - INFO - Iter [4725/30000]	lr: 1.000e-04, eta: 9:17:50, time: 1.114, data_time: 0.011, memory: 37111, loss_mask: 0.1405, loss_texture: 0.0474, iou: 0.8192, loss: 0.1879
2026-04-29 16:22:07,178 - mmdet - INFO - Iter [4750/30000]	lr: 1.000e-04, eta: 9:16:48, time: 1.104, data_time: 0.011, memory: 37111, loss_mask: 0.1185, loss_texture: 0.0413, iou: 0.8248, loss: 0.1599
2026-04-29 16:22:34,603 - mmdet - INFO - Iter [4775/30000]	lr: 1.000e-04, eta: 9:15:45, time: 1.097, data_time: 0.012, memory: 37111, loss_mask: 0.1226, loss_texture: 0.0442, iou: 0.8241, loss: 0.1668
2026-04-29 16:23:02,176 - mmdet - INFO - Iter [4800/30000]	lr: 1.000e-04, eta: 9:14:43, time: 1.103, data_time: 0.011, memory: 37111, loss_mask: 0.1135, loss_texture: 0.0407, iou: 0.8422, loss: 0.1542
2026-04-29 16:23:29,696 - mmdet - INFO - Iter [4825/30000]	lr: 1.000e-04, eta: 9:13:41, time: 1.101, data_time: 0.011, memory: 37111, loss_mask: 0.1060, loss_texture: 0.0376, iou: 0.8408, loss: 0.1436
2026-04-29 16:23:57,296 - mmdet - INFO - Iter [4850/30000]	lr: 1.000e-04, eta: 9:12:40, time: 1.104, data_time: 0.012, memory: 37111, loss_mask: 0.1038, loss_texture: 0.0371, iou: 0.8398, loss: 0.1410
2026-04-29 16:24:24,760 - mmdet - INFO - Iter [4875/30000]	lr: 1.000e-04, eta: 9:11:39, time: 1.099, data_time: 0.012, memory: 37111, loss_mask: 0.1230, loss_texture: 0.0444, iou: 0.8344, loss: 0.1675
2026-04-29 16:24:52,332 - mmdet - INFO - Iter [4900/30000]	lr: 1.000e-04, eta: 9:10:39, time: 1.103, data_time: 0.011, memory: 37111, loss_mask: 0.1166, loss_texture: 0.0427, iou: 0.8413, loss: 0.1592
2026-04-29 16:25:19,784 - mmdet - INFO - Iter [4925/30000]	lr: 1.000e-04, eta: 9:09:38, time: 1.098, data_time: 0.011, memory: 37111, loss_mask: 0.1073, loss_texture: 0.0404, iou: 0.8515, loss: 0.1477
2026-04-29 16:25:47,159 - mmdet - INFO - Iter [4950/30000]	lr: 1.000e-04, eta: 9:08:37, time: 1.095, data_time: 0.012, memory: 37111, loss_mask: 0.1287, loss_texture: 0.0413, iou: 0.8257, loss: 0.1700
2026-04-29 16:26:14,540 - mmdet - INFO - Iter [4975/30000]	lr: 1.000e-04, eta: 9:07:37, time: 1.095, data_time: 0.011, memory: 37111, loss_mask: 0.1153, loss_texture: 0.0389, iou: 0.8378, loss: 0.1543
2026-04-29 16:26:41,919 - mmdet - INFO - 
--- Val evaluation at iter 5000 ---
2026-04-29 16:28:36,231 - mmdet - INFO - 
+------------+-------------+-------------+
| Class      | Val IoU     | Pseudo IoU  |
+------------+-------------+-------------+
| background | 90.83       | 92.68       |
| building   | 59.20       | 69.14       |
| Summary    | mIoU: 75.01 | mIoU: 80.91 |
+------------+-------------+-------------+
Images evaluated: 218
2026-04-29 16:28:37,632 - mmdet - INFO - Exp name: exp8_all.py
2026-04-29 16:28:37,632 - mmdet - INFO - Iter [5000/30000]	lr: 1.000e-04, eta: 9:06:37, time: 1.095, data_time: 0.011, memory: 37111, val/mIoU: 0.7501, val/IoU.building: 0.5920, val/IoU.background: 0.9083, val/Pseudo_mIoU: 0.8091, loss_mask: 0.1017, loss_texture: 0.0374, iou: 0.8419, loss: 0.1391
2026-04-29 16:29:05,335 - mmdet - INFO - Iter [5025/30000]	lr: 1.000e-04, eta: 9:15:14, time: 5.737, data_time: 4.642, memory: 37111, loss_mask: 0.1131, loss_texture: 0.0405, iou: 0.8470, loss: 0.1536
2026-04-29 16:29:33,016 - mmdet - INFO - Iter [5050/30000]	lr: 1.000e-04, eta: 9:14:13, time: 1.107, data_time: 0.012, memory: 37111, loss_mask: 0.1092, loss_texture: 0.0414, iou: 0.8603, loss: 0.1506
2026-04-29 16:30:00,399 - mmdet - INFO - Iter [5075/30000]	lr: 1.000e-04, eta: 9:13:10, time: 1.095, data_time: 0.011, memory: 37111, loss_mask: 0.1119, loss_texture: 0.0388, iou: 0.8387, loss: 0.1507
2026-04-29 16:30:27,797 - mmdet - INFO - Iter [5100/30000]	lr: 1.000e-04, eta: 9:12:08, time: 1.096, data_time: 0.011, memory: 37111, loss_mask: 0.1211, loss_texture: 0.0406, iou: 0.8338, loss: 0.1617
2026-04-29 16:30:55,417 - mmdet - INFO - Iter [5125/30000]	lr: 1.000e-04, eta: 9:11:07, time: 1.105, data_time: 0.011, memory: 37111, loss_mask: 0.1225, loss_texture: 0.0462, iou: 0.8313, loss: 0.1688
2026-04-29 16:31:22,918 - mmdet - INFO - Iter [5150/30000]	lr: 1.000e-04, eta: 9:10:06, time: 1.100, data_time: 0.012, memory: 37111, loss_mask: 0.1065, loss_texture: 0.0414, iou: 0.8492, loss: 0.1479
2026-04-29 16:31:50,305 - mmdet - INFO - Iter [5175/30000]	lr: 1.000e-04, eta: 9:09:05, time: 1.095, data_time: 0.011, memory: 37111, loss_mask: 0.1150, loss_texture: 0.0423, iou: 0.8367, loss: 0.1572
2026-04-29 16:32:17,547 - mmdet - INFO - Iter [5200/30000]	lr: 1.000e-04, eta: 9:08:04, time: 1.090, data_time: 0.011, memory: 37111, loss_mask: 0.1012, loss_texture: 0.0373, iou: 0.8482, loss: 0.1385
2026-04-29 16:32:44,905 - mmdet - INFO - Iter [5225/30000]	lr: 1.000e-04, eta: 9:07:03, time: 1.094, data_time: 0.012, memory: 37111, loss_mask: 0.1167, loss_texture: 0.0406, iou: 0.8393, loss: 0.1574
2026-04-29 16:33:12,181 - mmdet - INFO - Iter [5250/30000]	lr: 1.000e-04, eta: 9:06:03, time: 1.091, data_time: 0.012, memory: 37111, loss_mask: 0.0962, loss_texture: 0.0352, iou: 0.8400, loss: 0.1313
2026-04-29 16:33:39,570 - mmdet - INFO - Iter [5275/30000]	lr: 1.000e-04, eta: 9:05:03, time: 1.096, data_time: 0.011, memory: 37111, loss_mask: 0.1019, loss_texture: 0.0369, iou: 0.8521, loss: 0.1388
2026-04-29 16:34:07,131 - mmdet - INFO - Iter [5300/30000]	lr: 1.000e-04, eta: 9:04:04, time: 1.102, data_time: 0.011, memory: 37111, loss_mask: 0.1172, loss_texture: 0.0411, iou: 0.8348, loss: 0.1583
2026-04-29 16:34:34,684 - mmdet - INFO - Iter [5325/30000]	lr: 1.000e-04, eta: 9:03:05, time: 1.102, data_time: 0.011, memory: 37111, loss_mask: 0.1102, loss_texture: 0.0408, iou: 0.8468, loss: 0.1510
2026-04-29 16:35:02,186 - mmdet - INFO - Iter [5350/30000]	lr: 1.000e-04, eta: 9:02:07, time: 1.100, data_time: 0.012, memory: 37111, loss_mask: 0.1046, loss_texture: 0.0394, iou: 0.8436, loss: 0.1440
2026-04-29 16:35:29,743 - mmdet - INFO - Iter [5375/30000]	lr: 1.000e-04, eta: 9:01:09, time: 1.102, data_time: 0.011, memory: 37111, loss_mask: 0.1348, loss_texture: 0.0481, iou: 0.8271, loss: 0.1829
2026-04-29 16:35:57,150 - mmdet - INFO - Iter [5400/30000]	lr: 1.000e-04, eta: 9:00:11, time: 1.096, data_time: 0.011, memory: 37111, loss_mask: 0.1439, loss_texture: 0.0436, iou: 0.8141, loss: 0.1875
2026-04-29 16:36:24,654 - mmdet - INFO - Iter [5425/30000]	lr: 1.000e-04, eta: 8:59:13, time: 1.100, data_time: 0.012, memory: 37111, loss_mask: 0.1409, loss_texture: 0.0396, iou: 0.8193, loss: 0.1805
2026-04-29 16:36:52,195 - mmdet - INFO - Iter [5450/30000]	lr: 1.000e-04, eta: 8:58:16, time: 1.102, data_time: 0.012, memory: 37111, loss_mask: 0.1020, loss_texture: 0.0366, iou: 0.8417, loss: 0.1386
2026-04-29 16:37:19,718 - mmdet - INFO - Iter [5475/30000]	lr: 1.000e-04, eta: 8:57:19, time: 1.101, data_time: 0.011, memory: 37111, loss_mask: 0.1184, loss_texture: 0.0417, iou: 0.8180, loss: 0.1601
2026-04-29 16:37:47,124 - mmdet - INFO - 
--- Val evaluation at iter 5500 ---
2026-04-29 16:39:41,406 - mmdet - INFO - 
+------------+-------------+-------------+
| Class      | Val IoU     | Pseudo IoU  |
+------------+-------------+-------------+
| background | 90.29       | 92.68       |
| building   | 62.57       | 69.14       |
| Summary    | mIoU: 76.43 | mIoU: 80.91 |
+------------+-------------+-------------+
Images evaluated: 218
2026-04-29 16:39:42,812 - mmdet - INFO - Iter [5500/30000]	lr: 1.000e-04, eta: 8:56:22, time: 1.096, data_time: 0.011, memory: 37111, val/mIoU: 0.7643, val/IoU.building: 0.6257, val/IoU.background: 0.9029, val/Pseudo_mIoU: 0.8091, loss_mask: 0.1116, loss_texture: 0.0412, iou: 0.8393, loss: 0.1528
2026-04-29 16:40:10,389 - mmdet - INFO - Iter [5525/30000]	lr: 1.000e-04, eta: 9:03:58, time: 5.731, data_time: 4.639, memory: 37111, loss_mask: 0.1137, loss_texture: 0.0431, iou: 0.8555, loss: 0.1567
2026-04-29 16:40:37,842 - mmdet - INFO - Iter [5550/30000]	lr: 1.000e-04, eta: 9:02:59, time: 1.098, data_time: 0.012, memory: 37111, loss_mask: 0.1087, loss_texture: 0.0413, iou: 0.8405, loss: 0.1500
2026-04-29 16:41:05,316 - mmdet - INFO - Iter [5575/30000]	lr: 1.000e-04, eta: 9:02:00, time: 1.099, data_time: 0.011, memory: 37111, loss_mask: 0.1013, loss_texture: 0.0376, iou: 0.8360, loss: 0.1390
2026-04-29 16:41:32,801 - mmdet - INFO - Iter [5600/30000]	lr: 1.000e-04, eta: 9:01:02, time: 1.099, data_time: 0.011, memory: 37111, loss_mask: 0.1232, loss_texture: 0.0443, iou: 0.8444, loss: 0.1675
2026-04-29 16:42:00,433 - mmdet - INFO - Iter [5625/30000]	lr: 1.000e-04, eta: 9:00:04, time: 1.105, data_time: 0.012, memory: 37111, loss_mask: 0.1146, loss_texture: 0.0411, iou: 0.8333, loss: 0.1558
2026-04-29 16:42:27,770 - mmdet - INFO - Iter [5650/30000]	lr: 1.000e-04, eta: 8:59:05, time: 1.093, data_time: 0.012, memory: 37111, loss_mask: 0.1121, loss_texture: 0.0408, iou: 0.8409, loss: 0.1529
2026-04-29 16:42:55,197 - mmdet - INFO - Iter [5675/30000]	lr: 1.000e-04, eta: 8:58:07, time: 1.097, data_time: 0.011, memory: 37111, loss_mask: 0.1179, loss_texture: 0.0428, iou: 0.8477, loss: 0.1607
2026-04-29 16:43:22,623 - mmdet - INFO - Iter [5700/30000]	lr: 1.000e-04, eta: 8:57:10, time: 1.097, data_time: 0.012, memory: 37111, loss_mask: 0.1077, loss_texture: 0.0381, iou: 0.8541, loss: 0.1458
2026-04-29 16:43:49,931 - mmdet - INFO - Iter [5725/30000]	lr: 1.000e-04, eta: 8:56:12, time: 1.092, data_time: 0.011, memory: 37111, loss_mask: 0.1004, loss_texture: 0.0348, iou: 0.8341, loss: 0.1352
2026-04-29 16:44:17,445 - mmdet - INFO - Iter [5750/30000]	lr: 1.000e-04, eta: 8:55:15, time: 1.101, data_time: 0.012, memory: 37111, loss_mask: 0.1236, loss_texture: 0.0451, iou: 0.8414, loss: 0.1687
2026-04-29 16:44:44,932 - mmdet - INFO - Iter [5775/30000]	lr: 1.000e-04, eta: 8:54:18, time: 1.099, data_time: 0.011, memory: 37111, loss_mask: 0.1063, loss_texture: 0.0400, iou: 0.8503, loss: 0.1462
2026-04-29 16:45:12,354 - mmdet - INFO - Iter [5800/30000]	lr: 1.000e-04, eta: 8:53:22, time: 1.097, data_time: 0.011, memory: 37111, loss_mask: 0.0921, loss_texture: 0.0361, iou: 0.8504, loss: 0.1282
2026-04-29 16:45:39,754 - mmdet - INFO - Iter [5825/30000]	lr: 1.000e-04, eta: 8:52:25, time: 1.096, data_time: 0.011, memory: 37111, loss_mask: 0.0898, loss_texture: 0.0363, iou: 0.8685, loss: 0.1261
2026-04-29 16:46:07,129 - mmdet - INFO - Iter [5850/30000]	lr: 1.000e-04, eta: 8:51:29, time: 1.095, data_time: 0.012, memory: 37111, loss_mask: 0.1082, loss_texture: 0.0405, iou: 0.8409, loss: 0.1488
2026-04-29 16:46:34,469 - mmdet - INFO - Iter [5875/30000]	lr: 1.000e-04, eta: 8:50:32, time: 1.094, data_time: 0.011, memory: 37111, loss_mask: 0.1010, loss_texture: 0.0392, iou: 0.8605, loss: 0.1402
2026-04-29 16:47:01,882 - mmdet - INFO - Iter [5900/30000]	lr: 1.000e-04, eta: 8:49:36, time: 1.097, data_time: 0.011, memory: 37111, loss_mask: 0.1115, loss_texture: 0.0407, iou: 0.8322, loss: 0.1523
2026-04-29 16:47:29,344 - mmdet - INFO - Iter [5925/30000]	lr: 1.000e-04, eta: 8:48:41, time: 1.098, data_time: 0.011, memory: 37111, loss_mask: 0.1155, loss_texture: 0.0419, iou: 0.8458, loss: 0.1573
2026-04-29 16:47:56,873 - mmdet - INFO - Iter [5950/30000]	lr: 1.000e-04, eta: 8:47:46, time: 1.101, data_time: 0.012, memory: 37111, loss_mask: 0.0966, loss_texture: 0.0380, iou: 0.8542, loss: 0.1346
2026-04-29 16:48:24,295 - mmdet - INFO - Iter [5975/30000]	lr: 1.000e-04, eta: 8:46:51, time: 1.097, data_time: 0.011, memory: 37111, loss_mask: 0.1204, loss_texture: 0.0408, iou: 0.8183, loss: 0.1612
2026-04-29 16:48:51,576 - mmdet - INFO - 
--- Val evaluation at iter 6000 ---
2026-04-29 16:50:46,398 - mmdet - INFO - 
+------------+-------------+-------------+
| Class      | Val IoU     | Pseudo IoU  |
+------------+-------------+-------------+
| background | 91.11       | 92.68       |
| building   | 62.34       | 69.14       |
| Summary    | mIoU: 76.72 | mIoU: 80.91 |
+------------+-------------+-------------+
Images evaluated: 218
2026-04-29 16:50:49,273 - mmdet - INFO - ★ New best mIoU: 76.72% (prev: 76.53%, Δ=+0.19%) → saved to /home/ubuntu/vy/Denoiser/SegRefiner/work_dirs/exp8_all/best_model.pth
2026-04-29 16:50:49,279 - mmdet - INFO - Exp name: exp8_all.py
2026-04-29 16:50:49,279 - mmdet - INFO - Iter [6000/30000]	lr: 1.000e-04, eta: 8:45:56, time: 1.091, data_time: 0.011, memory: 37111, val/mIoU: 0.7672, val/IoU.building: 0.6234, val/IoU.background: 0.9111, val/Pseudo_mIoU: 0.8091, loss_mask: 0.1306, loss_texture: 0.0389, iou: 0.8224, loss: 0.1696
2026-04-29 16:51:16,829 - mmdet - INFO - Iter [6025/30000]	lr: 1.000e-04, eta: 8:52:50, time: 5.810, data_time: 4.720, memory: 37111, loss_mask: 0.1220, loss_texture: 0.0428, iou: 0.8386, loss: 0.1648
2026-04-29 16:51:44,373 - mmdet - INFO - Iter [6050/30000]	lr: 1.000e-04, eta: 8:51:54, time: 1.102, data_time: 0.012, memory: 37111, loss_mask: 0.1149, loss_texture: 0.0388, iou: 0.8293, loss: 0.1536
2026-04-29 16:52:11,772 - mmdet - INFO - Iter [6075/30000]	lr: 1.000e-04, eta: 8:50:57, time: 1.096, data_time: 0.011, memory: 37111, loss_mask: 0.1058, loss_texture: 0.0376, iou: 0.8490, loss: 0.1434
2026-04-29 16:52:39,427 - mmdet - INFO - Iter [6100/30000]	lr: 1.000e-04, eta: 8:50:02, time: 1.106, data_time: 0.011, memory: 37111, loss_mask: 0.1306, loss_texture: 0.0435, iou: 0.8331, loss: 0.1740
2026-04-29 16:53:06,996 - mmdet - INFO - Iter [6125/30000]	lr: 1.000e-04, eta: 8:49:07, time: 1.103, data_time: 0.011, memory: 37111, loss_mask: 0.1172, loss_texture: 0.0414, iou: 0.8424, loss: 0.1586
2026-04-29 16:53:34,386 - mmdet - INFO - Iter [6150/30000]	lr: 1.000e-04, eta: 8:48:11, time: 1.096, data_time: 0.012, memory: 37111, loss_mask: 0.1209, loss_texture: 0.0425, iou: 0.8406, loss: 0.1635
2026-04-29 16:54:01,821 - mmdet - INFO - Iter [6175/30000]	lr: 1.000e-04, eta: 8:47:15, time: 1.097, data_time: 0.011, memory: 37111, loss_mask: 0.1026, loss_texture: 0.0372, iou: 0.8469, loss: 0.1398
2026-04-29 16:54:29,317 - mmdet - INFO - Iter [6200/30000]	lr: 1.000e-04, eta: 8:46:20, time: 1.100, data_time: 0.011, memory: 37111, loss_mask: 0.0983, loss_texture: 0.0366, iou: 0.8467, loss: 0.1349
2026-04-29 16:54:56,772 - mmdet - INFO - Iter [6225/30000]	lr: 1.000e-04, eta: 8:45:25, time: 1.098, data_time: 0.012, memory: 37111, loss_mask: 0.1061, loss_texture: 0.0393, iou: 0.8586, loss: 0.1454
2026-04-29 16:55:24,301 - mmdet - INFO - Iter [6250/30000]	lr: 1.000e-04, eta: 8:44:31, time: 1.101, data_time: 0.012, memory: 37111, loss_mask: 0.1027, loss_texture: 0.0391, iou: 0.8485, loss: 0.1418
2026-04-29 16:55:51,712 - mmdet - INFO - Iter [6275/30000]	lr: 1.000e-04, eta: 8:43:36, time: 1.096, data_time: 0.011, memory: 37111, loss_mask: 0.0874, loss_texture: 0.0324, iou: 0.8534, loss: 0.1198
2026-04-29 16:56:19,241 - mmdet - INFO - Iter [6300/30000]	lr: 1.000e-04, eta: 8:42:42, time: 1.101, data_time: 0.011, memory: 37111, loss_mask: 0.1060, loss_texture: 0.0388, iou: 0.8441, loss: 0.1448
2026-04-29 16:56:46,825 - mmdet - INFO - Iter [6325/30000]	lr: 1.000e-04, eta: 8:41:48, time: 1.103, data_time: 0.012, memory: 37111, loss_mask: 0.1038, loss_texture: 0.0366, iou: 0.8172, loss: 0.1404
2026-04-29 16:57:14,410 - mmdet - INFO - Iter [6350/30000]	lr: 1.000e-04, eta: 8:40:55, time: 1.103, data_time: 0.012, memory: 37111, loss_mask: 0.1230, loss_texture: 0.0427, iou: 0.8474, loss: 0.1657
2026-04-29 16:57:41,874 - mmdet - INFO - Iter [6375/30000]	lr: 1.000e-04, eta: 8:40:01, time: 1.099, data_time: 0.011, memory: 37111, loss_mask: 0.1125, loss_texture: 0.0404, iou: 0.8416, loss: 0.1529
2026-04-29 16:58:09,290 - mmdet - INFO - Iter [6400/30000]	lr: 1.000e-04, eta: 8:39:07, time: 1.097, data_time: 0.011, memory: 37111, loss_mask: 0.1148, loss_texture: 0.0425, iou: 0.8415, loss: 0.1573
2026-04-29 16:58:36,608 - mmdet - INFO - Iter [6425/30000]	lr: 1.000e-04, eta: 8:38:13, time: 1.093, data_time: 0.011, memory: 37111, loss_mask: 0.1152, loss_texture: 0.0380, iou: 0.8523, loss: 0.1531
2026-04-29 16:59:03,979 - mmdet - INFO - Iter [6450/30000]	lr: 1.000e-04, eta: 8:37:20, time: 1.095, data_time: 0.012, memory: 37111, loss_mask: 0.1826, loss_texture: 0.0480, iou: 0.7788, loss: 0.2306
2026-04-29 16:59:31,368 - mmdet - INFO - Iter [6475/30000]	lr: 1.000e-04, eta: 8:36:27, time: 1.096, data_time: 0.011, memory: 37111, loss_mask: 0.1414, loss_texture: 0.0464, iou: 0.8321, loss: 0.1878
2026-04-29 16:59:58,684 - mmdet - INFO - 
--- Val evaluation at iter 6500 ---
2026-04-29 17:01:52,216 - mmdet - INFO - 
+------------+-------------+-------------+
| Class      | Val IoU     | Pseudo IoU  |
+------------+-------------+-------------+
| background | 89.14       | 92.68       |
| building   | 48.61       | 69.14       |
| Summary    | mIoU: 68.87 | mIoU: 80.91 |
+------------+-------------+-------------+
Images evaluated: 218
2026-04-29 17:01:53,667 - mmdet - INFO - Iter [6500/30000]	lr: 1.000e-04, eta: 8:35:34, time: 1.093, data_time: 0.011, memory: 37111, val/mIoU: 0.6887, val/IoU.building: 0.4861, val/IoU.background: 0.8914, val/Pseudo_mIoU: 0.8091, loss_mask: 0.1038, loss_texture: 0.0375, iou: 0.8434, loss: 0.1413
2026-04-29 17:02:21,315 - mmdet - INFO - Iter [6525/30000]	lr: 1.000e-04, eta: 8:41:35, time: 5.705, data_time: 4.612, memory: 37111, loss_mask: 0.1256, loss_texture: 0.0465, iou: 0.8480, loss: 0.1721
2026-04-29 17:02:48,945 - mmdet - INFO - Iter [6550/30000]	lr: 1.000e-04, eta: 8:40:42, time: 1.105, data_time: 0.012, memory: 37111, loss_mask: 0.0995, loss_texture: 0.0366, iou: 0.8445, loss: 0.1362
2026-04-29 17:03:16,351 - mmdet - INFO - Iter [6575/30000]	lr: 1.000e-04, eta: 8:39:47, time: 1.096, data_time: 0.011, memory: 37111, loss_mask: 0.1251, loss_texture: 0.0429, iou: 0.8412, loss: 0.1679
2026-04-29 17:03:44,398 - mmdet - INFO - Iter [6600/30000]	lr: 1.000e-04, eta: 8:38:55, time: 1.122, data_time: 0.012, memory: 37111, loss_mask: 0.1444, loss_texture: 0.0454, iou: 0.8114, loss: 0.1898
2026-04-29 17:04:11,993 - mmdet - INFO - Iter [6625/30000]	lr: 1.000e-04, eta: 8:38:02, time: 1.104, data_time: 0.011, memory: 37111, loss_mask: 0.1111, loss_texture: 0.0385, iou: 0.8390, loss: 0.1496
2026-04-29 17:04:39,759 - mmdet - INFO - Iter [6650/30000]	lr: 1.000e-04, eta: 8:37:10, time: 1.111, data_time: 0.012, memory: 37111, loss_mask: 0.1103, loss_texture: 0.0385, iou: 0.8461, loss: 0.1488
2026-04-29 17:05:07,306 - mmdet - INFO - Iter [6675/30000]	lr: 1.000e-04, eta: 8:36:17, time: 1.102, data_time: 0.012, memory: 37111, loss_mask: 0.0984, loss_texture: 0.0385, iou: 0.8500, loss: 0.1369
2026-04-29 17:05:34,799 - mmdet - INFO - Iter [6700/30000]	lr: 1.000e-04, eta: 8:35:24, time: 1.100, data_time: 0.011, memory: 37111, loss_mask: 0.1107, loss_texture: 0.0395, iou: 0.8395, loss: 0.1502
2026-04-29 17:06:02,102 - mmdet - INFO - Iter [6725/30000]	lr: 1.000e-04, eta: 8:34:30, time: 1.092, data_time: 0.012, memory: 37111, loss_mask: 0.1187, loss_texture: 0.0419, iou: 0.8402, loss: 0.1606
2026-04-29 17:06:29,539 - mmdet - INFO - Iter [6750/30000]	lr: 1.000e-04, eta: 8:33:37, time: 1.097, data_time: 0.012, memory: 37111, loss_mask: 0.1202, loss_texture: 0.0458, iou: 0.8535, loss: 0.1660
2026-04-29 17:06:57,025 - mmdet - INFO - Iter [6775/30000]	lr: 1.000e-04, eta: 8:32:45, time: 1.099, data_time: 0.011, memory: 37111, loss_mask: 0.1193, loss_texture: 0.0417, iou: 0.8099, loss: 0.1610
2026-04-29 17:07:24,366 - mmdet - INFO - Iter [6800/30000]	lr: 1.000e-04, eta: 8:31:52, time: 1.094, data_time: 0.011, memory: 37111, loss_mask: 0.0993, loss_texture: 0.0370, iou: 0.8529, loss: 0.1364
2026-04-29 17:07:51,896 - mmdet - INFO - Iter [6825/30000]	lr: 1.000e-04, eta: 8:31:00, time: 1.101, data_time: 0.012, memory: 37111, loss_mask: 0.1090, loss_texture: 0.0368, iou: 0.8518, loss: 0.1458
2026-04-29 17:08:19,552 - mmdet - INFO - Iter [6850/30000]	lr: 1.000e-04, eta: 8:30:09, time: 1.106, data_time: 0.012, memory: 37111, loss_mask: 0.1175, loss_texture: 0.0433, iou: 0.8464, loss: 0.1608
2026-04-29 17:08:47,190 - mmdet - INFO - Iter [6875/30000]	lr: 1.000e-04, eta: 8:29:17, time: 1.106, data_time: 0.011, memory: 37111, loss_mask: 0.1234, loss_texture: 0.0463, iou: 0.8293, loss: 0.1697
2026-04-29 17:09:14,750 - mmdet - INFO - Iter [6900/30000]	lr: 1.000e-04, eta: 8:28:26, time: 1.102, data_time: 0.012, memory: 37111, loss_mask: 0.0945, loss_texture: 0.0370, iou: 0.8458, loss: 0.1315
2026-04-29 17:09:42,376 - mmdet - INFO - Iter [6925/30000]	lr: 1.000e-04, eta: 8:27:35, time: 1.105, data_time: 0.011, memory: 37111, loss_mask: 0.1135, loss_texture: 0.0398, iou: 0.8455, loss: 0.1533
2026-04-29 17:10:09,963 - mmdet - INFO - Iter [6950/30000]	lr: 1.000e-04, eta: 8:26:44, time: 1.103, data_time: 0.012, memory: 37111, loss_mask: 0.0980, loss_texture: 0.0368, iou: 0.8442, loss: 0.1348
2026-04-29 17:10:37,525 - mmdet - INFO - Iter [6975/30000]	lr: 1.000e-04, eta: 8:25:53, time: 1.102, data_time: 0.011, memory: 37111, loss_mask: 0.0961, loss_texture: 0.0362, iou: 0.8628, loss: 0.1323
2026-04-29 17:11:05,133 - mmdet - INFO - 
--- Val evaluation at iter 7000 ---
2026-04-29 17:12:59,620 - mmdet - INFO - 
+------------+-------------+-------------+
| Class      | Val IoU     | Pseudo IoU  |
+------------+-------------+-------------+
| background | 91.44       | 92.68       |
| building   | 62.46       | 69.14       |
| Summary    | mIoU: 76.95 | mIoU: 80.91 |
+------------+-------------+-------------+
Images evaluated: 218
2026-04-29 17:13:02,464 - mmdet - INFO - ★ New best mIoU: 76.95% (prev: 76.72%, Δ=+0.23%) → saved to /home/ubuntu/vy/Denoiser/SegRefiner/work_dirs/exp8_all/best_model.pth
2026-04-29 17:13:02,470 - mmdet - INFO - Exp name: exp8_all.py
2026-04-29 17:13:02,470 - mmdet - INFO - Iter [7000/30000]	lr: 1.000e-04, eta: 8:25:03, time: 1.104, data_time: 0.011, memory: 37111, val/mIoU: 0.7695, val/IoU.building: 0.6246, val/IoU.background: 0.9144, val/Pseudo_mIoU: 0.8091, loss_mask: 0.1034, loss_texture: 0.0423, iou: 0.8556, loss: 0.1458
2026-04-29 17:13:30,107 - mmdet - INFO - Iter [7025/30000]	lr: 1.000e-04, eta: 8:30:36, time: 5.799, data_time: 4.705, memory: 37111, loss_mask: 0.1362, loss_texture: 0.0445, iou: 0.8427, loss: 0.1807
2026-04-29 17:13:57,664 - mmdet - INFO - Iter [7050/30000]	lr: 1.000e-04, eta: 8:29:44, time: 1.102, data_time: 0.012, memory: 37111, loss_mask: 0.1032, loss_texture: 0.0364, iou: 0.8291, loss: 0.1396
2026-04-29 17:14:25,115 - mmdet - INFO - Iter [7075/30000]	lr: 1.000e-04, eta: 8:28:52, time: 1.098, data_time: 0.011, memory: 37111, loss_mask: 0.1064, loss_texture: 0.0391, iou: 0.8420, loss: 0.1455
2026-04-29 17:14:52,750 - mmdet - INFO - Iter [7100/30000]	lr: 1.000e-04, eta: 8:28:00, time: 1.105, data_time: 0.011, memory: 37111, loss_mask: 0.1002, loss_texture: 0.0404, iou: 0.8588, loss: 0.1405
2026-04-29 17:15:20,271 - mmdet - INFO - Iter [7125/30000]	lr: 1.000e-04, eta: 8:27:08, time: 1.101, data_time: 0.012, memory: 37111, loss_mask: 0.0952, loss_texture: 0.0354, iou: 0.8412, loss: 0.1306
2026-04-29 17:15:47,689 - mmdet - INFO - Iter [7150/30000]	lr: 1.000e-04, eta: 8:26:16, time: 1.097, data_time: 0.012, memory: 37111, loss_mask: 0.1088, loss_texture: 0.0412, iou: 0.8336, loss: 0.1500
2026-04-29 17:16:14,990 - mmdet - INFO - Iter [7175/30000]	lr: 1.000e-04, eta: 8:25:24, time: 1.092, data_time: 0.011, memory: 37111, loss_mask: 0.1476, loss_texture: 0.0423, iou: 0.8170, loss: 0.1899
2026-04-29 17:16:42,205 - mmdet - INFO - Iter [7200/30000]	lr: 1.000e-04, eta: 8:24:32, time: 1.089, data_time: 0.011, memory: 37111, loss_mask: 0.1144, loss_texture: 0.0388, iou: 0.8399, loss: 0.1531
2026-04-29 17:17:09,534 - mmdet - INFO - Iter [7225/30000]	lr: 1.000e-04, eta: 8:23:40, time: 1.093, data_time: 0.011, memory: 37111, loss_mask: 0.1065, loss_texture: 0.0414, iou: 0.8712, loss: 0.1479
2026-04-29 17:17:36,901 - mmdet - INFO - Iter [7250/30000]	lr: 1.000e-04, eta: 8:22:49, time: 1.095, data_time: 0.012, memory: 37111, loss_mask: 0.0966, loss_texture: 0.0362, iou: 0.8429, loss: 0.1328
2026-04-29 17:18:04,363 - mmdet - INFO - Iter [7275/30000]	lr: 1.000e-04, eta: 8:21:58, time: 1.098, data_time: 0.011, memory: 37111, loss_mask: 0.1015, loss_texture: 0.0371, iou: 0.8611, loss: 0.1386
2026-04-29 17:18:31,914 - mmdet - INFO - Iter [7300/30000]	lr: 1.000e-04, eta: 8:21:08, time: 1.102, data_time: 0.011, memory: 37111, loss_mask: 0.1036, loss_texture: 0.0407, iou: 0.8611, loss: 0.1443
2026-04-29 17:18:59,518 - mmdet - INFO - Iter [7325/30000]	lr: 1.000e-04, eta: 8:20:17, time: 1.104, data_time: 0.011, memory: 37111, loss_mask: 0.0924, loss_texture: 0.0374, iou: 0.8380, loss: 0.1298
2026-04-29 17:19:26,989 - mmdet - INFO - Iter [7350/30000]	lr: 1.000e-04, eta: 8:19:27, time: 1.099, data_time: 0.012, memory: 37111, loss_mask: 0.1036, loss_texture: 0.0382, iou: 0.8331, loss: 0.1418
2026-04-29 17:19:54,328 - mmdet - INFO - Iter [7375/30000]	lr: 1.000e-04, eta: 8:18:36, time: 1.094, data_time: 0.011, memory: 37111, loss_mask: 0.1094, loss_texture: 0.0383, iou: 0.8410, loss: 0.1477
2026-04-29 17:20:21,630 - mmdet - INFO - Iter [7400/30000]	lr: 1.000e-04, eta: 8:17:46, time: 1.092, data_time: 0.011, memory: 37111, loss_mask: 0.1018, loss_texture: 0.0404, iou: 0.8541, loss: 0.1422
2026-04-29 17:20:48,936 - mmdet - INFO - Iter [7425/30000]	lr: 1.000e-04, eta: 8:16:55, time: 1.092, data_time: 0.011, memory: 37111, loss_mask: 0.0985, loss_texture: 0.0365, iou: 0.8531, loss: 0.1350
2026-04-29 17:21:16,228 - mmdet - INFO - Iter [7450/30000]	lr: 1.000e-04, eta: 8:16:05, time: 1.092, data_time: 0.012, memory: 37111, loss_mask: 0.1009, loss_texture: 0.0349, iou: 0.8376, loss: 0.1358
2026-04-29 17:21:43,731 - mmdet - INFO - Iter [7475/30000]	lr: 1.000e-04, eta: 8:15:15, time: 1.100, data_time: 0.011, memory: 37111, loss_mask: 0.1082, loss_texture: 0.0401, iou: 0.8409, loss: 0.1483
2026-04-29 17:22:11,136 - mmdet - INFO - 
--- Val evaluation at iter 7500 ---
2026-04-29 17:24:04,803 - mmdet - INFO - 
+------------+-------------+-------------+
| Class      | Val IoU     | Pseudo IoU  |
+------------+-------------+-------------+
| background | 91.55       | 92.68       |
| building   | 64.01       | 69.14       |
| Summary    | mIoU: 77.78 | mIoU: 80.91 |
+------------+-------------+-------------+
Images evaluated: 218
2026-04-29 17:24:07,736 - mmdet - INFO - ★ New best mIoU: 77.78% (prev: 76.95%, Δ=+0.83%) → saved to /home/ubuntu/vy/Denoiser/SegRefiner/work_dirs/exp8_all/best_model.pth
2026-04-29 17:24:07,741 - mmdet - INFO - Iter [7500/30000]	lr: 1.000e-04, eta: 8:14:26, time: 1.096, data_time: 0.011, memory: 37111, val/mIoU: 0.7778, val/IoU.building: 0.6401, val/IoU.background: 0.9155, val/Pseudo_mIoU: 0.8091, loss_mask: 0.1028, loss_texture: 0.0374, iou: 0.8546, loss: 0.1401
2026-04-29 17:24:35,335 - mmdet - INFO - Iter [7525/30000]	lr: 1.000e-04, eta: 8:19:25, time: 5.768, data_time: 4.676, memory: 37111, loss_mask: 0.0879, loss_texture: 0.0358, iou: 0.8599, loss: 0.1237
2026-04-29 17:25:02,919 - mmdet - INFO - Iter [7550/30000]	lr: 1.000e-04, eta: 8:18:34, time: 1.103, data_time: 0.012, memory: 37111, loss_mask: 0.0929, loss_texture: 0.0377, iou: 0.8707, loss: 0.1306
2026-04-29 17:25:30,484 - mmdet - INFO - Iter [7575/30000]	lr: 1.000e-04, eta: 8:17:44, time: 1.103, data_time: 0.011, memory: 37111, loss_mask: 0.1130, loss_texture: 0.0440, iou: 0.8647, loss: 0.1570
2026-04-29 17:25:58,112 - mmdet - INFO - Iter [7600/30000]	lr: 1.000e-04, eta: 8:16:54, time: 1.105, data_time: 0.011, memory: 37111, loss_mask: 0.0990, loss_texture: 0.0383, iou: 0.8690, loss: 0.1374
2026-04-29 17:26:25,625 - mmdet - INFO - Iter [7625/30000]	lr: 1.000e-04, eta: 8:16:04, time: 1.100, data_time: 0.011, memory: 37111, loss_mask: 0.0901, loss_texture: 0.0337, iou: 0.8477, loss: 0.1238
2026-04-29 17:26:53,317 - mmdet - INFO - Iter [7650/30000]	lr: 1.000e-04, eta: 8:15:14, time: 1.108, data_time: 0.012, memory: 37111, loss_mask: 0.1023, loss_texture: 0.0389, iou: 0.8590, loss: 0.1412
2026-04-29 17:27:20,664 - mmdet - INFO - Iter [7675/30000]	lr: 1.000e-04, eta: 8:14:24, time: 1.094, data_time: 0.011, memory: 37111, loss_mask: 0.0931, loss_texture: 0.0349, iou: 0.8551, loss: 0.1280
2026-04-29 17:27:48,026 - mmdet - INFO - Iter [7700/30000]	lr: 1.000e-04, eta: 8:13:34, time: 1.094, data_time: 0.011, memory: 37111, loss_mask: 0.0947, loss_texture: 0.0354, iou: 0.8619, loss: 0.1301
2026-04-29 17:28:15,657 - mmdet - INFO - Iter [7725/30000]	lr: 1.000e-04, eta: 8:12:45, time: 1.105, data_time: 0.011, memory: 37111, loss_mask: 0.1070, loss_texture: 0.0424, iou: 0.8507, loss: 0.1494
2026-04-29 17:28:43,289 - mmdet - INFO - Iter [7750/30000]	lr: 1.000e-04, eta: 8:11:55, time: 1.105, data_time: 0.012, memory: 37111, loss_mask: 0.1105, loss_texture: 0.0350, iou: 0.8501, loss: 0.1455
2026-04-29 17:29:10,700 - mmdet - INFO - Iter [7775/30000]	lr: 1.000e-04, eta: 8:11:06, time: 1.096, data_time: 0.011, memory: 37111, loss_mask: 0.1155, loss_texture: 0.0385, iou: 0.8291, loss: 0.1539
2026-04-29 17:29:38,157 - mmdet - INFO - Iter [7800/30000]	lr: 1.000e-04, eta: 8:10:16, time: 1.098, data_time: 0.011, memory: 37111, loss_mask: 0.1210, loss_texture: 0.0430, iou: 0.8457, loss: 0.1640
2026-04-29 17:30:05,494 - mmdet - INFO - Iter [7825/30000]	lr: 1.000e-04, eta: 8:09:27, time: 1.093, data_time: 0.011, memory: 37111, loss_mask: 0.0925, loss_texture: 0.0344, iou: 0.8566, loss: 0.1270
2026-04-29 17:30:33,129 - mmdet - INFO - Iter [7850/30000]	lr: 1.000e-04, eta: 8:08:38, time: 1.105, data_time: 0.012, memory: 37111, loss_mask: 0.1121, loss_texture: 0.0418, iou: 0.8467, loss: 0.1539
2026-04-29 17:31:00,562 - mmdet - INFO - Iter [7875/30000]	lr: 1.000e-04, eta: 8:07:49, time: 1.097, data_time: 0.011, memory: 37111, loss_mask: 0.1011, loss_texture: 0.0361, iou: 0.8475, loss: 0.1371
2026-04-29 17:31:27,989 - mmdet - INFO - Iter [7900/30000]	lr: 1.000e-04, eta: 8:07:01, time: 1.097, data_time: 0.012, memory: 37111, loss_mask: 0.1017, loss_texture: 0.0366, iou: 0.8384, loss: 0.1383
2026-04-29 17:31:55,499 - mmdet - INFO - Iter [7925/30000]	lr: 1.000e-04, eta: 8:06:12, time: 1.100, data_time: 0.012, memory: 37111, loss_mask: 0.0939, loss_texture: 0.0354, iou: 0.8719, loss: 0.1293
2026-04-29 17:32:23,044 - mmdet - INFO - Iter [7950/30000]	lr: 1.000e-04, eta: 8:05:24, time: 1.102, data_time: 0.011, memory: 37111, loss_mask: 0.1050, loss_texture: 0.0404, iou: 0.8476, loss: 0.1454
2026-04-29 17:32:50,674 - mmdet - INFO - Iter [7975/30000]	lr: 1.000e-04, eta: 8:04:36, time: 1.105, data_time: 0.011, memory: 37111, loss_mask: 0.1061, loss_texture: 0.0394, iou: 0.8581, loss: 0.1456
2026-04-29 17:33:18,248 - mmdet - INFO - 
--- Val evaluation at iter 8000 ---
2026-04-29 17:35:11,736 - mmdet - INFO - 
+------------+-------------+-------------+
| Class      | Val IoU     | Pseudo IoU  |
+------------+-------------+-------------+
| background | 91.50       | 92.68       |
| building   | 65.89       | 69.14       |
| Summary    | mIoU: 78.69 | mIoU: 80.91 |
+------------+-------------+-------------+
Images evaluated: 218
2026-04-29 17:35:14,477 - mmdet - INFO - ★ New best mIoU: 78.69% (prev: 77.78%, Δ=+0.91%) → saved to /home/ubuntu/vy/Denoiser/SegRefiner/work_dirs/exp8_all/best_model.pth
2026-04-29 17:35:14,482 - mmdet - INFO - Exp name: exp8_all.py
2026-04-29 17:35:14,482 - mmdet - INFO - Iter [8000/30000]	lr: 1.000e-04, eta: 8:03:48, time: 1.103, data_time: 0.012, memory: 37111, val/mIoU: 0.7869, val/IoU.building: 0.6589, val/IoU.background: 0.9150, val/Pseudo_mIoU: 0.8091, loss_mask: 0.1100, loss_texture: 0.0383, iou: 0.8395, loss: 0.1483
2026-04-29 17:35:42,043 - mmdet - INFO - Iter [8025/30000]	lr: 1.000e-04, eta: 8:08:18, time: 5.752, data_time: 4.662, memory: 37111, loss_mask: 0.1001, loss_texture: 0.0363, iou: 0.8497, loss: 0.1364
2026-04-29 17:36:09,993 - mmdet - INFO - Iter [8050/30000]	lr: 1.000e-04, eta: 8:07:30, time: 1.118, data_time: 0.012, memory: 37111, loss_mask: 0.1026, loss_texture: 0.0395, iou: 0.8456, loss: 0.1420
2026-04-29 17:36:37,705 - mmdet - INFO - Iter [8075/30000]	lr: 1.000e-04, eta: 8:06:42, time: 1.108, data_time: 0.011, memory: 37111, loss_mask: 0.1116, loss_texture: 0.0403, iou: 0.8443, loss: 0.1518
2026-04-29 17:37:05,112 - mmdet - INFO - Iter [8100/30000]	lr: 1.000e-04, eta: 8:05:53, time: 1.096, data_time: 0.011, memory: 37111, loss_mask: 0.1030, loss_texture: 0.0383, iou: 0.8570, loss: 0.1413
2026-04-29 17:37:32,519 - mmdet - INFO - Iter [8125/30000]	lr: 1.000e-04, eta: 8:05:03, time: 1.096, data_time: 0.012, memory: 37111, loss_mask: 0.0969, loss_texture: 0.0367, iou: 0.8658, loss: 0.1336
2026-04-29 17:37:59,880 - mmdet - INFO - Iter [8150/30000]	lr: 1.000e-04, eta: 8:04:14, time: 1.094, data_time: 0.012, memory: 37111, loss_mask: 0.0961, loss_texture: 0.0383, iou: 0.8596, loss: 0.1344
2026-04-29 17:38:27,233 - mmdet - INFO - Iter [8175/30000]	lr: 1.000e-04, eta: 8:03:25, time: 1.094, data_time: 0.011, memory: 37111, loss_mask: 0.1039, loss_texture: 0.0410, iou: 0.8490, loss: 0.1448
2026-04-29 17:38:54,832 - mmdet - INFO - Iter [8200/30000]	lr: 1.000e-04, eta: 8:02:37, time: 1.104, data_time: 0.012, memory: 37111, loss_mask: 0.1134, loss_texture: 0.0410, iou: 0.8536, loss: 0.1545
2026-04-29 17:39:22,905 - mmdet - INFO - Iter [8225/30000]	lr: 1.000e-04, eta: 8:01:50, time: 1.123, data_time: 0.013, memory: 37111, loss_mask: 0.0996, loss_texture: 0.0393, iou: 0.8579, loss: 0.1389
2026-04-29 17:39:50,607 - mmdet - INFO - Iter [8250/30000]	lr: 1.000e-04, eta: 8:01:03, time: 1.108, data_time: 0.011, memory: 37111, loss_mask: 0.1036, loss_texture: 0.0403, iou: 0.8614, loss: 0.1439
2026-04-29 17:40:18,321 - mmdet - INFO - Iter [8275/30000]	lr: 1.000e-04, eta: 8:00:15, time: 1.109, data_time: 0.012, memory: 37111, loss_mask: 0.1043, loss_texture: 0.0396, iou: 0.8565, loss: 0.1439
2026-04-29 17:40:45,841 - mmdet - INFO - Iter [8300/30000]	lr: 1.000e-04, eta: 7:59:27, time: 1.101, data_time: 0.011, memory: 37111, loss_mask: 0.1033, loss_texture: 0.0383, iou: 0.8546, loss: 0.1416
2026-04-29 17:41:13,353 - mmdet - INFO - Iter [8325/30000]	lr: 1.000e-04, eta: 7:58:40, time: 1.100, data_time: 0.011, memory: 37111, loss_mask: 0.0837, loss_texture: 0.0324, iou: 0.8682, loss: 0.1160
2026-04-29 17:41:40,913 - mmdet - INFO - Iter [8350/30000]	lr: 1.000e-04, eta: 7:57:52, time: 1.102, data_time: 0.012, memory: 37111, loss_mask: 0.1022, loss_texture: 0.0383, iou: 0.8508, loss: 0.1405
2026-04-29 17:42:08,486 - mmdet - INFO - Iter [8375/30000]	lr: 1.000e-04, eta: 7:57:05, time: 1.103, data_time: 0.012, memory: 37111, loss_mask: 0.1037, loss_texture: 0.0384, iou: 0.8505, loss: 0.1421
2026-04-29 17:42:36,117 - mmdet - INFO - Iter [8400/30000]	lr: 1.000e-04, eta: 7:56:17, time: 1.105, data_time: 0.012, memory: 37111, loss_mask: 0.0967, loss_texture: 0.0382, iou: 0.8563, loss: 0.1349
2026-04-29 17:43:03,636 - mmdet - INFO - Iter [8425/30000]	lr: 1.000e-04, eta: 7:55:30, time: 1.101, data_time: 0.011, memory: 37111, loss_mask: 0.0974, loss_texture: 0.0382, iou: 0.8556, loss: 0.1356
2026-04-29 17:43:31,111 - mmdet - INFO - Iter [8450/30000]	lr: 1.000e-04, eta: 7:54:43, time: 1.099, data_time: 0.011, memory: 37111, loss_mask: 0.1027, loss_texture: 0.0362, iou: 0.8458, loss: 0.1389
2026-04-29 17:43:58,603 - mmdet - INFO - Iter [8475/30000]	lr: 1.000e-04, eta: 7:53:56, time: 1.100, data_time: 0.012, memory: 37111, loss_mask: 0.1158, loss_texture: 0.0403, iou: 0.8386, loss: 0.1561
2026-04-29 17:44:26,123 - mmdet - INFO - 
--- Val evaluation at iter 8500 ---
2026-04-29 17:46:20,336 - mmdet - INFO - 
+------------+-------------+-------------+
| Class      | Val IoU     | Pseudo IoU  |
+------------+-------------+-------------+
| background | 91.43       | 92.68       |
| building   | 62.66       | 69.14       |
| Summary    | mIoU: 77.05 | mIoU: 80.91 |
+------------+-------------+-------------+
Images evaluated: 218
2026-04-29 17:46:21,740 - mmdet - INFO - Iter [8500/30000]	lr: 1.000e-04, eta: 7:53:09, time: 1.101, data_time: 0.011, memory: 37111, val/mIoU: 0.7705, val/IoU.building: 0.6266, val/IoU.background: 0.9143, val/Pseudo_mIoU: 0.8091, loss_mask: 0.0949, loss_texture: 0.0367, iou: 0.8623, loss: 0.1316
2026-04-29 17:46:49,152 - mmdet - INFO - Iter [8525/30000]	lr: 1.000e-04, eta: 7:57:13, time: 5.721, data_time: 4.636, memory: 37111, loss_mask: 0.1016, loss_texture: 0.0395, iou: 0.8466, loss: 0.1411
2026-04-29 17:47:16,652 - mmdet - INFO - Iter [8550/30000]	lr: 1.000e-04, eta: 7:56:25, time: 1.100, data_time: 0.011, memory: 37111, loss_mask: 0.1145, loss_texture: 0.0437, iou: 0.8453, loss: 0.1582
2026-04-29 17:47:44,033 - mmdet - INFO - Iter [8575/30000]	lr: 1.000e-04, eta: 7:55:37, time: 1.095, data_time: 0.012, memory: 37111, loss_mask: 0.1028, loss_texture: 0.0375, iou: 0.8613, loss: 0.1403
2026-04-29 17:48:11,475 - mmdet - INFO - Iter [8600/30000]	lr: 1.000e-04, eta: 7:54:49, time: 1.098, data_time: 0.011, memory: 37111, loss_mask: 0.0951, loss_texture: 0.0351, iou: 0.8564, loss: 0.1302
2026-04-29 17:48:38,824 - mmdet - INFO - Iter [8625/30000]	lr: 1.000e-04, eta: 7:54:01, time: 1.094, data_time: 0.011, memory: 37111, loss_mask: 0.0920, loss_texture: 0.0371, iou: 0.8476, loss: 0.1291
2026-04-29 17:49:06,148 - mmdet - INFO - Iter [8650/30000]	lr: 1.000e-04, eta: 7:53:13, time: 1.093, data_time: 0.011, memory: 37111, loss_mask: 0.1061, loss_texture: 0.0378, iou: 0.8293, loss: 0.1439
2026-04-29 17:49:33,527 - mmdet - INFO - Iter [8675/30000]	lr: 1.000e-04, eta: 7:52:25, time: 1.095, data_time: 0.012, memory: 37111, loss_mask: 0.1129, loss_texture: 0.0413, iou: 0.8545, loss: 0.1542
2026-04-29 17:50:00,768 - mmdet - INFO - Iter [8700/30000]	lr: 1.000e-04, eta: 7:51:37, time: 1.090, data_time: 0.011, memory: 37111, loss_mask: 0.1025, loss_texture: 0.0392, iou: 0.8606, loss: 0.1417
2026-04-29 17:50:28,169 - mmdet - INFO - Iter [8725/30000]	lr: 1.000e-04, eta: 7:50:50, time: 1.096, data_time: 0.011, memory: 37111, loss_mask: 0.0958, loss_texture: 0.0361, iou: 0.8555, loss: 0.1319
2026-04-29 17:50:55,690 - mmdet - INFO - Iter [8750/30000]	lr: 1.000e-04, eta: 7:50:03, time: 1.101, data_time: 0.012, memory: 37111, loss_mask: 0.0967, loss_texture: 0.0381, iou: 0.8620, loss: 0.1348
2026-04-29 17:51:23,123 - mmdet - INFO - Iter [8775/30000]	lr: 1.000e-04, eta: 7:49:16, time: 1.097, data_time: 0.012, memory: 37111, loss_mask: 0.0941, loss_texture: 0.0381, iou: 0.8402, loss: 0.1322
2026-04-29 17:51:50,540 - mmdet - INFO - Iter [8800/30000]	lr: 1.000e-04, eta: 7:48:29, time: 1.097, data_time: 0.012, memory: 37111, loss_mask: 0.1034, loss_texture: 0.0396, iou: 0.8561, loss: 0.1430
2026-04-29 17:52:17,838 - mmdet - INFO - Iter [8825/30000]	lr: 1.000e-04, eta: 7:47:42, time: 1.092, data_time: 0.011, memory: 37111, loss_mask: 0.1109, loss_texture: 0.0399, iou: 0.8505, loss: 0.1508
2026-04-29 17:52:45,176 - mmdet - INFO - Iter [8850/30000]	lr: 1.000e-04, eta: 7:46:55, time: 1.094, data_time: 0.011, memory: 37111, loss_mask: 0.0985, loss_texture: 0.0370, iou: 0.8508, loss: 0.1355
2026-04-29 17:53:12,572 - mmdet - INFO - Iter [8875/30000]	lr: 1.000e-04, eta: 7:46:08, time: 1.096, data_time: 0.012, memory: 37111, loss_mask: 0.1085, loss_texture: 0.0420, iou: 0.8486, loss: 0.1505
2026-04-29 17:53:40,110 - mmdet - INFO - Iter [8900/30000]	lr: 1.000e-04, eta: 7:45:22, time: 1.102, data_time: 0.011, memory: 37111, loss_mask: 0.0886, loss_texture: 0.0345, iou: 0.8806, loss: 0.1231
2026-04-29 17:54:07,545 - mmdet - INFO - Iter [8925/30000]	lr: 1.000e-04, eta: 7:44:35, time: 1.097, data_time: 0.011, memory: 37111, loss_mask: 0.0911, loss_texture: 0.0362, iou: 0.8663, loss: 0.1272
2026-04-29 17:54:34,850 - mmdet - INFO - Iter [8950/30000]	lr: 1.000e-04, eta: 7:43:49, time: 1.092, data_time: 0.012, memory: 37111, loss_mask: 0.0927, loss_texture: 0.0355, iou: 0.8609, loss: 0.1282
2026-04-29 17:55:02,277 - mmdet - INFO - Iter [8975/30000]	lr: 1.000e-04, eta: 7:43:02, time: 1.097, data_time: 0.012, memory: 37111, loss_mask: 0.1148, loss_texture: 0.0404, iou: 0.8306, loss: 0.1552
2026-04-29 17:55:29,638 - mmdet - INFO - 
--- Val evaluation at iter 9000 ---
2026-04-29 17:57:23,248 - mmdet - INFO - 
+------------+-------------+-------------+
| Class      | Val IoU     | Pseudo IoU  |
+------------+-------------+-------------+
| background | 88.69       | 92.68       |
| building   | 58.83       | 69.14       |
| Summary    | mIoU: 73.76 | mIoU: 80.91 |
+------------+-------------+-------------+
Images evaluated: 218
2026-04-29 17:57:24,698 - mmdet - INFO - Exp name: exp8_all.py
2026-04-29 17:57:24,698 - mmdet - INFO - Iter [9000/30000]	lr: 1.000e-04, eta: 7:42:16, time: 1.094, data_time: 0.011, memory: 37111, val/mIoU: 0.7376, val/IoU.building: 0.5883, val/IoU.background: 0.8869, val/Pseudo_mIoU: 0.8091, loss_mask: 0.1014, loss_texture: 0.0383, iou: 0.8573, loss: 0.1398
2026-04-29 17:57:52,041 - mmdet - INFO - Iter [9025/30000]	lr: 1.000e-04, eta: 7:45:57, time: 5.696, data_time: 4.614, memory: 37111, loss_mask: 0.1068, loss_texture: 0.0378, iou: 0.8517, loss: 0.1446
2026-04-29 17:58:19,397 - mmdet - INFO - Iter [9050/30000]	lr: 1.000e-04, eta: 7:45:10, time: 1.094, data_time: 0.011, memory: 37111, loss_mask: 0.1067, loss_texture: 0.0396, iou: 0.8467, loss: 0.1463
2026-04-29 17:58:46,796 - mmdet - INFO - Iter [9075/30000]	lr: 1.000e-04, eta: 7:44:23, time: 1.096, data_time: 0.012, memory: 37111, loss_mask: 0.1028, loss_texture: 0.0415, iou: 0.8619, loss: 0.1443
2026-04-29 17:59:14,198 - mmdet - INFO - Iter [9100/30000]	lr: 1.000e-04, eta: 7:43:37, time: 1.096, data_time: 0.011, memory: 37111, loss_mask: 0.1047, loss_texture: 0.0416, iou: 0.8644, loss: 0.1462
2026-04-29 17:59:41,567 - mmdet - INFO - Iter [9125/30000]	lr: 1.000e-04, eta: 7:42:50, time: 1.095, data_time: 0.011, memory: 37111, loss_mask: 0.0993, loss_texture: 0.0374, iou: 0.8466, loss: 0.1367
2026-04-29 18:00:08,989 - mmdet - INFO - Iter [9150/30000]	lr: 1.000e-04, eta: 7:42:03, time: 1.097, data_time: 0.012, memory: 37111, loss_mask: 0.0890, loss_texture: 0.0358, iou: 0.8532, loss: 0.1248
2026-04-29 18:00:36,343 - mmdet - INFO - Iter [9175/30000]	lr: 1.000e-04, eta: 7:41:17, time: 1.094, data_time: 0.012, memory: 37111, loss_mask: 0.0982, loss_texture: 0.0379, iou: 0.8582, loss: 0.1361
2026-04-29 18:01:03,843 - mmdet - INFO - Iter [9200/30000]	lr: 1.000e-04, eta: 7:40:30, time: 1.100, data_time: 0.011, memory: 37111, loss_mask: 0.1098, loss_texture: 0.0392, iou: 0.8439, loss: 0.1489
2026-04-29 18:01:31,199 - mmdet - INFO - Iter [9225/30000]	lr: 1.000e-04, eta: 7:39:44, time: 1.094, data_time: 0.011, memory: 37111, loss_mask: 0.0942, loss_texture: 0.0349, iou: 0.8591, loss: 0.1291
2026-04-29 18:01:58,573 - mmdet - INFO - Iter [9250/30000]	lr: 1.000e-04, eta: 7:38:58, time: 1.095, data_time: 0.011, memory: 37111, loss_mask: 0.1014, loss_texture: 0.0376, iou: 0.8619, loss: 0.1391
2026-04-29 18:02:25,884 - mmdet - INFO - Iter [9275/30000]	lr: 1.000e-04, eta: 7:38:11, time: 1.092, data_time: 0.012, memory: 37111, loss_mask: 0.1038, loss_texture: 0.0378, iou: 0.8539, loss: 0.1416
2026-04-29 18:02:53,375 - mmdet - INFO - Iter [9300/30000]	lr: 1.000e-04, eta: 7:37:26, time: 1.100, data_time: 0.011, memory: 37111, loss_mask: 0.1103, loss_texture: 0.0433, iou: 0.8599, loss: 0.1536
2026-04-29 18:03:20,792 - mmdet - INFO - Iter [9325/30000]	lr: 1.000e-04, eta: 7:36:40, time: 1.097, data_time: 0.011, memory: 37111, loss_mask: 0.1007, loss_texture: 0.0369, iou: 0.8508, loss: 0.1376
2026-04-29 18:03:48,151 - mmdet - INFO - Iter [9350/30000]	lr: 1.000e-04, eta: 7:35:54, time: 1.094, data_time: 0.011, memory: 37111, loss_mask: 0.0917, loss_texture: 0.0365, iou: 0.8725, loss: 0.1282
2026-04-29 18:04:15,480 - mmdet - INFO - Iter [9375/30000]	lr: 1.000e-04, eta: 7:35:08, time: 1.093, data_time: 0.012, memory: 37111, loss_mask: 0.0824, loss_texture: 0.0321, iou: 0.8683, loss: 0.1145
2026-04-29 18:04:42,898 - mmdet - INFO - Iter [9400/30000]	lr: 1.000e-04, eta: 7:34:23, time: 1.097, data_time: 0.011, memory: 37111, loss_mask: 0.0912, loss_texture: 0.0367, iou: 0.8666, loss: 0.1279
2026-04-29 18:05:10,261 - mmdet - INFO - Iter [9425/30000]	lr: 1.000e-04, eta: 7:33:37, time: 1.094, data_time: 0.011, memory: 37111, loss_mask: 0.0941, loss_texture: 0.0381, iou: 0.8526, loss: 0.1322
2026-04-29 18:05:37,624 - mmdet - INFO - Iter [9450/30000]	lr: 1.000e-04, eta: 7:32:51, time: 1.095, data_time: 0.011, memory: 37111, loss_mask: 0.0973, loss_texture: 0.0386, iou: 0.8534, loss: 0.1359
2026-04-29 18:06:04,936 - mmdet - INFO - Iter [9475/30000]	lr: 1.000e-04, eta: 7:32:06, time: 1.092, data_time: 0.012, memory: 37111, loss_mask: 0.1024, loss_texture: 0.0399, iou: 0.8554, loss: 0.1424
2026-04-29 18:06:32,314 - mmdet - INFO - 
--- Val evaluation at iter 9500 ---
2026-04-29 18:08:25,906 - mmdet - INFO - 
+------------+-------------+-------------+
| Class      | Val IoU     | Pseudo IoU  |
+------------+-------------+-------------+
| background | 91.40       | 92.68       |
| building   | 64.76       | 69.14       |
| Summary    | mIoU: 78.08 | mIoU: 80.91 |
+------------+-------------+-------------+
Images evaluated: 218
2026-04-29 18:08:27,356 - mmdet - INFO - Iter [9500/30000]	lr: 1.000e-04, eta: 7:31:21, time: 1.095, data_time: 0.011, memory: 37111, val/mIoU: 0.7808, val/IoU.building: 0.6476, val/IoU.background: 0.9140, val/Pseudo_mIoU: 0.8091, loss_mask: 0.0931, loss_texture: 0.0332, iou: 0.8649, loss: 0.1262
2026-04-29 18:08:54,673 - mmdet - INFO - Iter [9525/30000]	lr: 1.000e-04, eta: 7:34:43, time: 5.694, data_time: 4.613, memory: 37111, loss_mask: 0.0891, loss_texture: 0.0322, iou: 0.8478, loss: 0.1213
2026-04-29 18:09:22,144 - mmdet - INFO - Iter [9550/30000]	lr: 1.000e-04, eta: 7:33:57, time: 1.099, data_time: 0.012, memory: 37111, loss_mask: 0.1093, loss_texture: 0.0382, iou: 0.8576, loss: 0.1475
2026-04-29 18:09:49,601 - mmdet - INFO - Iter [9575/30000]	lr: 1.000e-04, eta: 7:33:11, time: 1.098, data_time: 0.012, memory: 37111, loss_mask: 0.0948, loss_texture: 0.0375, iou: 0.8568, loss: 0.1322
2026-04-29 18:10:16,945 - mmdet - INFO - Iter [9600/30000]	lr: 1.000e-04, eta: 7:32:25, time: 1.094, data_time: 0.011, memory: 37111, loss_mask: 0.1015, loss_texture: 0.0371, iou: 0.8559, loss: 0.1386
2026-04-29 18:10:44,455 - mmdet - INFO - Iter [9625/30000]	lr: 1.000e-04, eta: 7:31:40, time: 1.100, data_time: 0.011, memory: 37111, loss_mask: 0.1087, loss_texture: 0.0397, iou: 0.8529, loss: 0.1485
2026-04-29 18:11:11,892 - mmdet - INFO - Iter [9650/30000]	lr: 1.000e-04, eta: 7:30:54, time: 1.097, data_time: 0.011, memory: 37111, loss_mask: 0.0991, loss_texture: 0.0386, iou: 0.8657, loss: 0.1377
2026-04-29 18:11:39,181 - mmdet - INFO - Iter [9675/30000]	lr: 1.000e-04, eta: 7:30:09, time: 1.092, data_time: 0.012, memory: 37111, loss_mask: 0.0925, loss_texture: 0.0336, iou: 0.8515, loss: 0.1260
2026-04-29 18:12:06,579 - mmdet - INFO - Iter [9700/30000]	lr: 1.000e-04, eta: 7:29:23, time: 1.096, data_time: 0.011, memory: 37111, loss_mask: 0.1131, loss_texture: 0.0386, iou: 0.8458, loss: 0.1517
2026-04-29 18:12:34,016 - mmdet - INFO - Iter [9725/30000]	lr: 1.000e-04, eta: 7:28:38, time: 1.097, data_time: 0.011, memory: 37111, loss_mask: 0.1040, loss_texture: 0.0414, iou: 0.8633, loss: 0.1454
2026-04-29 18:13:01,458 - mmdet - INFO - Iter [9750/30000]	lr: 1.000e-04, eta: 7:27:53, time: 1.098, data_time: 0.012, memory: 37111, loss_mask: 0.0919, loss_texture: 0.0356, iou: 0.8680, loss: 0.1275
2026-04-29 18:13:29,064 - mmdet - INFO - Iter [9775/30000]	lr: 1.000e-04, eta: 7:27:08, time: 1.104, data_time: 0.012, memory: 37111, loss_mask: 0.0894, loss_texture: 0.0369, iou: 0.8615, loss: 0.1263
2026-04-29 18:13:56,592 - mmdet - INFO - Iter [9800/30000]	lr: 1.000e-04, eta: 7:26:23, time: 1.101, data_time: 0.011, memory: 37111, loss_mask: 0.0859, loss_texture: 0.0338, iou: 0.8766, loss: 0.1196
2026-04-29 18:14:24,096 - mmdet - INFO - Iter [9825/30000]	lr: 1.000e-04, eta: 7:25:39, time: 1.100, data_time: 0.012, memory: 37111, loss_mask: 0.0978, loss_texture: 0.0390, iou: 0.8512, loss: 0.1369
2026-04-29 18:14:51,466 - mmdet - INFO - Iter [9850/30000]	lr: 1.000e-04, eta: 7:24:54, time: 1.095, data_time: 0.011, memory: 37111, loss_mask: 0.0851, loss_texture: 0.0340, iou: 0.8508, loss: 0.1191
2026-04-29 18:15:18,770 - mmdet - INFO - Iter [9875/30000]	lr: 1.000e-04, eta: 7:24:09, time: 1.092, data_time: 0.012, memory: 37111, loss_mask: 0.0975, loss_texture: 0.0380, iou: 0.8526, loss: 0.1355
2026-04-29 18:15:46,276 - mmdet - INFO - Iter [9900/30000]	lr: 1.000e-04, eta: 7:23:24, time: 1.100, data_time: 0.011, memory: 37111, loss_mask: 0.0902, loss_texture: 0.0350, iou: 0.8697, loss: 0.1252
2026-04-29 18:16:13,650 - mmdet - INFO - Iter [9925/30000]	lr: 1.000e-04, eta: 7:22:40, time: 1.095, data_time: 0.011, memory: 37111, loss_mask: 0.0954, loss_texture: 0.0360, iou: 0.8691, loss: 0.1314
2026-04-29 18:16:41,081 - mmdet - INFO - Iter [9950/30000]	lr: 1.000e-04, eta: 7:21:55, time: 1.097, data_time: 0.012, memory: 37111, loss_mask: 0.0918, loss_texture: 0.0330, iou: 0.8745, loss: 0.1248
2026-04-29 18:17:08,500 - mmdet - INFO - Iter [9975/30000]	lr: 1.000e-04, eta: 7:21:11, time: 1.097, data_time: 0.012, memory: 37111, loss_mask: 0.1100, loss_texture: 0.0384, iou: 0.8374, loss: 0.1484
2026-04-29 18:17:35,918 - mmdet - INFO - 
--- Val evaluation at iter 10000 ---
2026-04-29 18:19:27,437 - mmdet - INFO - 
+------------+-------------+-------------+
| Class      | Val IoU     | Pseudo IoU  |
+------------+-------------+-------------+
| background | 91.64       | 92.68       |
| building   | 65.45       | 69.14       |
| Summary    | mIoU: 78.55 | mIoU: 80.91 |
+------------+-------------+-------------+
Images evaluated: 218
2026-04-29 18:19:28,828 - mmdet - INFO - Exp name: exp8_all.py
2026-04-29 18:19:28,829 - mmdet - INFO - Iter [10000/30000]	lr: 1.000e-04, eta: 7:20:26, time: 1.097, data_time: 0.011, memory: 37111, val/mIoU: 0.7855, val/IoU.building: 0.6545, val/IoU.background: 0.9164, val/Pseudo_mIoU: 0.8091, loss_mask: 0.1050, loss_texture: 0.0397, iou: 0.8471, loss: 0.1447
2026-04-29 18:19:56,138 - mmdet - INFO - Iter [10025/30000]	lr: 1.000e-04, eta: 7:23:27, time: 5.609, data_time: 4.528, memory: 37111, loss_mask: 0.0924, loss_texture: 0.0348, iou: 0.8608, loss: 0.1272
2026-04-29 18:20:23,370 - mmdet - INFO - Iter [10050/30000]	lr: 1.000e-04, eta: 7:22:42, time: 1.089, data_time: 0.012, memory: 37111, loss_mask: 0.0874, loss_texture: 0.0347, iou: 0.8590, loss: 0.1222
2026-04-29 18:20:50,607 - mmdet - INFO - Iter [10075/30000]	lr: 1.000e-04, eta: 7:21:56, time: 1.089, data_time: 0.012, memory: 37111, loss_mask: 0.1050, loss_texture: 0.0364, iou: 0.8472, loss: 0.1413
2026-04-29 18:21:17,846 - mmdet - INFO - Iter [10100/30000]	lr: 1.000e-04, eta: 7:21:11, time: 1.090, data_time: 0.011, memory: 37111, loss_mask: 0.0931, loss_texture: 0.0352, iou: 0.8536, loss: 0.1283
2026-04-29 18:21:45,161 - mmdet - INFO - Iter [10125/30000]	lr: 1.000e-04, eta: 7:20:26, time: 1.093, data_time: 0.011, memory: 37111, loss_mask: 0.0913, loss_texture: 0.0379, iou: 0.8771, loss: 0.1292
2026-04-29 18:22:12,451 - mmdet - INFO - Iter [10150/30000]	lr: 1.000e-04, eta: 7:19:41, time: 1.092, data_time: 0.012, memory: 37111, loss_mask: 0.0963, loss_texture: 0.0357, iou: 0.8544, loss: 0.1320
2026-04-29 18:22:39,766 - mmdet - INFO - Iter [10175/30000]	lr: 1.000e-04, eta: 7:18:57, time: 1.093, data_time: 0.012, memory: 37111, loss_mask: 0.0713, loss_texture: 0.0292, iou: 0.8682, loss: 0.1005
2026-04-29 18:23:07,133 - mmdet - INFO - Iter [10200/30000]	lr: 1.000e-04, eta: 7:18:12, time: 1.095, data_time: 0.011, memory: 37111, loss_mask: 0.0903, loss_texture: 0.0348, iou: 0.8611, loss: 0.1251
2026-04-29 18:23:34,601 - mmdet - INFO - Iter [10225/30000]	lr: 1.000e-04, eta: 7:17:28, time: 1.099, data_time: 0.011, memory: 37111, loss_mask: 0.0984, loss_texture: 0.0387, iou: 0.8467, loss: 0.1371
2026-04-29 18:24:01,978 - mmdet - INFO - Iter [10250/30000]	lr: 1.000e-04, eta: 7:16:43, time: 1.095, data_time: 0.011, memory: 37111, loss_mask: 0.1122, loss_texture: 0.0417, iou: 0.8526, loss: 0.1538
2026-04-29 18:24:29,349 - mmdet - INFO - Iter [10275/30000]	lr: 1.000e-04, eta: 7:15:59, time: 1.095, data_time: 0.012, memory: 37111, loss_mask: 0.1056, loss_texture: 0.0420, iou: 0.8694, loss: 0.1475
2026-04-29 18:24:56,646 - mmdet - INFO - Iter [10300/30000]	lr: 1.000e-04, eta: 7:15:15, time: 1.092, data_time: 0.011, memory: 37111, loss_mask: 0.0993, loss_texture: 0.0392, iou: 0.8632, loss: 0.1385
2026-04-29 18:25:23,972 - mmdet - INFO - Iter [10325/30000]	lr: 1.000e-04, eta: 7:14:31, time: 1.093, data_time: 0.011, memory: 37111, loss_mask: 0.1119, loss_texture: 0.0380, iou: 0.8380, loss: 0.1499
2026-04-29 18:25:51,358 - mmdet - INFO - Iter [10350/30000]	lr: 1.000e-04, eta: 7:13:46, time: 1.095, data_time: 0.012, memory: 37111, loss_mask: 0.1045, loss_texture: 0.0365, iou: 0.8448, loss: 0.1411
2026-04-29 18:26:18,848 - mmdet - INFO - Iter [10375/30000]	lr: 1.000e-04, eta: 7:13:03, time: 1.100, data_time: 0.012, memory: 37111, loss_mask: 0.1000, loss_texture: 0.0376, iou: 0.8536, loss: 0.1376
2026-04-29 18:26:46,284 - mmdet - INFO - Iter [10400/30000]	lr: 1.000e-04, eta: 7:12:19, time: 1.097, data_time: 0.011, memory: 37111, loss_mask: 0.1159, loss_texture: 0.0439, iou: 0.8492, loss: 0.1598
2026-04-29 18:27:13,670 - mmdet - INFO - Iter [10425/30000]	lr: 1.000e-04, eta: 7:11:35, time: 1.095, data_time: 0.011, memory: 37111, loss_mask: 0.1020, loss_texture: 0.0377, iou: 0.8574, loss: 0.1396
2026-04-29 18:27:41,074 - mmdet - INFO - Iter [10450/30000]	lr: 1.000e-04, eta: 7:10:52, time: 1.096, data_time: 0.012, memory: 37111, loss_mask: 0.0987, loss_texture: 0.0386, iou: 0.8539, loss: 0.1373
2026-04-29 18:28:08,341 - mmdet - INFO - Iter [10475/30000]	lr: 1.000e-04, eta: 7:10:08, time: 1.091, data_time: 0.012, memory: 37111, loss_mask: 0.0963, loss_texture: 0.0353, iou: 0.8556, loss: 0.1316
2026-04-29 18:28:35,608 - mmdet - INFO - 
--- Val evaluation at iter 10500 ---
2026-04-29 18:30:28,610 - mmdet - INFO - 
+------------+-------------+-------------+
| Class      | Val IoU     | Pseudo IoU  |
+------------+-------------+-------------+
| background | 91.85       | 92.68       |
| building   | 66.35       | 69.14       |
| Summary    | mIoU: 79.10 | mIoU: 80.91 |
+------------+-------------+-------------+
Images evaluated: 218
2026-04-29 18:30:31,317 - mmdet - INFO - ★ New best mIoU: 79.10% (prev: 78.69%, Δ=+0.41%) → saved to /home/ubuntu/vy/Denoiser/SegRefiner/work_dirs/exp8_all/best_model.pth
2026-04-29 18:30:31,322 - mmdet - INFO - Iter [10500/30000]	lr: 1.000e-04, eta: 7:09:24, time: 1.091, data_time: 0.011, memory: 37111, val/mIoU: 0.7910, val/IoU.building: 0.6635, val/IoU.background: 0.9185, val/Pseudo_mIoU: 0.8091, loss_mask: 0.0864, loss_texture: 0.0356, iou: 0.8624, loss: 0.1220
2026-04-29 18:30:58,709 - mmdet - INFO - Iter [10525/30000]	lr: 1.000e-04, eta: 7:12:15, time: 5.724, data_time: 4.640, memory: 37111, loss_mask: 0.0906, loss_texture: 0.0367, iou: 0.8611, loss: 0.1273
2026-04-29 18:31:26,178 - mmdet - INFO - Iter [10550/30000]	lr: 1.000e-04, eta: 7:11:30, time: 1.099, data_time: 0.011, memory: 37111, loss_mask: 0.0937, loss_texture: 0.0377, iou: 0.8605, loss: 0.1314
2026-04-29 18:31:53,494 - mmdet - INFO - Iter [10575/30000]	lr: 1.000e-04, eta: 7:10:46, time: 1.093, data_time: 0.012, memory: 37111, loss_mask: 0.1080, loss_texture: 0.0375, iou: 0.8660, loss: 0.1455
2026-04-29 18:32:20,919 - mmdet - INFO - Iter [10600/30000]	lr: 1.000e-04, eta: 7:10:02, time: 1.097, data_time: 0.012, memory: 37111, loss_mask: 0.0942, loss_texture: 0.0369, iou: 0.8457, loss: 0.1311
2026-04-29 18:32:48,357 - mmdet - INFO - Iter [10625/30000]	lr: 1.000e-04, eta: 7:09:18, time: 1.097, data_time: 0.011, memory: 37111, loss_mask: 0.0957, loss_texture: 0.0393, iou: 0.8663, loss: 0.1350
2026-04-29 18:33:15,763 - mmdet - INFO - Iter [10650/30000]	lr: 1.000e-04, eta: 7:08:35, time: 1.096, data_time: 0.012, memory: 37111, loss_mask: 0.0944, loss_texture: 0.0377, iou: 0.8708, loss: 0.1321
2026-04-29 18:33:43,042 - mmdet - INFO - Iter [10675/30000]	lr: 1.000e-04, eta: 7:07:51, time: 1.091, data_time: 0.012, memory: 37111, loss_mask: 0.0956, loss_texture: 0.0368, iou: 0.8564, loss: 0.1324
2026-04-29 18:34:10,408 - mmdet - INFO - Iter [10700/30000]	lr: 1.000e-04, eta: 7:07:07, time: 1.095, data_time: 0.011, memory: 37111, loss_mask: 0.0950, loss_texture: 0.0372, iou: 0.8675, loss: 0.1322
2026-04-29 18:34:37,733 - mmdet - INFO - Iter [10725/30000]	lr: 1.000e-04, eta: 7:06:23, time: 1.093, data_time: 0.011, memory: 37111, loss_mask: 0.0882, loss_texture: 0.0335, iou: 0.8574, loss: 0.1217
2026-04-29 18:35:05,139 - mmdet - INFO - Iter [10750/30000]	lr: 1.000e-04, eta: 7:05:40, time: 1.096, data_time: 0.011, memory: 37111, loss_mask: 0.0992, loss_texture: 0.0389, iou: 0.8641, loss: 0.1381
2026-04-29 18:35:32,600 - mmdet - INFO - Iter [10775/30000]	lr: 1.000e-04, eta: 7:04:56, time: 1.098, data_time: 0.012, memory: 37111, loss_mask: 0.0940, loss_texture: 0.0362, iou: 0.8639, loss: 0.1303
2026-04-29 18:36:00,093 - mmdet - INFO - Iter [10800/30000]	lr: 1.000e-04, eta: 7:04:13, time: 1.100, data_time: 0.011, memory: 37111, loss_mask: 0.0958, loss_texture: 0.0361, iou: 0.8513, loss: 0.1319
2026-04-29 18:36:27,391 - mmdet - INFO - Iter [10825/30000]	lr: 1.000e-04, eta: 7:03:30, time: 1.092, data_time: 0.011, memory: 37111, loss_mask: 0.1023, loss_texture: 0.0389, iou: 0.8574, loss: 0.1412
2026-04-29 18:36:54,874 - mmdet - INFO - Iter [10850/30000]	lr: 1.000e-04, eta: 7:02:46, time: 1.099, data_time: 0.011, memory: 37111, loss_mask: 0.0888, loss_texture: 0.0357, iou: 0.8508, loss: 0.1245
2026-04-29 18:37:22,285 - mmdet - INFO - Iter [10875/30000]	lr: 1.000e-04, eta: 7:02:03, time: 1.096, data_time: 0.012, memory: 37111, loss_mask: 0.1047, loss_texture: 0.0401, iou: 0.8540, loss: 0.1448
2026-04-29 18:37:49,701 - mmdet - INFO - Iter [10900/30000]	lr: 1.000e-04, eta: 7:01:20, time: 1.097, data_time: 0.011, memory: 37111, loss_mask: 0.1025, loss_texture: 0.0371, iou: 0.8620, loss: 0.1396
2026-04-29 18:38:17,086 - mmdet - INFO - Iter [10925/30000]	lr: 1.000e-04, eta: 7:00:37, time: 1.095, data_time: 0.011, memory: 37111, loss_mask: 0.1055, loss_texture: 0.0388, iou: 0.8614, loss: 0.1443
2026-04-29 18:38:44,409 - mmdet - INFO - Iter [10950/30000]	lr: 1.000e-04, eta: 6:59:54, time: 1.093, data_time: 0.012, memory: 37111, loss_mask: 0.0863, loss_texture: 0.0343, iou: 0.8584, loss: 0.1206
2026-04-29 18:39:11,814 - mmdet - INFO - Iter [10975/30000]	lr: 1.000e-04, eta: 6:59:11, time: 1.096, data_time: 0.012, memory: 37111, loss_mask: 0.0904, loss_texture: 0.0352, iou: 0.8683, loss: 0.1256
2026-04-29 18:39:39,292 - mmdet - INFO - 
--- Val evaluation at iter 11000 ---
2026-04-29 18:41:32,635 - mmdet - INFO - 
+------------+-------------+-------------+
| Class      | Val IoU     | Pseudo IoU  |
+------------+-------------+-------------+
| background | 91.71       | 92.68       |
| building   | 63.90       | 69.14       |
| Summary    | mIoU: 77.80 | mIoU: 80.91 |
+------------+-------------+-------------+
Images evaluated: 218
2026-04-29 18:41:34,046 - mmdet - INFO - Exp name: exp8_all.py
2026-04-29 18:41:34,047 - mmdet - INFO - Iter [11000/30000]	lr: 1.000e-04, eta: 6:58:29, time: 1.099, data_time: 0.011, memory: 37111, val/mIoU: 0.7780, val/IoU.building: 0.6390, val/IoU.background: 0.9171, val/Pseudo_mIoU: 0.8091, loss_mask: 0.0949, loss_texture: 0.0355, iou: 0.8583, loss: 0.1305
2026-04-29 18:42:01,461 - mmdet - INFO - Iter [11025/30000]	lr: 1.000e-04, eta: 7:01:03, time: 5.687, data_time: 4.601, memory: 37111, loss_mask: 0.1018, loss_texture: 0.0397, iou: 0.8400, loss: 0.1415
2026-04-29 18:42:28,938 - mmdet - INFO - Iter [11050/30000]	lr: 1.000e-04, eta: 7:00:20, time: 1.099, data_time: 0.012, memory: 37111, loss_mask: 0.1008, loss_texture: 0.0390, iou: 0.8646, loss: 0.1398
2026-04-29 18:42:56,476 - mmdet - INFO - Iter [11075/30000]	lr: 1.000e-04, eta: 6:59:37, time: 1.101, data_time: 0.012, memory: 37111, loss_mask: 0.0861, loss_texture: 0.0343, iou: 0.8714, loss: 0.1204
2026-04-29 18:43:23,699 - mmdet - INFO - Iter [11100/30000]	lr: 1.000e-04, eta: 6:58:53, time: 1.089, data_time: 0.011, memory: 37111, loss_mask: 0.0906, loss_texture: 0.0334, iou: 0.8678, loss: 0.1241
2026-04-29 18:43:51,053 - mmdet - INFO - Iter [11125/30000]	lr: 1.000e-04, eta: 6:58:10, time: 1.094, data_time: 0.011, memory: 37111, loss_mask: 0.0896, loss_texture: 0.0361, iou: 0.8693, loss: 0.1257
2026-04-29 18:44:18,438 - mmdet - INFO - Iter [11150/30000]	lr: 1.000e-04, eta: 6:57:27, time: 1.095, data_time: 0.012, memory: 37111, loss_mask: 0.0979, loss_texture: 0.0379, iou: 0.8508, loss: 0.1358
2026-04-29 18:44:46,039 - mmdet - INFO - Iter [11175/30000]	lr: 1.000e-04, eta: 6:56:44, time: 1.104, data_time: 0.012, memory: 37111, loss_mask: 0.0929, loss_texture: 0.0371, iou: 0.8663, loss: 0.1300
2026-04-29 18:45:13,644 - mmdet - INFO - Iter [11200/30000]	lr: 1.000e-04, eta: 6:56:02, time: 1.104, data_time: 0.011, memory: 37111, loss_mask: 0.0920, loss_texture: 0.0360, iou: 0.8580, loss: 0.1280
2026-04-29 18:45:41,045 - mmdet - INFO - Iter [11225/30000]	lr: 1.000e-04, eta: 6:55:19, time: 1.096, data_time: 0.011, memory: 37111, loss_mask: 0.0890, loss_texture: 0.0364, iou: 0.8698, loss: 0.1254
2026-04-29 18:46:08,489 - mmdet - INFO - Iter [11250/30000]	lr: 1.000e-04, eta: 6:54:36, time: 1.098, data_time: 0.011, memory: 37111, loss_mask: 0.0954, loss_texture: 0.0371, iou: 0.8608, loss: 0.1325
2026-04-29 18:46:35,870 - mmdet - INFO - Iter [11275/30000]	lr: 1.000e-04, eta: 6:53:53, time: 1.095, data_time: 0.012, memory: 37111, loss_mask: 0.0885, loss_texture: 0.0354, iou: 0.8702, loss: 0.1238
2026-04-29 18:47:03,158 - mmdet - INFO - Iter [11300/30000]	lr: 1.000e-04, eta: 6:53:11, time: 1.092, data_time: 0.011, memory: 37111, loss_mask: 0.0926, loss_texture: 0.0363, iou: 0.8526, loss: 0.1289
2026-04-29 18:47:30,531 - mmdet - INFO - Iter [11325/30000]	lr: 1.000e-04, eta: 6:52:28, time: 1.095, data_time: 0.011, memory: 37111, loss_mask: 0.0855, loss_texture: 0.0339, iou: 0.8797, loss: 0.1194
2026-04-29 18:47:58,007 - mmdet - INFO - Iter [11350/30000]	lr: 1.000e-04, eta: 6:51:45, time: 1.099, data_time: 0.011, memory: 37111, loss_mask: 0.0827, loss_texture: 0.0341, iou: 0.8608, loss: 0.1168
2026-04-29 18:48:25,553 - mmdet - INFO - Iter [11375/30000]	lr: 1.000e-04, eta: 6:51:03, time: 1.102, data_time: 0.012, memory: 37111, loss_mask: 0.0948, loss_texture: 0.0334, iou: 0.8586, loss: 0.1283
2026-04-29 18:48:53,158 - mmdet - INFO - Iter [11400/30000]	lr: 1.000e-04, eta: 6:50:21, time: 1.104, data_time: 0.011, memory: 37111, loss_mask: 0.0872, loss_texture: 0.0337, iou: 0.8661, loss: 0.1208
2026-04-29 18:49:20,571 - mmdet - INFO - Iter [11425/30000]	lr: 1.000e-04, eta: 6:49:39, time: 1.097, data_time: 0.011, memory: 37111, loss_mask: 0.0994, loss_texture: 0.0390, iou: 0.8403, loss: 0.1384
2026-04-29 18:49:48,027 - mmdet - INFO - Iter [11450/30000]	lr: 1.000e-04, eta: 6:48:57, time: 1.098, data_time: 0.011, memory: 37111, loss_mask: 0.0991, loss_texture: 0.0373, iou: 0.8614, loss: 0.1364
2026-04-29 18:50:15,595 - mmdet - INFO - Iter [11475/30000]	lr: 1.000e-04, eta: 6:48:15, time: 1.103, data_time: 0.012, memory: 37111, loss_mask: 0.0990, loss_texture: 0.0374, iou: 0.8569, loss: 0.1365
2026-04-29 18:50:43,106 - mmdet - INFO - 
--- Val evaluation at iter 11500 ---
2026-04-29 18:52:36,033 - mmdet - INFO - 
+------------+-------------+-------------+
| Class      | Val IoU     | Pseudo IoU  |
+------------+-------------+-------------+
| background | 91.92       | 92.68       |
| building   | 65.29       | 69.14       |
| Summary    | mIoU: 78.60 | mIoU: 80.91 |
+------------+-------------+-------------+
Images evaluated: 218
2026-04-29 18:52:37,438 - mmdet - INFO - Iter [11500/30000]	lr: 1.000e-04, eta: 6:47:33, time: 1.100, data_time: 0.011, memory: 37111, val/mIoU: 0.7860, val/IoU.building: 0.6529, val/IoU.background: 0.9192, val/Pseudo_mIoU: 0.8091, loss_mask: 0.0949, loss_texture: 0.0374, iou: 0.8607, loss: 0.1322
2026-04-29 18:53:04,895 - mmdet - INFO - Iter [11525/30000]	lr: 1.000e-04, eta: 6:49:54, time: 5.672, data_time: 4.585, memory: 37111, loss_mask: 0.0853, loss_texture: 0.0343, iou: 0.8805, loss: 0.1196
2026-04-29 18:53:32,425 - mmdet - INFO - Iter [11550/30000]	lr: 1.000e-04, eta: 6:49:11, time: 1.101, data_time: 0.011, memory: 37111, loss_mask: 0.0798, loss_texture: 0.0312, iou: 0.8641, loss: 0.1111
2026-04-29 18:53:59,865 - mmdet - INFO - Iter [11575/30000]	lr: 1.000e-04, eta: 6:48:29, time: 1.098, data_time: 0.012, memory: 37111, loss_mask: 0.0961, loss_texture: 0.0351, iou: 0.8715, loss: 0.1312
2026-04-29 18:54:27,209 - mmdet - INFO - Iter [11600/30000]	lr: 1.000e-04, eta: 6:47:46, time: 1.094, data_time: 0.011, memory: 37111, loss_mask: 0.0813, loss_texture: 0.0339, iou: 0.8800, loss: 0.1152
2026-04-29 18:54:54,506 - mmdet - INFO - Iter [11625/30000]	lr: 1.000e-04, eta: 6:47:04, time: 1.092, data_time: 0.012, memory: 37111, loss_mask: 0.1033, loss_texture: 0.0369, iou: 0.8461, loss: 0.1403
2026-04-29 18:55:21,926 - mmdet - INFO - Iter [11650/30000]	lr: 1.000e-04, eta: 6:46:21, time: 1.097, data_time: 0.011, memory: 37111, loss_mask: 0.1141, loss_texture: 0.0418, iou: 0.8494, loss: 0.1559
2026-04-29 18:55:49,260 - mmdet - INFO - Iter [11675/30000]	lr: 1.000e-04, eta: 6:45:39, time: 1.093, data_time: 0.012, memory: 37111, loss_mask: 0.1102, loss_texture: 0.0401, iou: 0.8472, loss: 0.1503
2026-04-29 18:56:16,713 - mmdet - INFO - Iter [11700/30000]	lr: 1.000e-04, eta: 6:44:57, time: 1.098, data_time: 0.011, memory: 37111, loss_mask: 0.1027, loss_texture: 0.0399, iou: 0.8541, loss: 0.1425
2026-04-29 18:56:44,248 - mmdet - INFO - Iter [11725/30000]	lr: 1.000e-04, eta: 6:44:15, time: 1.101, data_time: 0.011, memory: 37111, loss_mask: 0.0946, loss_texture: 0.0378, iou: 0.8531, loss: 0.1324
2026-04-29 18:57:11,674 - mmdet - INFO - Iter [11750/30000]	lr: 1.000e-04, eta: 6:43:32, time: 1.097, data_time: 0.012, memory: 37111, loss_mask: 0.0980, loss_texture: 0.0388, iou: 0.8562, loss: 0.1367
2026-04-29 18:57:39,097 - mmdet - INFO - Iter [11775/30000]	lr: 1.000e-04, eta: 6:42:50, time: 1.097, data_time: 0.012, memory: 37111, loss_mask: 0.1016, loss_texture: 0.0404, iou: 0.8603, loss: 0.1420
2026-04-29 18:58:06,420 - mmdet - INFO - Iter [11800/30000]	lr: 1.000e-04, eta: 6:42:08, time: 1.093, data_time: 0.011, memory: 37111, loss_mask: 0.0874, loss_texture: 0.0361, iou: 0.8725, loss: 0.1235
2026-04-29 18:58:33,824 - mmdet - INFO - Iter [11825/30000]	lr: 1.000e-04, eta: 6:41:26, time: 1.096, data_time: 0.011, memory: 37111, loss_mask: 0.0948, loss_texture: 0.0370, iou: 0.8679, loss: 0.1318
2026-04-29 18:59:01,370 - mmdet - INFO - Iter [11850/30000]	lr: 1.000e-04, eta: 6:40:45, time: 1.102, data_time: 0.012, memory: 37111, loss_mask: 0.0904, loss_texture: 0.0341, iou: 0.8651, loss: 0.1245
2026-04-29 18:59:28,833 - mmdet - INFO - Iter [11875/30000]	lr: 1.000e-04, eta: 6:40:03, time: 1.099, data_time: 0.012, memory: 37111, loss_mask: 0.0905, loss_texture: 0.0369, iou: 0.8799, loss: 0.1274
2026-04-29 18:59:56,174 - mmdet - INFO - Iter [11900/30000]	lr: 1.000e-04, eta: 6:39:21, time: 1.094, data_time: 0.011, memory: 37111, loss_mask: 0.0891, loss_texture: 0.0353, iou: 0.8565, loss: 0.1244
2026-04-29 19:00:23,403 - mmdet - INFO - Iter [11925/30000]	lr: 1.000e-04, eta: 6:38:39, time: 1.089, data_time: 0.011, memory: 37111, loss_mask: 0.0969, loss_texture: 0.0367, iou: 0.8629, loss: 0.1336
2026-04-29 19:00:50,697 - mmdet - INFO - Iter [11950/30000]	lr: 1.000e-04, eta: 6:37:57, time: 1.092, data_time: 0.012, memory: 37111, loss_mask: 0.0891, loss_texture: 0.0319, iou: 0.8390, loss: 0.1209
2026-04-29 19:01:18,171 - mmdet - INFO - Iter [11975/30000]	lr: 1.000e-04, eta: 6:37:16, time: 1.099, data_time: 0.012, memory: 37111, loss_mask: 0.1047, loss_texture: 0.0391, iou: 0.8557, loss: 0.1439
2026-04-29 19:01:45,615 - mmdet - INFO - 
--- Val evaluation at iter 12000 ---
2026-04-29 19:03:39,147 - mmdet - INFO - 
+------------+-------------+-------------+
| Class      | Val IoU     | Pseudo IoU  |
+------------+-------------+-------------+
| background | 91.53       | 92.68       |
| building   | 63.15       | 69.14       |
| Summary    | mIoU: 77.34 | mIoU: 80.91 |
+------------+-------------+-------------+
Images evaluated: 218
2026-04-29 19:03:40,549 - mmdet - INFO - Exp name: exp8_all.py
2026-04-29 19:03:40,549 - mmdet - INFO - Iter [12000/30000]	lr: 1.000e-04, eta: 6:36:34, time: 1.098, data_time: 0.011, memory: 37111, val/mIoU: 0.7734, val/IoU.building: 0.6315, val/IoU.background: 0.9153, val/Pseudo_mIoU: 0.8091, loss_mask: 0.1075, loss_texture: 0.0430, iou: 0.8598, loss: 0.1505
2026-04-29 19:04:08,169 - mmdet - INFO - Iter [12025/30000]	lr: 1.000e-04, eta: 6:38:45, time: 5.702, data_time: 4.609, memory: 37111, loss_mask: 0.0868, loss_texture: 0.0341, iou: 0.8738, loss: 0.1209
2026-04-29 19:04:35,681 - mmdet - INFO - Iter [12050/30000]	lr: 1.000e-04, eta: 6:38:03, time: 1.100, data_time: 0.012, memory: 37111, loss_mask: 0.0901, loss_texture: 0.0373, iou: 0.8700, loss: 0.1274
2026-04-29 19:05:03,096 - mmdet - INFO - Iter [12075/30000]	lr: 1.000e-04, eta: 6:37:21, time: 1.097, data_time: 0.012, memory: 37111, loss_mask: 0.0900, loss_texture: 0.0359, iou: 0.8678, loss: 0.1259
2026-04-29 19:05:30,515 - mmdet - INFO - Iter [12100/30000]	lr: 1.000e-04, eta: 6:36:39, time: 1.097, data_time: 0.011, memory: 37111, loss_mask: 0.0860, loss_texture: 0.0330, iou: 0.8752, loss: 0.1190
2026-04-29 19:05:58,009 - mmdet - INFO - Iter [12125/30000]	lr: 1.000e-04, eta: 6:35:57, time: 1.100, data_time: 0.011, memory: 37111, loss_mask: 0.0831, loss_texture: 0.0347, iou: 0.8751, loss: 0.1178
2026-04-29 19:06:25,498 - mmdet - INFO - Iter [12150/30000]	lr: 1.000e-04, eta: 6:35:16, time: 1.100, data_time: 0.011, memory: 37111, loss_mask: 0.0936, loss_texture: 0.0386, iou: 0.8784, loss: 0.1323
2026-04-29 19:06:53,054 - mmdet - INFO - Iter [12175/30000]	lr: 1.000e-04, eta: 6:34:34, time: 1.102, data_time: 0.012, memory: 37111, loss_mask: 0.0840, loss_texture: 0.0348, iou: 0.8736, loss: 0.1188
2026-04-29 19:07:20,609 - mmdet - INFO - Iter [12200/30000]	lr: 1.000e-04, eta: 6:33:53, time: 1.102, data_time: 0.011, memory: 37111, loss_mask: 0.0849, loss_texture: 0.0346, iou: 0.8567, loss: 0.1195
2026-04-29 19:07:48,139 - mmdet - INFO - Iter [12225/30000]	lr: 1.000e-04, eta: 6:33:11, time: 1.101, data_time: 0.011, memory: 37111, loss_mask: 0.0917, loss_texture: 0.0342, iou: 0.8782, loss: 0.1259
2026-04-29 19:08:15,524 - mmdet - INFO - Iter [12250/30000]	lr: 1.000e-04, eta: 6:32:30, time: 1.095, data_time: 0.011, memory: 37111, loss_mask: 0.0882, loss_texture: 0.0341, iou: 0.8532, loss: 0.1223
2026-04-29 19:08:42,863 - mmdet - INFO - Iter [12275/30000]	lr: 1.000e-04, eta: 6:31:48, time: 1.094, data_time: 0.012, memory: 37111, loss_mask: 0.0914, loss_texture: 0.0317, iou: 0.8592, loss: 0.1230
2026-04-29 19:09:10,234 - mmdet - INFO - Iter [12300/30000]	lr: 1.000e-04, eta: 6:31:07, time: 1.095, data_time: 0.011, memory: 37111, loss_mask: 0.0961, loss_texture: 0.0380, iou: 0.8677, loss: 0.1341
2026-04-29 19:09:37,502 - mmdet - INFO - Iter [12325/30000]	lr: 1.000e-04, eta: 6:30:25, time: 1.091, data_time: 0.011, memory: 37111, loss_mask: 0.0972, loss_texture: 0.0355, iou: 0.8622, loss: 0.1328
2026-04-29 19:10:05,004 - mmdet - INFO - Iter [12350/30000]	lr: 1.000e-04, eta: 6:29:44, time: 1.100, data_time: 0.011, memory: 37111, loss_mask: 0.1046, loss_texture: 0.0410, iou: 0.8568, loss: 0.1456
2026-04-29 19:10:32,511 - mmdet - INFO - Iter [12375/30000]	lr: 1.000e-04, eta: 6:29:03, time: 1.100, data_time: 0.012, memory: 37111, loss_mask: 0.0904, loss_texture: 0.0340, iou: 0.8818, loss: 0.1244
2026-04-29 19:10:59,886 - mmdet - INFO - Iter [12400/30000]	lr: 1.000e-04, eta: 6:28:22, time: 1.095, data_time: 0.011, memory: 37111, loss_mask: 0.0917, loss_texture: 0.0373, iou: 0.8681, loss: 0.1290
2026-04-29 19:11:27,200 - mmdet - INFO - Iter [12425/30000]	lr: 1.000e-04, eta: 6:27:40, time: 1.093, data_time: 0.011, memory: 37111, loss_mask: 0.0913, loss_texture: 0.0356, iou: 0.8554, loss: 0.1270
2026-04-29 19:11:54,799 - mmdet - INFO - Iter [12450/30000]	lr: 1.000e-04, eta: 6:26:59, time: 1.104, data_time: 0.011, memory: 37111, loss_mask: 0.1107, loss_texture: 0.0409, iou: 0.8515, loss: 0.1516
2026-04-29 19:12:22,134 - mmdet - INFO - Iter [12475/30000]	lr: 1.000e-04, eta: 6:26:18, time: 1.093, data_time: 0.012, memory: 37111, loss_mask: 0.0848, loss_texture: 0.0345, iou: 0.8577, loss: 0.1193
2026-04-29 19:12:49,524 - mmdet - INFO - 
--- Val evaluation at iter 12500 ---
2026-04-29 19:14:42,335 - mmdet - INFO - 
+------------+-------------+-------------+
| Class      | Val IoU     | Pseudo IoU  |
+------------+-------------+-------------+
| background | 92.08       | 92.68       |
| building   | 66.97       | 69.14       |
| Summary    | mIoU: 79.52 | mIoU: 80.91 |
+------------+-------------+-------------+
Images evaluated: 218
2026-04-29 19:14:44,947 - mmdet - INFO - ★ New best mIoU: 79.52% (prev: 79.10%, Δ=+0.42%) → saved to /home/ubuntu/vy/Denoiser/SegRefiner/work_dirs/exp8_all/best_model.pth
2026-04-29 19:14:44,951 - mmdet - INFO - Iter [12500/30000]	lr: 1.000e-04, eta: 6:25:37, time: 1.096, data_time: 0.011, memory: 37111, val/mIoU: 0.7952, val/IoU.building: 0.6697, val/IoU.background: 0.9208, val/Pseudo_mIoU: 0.8091, loss_mask: 0.1000, loss_texture: 0.0375, iou: 0.8477, loss: 0.1375
2026-04-29 19:15:12,328 - mmdet - INFO - Iter [12525/30000]	lr: 1.000e-04, eta: 6:27:37, time: 5.712, data_time: 4.628, memory: 37111, loss_mask: 0.0939, loss_texture: 0.0381, iou: 0.8683, loss: 0.1320
2026-04-29 19:15:39,706 - mmdet - INFO - Iter [12550/30000]	lr: 1.000e-04, eta: 6:26:56, time: 1.095, data_time: 0.011, memory: 37111, loss_mask: 0.0796, loss_texture: 0.0310, iou: 0.8681, loss: 0.1106
2026-04-29 19:16:07,170 - mmdet - INFO - Iter [12575/30000]	lr: 1.000e-04, eta: 6:26:15, time: 1.099, data_time: 0.012, memory: 37111, loss_mask: 0.0833, loss_texture: 0.0349, iou: 0.8682, loss: 0.1182
2026-04-29 19:16:34,578 - mmdet - INFO - Iter [12600/30000]	lr: 1.000e-04, eta: 6:25:33, time: 1.096, data_time: 0.011, memory: 37111, loss_mask: 0.0822, loss_texture: 0.0337, iou: 0.8804, loss: 0.1159
2026-04-29 19:17:02,024 - mmdet - INFO - Iter [12625/30000]	lr: 1.000e-04, eta: 6:24:52, time: 1.098, data_time: 0.012, memory: 37111, loss_mask: 0.0904, loss_texture: 0.0363, iou: 0.8664, loss: 0.1267
2026-04-29 19:17:29,380 - mmdet - INFO - Iter [12650/30000]	lr: 1.000e-04, eta: 6:24:11, time: 1.094, data_time: 0.011, memory: 37111, loss_mask: 0.0835, loss_texture: 0.0331, iou: 0.8651, loss: 0.1166
2026-04-29 19:17:56,826 - mmdet - INFO - Iter [12675/30000]	lr: 1.000e-04, eta: 6:23:30, time: 1.098, data_time: 0.012, memory: 37111, loss_mask: 0.0957, loss_texture: 0.0386, iou: 0.8672, loss: 0.1343
2026-04-29 19:18:24,239 - mmdet - INFO - Iter [12700/30000]	lr: 1.000e-04, eta: 6:22:49, time: 1.097, data_time: 0.011, memory: 37111, loss_mask: 0.0929, loss_texture: 0.0365, iou: 0.8542, loss: 0.1294
2026-04-29 19:18:51,585 - mmdet - INFO - Iter [12725/30000]	lr: 1.000e-04, eta: 6:22:08, time: 1.094, data_time: 0.011, memory: 37111, loss_mask: 0.0797, loss_texture: 0.0325, iou: 0.8631, loss: 0.1122
2026-04-29 19:19:18,971 - mmdet - INFO - Iter [12750/30000]	lr: 1.000e-04, eta: 6:21:26, time: 1.095, data_time: 0.011, memory: 37111, loss_mask: 0.0954, loss_texture: 0.0385, iou: 0.8585, loss: 0.1339
2026-04-29 19:19:46,317 - mmdet - INFO - Iter [12775/30000]	lr: 1.000e-04, eta: 6:20:45, time: 1.094, data_time: 0.012, memory: 37111, loss_mask: 0.0852, loss_texture: 0.0363, iou: 0.8758, loss: 0.1215
2026-04-29 19:20:13,659 - mmdet - INFO - Iter [12800/30000]	lr: 1.000e-04, eta: 6:20:04, time: 1.094, data_time: 0.012, memory: 37111, loss_mask: 0.0859, loss_texture: 0.0343, iou: 0.8560, loss: 0.1203
2026-04-29 19:20:41,041 - mmdet - INFO - Iter [12825/30000]	lr: 1.000e-04, eta: 6:19:24, time: 1.095, data_time: 0.011, memory: 37111, loss_mask: 0.0878, loss_texture: 0.0354, iou: 0.8592, loss: 0.1232
2026-04-29 19:21:08,424 - mmdet - INFO - Iter [12850/30000]	lr: 1.000e-04, eta: 6:18:43, time: 1.095, data_time: 0.011, memory: 37111, loss_mask: 0.0986, loss_texture: 0.0390, iou: 0.8746, loss: 0.1375
2026-04-29 19:21:35,862 - mmdet - INFO - Iter [12875/30000]	lr: 1.000e-04, eta: 6:18:02, time: 1.098, data_time: 0.012, memory: 37111, loss_mask: 0.0942, loss_texture: 0.0376, iou: 0.8692, loss: 0.1318
2026-04-29 19:22:03,259 - mmdet - INFO - Iter [12900/30000]	lr: 1.000e-04, eta: 6:17:21, time: 1.096, data_time: 0.011, memory: 37111, loss_mask: 0.0863, loss_texture: 0.0352, iou: 0.8760, loss: 0.1215
2026-04-29 19:22:30,653 - mmdet - INFO - Iter [12925/30000]	lr: 1.000e-04, eta: 6:16:41, time: 1.096, data_time: 0.011, memory: 37111, loss_mask: 0.1000, loss_texture: 0.0389, iou: 0.8740, loss: 0.1389
2026-04-29 19:22:57,984 - mmdet - INFO - Iter [12950/30000]	lr: 1.000e-04, eta: 6:16:00, time: 1.093, data_time: 0.011, memory: 37111, loss_mask: 0.0940, loss_texture: 0.0361, iou: 0.8651, loss: 0.1301
2026-04-29 19:23:25,297 - mmdet - INFO - Iter [12975/30000]	lr: 1.000e-04, eta: 6:15:19, time: 1.093, data_time: 0.012, memory: 37111, loss_mask: 0.0781, loss_texture: 0.0326, iou: 0.8643, loss: 0.1107
2026-04-29 19:23:52,568 - mmdet - INFO - 
--- Val evaluation at iter 13000 ---
2026-04-29 19:25:45,394 - mmdet - INFO - 
+------------+-------------+-------------+
| Class      | Val IoU     | Pseudo IoU  |
+------------+-------------+-------------+
| background | 92.08       | 92.68       |
| building   | 67.80       | 69.14       |
| Summary    | mIoU: 79.94 | mIoU: 80.91 |
+------------+-------------+-------------+
Images evaluated: 218
2026-04-29 19:25:48,059 - mmdet - INFO - ★ New best mIoU: 79.94% (prev: 79.52%, Δ=+0.42%) → saved to /home/ubuntu/vy/Denoiser/SegRefiner/work_dirs/exp8_all/best_model.pth
2026-04-29 19:25:48,064 - mmdet - INFO - Exp name: exp8_all.py
2026-04-29 19:25:48,064 - mmdet - INFO - Iter [13000/30000]	lr: 1.000e-04, eta: 6:14:39, time: 1.091, data_time: 0.011, memory: 37111, val/mIoU: 0.7994, val/IoU.building: 0.6780, val/IoU.background: 0.9208, val/Pseudo_mIoU: 0.8091, loss_mask: 0.0863, loss_texture: 0.0346, iou: 0.8695, loss: 0.1208
2026-04-29 19:26:15,485 - mmdet - INFO - Iter [13025/30000]	lr: 1.000e-04, eta: 6:16:29, time: 5.717, data_time: 4.632, memory: 37111, loss_mask: 0.0884, loss_texture: 0.0378, iou: 0.8748, loss: 0.1262
2026-04-29 19:26:42,953 - mmdet - INFO - Iter [13050/30000]	lr: 1.000e-04, eta: 6:15:48, time: 1.099, data_time: 0.011, memory: 37111, loss_mask: 0.0883, loss_texture: 0.0357, iou: 0.8629, loss: 0.1240
2026-04-29 19:27:10,342 - mmdet - INFO - Iter [13075/30000]	lr: 1.000e-04, eta: 6:15:07, time: 1.096, data_time: 0.012, memory: 37111, loss_mask: 0.0757, loss_texture: 0.0309, iou: 0.8646, loss: 0.1066
2026-04-29 19:27:37,740 - mmdet - INFO - Iter [13100/30000]	lr: 1.000e-04, eta: 6:14:26, time: 1.096, data_time: 0.011, memory: 37111, loss_mask: 0.0850, loss_texture: 0.0353, iou: 0.8678, loss: 0.1203
2026-04-29 19:28:05,217 - mmdet - INFO - Iter [13125/30000]	lr: 1.000e-04, eta: 6:13:46, time: 1.099, data_time: 0.011, memory: 37111, loss_mask: 0.0848, loss_texture: 0.0340, iou: 0.8823, loss: 0.1188
2026-04-29 19:28:32,547 - mmdet - INFO - Iter [13150/30000]	lr: 1.000e-04, eta: 6:13:05, time: 1.093, data_time: 0.011, memory: 37111, loss_mask: 0.0936, loss_texture: 0.0367, iou: 0.8620, loss: 0.1303
2026-04-29 19:28:59,945 - mmdet - INFO - Iter [13175/30000]	lr: 1.000e-04, eta: 6:12:24, time: 1.096, data_time: 0.012, memory: 37111, loss_mask: 0.0986, loss_texture: 0.0382, iou: 0.8617, loss: 0.1368
2026-04-29 19:29:27,370 - mmdet - INFO - Iter [13200/30000]	lr: 1.000e-04, eta: 6:11:44, time: 1.097, data_time: 0.011, memory: 37111, loss_mask: 0.0889, loss_texture: 0.0356, iou: 0.8623, loss: 0.1246
2026-04-29 19:29:54,684 - mmdet - INFO - Iter [13225/30000]	lr: 1.000e-04, eta: 6:11:03, time: 1.093, data_time: 0.011, memory: 37111, loss_mask: 0.0859, loss_texture: 0.0333, iou: 0.8763, loss: 0.1192
2026-04-29 19:30:22,061 - mmdet - INFO - Iter [13250/30000]	lr: 1.000e-04, eta: 6:10:23, time: 1.095, data_time: 0.012, memory: 37111, loss_mask: 0.0791, loss_texture: 0.0307, iou: 0.8681, loss: 0.1098
2026-04-29 19:30:49,414 - mmdet - INFO - Iter [13275/30000]	lr: 1.000e-04, eta: 6:09:42, time: 1.094, data_time: 0.012, memory: 37111, loss_mask: 0.0938, loss_texture: 0.0372, iou: 0.8658, loss: 0.1310
2026-04-29 19:31:16,807 - mmdet - INFO - Iter [13300/30000]	lr: 1.000e-04, eta: 6:09:02, time: 1.096, data_time: 0.012, memory: 37111, loss_mask: 0.0874, loss_texture: 0.0348, iou: 0.8766, loss: 0.1222
2026-04-29 19:31:44,226 - mmdet - INFO - Iter [13325/30000]	lr: 1.000e-04, eta: 6:08:22, time: 1.097, data_time: 0.012, memory: 37111, loss_mask: 0.0848, loss_texture: 0.0347, iou: 0.8646, loss: 0.1195
2026-04-29 19:32:11,577 - mmdet - INFO - Iter [13350/30000]	lr: 1.000e-04, eta: 6:07:41, time: 1.094, data_time: 0.011, memory: 37111, loss_mask: 0.0869, loss_texture: 0.0362, iou: 0.8801, loss: 0.1231
2026-04-29 19:32:38,909 - mmdet - INFO - Iter [13375/30000]	lr: 1.000e-04, eta: 6:07:01, time: 1.093, data_time: 0.012, memory: 37111, loss_mask: 0.0799, loss_texture: 0.0331, iou: 0.8775, loss: 0.1130
2026-04-29 19:33:06,347 - mmdet - INFO - Iter [13400/30000]	lr: 1.000e-04, eta: 6:06:21, time: 1.098, data_time: 0.011, memory: 37111, loss_mask: 0.0837, loss_texture: 0.0357, iou: 0.8774, loss: 0.1194
2026-04-29 19:33:33,805 - mmdet - INFO - Iter [13425/30000]	lr: 1.000e-04, eta: 6:05:41, time: 1.098, data_time: 0.011, memory: 37111, loss_mask: 0.0787, loss_texture: 0.0319, iou: 0.8863, loss: 0.1106
2026-04-29 19:34:01,336 - mmdet - INFO - Iter [13450/30000]	lr: 1.000e-04, eta: 6:05:01, time: 1.101, data_time: 0.012, memory: 37111, loss_mask: 0.1026, loss_texture: 0.0392, iou: 0.8636, loss: 0.1418
2026-04-29 19:34:28,772 - mmdet - INFO - Iter [13475/30000]	lr: 1.000e-04, eta: 6:04:21, time: 1.097, data_time: 0.012, memory: 37111, loss_mask: 0.0873, loss_texture: 0.0335, iou: 0.8531, loss: 0.1209
2026-04-29 19:34:56,204 - mmdet - INFO - 
--- Val evaluation at iter 13500 ---
2026-04-29 19:36:49,799 - mmdet - INFO - 
+------------+-------------+-------------+
| Class      | Val IoU     | Pseudo IoU  |
+------------+-------------+-------------+
| background | 92.02       | 92.68       |
| building   | 67.45       | 69.14       |
| Summary    | mIoU: 79.73 | mIoU: 80.91 |
+------------+-------------+-------------+
Images evaluated: 218
2026-04-29 19:36:51,190 - mmdet - INFO - Iter [13500/30000]	lr: 1.000e-04, eta: 6:03:41, time: 1.097, data_time: 0.011, memory: 37111, val/mIoU: 0.7973, val/IoU.building: 0.6745, val/IoU.background: 0.9202, val/Pseudo_mIoU: 0.8091, loss_mask: 0.0909, loss_texture: 0.0377, iou: 0.8602, loss: 0.1286
2026-04-29 19:37:18,649 - mmdet - INFO - Iter [13525/30000]	lr: 1.000e-04, eta: 6:05:21, time: 5.698, data_time: 4.611, memory: 37111, loss_mask: 0.1504, loss_texture: 0.0389, iou: 0.8056, loss: 0.1893
2026-04-29 19:37:45,978 - mmdet - INFO - Iter [13550/30000]	lr: 1.000e-04, eta: 6:04:40, time: 1.093, data_time: 0.011, memory: 37111, loss_mask: 0.1310, loss_texture: 0.0421, iou: 0.8221, loss: 0.1731
2026-04-29 19:38:13,386 - mmdet - INFO - Iter [13575/30000]	lr: 1.000e-04, eta: 6:04:00, time: 1.096, data_time: 0.012, memory: 37111, loss_mask: 0.1188, loss_texture: 0.0416, iou: 0.8363, loss: 0.1604
2026-04-29 19:38:40,852 - mmdet - INFO - Iter [13600/30000]	lr: 1.000e-04, eta: 6:03:20, time: 1.099, data_time: 0.011, memory: 37111, loss_mask: 0.1068, loss_texture: 0.0403, iou: 0.8584, loss: 0.1471
2026-04-29 19:39:08,342 - mmdet - INFO - Iter [13625/30000]	lr: 1.000e-04, eta: 6:02:40, time: 1.100, data_time: 0.011, memory: 37111, loss_mask: 0.1023, loss_texture: 0.0385, iou: 0.8494, loss: 0.1408
2026-04-29 19:39:35,648 - mmdet - INFO - Iter [13650/30000]	lr: 1.000e-04, eta: 6:01:59, time: 1.092, data_time: 0.012, memory: 37111, loss_mask: 0.1004, loss_texture: 0.0358, iou: 0.8450, loss: 0.1362
2026-04-29 19:40:02,978 - mmdet - INFO - Iter [13675/30000]	lr: 1.000e-04, eta: 6:01:19, time: 1.093, data_time: 0.012, memory: 37111, loss_mask: 0.0994, loss_texture: 0.0373, iou: 0.8505, loss: 0.1367
2026-04-29 19:40:30,381 - mmdet - INFO - Iter [13700/30000]	lr: 1.000e-04, eta: 6:00:39, time: 1.096, data_time: 0.011, memory: 37111, loss_mask: 0.0927, loss_texture: 0.0363, iou: 0.8580, loss: 0.1290
2026-04-29 19:40:57,841 - mmdet - INFO - Iter [13725/30000]	lr: 1.000e-04, eta: 5:59:59, time: 1.098, data_time: 0.011, memory: 37111, loss_mask: 0.0817, loss_texture: 0.0325, iou: 0.8868, loss: 0.1142
2026-04-29 19:41:25,283 - mmdet - INFO - Iter [13750/30000]	lr: 1.000e-04, eta: 5:59:19, time: 1.098, data_time: 0.011, memory: 37111, loss_mask: 0.0958, loss_texture: 0.0378, iou: 0.8621, loss: 0.1336
2026-04-29 19:41:52,677 - mmdet - INFO - Iter [13775/30000]	lr: 1.000e-04, eta: 5:58:39, time: 1.096, data_time: 0.012, memory: 37111, loss_mask: 0.0941, loss_texture: 0.0384, iou: 0.8594, loss: 0.1325
2026-04-29 19:42:20,040 - mmdet - INFO - Iter [13800/30000]	lr: 1.000e-04, eta: 5:57:59, time: 1.095, data_time: 0.011, memory: 37111, loss_mask: 0.0980, loss_texture: 0.0373, iou: 0.8613, loss: 0.1354
2026-04-29 19:42:47,349 - mmdet - INFO - Iter [13825/30000]	lr: 1.000e-04, eta: 5:57:19, time: 1.092, data_time: 0.011, memory: 37111, loss_mask: 0.0921, loss_texture: 0.0352, iou: 0.8543, loss: 0.1273
2026-04-29 19:43:14,783 - mmdet - INFO - Iter [13850/30000]	lr: 1.000e-04, eta: 5:56:39, time: 1.097, data_time: 0.012, memory: 37111, loss_mask: 0.0963, loss_texture: 0.0376, iou: 0.8603, loss: 0.1339
2026-04-29 19:43:42,130 - mmdet - INFO - Iter [13875/30000]	lr: 1.000e-04, eta: 5:56:00, time: 1.094, data_time: 0.012, memory: 37111, loss_mask: 0.0885, loss_texture: 0.0359, iou: 0.8784, loss: 0.1244
2026-04-29 19:44:09,523 - mmdet - INFO - Iter [13900/30000]	lr: 1.000e-04, eta: 5:55:20, time: 1.096, data_time: 0.011, memory: 37111, loss_mask: 0.0830, loss_texture: 0.0342, iou: 0.8628, loss: 0.1173
2026-04-29 19:44:36,958 - mmdet - INFO - Iter [13925/30000]	lr: 1.000e-04, eta: 5:54:40, time: 1.097, data_time: 0.011, memory: 37111, loss_mask: 0.0916, loss_texture: 0.0359, iou: 0.8754, loss: 0.1275
2026-04-29 19:45:04,238 - mmdet - INFO - Iter [13950/30000]	lr: 1.000e-04, eta: 5:54:00, time: 1.091, data_time: 0.011, memory: 37111, loss_mask: 0.0942, loss_texture: 0.0374, iou: 0.8635, loss: 0.1316
2026-04-29 19:45:31,659 - mmdet - INFO - Iter [13975/30000]	lr: 1.000e-04, eta: 5:53:21, time: 1.097, data_time: 0.012, memory: 37111, loss_mask: 0.0856, loss_texture: 0.0365, iou: 0.8754, loss: 0.1221
2026-04-29 19:45:58,935 - mmdet - INFO - 
--- Val evaluation at iter 14000 ---
2026-04-29 19:47:52,133 - mmdet - INFO - 
+------------+-------------+-------------+
| Class      | Val IoU     | Pseudo IoU  |
+------------+-------------+-------------+
| background | 91.87       | 92.68       |
| building   | 66.31       | 69.14       |
| Summary    | mIoU: 79.09 | mIoU: 80.91 |
+------------+-------------+-------------+
Images evaluated: 218
2026-04-29 19:47:53,536 - mmdet - INFO - Exp name: exp8_all.py
2026-04-29 19:47:53,537 - mmdet - INFO - Iter [14000/30000]	lr: 1.000e-04, eta: 5:52:41, time: 1.091, data_time: 0.011, memory: 37111, val/mIoU: 0.7909, val/IoU.building: 0.6631, val/IoU.background: 0.9187, val/Pseudo_mIoU: 0.8091, loss_mask: 0.0893, loss_texture: 0.0349, iou: 0.8837, loss: 0.1242
2026-04-29 19:48:21,042 - mmdet - INFO - Iter [14025/30000]	lr: 1.000e-04, eta: 5:54:12, time: 5.684, data_time: 4.596, memory: 37111, loss_mask: 0.0902, loss_texture: 0.0361, iou: 0.8622, loss: 0.1263
2026-04-29 19:48:48,490 - mmdet - INFO - Iter [14050/30000]	lr: 1.000e-04, eta: 5:53:32, time: 1.098, data_time: 0.012, memory: 37111, loss_mask: 0.0914, loss_texture: 0.0361, iou: 0.8669, loss: 0.1276
2026-04-29 19:49:15,885 - mmdet - INFO - Iter [14075/30000]	lr: 1.000e-04, eta: 5:52:53, time: 1.096, data_time: 0.012, memory: 37111, loss_mask: 0.0808, loss_texture: 0.0323, iou: 0.8477, loss: 0.1130
2026-04-29 19:49:43,233 - mmdet - INFO - Iter [14100/30000]	lr: 1.000e-04, eta: 5:52:13, time: 1.094, data_time: 0.011, memory: 37111, loss_mask: 0.1002, loss_texture: 0.0382, iou: 0.8607, loss: 0.1384
2026-04-29 19:50:10,643 - mmdet - INFO - Iter [14125/30000]	lr: 1.000e-04, eta: 5:51:33, time: 1.096, data_time: 0.011, memory: 37111, loss_mask: 0.0892, loss_texture: 0.0379, iou: 0.8820, loss: 0.1271
2026-04-29 19:50:37,911 - mmdet - INFO - Iter [14150/30000]	lr: 1.000e-04, eta: 5:50:53, time: 1.091, data_time: 0.012, memory: 37111, loss_mask: 0.0908, loss_texture: 0.0346, iou: 0.8620, loss: 0.1254
2026-04-29 19:51:05,316 - mmdet - INFO - Iter [14175/30000]	lr: 1.000e-04, eta: 5:50:13, time: 1.096, data_time: 0.012, memory: 37111, loss_mask: 0.1007, loss_texture: 0.0404, iou: 0.8569, loss: 0.1412
2026-04-29 19:51:32,666 - mmdet - INFO - Iter [14200/30000]	lr: 1.000e-04, eta: 5:49:34, time: 1.094, data_time: 0.011, memory: 37111, loss_mask: 0.0883, loss_texture: 0.0357, iou: 0.8669, loss: 0.1241
2026-04-29 19:52:00,032 - mmdet - INFO - Iter [14225/30000]	lr: 1.000e-04, eta: 5:48:54, time: 1.095, data_time: 0.011, memory: 37111, loss_mask: 0.0756, loss_texture: 0.0315, iou: 0.8632, loss: 0.1071
2026-04-29 19:52:27,467 - mmdet - INFO - Iter [14250/30000]	lr: 1.000e-04, eta: 5:48:14, time: 1.097, data_time: 0.012, memory: 37111, loss_mask: 0.0956, loss_texture: 0.0366, iou: 0.8607, loss: 0.1322
2026-04-29 19:52:54,833 - mmdet - INFO - Iter [14275/30000]	lr: 1.000e-04, eta: 5:47:35, time: 1.095, data_time: 0.012, memory: 37111, loss_mask: 0.0897, loss_texture: 0.0347, iou: 0.8741, loss: 0.1244
2026-04-29 19:53:22,160 - mmdet - INFO - Iter [14300/30000]	lr: 1.000e-04, eta: 5:46:55, time: 1.093, data_time: 0.011, memory: 37111, loss_mask: 0.1059, loss_texture: 0.0396, iou: 0.8504, loss: 0.1455
2026-04-29 19:53:49,710 - mmdet - INFO - Iter [14325/30000]	lr: 1.000e-04, eta: 5:46:16, time: 1.102, data_time: 0.011, memory: 37111, loss_mask: 0.0847, loss_texture: 0.0351, iou: 0.8683, loss: 0.1198
2026-04-29 19:54:17,078 - mmdet - INFO - Iter [14350/30000]	lr: 1.000e-04, eta: 5:45:37, time: 1.095, data_time: 0.011, memory: 37111, loss_mask: 0.0786, loss_texture: 0.0315, iou: 0.8745, loss: 0.1101
2026-04-29 19:54:44,376 - mmdet - INFO - Iter [14375/30000]	lr: 1.000e-04, eta: 5:44:57, time: 1.092, data_time: 0.012, memory: 37111, loss_mask: 0.0842, loss_texture: 0.0342, iou: 0.8602, loss: 0.1184
2026-04-29 19:55:11,726 - mmdet - INFO - Iter [14400/30000]	lr: 1.000e-04, eta: 5:44:18, time: 1.094, data_time: 0.011, memory: 37111, loss_mask: 0.0859, loss_texture: 0.0348, iou: 0.8890, loss: 0.1207
2026-04-29 19:55:39,043 - mmdet - INFO - Iter [14425/30000]	lr: 1.000e-04, eta: 5:43:38, time: 1.093, data_time: 0.011, memory: 37111, loss_mask: 0.0800, loss_texture: 0.0323, iou: 0.8588, loss: 0.1124
2026-04-29 19:56:06,435 - mmdet - INFO - Iter [14450/30000]	lr: 1.000e-04, eta: 5:42:59, time: 1.096, data_time: 0.012, memory: 37111, loss_mask: 0.0991, loss_texture: 0.0366, iou: 0.8626, loss: 0.1356
2026-04-29 19:56:33,798 - mmdet - INFO - Iter [14475/30000]	lr: 1.000e-04, eta: 5:42:20, time: 1.095, data_time: 0.012, memory: 37111, loss_mask: 0.1111, loss_texture: 0.0394, iou: 0.8358, loss: 0.1505
2026-04-29 19:57:01,221 - mmdet - INFO - 
--- Val evaluation at iter 14500 ---
2026-04-29 19:58:55,111 - mmdet - INFO - 
+------------+-------------+-------------+
| Class      | Val IoU     | Pseudo IoU  |
+------------+-------------+-------------+
| background | 91.18       | 92.68       |
| building   | 64.99       | 69.14       |
| Summary    | mIoU: 78.09 | mIoU: 80.91 |
+------------+-------------+-------------+
Images evaluated: 218
2026-04-29 19:58:56,518 - mmdet - INFO - Iter [14500/30000]	lr: 1.000e-04, eta: 5:41:41, time: 1.097, data_time: 0.011, memory: 37111, val/mIoU: 0.7809, val/IoU.building: 0.6499, val/IoU.background: 0.9118, val/Pseudo_mIoU: 0.8091, loss_mask: 0.0947, loss_texture: 0.0376, iou: 0.8715, loss: 0.1323
2026-04-29 19:59:23,868 - mmdet - INFO - Iter [14525/30000]	lr: 1.000e-04, eta: 5:43:05, time: 5.706, data_time: 4.624, memory: 37111, loss_mask: 0.0884, loss_texture: 0.0325, iou: 0.8679, loss: 0.1210
2026-04-29 19:59:51,363 - mmdet - INFO - Iter [14550/30000]	lr: 1.000e-04, eta: 5:42:25, time: 1.100, data_time: 0.012, memory: 37111, loss_mask: 0.0888, loss_texture: 0.0346, iou: 0.8532, loss: 0.1234
2026-04-29 20:00:18,725 - mmdet - INFO - Iter [14575/30000]	lr: 1.000e-04, eta: 5:41:46, time: 1.094, data_time: 0.012, memory: 37111, loss_mask: 0.0929, loss_texture: 0.0382, iou: 0.8758, loss: 0.1311
2026-04-29 20:00:46,146 - mmdet - INFO - Iter [14600/30000]	lr: 1.000e-04, eta: 5:41:06, time: 1.097, data_time: 0.011, memory: 37111, loss_mask: 0.0828, loss_texture: 0.0344, iou: 0.8788, loss: 0.1172
2026-04-29 20:01:13,475 - mmdet - INFO - Iter [14625/30000]	lr: 1.000e-04, eta: 5:40:27, time: 1.093, data_time: 0.012, memory: 37111, loss_mask: 0.0856, loss_texture: 0.0346, iou: 0.8665, loss: 0.1202
2026-04-29 20:01:40,913 - mmdet - INFO - Iter [14650/30000]	lr: 1.000e-04, eta: 5:39:48, time: 1.097, data_time: 0.012, memory: 37111, loss_mask: 0.0983, loss_texture: 0.0375, iou: 0.8608, loss: 0.1358
2026-04-29 20:02:08,380 - mmdet - INFO - Iter [14675/30000]	lr: 1.000e-04, eta: 5:39:08, time: 1.099, data_time: 0.012, memory: 37111, loss_mask: 0.0897, loss_texture: 0.0354, iou: 0.8575, loss: 0.1251
2026-04-29 20:02:36,015 - mmdet - INFO - Iter [14700/30000]	lr: 1.000e-04, eta: 5:38:29, time: 1.105, data_time: 0.011, memory: 37111, loss_mask: 0.1024, loss_texture: 0.0398, iou: 0.8665, loss: 0.1422
2026-04-29 20:03:03,595 - mmdet - INFO - Iter [14725/30000]	lr: 1.000e-04, eta: 5:37:50, time: 1.103, data_time: 0.012, memory: 37111, loss_mask: 0.0937, loss_texture: 0.0381, iou: 0.8707, loss: 0.1319
2026-04-29 20:03:31,002 - mmdet - INFO - Iter [14750/30000]	lr: 1.000e-04, eta: 5:37:11, time: 1.096, data_time: 0.012, memory: 37111, loss_mask: 0.0807, loss_texture: 0.0319, iou: 0.8697, loss: 0.1127
2026-04-29 20:03:58,464 - mmdet - INFO - Iter [14775/30000]	lr: 1.000e-04, eta: 5:36:32, time: 1.098, data_time: 0.012, memory: 37111, loss_mask: 0.0806, loss_texture: 0.0326, iou: 0.8786, loss: 0.1131
2026-04-29 20:04:26,024 - mmdet - INFO - Iter [14800/30000]	lr: 1.000e-04, eta: 5:35:53, time: 1.102, data_time: 0.011, memory: 37111, loss_mask: 0.0824, loss_texture: 0.0341, iou: 0.8929, loss: 0.1165
2026-04-29 20:04:53,390 - mmdet - INFO - Iter [14825/30000]	lr: 1.000e-04, eta: 5:35:14, time: 1.095, data_time: 0.011, memory: 37111, loss_mask: 0.0904, loss_texture: 0.0367, iou: 0.8753, loss: 0.1272
2026-04-29 20:05:20,701 - mmdet - INFO - Iter [14850/30000]	lr: 1.000e-04, eta: 5:34:35, time: 1.092, data_time: 0.012, memory: 37111, loss_mask: 0.0807, loss_texture: 0.0334, iou: 0.8708, loss: 0.1141
2026-04-29 20:05:48,063 - mmdet - INFO - Iter [14875/30000]	lr: 1.000e-04, eta: 5:33:56, time: 1.094, data_time: 0.012, memory: 37111, loss_mask: 0.0837, loss_texture: 0.0332, iou: 0.8579, loss: 0.1169
2026-04-29 20:06:15,517 - mmdet - INFO - Iter [14900/30000]	lr: 1.000e-04, eta: 5:33:17, time: 1.098, data_time: 0.011, memory: 37111, loss_mask: 0.0940, loss_texture: 0.0378, iou: 0.8611, loss: 0.1318
2026-04-29 20:06:42,946 - mmdet - INFO - Iter [14925/30000]	lr: 1.000e-04, eta: 5:32:39, time: 1.097, data_time: 0.012, memory: 37111, loss_mask: 0.0872, loss_texture: 0.0353, iou: 0.8748, loss: 0.1226
2026-04-29 20:07:10,388 - mmdet - INFO - Iter [14950/30000]	lr: 1.000e-04, eta: 5:32:00, time: 1.098, data_time: 0.012, memory: 37111, loss_mask: 0.0823, loss_texture: 0.0334, iou: 0.8737, loss: 0.1156
2026-04-29 20:07:37,746 - mmdet - INFO - Iter [14975/30000]	lr: 1.000e-04, eta: 5:31:21, time: 1.094, data_time: 0.012, memory: 37111, loss_mask: 0.0898, loss_texture: 0.0351, iou: 0.8504, loss: 0.1249
2026-04-29 20:08:05,020 - mmdet - INFO - 
--- Val evaluation at iter 15000 ---
2026-04-29 20:09:58,364 - mmdet - INFO - 
+------------+-------------+-------------+
| Class      | Val IoU     | Pseudo IoU  |
+------------+-------------+-------------+
| background | 89.18       | 92.68       |
| building   | 60.32       | 69.14       |
| Summary    | mIoU: 74.75 | mIoU: 80.91 |
+------------+-------------+-------------+
Images evaluated: 218
2026-04-29 20:09:59,759 - mmdet - INFO - Exp name: exp8_all.py
2026-04-29 20:09:59,759 - mmdet - INFO - Iter [15000/30000]	lr: 1.000e-04, eta: 5:30:42, time: 1.091, data_time: 0.011, memory: 37111, val/mIoU: 0.7475, val/IoU.building: 0.6032, val/IoU.background: 0.8918, val/Pseudo_mIoU: 0.8091, loss_mask: 0.1129, loss_texture: 0.0369, iou: 0.8480, loss: 0.1498
2026-04-29 20:10:27,081 - mmdet - INFO - Iter [15025/30000]	lr: 1.000e-04, eta: 5:31:58, time: 5.682, data_time: 4.601, memory: 37111, loss_mask: 0.1177, loss_texture: 0.0381, iou: 0.8406, loss: 0.1558
2026-04-29 20:10:54,545 - mmdet - INFO - Iter [15050/30000]	lr: 1.000e-04, eta: 5:31:19, time: 1.099, data_time: 0.011, memory: 37111, loss_mask: 0.1017, loss_texture: 0.0370, iou: 0.8573, loss: 0.1387
2026-04-29 20:11:21,888 - mmdet - INFO - Iter [15075/30000]	lr: 1.000e-04, eta: 5:30:39, time: 1.094, data_time: 0.012, memory: 37111, loss_mask: 0.0824, loss_texture: 0.0333, iou: 0.8490, loss: 0.1157
2026-04-29 20:11:49,264 - mmdet - INFO - Iter [15100/30000]	lr: 1.000e-04, eta: 5:30:00, time: 1.095, data_time: 0.011, memory: 37111, loss_mask: 0.0913, loss_texture: 0.0361, iou: 0.8777, loss: 0.1274
2026-04-29 20:12:16,686 - mmdet - INFO - Iter [15125/30000]	lr: 1.000e-04, eta: 5:29:22, time: 1.097, data_time: 0.011, memory: 37111, loss_mask: 0.0929, loss_texture: 0.0352, iou: 0.8835, loss: 0.1280
2026-04-29 20:12:44,084 - mmdet - INFO - Iter [15150/30000]	lr: 1.000e-04, eta: 5:28:43, time: 1.096, data_time: 0.012, memory: 37111, loss_mask: 0.0990, loss_texture: 0.0379, iou: 0.8646, loss: 0.1369
2026-04-29 20:13:11,635 - mmdet - INFO - Iter [15175/30000]	lr: 1.000e-04, eta: 5:28:04, time: 1.102, data_time: 0.012, memory: 37111, loss_mask: 0.0907, loss_texture: 0.0366, iou: 0.8586, loss: 0.1273
2026-04-29 20:13:38,938 - mmdet - INFO - Iter [15200/30000]	lr: 1.000e-04, eta: 5:27:25, time: 1.092, data_time: 0.011, memory: 37111, loss_mask: 0.1030, loss_texture: 0.0384, iou: 0.8599, loss: 0.1413
2026-04-29 20:14:06,290 - mmdet - INFO - Iter [15225/30000]	lr: 1.000e-04, eta: 5:26:46, time: 1.094, data_time: 0.011, memory: 37111, loss_mask: 0.0918, loss_texture: 0.0363, iou: 0.8614, loss: 0.1281
2026-04-29 20:14:33,642 - mmdet - INFO - Iter [15250/30000]	lr: 1.000e-04, eta: 5:26:07, time: 1.094, data_time: 0.011, memory: 37111, loss_mask: 0.0933, loss_texture: 0.0371, iou: 0.8576, loss: 0.1303
2026-04-29 20:15:01,105 - mmdet - INFO - Iter [15275/30000]	lr: 1.000e-04, eta: 5:25:29, time: 1.099, data_time: 0.012, memory: 37111, loss_mask: 0.0822, loss_texture: 0.0337, iou: 0.8663, loss: 0.1159
2026-04-29 20:15:28,550 - mmdet - INFO - Iter [15300/30000]	lr: 1.000e-04, eta: 5:24:50, time: 1.098, data_time: 0.011, memory: 37111, loss_mask: 0.0925, loss_texture: 0.0366, iou: 0.8663, loss: 0.1290
2026-04-29 20:15:55,915 - mmdet - INFO - Iter [15325/30000]	lr: 1.000e-04, eta: 5:24:11, time: 1.095, data_time: 0.011, memory: 37111, loss_mask: 0.0864, loss_texture: 0.0337, iou: 0.8663, loss: 0.1201
2026-04-29 20:16:23,293 - mmdet - INFO - Iter [15350/30000]	lr: 1.000e-04, eta: 5:23:33, time: 1.095, data_time: 0.012, memory: 37111, loss_mask: 0.0958, loss_texture: 0.0372, iou: 0.8739, loss: 0.1330
2026-04-29 20:16:50,741 - mmdet - INFO - Iter [15375/30000]	lr: 1.000e-04, eta: 5:22:54, time: 1.098, data_time: 0.012, memory: 37111, loss_mask: 0.0834, loss_texture: 0.0339, iou: 0.8726, loss: 0.1173
2026-04-29 20:17:18,084 - mmdet - INFO - Iter [15400/30000]	lr: 1.000e-04, eta: 5:22:16, time: 1.094, data_time: 0.011, memory: 37111, loss_mask: 0.0870, loss_texture: 0.0376, iou: 0.8609, loss: 0.1246
2026-04-29 20:17:45,322 - mmdet - INFO - Iter [15425/30000]	lr: 1.000e-04, eta: 5:21:37, time: 1.090, data_time: 0.011, memory: 37111, loss_mask: 0.0917, loss_texture: 0.0344, iou: 0.8721, loss: 0.1261
2026-04-29 20:18:12,665 - mmdet - INFO - Iter [15450/30000]	lr: 1.000e-04, eta: 5:20:58, time: 1.094, data_time: 0.011, memory: 37111, loss_mask: 0.0839, loss_texture: 0.0335, iou: 0.8917, loss: 0.1174
2026-04-29 20:18:40,203 - mmdet - INFO - Iter [15475/30000]	lr: 1.000e-04, eta: 5:20:20, time: 1.102, data_time: 0.012, memory: 37111, loss_mask: 0.0883, loss_texture: 0.0357, iou: 0.8826, loss: 0.1240
2026-04-29 20:19:07,610 - mmdet - INFO - 
--- Val evaluation at iter 15500 ---
2026-04-29 20:21:00,373 - mmdet - INFO - 
+------------+-------------+-------------+
| Class      | Val IoU     | Pseudo IoU  |
+------------+-------------+-------------+
| background | 91.99       | 92.68       |
| building   | 66.44       | 69.14       |
| Summary    | mIoU: 79.22 | mIoU: 80.91 |
+------------+-------------+-------------+
Images evaluated: 218
2026-04-29 20:21:01,757 - mmdet - INFO - Iter [15500/30000]	lr: 1.000e-04, eta: 5:19:42, time: 1.096, data_time: 0.011, memory: 37111, val/mIoU: 0.7922, val/IoU.building: 0.6644, val/IoU.background: 0.9199, val/Pseudo_mIoU: 0.8091, loss_mask: 0.0872, loss_texture: 0.0367, iou: 0.8688, loss: 0.1239
2026-04-29 20:21:29,188 - mmdet - INFO - Iter [15525/30000]	lr: 1.000e-04, eta: 5:20:50, time: 5.663, data_time: 4.577, memory: 37111, loss_mask: 0.0852, loss_texture: 0.0347, iou: 0.8652, loss: 0.1199
2026-04-29 20:21:56,647 - mmdet - INFO - Iter [15550/30000]	lr: 1.000e-04, eta: 5:20:11, time: 1.098, data_time: 0.011, memory: 37111, loss_mask: 0.0860, loss_texture: 0.0328, iou: 0.8682, loss: 0.1188
2026-04-29 20:22:24,011 - mmdet - INFO - Iter [15575/30000]	lr: 1.000e-04, eta: 5:19:32, time: 1.095, data_time: 0.012, memory: 37111, loss_mask: 0.0779, loss_texture: 0.0318, iou: 0.8664, loss: 0.1097
2026-04-29 20:22:51,381 - mmdet - INFO - Iter [15600/30000]	lr: 1.000e-04, eta: 5:18:54, time: 1.095, data_time: 0.011, memory: 37111, loss_mask: 0.0804, loss_texture: 0.0322, iou: 0.8709, loss: 0.1126
2026-04-29 20:23:18,721 - mmdet - INFO - Iter [15625/30000]	lr: 1.000e-04, eta: 5:18:15, time: 1.094, data_time: 0.011, memory: 37111, loss_mask: 0.0849, loss_texture: 0.0331, iou: 0.8700, loss: 0.1180
2026-04-29 20:23:46,008 - mmdet - INFO - Iter [15650/30000]	lr: 1.000e-04, eta: 5:17:37, time: 1.091, data_time: 0.011, memory: 37111, loss_mask: 0.0846, loss_texture: 0.0357, iou: 0.8657, loss: 0.1204
2026-04-29 20:24:13,487 - mmdet - INFO - Iter [15675/30000]	lr: 1.000e-04, eta: 5:16:58, time: 1.099, data_time: 0.012, memory: 37111, loss_mask: 0.0982, loss_texture: 0.0403, iou: 0.8681, loss: 0.1385
2026-04-29 20:24:40,927 - mmdet - INFO - Iter [15700/30000]	lr: 1.000e-04, eta: 5:16:20, time: 1.098, data_time: 0.011, memory: 37111, loss_mask: 0.0845, loss_texture: 0.0355, iou: 0.8777, loss: 0.1200
2026-04-29 20:25:08,279 - mmdet - INFO - Iter [15725/30000]	lr: 1.000e-04, eta: 5:15:41, time: 1.094, data_time: 0.011, memory: 37111, loss_mask: 0.0814, loss_texture: 0.0346, iou: 0.8785, loss: 0.1160
2026-04-29 20:25:35,671 - mmdet - INFO - Iter [15750/30000]	lr: 1.000e-04, eta: 5:15:03, time: 1.096, data_time: 0.011, memory: 37111, loss_mask: 0.0945, loss_texture: 0.0382, iou: 0.8720, loss: 0.1326
2026-04-29 20:26:03,096 - mmdet - INFO - Iter [15775/30000]	lr: 1.000e-04, eta: 5:14:24, time: 1.097, data_time: 0.012, memory: 37111, loss_mask: 0.0799, loss_texture: 0.0327, iou: 0.8718, loss: 0.1126
2026-04-29 20:26:30,369 - mmdet - INFO - Iter [15800/30000]	lr: 1.000e-04, eta: 5:13:46, time: 1.091, data_time: 0.011, memory: 37111, loss_mask: 0.1008, loss_texture: 0.0386, iou: 0.8562, loss: 0.1394
2026-04-29 20:26:57,651 - mmdet - INFO - Iter [15825/30000]	lr: 1.000e-04, eta: 5:13:08, time: 1.091, data_time: 0.011, memory: 37111, loss_mask: 0.0846, loss_texture: 0.0333, iou: 0.8483, loss: 0.1180
2026-04-29 20:27:25,048 - mmdet - INFO - Iter [15850/30000]	lr: 1.000e-04, eta: 5:12:29, time: 1.096, data_time: 0.011, memory: 37111, loss_mask: 0.0828, loss_texture: 0.0341, iou: 0.8939, loss: 0.1169
2026-04-29 20:27:52,384 - mmdet - INFO - Iter [15875/30000]	lr: 1.000e-04, eta: 5:11:51, time: 1.093, data_time: 0.012, memory: 37111, loss_mask: 0.0811, loss_texture: 0.0331, iou: 0.8624, loss: 0.1142
2026-04-29 20:28:19,791 - mmdet - INFO - Iter [15900/30000]	lr: 1.000e-04, eta: 5:11:13, time: 1.096, data_time: 0.012, memory: 37111, loss_mask: 0.0792, loss_texture: 0.0336, iou: 0.8816, loss: 0.1128
2026-04-29 20:28:47,155 - mmdet - INFO - Iter [15925/30000]	lr: 1.000e-04, eta: 5:10:35, time: 1.095, data_time: 0.011, memory: 37111, loss_mask: 0.0902, loss_texture: 0.0368, iou: 0.8804, loss: 0.1270
2026-04-29 20:29:14,489 - mmdet - INFO - Iter [15950/30000]	lr: 1.000e-04, eta: 5:09:57, time: 1.093, data_time: 0.012, memory: 37111, loss_mask: 0.0791, loss_texture: 0.0328, iou: 0.8738, loss: 0.1119
2026-04-29 20:29:42,018 - mmdet - INFO - Iter [15975/30000]	lr: 1.000e-04, eta: 5:09:19, time: 1.101, data_time: 0.012, memory: 37111, loss_mask: 0.1189, loss_texture: 0.0400, iou: 0.8574, loss: 0.1589
2026-04-29 20:30:09,351 - mmdet - INFO - 
--- Val evaluation at iter 16000 ---
2026-04-29 20:32:02,079 - mmdet - INFO - 
+------------+-------------+-------------+
| Class      | Val IoU     | Pseudo IoU  |
+------------+-------------+-------------+
| background | 91.85       | 92.68       |
| building   | 67.36       | 69.14       |
| Summary    | mIoU: 79.61 | mIoU: 80.91 |
+------------+-------------+-------------+
Images evaluated: 218
2026-04-29 20:32:03,480 - mmdet - INFO - Exp name: exp8_all.py
2026-04-29 20:32:03,481 - mmdet - INFO - Iter [16000/30000]	lr: 1.000e-04, eta: 5:08:40, time: 1.093, data_time: 0.011, memory: 37111, val/mIoU: 0.7961, val/IoU.building: 0.6736, val/IoU.background: 0.9185, val/Pseudo_mIoU: 0.8091, loss_mask: 0.0890, loss_texture: 0.0345, iou: 0.8575, loss: 0.1234
2026-04-29 20:32:30,827 - mmdet - INFO - Iter [16025/30000]	lr: 1.000e-04, eta: 5:09:42, time: 5.659, data_time: 4.576, memory: 37111, loss_mask: 0.0966, loss_texture: 0.0370, iou: 0.8600, loss: 0.1336
2026-04-29 20:32:58,157 - mmdet - INFO - Iter [16050/30000]	lr: 1.000e-04, eta: 5:09:04, time: 1.093, data_time: 0.011, memory: 37111, loss_mask: 0.0982, loss_texture: 0.0373, iou: 0.8721, loss: 0.1356
2026-04-29 20:33:25,579 - mmdet - INFO - Iter [16075/30000]	lr: 1.000e-04, eta: 5:08:25, time: 1.097, data_time: 0.012, memory: 37111, loss_mask: 0.0924, loss_texture: 0.0365, iou: 0.8526, loss: 0.1288
2026-04-29 20:33:52,944 - mmdet - INFO - Iter [16100/30000]	lr: 1.000e-04, eta: 5:07:47, time: 1.095, data_time: 0.011, memory: 37111, loss_mask: 0.0956, loss_texture: 0.0384, iou: 0.8645, loss: 0.1340
2026-04-29 20:34:20,374 - mmdet - INFO - Iter [16125/30000]	lr: 1.000e-04, eta: 5:07:09, time: 1.097, data_time: 0.011, memory: 37111, loss_mask: 0.0832, loss_texture: 0.0334, iou: 0.8714, loss: 0.1166
2026-04-29 20:34:47,749 - mmdet - INFO - Iter [16150/30000]	lr: 1.000e-04, eta: 5:06:31, time: 1.095, data_time: 0.012, memory: 37111, loss_mask: 0.0808, loss_texture: 0.0343, iou: 0.8629, loss: 0.1151
2026-04-29 20:35:15,290 - mmdet - INFO - Iter [16175/30000]	lr: 1.000e-04, eta: 5:05:53, time: 1.102, data_time: 0.012, memory: 37111, loss_mask: 0.0894, loss_texture: 0.0367, iou: 0.8548, loss: 0.1261
2026-04-29 20:35:42,808 - mmdet - INFO - Iter [16200/30000]	lr: 1.000e-04, eta: 5:05:15, time: 1.101, data_time: 0.012, memory: 37111, loss_mask: 0.0804, loss_texture: 0.0345, iou: 0.8911, loss: 0.1148
2026-04-29 20:36:10,311 - mmdet - INFO - Iter [16225/30000]	lr: 1.000e-04, eta: 5:04:37, time: 1.100, data_time: 0.011, memory: 37111, loss_mask: 0.0802, loss_texture: 0.0331, iou: 0.8698, loss: 0.1133
2026-04-29 20:36:37,812 - mmdet - INFO - Iter [16250/30000]	lr: 1.000e-04, eta: 5:03:59, time: 1.100, data_time: 0.011, memory: 37111, loss_mask: 0.0995, loss_texture: 0.0405, iou: 0.8745, loss: 0.1400
2026-04-29 20:37:05,359 - mmdet - INFO - Iter [16275/30000]	lr: 1.000e-04, eta: 5:03:21, time: 1.102, data_time: 0.012, memory: 37111, loss_mask: 0.0927, loss_texture: 0.0352, iou: 0.8571, loss: 0.1279
2026-04-29 20:37:32,924 - mmdet - INFO - Iter [16300/30000]	lr: 1.000e-04, eta: 5:02:43, time: 1.103, data_time: 0.011, memory: 37111, loss_mask: 0.0971, loss_texture: 0.0394, iou: 0.8601, loss: 0.1365
2026-04-29 20:38:00,513 - mmdet - INFO - Iter [16325/30000]	lr: 1.000e-04, eta: 5:02:05, time: 1.104, data_time: 0.011, memory: 37111, loss_mask: 0.0952, loss_texture: 0.0385, iou: 0.8670, loss: 0.1337
2026-04-29 20:38:28,070 - mmdet - INFO - Iter [16350/30000]	lr: 1.000e-04, eta: 5:01:27, time: 1.102, data_time: 0.011, memory: 37111, loss_mask: 0.0722, loss_texture: 0.0309, iou: 0.8855, loss: 0.1031
2026-04-29 20:38:55,691 - mmdet - INFO - Iter [16375/30000]	lr: 1.000e-04, eta: 5:00:50, time: 1.105, data_time: 0.012, memory: 37111, loss_mask: 0.0793, loss_texture: 0.0327, iou: 0.8699, loss: 0.1120
2026-04-29 20:39:23,189 - mmdet - INFO - Iter [16400/30000]	lr: 1.000e-04, eta: 5:00:12, time: 1.100, data_time: 0.012, memory: 37111, loss_mask: 0.0825, loss_texture: 0.0332, iou: 0.8663, loss: 0.1157
2026-04-29 20:39:50,609 - mmdet - INFO - Iter [16425/30000]	lr: 1.000e-04, eta: 4:59:34, time: 1.097, data_time: 0.011, memory: 37111, loss_mask: 0.0965, loss_texture: 0.0372, iou: 0.8654, loss: 0.1336
2026-04-29 20:40:18,065 - mmdet - INFO - Iter [16450/30000]	lr: 1.000e-04, eta: 4:58:56, time: 1.098, data_time: 0.011, memory: 37111, loss_mask: 0.0902, loss_texture: 0.0385, iou: 0.8764, loss: 0.1286
2026-04-29 20:40:45,601 - mmdet - INFO - Iter [16475/30000]	lr: 1.000e-04, eta: 4:58:19, time: 1.101, data_time: 0.012, memory: 37111, loss_mask: 0.0804, loss_texture: 0.0336, iou: 0.8812, loss: 0.1140
2026-04-29 20:41:13,123 - mmdet - INFO - 
--- Val evaluation at iter 16500 ---
2026-04-29 20:43:05,906 - mmdet - INFO - 
+------------+-------------+-------------+
| Class      | Val IoU     | Pseudo IoU  |
+------------+-------------+-------------+
| background | 91.18       | 92.68       |
| building   | 65.89       | 69.14       |
| Summary    | mIoU: 78.54 | mIoU: 80.91 |
+------------+-------------+-------------+
Images evaluated: 218
2026-04-29 20:43:07,328 - mmdet - INFO - Iter [16500/30000]	lr: 1.000e-04, eta: 4:57:41, time: 1.101, data_time: 0.012, memory: 37111, val/mIoU: 0.7854, val/IoU.building: 0.6589, val/IoU.background: 0.9118, val/Pseudo_mIoU: 0.8091, loss_mask: 0.0873, loss_texture: 0.0354, iou: 0.8666, loss: 0.1227
2026-04-29 20:43:34,715 - mmdet - INFO - Iter [16525/30000]	lr: 1.000e-04, eta: 4:58:36, time: 5.664, data_time: 4.579, memory: 37111, loss_mask: 0.0842, loss_texture: 0.0350, iou: 0.8846, loss: 0.1192
2026-04-29 20:44:02,083 - mmdet - INFO - Iter [16550/30000]	lr: 1.000e-04, eta: 4:57:58, time: 1.095, data_time: 0.011, memory: 37111, loss_mask: 0.0871, loss_texture: 0.0345, iou: 0.8573, loss: 0.1216
2026-04-29 20:44:29,409 - mmdet - INFO - Iter [16575/30000]	lr: 1.000e-04, eta: 4:57:20, time: 1.093, data_time: 0.012, memory: 37111, loss_mask: 0.0803, loss_texture: 0.0311, iou: 0.8665, loss: 0.1114
2026-04-29 20:44:56,800 - mmdet - INFO - Iter [16600/30000]	lr: 1.000e-04, eta: 4:56:42, time: 1.096, data_time: 0.011, memory: 37111, loss_mask: 0.0879, loss_texture: 0.0365, iou: 0.8733, loss: 0.1244
2026-04-29 20:45:24,187 - mmdet - INFO - Iter [16625/30000]	lr: 1.000e-04, eta: 4:56:04, time: 1.095, data_time: 0.011, memory: 37111, loss_mask: 0.0755, loss_texture: 0.0319, iou: 0.8691, loss: 0.1074
2026-04-29 20:45:51,602 - mmdet - INFO - Iter [16650/30000]	lr: 1.000e-04, eta: 4:55:27, time: 1.097, data_time: 0.011, memory: 37111, loss_mask: 0.1013, loss_texture: 0.0392, iou: 0.8537, loss: 0.1405
2026-04-29 20:46:19,136 - mmdet - INFO - Iter [16675/30000]	lr: 1.000e-04, eta: 4:54:49, time: 1.101, data_time: 0.012, memory: 37111, loss_mask: 0.0856, loss_texture: 0.0357, iou: 0.8780, loss: 0.1213
2026-04-29 20:46:46,422 - mmdet - INFO - Iter [16700/30000]	lr: 1.000e-04, eta: 4:54:11, time: 1.091, data_time: 0.011, memory: 37111, loss_mask: 0.0789, loss_texture: 0.0327, iou: 0.8680, loss: 0.1117
2026-04-29 20:47:13,911 - mmdet - INFO - Iter [16725/30000]	lr: 1.000e-04, eta: 4:53:33, time: 1.100, data_time: 0.011, memory: 37111, loss_mask: 0.0800, loss_texture: 0.0356, iou: 0.8731, loss: 0.1156
2026-04-29 20:47:41,245 - mmdet - INFO - Iter [16750/30000]	lr: 1.000e-04, eta: 4:52:56, time: 1.093, data_time: 0.011, memory: 37111, loss_mask: 0.0854, loss_texture: 0.0354, iou: 0.8932, loss: 0.1208
2026-04-29 20:48:08,568 - mmdet - INFO - Iter [16775/30000]	lr: 1.000e-04, eta: 4:52:18, time: 1.093, data_time: 0.012, memory: 37111, loss_mask: 0.0807, loss_texture: 0.0310, iou: 0.8665, loss: 0.1117
2026-04-29 20:48:35,962 - mmdet - INFO - Iter [16800/30000]	lr: 1.000e-04, eta: 4:51:40, time: 1.096, data_time: 0.011, memory: 37111, loss_mask: 0.0886, loss_texture: 0.0336, iou: 0.8822, loss: 0.1222
2026-04-29 20:49:03,349 - mmdet - INFO - Iter [16825/30000]	lr: 1.000e-04, eta: 4:51:02, time: 1.095, data_time: 0.011, memory: 37111, loss_mask: 0.0823, loss_texture: 0.0343, iou: 0.8536, loss: 0.1165
2026-04-29 20:49:30,714 - mmdet - INFO - Iter [16850/30000]	lr: 1.000e-04, eta: 4:50:25, time: 1.095, data_time: 0.011, memory: 37111, loss_mask: 0.0874, loss_texture: 0.0349, iou: 0.8742, loss: 0.1223
2026-04-29 20:49:58,054 - mmdet - INFO - Iter [16875/30000]	lr: 1.000e-04, eta: 4:49:47, time: 1.094, data_time: 0.012, memory: 37111, loss_mask: 0.0848, loss_texture: 0.0349, iou: 0.8632, loss: 0.1197
2026-04-29 20:50:25,562 - mmdet - INFO - Iter [16900/30000]	lr: 1.000e-04, eta: 4:49:10, time: 1.100, data_time: 0.011, memory: 37111, loss_mask: 0.0932, loss_texture: 0.0376, iou: 0.8797, loss: 0.1308
2026-04-29 20:50:53,026 - mmdet - INFO - Iter [16925/30000]	lr: 1.000e-04, eta: 4:48:32, time: 1.099, data_time: 0.011, memory: 37111, loss_mask: 0.0881, loss_texture: 0.0354, iou: 0.8667, loss: 0.1235
2026-04-29 20:51:20,451 - mmdet - INFO - Iter [16950/30000]	lr: 1.000e-04, eta: 4:47:55, time: 1.097, data_time: 0.011, memory: 37111, loss_mask: 0.0858, loss_texture: 0.0328, iou: 0.8574, loss: 0.1186
2026-04-29 20:51:47,731 - mmdet - INFO - Iter [16975/30000]	lr: 1.000e-04, eta: 4:47:17, time: 1.091, data_time: 0.012, memory: 37111, loss_mask: 0.0733, loss_texture: 0.0279, iou: 0.8712, loss: 0.1012
2026-04-29 20:52:15,181 - mmdet - INFO - 
--- Val evaluation at iter 17000 ---
2026-04-29 20:54:08,417 - mmdet - INFO - 
+------------+-------------+-------------+
| Class      | Val IoU     | Pseudo IoU  |
+------------+-------------+-------------+
| background | 91.98       | 92.68       |
| building   | 65.78       | 69.14       |
| Summary    | mIoU: 78.88 | mIoU: 80.91 |
+------------+-------------+-------------+
Images evaluated: 218
2026-04-29 20:54:09,838 - mmdet - INFO - Exp name: exp8_all.py
2026-04-29 20:54:09,838 - mmdet - INFO - Iter [17000/30000]	lr: 1.000e-04, eta: 4:46:40, time: 1.098, data_time: 0.011, memory: 37111, val/mIoU: 0.7888, val/IoU.building: 0.6578, val/IoU.background: 0.9198, val/Pseudo_mIoU: 0.8091, loss_mask: 0.0792, loss_texture: 0.0331, iou: 0.8804, loss: 0.1123
2026-04-29 20:54:37,273 - mmdet - INFO - Iter [17025/30000]	lr: 1.000e-04, eta: 4:47:30, time: 5.684, data_time: 4.598, memory: 37111, loss_mask: 0.0865, loss_texture: 0.0365, iou: 0.8766, loss: 0.1229
2026-04-29 20:55:04,595 - mmdet - INFO - Iter [17050/30000]	lr: 1.000e-04, eta: 4:46:52, time: 1.093, data_time: 0.011, memory: 37111, loss_mask: 0.0810, loss_texture: 0.0341, iou: 0.8838, loss: 0.1150
2026-04-29 20:55:31,956 - mmdet - INFO - Iter [17075/30000]	lr: 1.000e-04, eta: 4:46:14, time: 1.094, data_time: 0.012, memory: 37111, loss_mask: 0.0894, loss_texture: 0.0349, iou: 0.8751, loss: 0.1243
2026-04-29 20:55:59,349 - mmdet - INFO - Iter [17100/30000]	lr: 1.000e-04, eta: 4:45:37, time: 1.096, data_time: 0.011, memory: 37111, loss_mask: 0.0757, loss_texture: 0.0312, iou: 0.8700, loss: 0.1068
2026-04-29 20:56:26,800 - mmdet - INFO - Iter [17125/30000]	lr: 1.000e-04, eta: 4:44:59, time: 1.098, data_time: 0.011, memory: 37111, loss_mask: 0.0846, loss_texture: 0.0345, iou: 0.8736, loss: 0.1191
2026-04-29 20:56:54,204 - mmdet - INFO - Iter [17150/30000]	lr: 1.000e-04, eta: 4:44:22, time: 1.096, data_time: 0.012, memory: 37111, loss_mask: 0.0895, loss_texture: 0.0373, iou: 0.8656, loss: 0.1268
2026-04-29 20:57:21,659 - mmdet - INFO - Iter [17175/30000]	lr: 1.000e-04, eta: 4:43:44, time: 1.098, data_time: 0.012, memory: 37111, loss_mask: 0.0842, loss_texture: 0.0352, iou: 0.8588, loss: 0.1194
2026-04-29 20:57:49,084 - mmdet - INFO - Iter [17200/30000]	lr: 1.000e-04, eta: 4:43:07, time: 1.097, data_time: 0.011, memory: 37111, loss_mask: 0.0841, loss_texture: 0.0338, iou: 0.8807, loss: 0.1179
2026-04-29 20:58:16,400 - mmdet - INFO - Iter [17225/30000]	lr: 1.000e-04, eta: 4:42:29, time: 1.093, data_time: 0.011, memory: 37111, loss_mask: 0.0887, loss_texture: 0.0369, iou: 0.8677, loss: 0.1256
2026-04-29 20:58:43,770 - mmdet - INFO - Iter [17250/30000]	lr: 1.000e-04, eta: 4:41:52, time: 1.095, data_time: 0.011, memory: 37111, loss_mask: 0.0926, loss_texture: 0.0375, iou: 0.8743, loss: 0.1301
2026-04-29 20:59:11,128 - mmdet - INFO - Iter [17275/30000]	lr: 1.000e-04, eta: 4:41:14, time: 1.094, data_time: 0.012, memory: 37111, loss_mask: 0.0757, loss_texture: 0.0313, iou: 0.8906, loss: 0.1070
2026-04-29 20:59:38,519 - mmdet - INFO - Iter [17300/30000]	lr: 1.000e-04, eta: 4:40:37, time: 1.096, data_time: 0.011, memory: 37111, loss_mask: 0.0810, loss_texture: 0.0327, iou: 0.8636, loss: 0.1137
2026-04-29 21:00:05,988 - mmdet - INFO - Iter [17325/30000]	lr: 1.000e-04, eta: 4:40:00, time: 1.099, data_time: 0.011, memory: 37111, loss_mask: 0.0907, loss_texture: 0.0378, iou: 0.8679, loss: 0.1284
2026-04-29 21:00:33,424 - mmdet - INFO - Iter [17350/30000]	lr: 1.000e-04, eta: 4:39:22, time: 1.097, data_time: 0.012, memory: 37111, loss_mask: 0.0919, loss_texture: 0.0358, iou: 0.8646, loss: 0.1277
2026-04-29 21:01:00,960 - mmdet - INFO - Iter [17375/30000]	lr: 1.000e-04, eta: 4:38:45, time: 1.101, data_time: 0.012, memory: 37111, loss_mask: 0.0899, loss_texture: 0.0355, iou: 0.8712, loss: 0.1254
2026-04-29 21:01:28,252 - mmdet - INFO - Iter [17400/30000]	lr: 1.000e-04, eta: 4:38:08, time: 1.092, data_time: 0.011, memory: 37111, loss_mask: 0.0790, loss_texture: 0.0314, iou: 0.8633, loss: 0.1104
2026-04-29 21:01:55,680 - mmdet - INFO - Iter [17425/30000]	lr: 1.000e-04, eta: 4:37:31, time: 1.097, data_time: 0.011, memory: 37111, loss_mask: 0.0795, loss_texture: 0.0318, iou: 0.8697, loss: 0.1113
2026-04-29 21:02:22,949 - mmdet - INFO - Iter [17450/30000]	lr: 1.000e-04, eta: 4:36:53, time: 1.091, data_time: 0.011, memory: 37111, loss_mask: 0.0883, loss_texture: 0.0336, iou: 0.8791, loss: 0.1219
2026-04-29 21:02:50,248 - mmdet - INFO - Iter [17475/30000]	lr: 1.000e-04, eta: 4:36:16, time: 1.092, data_time: 0.012, memory: 37111, loss_mask: 0.0941, loss_texture: 0.0358, iou: 0.8613, loss: 0.1298
2026-04-29 21:03:17,634 - mmdet - INFO - 
--- Val evaluation at iter 17500 ---
2026-04-29 21:05:10,686 - mmdet - INFO - 
+------------+-------------+-------------+
| Class      | Val IoU     | Pseudo IoU  |
+------------+-------------+-------------+
| background | 91.86       | 92.68       |
| building   | 66.39       | 69.14       |
| Summary    | mIoU: 79.12 | mIoU: 80.91 |
+------------+-------------+-------------+
Images evaluated: 218
2026-04-29 21:05:12,117 - mmdet - INFO - Iter [17500/30000]	lr: 1.000e-04, eta: 4:35:39, time: 1.095, data_time: 0.011, memory: 37111, val/mIoU: 0.7912, val/IoU.building: 0.6639, val/IoU.background: 0.9186, val/Pseudo_mIoU: 0.8091, loss_mask: 0.0977, loss_texture: 0.0374, iou: 0.8592, loss: 0.1351
2026-04-29 21:05:39,450 - mmdet - INFO - Iter [17525/30000]	lr: 1.000e-04, eta: 4:36:23, time: 5.673, data_time: 4.591, memory: 37111, loss_mask: 0.0850, loss_texture: 0.0326, iou: 0.8536, loss: 0.1176
2026-04-29 21:06:06,945 - mmdet - INFO - Iter [17550/30000]	lr: 1.000e-04, eta: 4:35:46, time: 1.100, data_time: 0.012, memory: 37111, loss_mask: 0.0883, loss_texture: 0.0358, iou: 0.8886, loss: 0.1241
2026-04-29 21:06:34,388 - mmdet - INFO - Iter [17575/30000]	lr: 1.000e-04, eta: 4:35:09, time: 1.098, data_time: 0.012, memory: 37111, loss_mask: 0.0880, loss_texture: 0.0343, iou: 0.8558, loss: 0.1223
2026-04-29 21:07:01,748 - mmdet - INFO - Iter [17600/30000]	lr: 1.000e-04, eta: 4:34:31, time: 1.094, data_time: 0.012, memory: 37111, loss_mask: 0.0934, loss_texture: 0.0384, iou: 0.8686, loss: 0.1318
2026-04-29 21:07:29,231 - mmdet - INFO - Iter [17625/30000]	lr: 1.000e-04, eta: 4:33:54, time: 1.099, data_time: 0.011, memory: 37111, loss_mask: 0.0864, loss_texture: 0.0363, iou: 0.8781, loss: 0.1227
2026-04-29 21:07:56,573 - mmdet - INFO - Iter [17650/30000]	lr: 1.000e-04, eta: 4:33:17, time: 1.094, data_time: 0.011, memory: 37111, loss_mask: 0.0870, loss_texture: 0.0345, iou: 0.8698, loss: 0.1215
2026-04-29 21:08:23,929 - mmdet - INFO - Iter [17675/30000]	lr: 1.000e-04, eta: 4:32:39, time: 1.094, data_time: 0.012, memory: 37111, loss_mask: 0.0804, loss_texture: 0.0337, iou: 0.8758, loss: 0.1141
2026-04-29 21:08:51,384 - mmdet - INFO - Iter [17700/30000]	lr: 1.000e-04, eta: 4:32:02, time: 1.098, data_time: 0.011, memory: 37111, loss_mask: 0.0891, loss_texture: 0.0355, iou: 0.8654, loss: 0.1247
2026-04-29 21:09:18,715 - mmdet - INFO - Iter [17725/30000]	lr: 1.000e-04, eta: 4:31:25, time: 1.093, data_time: 0.011, memory: 37111, loss_mask: 0.0844, loss_texture: 0.0342, iou: 0.8786, loss: 0.1186
2026-04-29 21:09:46,079 - mmdet - INFO - Iter [17750/30000]	lr: 1.000e-04, eta: 4:30:48, time: 1.095, data_time: 0.012, memory: 37111, loss_mask: 0.0839, loss_texture: 0.0339, iou: 0.8579, loss: 0.1179
2026-04-29 21:10:13,622 - mmdet - INFO - Iter [17775/30000]	lr: 1.000e-04, eta: 4:30:11, time: 1.102, data_time: 0.012, memory: 37111, loss_mask: 0.0841, loss_texture: 0.0340, iou: 0.8733, loss: 0.1181
2026-04-29 21:10:41,186 - mmdet - INFO - Iter [17800/30000]	lr: 1.000e-04, eta: 4:29:34, time: 1.103, data_time: 0.011, memory: 37111, loss_mask: 0.0777, loss_texture: 0.0337, iou: 0.8845, loss: 0.1114
2026-04-29 21:11:08,784 - mmdet - INFO - Iter [17825/30000]	lr: 1.000e-04, eta: 4:28:57, time: 1.104, data_time: 0.011, memory: 37111, loss_mask: 0.0719, loss_texture: 0.0306, iou: 0.8820, loss: 0.1024
2026-04-29 21:11:36,264 - mmdet - INFO - Iter [17850/30000]	lr: 1.000e-04, eta: 4:28:20, time: 1.099, data_time: 0.011, memory: 37111, loss_mask: 0.0931, loss_texture: 0.0351, iou: 0.8757, loss: 0.1282
2026-04-29 21:12:03,656 - mmdet - INFO - Iter [17875/30000]	lr: 1.000e-04, eta: 4:27:43, time: 1.096, data_time: 0.012, memory: 37111, loss_mask: 0.1032, loss_texture: 0.0385, iou: 0.8610, loss: 0.1417
2026-04-29 21:12:31,011 - mmdet - INFO - Iter [17900/30000]	lr: 1.000e-04, eta: 4:27:06, time: 1.094, data_time: 0.011, memory: 37111, loss_mask: 0.0965, loss_texture: 0.0362, iou: 0.8638, loss: 0.1327
2026-04-29 21:12:58,411 - mmdet - INFO - Iter [17925/30000]	lr: 1.000e-04, eta: 4:26:29, time: 1.096, data_time: 0.011, memory: 37111, loss_mask: 0.0877, loss_texture: 0.0363, iou: 0.8614, loss: 0.1239
2026-04-29 21:13:25,950 - mmdet - INFO - Iter [17950/30000]	lr: 1.000e-04, eta: 4:25:52, time: 1.102, data_time: 0.012, memory: 37111, loss_mask: 0.0966, loss_texture: 0.0375, iou: 0.8615, loss: 0.1341
2026-04-29 21:13:53,386 - mmdet - INFO - Iter [17975/30000]	lr: 1.000e-04, eta: 4:25:15, time: 1.097, data_time: 0.012, memory: 37111, loss_mask: 0.0784, loss_texture: 0.0311, iou: 0.8578, loss: 0.1095
2026-04-29 21:14:20,816 - mmdet - INFO - 
--- Val evaluation at iter 18000 ---
2026-04-29 21:16:13,649 - mmdet - INFO - 
+------------+-------------+-------------+
| Class      | Val IoU     | Pseudo IoU  |
+------------+-------------+-------------+
| background | 91.87       | 92.68       |
| building   | 67.49       | 69.14       |
| Summary    | mIoU: 79.68 | mIoU: 80.91 |
+------------+-------------+-------------+
Images evaluated: 218
2026-04-29 21:16:15,064 - mmdet - INFO - Exp name: exp8_all.py
2026-04-29 21:16:15,064 - mmdet - INFO - Iter [18000/30000]	lr: 1.000e-04, eta: 4:24:38, time: 1.097, data_time: 0.011, memory: 37111, val/mIoU: 0.7968, val/IoU.building: 0.6749, val/IoU.background: 0.9187, val/Pseudo_mIoU: 0.8091, loss_mask: 0.0932, loss_texture: 0.0395, iou: 0.8646, loss: 0.1327
2026-04-29 21:16:42,409 - mmdet - INFO - Iter [18025/30000]	lr: 1.000e-04, eta: 4:25:17, time: 5.664, data_time: 4.581, memory: 37111, loss_mask: 0.0826, loss_texture: 0.0328, iou: 0.8706, loss: 0.1155
2026-04-29 21:17:09,733 - mmdet - INFO - Iter [18050/30000]	lr: 1.000e-04, eta: 4:24:40, time: 1.093, data_time: 0.011, memory: 37111, loss_mask: 0.0821, loss_texture: 0.0352, iou: 0.8787, loss: 0.1173
2026-04-29 21:17:37,225 - mmdet - INFO - Iter [18075/30000]	lr: 1.000e-04, eta: 4:24:03, time: 1.100, data_time: 0.012, memory: 37111, loss_mask: 0.0900, loss_texture: 0.0366, iou: 0.8717, loss: 0.1267
2026-04-29 21:18:04,601 - mmdet - INFO - Iter [18100/30000]	lr: 1.000e-04, eta: 4:23:26, time: 1.095, data_time: 0.011, memory: 37111, loss_mask: 0.0797, loss_texture: 0.0349, iou: 0.8848, loss: 0.1146
2026-04-29 21:18:31,994 - mmdet - INFO - Iter [18125/30000]	lr: 1.000e-04, eta: 4:22:49, time: 1.096, data_time: 0.011, memory: 37111, loss_mask: 0.1323, loss_texture: 0.0449, iou: 0.8371, loss: 0.1773
2026-04-29 21:18:59,437 - mmdet - INFO - Iter [18150/30000]	lr: 1.000e-04, eta: 4:22:12, time: 1.098, data_time: 0.012, memory: 37111, loss_mask: 0.1095, loss_texture: 0.0396, iou: 0.8459, loss: 0.1491
2026-04-29 21:19:26,871 - mmdet - INFO - Iter [18175/30000]	lr: 1.000e-04, eta: 4:21:35, time: 1.097, data_time: 0.012, memory: 37111, loss_mask: 0.0842, loss_texture: 0.0330, iou: 0.8695, loss: 0.1172
2026-04-29 21:19:54,204 - mmdet - INFO - Iter [18200/30000]	lr: 1.000e-04, eta: 4:20:58, time: 1.093, data_time: 0.011, memory: 37111, loss_mask: 0.0864, loss_texture: 0.0325, iou: 0.8657, loss: 0.1188
2026-04-29 21:20:21,579 - mmdet - INFO - Iter [18225/30000]	lr: 1.000e-04, eta: 4:20:21, time: 1.095, data_time: 0.011, memory: 37111, loss_mask: 0.0783, loss_texture: 0.0309, iou: 0.8685, loss: 0.1092
2026-04-29 21:20:48,913 - mmdet - INFO - Iter [18250/30000]	lr: 1.000e-04, eta: 4:19:44, time: 1.093, data_time: 0.012, memory: 37111, loss_mask: 0.0767, loss_texture: 0.0310, iou: 0.8686, loss: 0.1076
2026-04-29 21:21:16,253 - mmdet - INFO - Iter [18275/30000]	lr: 1.000e-04, eta: 4:19:08, time: 1.094, data_time: 0.012, memory: 37111, loss_mask: 0.0852, loss_texture: 0.0335, iou: 0.8767, loss: 0.1187
2026-04-29 21:21:43,458 - mmdet - INFO - Iter [18300/30000]	lr: 1.000e-04, eta: 4:18:31, time: 1.088, data_time: 0.011, memory: 37111, loss_mask: 0.0749, loss_texture: 0.0297, iou: 0.8601, loss: 0.1047
2026-04-29 21:22:10,904 - mmdet - INFO - Iter [18325/30000]	lr: 1.000e-04, eta: 4:17:54, time: 1.098, data_time: 0.011, memory: 37111, loss_mask: 0.0859, loss_texture: 0.0370, iou: 0.8724, loss: 0.1230
2026-04-29 21:22:38,406 - mmdet - INFO - Iter [18350/30000]	lr: 1.000e-04, eta: 4:17:17, time: 1.100, data_time: 0.011, memory: 37111, loss_mask: 0.0965, loss_texture: 0.0382, iou: 0.8624, loss: 0.1346
2026-04-29 21:23:06,005 - mmdet - INFO - Iter [18375/30000]	lr: 1.000e-04, eta: 4:16:40, time: 1.104, data_time: 0.012, memory: 37111, loss_mask: 0.0891, loss_texture: 0.0362, iou: 0.8635, loss: 0.1253
2026-04-29 21:23:33,437 - mmdet - INFO - Iter [18400/30000]	lr: 1.000e-04, eta: 4:16:04, time: 1.097, data_time: 0.011, memory: 37111, loss_mask: 0.0850, loss_texture: 0.0339, iou: 0.8748, loss: 0.1188
2026-04-29 21:24:00,801 - mmdet - INFO - Iter [18425/30000]	lr: 1.000e-04, eta: 4:15:27, time: 1.095, data_time: 0.011, memory: 37111, loss_mask: 0.0906, loss_texture: 0.0353, iou: 0.8644, loss: 0.1259
2026-04-29 21:24:28,262 - mmdet - INFO - Iter [18450/30000]	lr: 1.000e-04, eta: 4:14:50, time: 1.098, data_time: 0.012, memory: 37111, loss_mask: 0.0790, loss_texture: 0.0318, iou: 0.8754, loss: 0.1108
2026-04-29 21:24:55,613 - mmdet - INFO - Iter [18475/30000]	lr: 1.000e-04, eta: 4:14:14, time: 1.094, data_time: 0.012, memory: 37111, loss_mask: 0.0852, loss_texture: 0.0333, iou: 0.8811, loss: 0.1184
2026-04-29 21:25:22,993 - mmdet - INFO - 
--- Val evaluation at iter 18500 ---
2026-04-29 21:27:15,359 - mmdet - INFO - 
+------------+-------------+-------------+
| Class      | Val IoU     | Pseudo IoU  |
+------------+-------------+-------------+
| background | 92.06       | 92.68       |
| building   | 66.25       | 69.14       |
| Summary    | mIoU: 79.15 | mIoU: 80.91 |
+------------+-------------+-------------+
Images evaluated: 218
2026-04-29 21:27:16,775 - mmdet - INFO - Iter [18500/30000]	lr: 1.000e-04, eta: 4:13:37, time: 1.095, data_time: 0.011, memory: 37111, val/mIoU: 0.7915, val/IoU.building: 0.6625, val/IoU.background: 0.9206, val/Pseudo_mIoU: 0.8091, loss_mask: 0.0884, loss_texture: 0.0366, iou: 0.8706, loss: 0.1250
2026-04-29 21:27:44,136 - mmdet - INFO - Iter [18525/30000]	lr: 1.000e-04, eta: 4:14:11, time: 5.646, data_time: 4.563, memory: 37111, loss_mask: 0.0771, loss_texture: 0.0314, iou: 0.8740, loss: 0.1085
2026-04-29 21:28:11,582 - mmdet - INFO - Iter [18550/30000]	lr: 1.000e-04, eta: 4:13:34, time: 1.098, data_time: 0.011, memory: 37111, loss_mask: 0.0948, loss_texture: 0.0388, iou: 0.8727, loss: 0.1336
2026-04-29 21:28:38,947 - mmdet - INFO - Iter [18575/30000]	lr: 1.000e-04, eta: 4:12:57, time: 1.095, data_time: 0.012, memory: 37111, loss_mask: 0.0761, loss_texture: 0.0313, iou: 0.8732, loss: 0.1074
2026-04-29 21:29:06,311 - mmdet - INFO - Iter [18600/30000]	lr: 1.000e-04, eta: 4:12:21, time: 1.095, data_time: 0.011, memory: 37111, loss_mask: 0.0726, loss_texture: 0.0315, iou: 0.8722, loss: 0.1041
2026-04-29 21:29:33,715 - mmdet - INFO - Iter [18625/30000]	lr: 1.000e-04, eta: 4:11:44, time: 1.096, data_time: 0.011, memory: 37111, loss_mask: 0.0788, loss_texture: 0.0332, iou: 0.8844, loss: 0.1120
2026-04-29 21:30:01,105 - mmdet - INFO - Iter [18650/30000]	lr: 1.000e-04, eta: 4:11:07, time: 1.096, data_time: 0.012, memory: 37111, loss_mask: 0.0863, loss_texture: 0.0351, iou: 0.8634, loss: 0.1214
2026-04-29 21:30:28,490 - mmdet - INFO - Iter [18675/30000]	lr: 1.000e-04, eta: 4:10:30, time: 1.095, data_time: 0.012, memory: 37111, loss_mask: 0.0891, loss_texture: 0.0364, iou: 0.8729, loss: 0.1255
2026-04-29 21:30:55,853 - mmdet - INFO - Iter [18700/30000]	lr: 1.000e-04, eta: 4:09:54, time: 1.095, data_time: 0.011, memory: 37111, loss_mask: 0.0806, loss_texture: 0.0344, iou: 0.8691, loss: 0.1150
2026-04-29 21:31:23,172 - mmdet - INFO - Iter [18725/30000]	lr: 1.000e-04, eta: 4:09:17, time: 1.093, data_time: 0.011, memory: 37111, loss_mask: 0.0817, loss_texture: 0.0342, iou: 0.8756, loss: 0.1159
2026-04-29 21:31:50,510 - mmdet - INFO - Iter [18750/30000]	lr: 1.000e-04, eta: 4:08:40, time: 1.094, data_time: 0.011, memory: 37111, loss_mask: 0.0832, loss_texture: 0.0349, iou: 0.8689, loss: 0.1181
2026-04-29 21:32:17,927 - mmdet - INFO - Iter [18775/30000]	lr: 1.000e-04, eta: 4:08:04, time: 1.097, data_time: 0.012, memory: 37111, loss_mask: 0.0866, loss_texture: 0.0360, iou: 0.8869, loss: 0.1226
2026-04-29 21:32:45,352 - mmdet - INFO - Iter [18800/30000]	lr: 1.000e-04, eta: 4:07:27, time: 1.097, data_time: 0.011, memory: 37111, loss_mask: 0.0952, loss_texture: 0.0392, iou: 0.8617, loss: 0.1344
2026-04-29 21:33:12,759 - mmdet - INFO - Iter [18825/30000]	lr: 1.000e-04, eta: 4:06:51, time: 1.096, data_time: 0.011, memory: 37111, loss_mask: 0.0773, loss_texture: 0.0325, iou: 0.8879, loss: 0.1098
2026-04-29 21:33:40,192 - mmdet - INFO - Iter [18850/30000]	lr: 1.000e-04, eta: 4:06:14, time: 1.097, data_time: 0.011, memory: 37111, loss_mask: 0.0883, loss_texture: 0.0357, iou: 0.8709, loss: 0.1240
2026-04-29 21:34:07,628 - mmdet - INFO - Iter [18875/30000]	lr: 1.000e-04, eta: 4:05:38, time: 1.097, data_time: 0.012, memory: 37111, loss_mask: 0.0809, loss_texture: 0.0337, iou: 0.8613, loss: 0.1146
2026-04-29 21:34:34,968 - mmdet - INFO - Iter [18900/30000]	lr: 1.000e-04, eta: 4:05:01, time: 1.094, data_time: 0.011, memory: 37111, loss_mask: 0.0900, loss_texture: 0.0371, iou: 0.8673, loss: 0.1271
2026-04-29 21:35:02,339 - mmdet - INFO - Iter [18925/30000]	lr: 1.000e-04, eta: 4:04:25, time: 1.095, data_time: 0.011, memory: 37111, loss_mask: 0.0778, loss_texture: 0.0321, iou: 0.8715, loss: 0.1099
2026-04-29 21:35:29,746 - mmdet - INFO - Iter [18950/30000]	lr: 1.000e-04, eta: 4:03:48, time: 1.096, data_time: 0.011, memory: 37111, loss_mask: 0.0728, loss_texture: 0.0298, iou: 0.8976, loss: 0.1026
2026-04-29 21:35:57,058 - mmdet - INFO - Iter [18975/30000]	lr: 1.000e-04, eta: 4:03:12, time: 1.092, data_time: 0.012, memory: 37111, loss_mask: 0.0657, loss_texture: 0.0300, iou: 0.8668, loss: 0.0956
2026-04-29 21:36:24,464 - mmdet - INFO - 
--- Val evaluation at iter 19000 ---
2026-04-29 21:38:16,950 - mmdet - INFO - 
+------------+-------------+-------------+
| Class      | Val IoU     | Pseudo IoU  |
+------------+-------------+-------------+
| background | 92.07       | 92.68       |
| building   | 67.82       | 69.14       |
| Summary    | mIoU: 79.94 | mIoU: 80.91 |
+------------+-------------+-------------+
Images evaluated: 218
2026-04-29 21:38:19,908 - mmdet - INFO - ★ New best mIoU: 79.94% (prev: 79.94%, Δ=+0.00%) → saved to /home/ubuntu/vy/Denoiser/SegRefiner/work_dirs/exp8_all/best_model.pth
2026-04-29 21:38:19,912 - mmdet - INFO - Exp name: exp8_all.py
2026-04-29 21:38:19,912 - mmdet - INFO - Iter [19000/30000]	lr: 1.000e-04, eta: 4:02:35, time: 1.096, data_time: 0.011, memory: 37111, val/mIoU: 0.7994, val/IoU.building: 0.6782, val/IoU.background: 0.9207, val/Pseudo_mIoU: 0.8091, loss_mask: 0.0880, loss_texture: 0.0349, iou: 0.8718, loss: 0.1229
2026-04-29 21:38:47,408 - mmdet - INFO - Iter [19025/30000]	lr: 1.000e-04, eta: 4:03:06, time: 5.718, data_time: 4.631, memory: 37111, loss_mask: 0.0919, loss_texture: 0.0368, iou: 0.8758, loss: 0.1287
2026-04-29 21:39:14,820 - mmdet - INFO - Iter [19050/30000]	lr: 1.000e-04, eta: 4:02:29, time: 1.096, data_time: 0.012, memory: 37111, loss_mask: 0.0861, loss_texture: 0.0348, iou: 0.8744, loss: 0.1209
2026-04-29 21:39:42,228 - mmdet - INFO - Iter [19075/30000]	lr: 1.000e-04, eta: 4:01:53, time: 1.096, data_time: 0.012, memory: 37111, loss_mask: 0.0879, loss_texture: 0.0362, iou: 0.8699, loss: 0.1241
2026-04-29 21:40:09,583 - mmdet - INFO - Iter [19100/30000]	lr: 1.000e-04, eta: 4:01:16, time: 1.094, data_time: 0.011, memory: 37111, loss_mask: 0.0759, loss_texture: 0.0315, iou: 0.8708, loss: 0.1073
2026-04-29 21:40:36,783 - mmdet - INFO - Iter [19125/30000]	lr: 1.000e-04, eta: 4:00:39, time: 1.088, data_time: 0.011, memory: 37111, loss_mask: 0.0718, loss_texture: 0.0304, iou: 0.8654, loss: 0.1023
2026-04-29 21:41:04,187 - mmdet - INFO - Iter [19150/30000]	lr: 1.000e-04, eta: 4:00:03, time: 1.096, data_time: 0.012, memory: 37111, loss_mask: 0.0977, loss_texture: 0.0396, iou: 0.8730, loss: 0.1373
2026-04-29 21:41:31,580 - mmdet - INFO - Iter [19175/30000]	lr: 1.000e-04, eta: 3:59:26, time: 1.096, data_time: 0.012, memory: 37111, loss_mask: 0.0811, loss_texture: 0.0322, iou: 0.8731, loss: 0.1133
2026-04-29 21:41:58,938 - mmdet - INFO - Iter [19200/30000]	lr: 1.000e-04, eta: 3:58:50, time: 1.094, data_time: 0.011, memory: 37111, loss_mask: 0.0779, loss_texture: 0.0326, iou: 0.8822, loss: 0.1105
2026-04-29 21:42:26,370 - mmdet - INFO - Iter [19225/30000]	lr: 1.000e-04, eta: 3:58:14, time: 1.097, data_time: 0.011, memory: 37111, loss_mask: 0.0837, loss_texture: 0.0356, iou: 0.8751, loss: 0.1193
2026-04-29 21:42:53,910 - mmdet - INFO - Iter [19250/30000]	lr: 1.000e-04, eta: 3:57:37, time: 1.102, data_time: 0.012, memory: 37111, loss_mask: 0.0871, loss_texture: 0.0348, iou: 0.8820, loss: 0.1219
2026-04-29 21:43:21,534 - mmdet - INFO - Iter [19275/30000]	lr: 1.000e-04, eta: 3:57:01, time: 1.105, data_time: 0.012, memory: 37111, loss_mask: 0.0891, loss_texture: 0.0355, iou: 0.8746, loss: 0.1247
2026-04-29 21:43:48,853 - mmdet - INFO - Iter [19300/30000]	lr: 1.000e-04, eta: 3:56:25, time: 1.093, data_time: 0.011, memory: 37111, loss_mask: 0.0867, loss_texture: 0.0352, iou: 0.8713, loss: 0.1219
2026-04-29 21:44:16,235 - mmdet - INFO - Iter [19325/30000]	lr: 1.000e-04, eta: 3:55:48, time: 1.095, data_time: 0.011, memory: 37111, loss_mask: 0.0763, loss_texture: 0.0323, iou: 0.8799, loss: 0.1086
2026-04-29 21:44:43,770 - mmdet - INFO - Iter [19350/30000]	lr: 1.000e-04, eta: 3:55:12, time: 1.101, data_time: 0.011, memory: 37111, loss_mask: 0.0912, loss_texture: 0.0393, iou: 0.8775, loss: 0.1305
2026-04-29 21:45:11,229 - mmdet - INFO - Iter [19375/30000]	lr: 1.000e-04, eta: 3:54:36, time: 1.098, data_time: 0.012, memory: 37111, loss_mask: 0.0688, loss_texture: 0.0305, iou: 0.8749, loss: 0.0993
2026-04-29 21:45:38,685 - mmdet - INFO - Iter [19400/30000]	lr: 1.000e-04, eta: 3:54:00, time: 1.098, data_time: 0.011, memory: 37111, loss_mask: 0.0782, loss_texture: 0.0328, iou: 0.8816, loss: 0.1109
2026-04-29 21:46:06,213 - mmdet - INFO - Iter [19425/30000]	lr: 1.000e-04, eta: 3:53:24, time: 1.101, data_time: 0.011, memory: 37111, loss_mask: 0.0828, loss_texture: 0.0352, iou: 0.8576, loss: 0.1179
2026-04-29 21:46:33,695 - mmdet - INFO - Iter [19450/30000]	lr: 1.000e-04, eta: 3:52:47, time: 1.099, data_time: 0.012, memory: 37111, loss_mask: 0.0800, loss_texture: 0.0341, iou: 0.8835, loss: 0.1141
2026-04-29 21:47:01,084 - mmdet - INFO - Iter [19475/30000]	lr: 1.000e-04, eta: 3:52:11, time: 1.096, data_time: 0.012, memory: 37111, loss_mask: 0.0781, loss_texture: 0.0324, iou: 0.8850, loss: 0.1105
2026-04-29 21:47:28,398 - mmdet - INFO - 
--- Val evaluation at iter 19500 ---
2026-04-29 21:49:21,637 - mmdet - INFO - 
+------------+-------------+-------------+
| Class      | Val IoU     | Pseudo IoU  |
+------------+-------------+-------------+
| background | 91.97       | 92.68       |
| building   | 67.24       | 69.14       |
| Summary    | mIoU: 79.60 | mIoU: 80.91 |
+------------+-------------+-------------+
Images evaluated: 218
2026-04-29 21:49:23,006 - mmdet - INFO - Iter [19500/30000]	lr: 1.000e-04, eta: 3:51:35, time: 1.093, data_time: 0.011, memory: 37111, val/mIoU: 0.7960, val/IoU.building: 0.6724, val/IoU.background: 0.9197, val/Pseudo_mIoU: 0.8091, loss_mask: 0.0795, loss_texture: 0.0328, iou: 0.8704, loss: 0.1124
2026-04-29 21:49:50,355 - mmdet - INFO - Iter [19525/30000]	lr: 1.000e-04, eta: 3:52:00, time: 5.678, data_time: 4.595, memory: 37111, loss_mask: 0.0999, loss_texture: 0.0367, iou: 0.8494, loss: 0.1365
2026-04-29 21:50:17,706 - mmdet - INFO - Iter [19550/30000]	lr: 1.000e-04, eta: 3:51:24, time: 1.094, data_time: 0.011, memory: 37111, loss_mask: 0.1156, loss_texture: 0.0379, iou: 0.8519, loss: 0.1534
2026-04-29 21:50:45,164 - mmdet - INFO - Iter [19575/30000]	lr: 1.000e-04, eta: 3:50:48, time: 1.098, data_time: 0.012, memory: 37111, loss_mask: 0.1061, loss_texture: 0.0390, iou: 0.8503, loss: 0.1452
2026-04-29 21:51:12,570 - mmdet - INFO - Iter [19600/30000]	lr: 1.000e-04, eta: 3:50:11, time: 1.096, data_time: 0.011, memory: 37111, loss_mask: 0.0980, loss_texture: 0.0373, iou: 0.8687, loss: 0.1353
2026-04-29 21:51:39,898 - mmdet - INFO - Iter [19625/30000]	lr: 1.000e-04, eta: 3:49:35, time: 1.093, data_time: 0.011, memory: 37111, loss_mask: 0.0801, loss_texture: 0.0304, iou: 0.8685, loss: 0.1106
2026-04-29 21:52:07,342 - mmdet - INFO - Iter [19650/30000]	lr: 1.000e-04, eta: 3:48:59, time: 1.098, data_time: 0.012, memory: 37111, loss_mask: 0.1027, loss_texture: 0.0396, iou: 0.8797, loss: 0.1423
2026-04-29 21:52:34,796 - mmdet - INFO - Iter [19675/30000]	lr: 1.000e-04, eta: 3:48:23, time: 1.098, data_time: 0.012, memory: 37111, loss_mask: 0.0928, loss_texture: 0.0359, iou: 0.8775, loss: 0.1287
2026-04-29 21:53:02,212 - mmdet - INFO - Iter [19700/30000]	lr: 1.000e-04, eta: 3:47:46, time: 1.097, data_time: 0.011, memory: 37111, loss_mask: 0.0865, loss_texture: 0.0342, iou: 0.8538, loss: 0.1206
2026-04-29 21:53:29,563 - mmdet - INFO - Iter [19725/30000]	lr: 1.000e-04, eta: 3:47:10, time: 1.094, data_time: 0.011, memory: 37111, loss_mask: 0.0795, loss_texture: 0.0326, iou: 0.8836, loss: 0.1120
2026-04-29 21:53:56,897 - mmdet - INFO - Iter [19750/30000]	lr: 1.000e-04, eta: 3:46:34, time: 1.093, data_time: 0.011, memory: 37111, loss_mask: 0.0743, loss_texture: 0.0318, iou: 0.8912, loss: 0.1061
2026-04-29 21:54:24,247 - mmdet - INFO - Iter [19775/30000]	lr: 1.000e-04, eta: 3:45:58, time: 1.094, data_time: 0.012, memory: 37111, loss_mask: 0.0813, loss_texture: 0.0342, iou: 0.8696, loss: 0.1156
2026-04-29 21:54:51,605 - mmdet - INFO - Iter [19800/30000]	lr: 1.000e-04, eta: 3:45:22, time: 1.094, data_time: 0.011, memory: 37111, loss_mask: 0.0768, loss_texture: 0.0314, iou: 0.8749, loss: 0.1082
2026-04-29 21:55:19,063 - mmdet - INFO - Iter [19825/30000]	lr: 1.000e-04, eta: 3:44:46, time: 1.098, data_time: 0.011, memory: 37111, loss_mask: 0.0958, loss_texture: 0.0386, iou: 0.8816, loss: 0.1344
2026-04-29 21:55:46,462 - mmdet - INFO - Iter [19850/30000]	lr: 1.000e-04, eta: 3:44:10, time: 1.096, data_time: 0.011, memory: 37111, loss_mask: 0.0708, loss_texture: 0.0312, iou: 0.8841, loss: 0.1020
2026-04-29 21:56:13,887 - mmdet - INFO - Iter [19875/30000]	lr: 1.000e-04, eta: 3:43:34, time: 1.097, data_time: 0.012, memory: 37111, loss_mask: 0.0755, loss_texture: 0.0308, iou: 0.8808, loss: 0.1063
2026-04-29 21:56:41,143 - mmdet - INFO - Iter [19900/30000]	lr: 1.000e-04, eta: 3:42:57, time: 1.090, data_time: 0.011, memory: 37111, loss_mask: 0.0736, loss_texture: 0.0295, iou: 0.8666, loss: 0.1032
2026-04-29 21:57:08,548 - mmdet - INFO - Iter [19925/30000]	lr: 1.000e-04, eta: 3:42:21, time: 1.096, data_time: 0.011, memory: 37111, loss_mask: 0.0756, loss_texture: 0.0324, iou: 0.8730, loss: 0.1080
2026-04-29 21:57:35,971 - mmdet - INFO - Iter [19950/30000]	lr: 1.000e-04, eta: 3:41:46, time: 1.097, data_time: 0.011, memory: 37111, loss_mask: 0.0809, loss_texture: 0.0338, iou: 0.8940, loss: 0.1147
2026-04-29 21:58:03,421 - mmdet - INFO - Iter [19975/30000]	lr: 1.000e-04, eta: 3:41:10, time: 1.098, data_time: 0.012, memory: 37111, loss_mask: 0.0808, loss_texture: 0.0337, iou: 0.8737, loss: 0.1145
2026-04-29 21:58:30,830 - mmdet - INFO - 
--- Val evaluation at iter 20000 ---
2026-04-29 22:00:23,745 - mmdet - INFO - 
+------------+-------------+-------------+
| Class      | Val IoU     | Pseudo IoU  |
+------------+-------------+-------------+
| background | 92.22       | 92.68       |
| building   | 68.29       | 69.14       |
| Summary    | mIoU: 80.25 | mIoU: 80.91 |
+------------+-------------+-------------+
Images evaluated: 218
2026-04-29 22:00:26,452 - mmdet - INFO - ★ New best mIoU: 80.25% (prev: 79.94%, Δ=+0.31%) → saved to /home/ubuntu/vy/Denoiser/SegRefiner/work_dirs/exp8_all/best_model.pth
2026-04-29 22:00:26,457 - mmdet - INFO - Exp name: exp8_all.py
2026-04-29 22:00:26,457 - mmdet - INFO - Iter [20000/30000]	lr: 1.000e-04, eta: 3:40:34, time: 1.096, data_time: 0.011, memory: 37111, val/mIoU: 0.8025, val/IoU.building: 0.6829, val/IoU.background: 0.9222, val/Pseudo_mIoU: 0.8091, loss_mask: 0.0868, loss_texture: 0.0343, iou: 0.8656, loss: 0.1211
2026-04-29 22:00:53,902 - mmdet - INFO - Iter [20025/30000]	lr: 5.000e-05, eta: 3:40:55, time: 5.723, data_time: 4.637, memory: 37111, loss_mask: 0.0896, loss_texture: 0.0377, iou: 0.8849, loss: 0.1273
2026-04-29 22:01:21,422 - mmdet - INFO - Iter [20050/30000]	lr: 5.000e-05, eta: 3:40:19, time: 1.101, data_time: 0.012, memory: 37111, loss_mask: 0.0846, loss_texture: 0.0369, iou: 0.8704, loss: 0.1215
2026-04-29 22:01:48,756 - mmdet - INFO - Iter [20075/30000]	lr: 5.000e-05, eta: 3:39:43, time: 1.093, data_time: 0.012, memory: 37111, loss_mask: 0.0777, loss_texture: 0.0325, iou: 0.8810, loss: 0.1102
2026-04-29 22:02:16,100 - mmdet - INFO - Iter [20100/30000]	lr: 5.000e-05, eta: 3:39:07, time: 1.094, data_time: 0.012, memory: 37111, loss_mask: 0.0779, loss_texture: 0.0320, iou: 0.8726, loss: 0.1099
2026-04-29 22:02:43,454 - mmdet - INFO - Iter [20125/30000]	lr: 5.000e-05, eta: 3:38:31, time: 1.094, data_time: 0.011, memory: 37111, loss_mask: 0.0682, loss_texture: 0.0299, iou: 0.8798, loss: 0.0980
2026-04-29 22:03:10,806 - mmdet - INFO - Iter [20150/30000]	lr: 5.000e-05, eta: 3:37:55, time: 1.094, data_time: 0.011, memory: 37111, loss_mask: 0.0733, loss_texture: 0.0307, iou: 0.8630, loss: 0.1040
2026-04-29 22:03:38,277 - mmdet - INFO - Iter [20175/30000]	lr: 5.000e-05, eta: 3:37:19, time: 1.099, data_time: 0.012, memory: 37111, loss_mask: 0.0884, loss_texture: 0.0373, iou: 0.8735, loss: 0.1257
2026-04-29 22:04:05,658 - mmdet - INFO - Iter [20200/30000]	lr: 5.000e-05, eta: 3:36:43, time: 1.095, data_time: 0.011, memory: 37111, loss_mask: 0.0774, loss_texture: 0.0322, iou: 0.8788, loss: 0.1096
2026-04-29 22:04:33,156 - mmdet - INFO - Iter [20225/30000]	lr: 5.000e-05, eta: 3:36:07, time: 1.100, data_time: 0.011, memory: 37111, loss_mask: 0.0828, loss_texture: 0.0355, iou: 0.8929, loss: 0.1183
2026-04-29 22:05:00,517 - mmdet - INFO - Iter [20250/30000]	lr: 5.000e-05, eta: 3:35:31, time: 1.094, data_time: 0.011, memory: 37111, loss_mask: 0.0807, loss_texture: 0.0324, iou: 0.8835, loss: 0.1131
2026-04-29 22:05:27,984 - mmdet - INFO - Iter [20275/30000]	lr: 5.000e-05, eta: 3:34:55, time: 1.099, data_time: 0.012, memory: 37111, loss_mask: 0.0856, loss_texture: 0.0372, iou: 0.8834, loss: 0.1228
2026-04-29 22:05:55,312 - mmdet - INFO - Iter [20300/30000]	lr: 5.000e-05, eta: 3:34:19, time: 1.093, data_time: 0.011, memory: 37111, loss_mask: 0.0787, loss_texture: 0.0324, iou: 0.8709, loss: 0.1110
2026-04-29 22:06:22,600 - mmdet - INFO - Iter [20325/30000]	lr: 5.000e-05, eta: 3:33:43, time: 1.091, data_time: 0.011, memory: 37111, loss_mask: 0.0776, loss_texture: 0.0311, iou: 0.8743, loss: 0.1087
2026-04-29 22:06:49,935 - mmdet - INFO - Iter [20350/30000]	lr: 5.000e-05, eta: 3:33:07, time: 1.093, data_time: 0.011, memory: 37111, loss_mask: 0.0778, loss_texture: 0.0333, iou: 0.8865, loss: 0.1111
2026-04-29 22:07:17,326 - mmdet - INFO - Iter [20375/30000]	lr: 5.000e-05, eta: 3:32:32, time: 1.096, data_time: 0.012, memory: 37111, loss_mask: 0.0776, loss_texture: 0.0311, iou: 0.8712, loss: 0.1087
2026-04-29 22:07:44,872 - mmdet - INFO - Iter [20400/30000]	lr: 5.000e-05, eta: 3:31:56, time: 1.102, data_time: 0.011, memory: 37111, loss_mask: 0.0857, loss_texture: 0.0364, iou: 0.8694, loss: 0.1221
2026-04-29 22:08:12,248 - mmdet - INFO - Iter [20425/30000]	lr: 5.000e-05, eta: 3:31:20, time: 1.095, data_time: 0.011, memory: 37111, loss_mask: 0.0808, loss_texture: 0.0353, iou: 0.8744, loss: 0.1161
2026-04-29 22:08:39,750 - mmdet - INFO - Iter [20450/30000]	lr: 5.000e-05, eta: 3:30:44, time: 1.100, data_time: 0.012, memory: 37111, loss_mask: 0.0751, loss_texture: 0.0311, iou: 0.8849, loss: 0.1062
2026-04-29 22:09:07,228 - mmdet - INFO - Iter [20475/30000]	lr: 5.000e-05, eta: 3:30:09, time: 1.099, data_time: 0.012, memory: 37111, loss_mask: 0.0764, loss_texture: 0.0342, iou: 0.8751, loss: 0.1106
2026-04-29 22:09:34,749 - mmdet - INFO - 
--- Val evaluation at iter 20500 ---
2026-04-29 22:11:27,988 - mmdet - INFO - 
+------------+-------------+-------------+
| Class      | Val IoU     | Pseudo IoU  |
+------------+-------------+-------------+
| background | 92.25       | 92.68       |
| building   | 67.76       | 69.14       |
| Summary    | mIoU: 80.00 | mIoU: 80.91 |
+------------+-------------+-------------+
Images evaluated: 218
2026-04-29 22:11:29,407 - mmdet - INFO - Iter [20500/30000]	lr: 5.000e-05, eta: 3:29:33, time: 1.101, data_time: 0.011, memory: 37111, val/mIoU: 0.8000, val/IoU.building: 0.6776, val/IoU.background: 0.9225, val/Pseudo_mIoU: 0.8091, loss_mask: 0.0763, loss_texture: 0.0320, iou: 0.8959, loss: 0.1083
2026-04-29 22:11:56,780 - mmdet - INFO - Iter [20525/30000]	lr: 5.000e-05, eta: 3:29:50, time: 5.681, data_time: 4.598, memory: 37111, loss_mask: 0.0791, loss_texture: 0.0323, iou: 0.8903, loss: 0.1114
2026-04-29 22:12:24,171 - mmdet - INFO - Iter [20550/30000]	lr: 5.000e-05, eta: 3:29:14, time: 1.096, data_time: 0.012, memory: 37111, loss_mask: 0.0729, loss_texture: 0.0308, iou: 0.8905, loss: 0.1038
2026-04-29 22:12:51,628 - mmdet - INFO - Iter [20575/30000]	lr: 5.000e-05, eta: 3:28:38, time: 1.098, data_time: 0.012, memory: 37111, loss_mask: 0.0817, loss_texture: 0.0350, iou: 0.8714, loss: 0.1167
2026-04-29 22:13:19,037 - mmdet - INFO - Iter [20600/30000]	lr: 5.000e-05, eta: 3:28:03, time: 1.096, data_time: 0.012, memory: 37111, loss_mask: 0.0711, loss_texture: 0.0302, iou: 0.8858, loss: 0.1012
2026-04-29 22:13:46,440 - mmdet - INFO - Iter [20625/30000]	lr: 5.000e-05, eta: 3:27:27, time: 1.096, data_time: 0.012, memory: 37111, loss_mask: 0.0786, loss_texture: 0.0343, iou: 0.8797, loss: 0.1129
2026-04-29 22:14:13,993 - mmdet - INFO - Iter [20650/30000]	lr: 5.000e-05, eta: 3:26:51, time: 1.102, data_time: 0.012, memory: 37111, loss_mask: 0.0754, loss_texture: 0.0326, iou: 0.8831, loss: 0.1080
2026-04-29 22:14:41,655 - mmdet - INFO - Iter [20675/30000]	lr: 5.000e-05, eta: 3:26:15, time: 1.106, data_time: 0.012, memory: 37111, loss_mask: 0.0782, loss_texture: 0.0334, iou: 0.8799, loss: 0.1117
2026-04-29 22:15:09,191 - mmdet - INFO - Iter [20700/30000]	lr: 5.000e-05, eta: 3:25:40, time: 1.101, data_time: 0.011, memory: 37111, loss_mask: 0.0874, loss_texture: 0.0380, iou: 0.8754, loss: 0.1253
2026-04-29 22:15:36,602 - mmdet - INFO - Iter [20725/30000]	lr: 5.000e-05, eta: 3:25:04, time: 1.096, data_time: 0.011, memory: 37111, loss_mask: 0.0805, loss_texture: 0.0331, iou: 0.8806, loss: 0.1135
2026-04-29 22:16:04,239 - mmdet - INFO - Iter [20750/30000]	lr: 5.000e-05, eta: 3:24:28, time: 1.105, data_time: 0.011, memory: 37111, loss_mask: 0.0762, loss_texture: 0.0326, iou: 0.8884, loss: 0.1088
2026-04-29 22:16:31,648 - mmdet - INFO - Iter [20775/30000]	lr: 5.000e-05, eta: 3:23:52, time: 1.096, data_time: 0.012, memory: 37111, loss_mask: 0.0680, loss_texture: 0.0295, iou: 0.8971, loss: 0.0975
2026-04-29 22:16:59,032 - mmdet - INFO - Iter [20800/30000]	lr: 5.000e-05, eta: 3:23:17, time: 1.095, data_time: 0.011, memory: 37111, loss_mask: 0.0766, loss_texture: 0.0330, iou: 0.8796, loss: 0.1096
2026-04-29 22:17:26,485 - mmdet - INFO - Iter [20825/30000]	lr: 5.000e-05, eta: 3:22:41, time: 1.098, data_time: 0.011, memory: 37111, loss_mask: 0.0792, loss_texture: 0.0337, iou: 0.8762, loss: 0.1129
2026-04-29 22:17:53,831 - mmdet - INFO - Iter [20850/30000]	lr: 5.000e-05, eta: 3:22:05, time: 1.094, data_time: 0.012, memory: 37111, loss_mask: 0.0777, loss_texture: 0.0324, iou: 0.8621, loss: 0.1101
2026-04-29 22:18:21,330 - mmdet - INFO - Iter [20875/30000]	lr: 5.000e-05, eta: 3:21:30, time: 1.100, data_time: 0.012, memory: 37111, loss_mask: 0.0912, loss_texture: 0.0369, iou: 0.8535, loss: 0.1281
2026-04-29 22:18:48,876 - mmdet - INFO - Iter [20900/30000]	lr: 5.000e-05, eta: 3:20:54, time: 1.102, data_time: 0.011, memory: 37111, loss_mask: 0.0782, loss_texture: 0.0334, iou: 0.8840, loss: 0.1116
2026-04-29 22:19:16,317 - mmdet - INFO - Iter [20925/30000]	lr: 5.000e-05, eta: 3:20:19, time: 1.098, data_time: 0.011, memory: 37111, loss_mask: 0.0837, loss_texture: 0.0357, iou: 0.8635, loss: 0.1195
2026-04-29 22:19:43,719 - mmdet - INFO - Iter [20950/30000]	lr: 5.000e-05, eta: 3:19:43, time: 1.096, data_time: 0.011, memory: 37111, loss_mask: 0.0769, loss_texture: 0.0337, iou: 0.8891, loss: 0.1106
2026-04-29 22:20:11,037 - mmdet - INFO - Iter [20975/30000]	lr: 5.000e-05, eta: 3:19:08, time: 1.093, data_time: 0.012, memory: 37111, loss_mask: 0.0805, loss_texture: 0.0342, iou: 0.8618, loss: 0.1147
2026-04-29 22:20:38,517 - mmdet - INFO - 
--- Val evaluation at iter 21000 ---
2026-04-29 22:22:31,153 - mmdet - INFO - 
+------------+-------------+-------------+
| Class      | Val IoU     | Pseudo IoU  |
+------------+-------------+-------------+
| background | 92.39       | 92.68       |
| building   | 68.01       | 69.14       |
| Summary    | mIoU: 80.20 | mIoU: 80.91 |
+------------+-------------+-------------+
Images evaluated: 218
2026-04-29 22:22:32,765 - mmdet - INFO - Exp name: exp8_all.py
2026-04-29 22:22:32,766 - mmdet - INFO - Iter [21000/30000]	lr: 5.000e-05, eta: 3:18:32, time: 1.099, data_time: 0.011, memory: 37111, val/mIoU: 0.8020, val/IoU.building: 0.6801, val/IoU.background: 0.9239, val/Pseudo_mIoU: 0.8091, loss_mask: 0.0793, loss_texture: 0.0347, iou: 0.8873, loss: 0.1141
2026-04-29 22:23:00,118 - mmdet - INFO - Iter [21025/30000]	lr: 5.000e-05, eta: 3:18:45, time: 5.664, data_time: 4.581, memory: 37111, loss_mask: 0.0678, loss_texture: 0.0286, iou: 0.8779, loss: 0.0964
2026-04-29 22:23:27,467 - mmdet - INFO - Iter [21050/30000]	lr: 5.000e-05, eta: 3:18:10, time: 1.094, data_time: 0.012, memory: 37111, loss_mask: 0.0705, loss_texture: 0.0305, iou: 0.8897, loss: 0.1011
2026-04-29 22:23:54,888 - mmdet - INFO - Iter [21075/30000]	lr: 5.000e-05, eta: 3:17:34, time: 1.097, data_time: 0.012, memory: 37111, loss_mask: 0.0839, loss_texture: 0.0358, iou: 0.8602, loss: 0.1198
2026-04-29 22:24:22,276 - mmdet - INFO - Iter [21100/30000]	lr: 5.000e-05, eta: 3:16:58, time: 1.095, data_time: 0.011, memory: 37111, loss_mask: 0.0806, loss_texture: 0.0340, iou: 0.8797, loss: 0.1145
2026-04-29 22:24:49,640 - mmdet - INFO - Iter [21125/30000]	lr: 5.000e-05, eta: 3:16:23, time: 1.095, data_time: 0.011, memory: 37111, loss_mask: 0.0883, loss_texture: 0.0375, iou: 0.8810, loss: 0.1257
2026-04-29 22:25:17,095 - mmdet - INFO - Iter [21150/30000]	lr: 5.000e-05, eta: 3:15:47, time: 1.098, data_time: 0.011, memory: 37111, loss_mask: 0.0888, loss_texture: 0.0377, iou: 0.8722, loss: 0.1265
2026-04-29 22:25:44,466 - mmdet - INFO - Iter [21175/30000]	lr: 5.000e-05, eta: 3:15:11, time: 1.095, data_time: 0.012, memory: 37111, loss_mask: 0.0773, loss_texture: 0.0327, iou: 0.8839, loss: 0.1099
2026-04-29 22:26:11,782 - mmdet - INFO - Iter [21200/30000]	lr: 5.000e-05, eta: 3:14:36, time: 1.093, data_time: 0.011, memory: 37111, loss_mask: 0.0813, loss_texture: 0.0327, iou: 0.8846, loss: 0.1140
2026-04-29 22:26:39,235 - mmdet - INFO - Iter [21225/30000]	lr: 5.000e-05, eta: 3:14:00, time: 1.098, data_time: 0.011, memory: 37111, loss_mask: 0.0857, loss_texture: 0.0358, iou: 0.8872, loss: 0.1216
2026-04-29 22:27:06,664 - mmdet - INFO - Iter [21250/30000]	lr: 5.000e-05, eta: 3:13:25, time: 1.097, data_time: 0.012, memory: 37111, loss_mask: 0.0827, loss_texture: 0.0355, iou: 0.8822, loss: 0.1182
2026-04-29 22:27:34,095 - mmdet - INFO - Iter [21275/30000]	lr: 5.000e-05, eta: 3:12:49, time: 1.097, data_time: 0.012, memory: 37111, loss_mask: 0.0776, loss_texture: 0.0334, iou: 0.8693, loss: 0.1109
2026-04-29 22:28:01,443 - mmdet - INFO - Iter [21300/30000]	lr: 5.000e-05, eta: 3:12:14, time: 1.094, data_time: 0.012, memory: 37111, loss_mask: 0.0676, loss_texture: 0.0295, iou: 0.8808, loss: 0.0971
2026-04-29 22:28:28,820 - mmdet - INFO - Iter [21325/30000]	lr: 5.000e-05, eta: 3:11:38, time: 1.095, data_time: 0.011, memory: 37111, loss_mask: 0.0746, loss_texture: 0.0315, iou: 0.8778, loss: 0.1061
2026-04-29 22:28:56,256 - mmdet - INFO - Iter [21350/30000]	lr: 5.000e-05, eta: 3:11:03, time: 1.097, data_time: 0.012, memory: 37111, loss_mask: 0.0815, loss_texture: 0.0342, iou: 0.8870, loss: 0.1157
2026-04-29 22:29:23,578 - mmdet - INFO - Iter [21375/30000]	lr: 5.000e-05, eta: 3:10:27, time: 1.093, data_time: 0.012, memory: 37111, loss_mask: 0.0794, loss_texture: 0.0340, iou: 0.8756, loss: 0.1135
2026-04-29 22:29:50,950 - mmdet - INFO - Iter [21400/30000]	lr: 5.000e-05, eta: 3:09:52, time: 1.095, data_time: 0.011, memory: 37111, loss_mask: 0.0728, loss_texture: 0.0318, iou: 0.8860, loss: 0.1046
2026-04-29 22:30:18,412 - mmdet - INFO - Iter [21425/30000]	lr: 5.000e-05, eta: 3:09:16, time: 1.098, data_time: 0.011, memory: 37111, loss_mask: 0.0832, loss_texture: 0.0360, iou: 0.8715, loss: 0.1192
2026-04-29 22:30:45,800 - mmdet - INFO - Iter [21450/30000]	lr: 5.000e-05, eta: 3:08:41, time: 1.096, data_time: 0.011, memory: 37111, loss_mask: 0.0702, loss_texture: 0.0305, iou: 0.8911, loss: 0.1008
2026-04-29 22:31:13,152 - mmdet - INFO - Iter [21475/30000]	lr: 5.000e-05, eta: 3:08:06, time: 1.094, data_time: 0.012, memory: 37111, loss_mask: 0.0731, loss_texture: 0.0314, iou: 0.8917, loss: 0.1045
2026-04-29 22:31:40,567 - mmdet - INFO - 
--- Val evaluation at iter 21500 ---
2026-04-29 22:33:33,310 - mmdet - INFO - 
+------------+-------------+-------------+
| Class      | Val IoU     | Pseudo IoU  |
+------------+-------------+-------------+
| background | 92.30       | 92.68       |
| building   | 67.88       | 69.14       |
| Summary    | mIoU: 80.09 | mIoU: 80.91 |
+------------+-------------+-------------+
Images evaluated: 218
2026-04-29 22:33:34,625 - mmdet - INFO - Iter [21500/30000]	lr: 5.000e-05, eta: 3:07:30, time: 1.097, data_time: 0.011, memory: 37111, val/mIoU: 0.8009, val/IoU.building: 0.6788, val/IoU.background: 0.9230, val/Pseudo_mIoU: 0.8091, loss_mask: 0.0798, loss_texture: 0.0340, iou: 0.8689, loss: 0.1138
2026-04-29 22:34:02,074 - mmdet - INFO - Iter [21525/30000]	lr: 5.000e-05, eta: 3:07:40, time: 5.660, data_time: 4.574, memory: 37111, loss_mask: 0.0808, loss_texture: 0.0364, iou: 0.8857, loss: 0.1172
2026-04-29 22:34:29,405 - mmdet - INFO - Iter [21550/30000]	lr: 5.000e-05, eta: 3:07:04, time: 1.093, data_time: 0.011, memory: 37111, loss_mask: 0.0735, loss_texture: 0.0311, iou: 0.8976, loss: 0.1047
2026-04-29 22:34:56,760 - mmdet - INFO - Iter [21575/30000]	lr: 5.000e-05, eta: 3:06:29, time: 1.094, data_time: 0.012, memory: 37111, loss_mask: 0.0786, loss_texture: 0.0343, iou: 0.8764, loss: 0.1128
2026-04-29 22:35:23,992 - mmdet - INFO - Iter [21600/30000]	lr: 5.000e-05, eta: 3:05:53, time: 1.089, data_time: 0.011, memory: 37111, loss_mask: 0.0725, loss_texture: 0.0312, iou: 0.8899, loss: 0.1037
2026-04-29 22:35:51,385 - mmdet - INFO - Iter [21625/30000]	lr: 5.000e-05, eta: 3:05:18, time: 1.096, data_time: 0.011, memory: 37111, loss_mask: 0.0856, loss_texture: 0.0363, iou: 0.8672, loss: 0.1219
2026-04-29 22:36:18,725 - mmdet - INFO - Iter [21650/30000]	lr: 5.000e-05, eta: 3:04:43, time: 1.094, data_time: 0.012, memory: 37111, loss_mask: 0.0703, loss_texture: 0.0290, iou: 0.8882, loss: 0.0993
2026-04-29 22:36:46,146 - mmdet - INFO - Iter [21675/30000]	lr: 5.000e-05, eta: 3:04:07, time: 1.097, data_time: 0.012, memory: 37111, loss_mask: 0.0711, loss_texture: 0.0321, iou: 0.8880, loss: 0.1031
2026-04-29 22:37:13,545 - mmdet - INFO - Iter [21700/30000]	lr: 5.000e-05, eta: 3:03:32, time: 1.096, data_time: 0.012, memory: 37111, loss_mask: 0.0717, loss_texture: 0.0311, iou: 0.8925, loss: 0.1028
2026-04-29 22:37:40,946 - mmdet - INFO - Iter [21725/30000]	lr: 5.000e-05, eta: 3:02:56, time: 1.096, data_time: 0.012, memory: 37111, loss_mask: 0.0833, loss_texture: 0.0339, iou: 0.8852, loss: 0.1172
2026-04-29 22:38:08,331 - mmdet - INFO - Iter [21750/30000]	lr: 5.000e-05, eta: 3:02:21, time: 1.095, data_time: 0.011, memory: 37111, loss_mask: 0.0766, loss_texture: 0.0316, iou: 0.8763, loss: 0.1082
2026-04-29 22:38:35,703 - mmdet - INFO - Iter [21775/30000]	lr: 5.000e-05, eta: 3:01:46, time: 1.095, data_time: 0.012, memory: 37111, loss_mask: 0.0744, loss_texture: 0.0309, iou: 0.8749, loss: 0.1053
2026-04-29 22:39:03,085 - mmdet - INFO - Iter [21800/30000]	lr: 5.000e-05, eta: 3:01:10, time: 1.095, data_time: 0.011, memory: 37111, loss_mask: 0.0747, loss_texture: 0.0343, iou: 0.8803, loss: 0.1090
2026-04-29 22:39:30,563 - mmdet - INFO - Iter [21825/30000]	lr: 5.000e-05, eta: 3:00:35, time: 1.099, data_time: 0.012, memory: 37111, loss_mask: 0.0795, loss_texture: 0.0345, iou: 0.8816, loss: 0.1140
2026-04-29 22:39:57,985 - mmdet - INFO - Iter [21850/30000]	lr: 5.000e-05, eta: 3:00:00, time: 1.097, data_time: 0.012, memory: 37111, loss_mask: 0.0767, loss_texture: 0.0323, iou: 0.8774, loss: 0.1090
2026-04-29 22:40:25,365 - mmdet - INFO - Iter [21875/30000]	lr: 5.000e-05, eta: 2:59:25, time: 1.095, data_time: 0.012, memory: 37111, loss_mask: 0.0718, loss_texture: 0.0310, iou: 0.8875, loss: 0.1028
2026-04-29 22:40:52,780 - mmdet - INFO - Iter [21900/30000]	lr: 5.000e-05, eta: 2:58:49, time: 1.097, data_time: 0.012, memory: 37111, loss_mask: 0.0766, loss_texture: 0.0331, iou: 0.8825, loss: 0.1097
2026-04-29 22:41:20,168 - mmdet - INFO - Iter [21925/30000]	lr: 5.000e-05, eta: 2:58:14, time: 1.095, data_time: 0.011, memory: 37111, loss_mask: 0.0707, loss_texture: 0.0310, iou: 0.8758, loss: 0.1017
2026-04-29 22:41:47,579 - mmdet - INFO - Iter [21950/30000]	lr: 5.000e-05, eta: 2:57:39, time: 1.096, data_time: 0.011, memory: 37111, loss_mask: 0.0654, loss_texture: 0.0289, iou: 0.8855, loss: 0.0943
2026-04-29 22:42:14,834 - mmdet - INFO - Iter [21975/30000]	lr: 5.000e-05, eta: 2:57:04, time: 1.090, data_time: 0.012, memory: 37111, loss_mask: 0.0814, loss_texture: 0.0333, iou: 0.8844, loss: 0.1147
2026-04-29 22:42:42,060 - mmdet - INFO - 
--- Val evaluation at iter 22000 ---
2026-04-29 22:44:35,679 - mmdet - INFO - 
+------------+-------------+-------------+
| Class      | Val IoU     | Pseudo IoU  |
+------------+-------------+-------------+
| background | 92.27       | 92.68       |
| building   | 68.80       | 69.14       |
| Summary    | mIoU: 80.53 | mIoU: 80.91 |
+------------+-------------+-------------+
Images evaluated: 218
2026-04-29 22:44:38,311 - mmdet - INFO - ★ New best mIoU: 80.53% (prev: 80.25%, Δ=+0.28%) → saved to /home/ubuntu/vy/Denoiser/SegRefiner/work_dirs/exp8_all/best_model.pth
2026-04-29 22:44:38,316 - mmdet - INFO - Exp name: exp8_all.py
2026-04-29 22:44:38,316 - mmdet - INFO - Iter [22000/30000]	lr: 5.000e-05, eta: 2:56:28, time: 1.089, data_time: 0.011, memory: 37111, val/mIoU: 0.8053, val/IoU.building: 0.6880, val/IoU.background: 0.9227, val/Pseudo_mIoU: 0.8091, loss_mask: 0.0722, loss_texture: 0.0311, iou: 0.8813, loss: 0.1033
2026-04-29 22:45:05,754 - mmdet - INFO - Iter [22025/30000]	lr: 5.000e-05, eta: 2:56:35, time: 5.748, data_time: 4.662, memory: 37111, loss_mask: 0.0813, loss_texture: 0.0341, iou: 0.8809, loss: 0.1154
2026-04-29 22:45:33,120 - mmdet - INFO - Iter [22050/30000]	lr: 5.000e-05, eta: 2:56:00, time: 1.095, data_time: 0.012, memory: 37111, loss_mask: 0.0867, loss_texture: 0.0362, iou: 0.8807, loss: 0.1229
2026-04-29 22:46:00,611 - mmdet - INFO - Iter [22075/30000]	lr: 5.000e-05, eta: 2:55:25, time: 1.100, data_time: 0.012, memory: 37111, loss_mask: 0.0942, loss_texture: 0.0383, iou: 0.8753, loss: 0.1324
2026-04-29 22:46:27,935 - mmdet - INFO - Iter [22100/30000]	lr: 5.000e-05, eta: 2:54:49, time: 1.093, data_time: 0.011, memory: 37111, loss_mask: 0.0840, loss_texture: 0.0349, iou: 0.8755, loss: 0.1189
2026-04-29 22:46:55,264 - mmdet - INFO - Iter [22125/30000]	lr: 5.000e-05, eta: 2:54:14, time: 1.093, data_time: 0.011, memory: 37111, loss_mask: 0.0777, loss_texture: 0.0331, iou: 0.8872, loss: 0.1108
2026-04-29 22:47:22,725 - mmdet - INFO - Iter [22150/30000]	lr: 5.000e-05, eta: 2:53:39, time: 1.098, data_time: 0.012, memory: 37111, loss_mask: 0.0747, loss_texture: 0.0326, iou: 0.8660, loss: 0.1073
2026-04-29 22:47:50,149 - mmdet - INFO - Iter [22175/30000]	lr: 5.000e-05, eta: 2:53:04, time: 1.097, data_time: 0.012, memory: 37111, loss_mask: 0.0731, loss_texture: 0.0317, iou: 0.9023, loss: 0.1048
2026-04-29 22:48:17,516 - mmdet - INFO - Iter [22200/30000]	lr: 5.000e-05, eta: 2:52:29, time: 1.095, data_time: 0.011, memory: 37111, loss_mask: 0.0792, loss_texture: 0.0343, iou: 0.8852, loss: 0.1135
2026-04-29 22:48:44,978 - mmdet - INFO - Iter [22225/30000]	lr: 5.000e-05, eta: 2:51:53, time: 1.098, data_time: 0.011, memory: 37111, loss_mask: 0.0668, loss_texture: 0.0301, iou: 0.8896, loss: 0.0970
2026-04-29 22:49:12,470 - mmdet - INFO - Iter [22250/30000]	lr: 5.000e-05, eta: 2:51:18, time: 1.100, data_time: 0.011, memory: 37111, loss_mask: 0.0800, loss_texture: 0.0339, iou: 0.8935, loss: 0.1139
2026-04-29 22:49:39,841 - mmdet - INFO - Iter [22275/30000]	lr: 5.000e-05, eta: 2:50:43, time: 1.095, data_time: 0.012, memory: 37111, loss_mask: 0.0822, loss_texture: 0.0354, iou: 0.8709, loss: 0.1176
2026-04-29 22:50:07,156 - mmdet - INFO - Iter [22300/30000]	lr: 5.000e-05, eta: 2:50:08, time: 1.093, data_time: 0.011, memory: 37111, loss_mask: 0.0792, loss_texture: 0.0329, iou: 0.8491, loss: 0.1120
2026-04-29 22:50:34,493 - mmdet - INFO - Iter [22325/30000]	lr: 5.000e-05, eta: 2:49:33, time: 1.093, data_time: 0.011, memory: 37111, loss_mask: 0.0783, loss_texture: 0.0341, iou: 0.8744, loss: 0.1124
2026-04-29 22:51:01,817 - mmdet - INFO - Iter [22350/30000]	lr: 5.000e-05, eta: 2:48:58, time: 1.093, data_time: 0.012, memory: 37111, loss_mask: 0.0706, loss_texture: 0.0292, iou: 0.8734, loss: 0.0998
2026-04-29 22:51:29,148 - mmdet - INFO - Iter [22375/30000]	lr: 5.000e-05, eta: 2:48:23, time: 1.093, data_time: 0.012, memory: 37111, loss_mask: 0.0735, loss_texture: 0.0316, iou: 0.8759, loss: 0.1052
2026-04-29 22:51:56,515 - mmdet - INFO - Iter [22400/30000]	lr: 5.000e-05, eta: 2:47:47, time: 1.095, data_time: 0.011, memory: 37111, loss_mask: 0.0764, loss_texture: 0.0323, iou: 0.8747, loss: 0.1087
2026-04-29 22:52:23,899 - mmdet - INFO - Iter [22425/30000]	lr: 5.000e-05, eta: 2:47:12, time: 1.095, data_time: 0.011, memory: 37111, loss_mask: 0.0817, loss_texture: 0.0353, iou: 0.8887, loss: 0.1170
2026-04-29 22:52:51,267 - mmdet - INFO - Iter [22450/30000]	lr: 5.000e-05, eta: 2:46:37, time: 1.095, data_time: 0.011, memory: 37111, loss_mask: 0.0769, loss_texture: 0.0324, iou: 0.8648, loss: 0.1092
2026-04-29 22:53:18,794 - mmdet - INFO - Iter [22475/30000]	lr: 5.000e-05, eta: 2:46:02, time: 1.101, data_time: 0.012, memory: 37111, loss_mask: 0.0779, loss_texture: 0.0333, iou: 0.9035, loss: 0.1112
2026-04-29 22:53:46,236 - mmdet - INFO - 
--- Val evaluation at iter 22500 ---
2026-04-29 22:55:38,959 - mmdet - INFO - 
+------------+-------------+-------------+
| Class      | Val IoU     | Pseudo IoU  |
+------------+-------------+-------------+
| background | 92.45       | 92.68       |
| building   | 68.12       | 69.14       |
| Summary    | mIoU: 80.29 | mIoU: 80.91 |
+------------+-------------+-------------+
Images evaluated: 218
2026-04-29 22:55:40,351 - mmdet - INFO - Iter [22500/30000]	lr: 5.000e-05, eta: 2:45:27, time: 1.098, data_time: 0.011, memory: 37111, val/mIoU: 0.8029, val/IoU.building: 0.6812, val/IoU.background: 0.9245, val/Pseudo_mIoU: 0.8091, loss_mask: 0.0855, loss_texture: 0.0350, iou: 0.8792, loss: 0.1206
2026-04-29 22:56:07,716 - mmdet - INFO - Iter [22525/30000]	lr: 5.000e-05, eta: 2:45:30, time: 5.659, data_time: 4.576, memory: 37111, loss_mask: 0.0787, loss_texture: 0.0329, iou: 0.8866, loss: 0.1116
2026-04-29 22:56:35,096 - mmdet - INFO - Iter [22550/30000]	lr: 5.000e-05, eta: 2:44:55, time: 1.095, data_time: 0.012, memory: 37111, loss_mask: 0.0841, loss_texture: 0.0357, iou: 0.8648, loss: 0.1198
2026-04-29 22:57:02,404 - mmdet - INFO - Iter [22575/30000]	lr: 5.000e-05, eta: 2:44:20, time: 1.092, data_time: 0.012, memory: 37111, loss_mask: 0.0836, loss_texture: 0.0335, iou: 0.8692, loss: 0.1170
2026-04-29 22:57:29,776 - mmdet - INFO - Iter [22600/30000]	lr: 5.000e-05, eta: 2:43:45, time: 1.095, data_time: 0.011, memory: 37111, loss_mask: 0.0777, loss_texture: 0.0346, iou: 0.8762, loss: 0.1123
2026-04-29 22:57:57,040 - mmdet - INFO - Iter [22625/30000]	lr: 5.000e-05, eta: 2:43:10, time: 1.091, data_time: 0.011, memory: 37111, loss_mask: 0.0684, loss_texture: 0.0292, iou: 0.8687, loss: 0.0977
2026-04-29 22:58:24,450 - mmdet - INFO - Iter [22650/30000]	lr: 5.000e-05, eta: 2:42:35, time: 1.096, data_time: 0.011, memory: 37111, loss_mask: 0.0851, loss_texture: 0.0371, iou: 0.8945, loss: 0.1223
2026-04-29 22:58:52,012 - mmdet - INFO - Iter [22675/30000]	lr: 5.000e-05, eta: 2:42:00, time: 1.102, data_time: 0.012, memory: 37111, loss_mask: 0.0804, loss_texture: 0.0345, iou: 0.8840, loss: 0.1149
2026-04-29 22:59:19,338 - mmdet - INFO - Iter [22700/30000]	lr: 5.000e-05, eta: 2:41:25, time: 1.093, data_time: 0.011, memory: 37111, loss_mask: 0.0794, loss_texture: 0.0335, iou: 0.8602, loss: 0.1129
2026-04-29 22:59:46,735 - mmdet - INFO - Iter [22725/30000]	lr: 5.000e-05, eta: 2:40:50, time: 1.096, data_time: 0.011, memory: 37111, loss_mask: 0.0829, loss_texture: 0.0348, iou: 0.8622, loss: 0.1177
2026-04-29 23:00:14,115 - mmdet - INFO - Iter [22750/30000]	lr: 5.000e-05, eta: 2:40:15, time: 1.095, data_time: 0.012, memory: 37111, loss_mask: 0.0787, loss_texture: 0.0328, iou: 0.8981, loss: 0.1115
2026-04-29 23:00:41,497 - mmdet - INFO - Iter [22775/30000]	lr: 5.000e-05, eta: 2:39:40, time: 1.095, data_time: 0.012, memory: 37111, loss_mask: 0.0767, loss_texture: 0.0328, iou: 0.8878, loss: 0.1095
2026-04-29 23:01:08,821 - mmdet - INFO - Iter [22800/30000]	lr: 5.000e-05, eta: 2:39:05, time: 1.093, data_time: 0.011, memory: 37111, loss_mask: 0.0729, loss_texture: 0.0296, iou: 0.8798, loss: 0.1025
2026-04-29 23:01:36,174 - mmdet - INFO - Iter [22825/30000]	lr: 5.000e-05, eta: 2:38:30, time: 1.094, data_time: 0.011, memory: 37111, loss_mask: 0.0703, loss_texture: 0.0304, iou: 0.8924, loss: 0.1007
2026-04-29 23:02:03,603 - mmdet - INFO - Iter [22850/30000]	lr: 5.000e-05, eta: 2:37:55, time: 1.097, data_time: 0.012, memory: 37111, loss_mask: 0.0807, loss_texture: 0.0336, iou: 0.8814, loss: 0.1143
2026-04-29 23:02:31,031 - mmdet - INFO - Iter [22875/30000]	lr: 5.000e-05, eta: 2:37:20, time: 1.097, data_time: 0.012, memory: 37111, loss_mask: 0.0772, loss_texture: 0.0336, iou: 0.8650, loss: 0.1108
2026-04-29 23:02:58,373 - mmdet - INFO - Iter [22900/30000]	lr: 5.000e-05, eta: 2:36:45, time: 1.094, data_time: 0.011, memory: 37111, loss_mask: 0.0775, loss_texture: 0.0333, iou: 0.8801, loss: 0.1108
2026-04-29 23:03:25,803 - mmdet - INFO - Iter [22925/30000]	lr: 5.000e-05, eta: 2:36:10, time: 1.097, data_time: 0.011, memory: 37111, loss_mask: 0.0856, loss_texture: 0.0360, iou: 0.8842, loss: 0.1216
2026-04-29 23:03:53,106 - mmdet - INFO - Iter [22950/30000]	lr: 5.000e-05, eta: 2:35:35, time: 1.092, data_time: 0.012, memory: 37111, loss_mask: 0.0730, loss_texture: 0.0328, iou: 0.8918, loss: 0.1057
2026-04-29 23:04:20,535 - mmdet - INFO - Iter [22975/30000]	lr: 5.000e-05, eta: 2:35:00, time: 1.097, data_time: 0.012, memory: 37111, loss_mask: 0.0848, loss_texture: 0.0358, iou: 0.8751, loss: 0.1206
2026-04-29 23:04:47,906 - mmdet - INFO - 
--- Val evaluation at iter 23000 ---
2026-04-29 23:06:40,443 - mmdet - INFO - 
+------------+-------------+-------------+
| Class      | Val IoU     | Pseudo IoU  |
+------------+-------------+-------------+
| background | 92.32       | 92.68       |
| building   | 68.07       | 69.14       |
| Summary    | mIoU: 80.20 | mIoU: 80.91 |
+------------+-------------+-------------+
Images evaluated: 218
2026-04-29 23:06:41,841 - mmdet - INFO - Exp name: exp8_all.py
2026-04-29 23:06:41,841 - mmdet - INFO - Iter [23000/30000]	lr: 5.000e-05, eta: 2:34:25, time: 1.095, data_time: 0.011, memory: 37111, val/mIoU: 0.8020, val/IoU.building: 0.6807, val/IoU.background: 0.9232, val/Pseudo_mIoU: 0.8091, loss_mask: 0.0799, loss_texture: 0.0348, iou: 0.8742, loss: 0.1147
2026-04-29 23:07:09,204 - mmdet - INFO - Iter [23025/30000]	lr: 5.000e-05, eta: 2:34:25, time: 5.652, data_time: 4.569, memory: 37111, loss_mask: 0.0763, loss_texture: 0.0320, iou: 0.8634, loss: 0.1083
2026-04-29 23:07:36,574 - mmdet - INFO - Iter [23050/30000]	lr: 5.000e-05, eta: 2:33:50, time: 1.095, data_time: 0.011, memory: 37111, loss_mask: 0.0689, loss_texture: 0.0297, iou: 0.8997, loss: 0.0986
2026-04-29 23:08:03,969 - mmdet - INFO - Iter [23075/30000]	lr: 5.000e-05, eta: 2:33:15, time: 1.096, data_time: 0.012, memory: 37111, loss_mask: 0.0719, loss_texture: 0.0327, iou: 0.8951, loss: 0.1046
2026-04-29 23:08:31,260 - mmdet - INFO - Iter [23100/30000]	lr: 5.000e-05, eta: 2:32:40, time: 1.092, data_time: 0.011, memory: 37111, loss_mask: 0.0725, loss_texture: 0.0302, iou: 0.8894, loss: 0.1027
2026-04-29 23:08:58,610 - mmdet - INFO - Iter [23125/30000]	lr: 5.000e-05, eta: 2:32:05, time: 1.094, data_time: 0.011, memory: 37111, loss_mask: 0.0738, loss_texture: 0.0309, iou: 0.8780, loss: 0.1047
2026-04-29 23:09:25,993 - mmdet - INFO - Iter [23150/30000]	lr: 5.000e-05, eta: 2:31:30, time: 1.095, data_time: 0.011, memory: 37111, loss_mask: 0.0725, loss_texture: 0.0307, iou: 0.8827, loss: 0.1033
2026-04-29 23:09:53,509 - mmdet - INFO - Iter [23175/30000]	lr: 5.000e-05, eta: 2:30:56, time: 1.101, data_time: 0.012, memory: 37111, loss_mask: 0.0838, loss_texture: 0.0368, iou: 0.8836, loss: 0.1206
2026-04-29 23:10:20,941 - mmdet - INFO - Iter [23200/30000]	lr: 5.000e-05, eta: 2:30:21, time: 1.097, data_time: 0.011, memory: 37111, loss_mask: 0.0836, loss_texture: 0.0355, iou: 0.8868, loss: 0.1191
2026-04-29 23:10:48,326 - mmdet - INFO - Iter [23225/30000]	lr: 5.000e-05, eta: 2:29:46, time: 1.095, data_time: 0.011, memory: 37111, loss_mask: 0.0791, loss_texture: 0.0342, iou: 0.8713, loss: 0.1134
2026-04-29 23:11:15,806 - mmdet - INFO - Iter [23250/30000]	lr: 5.000e-05, eta: 2:29:11, time: 1.099, data_time: 0.011, memory: 37111, loss_mask: 0.0683, loss_texture: 0.0312, iou: 0.8809, loss: 0.0995
2026-04-29 23:11:43,329 - mmdet - INFO - Iter [23275/30000]	lr: 5.000e-05, eta: 2:28:36, time: 1.101, data_time: 0.012, memory: 37111, loss_mask: 0.0750, loss_texture: 0.0314, iou: 0.8850, loss: 0.1065
2026-04-29 23:12:10,939 - mmdet - INFO - Iter [23300/30000]	lr: 5.000e-05, eta: 2:28:02, time: 1.104, data_time: 0.011, memory: 37111, loss_mask: 0.0805, loss_texture: 0.0354, iou: 0.8866, loss: 0.1159
2026-04-29 23:12:38,603 - mmdet - INFO - Iter [23325/30000]	lr: 5.000e-05, eta: 2:27:27, time: 1.107, data_time: 0.011, memory: 37111, loss_mask: 0.0758, loss_texture: 0.0333, iou: 0.8802, loss: 0.1091
2026-04-29 23:13:06,125 - mmdet - INFO - Iter [23350/30000]	lr: 5.000e-05, eta: 2:26:52, time: 1.101, data_time: 0.012, memory: 37111, loss_mask: 0.0681, loss_texture: 0.0287, iou: 0.8672, loss: 0.0968
2026-04-29 23:13:33,596 - mmdet - INFO - Iter [23375/30000]	lr: 5.000e-05, eta: 2:26:17, time: 1.099, data_time: 0.012, memory: 37111, loss_mask: 0.0805, loss_texture: 0.0341, iou: 0.8934, loss: 0.1146
2026-04-29 23:14:00,955 - mmdet - INFO - Iter [23400/30000]	lr: 5.000e-05, eta: 2:25:43, time: 1.094, data_time: 0.011, memory: 37111, loss_mask: 0.0744, loss_texture: 0.0313, iou: 0.8673, loss: 0.1057
2026-04-29 23:14:28,391 - mmdet - INFO - Iter [23425/30000]	lr: 5.000e-05, eta: 2:25:08, time: 1.097, data_time: 0.011, memory: 37111, loss_mask: 0.0745, loss_texture: 0.0314, iou: 0.8805, loss: 0.1059
2026-04-29 23:14:55,911 - mmdet - INFO - Iter [23450/30000]	lr: 5.000e-05, eta: 2:24:33, time: 1.101, data_time: 0.012, memory: 37111, loss_mask: 0.0786, loss_texture: 0.0330, iou: 0.8864, loss: 0.1116
2026-04-29 23:15:23,371 - mmdet - INFO - Iter [23475/30000]	lr: 5.000e-05, eta: 2:23:59, time: 1.098, data_time: 0.012, memory: 37111, loss_mask: 0.0775, loss_texture: 0.0330, iou: 0.8880, loss: 0.1106
2026-04-29 23:15:50,794 - mmdet - INFO - 
--- Val evaluation at iter 23500 ---
2026-04-29 23:17:43,680 - mmdet - INFO - 
+------------+-------------+-------------+
| Class      | Val IoU     | Pseudo IoU  |
+------------+-------------+-------------+
| background | 92.38       | 92.68       |
| building   | 67.89       | 69.14       |
| Summary    | mIoU: 80.14 | mIoU: 80.91 |
+------------+-------------+-------------+
Images evaluated: 218
2026-04-29 23:17:45,096 - mmdet - INFO - Iter [23500/30000]	lr: 5.000e-05, eta: 2:23:24, time: 1.097, data_time: 0.011, memory: 37111, val/mIoU: 0.8014, val/IoU.building: 0.6789, val/IoU.background: 0.9238, val/Pseudo_mIoU: 0.8091, loss_mask: 0.0719, loss_texture: 0.0314, iou: 0.8968, loss: 0.1033
2026-04-29 23:18:12,509 - mmdet - INFO - Iter [23525/30000]	lr: 5.000e-05, eta: 2:23:21, time: 5.669, data_time: 4.583, memory: 37111, loss_mask: 0.0803, loss_texture: 0.0350, iou: 0.8755, loss: 0.1153
2026-04-29 23:18:39,920 - mmdet - INFO - Iter [23550/30000]	lr: 5.000e-05, eta: 2:22:46, time: 1.096, data_time: 0.011, memory: 37111, loss_mask: 0.0647, loss_texture: 0.0298, iou: 0.9102, loss: 0.0945
2026-04-29 23:19:07,393 - mmdet - INFO - Iter [23575/30000]	lr: 5.000e-05, eta: 2:22:11, time: 1.099, data_time: 0.012, memory: 37111, loss_mask: 0.0806, loss_texture: 0.0339, iou: 0.8758, loss: 0.1145
2026-04-29 23:19:34,796 - mmdet - INFO - Iter [23600/30000]	lr: 5.000e-05, eta: 2:21:36, time: 1.096, data_time: 0.011, memory: 37111, loss_mask: 0.0760, loss_texture: 0.0323, iou: 0.8808, loss: 0.1083
2026-04-29 23:20:02,077 - mmdet - INFO - Iter [23625/30000]	lr: 5.000e-05, eta: 2:21:02, time: 1.091, data_time: 0.011, memory: 37111, loss_mask: 0.0734, loss_texture: 0.0306, iou: 0.8972, loss: 0.1041
2026-04-29 23:20:29,504 - mmdet - INFO - Iter [23650/30000]	lr: 5.000e-05, eta: 2:20:27, time: 1.097, data_time: 0.011, memory: 37111, loss_mask: 0.0767, loss_texture: 0.0355, iou: 0.9144, loss: 0.1122
2026-04-29 23:20:56,913 - mmdet - INFO - Iter [23675/30000]	lr: 5.000e-05, eta: 2:19:52, time: 1.096, data_time: 0.012, memory: 37111, loss_mask: 0.0770, loss_texture: 0.0330, iou: 0.8908, loss: 0.1100
2026-04-29 23:21:24,333 - mmdet - INFO - Iter [23700/30000]	lr: 5.000e-05, eta: 2:19:17, time: 1.097, data_time: 0.011, memory: 37111, loss_mask: 0.0725, loss_texture: 0.0310, iou: 0.8785, loss: 0.1035
2026-04-29 23:21:51,797 - mmdet - INFO - Iter [23725/30000]	lr: 5.000e-05, eta: 2:18:43, time: 1.099, data_time: 0.011, memory: 37111, loss_mask: 0.0838, loss_texture: 0.0367, iou: 0.8749, loss: 0.1205
2026-04-29 23:22:19,176 - mmdet - INFO - Iter [23750/30000]	lr: 5.000e-05, eta: 2:18:08, time: 1.095, data_time: 0.012, memory: 37111, loss_mask: 0.0733, loss_texture: 0.0326, iou: 0.8665, loss: 0.1059
2026-04-29 23:22:46,550 - mmdet - INFO - Iter [23775/30000]	lr: 5.000e-05, eta: 2:17:33, time: 1.095, data_time: 0.012, memory: 37111, loss_mask: 0.0651, loss_texture: 0.0290, iou: 0.8767, loss: 0.0941
2026-04-29 23:23:13,847 - mmdet - INFO - Iter [23800/30000]	lr: 5.000e-05, eta: 2:16:59, time: 1.092, data_time: 0.011, memory: 37111, loss_mask: 0.0695, loss_texture: 0.0302, iou: 0.8771, loss: 0.0996
2026-04-29 23:23:41,232 - mmdet - INFO - Iter [23825/30000]	lr: 5.000e-05, eta: 2:16:24, time: 1.095, data_time: 0.011, memory: 37111, loss_mask: 0.0686, loss_texture: 0.0292, iou: 0.8860, loss: 0.0978
2026-04-29 23:24:08,638 - mmdet - INFO - Iter [23850/30000]	lr: 5.000e-05, eta: 2:15:49, time: 1.096, data_time: 0.011, memory: 37111, loss_mask: 0.0799, loss_texture: 0.0329, iou: 0.8736, loss: 0.1128
2026-04-29 23:24:36,042 - mmdet - INFO - Iter [23875/30000]	lr: 5.000e-05, eta: 2:15:15, time: 1.096, data_time: 0.012, memory: 37111, loss_mask: 0.0728, loss_texture: 0.0318, iou: 0.8874, loss: 0.1046
2026-04-29 23:25:03,435 - mmdet - INFO - Iter [23900/30000]	lr: 5.000e-05, eta: 2:14:40, time: 1.096, data_time: 0.012, memory: 37111, loss_mask: 0.0704, loss_texture: 0.0310, iou: 0.8796, loss: 0.1013
2026-04-29 23:25:30,814 - mmdet - INFO - Iter [23925/30000]	lr: 5.000e-05, eta: 2:14:06, time: 1.095, data_time: 0.012, memory: 37111, loss_mask: 0.0766, loss_texture: 0.0318, iou: 0.8740, loss: 0.1083
2026-04-29 23:25:58,273 - mmdet - INFO - Iter [23950/30000]	lr: 5.000e-05, eta: 2:13:31, time: 1.098, data_time: 0.012, memory: 37111, loss_mask: 0.0727, loss_texture: 0.0333, iou: 0.9024, loss: 0.1060
2026-04-29 23:26:25,646 - mmdet - INFO - Iter [23975/30000]	lr: 5.000e-05, eta: 2:12:57, time: 1.095, data_time: 0.012, memory: 37111, loss_mask: 0.0829, loss_texture: 0.0352, iou: 0.8751, loss: 0.1181
2026-04-29 23:26:52,964 - mmdet - INFO - 
--- Val evaluation at iter 24000 ---
2026-04-29 23:28:46,221 - mmdet - INFO - 
+------------+-------------+-------------+
| Class      | Val IoU     | Pseudo IoU  |
+------------+-------------+-------------+
| background | 92.24       | 92.68       |
| building   | 67.86       | 69.14       |
| Summary    | mIoU: 80.05 | mIoU: 80.91 |
+------------+-------------+-------------+
Images evaluated: 218
2026-04-29 23:28:47,615 - mmdet - INFO - Exp name: exp8_all.py
2026-04-29 23:28:47,616 - mmdet - INFO - Iter [24000/30000]	lr: 5.000e-05, eta: 2:12:22, time: 1.093, data_time: 0.011, memory: 37111, val/mIoU: 0.8005, val/IoU.building: 0.6786, val/IoU.background: 0.9224, val/Pseudo_mIoU: 0.8091, loss_mask: 0.0780, loss_texture: 0.0336, iou: 0.8991, loss: 0.1116
2026-04-29 23:29:14,994 - mmdet - INFO - Iter [24025/30000]	lr: 5.000e-05, eta: 2:12:16, time: 5.681, data_time: 4.597, memory: 37111, loss_mask: 0.0750, loss_texture: 0.0327, iou: 0.8759, loss: 0.1077
2026-04-29 23:29:42,388 - mmdet - INFO - Iter [24050/30000]	lr: 5.000e-05, eta: 2:11:41, time: 1.096, data_time: 0.011, memory: 37111, loss_mask: 0.0850, loss_texture: 0.0365, iou: 0.8670, loss: 0.1215
2026-04-29 23:30:09,764 - mmdet - INFO - Iter [24075/30000]	lr: 5.000e-05, eta: 2:11:07, time: 1.095, data_time: 0.012, memory: 37111, loss_mask: 0.0797, loss_texture: 0.0326, iou: 0.8887, loss: 0.1123
2026-04-29 23:30:37,289 - mmdet - INFO - Iter [24100/30000]	lr: 5.000e-05, eta: 2:10:32, time: 1.101, data_time: 0.011, memory: 37111, loss_mask: 0.0816, loss_texture: 0.0343, iou: 0.8700, loss: 0.1160
2026-04-29 23:31:04,740 - mmdet - INFO - Iter [24125/30000]	lr: 5.000e-05, eta: 2:09:58, time: 1.098, data_time: 0.012, memory: 37111, loss_mask: 0.0717, loss_texture: 0.0310, iou: 0.8804, loss: 0.1027
2026-04-29 23:31:32,081 - mmdet - INFO - Iter [24150/30000]	lr: 5.000e-05, eta: 2:09:23, time: 1.094, data_time: 0.011, memory: 37111, loss_mask: 0.0723, loss_texture: 0.0320, iou: 0.8838, loss: 0.1042
2026-04-29 23:31:59,488 - mmdet - INFO - Iter [24175/30000]	lr: 5.000e-05, eta: 2:08:48, time: 1.096, data_time: 0.012, memory: 37111, loss_mask: 0.0646, loss_texture: 0.0285, iou: 0.8955, loss: 0.0931
2026-04-29 23:32:26,868 - mmdet - INFO - Iter [24200/30000]	lr: 5.000e-05, eta: 2:08:14, time: 1.095, data_time: 0.011, memory: 37111, loss_mask: 0.0852, loss_texture: 0.0362, iou: 0.8837, loss: 0.1214
2026-04-29 23:32:54,233 - mmdet - INFO - Iter [24225/30000]	lr: 5.000e-05, eta: 2:07:39, time: 1.095, data_time: 0.011, memory: 37111, loss_mask: 0.0747, loss_texture: 0.0325, iou: 0.8879, loss: 0.1071
2026-04-29 23:33:21,584 - mmdet - INFO - Iter [24250/30000]	lr: 5.000e-05, eta: 2:07:05, time: 1.094, data_time: 0.011, memory: 37111, loss_mask: 0.0819, loss_texture: 0.0341, iou: 0.8625, loss: 0.1160
2026-04-29 23:33:48,977 - mmdet - INFO - Iter [24275/30000]	lr: 5.000e-05, eta: 2:06:30, time: 1.096, data_time: 0.012, memory: 37111, loss_mask: 0.0827, loss_texture: 0.0355, iou: 0.8921, loss: 0.1182
2026-04-29 23:34:16,342 - mmdet - INFO - Iter [24300/30000]	lr: 5.000e-05, eta: 2:05:56, time: 1.095, data_time: 0.011, memory: 37111, loss_mask: 0.0705, loss_texture: 0.0300, iou: 0.8914, loss: 0.1004
2026-04-29 23:34:43,639 - mmdet - INFO - Iter [24325/30000]	lr: 5.000e-05, eta: 2:05:21, time: 1.092, data_time: 0.011, memory: 37111, loss_mask: 0.0732, loss_texture: 0.0305, iou: 0.8911, loss: 0.1037
2026-04-29 23:35:10,978 - mmdet - INFO - Iter [24350/30000]	lr: 5.000e-05, eta: 2:04:47, time: 1.094, data_time: 0.012, memory: 37111, loss_mask: 0.0804, loss_texture: 0.0351, iou: 0.8968, loss: 0.1155
2026-04-29 23:35:38,346 - mmdet - INFO - Iter [24375/30000]	lr: 5.000e-05, eta: 2:04:12, time: 1.095, data_time: 0.012, memory: 37111, loss_mask: 0.0722, loss_texture: 0.0306, iou: 0.8894, loss: 0.1028
2026-04-29 23:36:05,793 - mmdet - INFO - Iter [24400/30000]	lr: 5.000e-05, eta: 2:03:38, time: 1.098, data_time: 0.012, memory: 37111, loss_mask: 0.0852, loss_texture: 0.0377, iou: 0.8767, loss: 0.1229
2026-04-29 23:36:33,158 - mmdet - INFO - Iter [24425/30000]	lr: 5.000e-05, eta: 2:03:04, time: 1.095, data_time: 0.011, memory: 37111, loss_mask: 0.0841, loss_texture: 0.0361, iou: 0.8652, loss: 0.1202
2026-04-29 23:37:00,460 - mmdet - INFO - Iter [24450/30000]	lr: 5.000e-05, eta: 2:02:29, time: 1.092, data_time: 0.011, memory: 37111, loss_mask: 0.0693, loss_texture: 0.0299, iou: 0.8703, loss: 0.0992
2026-04-29 23:37:27,877 - mmdet - INFO - Iter [24475/30000]	lr: 5.000e-05, eta: 2:01:55, time: 1.097, data_time: 0.012, memory: 37111, loss_mask: 0.0789, loss_texture: 0.0335, iou: 0.8744, loss: 0.1124
2026-04-29 23:37:55,259 - mmdet - INFO - 
--- Val evaluation at iter 24500 ---
2026-04-29 23:39:48,748 - mmdet - INFO - 
+------------+-------------+-------------+
| Class      | Val IoU     | Pseudo IoU  |
+------------+-------------+-------------+
| background | 92.26       | 92.68       |
| building   | 67.59       | 69.14       |
| Summary    | mIoU: 79.93 | mIoU: 80.91 |
+------------+-------------+-------------+
Images evaluated: 218
2026-04-29 23:39:50,157 - mmdet - INFO - Iter [24500/30000]	lr: 5.000e-05, eta: 2:01:20, time: 1.095, data_time: 0.012, memory: 37111, val/mIoU: 0.7993, val/IoU.building: 0.6759, val/IoU.background: 0.9226, val/Pseudo_mIoU: 0.8091, loss_mask: 0.0851, loss_texture: 0.0356, iou: 0.8897, loss: 0.1207
2026-04-29 23:40:17,617 - mmdet - INFO - Iter [24525/30000]	lr: 5.000e-05, eta: 2:01:12, time: 5.694, data_time: 4.608, memory: 37111, loss_mask: 0.0767, loss_texture: 0.0338, iou: 0.8884, loss: 0.1105
2026-04-29 23:40:45,131 - mmdet - INFO - Iter [24550/30000]	lr: 5.000e-05, eta: 2:00:37, time: 1.101, data_time: 0.012, memory: 37111, loss_mask: 0.0956, loss_texture: 0.0386, iou: 0.8706, loss: 0.1342
2026-04-29 23:41:12,527 - mmdet - INFO - Iter [24575/30000]	lr: 5.000e-05, eta: 2:00:03, time: 1.096, data_time: 0.012, memory: 37111, loss_mask: 0.0692, loss_texture: 0.0286, iou: 0.8866, loss: 0.0978
2026-04-29 23:41:39,922 - mmdet - INFO - Iter [24600/30000]	lr: 5.000e-05, eta: 1:59:28, time: 1.096, data_time: 0.011, memory: 37111, loss_mask: 0.0676, loss_texture: 0.0300, iou: 0.8938, loss: 0.0976
2026-04-29 23:42:07,319 - mmdet - INFO - Iter [24625/30000]	lr: 5.000e-05, eta: 1:58:54, time: 1.096, data_time: 0.011, memory: 37111, loss_mask: 0.0767, loss_texture: 0.0347, iou: 0.8858, loss: 0.1114
2026-04-29 23:42:34,664 - mmdet - INFO - Iter [24650/30000]	lr: 5.000e-05, eta: 1:58:19, time: 1.094, data_time: 0.011, memory: 37111, loss_mask: 0.0798, loss_texture: 0.0331, iou: 0.8796, loss: 0.1129
2026-04-29 23:43:02,127 - mmdet - INFO - Iter [24675/30000]	lr: 5.000e-05, eta: 1:57:45, time: 1.098, data_time: 0.012, memory: 37111, loss_mask: 0.0839, loss_texture: 0.0361, iou: 0.8777, loss: 0.1200
2026-04-29 23:43:29,579 - mmdet - INFO - Iter [24700/30000]	lr: 5.000e-05, eta: 1:57:10, time: 1.098, data_time: 0.012, memory: 37111, loss_mask: 0.0682, loss_texture: 0.0305, iou: 0.8949, loss: 0.0987
2026-04-29 23:43:57,069 - mmdet - INFO - Iter [24725/30000]	lr: 5.000e-05, eta: 1:56:36, time: 1.100, data_time: 0.011, memory: 37111, loss_mask: 0.0811, loss_texture: 0.0345, iou: 0.8687, loss: 0.1155
2026-04-29 23:44:24,590 - mmdet - INFO - Iter [24750/30000]	lr: 5.000e-05, eta: 1:56:02, time: 1.101, data_time: 0.012, memory: 37111, loss_mask: 0.0753, loss_texture: 0.0336, iou: 0.8860, loss: 0.1089
2026-04-29 23:44:52,032 - mmdet - INFO - Iter [24775/30000]	lr: 5.000e-05, eta: 1:55:27, time: 1.098, data_time: 0.012, memory: 37111, loss_mask: 0.0770, loss_texture: 0.0331, iou: 0.8738, loss: 0.1101
2026-04-29 23:45:19,382 - mmdet - INFO - Iter [24800/30000]	lr: 5.000e-05, eta: 1:54:53, time: 1.094, data_time: 0.011, memory: 37111, loss_mask: 0.0741, loss_texture: 0.0322, iou: 0.8804, loss: 0.1063
2026-04-29 23:45:46,695 - mmdet - INFO - Iter [24825/30000]	lr: 5.000e-05, eta: 1:54:19, time: 1.093, data_time: 0.011, memory: 37111, loss_mask: 0.0717, loss_texture: 0.0302, iou: 0.8737, loss: 0.1019
2026-04-29 23:46:14,053 - mmdet - INFO - Iter [24850/30000]	lr: 5.000e-05, eta: 1:53:44, time: 1.094, data_time: 0.011, memory: 37111, loss_mask: 0.0771, loss_texture: 0.0336, iou: 0.8852, loss: 0.1107
2026-04-29 23:46:41,483 - mmdet - INFO - Iter [24875/30000]	lr: 5.000e-05, eta: 1:53:10, time: 1.097, data_time: 0.012, memory: 37111, loss_mask: 0.0709, loss_texture: 0.0323, iou: 0.9012, loss: 0.1032
2026-04-29 23:47:08,780 - mmdet - INFO - Iter [24900/30000]	lr: 5.000e-05, eta: 1:52:36, time: 1.092, data_time: 0.012, memory: 37111, loss_mask: 0.0736, loss_texture: 0.0305, iou: 0.8699, loss: 0.1041
2026-04-29 23:47:36,310 - mmdet - INFO - Iter [24925/30000]	lr: 5.000e-05, eta: 1:52:01, time: 1.101, data_time: 0.011, memory: 37111, loss_mask: 0.0691, loss_texture: 0.0308, iou: 0.8839, loss: 0.0999
2026-04-29 23:48:03,792 - mmdet - INFO - Iter [24950/30000]	lr: 5.000e-05, eta: 1:51:27, time: 1.099, data_time: 0.012, memory: 37111, loss_mask: 0.0804, loss_texture: 0.0355, iou: 0.8922, loss: 0.1159
2026-04-29 23:48:31,267 - mmdet - INFO - Iter [24975/30000]	lr: 5.000e-05, eta: 1:50:53, time: 1.099, data_time: 0.012, memory: 37111, loss_mask: 0.0680, loss_texture: 0.0297, iou: 0.8880, loss: 0.0976
2026-04-29 23:48:58,711 - mmdet - INFO - 
--- Val evaluation at iter 25000 ---
2026-04-29 23:50:51,555 - mmdet - INFO - 
+------------+-------------+-------------+
| Class      | Val IoU     | Pseudo IoU  |
+------------+-------------+-------------+
| background | 92.31       | 92.68       |
| building   | 67.51       | 69.14       |
| Summary    | mIoU: 79.91 | mIoU: 80.91 |
+------------+-------------+-------------+
Images evaluated: 218
2026-04-29 23:50:52,937 - mmdet - INFO - Exp name: exp8_all.py
2026-04-29 23:50:52,937 - mmdet - INFO - Iter [25000/30000]	lr: 5.000e-05, eta: 1:50:19, time: 1.098, data_time: 0.011, memory: 37111, val/mIoU: 0.7991, val/IoU.building: 0.6751, val/IoU.background: 0.9231, val/Pseudo_mIoU: 0.8091, loss_mask: 0.0832, loss_texture: 0.0354, iou: 0.8739, loss: 0.1186
2026-04-29 23:51:20,322 - mmdet - INFO - Iter [25025/30000]	lr: 2.500e-05, eta: 1:50:07, time: 5.664, data_time: 4.582, memory: 37111, loss_mask: 0.0819, loss_texture: 0.0349, iou: 0.8777, loss: 0.1169
2026-04-29 23:51:47,700 - mmdet - INFO - Iter [25050/30000]	lr: 2.500e-05, eta: 1:49:33, time: 1.095, data_time: 0.011, memory: 37111, loss_mask: 0.0743, loss_texture: 0.0337, iou: 0.8896, loss: 0.1080
2026-04-29 23:52:15,093 - mmdet - INFO - Iter [25075/30000]	lr: 2.500e-05, eta: 1:48:59, time: 1.096, data_time: 0.012, memory: 37111, loss_mask: 0.0789, loss_texture: 0.0346, iou: 0.8793, loss: 0.1135
2026-04-29 23:52:42,474 - mmdet - INFO - Iter [25100/30000]	lr: 2.500e-05, eta: 1:48:24, time: 1.095, data_time: 0.011, memory: 37111, loss_mask: 0.0671, loss_texture: 0.0295, iou: 0.8778, loss: 0.0966
2026-04-29 23:53:09,827 - mmdet - INFO - Iter [25125/30000]	lr: 2.500e-05, eta: 1:47:50, time: 1.094, data_time: 0.012, memory: 37111, loss_mask: 0.0733, loss_texture: 0.0329, iou: 0.8819, loss: 0.1062
2026-04-29 23:53:37,240 - mmdet - INFO - Iter [25150/30000]	lr: 2.500e-05, eta: 1:47:16, time: 1.097, data_time: 0.012, memory: 37111, loss_mask: 0.0673, loss_texture: 0.0295, iou: 0.8858, loss: 0.0968
2026-04-29 23:54:04,722 - mmdet - INFO - Iter [25175/30000]	lr: 2.500e-05, eta: 1:46:41, time: 1.099, data_time: 0.012, memory: 37111, loss_mask: 0.0765, loss_texture: 0.0332, iou: 0.8886, loss: 0.1097
2026-04-29 23:54:32,069 - mmdet - INFO - Iter [25200/30000]	lr: 2.500e-05, eta: 1:46:07, time: 1.094, data_time: 0.011, memory: 37111, loss_mask: 0.0726, loss_texture: 0.0320, iou: 0.8821, loss: 0.1046
2026-04-29 23:54:59,615 - mmdet - INFO - Iter [25225/30000]	lr: 2.500e-05, eta: 1:45:33, time: 1.102, data_time: 0.011, memory: 37111, loss_mask: 0.0798, loss_texture: 0.0346, iou: 0.8872, loss: 0.1144
2026-04-29 23:55:26,954 - mmdet - INFO - Iter [25250/30000]	lr: 2.500e-05, eta: 1:44:59, time: 1.094, data_time: 0.011, memory: 37111, loss_mask: 0.0789, loss_texture: 0.0333, iou: 0.8745, loss: 0.1122
2026-04-29 23:55:54,311 - mmdet - INFO - Iter [25275/30000]	lr: 2.500e-05, eta: 1:44:24, time: 1.094, data_time: 0.012, memory: 37111, loss_mask: 0.0643, loss_texture: 0.0288, iou: 0.8751, loss: 0.0931
2026-04-29 23:56:21,703 - mmdet - INFO - Iter [25300/30000]	lr: 2.500e-05, eta: 1:43:50, time: 1.096, data_time: 0.011, memory: 37111, loss_mask: 0.0720, loss_texture: 0.0318, iou: 0.8849, loss: 0.1037
2026-04-29 23:56:49,175 - mmdet - INFO - Iter [25325/30000]	lr: 2.500e-05, eta: 1:43:16, time: 1.099, data_time: 0.011, memory: 37111, loss_mask: 0.0713, loss_texture: 0.0310, iou: 0.8840, loss: 0.1022
2026-04-29 23:57:16,611 - mmdet - INFO - Iter [25350/30000]	lr: 2.500e-05, eta: 1:42:42, time: 1.097, data_time: 0.012, memory: 37111, loss_mask: 0.0786, loss_texture: 0.0342, iou: 0.8899, loss: 0.1128
2026-04-29 23:57:43,978 - mmdet - INFO - Iter [25375/30000]	lr: 2.500e-05, eta: 1:42:08, time: 1.095, data_time: 0.012, memory: 37111, loss_mask: 0.0798, loss_texture: 0.0345, iou: 0.8804, loss: 0.1143
2026-04-29 23:58:11,436 - mmdet - INFO - Iter [25400/30000]	lr: 2.500e-05, eta: 1:41:33, time: 1.098, data_time: 0.011, memory: 37111, loss_mask: 0.0646, loss_texture: 0.0298, iou: 0.8901, loss: 0.0945
2026-04-29 23:58:38,938 - mmdet - INFO - Iter [25425/30000]	lr: 2.500e-05, eta: 1:40:59, time: 1.100, data_time: 0.011, memory: 37111, loss_mask: 0.0663, loss_texture: 0.0297, iou: 0.8986, loss: 0.0960
2026-04-29 23:59:06,231 - mmdet - INFO - Iter [25450/30000]	lr: 2.500e-05, eta: 1:40:25, time: 1.092, data_time: 0.011, memory: 37111, loss_mask: 0.0636, loss_texture: 0.0283, iou: 0.8929, loss: 0.0919
2026-04-29 23:59:33,581 - mmdet - INFO - Iter [25475/30000]	lr: 2.500e-05, eta: 1:39:51, time: 1.094, data_time: 0.012, memory: 37111, loss_mask: 0.0683, loss_texture: 0.0307, iou: 0.8793, loss: 0.0990
2026-04-30 00:00:01,053 - mmdet - INFO - 
--- Val evaluation at iter 25500 ---
2026-04-30 00:01:54,805 - mmdet - INFO - 
+------------+-------------+-------------+
| Class      | Val IoU     | Pseudo IoU  |
+------------+-------------+-------------+
| background | 92.35       | 92.68       |
| building   | 68.19       | 69.14       |
| Summary    | mIoU: 80.27 | mIoU: 80.91 |
+------------+-------------+-------------+
Images evaluated: 218
2026-04-30 00:01:56,557 - mmdet - INFO - Iter [25500/30000]	lr: 2.500e-05, eta: 1:39:17, time: 1.099, data_time: 0.011, memory: 37111, val/mIoU: 0.8027, val/IoU.building: 0.6819, val/IoU.background: 0.9235, val/Pseudo_mIoU: 0.8091, loss_mask: 0.0781, loss_texture: 0.0331, iou: 0.8744, loss: 0.1112
2026-04-30 00:02:24,117 - mmdet - INFO - Iter [25525/30000]	lr: 2.500e-05, eta: 1:39:03, time: 5.723, data_time: 4.632, memory: 37111, loss_mask: 0.0687, loss_texture: 0.0300, iou: 0.8836, loss: 0.0987
2026-04-30 00:02:51,587 - mmdet - INFO - Iter [25550/30000]	lr: 2.500e-05, eta: 1:38:29, time: 1.099, data_time: 0.012, memory: 37111, loss_mask: 0.0694, loss_texture: 0.0307, iou: 0.9031, loss: 0.1001
2026-04-30 00:03:19,123 - mmdet - INFO - Iter [25575/30000]	lr: 2.500e-05, eta: 1:37:55, time: 1.101, data_time: 0.012, memory: 37111, loss_mask: 0.0799, loss_texture: 0.0351, iou: 0.8934, loss: 0.1150
2026-04-30 00:03:46,615 - mmdet - INFO - Iter [25600/30000]	lr: 2.500e-05, eta: 1:37:21, time: 1.100, data_time: 0.011, memory: 37111, loss_mask: 0.0711, loss_texture: 0.0312, iou: 0.8831, loss: 0.1023
2026-04-30 00:04:14,083 - mmdet - INFO - Iter [25625/30000]	lr: 2.500e-05, eta: 1:36:46, time: 1.099, data_time: 0.011, memory: 37111, loss_mask: 0.0686, loss_texture: 0.0297, iou: 0.8897, loss: 0.0983
2026-04-30 00:04:41,782 - mmdet - INFO - Iter [25650/30000]	lr: 2.500e-05, eta: 1:36:12, time: 1.108, data_time: 0.011, memory: 37111, loss_mask: 0.0703, loss_texture: 0.0308, iou: 0.8902, loss: 0.1011
2026-04-30 00:05:09,275 - mmdet - INFO - Iter [25675/30000]	lr: 2.500e-05, eta: 1:35:38, time: 1.100, data_time: 0.012, memory: 37111, loss_mask: 0.0800, loss_texture: 0.0350, iou: 0.8737, loss: 0.1150
2026-04-30 00:05:36,758 - mmdet - INFO - Iter [25700/30000]	lr: 2.500e-05, eta: 1:35:04, time: 1.099, data_time: 0.011, memory: 37111, loss_mask: 0.0772, loss_texture: 0.0336, iou: 0.8889, loss: 0.1109
2026-04-30 00:06:04,223 - mmdet - INFO - Iter [25725/30000]	lr: 2.500e-05, eta: 1:34:30, time: 1.099, data_time: 0.011, memory: 37111, loss_mask: 0.0746, loss_texture: 0.0324, iou: 0.8830, loss: 0.1070
2026-04-30 00:06:31,588 - mmdet - INFO - Iter [25750/30000]	lr: 2.500e-05, eta: 1:33:56, time: 1.095, data_time: 0.012, memory: 37111, loss_mask: 0.0739, loss_texture: 0.0322, iou: 0.8803, loss: 0.1060
2026-04-30 00:06:59,065 - mmdet - INFO - Iter [25775/30000]	lr: 2.500e-05, eta: 1:33:22, time: 1.099, data_time: 0.012, memory: 37111, loss_mask: 0.0724, loss_texture: 0.0321, iou: 0.8869, loss: 0.1046
2026-04-30 00:07:26,652 - mmdet - INFO - Iter [25800/30000]	lr: 2.500e-05, eta: 1:32:48, time: 1.103, data_time: 0.011, memory: 37111, loss_mask: 0.0772, loss_texture: 0.0341, iou: 0.8928, loss: 0.1113
2026-04-30 00:07:54,182 - mmdet - INFO - Iter [25825/30000]	lr: 2.500e-05, eta: 1:32:14, time: 1.101, data_time: 0.011, memory: 37111, loss_mask: 0.0667, loss_texture: 0.0292, iou: 0.8806, loss: 0.0959
2026-04-30 00:08:21,702 - mmdet - INFO - Iter [25850/30000]	lr: 2.500e-05, eta: 1:31:40, time: 1.101, data_time: 0.012, memory: 37111, loss_mask: 0.0733, loss_texture: 0.0328, iou: 0.8860, loss: 0.1061
2026-04-30 00:08:49,065 - mmdet - INFO - Iter [25875/30000]	lr: 2.500e-05, eta: 1:31:05, time: 1.094, data_time: 0.012, memory: 37111, loss_mask: 0.0645, loss_texture: 0.0290, iou: 0.8737, loss: 0.0934
2026-04-30 00:09:16,549 - mmdet - INFO - Iter [25900/30000]	lr: 2.500e-05, eta: 1:30:31, time: 1.099, data_time: 0.012, memory: 37111, loss_mask: 0.0703, loss_texture: 0.0316, iou: 0.8806, loss: 0.1019
2026-04-30 00:09:43,934 - mmdet - INFO - Iter [25925/30000]	lr: 2.500e-05, eta: 1:29:57, time: 1.095, data_time: 0.011, memory: 37111, loss_mask: 0.0743, loss_texture: 0.0312, iou: 0.8809, loss: 0.1055
2026-04-30 00:10:11,332 - mmdet - INFO - Iter [25950/30000]	lr: 2.500e-05, eta: 1:29:23, time: 1.096, data_time: 0.012, memory: 37111, loss_mask: 0.0591, loss_texture: 0.0264, iou: 0.8967, loss: 0.0855
2026-04-30 00:10:38,827 - mmdet - INFO - Iter [25975/30000]	lr: 2.500e-05, eta: 1:28:49, time: 1.100, data_time: 0.012, memory: 37111, loss_mask: 0.0723, loss_texture: 0.0329, iou: 0.8954, loss: 0.1052
2026-04-30 00:11:06,388 - mmdet - INFO - 
--- Val evaluation at iter 26000 ---
2026-04-30 00:13:00,470 - mmdet - INFO - 
+------------+-------------+-------------+
| Class      | Val IoU     | Pseudo IoU  |
+------------+-------------+-------------+
| background | 92.42       | 92.68       |
| building   | 67.76       | 69.14       |
| Summary    | mIoU: 80.09 | mIoU: 80.91 |
+------------+-------------+-------------+
Images evaluated: 218
2026-04-30 00:13:02,089 - mmdet - INFO - Exp name: exp8_all.py
2026-04-30 00:13:02,089 - mmdet - INFO - Iter [26000/30000]	lr: 2.500e-05, eta: 1:28:15, time: 1.102, data_time: 0.011, memory: 37111, val/mIoU: 0.8009, val/IoU.building: 0.6776, val/IoU.background: 0.9242, val/Pseudo_mIoU: 0.8091, loss_mask: 0.0711, loss_texture: 0.0299, iou: 0.8854, loss: 0.1010
2026-04-30 00:13:29,538 - mmdet - INFO - Iter [26025/30000]	lr: 2.500e-05, eta: 1:27:59, time: 5.726, data_time: 4.640, memory: 37111, loss_mask: 0.0716, loss_texture: 0.0316, iou: 0.8932, loss: 0.1032
2026-04-30 00:13:57,014 - mmdet - INFO - Iter [26050/30000]	lr: 2.500e-05, eta: 1:27:25, time: 1.099, data_time: 0.011, memory: 37111, loss_mask: 0.0816, loss_texture: 0.0367, iou: 0.8945, loss: 0.1183
2026-04-30 00:14:24,559 - mmdet - INFO - Iter [26075/30000]	lr: 2.500e-05, eta: 1:26:51, time: 1.102, data_time: 0.012, memory: 37111, loss_mask: 0.0788, loss_texture: 0.0345, iou: 0.8802, loss: 0.1133
2026-04-30 00:14:52,004 - mmdet - INFO - Iter [26100/30000]	lr: 2.500e-05, eta: 1:26:17, time: 1.098, data_time: 0.011, memory: 37111, loss_mask: 0.0699, loss_texture: 0.0307, iou: 0.8882, loss: 0.1006
2026-04-30 00:15:19,485 - mmdet - INFO - Iter [26125/30000]	lr: 2.500e-05, eta: 1:25:43, time: 1.099, data_time: 0.011, memory: 37111, loss_mask: 0.0771, loss_texture: 0.0333, iou: 0.8907, loss: 0.1104
2026-04-30 00:15:46,926 - mmdet - INFO - Iter [26150/30000]	lr: 2.500e-05, eta: 1:25:09, time: 1.098, data_time: 0.011, memory: 37111, loss_mask: 0.0721, loss_texture: 0.0316, iou: 0.8870, loss: 0.1037
2026-04-30 00:16:14,359 - mmdet - INFO - Iter [26175/30000]	lr: 2.500e-05, eta: 1:24:35, time: 1.097, data_time: 0.012, memory: 37111, loss_mask: 0.0783, loss_texture: 0.0335, iou: 0.8856, loss: 0.1118
2026-04-30 00:16:41,952 - mmdet - INFO - Iter [26200/30000]	lr: 2.500e-05, eta: 1:24:01, time: 1.104, data_time: 0.011, memory: 37111, loss_mask: 0.0850, loss_texture: 0.0370, iou: 0.8865, loss: 0.1220
2026-04-30 00:17:09,405 - mmdet - INFO - Iter [26225/30000]	lr: 2.500e-05, eta: 1:23:27, time: 1.098, data_time: 0.011, memory: 37111, loss_mask: 0.0642, loss_texture: 0.0287, iou: 0.8767, loss: 0.0930
2026-04-30 00:17:36,875 - mmdet - INFO - Iter [26250/30000]	lr: 2.500e-05, eta: 1:22:53, time: 1.099, data_time: 0.011, memory: 37111, loss_mask: 0.0738, loss_texture: 0.0320, iou: 0.8837, loss: 0.1058
2026-04-30 00:18:04,374 - mmdet - INFO - Iter [26275/30000]	lr: 2.500e-05, eta: 1:22:19, time: 1.100, data_time: 0.012, memory: 37111, loss_mask: 0.0757, loss_texture: 0.0343, iou: 0.8906, loss: 0.1100
2026-04-30 00:18:31,782 - mmdet - INFO - Iter [26300/30000]	lr: 2.500e-05, eta: 1:21:45, time: 1.096, data_time: 0.011, memory: 37111, loss_mask: 0.0737, loss_texture: 0.0322, iou: 0.8724, loss: 0.1059
2026-04-30 00:18:59,251 - mmdet - INFO - Iter [26325/30000]	lr: 2.500e-05, eta: 1:21:11, time: 1.099, data_time: 0.011, memory: 37111, loss_mask: 0.0682, loss_texture: 0.0305, iou: 0.8820, loss: 0.0987
2026-04-30 00:19:26,798 - mmdet - INFO - Iter [26350/30000]	lr: 2.500e-05, eta: 1:20:37, time: 1.102, data_time: 0.012, memory: 37111, loss_mask: 0.0745, loss_texture: 0.0316, iou: 0.8904, loss: 0.1060
2026-04-30 00:19:54,358 - mmdet - INFO - Iter [26375/30000]	lr: 2.500e-05, eta: 1:20:03, time: 1.102, data_time: 0.012, memory: 37111, loss_mask: 0.0777, loss_texture: 0.0356, iou: 0.8800, loss: 0.1133
2026-04-30 00:20:21,908 - mmdet - INFO - Iter [26400/30000]	lr: 2.500e-05, eta: 1:19:29, time: 1.102, data_time: 0.011, memory: 37111, loss_mask: 0.0655, loss_texture: 0.0297, iou: 0.8926, loss: 0.0952
2026-04-30 00:20:49,439 - mmdet - INFO - Iter [26425/30000]	lr: 2.500e-05, eta: 1:18:56, time: 1.101, data_time: 0.012, memory: 37111, loss_mask: 0.0824, loss_texture: 0.0366, iou: 0.8961, loss: 0.1189
2026-04-30 00:21:16,826 - mmdet - INFO - Iter [26450/30000]	lr: 2.500e-05, eta: 1:18:22, time: 1.095, data_time: 0.012, memory: 37111, loss_mask: 0.0670, loss_texture: 0.0296, iou: 0.8594, loss: 0.0965
2026-04-30 00:21:44,313 - mmdet - INFO - Iter [26475/30000]	lr: 2.500e-05, eta: 1:17:48, time: 1.099, data_time: 0.012, memory: 37111, loss_mask: 0.0699, loss_texture: 0.0309, iou: 0.9062, loss: 0.1009
2026-04-30 00:22:11,805 - mmdet - INFO - 
--- Val evaluation at iter 26500 ---
2026-04-30 00:24:06,058 - mmdet - INFO - 
+------------+-------------+-------------+
| Class      | Val IoU     | Pseudo IoU  |
+------------+-------------+-------------+
| background | 92.38       | 92.68       |
| building   | 68.49       | 69.14       |
| Summary    | mIoU: 80.43 | mIoU: 80.91 |
+------------+-------------+-------------+
Images evaluated: 218
2026-04-30 00:24:07,434 - mmdet - INFO - Iter [26500/30000]	lr: 2.500e-05, eta: 1:17:14, time: 1.100, data_time: 0.011, memory: 37111, val/mIoU: 0.8043, val/IoU.building: 0.6849, val/IoU.background: 0.9238, val/Pseudo_mIoU: 0.8091, loss_mask: 0.0751, loss_texture: 0.0337, iou: 0.8979, loss: 0.1088
2026-04-30 00:24:34,869 - mmdet - INFO - Iter [26525/30000]	lr: 2.500e-05, eta: 1:16:55, time: 5.723, data_time: 4.637, memory: 37111, loss_mask: 0.0737, loss_texture: 0.0332, iou: 0.8614, loss: 0.1069
2026-04-30 00:25:02,355 - mmdet - INFO - Iter [26550/30000]	lr: 2.500e-05, eta: 1:16:21, time: 1.099, data_time: 0.012, memory: 37111, loss_mask: 0.0735, loss_texture: 0.0321, iou: 0.8867, loss: 0.1056
2026-04-30 00:25:29,868 - mmdet - INFO - Iter [26575/30000]	lr: 2.500e-05, eta: 1:15:47, time: 1.101, data_time: 0.012, memory: 37111, loss_mask: 0.0696, loss_texture: 0.0306, iou: 0.8732, loss: 0.1002
2026-04-30 00:25:57,364 - mmdet - INFO - Iter [26600/30000]	lr: 2.500e-05, eta: 1:15:13, time: 1.100, data_time: 0.011, memory: 37111, loss_mask: 0.0741, loss_texture: 0.0314, iou: 0.8884, loss: 0.1055
2026-04-30 00:26:24,886 - mmdet - INFO - Iter [26625/30000]	lr: 2.500e-05, eta: 1:14:40, time: 1.101, data_time: 0.011, memory: 37111, loss_mask: 0.0703, loss_texture: 0.0328, iou: 0.8906, loss: 0.1031
2026-04-30 00:26:52,439 - mmdet - INFO - Iter [26650/30000]	lr: 2.500e-05, eta: 1:14:06, time: 1.102, data_time: 0.012, memory: 37111, loss_mask: 0.0792, loss_texture: 0.0343, iou: 0.8773, loss: 0.1135
2026-04-30 00:27:19,969 - mmdet - INFO - Iter [26675/30000]	lr: 2.500e-05, eta: 1:13:32, time: 1.101, data_time: 0.012, memory: 37111, loss_mask: 0.0733, loss_texture: 0.0320, iou: 0.8862, loss: 0.1052
2026-04-30 00:27:47,350 - mmdet - INFO - Iter [26700/30000]	lr: 2.500e-05, eta: 1:12:58, time: 1.095, data_time: 0.011, memory: 37111, loss_mask: 0.0708, loss_texture: 0.0308, iou: 0.8835, loss: 0.1015
2026-04-30 00:28:14,902 - mmdet - INFO - Iter [26725/30000]	lr: 2.500e-05, eta: 1:12:24, time: 1.102, data_time: 0.011, memory: 37111, loss_mask: 0.0737, loss_texture: 0.0334, iou: 0.8938, loss: 0.1071
2026-04-30 00:28:42,376 - mmdet - INFO - Iter [26750/30000]	lr: 2.500e-05, eta: 1:11:50, time: 1.099, data_time: 0.012, memory: 37111, loss_mask: 0.0752, loss_texture: 0.0335, iou: 0.8908, loss: 0.1087
2026-04-30 00:29:09,964 - mmdet - INFO - Iter [26775/30000]	lr: 2.500e-05, eta: 1:11:16, time: 1.104, data_time: 0.012, memory: 37111, loss_mask: 0.0743, loss_texture: 0.0334, iou: 0.8686, loss: 0.1077
2026-04-30 00:29:37,469 - mmdet - INFO - Iter [26800/30000]	lr: 2.500e-05, eta: 1:10:42, time: 1.100, data_time: 0.011, memory: 37111, loss_mask: 0.0684, loss_texture: 0.0299, iou: 0.8883, loss: 0.0982
2026-04-30 00:30:05,015 - mmdet - INFO - Iter [26825/30000]	lr: 2.500e-05, eta: 1:10:09, time: 1.102, data_time: 0.012, memory: 37111, loss_mask: 0.0706, loss_texture: 0.0315, iou: 0.8784, loss: 0.1022
2026-04-30 00:30:32,585 - mmdet - INFO - Iter [26850/30000]	lr: 2.500e-05, eta: 1:09:35, time: 1.103, data_time: 0.012, memory: 37111, loss_mask: 0.0726, loss_texture: 0.0313, iou: 0.8903, loss: 0.1039
2026-04-30 00:31:00,046 - mmdet - INFO - Iter [26875/30000]	lr: 2.500e-05, eta: 1:09:01, time: 1.098, data_time: 0.012, memory: 37111, loss_mask: 0.0819, loss_texture: 0.0356, iou: 0.8725, loss: 0.1175
2026-04-30 00:31:27,408 - mmdet - INFO - Iter [26900/30000]	lr: 2.500e-05, eta: 1:08:27, time: 1.094, data_time: 0.011, memory: 37111, loss_mask: 0.0659, loss_texture: 0.0294, iou: 0.8915, loss: 0.0952
2026-04-30 00:31:55,002 - mmdet - INFO - Iter [26925/30000]	lr: 2.500e-05, eta: 1:07:54, time: 1.104, data_time: 0.011, memory: 37111, loss_mask: 0.0702, loss_texture: 0.0310, iou: 0.8784, loss: 0.1012
2026-04-30 00:32:22,483 - mmdet - INFO - Iter [26950/30000]	lr: 2.500e-05, eta: 1:07:20, time: 1.099, data_time: 0.012, memory: 37111, loss_mask: 0.0694, loss_texture: 0.0303, iou: 0.8779, loss: 0.0997
2026-04-30 00:32:50,035 - mmdet - INFO - Iter [26975/30000]	lr: 2.500e-05, eta: 1:06:46, time: 1.102, data_time: 0.012, memory: 37111, loss_mask: 0.0667, loss_texture: 0.0294, iou: 0.8906, loss: 0.0961
2026-04-30 00:33:17,543 - mmdet - INFO - 
--- Val evaluation at iter 27000 ---
2026-04-30 00:35:11,594 - mmdet - INFO - 
+------------+-------------+-------------+
| Class      | Val IoU     | Pseudo IoU  |
+------------+-------------+-------------+
| background | 92.18       | 92.68       |
| building   | 68.41       | 69.14       |
| Summary    | mIoU: 80.30 | mIoU: 80.91 |
+------------+-------------+-------------+
Images evaluated: 218
2026-04-30 00:35:12,996 - mmdet - INFO - Exp name: exp8_all.py
2026-04-30 00:35:12,997 - mmdet - INFO - Iter [27000/30000]	lr: 2.500e-05, eta: 1:06:12, time: 1.100, data_time: 0.011, memory: 37111, val/mIoU: 0.8030, val/IoU.building: 0.6841, val/IoU.background: 0.9218, val/Pseudo_mIoU: 0.8091, loss_mask: 0.0766, loss_texture: 0.0343, iou: 0.8886, loss: 0.1109
2026-04-30 00:35:40,568 - mmdet - INFO - Iter [27025/30000]	lr: 2.500e-05, eta: 1:05:51, time: 5.721, data_time: 4.631, memory: 37111, loss_mask: 0.0834, loss_texture: 0.0361, iou: 0.8872, loss: 0.1195
2026-04-30 00:36:08,057 - mmdet - INFO - Iter [27050/30000]	lr: 2.500e-05, eta: 1:05:17, time: 1.100, data_time: 0.012, memory: 37111, loss_mask: 0.0781, loss_texture: 0.0345, iou: 0.8829, loss: 0.1127
2026-04-30 00:36:35,571 - mmdet - INFO - Iter [27075/30000]	lr: 2.500e-05, eta: 1:04:44, time: 1.101, data_time: 0.012, memory: 37111, loss_mask: 0.0770, loss_texture: 0.0344, iou: 0.8830, loss: 0.1114
2026-04-30 00:37:03,077 - mmdet - INFO - Iter [27100/30000]	lr: 2.500e-05, eta: 1:04:10, time: 1.100, data_time: 0.011, memory: 37111, loss_mask: 0.0745, loss_texture: 0.0323, iou: 0.8801, loss: 0.1069
2026-04-30 00:37:30,648 - mmdet - INFO - Iter [27125/30000]	lr: 2.500e-05, eta: 1:03:36, time: 1.103, data_time: 0.011, memory: 37111, loss_mask: 0.0632, loss_texture: 0.0289, iou: 0.9028, loss: 0.0921
