2026-05-02 17:33:51,651 - mmdet - INFO - Environment info:
------------------------------------------------------------
sys.platform: linux
Python: 3.8.20 (default, Oct  3 2024, 15:24:27) [GCC 11.2.0]
CUDA available: True
GPU 0: NVIDIA L40S
CUDA_HOME: /usr
NVCC: Cuda compilation tools, release 12.0, V12.0.140
GCC: gcc (Ubuntu 13.3.0-6ubuntu2~24.04.1) 13.3.0
PyTorch: 1.10.1+cu111
PyTorch compiling details: PyTorch built with:
  - GCC 7.3
  - C++ Version: 201402
  - Intel(R) Math Kernel Library Version 2020.0.0 Product Build 20191122 for Intel(R) 64 architecture applications
  - Intel(R) MKL-DNN v2.2.3 (Git Hash 7336ca9f055cf1bfa13efb658fe15dc9b41f0740)
  - OpenMP 201511 (a.k.a. OpenMP 4.5)
  - LAPACK is enabled (usually provided by MKL)
  - NNPACK is enabled
  - CPU capability usage: AVX2
  - CUDA Runtime 11.1
  - NVCC architecture flags: -gencode;arch=compute_37,code=sm_37;-gencode;arch=compute_50,code=sm_50;-gencode;arch=compute_60,code=sm_60;-gencode;arch=compute_70,code=sm_70;-gencode;arch=compute_75,code=sm_75;-gencode;arch=compute_80,code=sm_80;-gencode;arch=compute_86,code=sm_86
  - CuDNN 8.0.5
  - Magma 2.5.2
  - Build settings: BLAS_INFO=mkl, BUILD_TYPE=Release, CUDA_VERSION=11.1, CUDNN_VERSION=8.0.5, CXX_COMPILER=/opt/rh/devtoolset-7/root/usr/bin/c++, CXX_FLAGS= -Wno-deprecated -fvisibility-inlines-hidden -DUSE_PTHREADPOOL -fopenmp -DNDEBUG -DUSE_KINETO -DUSE_FBGEMM -DUSE_QNNPACK -DUSE_PYTORCH_QNNPACK -DUSE_XNNPACK -DSYMBOLICATE_MOBILE_DEBUG_HANDLE -DEDGE_PROFILER_USE_KINETO -O2 -fPIC -Wno-narrowing -Wall -Wextra -Werror=return-type -Wno-missing-field-initializers -Wno-type-limits -Wno-array-bounds -Wno-unknown-pragmas -Wno-sign-compare -Wno-unused-parameter -Wno-unused-variable -Wno-unused-function -Wno-unused-result -Wno-unused-local-typedefs -Wno-strict-overflow -Wno-strict-aliasing -Wno-error=deprecated-declarations -Wno-stringop-overflow -Wno-psabi -Wno-error=pedantic -Wno-error=redundant-decls -Wno-error=old-style-cast -fdiagnostics-color=always -faligned-new -Wno-unused-but-set-variable -Wno-maybe-uninitialized -fno-math-errno -fno-trapping-math -Werror=format -Wno-stringop-overflow, LAPACK_INFO=mkl, PERF_WITH_AVX=1, PERF_WITH_AVX2=1, PERF_WITH_AVX512=1, TORCH_VERSION=1.10.1, USE_CUDA=ON, USE_CUDNN=ON, USE_EXCEPTION_PTR=1, USE_GFLAGS=OFF, USE_GLOG=OFF, USE_MKL=ON, USE_MKLDNN=ON, USE_MPI=OFF, USE_NCCL=ON, USE_NNPACK=ON, USE_OPENMP=ON, 

TorchVision: 0.11.2+cu111
OpenCV: 4.13.0
MMCV: 1.5.0
MMCV Compiler: GCC 7.3
MMCV CUDA Compiler: 11.1
MMDetection: 2.28.1+5a18904
------------------------------------------------------------

2026-05-02 17:33:52,127 - mmdet - INFO - Distributed training: False
2026-05-02 17:33:52,627 - mmdet - INFO - Config:
checkpoint_config = dict(interval=0, by_epoch=False)
log_config = dict(
    interval=25, hooks=[dict(type='TextLoggerHook', by_epoch=False)])
dist_params = dict(backend='nccl')
log_level = 'INFO'
load_from = None
resume_from = None
workflow = [('train', 1)]
opencv_num_threads = 0
mp_start_method = 'spawn'
auto_scale_lr = dict(enable=False, base_batch_size=16)
object_size = 256
task = 'semantic'
model = dict(
    type='SegRefinerSemantic',
    task='semantic',
    step=6,
    denoise_model=dict(
        type='DenoiseUNet',
        in_channels=4,
        out_channels=1,
        model_channels=128,
        num_res_blocks=2,
        num_heads=4,
        num_heads_upsample=-1,
        attention_strides=(16, 32),
        learn_time_embd=True,
        num_timesteps=6,
        channel_mult=(1, 1, 2, 2, 4, 4),
        dropout=0.0),
    diffusion_cfg=dict(
        betas=dict(type='linear', start=0.8, stop=0, num_timesteps=6),
        diff_iter=False,
        noise_components=dict(use_obj=True, use_bnd=True, use_unc=True)),
    test_cfg=dict(
        model_size=1024, fine_prob_thr=0.95, batch_max=32, iou_thr=0.15))
img_norm_cfg = dict(
    mean=[123.675, 116.28, 103.53], std=[58.395, 57.12, 57.375], to_rgb=True)
train_pipeline = [
    dict(type='LoadImageFromFile'),
    dict(
        type='LoadAnnotations',
        with_bbox=False,
        with_label=False,
        with_mask=False,
        with_seg=True),
    dict(
        type='LoadOEMCoarseMasks',
        use_obj=False,
        use_bnd=False,
        use_unc=False,
        obj_unc_threshold=0.3,
        test_mode=False),
    dict(type='Resize', img_scale=(256, 256), keep_ratio=False),
    dict(type='RandomFlip', flip_ratio=0.5),
    dict(
        type='Normalize',
        mean=[123.675, 116.28, 103.53],
        std=[58.395, 57.12, 57.375],
        to_rgb=True),
    dict(type='DefaultFormatBundle'),
    dict(
        type='Collect',
        keys=['img', 'gt_masks', 'coarse_masks', 'unc_map', 'edge_map'])
]
val_data_root = '/home/ubuntu/vy/Denoiser/OEM_v2_Building'
val_pipeline = [
    dict(type='LoadImageFromFile'),
    dict(
        type='LoadAnnotations',
        with_bbox=False,
        with_label=False,
        with_mask=False,
        with_seg=True),
    dict(
        type='LoadOEMCoarseMasks',
        test_mode=True,
        pseudolabel_dir='/home/ubuntu/vy/Denoiser/OEM_v2_Building/pseudolabels'
    ),
    dict(type='Resize', img_scale=(1024, 1024), keep_ratio=False),
    dict(
        type='Normalize',
        mean=[123.675, 116.28, 103.53],
        std=[58.395, 57.12, 57.375],
        to_rgb=True),
    dict(type='DefaultFormatBundle'),
    dict(
        type='Collect',
        keys=['img', 'gt_masks', 'coarse_masks'],
        meta_keys=[
            'filename', 'ori_filename', 'ori_shape', 'img_shape', 'pad_shape',
            'scale_factor', 'flip', 'flip_direction', 'img_norm_cfg',
            'crop_bbox'
        ])
]
data_root = '/home/ubuntu/vy/Denoiser/OpenEarthMap_wo_xBD'
dataset_type = 'OEMBuildingDataset'
data = dict(
    train=dict(
        type='OEMBuildingDataset',
        data_root='/home/ubuntu/vy/Denoiser/OpenEarthMap_wo_xBD',
        split_file='/home/ubuntu/vy/Denoiser/OpenEarthMap_wo_xBD/train.txt',
        pipeline=[
            dict(type='LoadImageFromFile'),
            dict(
                type='LoadAnnotations',
                with_bbox=False,
                with_label=False,
                with_mask=False,
                with_seg=True),
            dict(
                type='LoadOEMCoarseMasks',
                use_obj=True,
                use_bnd=True,
                use_unc=True,
                test_mode=False),
            dict(type='Resize', img_scale=(256, 256), keep_ratio=False),
            dict(type='RandomFlip', flip_ratio=0.5),
            dict(
                type='Normalize',
                mean=[123.675, 116.28, 103.53],
                std=[58.395, 57.12, 57.375],
                to_rgb=True),
            dict(type='DefaultFormatBundle'),
            dict(
                type='Collect',
                keys=[
                    'img', 'gt_masks', 'coarse_masks', 'unc_map', 'edge_map'
                ])
        ],
        test_mode=False),
    val=dict(
        type='OEMv2BuildingDataset',
        data_root='/home/ubuntu/vy/Denoiser/OEM_v2_Building',
        split_file='/home/ubuntu/vy/Denoiser/OEM_v2_Building/val.txt',
        pipeline=[
            dict(type='LoadImageFromFile'),
            dict(
                type='LoadAnnotations',
                with_bbox=False,
                with_label=False,
                with_mask=False,
                with_seg=True),
            dict(
                type='LoadOEMCoarseMasks',
                test_mode=True,
                pseudolabel_dir=
                '/home/ubuntu/vy/Denoiser/OEM_v2_Building/pseudolabels'),
            dict(type='Resize', img_scale=(1024, 1024), keep_ratio=False),
            dict(
                type='Normalize',
                mean=[123.675, 116.28, 103.53],
                std=[58.395, 57.12, 57.375],
                to_rgb=True),
            dict(type='DefaultFormatBundle'),
            dict(
                type='Collect',
                keys=['img', 'gt_masks', 'coarse_masks'],
                meta_keys=[
                    'filename', 'ori_filename', 'ori_shape', 'img_shape',
                    'pad_shape', 'scale_factor', 'flip', 'flip_direction',
                    'img_norm_cfg', 'crop_bbox'
                ])
        ],
        test_mode=True),
    test=dict(
        type='OEMv2BuildingDataset',
        data_root='/home/ubuntu/vy/Denoiser/OEM_v2_Building',
        split_file='/home/ubuntu/vy/Denoiser/OEM_v2_Building/test.txt',
        pipeline=[
            dict(type='LoadImageFromFile'),
            dict(
                type='LoadAnnotations',
                with_bbox=False,
                with_label=False,
                with_mask=False,
                with_seg=True),
            dict(
                type='LoadOEMCoarseMasks',
                test_mode=True,
                pseudolabel_dir=
                '/home/ubuntu/vy/Denoiser/OEM_v2_Building/pseudolabels'),
            dict(type='Resize', img_scale=(1024, 1024), keep_ratio=False),
            dict(
                type='Normalize',
                mean=[123.675, 116.28, 103.53],
                std=[58.395, 57.12, 57.375],
                to_rgb=True),
            dict(type='DefaultFormatBundle'),
            dict(
                type='Collect',
                keys=['img', 'gt_masks', 'coarse_masks'],
                meta_keys=[
                    'filename', 'ori_filename', 'ori_shape', 'img_shape',
                    'pad_shape', 'scale_factor', 'flip', 'flip_direction',
                    'img_norm_cfg', 'crop_bbox'
                ])
        ],
        test_mode=True),
    train_dataloader=dict(samples_per_gpu=16, workers_per_gpu=4),
    val_dataloader=dict(samples_per_gpu=1, workers_per_gpu=4))
optimizer = dict(
    type='AdamW', lr=0.0001, weight_decay=0, eps=1e-08, betas=(0.9, 0.999))
optimizer_config = dict(grad_clip=None)
max_iters = 120000
runner = dict(type='IterBasedRunner', max_iters=120000)
lr_config = dict(
    policy='step',
    gamma=0.5,
    by_epoch=False,
    step=[85000, 110000],
    warmup='linear',
    warmup_by_epoch=False,
    warmup_ratio=0.001,
    warmup_iters=500)
oem_eval = dict(interval=500, save_best=True)
interval = 1
work_dir = 'work_dirs/exp8_all'
auto_resume = False
gpu_ids = [0]

2026-05-02 17:33:52,627 - mmdet - INFO - Set random seed to 1709187129, deterministic: False
Name of parameter - Initialization information

denoise_model.time_embed.weight - torch.Size([6, 512]): 
The value is the same before and after calling `init_weights` of SegRefinerSemantic  

denoise_model.input_blocks.0.0.weight - torch.Size([128, 4, 3, 3]): 
The value is the same before and after calling `init_weights` of SegRefinerSemantic  

denoise_model.input_blocks.0.0.bias - torch.Size([128]): 
The value is the same before and after calling `init_weights` of SegRefinerSemantic  

denoise_model.input_blocks.1.0.in_layers.0.weight - torch.Size([128]): 
The value is the same before and after calling `init_weights` of SegRefinerSemantic  

denoise_model.input_blocks.1.0.in_layers.0.bias - torch.Size([128]): 
The value is the same before and after calling `init_weights` of SegRefinerSemantic  

denoise_model.input_blocks.1.0.in_layers.2.weight - torch.Size([128, 128, 3, 3]): 
The value is the same before and after calling `init_weights` of SegRefinerSemantic  

denoise_model.input_blocks.1.0.in_layers.2.bias - torch.Size([128]): 
The value is the same before and after calling `init_weights` of SegRefinerSemantic  

denoise_model.input_blocks.1.0.emb_layers.1.weight - torch.Size([128, 512]): 
The value is the same before and after calling `init_weights` of SegRefinerSemantic  

denoise_model.input_blocks.1.0.emb_layers.1.bias - torch.Size([128]): 
The value is the same before and after calling `init_weights` of SegRefinerSemantic  

denoise_model.input_blocks.1.0.out_layers.0.weight - torch.Size([128]): 
The value is the same before and after calling `init_weights` of SegRefinerSemantic  

denoise_model.input_blocks.1.0.out_layers.0.bias - torch.Size([128]): 
The value is the same before and after calling `init_weights` of SegRefinerSemantic  

denoise_model.input_blocks.1.0.out_layers.3.weight - torch.Size([128, 128, 3, 3]): 
The value is the same before and after calling `init_weights` of SegRefinerSemantic  

denoise_model.input_blocks.1.0.out_layers.3.bias - torch.Size([128]): 
The value is the same before and after calling `init_weights` of SegRefinerSemantic  

denoise_model.input_blocks.2.0.in_layers.0.weight - torch.Size([128]): 
The value is the same before and after calling `init_weights` of SegRefinerSemantic  

denoise_model.input_blocks.2.0.in_layers.0.bias - torch.Size([128]): 
The value is the same before and after calling `init_weights` of SegRefinerSemantic  

denoise_model.input_blocks.2.0.in_layers.2.weight - torch.Size([128, 128, 3, 3]): 
The value is the same before and after calling `init_weights` of SegRefinerSemantic  

denoise_model.input_blocks.2.0.in_layers.2.bias - torch.Size([128]): 
The value is the same before and after calling `init_weights` of SegRefinerSemantic  

denoise_model.input_blocks.2.0.emb_layers.1.weight - torch.Size([128, 512]): 
The value is the same before and after calling `init_weights` of SegRefinerSemantic  

denoise_model.input_blocks.2.0.emb_layers.1.bias - torch.Size([128]): 
The value is the same before and after calling `init_weights` of SegRefinerSemantic  

denoise_model.input_blocks.2.0.out_layers.0.weight - torch.Size([128]): 
The value is the same before and after calling `init_weights` of SegRefinerSemantic  

denoise_model.input_blocks.2.0.out_layers.0.bias - torch.Size([128]): 
The value is the same before and after calling `init_weights` of SegRefinerSemantic  

denoise_model.input_blocks.2.0.out_layers.3.weight - torch.Size([128, 128, 3, 3]): 
The value is the same before and after calling `init_weights` of SegRefinerSemantic  

denoise_model.input_blocks.2.0.out_layers.3.bias - torch.Size([128]): 
The value is the same before and after calling `init_weights` of SegRefinerSemantic  

denoise_model.input_blocks.3.0.op.weight - torch.Size([128, 128, 3, 3]): 
The value is the same before and after calling `init_weights` of SegRefinerSemantic  

denoise_model.input_blocks.3.0.op.bias - torch.Size([128]): 
The value is the same before and after calling `init_weights` of SegRefinerSemantic  

denoise_model.input_blocks.4.0.in_layers.0.weight - torch.Size([128]): 
The value is the same before and after calling `init_weights` of SegRefinerSemantic  

denoise_model.input_blocks.4.0.in_layers.0.bias - torch.Size([128]): 
The value is the same before and after calling `init_weights` of SegRefinerSemantic  

denoise_model.input_blocks.4.0.in_layers.2.weight - torch.Size([128, 128, 3, 3]): 
The value is the same before and after calling `init_weights` of SegRefinerSemantic  

denoise_model.input_blocks.4.0.in_layers.2.bias - torch.Size([128]): 
The value is the same before and after calling `init_weights` of SegRefinerSemantic  

denoise_model.input_blocks.4.0.emb_layers.1.weight - torch.Size([128, 512]): 
The value is the same before and after calling `init_weights` of SegRefinerSemantic  

denoise_model.input_blocks.4.0.emb_layers.1.bias - torch.Size([128]): 
The value is the same before and after calling `init_weights` of SegRefinerSemantic  

denoise_model.input_blocks.4.0.out_layers.0.weight - torch.Size([128]): 
The value is the same before and after calling `init_weights` of SegRefinerSemantic  

denoise_model.input_blocks.4.0.out_layers.0.bias - torch.Size([128]): 
The value is the same before and after calling `init_weights` of SegRefinerSemantic  

denoise_model.input_blocks.4.0.out_layers.3.weight - torch.Size([128, 128, 3, 3]): 
The value is the same before and after calling `init_weights` of SegRefinerSemantic  

denoise_model.input_blocks.4.0.out_layers.3.bias - torch.Size([128]): 
The value is the same before and after calling `init_weights` of SegRefinerSemantic  

denoise_model.input_blocks.5.0.in_layers.0.weight - torch.Size([128]): 
The value is the same before and after calling `init_weights` of SegRefinerSemantic  

denoise_model.input_blocks.5.0.in_layers.0.bias - torch.Size([128]): 
The value is the same before and after calling `init_weights` of SegRefinerSemantic  

denoise_model.input_blocks.5.0.in_layers.2.weight - torch.Size([128, 128, 3, 3]): 
The value is the same before and after calling `init_weights` of SegRefinerSemantic  

denoise_model.input_blocks.5.0.in_layers.2.bias - torch.Size([128]): 
The value is the same before and after calling `init_weights` of SegRefinerSemantic  

denoise_model.input_blocks.5.0.emb_layers.1.weight - torch.Size([128, 512]): 
The value is the same before and after calling `init_weights` of SegRefinerSemantic  

denoise_model.input_blocks.5.0.emb_layers.1.bias - torch.Size([128]): 
The value is the same before and after calling `init_weights` of SegRefinerSemantic  

denoise_model.input_blocks.5.0.out_layers.0.weight - torch.Size([128]): 
The value is the same before and after calling `init_weights` of SegRefinerSemantic  

denoise_model.input_blocks.5.0.out_layers.0.bias - torch.Size([128]): 
The value is the same before and after calling `init_weights` of SegRefinerSemantic  

denoise_model.input_blocks.5.0.out_layers.3.weight - torch.Size([128, 128, 3, 3]): 
The value is the same before and after calling `init_weights` of SegRefinerSemantic  

denoise_model.input_blocks.5.0.out_layers.3.bias - torch.Size([128]): 
The value is the same before and after calling `init_weights` of SegRefinerSemantic  

denoise_model.input_blocks.6.0.op.weight - torch.Size([128, 128, 3, 3]): 
The value is the same before and after calling `init_weights` of SegRefinerSemantic  

denoise_model.input_blocks.6.0.op.bias - torch.Size([128]): 
The value is the same before and after calling `init_weights` of SegRefinerSemantic  

denoise_model.input_blocks.7.0.in_layers.0.weight - torch.Size([128]): 
The value is the same before and after calling `init_weights` of SegRefinerSemantic  

denoise_model.input_blocks.7.0.in_layers.0.bias - torch.Size([128]): 
The value is the same before and after calling `init_weights` of SegRefinerSemantic  

denoise_model.input_blocks.7.0.in_layers.2.weight - torch.Size([256, 128, 3, 3]): 
The value is the same before and after calling `init_weights` of SegRefinerSemantic  

denoise_model.input_blocks.7.0.in_layers.2.bias - torch.Size([256]): 
The value is the same before and after calling `init_weights` of SegRefinerSemantic  

denoise_model.input_blocks.7.0.emb_layers.1.weight - torch.Size([256, 512]): 
The value is the same before and after calling `init_weights` of SegRefinerSemantic  

denoise_model.input_blocks.7.0.emb_layers.1.bias - torch.Size([256]): 
The value is the same before and after calling `init_weights` of SegRefinerSemantic  

denoise_model.input_blocks.7.0.out_layers.0.weight - torch.Size([256]): 
The value is the same before and after calling `init_weights` of SegRefinerSemantic  

denoise_model.input_blocks.7.0.out_layers.0.bias - torch.Size([256]): 
The value is the same before and after calling `init_weights` of SegRefinerSemantic  

denoise_model.input_blocks.7.0.out_layers.3.weight - torch.Size([256, 256, 3, 3]): 
The value is the same before and after calling `init_weights` of SegRefinerSemantic  

denoise_model.input_blocks.7.0.out_layers.3.bias - torch.Size([256]): 
The value is the same before and after calling `init_weights` of SegRefinerSemantic  

denoise_model.input_blocks.7.0.skip_connection.weight - torch.Size([256, 128, 1, 1]): 
The value is the same before and after calling `init_weights` of SegRefinerSemantic  

denoise_model.input_blocks.7.0.skip_connection.bias - torch.Size([256]): 
The value is the same before and after calling `init_weights` of SegRefinerSemantic  

denoise_model.input_blocks.8.0.in_layers.0.weight - torch.Size([256]): 
The value is the same before and after calling `init_weights` of SegRefinerSemantic  

denoise_model.input_blocks.8.0.in_layers.0.bias - torch.Size([256]): 
The value is the same before and after calling `init_weights` of SegRefinerSemantic  

denoise_model.input_blocks.8.0.in_layers.2.weight - torch.Size([256, 256, 3, 3]): 
The value is the same before and after calling `init_weights` of SegRefinerSemantic  

denoise_model.input_blocks.8.0.in_layers.2.bias - torch.Size([256]): 
The value is the same before and after calling `init_weights` of SegRefinerSemantic  

denoise_model.input_blocks.8.0.emb_layers.1.weight - torch.Size([256, 512]): 
The value is the same before and after calling `init_weights` of SegRefinerSemantic  

denoise_model.input_blocks.8.0.emb_layers.1.bias - torch.Size([256]): 
The value is the same before and after calling `init_weights` of SegRefinerSemantic  

denoise_model.input_blocks.8.0.out_layers.0.weight - torch.Size([256]): 
The value is the same before and after calling `init_weights` of SegRefinerSemantic  

denoise_model.input_blocks.8.0.out_layers.0.bias - torch.Size([256]): 
The value is the same before and after calling `init_weights` of SegRefinerSemantic  

denoise_model.input_blocks.8.0.out_layers.3.weight - torch.Size([256, 256, 3, 3]): 
The value is the same before and after calling `init_weights` of SegRefinerSemantic  

denoise_model.input_blocks.8.0.out_layers.3.bias - torch.Size([256]): 
The value is the same before and after calling `init_weights` of SegRefinerSemantic  

denoise_model.input_blocks.9.0.op.weight - torch.Size([256, 256, 3, 3]): 
The value is the same before and after calling `init_weights` of SegRefinerSemantic  

denoise_model.input_blocks.9.0.op.bias - torch.Size([256]): 
The value is the same before and after calling `init_weights` of SegRefinerSemantic  

denoise_model.input_blocks.10.0.in_layers.0.weight - torch.Size([256]): 
The value is the same before and after calling `init_weights` of SegRefinerSemantic  

denoise_model.input_blocks.10.0.in_layers.0.bias - torch.Size([256]): 
The value is the same before and after calling `init_weights` of SegRefinerSemantic  

denoise_model.input_blocks.10.0.in_layers.2.weight - torch.Size([256, 256, 3, 3]): 
The value is the same before and after calling `init_weights` of SegRefinerSemantic  

denoise_model.input_blocks.10.0.in_layers.2.bias - torch.Size([256]): 
The value is the same before and after calling `init_weights` of SegRefinerSemantic  

denoise_model.input_blocks.10.0.emb_layers.1.weight - torch.Size([256, 512]): 
The value is the same before and after calling `init_weights` of SegRefinerSemantic  

denoise_model.input_blocks.10.0.emb_layers.1.bias - torch.Size([256]): 
The value is the same before and after calling `init_weights` of SegRefinerSemantic  

denoise_model.input_blocks.10.0.out_layers.0.weight - torch.Size([256]): 
The value is the same before and after calling `init_weights` of SegRefinerSemantic  

denoise_model.input_blocks.10.0.out_layers.0.bias - torch.Size([256]): 
The value is the same before and after calling `init_weights` of SegRefinerSemantic  

denoise_model.input_blocks.10.0.out_layers.3.weight - torch.Size([256, 256, 3, 3]): 
The value is the same before and after calling `init_weights` of SegRefinerSemantic  

denoise_model.input_blocks.10.0.out_layers.3.bias - torch.Size([256]): 
The value is the same before and after calling `init_weights` of SegRefinerSemantic  

denoise_model.input_blocks.11.0.in_layers.0.weight - torch.Size([256]): 
The value is the same before and after calling `init_weights` of SegRefinerSemantic  

denoise_model.input_blocks.11.0.in_layers.0.bias - torch.Size([256]): 
The value is the same before and after calling `init_weights` of SegRefinerSemantic  

denoise_model.input_blocks.11.0.in_layers.2.weight - torch.Size([256, 256, 3, 3]): 
The value is the same before and after calling `init_weights` of SegRefinerSemantic  

denoise_model.input_blocks.11.0.in_layers.2.bias - torch.Size([256]): 
The value is the same before and after calling `init_weights` of SegRefinerSemantic  

denoise_model.input_blocks.11.0.emb_layers.1.weight - torch.Size([256, 512]): 
The value is the same before and after calling `init_weights` of SegRefinerSemantic  

denoise_model.input_blocks.11.0.emb_layers.1.bias - torch.Size([256]): 
The value is the same before and after calling `init_weights` of SegRefinerSemantic  

denoise_model.input_blocks.11.0.out_layers.0.weight - torch.Size([256]): 
The value is the same before and after calling `init_weights` of SegRefinerSemantic  

denoise_model.input_blocks.11.0.out_layers.0.bias - torch.Size([256]): 
The value is the same before and after calling `init_weights` of SegRefinerSemantic  

denoise_model.input_blocks.11.0.out_layers.3.weight - torch.Size([256, 256, 3, 3]): 
The value is the same before and after calling `init_weights` of SegRefinerSemantic  

denoise_model.input_blocks.11.0.out_layers.3.bias - torch.Size([256]): 
The value is the same before and after calling `init_weights` of SegRefinerSemantic  

denoise_model.input_blocks.12.0.op.weight - torch.Size([256, 256, 3, 3]): 
The value is the same before and after calling `init_weights` of SegRefinerSemantic  

denoise_model.input_blocks.12.0.op.bias - torch.Size([256]): 
The value is the same before and after calling `init_weights` of SegRefinerSemantic  

denoise_model.input_blocks.13.0.in_layers.0.weight - torch.Size([256]): 
The value is the same before and after calling `init_weights` of SegRefinerSemantic  

denoise_model.input_blocks.13.0.in_layers.0.bias - torch.Size([256]): 
The value is the same before and after calling `init_weights` of SegRefinerSemantic  

denoise_model.input_blocks.13.0.in_layers.2.weight - torch.Size([512, 256, 3, 3]): 
The value is the same before and after calling `init_weights` of SegRefinerSemantic  

denoise_model.input_blocks.13.0.in_layers.2.bias - torch.Size([512]): 
The value is the same before and after calling `init_weights` of SegRefinerSemantic  

denoise_model.input_blocks.13.0.emb_layers.1.weight - torch.Size([512, 512]): 
The value is the same before and after calling `init_weights` of SegRefinerSemantic  

denoise_model.input_blocks.13.0.emb_layers.1.bias - torch.Size([512]): 
The value is the same before and after calling `init_weights` of SegRefinerSemantic  

denoise_model.input_blocks.13.0.out_layers.0.weight - torch.Size([512]): 
The value is the same before and after calling `init_weights` of SegRefinerSemantic  

denoise_model.input_blocks.13.0.out_layers.0.bias - torch.Size([512]): 
The value is the same before and after calling `init_weights` of SegRefinerSemantic  

denoise_model.input_blocks.13.0.out_layers.3.weight - torch.Size([512, 512, 3, 3]): 
The value is the same before and after calling `init_weights` of SegRefinerSemantic  

denoise_model.input_blocks.13.0.out_layers.3.bias - torch.Size([512]): 
The value is the same before and after calling `init_weights` of SegRefinerSemantic  

denoise_model.input_blocks.13.0.skip_connection.weight - torch.Size([512, 256, 1, 1]): 
The value is the same before and after calling `init_weights` of SegRefinerSemantic  

denoise_model.input_blocks.13.0.skip_connection.bias - torch.Size([512]): 
The value is the same before and after calling `init_weights` of SegRefinerSemantic  

denoise_model.input_blocks.13.1.norm.weight - torch.Size([512]): 
The value is the same before and after calling `init_weights` of SegRefinerSemantic  

denoise_model.input_blocks.13.1.norm.bias - torch.Size([512]): 
The value is the same before and after calling `init_weights` of SegRefinerSemantic  

denoise_model.input_blocks.13.1.qkv.weight - torch.Size([1536, 512, 1]): 
The value is the same before and after calling `init_weights` of SegRefinerSemantic  

denoise_model.input_blocks.13.1.qkv.bias - torch.Size([1536]): 
The value is the same before and after calling `init_weights` of SegRefinerSemantic  

denoise_model.input_blocks.13.1.proj_out.weight - torch.Size([512, 512, 1]): 
The value is the same before and after calling `init_weights` of SegRefinerSemantic  

denoise_model.input_blocks.13.1.proj_out.bias - torch.Size([512]): 
The value is the same before and after calling `init_weights` of SegRefinerSemantic  

denoise_model.input_blocks.14.0.in_layers.0.weight - torch.Size([512]): 
The value is the same before and after calling `init_weights` of SegRefinerSemantic  

denoise_model.input_blocks.14.0.in_layers.0.bias - torch.Size([512]): 
The value is the same before and after calling `init_weights` of SegRefinerSemantic  

denoise_model.input_blocks.14.0.in_layers.2.weight - torch.Size([512, 512, 3, 3]): 
The value is the same before and after calling `init_weights` of SegRefinerSemantic  

denoise_model.input_blocks.14.0.in_layers.2.bias - torch.Size([512]): 
The value is the same before and after calling `init_weights` of SegRefinerSemantic  

denoise_model.input_blocks.14.0.emb_layers.1.weight - torch.Size([512, 512]): 
The value is the same before and after calling `init_weights` of SegRefinerSemantic  

denoise_model.input_blocks.14.0.emb_layers.1.bias - torch.Size([512]): 
The value is the same before and after calling `init_weights` of SegRefinerSemantic  

denoise_model.input_blocks.14.0.out_layers.0.weight - torch.Size([512]): 
The value is the same before and after calling `init_weights` of SegRefinerSemantic  

denoise_model.input_blocks.14.0.out_layers.0.bias - torch.Size([512]): 
The value is the same before and after calling `init_weights` of SegRefinerSemantic  

denoise_model.input_blocks.14.0.out_layers.3.weight - torch.Size([512, 512, 3, 3]): 
The value is the same before and after calling `init_weights` of SegRefinerSemantic  

denoise_model.input_blocks.14.0.out_layers.3.bias - torch.Size([512]): 
The value is the same before and after calling `init_weights` of SegRefinerSemantic  

denoise_model.input_blocks.14.1.norm.weight - torch.Size([512]): 
The value is the same before and after calling `init_weights` of SegRefinerSemantic  

denoise_model.input_blocks.14.1.norm.bias - torch.Size([512]): 
The value is the same before and after calling `init_weights` of SegRefinerSemantic  

denoise_model.input_blocks.14.1.qkv.weight - torch.Size([1536, 512, 1]): 
The value is the same before and after calling `init_weights` of SegRefinerSemantic  

denoise_model.input_blocks.14.1.qkv.bias - torch.Size([1536]): 
The value is the same before and after calling `init_weights` of SegRefinerSemantic  

denoise_model.input_blocks.14.1.proj_out.weight - torch.Size([512, 512, 1]): 
The value is the same before and after calling `init_weights` of SegRefinerSemantic  

denoise_model.input_blocks.14.1.proj_out.bias - torch.Size([512]): 
The value is the same before and after calling `init_weights` of SegRefinerSemantic  

denoise_model.input_blocks.15.0.op.weight - torch.Size([512, 512, 3, 3]): 
The value is the same before and after calling `init_weights` of SegRefinerSemantic  

denoise_model.input_blocks.15.0.op.bias - torch.Size([512]): 
The value is the same before and after calling `init_weights` of SegRefinerSemantic  

denoise_model.input_blocks.16.0.in_layers.0.weight - torch.Size([512]): 
The value is the same before and after calling `init_weights` of SegRefinerSemantic  

denoise_model.input_blocks.16.0.in_layers.0.bias - torch.Size([512]): 
The value is the same before and after calling `init_weights` of SegRefinerSemantic  

denoise_model.input_blocks.16.0.in_layers.2.weight - torch.Size([512, 512, 3, 3]): 
The value is the same before and after calling `init_weights` of SegRefinerSemantic  

denoise_model.input_blocks.16.0.in_layers.2.bias - torch.Size([512]): 
The value is the same before and after calling `init_weights` of SegRefinerSemantic  

denoise_model.input_blocks.16.0.emb_layers.1.weight - torch.Size([512, 512]): 
The value is the same before and after calling `init_weights` of SegRefinerSemantic  

denoise_model.input_blocks.16.0.emb_layers.1.bias - torch.Size([512]): 
The value is the same before and after calling `init_weights` of SegRefinerSemantic  

denoise_model.input_blocks.16.0.out_layers.0.weight - torch.Size([512]): 
The value is the same before and after calling `init_weights` of SegRefinerSemantic  

denoise_model.input_blocks.16.0.out_layers.0.bias - torch.Size([512]): 
The value is the same before and after calling `init_weights` of SegRefinerSemantic  

denoise_model.input_blocks.16.0.out_layers.3.weight - torch.Size([512, 512, 3, 3]): 
The value is the same before and after calling `init_weights` of SegRefinerSemantic  

denoise_model.input_blocks.16.0.out_layers.3.bias - torch.Size([512]): 
The value is the same before and after calling `init_weights` of SegRefinerSemantic  

denoise_model.input_blocks.16.1.norm.weight - torch.Size([512]): 
The value is the same before and after calling `init_weights` of SegRefinerSemantic  

denoise_model.input_blocks.16.1.norm.bias - torch.Size([512]): 
The value is the same before and after calling `init_weights` of SegRefinerSemantic  

denoise_model.input_blocks.16.1.qkv.weight - torch.Size([1536, 512, 1]): 
The value is the same before and after calling `init_weights` of SegRefinerSemantic  

denoise_model.input_blocks.16.1.qkv.bias - torch.Size([1536]): 
The value is the same before and after calling `init_weights` of SegRefinerSemantic  

denoise_model.input_blocks.16.1.proj_out.weight - torch.Size([512, 512, 1]): 
The value is the same before and after calling `init_weights` of SegRefinerSemantic  

denoise_model.input_blocks.16.1.proj_out.bias - torch.Size([512]): 
The value is the same before and after calling `init_weights` of SegRefinerSemantic  

denoise_model.input_blocks.17.0.in_layers.0.weight - torch.Size([512]): 
The value is the same before and after calling `init_weights` of SegRefinerSemantic  

denoise_model.input_blocks.17.0.in_layers.0.bias - torch.Size([512]): 
The value is the same before and after calling `init_weights` of SegRefinerSemantic  

denoise_model.input_blocks.17.0.in_layers.2.weight - torch.Size([512, 512, 3, 3]): 
The value is the same before and after calling `init_weights` of SegRefinerSemantic  

denoise_model.input_blocks.17.0.in_layers.2.bias - torch.Size([512]): 
The value is the same before and after calling `init_weights` of SegRefinerSemantic  

denoise_model.input_blocks.17.0.emb_layers.1.weight - torch.Size([512, 512]): 
The value is the same before and after calling `init_weights` of SegRefinerSemantic  

denoise_model.input_blocks.17.0.emb_layers.1.bias - torch.Size([512]): 
The value is the same before and after calling `init_weights` of SegRefinerSemantic  

denoise_model.input_blocks.17.0.out_layers.0.weight - torch.Size([512]): 
The value is the same before and after calling `init_weights` of SegRefinerSemantic  

denoise_model.input_blocks.17.0.out_layers.0.bias - torch.Size([512]): 
The value is the same before and after calling `init_weights` of SegRefinerSemantic  

denoise_model.input_blocks.17.0.out_layers.3.weight - torch.Size([512, 512, 3, 3]): 
The value is the same before and after calling `init_weights` of SegRefinerSemantic  

denoise_model.input_blocks.17.0.out_layers.3.bias - torch.Size([512]): 
The value is the same before and after calling `init_weights` of SegRefinerSemantic  

denoise_model.input_blocks.17.1.norm.weight - torch.Size([512]): 
The value is the same before and after calling `init_weights` of SegRefinerSemantic  

denoise_model.input_blocks.17.1.norm.bias - torch.Size([512]): 
The value is the same before and after calling `init_weights` of SegRefinerSemantic  

denoise_model.input_blocks.17.1.qkv.weight - torch.Size([1536, 512, 1]): 
The value is the same before and after calling `init_weights` of SegRefinerSemantic  

denoise_model.input_blocks.17.1.qkv.bias - torch.Size([1536]): 
The value is the same before and after calling `init_weights` of SegRefinerSemantic  

denoise_model.input_blocks.17.1.proj_out.weight - torch.Size([512, 512, 1]): 
The value is the same before and after calling `init_weights` of SegRefinerSemantic  

denoise_model.input_blocks.17.1.proj_out.bias - torch.Size([512]): 
The value is the same before and after calling `init_weights` of SegRefinerSemantic  

denoise_model.middle_block.0.in_layers.0.weight - torch.Size([512]): 
The value is the same before and after calling `init_weights` of SegRefinerSemantic  

denoise_model.middle_block.0.in_layers.0.bias - torch.Size([512]): 
The value is the same before and after calling `init_weights` of SegRefinerSemantic  

denoise_model.middle_block.0.in_layers.2.weight - torch.Size([512, 512, 3, 3]): 
The value is the same before and after calling `init_weights` of SegRefinerSemantic  

denoise_model.middle_block.0.in_layers.2.bias - torch.Size([512]): 
The value is the same before and after calling `init_weights` of SegRefinerSemantic  

denoise_model.middle_block.0.emb_layers.1.weight - torch.Size([512, 512]): 
The value is the same before and after calling `init_weights` of SegRefinerSemantic  

denoise_model.middle_block.0.emb_layers.1.bias - torch.Size([512]): 
The value is the same before and after calling `init_weights` of SegRefinerSemantic  

denoise_model.middle_block.0.out_layers.0.weight - torch.Size([512]): 
The value is the same before and after calling `init_weights` of SegRefinerSemantic  

denoise_model.middle_block.0.out_layers.0.bias - torch.Size([512]): 
The value is the same before and after calling `init_weights` of SegRefinerSemantic  

denoise_model.middle_block.0.out_layers.3.weight - torch.Size([512, 512, 3, 3]): 
The value is the same before and after calling `init_weights` of SegRefinerSemantic  

denoise_model.middle_block.0.out_layers.3.bias - torch.Size([512]): 
The value is the same before and after calling `init_weights` of SegRefinerSemantic  

denoise_model.middle_block.1.norm.weight - torch.Size([512]): 
The value is the same before and after calling `init_weights` of SegRefinerSemantic  

denoise_model.middle_block.1.norm.bias - torch.Size([512]): 
The value is the same before and after calling `init_weights` of SegRefinerSemantic  

denoise_model.middle_block.1.qkv.weight - torch.Size([1536, 512, 1]): 
The value is the same before and after calling `init_weights` of SegRefinerSemantic  

denoise_model.middle_block.1.qkv.bias - torch.Size([1536]): 
The value is the same before and after calling `init_weights` of SegRefinerSemantic  

denoise_model.middle_block.1.proj_out.weight - torch.Size([512, 512, 1]): 
The value is the same before and after calling `init_weights` of SegRefinerSemantic  

denoise_model.middle_block.1.proj_out.bias - torch.Size([512]): 
The value is the same before and after calling `init_weights` of SegRefinerSemantic  

denoise_model.middle_block.2.in_layers.0.weight - torch.Size([512]): 
The value is the same before and after calling `init_weights` of SegRefinerSemantic  

denoise_model.middle_block.2.in_layers.0.bias - torch.Size([512]): 
The value is the same before and after calling `init_weights` of SegRefinerSemantic  

denoise_model.middle_block.2.in_layers.2.weight - torch.Size([512, 512, 3, 3]): 
The value is the same before and after calling `init_weights` of SegRefinerSemantic  

denoise_model.middle_block.2.in_layers.2.bias - torch.Size([512]): 
The value is the same before and after calling `init_weights` of SegRefinerSemantic  

denoise_model.middle_block.2.emb_layers.1.weight - torch.Size([512, 512]): 
The value is the same before and after calling `init_weights` of SegRefinerSemantic  

denoise_model.middle_block.2.emb_layers.1.bias - torch.Size([512]): 
The value is the same before and after calling `init_weights` of SegRefinerSemantic  

denoise_model.middle_block.2.out_layers.0.weight - torch.Size([512]): 
The value is the same before and after calling `init_weights` of SegRefinerSemantic  

denoise_model.middle_block.2.out_layers.0.bias - torch.Size([512]): 
The value is the same before and after calling `init_weights` of SegRefinerSemantic  

denoise_model.middle_block.2.out_layers.3.weight - torch.Size([512, 512, 3, 3]): 
The value is the same before and after calling `init_weights` of SegRefinerSemantic  

denoise_model.middle_block.2.out_layers.3.bias - torch.Size([512]): 
The value is the same before and after calling `init_weights` of SegRefinerSemantic  

denoise_model.output_blocks.0.0.in_layers.0.weight - torch.Size([1024]): 
The value is the same before and after calling `init_weights` of SegRefinerSemantic  

denoise_model.output_blocks.0.0.in_layers.0.bias - torch.Size([1024]): 
The value is the same before and after calling `init_weights` of SegRefinerSemantic  

denoise_model.output_blocks.0.0.in_layers.2.weight - torch.Size([512, 1024, 3, 3]): 
The value is the same before and after calling `init_weights` of SegRefinerSemantic  

denoise_model.output_blocks.0.0.in_layers.2.bias - torch.Size([512]): 
The value is the same before and after calling `init_weights` of SegRefinerSemantic  

denoise_model.output_blocks.0.0.emb_layers.1.weight - torch.Size([512, 512]): 
The value is the same before and after calling `init_weights` of SegRefinerSemantic  

denoise_model.output_blocks.0.0.emb_layers.1.bias - torch.Size([512]): 
The value is the same before and after calling `init_weights` of SegRefinerSemantic  

denoise_model.output_blocks.0.0.out_layers.0.weight - torch.Size([512]): 
The value is the same before and after calling `init_weights` of SegRefinerSemantic  

denoise_model.output_blocks.0.0.out_layers.0.bias - torch.Size([512]): 
The value is the same before and after calling `init_weights` of SegRefinerSemantic  

denoise_model.output_blocks.0.0.out_layers.3.weight - torch.Size([512, 512, 3, 3]): 
The value is the same before and after calling `init_weights` of SegRefinerSemantic  

denoise_model.output_blocks.0.0.out_layers.3.bias - torch.Size([512]): 
The value is the same before and after calling `init_weights` of SegRefinerSemantic  

denoise_model.output_blocks.0.0.skip_connection.weight - torch.Size([512, 1024, 1, 1]): 
The value is the same before and after calling `init_weights` of SegRefinerSemantic  

denoise_model.output_blocks.0.0.skip_connection.bias - torch.Size([512]): 
The value is the same before and after calling `init_weights` of SegRefinerSemantic  

denoise_model.output_blocks.0.1.norm.weight - torch.Size([512]): 
The value is the same before and after calling `init_weights` of SegRefinerSemantic  

denoise_model.output_blocks.0.1.norm.bias - torch.Size([512]): 
The value is the same before and after calling `init_weights` of SegRefinerSemantic  

denoise_model.output_blocks.0.1.qkv.weight - torch.Size([1536, 512, 1]): 
The value is the same before and after calling `init_weights` of SegRefinerSemantic  

denoise_model.output_blocks.0.1.qkv.bias - torch.Size([1536]): 
The value is the same before and after calling `init_weights` of SegRefinerSemantic  

denoise_model.output_blocks.0.1.proj_out.weight - torch.Size([512, 512, 1]): 
The value is the same before and after calling `init_weights` of SegRefinerSemantic  

denoise_model.output_blocks.0.1.proj_out.bias - torch.Size([512]): 
The value is the same before and after calling `init_weights` of SegRefinerSemantic  

denoise_model.output_blocks.1.0.in_layers.0.weight - torch.Size([1024]): 
The value is the same before and after calling `init_weights` of SegRefinerSemantic  

denoise_model.output_blocks.1.0.in_layers.0.bias - torch.Size([1024]): 
The value is the same before and after calling `init_weights` of SegRefinerSemantic  

denoise_model.output_blocks.1.0.in_layers.2.weight - torch.Size([512, 1024, 3, 3]): 
The value is the same before and after calling `init_weights` of SegRefinerSemantic  

denoise_model.output_blocks.1.0.in_layers.2.bias - torch.Size([512]): 
The value is the same before and after calling `init_weights` of SegRefinerSemantic  

denoise_model.output_blocks.1.0.emb_layers.1.weight - torch.Size([512, 512]): 
The value is the same before and after calling `init_weights` of SegRefinerSemantic  

denoise_model.output_blocks.1.0.emb_layers.1.bias - torch.Size([512]): 
The value is the same before and after calling `init_weights` of SegRefinerSemantic  

denoise_model.output_blocks.1.0.out_layers.0.weight - torch.Size([512]): 
The value is the same before and after calling `init_weights` of SegRefinerSemantic  

denoise_model.output_blocks.1.0.out_layers.0.bias - torch.Size([512]): 
The value is the same before and after calling `init_weights` of SegRefinerSemantic  

denoise_model.output_blocks.1.0.out_layers.3.weight - torch.Size([512, 512, 3, 3]): 
The value is the same before and after calling `init_weights` of SegRefinerSemantic  

denoise_model.output_blocks.1.0.out_layers.3.bias - torch.Size([512]): 
The value is the same before and after calling `init_weights` of SegRefinerSemantic  

denoise_model.output_blocks.1.0.skip_connection.weight - torch.Size([512, 1024, 1, 1]): 
The value is the same before and after calling `init_weights` of SegRefinerSemantic  

denoise_model.output_blocks.1.0.skip_connection.bias - torch.Size([512]): 
The value is the same before and after calling `init_weights` of SegRefinerSemantic  

denoise_model.output_blocks.1.1.norm.weight - torch.Size([512]): 
The value is the same before and after calling `init_weights` of SegRefinerSemantic  

denoise_model.output_blocks.1.1.norm.bias - torch.Size([512]): 
The value is the same before and after calling `init_weights` of SegRefinerSemantic  

denoise_model.output_blocks.1.1.qkv.weight - torch.Size([1536, 512, 1]): 
The value is the same before and after calling `init_weights` of SegRefinerSemantic  

denoise_model.output_blocks.1.1.qkv.bias - torch.Size([1536]): 
The value is the same before and after calling `init_weights` of SegRefinerSemantic  

denoise_model.output_blocks.1.1.proj_out.weight - torch.Size([512, 512, 1]): 
The value is the same before and after calling `init_weights` of SegRefinerSemantic  

denoise_model.output_blocks.1.1.proj_out.bias - torch.Size([512]): 
The value is the same before and after calling `init_weights` of SegRefinerSemantic  

denoise_model.output_blocks.2.0.in_layers.0.weight - torch.Size([1024]): 
The value is the same before and after calling `init_weights` of SegRefinerSemantic  

denoise_model.output_blocks.2.0.in_layers.0.bias - torch.Size([1024]): 
The value is the same before and after calling `init_weights` of SegRefinerSemantic  

denoise_model.output_blocks.2.0.in_layers.2.weight - torch.Size([512, 1024, 3, 3]): 
The value is the same before and after calling `init_weights` of SegRefinerSemantic  

denoise_model.output_blocks.2.0.in_layers.2.bias - torch.Size([512]): 
The value is the same before and after calling `init_weights` of SegRefinerSemantic  

denoise_model.output_blocks.2.0.emb_layers.1.weight - torch.Size([512, 512]): 
The value is the same before and after calling `init_weights` of SegRefinerSemantic  

denoise_model.output_blocks.2.0.emb_layers.1.bias - torch.Size([512]): 
The value is the same before and after calling `init_weights` of SegRefinerSemantic  

denoise_model.output_blocks.2.0.out_layers.0.weight - torch.Size([512]): 
The value is the same before and after calling `init_weights` of SegRefinerSemantic  

denoise_model.output_blocks.2.0.out_layers.0.bias - torch.Size([512]): 
The value is the same before and after calling `init_weights` of SegRefinerSemantic  

denoise_model.output_blocks.2.0.out_layers.3.weight - torch.Size([512, 512, 3, 3]): 
The value is the same before and after calling `init_weights` of SegRefinerSemantic  

denoise_model.output_blocks.2.0.out_layers.3.bias - torch.Size([512]): 
The value is the same before and after calling `init_weights` of SegRefinerSemantic  

denoise_model.output_blocks.2.0.skip_connection.weight - torch.Size([512, 1024, 1, 1]): 
The value is the same before and after calling `init_weights` of SegRefinerSemantic  

denoise_model.output_blocks.2.0.skip_connection.bias - torch.Size([512]): 
The value is the same before and after calling `init_weights` of SegRefinerSemantic  

denoise_model.output_blocks.2.1.norm.weight - torch.Size([512]): 
The value is the same before and after calling `init_weights` of SegRefinerSemantic  

denoise_model.output_blocks.2.1.norm.bias - torch.Size([512]): 
The value is the same before and after calling `init_weights` of SegRefinerSemantic  

denoise_model.output_blocks.2.1.qkv.weight - torch.Size([1536, 512, 1]): 
The value is the same before and after calling `init_weights` of SegRefinerSemantic  

denoise_model.output_blocks.2.1.qkv.bias - torch.Size([1536]): 
The value is the same before and after calling `init_weights` of SegRefinerSemantic  

denoise_model.output_blocks.2.1.proj_out.weight - torch.Size([512, 512, 1]): 
The value is the same before and after calling `init_weights` of SegRefinerSemantic  

denoise_model.output_blocks.2.1.proj_out.bias - torch.Size([512]): 
The value is the same before and after calling `init_weights` of SegRefinerSemantic  

denoise_model.output_blocks.2.2.conv.weight - torch.Size([512, 512, 3, 3]): 
The value is the same before and after calling `init_weights` of SegRefinerSemantic  

denoise_model.output_blocks.2.2.conv.bias - torch.Size([512]): 
The value is the same before and after calling `init_weights` of SegRefinerSemantic  

denoise_model.output_blocks.3.0.in_layers.0.weight - torch.Size([1024]): 
The value is the same before and after calling `init_weights` of SegRefinerSemantic  

denoise_model.output_blocks.3.0.in_layers.0.bias - torch.Size([1024]): 
The value is the same before and after calling `init_weights` of SegRefinerSemantic  

denoise_model.output_blocks.3.0.in_layers.2.weight - torch.Size([512, 1024, 3, 3]): 
The value is the same before and after calling `init_weights` of SegRefinerSemantic  

denoise_model.output_blocks.3.0.in_layers.2.bias - torch.Size([512]): 
The value is the same before and after calling `init_weights` of SegRefinerSemantic  

denoise_model.output_blocks.3.0.emb_layers.1.weight - torch.Size([512, 512]): 
The value is the same before and after calling `init_weights` of SegRefinerSemantic  

denoise_model.output_blocks.3.0.emb_layers.1.bias - torch.Size([512]): 
The value is the same before and after calling `init_weights` of SegRefinerSemantic  

denoise_model.output_blocks.3.0.out_layers.0.weight - torch.Size([512]): 
The value is the same before and after calling `init_weights` of SegRefinerSemantic  

denoise_model.output_blocks.3.0.out_layers.0.bias - torch.Size([512]): 
The value is the same before and after calling `init_weights` of SegRefinerSemantic  

denoise_model.output_blocks.3.0.out_layers.3.weight - torch.Size([512, 512, 3, 3]): 
The value is the same before and after calling `init_weights` of SegRefinerSemantic  

denoise_model.output_blocks.3.0.out_layers.3.bias - torch.Size([512]): 
The value is the same before and after calling `init_weights` of SegRefinerSemantic  

denoise_model.output_blocks.3.0.skip_connection.weight - torch.Size([512, 1024, 1, 1]): 
The value is the same before and after calling `init_weights` of SegRefinerSemantic  

denoise_model.output_blocks.3.0.skip_connection.bias - torch.Size([512]): 
The value is the same before and after calling `init_weights` of SegRefinerSemantic  

denoise_model.output_blocks.3.1.norm.weight - torch.Size([512]): 
The value is the same before and after calling `init_weights` of SegRefinerSemantic  

denoise_model.output_blocks.3.1.norm.bias - torch.Size([512]): 
The value is the same before and after calling `init_weights` of SegRefinerSemantic  

denoise_model.output_blocks.3.1.qkv.weight - torch.Size([1536, 512, 1]): 
The value is the same before and after calling `init_weights` of SegRefinerSemantic  

denoise_model.output_blocks.3.1.qkv.bias - torch.Size([1536]): 
The value is the same before and after calling `init_weights` of SegRefinerSemantic  

denoise_model.output_blocks.3.1.proj_out.weight - torch.Size([512, 512, 1]): 
The value is the same before and after calling `init_weights` of SegRefinerSemantic  

denoise_model.output_blocks.3.1.proj_out.bias - torch.Size([512]): 
The value is the same before and after calling `init_weights` of SegRefinerSemantic  

denoise_model.output_blocks.4.0.in_layers.0.weight - torch.Size([1024]): 
The value is the same before and after calling `init_weights` of SegRefinerSemantic  

denoise_model.output_blocks.4.0.in_layers.0.bias - torch.Size([1024]): 
The value is the same before and after calling `init_weights` of SegRefinerSemantic  

denoise_model.output_blocks.4.0.in_layers.2.weight - torch.Size([512, 1024, 3, 3]): 
The value is the same before and after calling `init_weights` of SegRefinerSemantic  

denoise_model.output_blocks.4.0.in_layers.2.bias - torch.Size([512]): 
The value is the same before and after calling `init_weights` of SegRefinerSemantic  

denoise_model.output_blocks.4.0.emb_layers.1.weight - torch.Size([512, 512]): 
The value is the same before and after calling `init_weights` of SegRefinerSemantic  

denoise_model.output_blocks.4.0.emb_layers.1.bias - torch.Size([512]): 
The value is the same before and after calling `init_weights` of SegRefinerSemantic  

denoise_model.output_blocks.4.0.out_layers.0.weight - torch.Size([512]): 
The value is the same before and after calling `init_weights` of SegRefinerSemantic  

denoise_model.output_blocks.4.0.out_layers.0.bias - torch.Size([512]): 
The value is the same before and after calling `init_weights` of SegRefinerSemantic  

denoise_model.output_blocks.4.0.out_layers.3.weight - torch.Size([512, 512, 3, 3]): 
The value is the same before and after calling `init_weights` of SegRefinerSemantic  

denoise_model.output_blocks.4.0.out_layers.3.bias - torch.Size([512]): 
The value is the same before and after calling `init_weights` of SegRefinerSemantic  

denoise_model.output_blocks.4.0.skip_connection.weight - torch.Size([512, 1024, 1, 1]): 
The value is the same before and after calling `init_weights` of SegRefinerSemantic  

denoise_model.output_blocks.4.0.skip_connection.bias - torch.Size([512]): 
The value is the same before and after calling `init_weights` of SegRefinerSemantic  

denoise_model.output_blocks.4.1.norm.weight - torch.Size([512]): 
The value is the same before and after calling `init_weights` of SegRefinerSemantic  

denoise_model.output_blocks.4.1.norm.bias - torch.Size([512]): 
The value is the same before and after calling `init_weights` of SegRefinerSemantic  

denoise_model.output_blocks.4.1.qkv.weight - torch.Size([1536, 512, 1]): 
The value is the same before and after calling `init_weights` of SegRefinerSemantic  

denoise_model.output_blocks.4.1.qkv.bias - torch.Size([1536]): 
The value is the same before and after calling `init_weights` of SegRefinerSemantic  

denoise_model.output_blocks.4.1.proj_out.weight - torch.Size([512, 512, 1]): 
The value is the same before and after calling `init_weights` of SegRefinerSemantic  

denoise_model.output_blocks.4.1.proj_out.bias - torch.Size([512]): 
The value is the same before and after calling `init_weights` of SegRefinerSemantic  

denoise_model.output_blocks.5.0.in_layers.0.weight - torch.Size([768]): 
The value is the same before and after calling `init_weights` of SegRefinerSemantic  

denoise_model.output_blocks.5.0.in_layers.0.bias - torch.Size([768]): 
The value is the same before and after calling `init_weights` of SegRefinerSemantic  

denoise_model.output_blocks.5.0.in_layers.2.weight - torch.Size([512, 768, 3, 3]): 
The value is the same before and after calling `init_weights` of SegRefinerSemantic  

denoise_model.output_blocks.5.0.in_layers.2.bias - torch.Size([512]): 
The value is the same before and after calling `init_weights` of SegRefinerSemantic  

denoise_model.output_blocks.5.0.emb_layers.1.weight - torch.Size([512, 512]): 
The value is the same before and after calling `init_weights` of SegRefinerSemantic  

denoise_model.output_blocks.5.0.emb_layers.1.bias - torch.Size([512]): 
The value is the same before and after calling `init_weights` of SegRefinerSemantic  

denoise_model.output_blocks.5.0.out_layers.0.weight - torch.Size([512]): 
The value is the same before and after calling `init_weights` of SegRefinerSemantic  

denoise_model.output_blocks.5.0.out_layers.0.bias - torch.Size([512]): 
The value is the same before and after calling `init_weights` of SegRefinerSemantic  

denoise_model.output_blocks.5.0.out_layers.3.weight - torch.Size([512, 512, 3, 3]): 
The value is the same before and after calling `init_weights` of SegRefinerSemantic  

denoise_model.output_blocks.5.0.out_layers.3.bias - torch.Size([512]): 
The value is the same before and after calling `init_weights` of SegRefinerSemantic  

denoise_model.output_blocks.5.0.skip_connection.weight - torch.Size([512, 768, 1, 1]): 
The value is the same before and after calling `init_weights` of SegRefinerSemantic  

denoise_model.output_blocks.5.0.skip_connection.bias - torch.Size([512]): 
The value is the same before and after calling `init_weights` of SegRefinerSemantic  

denoise_model.output_blocks.5.1.norm.weight - torch.Size([512]): 
The value is the same before and after calling `init_weights` of SegRefinerSemantic  

denoise_model.output_blocks.5.1.norm.bias - torch.Size([512]): 
The value is the same before and after calling `init_weights` of SegRefinerSemantic  

denoise_model.output_blocks.5.1.qkv.weight - torch.Size([1536, 512, 1]): 
The value is the same before and after calling `init_weights` of SegRefinerSemantic  

denoise_model.output_blocks.5.1.qkv.bias - torch.Size([1536]): 
The value is the same before and after calling `init_weights` of SegRefinerSemantic  

denoise_model.output_blocks.5.1.proj_out.weight - torch.Size([512, 512, 1]): 
The value is the same before and after calling `init_weights` of SegRefinerSemantic  

denoise_model.output_blocks.5.1.proj_out.bias - torch.Size([512]): 
The value is the same before and after calling `init_weights` of SegRefinerSemantic  

denoise_model.output_blocks.5.2.conv.weight - torch.Size([512, 512, 3, 3]): 
The value is the same before and after calling `init_weights` of SegRefinerSemantic  

denoise_model.output_blocks.5.2.conv.bias - torch.Size([512]): 
The value is the same before and after calling `init_weights` of SegRefinerSemantic  

denoise_model.output_blocks.6.0.in_layers.0.weight - torch.Size([768]): 
The value is the same before and after calling `init_weights` of SegRefinerSemantic  

denoise_model.output_blocks.6.0.in_layers.0.bias - torch.Size([768]): 
The value is the same before and after calling `init_weights` of SegRefinerSemantic  

denoise_model.output_blocks.6.0.in_layers.2.weight - torch.Size([256, 768, 3, 3]): 
The value is the same before and after calling `init_weights` of SegRefinerSemantic  

denoise_model.output_blocks.6.0.in_layers.2.bias - torch.Size([256]): 
The value is the same before and after calling `init_weights` of SegRefinerSemantic  

denoise_model.output_blocks.6.0.emb_layers.1.weight - torch.Size([256, 512]): 
The value is the same before and after calling `init_weights` of SegRefinerSemantic  

denoise_model.output_blocks.6.0.emb_layers.1.bias - torch.Size([256]): 
The value is the same before and after calling `init_weights` of SegRefinerSemantic  

denoise_model.output_blocks.6.0.out_layers.0.weight - torch.Size([256]): 
The value is the same before and after calling `init_weights` of SegRefinerSemantic  

denoise_model.output_blocks.6.0.out_layers.0.bias - torch.Size([256]): 
The value is the same before and after calling `init_weights` of SegRefinerSemantic  

denoise_model.output_blocks.6.0.out_layers.3.weight - torch.Size([256, 256, 3, 3]): 
The value is the same before and after calling `init_weights` of SegRefinerSemantic  

denoise_model.output_blocks.6.0.out_layers.3.bias - torch.Size([256]): 
The value is the same before and after calling `init_weights` of SegRefinerSemantic  

denoise_model.output_blocks.6.0.skip_connection.weight - torch.Size([256, 768, 1, 1]): 
The value is the same before and after calling `init_weights` of SegRefinerSemantic  

denoise_model.output_blocks.6.0.skip_connection.bias - torch.Size([256]): 
The value is the same before and after calling `init_weights` of SegRefinerSemantic  

denoise_model.output_blocks.7.0.in_layers.0.weight - torch.Size([512]): 
The value is the same before and after calling `init_weights` of SegRefinerSemantic  

denoise_model.output_blocks.7.0.in_layers.0.bias - torch.Size([512]): 
The value is the same before and after calling `init_weights` of SegRefinerSemantic  

denoise_model.output_blocks.7.0.in_layers.2.weight - torch.Size([256, 512, 3, 3]): 
The value is the same before and after calling `init_weights` of SegRefinerSemantic  

denoise_model.output_blocks.7.0.in_layers.2.bias - torch.Size([256]): 
The value is the same before and after calling `init_weights` of SegRefinerSemantic  

denoise_model.output_blocks.7.0.emb_layers.1.weight - torch.Size([256, 512]): 
The value is the same before and after calling `init_weights` of SegRefinerSemantic  

denoise_model.output_blocks.7.0.emb_layers.1.bias - torch.Size([256]): 
The value is the same before and after calling `init_weights` of SegRefinerSemantic  

denoise_model.output_blocks.7.0.out_layers.0.weight - torch.Size([256]): 
The value is the same before and after calling `init_weights` of SegRefinerSemantic  

denoise_model.output_blocks.7.0.out_layers.0.bias - torch.Size([256]): 
The value is the same before and after calling `init_weights` of SegRefinerSemantic  

denoise_model.output_blocks.7.0.out_layers.3.weight - torch.Size([256, 256, 3, 3]): 
The value is the same before and after calling `init_weights` of SegRefinerSemantic  

denoise_model.output_blocks.7.0.out_layers.3.bias - torch.Size([256]): 
The value is the same before and after calling `init_weights` of SegRefinerSemantic  

denoise_model.output_blocks.7.0.skip_connection.weight - torch.Size([256, 512, 1, 1]): 
The value is the same before and after calling `init_weights` of SegRefinerSemantic  

denoise_model.output_blocks.7.0.skip_connection.bias - torch.Size([256]): 
The value is the same before and after calling `init_weights` of SegRefinerSemantic  

denoise_model.output_blocks.8.0.in_layers.0.weight - torch.Size([512]): 
The value is the same before and after calling `init_weights` of SegRefinerSemantic  

denoise_model.output_blocks.8.0.in_layers.0.bias - torch.Size([512]): 
The value is the same before and after calling `init_weights` of SegRefinerSemantic  

denoise_model.output_blocks.8.0.in_layers.2.weight - torch.Size([256, 512, 3, 3]): 
The value is the same before and after calling `init_weights` of SegRefinerSemantic  

denoise_model.output_blocks.8.0.in_layers.2.bias - torch.Size([256]): 
The value is the same before and after calling `init_weights` of SegRefinerSemantic  

denoise_model.output_blocks.8.0.emb_layers.1.weight - torch.Size([256, 512]): 
The value is the same before and after calling `init_weights` of SegRefinerSemantic  

denoise_model.output_blocks.8.0.emb_layers.1.bias - torch.Size([256]): 
The value is the same before and after calling `init_weights` of SegRefinerSemantic  

denoise_model.output_blocks.8.0.out_layers.0.weight - torch.Size([256]): 
The value is the same before and after calling `init_weights` of SegRefinerSemantic  

denoise_model.output_blocks.8.0.out_layers.0.bias - torch.Size([256]): 
The value is the same before and after calling `init_weights` of SegRefinerSemantic  

denoise_model.output_blocks.8.0.out_layers.3.weight - torch.Size([256, 256, 3, 3]): 
The value is the same before and after calling `init_weights` of SegRefinerSemantic  

denoise_model.output_blocks.8.0.out_layers.3.bias - torch.Size([256]): 
The value is the same before and after calling `init_weights` of SegRefinerSemantic  

denoise_model.output_blocks.8.0.skip_connection.weight - torch.Size([256, 512, 1, 1]): 
The value is the same before and after calling `init_weights` of SegRefinerSemantic  

denoise_model.output_blocks.8.0.skip_connection.bias - torch.Size([256]): 
The value is the same before and after calling `init_weights` of SegRefinerSemantic  

denoise_model.output_blocks.8.1.conv.weight - torch.Size([256, 256, 3, 3]): 
The value is the same before and after calling `init_weights` of SegRefinerSemantic  

denoise_model.output_blocks.8.1.conv.bias - torch.Size([256]): 
The value is the same before and after calling `init_weights` of SegRefinerSemantic  

denoise_model.output_blocks.9.0.in_layers.0.weight - torch.Size([512]): 
The value is the same before and after calling `init_weights` of SegRefinerSemantic  

denoise_model.output_blocks.9.0.in_layers.0.bias - torch.Size([512]): 
The value is the same before and after calling `init_weights` of SegRefinerSemantic  

denoise_model.output_blocks.9.0.in_layers.2.weight - torch.Size([256, 512, 3, 3]): 
The value is the same before and after calling `init_weights` of SegRefinerSemantic  

denoise_model.output_blocks.9.0.in_layers.2.bias - torch.Size([256]): 
The value is the same before and after calling `init_weights` of SegRefinerSemantic  

denoise_model.output_blocks.9.0.emb_layers.1.weight - torch.Size([256, 512]): 
The value is the same before and after calling `init_weights` of SegRefinerSemantic  

denoise_model.output_blocks.9.0.emb_layers.1.bias - torch.Size([256]): 
The value is the same before and after calling `init_weights` of SegRefinerSemantic  

denoise_model.output_blocks.9.0.out_layers.0.weight - torch.Size([256]): 
The value is the same before and after calling `init_weights` of SegRefinerSemantic  

denoise_model.output_blocks.9.0.out_layers.0.bias - torch.Size([256]): 
The value is the same before and after calling `init_weights` of SegRefinerSemantic  

denoise_model.output_blocks.9.0.out_layers.3.weight - torch.Size([256, 256, 3, 3]): 
The value is the same before and after calling `init_weights` of SegRefinerSemantic  

denoise_model.output_blocks.9.0.out_layers.3.bias - torch.Size([256]): 
The value is the same before and after calling `init_weights` of SegRefinerSemantic  

denoise_model.output_blocks.9.0.skip_connection.weight - torch.Size([256, 512, 1, 1]): 
The value is the same before and after calling `init_weights` of SegRefinerSemantic  

denoise_model.output_blocks.9.0.skip_connection.bias - torch.Size([256]): 
The value is the same before and after calling `init_weights` of SegRefinerSemantic  

denoise_model.output_blocks.10.0.in_layers.0.weight - torch.Size([512]): 
The value is the same before and after calling `init_weights` of SegRefinerSemantic  

denoise_model.output_blocks.10.0.in_layers.0.bias - torch.Size([512]): 
The value is the same before and after calling `init_weights` of SegRefinerSemantic  

denoise_model.output_blocks.10.0.in_layers.2.weight - torch.Size([256, 512, 3, 3]): 
The value is the same before and after calling `init_weights` of SegRefinerSemantic  

denoise_model.output_blocks.10.0.in_layers.2.bias - torch.Size([256]): 
The value is the same before and after calling `init_weights` of SegRefinerSemantic  

denoise_model.output_blocks.10.0.emb_layers.1.weight - torch.Size([256, 512]): 
The value is the same before and after calling `init_weights` of SegRefinerSemantic  

denoise_model.output_blocks.10.0.emb_layers.1.bias - torch.Size([256]): 
The value is the same before and after calling `init_weights` of SegRefinerSemantic  

denoise_model.output_blocks.10.0.out_layers.0.weight - torch.Size([256]): 
The value is the same before and after calling `init_weights` of SegRefinerSemantic  

denoise_model.output_blocks.10.0.out_layers.0.bias - torch.Size([256]): 
The value is the same before and after calling `init_weights` of SegRefinerSemantic  

denoise_model.output_blocks.10.0.out_layers.3.weight - torch.Size([256, 256, 3, 3]): 
The value is the same before and after calling `init_weights` of SegRefinerSemantic  

denoise_model.output_blocks.10.0.out_layers.3.bias - torch.Size([256]): 
The value is the same before and after calling `init_weights` of SegRefinerSemantic  

denoise_model.output_blocks.10.0.skip_connection.weight - torch.Size([256, 512, 1, 1]): 
The value is the same before and after calling `init_weights` of SegRefinerSemantic  

denoise_model.output_blocks.10.0.skip_connection.bias - torch.Size([256]): 
The value is the same before and after calling `init_weights` of SegRefinerSemantic  

denoise_model.output_blocks.11.0.in_layers.0.weight - torch.Size([384]): 
The value is the same before and after calling `init_weights` of SegRefinerSemantic  

denoise_model.output_blocks.11.0.in_layers.0.bias - torch.Size([384]): 
The value is the same before and after calling `init_weights` of SegRefinerSemantic  

denoise_model.output_blocks.11.0.in_layers.2.weight - torch.Size([256, 384, 3, 3]): 
The value is the same before and after calling `init_weights` of SegRefinerSemantic  

denoise_model.output_blocks.11.0.in_layers.2.bias - torch.Size([256]): 
The value is the same before and after calling `init_weights` of SegRefinerSemantic  

denoise_model.output_blocks.11.0.emb_layers.1.weight - torch.Size([256, 512]): 
The value is the same before and after calling `init_weights` of SegRefinerSemantic  

denoise_model.output_blocks.11.0.emb_layers.1.bias - torch.Size([256]): 
The value is the same before and after calling `init_weights` of SegRefinerSemantic  

denoise_model.output_blocks.11.0.out_layers.0.weight - torch.Size([256]): 
The value is the same before and after calling `init_weights` of SegRefinerSemantic  

denoise_model.output_blocks.11.0.out_layers.0.bias - torch.Size([256]): 
The value is the same before and after calling `init_weights` of SegRefinerSemantic  

denoise_model.output_blocks.11.0.out_layers.3.weight - torch.Size([256, 256, 3, 3]): 
The value is the same before and after calling `init_weights` of SegRefinerSemantic  

denoise_model.output_blocks.11.0.out_layers.3.bias - torch.Size([256]): 
The value is the same before and after calling `init_weights` of SegRefinerSemantic  

denoise_model.output_blocks.11.0.skip_connection.weight - torch.Size([256, 384, 1, 1]): 
The value is the same before and after calling `init_weights` of SegRefinerSemantic  

denoise_model.output_blocks.11.0.skip_connection.bias - torch.Size([256]): 
The value is the same before and after calling `init_weights` of SegRefinerSemantic  

denoise_model.output_blocks.11.1.conv.weight - torch.Size([256, 256, 3, 3]): 
The value is the same before and after calling `init_weights` of SegRefinerSemantic  

denoise_model.output_blocks.11.1.conv.bias - torch.Size([256]): 
The value is the same before and after calling `init_weights` of SegRefinerSemantic  

denoise_model.output_blocks.12.0.in_layers.0.weight - torch.Size([384]): 
The value is the same before and after calling `init_weights` of SegRefinerSemantic  

denoise_model.output_blocks.12.0.in_layers.0.bias - torch.Size([384]): 
The value is the same before and after calling `init_weights` of SegRefinerSemantic  

denoise_model.output_blocks.12.0.in_layers.2.weight - torch.Size([128, 384, 3, 3]): 
The value is the same before and after calling `init_weights` of SegRefinerSemantic  

denoise_model.output_blocks.12.0.in_layers.2.bias - torch.Size([128]): 
The value is the same before and after calling `init_weights` of SegRefinerSemantic  

denoise_model.output_blocks.12.0.emb_layers.1.weight - torch.Size([128, 512]): 
The value is the same before and after calling `init_weights` of SegRefinerSemantic  

denoise_model.output_blocks.12.0.emb_layers.1.bias - torch.Size([128]): 
The value is the same before and after calling `init_weights` of SegRefinerSemantic  

denoise_model.output_blocks.12.0.out_layers.0.weight - torch.Size([128]): 
The value is the same before and after calling `init_weights` of SegRefinerSemantic  

denoise_model.output_blocks.12.0.out_layers.0.bias - torch.Size([128]): 
The value is the same before and after calling `init_weights` of SegRefinerSemantic  

denoise_model.output_blocks.12.0.out_layers.3.weight - torch.Size([128, 128, 3, 3]): 
The value is the same before and after calling `init_weights` of SegRefinerSemantic  

denoise_model.output_blocks.12.0.out_layers.3.bias - torch.Size([128]): 
The value is the same before and after calling `init_weights` of SegRefinerSemantic  

denoise_model.output_blocks.12.0.skip_connection.weight - torch.Size([128, 384, 1, 1]): 
The value is the same before and after calling `init_weights` of SegRefinerSemantic  

denoise_model.output_blocks.12.0.skip_connection.bias - torch.Size([128]): 
The value is the same before and after calling `init_weights` of SegRefinerSemantic  

denoise_model.output_blocks.13.0.in_layers.0.weight - torch.Size([256]): 
The value is the same before and after calling `init_weights` of SegRefinerSemantic  

denoise_model.output_blocks.13.0.in_layers.0.bias - torch.Size([256]): 
The value is the same before and after calling `init_weights` of SegRefinerSemantic  

denoise_model.output_blocks.13.0.in_layers.2.weight - torch.Size([128, 256, 3, 3]): 
The value is the same before and after calling `init_weights` of SegRefinerSemantic  

denoise_model.output_blocks.13.0.in_layers.2.bias - torch.Size([128]): 
The value is the same before and after calling `init_weights` of SegRefinerSemantic  

denoise_model.output_blocks.13.0.emb_layers.1.weight - torch.Size([128, 512]): 
The value is the same before and after calling `init_weights` of SegRefinerSemantic  

denoise_model.output_blocks.13.0.emb_layers.1.bias - torch.Size([128]): 
The value is the same before and after calling `init_weights` of SegRefinerSemantic  

denoise_model.output_blocks.13.0.out_layers.0.weight - torch.Size([128]): 
The value is the same before and after calling `init_weights` of SegRefinerSemantic  

denoise_model.output_blocks.13.0.out_layers.0.bias - torch.Size([128]): 
The value is the same before and after calling `init_weights` of SegRefinerSemantic  

denoise_model.output_blocks.13.0.out_layers.3.weight - torch.Size([128, 128, 3, 3]): 
The value is the same before and after calling `init_weights` of SegRefinerSemantic  

denoise_model.output_blocks.13.0.out_layers.3.bias - torch.Size([128]): 
The value is the same before and after calling `init_weights` of SegRefinerSemantic  

denoise_model.output_blocks.13.0.skip_connection.weight - torch.Size([128, 256, 1, 1]): 
The value is the same before and after calling `init_weights` of SegRefinerSemantic  

denoise_model.output_blocks.13.0.skip_connection.bias - torch.Size([128]): 
The value is the same before and after calling `init_weights` of SegRefinerSemantic  

denoise_model.output_blocks.14.0.in_layers.0.weight - torch.Size([256]): 
The value is the same before and after calling `init_weights` of SegRefinerSemantic  

denoise_model.output_blocks.14.0.in_layers.0.bias - torch.Size([256]): 
The value is the same before and after calling `init_weights` of SegRefinerSemantic  

denoise_model.output_blocks.14.0.in_layers.2.weight - torch.Size([128, 256, 3, 3]): 
The value is the same before and after calling `init_weights` of SegRefinerSemantic  

denoise_model.output_blocks.14.0.in_layers.2.bias - torch.Size([128]): 
The value is the same before and after calling `init_weights` of SegRefinerSemantic  

denoise_model.output_blocks.14.0.emb_layers.1.weight - torch.Size([128, 512]): 
The value is the same before and after calling `init_weights` of SegRefinerSemantic  

denoise_model.output_blocks.14.0.emb_layers.1.bias - torch.Size([128]): 
The value is the same before and after calling `init_weights` of SegRefinerSemantic  

denoise_model.output_blocks.14.0.out_layers.0.weight - torch.Size([128]): 
The value is the same before and after calling `init_weights` of SegRefinerSemantic  

denoise_model.output_blocks.14.0.out_layers.0.bias - torch.Size([128]): 
The value is the same before and after calling `init_weights` of SegRefinerSemantic  

denoise_model.output_blocks.14.0.out_layers.3.weight - torch.Size([128, 128, 3, 3]): 
The value is the same before and after calling `init_weights` of SegRefinerSemantic  

denoise_model.output_blocks.14.0.out_layers.3.bias - torch.Size([128]): 
The value is the same before and after calling `init_weights` of SegRefinerSemantic  

denoise_model.output_blocks.14.0.skip_connection.weight - torch.Size([128, 256, 1, 1]): 
The value is the same before and after calling `init_weights` of SegRefinerSemantic  

denoise_model.output_blocks.14.0.skip_connection.bias - torch.Size([128]): 
The value is the same before and after calling `init_weights` of SegRefinerSemantic  

denoise_model.output_blocks.14.1.conv.weight - torch.Size([128, 128, 3, 3]): 
The value is the same before and after calling `init_weights` of SegRefinerSemantic  

denoise_model.output_blocks.14.1.conv.bias - torch.Size([128]): 
The value is the same before and after calling `init_weights` of SegRefinerSemantic  

denoise_model.output_blocks.15.0.in_layers.0.weight - torch.Size([256]): 
The value is the same before and after calling `init_weights` of SegRefinerSemantic  

denoise_model.output_blocks.15.0.in_layers.0.bias - torch.Size([256]): 
The value is the same before and after calling `init_weights` of SegRefinerSemantic  

denoise_model.output_blocks.15.0.in_layers.2.weight - torch.Size([128, 256, 3, 3]): 
The value is the same before and after calling `init_weights` of SegRefinerSemantic  

denoise_model.output_blocks.15.0.in_layers.2.bias - torch.Size([128]): 
The value is the same before and after calling `init_weights` of SegRefinerSemantic  

denoise_model.output_blocks.15.0.emb_layers.1.weight - torch.Size([128, 512]): 
The value is the same before and after calling `init_weights` of SegRefinerSemantic  

denoise_model.output_blocks.15.0.emb_layers.1.bias - torch.Size([128]): 
The value is the same before and after calling `init_weights` of SegRefinerSemantic  

denoise_model.output_blocks.15.0.out_layers.0.weight - torch.Size([128]): 
The value is the same before and after calling `init_weights` of SegRefinerSemantic  

denoise_model.output_blocks.15.0.out_layers.0.bias - torch.Size([128]): 
The value is the same before and after calling `init_weights` of SegRefinerSemantic  

denoise_model.output_blocks.15.0.out_layers.3.weight - torch.Size([128, 128, 3, 3]): 
The value is the same before and after calling `init_weights` of SegRefinerSemantic  

denoise_model.output_blocks.15.0.out_layers.3.bias - torch.Size([128]): 
The value is the same before and after calling `init_weights` of SegRefinerSemantic  

denoise_model.output_blocks.15.0.skip_connection.weight - torch.Size([128, 256, 1, 1]): 
The value is the same before and after calling `init_weights` of SegRefinerSemantic  

denoise_model.output_blocks.15.0.skip_connection.bias - torch.Size([128]): 
The value is the same before and after calling `init_weights` of SegRefinerSemantic  

denoise_model.output_blocks.16.0.in_layers.0.weight - torch.Size([256]): 
The value is the same before and after calling `init_weights` of SegRefinerSemantic  

denoise_model.output_blocks.16.0.in_layers.0.bias - torch.Size([256]): 
The value is the same before and after calling `init_weights` of SegRefinerSemantic  

denoise_model.output_blocks.16.0.in_layers.2.weight - torch.Size([128, 256, 3, 3]): 
The value is the same before and after calling `init_weights` of SegRefinerSemantic  

denoise_model.output_blocks.16.0.in_layers.2.bias - torch.Size([128]): 
The value is the same before and after calling `init_weights` of SegRefinerSemantic  

denoise_model.output_blocks.16.0.emb_layers.1.weight - torch.Size([128, 512]): 
The value is the same before and after calling `init_weights` of SegRefinerSemantic  

denoise_model.output_blocks.16.0.emb_layers.1.bias - torch.Size([128]): 
The value is the same before and after calling `init_weights` of SegRefinerSemantic  

denoise_model.output_blocks.16.0.out_layers.0.weight - torch.Size([128]): 
The value is the same before and after calling `init_weights` of SegRefinerSemantic  

denoise_model.output_blocks.16.0.out_layers.0.bias - torch.Size([128]): 
The value is the same before and after calling `init_weights` of SegRefinerSemantic  

denoise_model.output_blocks.16.0.out_layers.3.weight - torch.Size([128, 128, 3, 3]): 
The value is the same before and after calling `init_weights` of SegRefinerSemantic  

denoise_model.output_blocks.16.0.out_layers.3.bias - torch.Size([128]): 
The value is the same before and after calling `init_weights` of SegRefinerSemantic  

denoise_model.output_blocks.16.0.skip_connection.weight - torch.Size([128, 256, 1, 1]): 
The value is the same before and after calling `init_weights` of SegRefinerSemantic  

denoise_model.output_blocks.16.0.skip_connection.bias - torch.Size([128]): 
The value is the same before and after calling `init_weights` of SegRefinerSemantic  

denoise_model.output_blocks.17.0.in_layers.0.weight - torch.Size([256]): 
The value is the same before and after calling `init_weights` of SegRefinerSemantic  

denoise_model.output_blocks.17.0.in_layers.0.bias - torch.Size([256]): 
The value is the same before and after calling `init_weights` of SegRefinerSemantic  

denoise_model.output_blocks.17.0.in_layers.2.weight - torch.Size([128, 256, 3, 3]): 
The value is the same before and after calling `init_weights` of SegRefinerSemantic  

denoise_model.output_blocks.17.0.in_layers.2.bias - torch.Size([128]): 
The value is the same before and after calling `init_weights` of SegRefinerSemantic  

denoise_model.output_blocks.17.0.emb_layers.1.weight - torch.Size([128, 512]): 
The value is the same before and after calling `init_weights` of SegRefinerSemantic  

denoise_model.output_blocks.17.0.emb_layers.1.bias - torch.Size([128]): 
The value is the same before and after calling `init_weights` of SegRefinerSemantic  

denoise_model.output_blocks.17.0.out_layers.0.weight - torch.Size([128]): 
The value is the same before and after calling `init_weights` of SegRefinerSemantic  

denoise_model.output_blocks.17.0.out_layers.0.bias - torch.Size([128]): 
The value is the same before and after calling `init_weights` of SegRefinerSemantic  

denoise_model.output_blocks.17.0.out_layers.3.weight - torch.Size([128, 128, 3, 3]): 
The value is the same before and after calling `init_weights` of SegRefinerSemantic  

denoise_model.output_blocks.17.0.out_layers.3.bias - torch.Size([128]): 
The value is the same before and after calling `init_weights` of SegRefinerSemantic  

denoise_model.output_blocks.17.0.skip_connection.weight - torch.Size([128, 256, 1, 1]): 
The value is the same before and after calling `init_weights` of SegRefinerSemantic  

denoise_model.output_blocks.17.0.skip_connection.bias - torch.Size([128]): 
The value is the same before and after calling `init_weights` of SegRefinerSemantic  

denoise_model.out.0.weight - torch.Size([128]): 
The value is the same before and after calling `init_weights` of SegRefinerSemantic  

denoise_model.out.0.bias - torch.Size([128]): 
The value is the same before and after calling `init_weights` of SegRefinerSemantic  

denoise_model.out.2.weight - torch.Size([1, 128, 3, 3]): 
The value is the same before and after calling `init_weights` of SegRefinerSemantic  

denoise_model.out.2.bias - torch.Size([1]): 
The value is the same before and after calling `init_weights` of SegRefinerSemantic  

loss_texture.sobel.conv_x.weight - torch.Size([1, 1, 3, 3]): 
The value is the same before and after calling `init_weights` of SegRefinerSemantic  

loss_texture.sobel.conv_y.weight - torch.Size([1, 1, 3, 3]): 
The value is the same before and after calling `init_weights` of SegRefinerSemantic  
2026-05-02 17:33:57,282 - mmdet - INFO - Automatic scaling of learning rate (LR) has been disabled.
2026-05-02 17:33:57,286 - mmdet - INFO - Start running, host: ubuntu@ip-172-31-22-110, work_dir: /home/ubuntu/vy/Denoiser/SegRefiner/work_dirs/exp8_all
2026-05-02 17:33:57,286 - mmdet - INFO - Hooks will be executed in the following order:
before_run:
(VERY_HIGH   ) StepLrUpdaterHook                  
(NORMAL      ) CheckpointHook                     
(VERY_LOW    ) TextLoggerHook                     
 -------------------- 
before_train_epoch:
(VERY_HIGH   ) StepLrUpdaterHook                  
(LOW         ) IterTimerHook                      
(VERY_LOW    ) TextLoggerHook                     
 -------------------- 
before_train_iter:
(VERY_HIGH   ) StepLrUpdaterHook                  
(LOW         ) IterTimerHook                      
 -------------------- 
after_train_iter:
(ABOVE_NORMAL) OptimizerHook                      
(NORMAL      ) CheckpointHook                     
(LOW         ) IterTimerHook                      
(LOW         ) OEMBuildingEvalHook                
(VERY_LOW    ) TextLoggerHook                     
 -------------------- 
after_train_epoch:
(NORMAL      ) CheckpointHook                     
(VERY_LOW    ) TextLoggerHook                     
 -------------------- 
before_val_epoch:
(LOW         ) IterTimerHook                      
(VERY_LOW    ) TextLoggerHook                     
 -------------------- 
before_val_iter:
(LOW         ) IterTimerHook                      
 -------------------- 
after_val_iter:
(LOW         ) IterTimerHook                      
 -------------------- 
after_val_epoch:
(VERY_LOW    ) TextLoggerHook                     
 -------------------- 
after_run:
(VERY_LOW    ) TextLoggerHook                     
 -------------------- 
2026-05-02 17:33:57,287 - mmdet - INFO - workflow: [('train', 1)], max: 120000 iters
2026-05-02 17:33:57,287 - mmdet - INFO - Checkpoints will be saved to /home/ubuntu/vy/Denoiser/SegRefiner/work_dirs/exp8_all by HardDiskBackend.
2026-05-02 17:34:34,976 - mmdet - INFO - Iter [25/120000]	lr: 4.895e-06, eta: 1 day, 15:07:26, time: 1.174, data_time: 0.071, memory: 37111, loss_mask: 1.1805, loss_texture: 0.1305, iou: 0.1073, loss: 1.3111
2026-05-02 17:35:02,422 - mmdet - INFO - Iter [50/120000]	lr: 9.890e-06, eta: 1 day, 13:50:52, time: 1.098, data_time: 0.012, memory: 37111, loss_mask: 0.8991, loss_texture: 0.1083, iou: 0.1158, loss: 1.0074
2026-05-02 17:35:30,017 - mmdet - INFO - Iter [75/120000]	lr: 1.489e-05, eta: 1 day, 13:29:00, time: 1.104, data_time: 0.012, memory: 37111, loss_mask: 0.7248, loss_texture: 0.0946, iou: 0.1797, loss: 0.8195
2026-05-02 17:35:57,881 - mmdet - INFO - Iter [100/120000]	lr: 1.988e-05, eta: 1 day, 13:23:13, time: 1.115, data_time: 0.012, memory: 37111, loss_mask: 0.6046, loss_texture: 0.0946, iou: 0.3039, loss: 0.6992
2026-05-02 17:36:25,735 - mmdet - INFO - Iter [125/120000]	lr: 2.488e-05, eta: 1 day, 13:19:23, time: 1.114, data_time: 0.012, memory: 37111, loss_mask: 0.5244, loss_texture: 0.0917, iou: 0.3926, loss: 0.6161
2026-05-02 17:36:53,389 - mmdet - INFO - Iter [150/120000]	lr: 2.987e-05, eta: 1 day, 13:14:01, time: 1.106, data_time: 0.013, memory: 37111, loss_mask: 0.4702, loss_texture: 0.0863, iou: 0.4257, loss: 0.5565
2026-05-02 17:37:21,091 - mmdet - INFO - Iter [175/120000]	lr: 3.487e-05, eta: 1 day, 13:10:36, time: 1.108, data_time: 0.013, memory: 37111, loss_mask: 0.4386, loss_texture: 0.0865, iou: 0.4666, loss: 0.5250
2026-05-02 17:37:48,963 - mmdet - INFO - Iter [200/120000]	lr: 3.986e-05, eta: 1 day, 13:09:37, time: 1.115, data_time: 0.012, memory: 37111, loss_mask: 0.4027, loss_texture: 0.0876, iou: 0.4956, loss: 0.4904
2026-05-02 17:38:16,617 - mmdet - INFO - Iter [225/120000]	lr: 4.486e-05, eta: 1 day, 13:06:49, time: 1.106, data_time: 0.012, memory: 37111, loss_mask: 0.4167, loss_texture: 0.0899, iou: 0.5368, loss: 0.5065
2026-05-02 17:38:44,354 - mmdet - INFO - Iter [250/120000]	lr: 4.985e-05, eta: 1 day, 13:05:09, time: 1.109, data_time: 0.012, memory: 37111, loss_mask: 0.3555, loss_texture: 0.0853, iou: 0.5382, loss: 0.4408
2026-05-02 17:39:12,033 - mmdet - INFO - Iter [275/120000]	lr: 5.485e-05, eta: 1 day, 13:03:17, time: 1.107, data_time: 0.013, memory: 37111, loss_mask: 0.3446, loss_texture: 0.0807, iou: 0.5212, loss: 0.4253
2026-05-02 17:39:39,685 - mmdet - INFO - Iter [300/120000]	lr: 5.984e-05, eta: 1 day, 13:01:28, time: 1.106, data_time: 0.012, memory: 37111, loss_mask: 0.3210, loss_texture: 0.0751, iou: 0.5342, loss: 0.3961
2026-05-02 17:40:07,415 - mmdet - INFO - Iter [325/120000]	lr: 6.484e-05, eta: 1 day, 13:00:20, time: 1.109, data_time: 0.012, memory: 37111, loss_mask: 0.3311, loss_texture: 0.0783, iou: 0.5731, loss: 0.4094
2026-05-02 17:40:35,285 - mmdet - INFO - Iter [350/120000]	lr: 6.983e-05, eta: 1 day, 13:00:06, time: 1.115, data_time: 0.012, memory: 37111, loss_mask: 0.2984, loss_texture: 0.0800, iou: 0.5662, loss: 0.3784
2026-05-02 17:41:03,053 - mmdet - INFO - Iter [375/120000]	lr: 7.483e-05, eta: 1 day, 12:59:18, time: 1.111, data_time: 0.013, memory: 37111, loss_mask: 0.3063, loss_texture: 0.0752, iou: 0.5426, loss: 0.3814
2026-05-02 17:41:30,846 - mmdet - INFO - Iter [400/120000]	lr: 7.982e-05, eta: 1 day, 12:58:39, time: 1.112, data_time: 0.012, memory: 37111, loss_mask: 0.3400, loss_texture: 0.0785, iou: 0.5458, loss: 0.4185
2026-05-02 17:41:58,553 - mmdet - INFO - Iter [425/120000]	lr: 8.482e-05, eta: 1 day, 12:57:38, time: 1.108, data_time: 0.012, memory: 37111, loss_mask: 0.2726, loss_texture: 0.0739, iou: 0.6117, loss: 0.3465
2026-05-02 17:42:26,377 - mmdet - INFO - Iter [450/120000]	lr: 8.981e-05, eta: 1 day, 12:57:11, time: 1.113, data_time: 0.012, memory: 37111, loss_mask: 0.2928, loss_texture: 0.0766, iou: 0.6028, loss: 0.3694
2026-05-02 17:42:54,042 - mmdet - INFO - Iter [475/120000]	lr: 9.481e-05, eta: 1 day, 12:56:05, time: 1.107, data_time: 0.012, memory: 37111, loss_mask: 0.3163, loss_texture: 0.0773, iou: 0.6012, loss: 0.3935
2026-05-02 17:43:21,870 - mmdet - INFO - Validation set: 218 images
2026-05-02 17:43:21,871 - mmdet - INFO - 
--- Val evaluation at iter 500 ---
2026-05-02 17:44:14,178 - mmdet - INFO - 
+------------+-------------+-------------+
| Class      | Val IoU     | Pseudo IoU  |
+------------+-------------+-------------+
| background | 90.96       | 92.68       |
| building   | 59.65       | 69.14       |
| Summary    | mIoU: 75.30 | mIoU: 80.91 |
+------------+-------------+-------------+
Images evaluated: 218
2026-05-02 17:44:15,899 - mmdet - INFO - ★ New best mIoU: 75.30% (prev: 0.00%, Δ=+75.30%) → saved to /home/ubuntu/vy/Denoiser/SegRefiner/work_dirs/exp8_all/best_model.pth
2026-05-02 17:44:15,904 - mmdet - INFO - Iter [500/120000]	lr: 9.980e-05, eta: 1 day, 12:55:41, time: 1.113, data_time: 0.012, memory: 37111, val/mIoU: 0.7530, val/IoU.building: 0.5965, val/IoU.background: 0.9096, val/Pseudo_mIoU: 0.8091, loss_mask: 0.2660, loss_texture: 0.0684, iou: 0.6288, loss: 0.3344
2026-05-02 17:44:43,643 - mmdet - INFO - Iter [525/120000]	lr: 1.000e-04, eta: 1 day, 16:19:53, time: 3.271, data_time: 2.173, memory: 37111, loss_mask: 0.2176, loss_texture: 0.0660, iou: 0.6312, loss: 0.2836
2026-05-02 17:45:11,378 - mmdet - INFO - Iter [550/120000]	lr: 1.000e-04, eta: 1 day, 16:09:48, time: 1.109, data_time: 0.012, memory: 37111, loss_mask: 0.2255, loss_texture: 0.0638, iou: 0.6382, loss: 0.2893
2026-05-02 17:45:39,074 - mmdet - INFO - Iter [575/120000]	lr: 1.000e-04, eta: 1 day, 16:00:25, time: 1.108, data_time: 0.012, memory: 37111, loss_mask: 0.2131, loss_texture: 0.0626, iou: 0.6428, loss: 0.2757
2026-05-02 17:46:06,792 - mmdet - INFO - Iter [600/120000]	lr: 1.000e-04, eta: 1 day, 15:51:51, time: 1.109, data_time: 0.012, memory: 37111, loss_mask: 0.2311, loss_texture: 0.0642, iou: 0.6646, loss: 0.2952
2026-05-02 17:46:34,383 - mmdet - INFO - Iter [625/120000]	lr: 1.000e-04, eta: 1 day, 15:43:31, time: 1.104, data_time: 0.012, memory: 37111, loss_mask: 0.2880, loss_texture: 0.0698, iou: 0.6330, loss: 0.3578
2026-05-02 17:47:02,102 - mmdet - INFO - Iter [650/120000]	lr: 1.000e-04, eta: 1 day, 15:36:12, time: 1.109, data_time: 0.012, memory: 37111, loss_mask: 0.2490, loss_texture: 0.0681, iou: 0.6526, loss: 0.3171
2026-05-02 17:47:29,880 - mmdet - INFO - Iter [675/120000]	lr: 1.000e-04, eta: 1 day, 15:29:33, time: 1.111, data_time: 0.012, memory: 37111, loss_mask: 0.2218, loss_texture: 0.0642, iou: 0.6800, loss: 0.2859
2026-05-02 17:47:57,576 - mmdet - INFO - Iter [700/120000]	lr: 1.000e-04, eta: 1 day, 15:23:07, time: 1.108, data_time: 0.012, memory: 37111, loss_mask: 0.2906, loss_texture: 0.0674, iou: 0.6071, loss: 0.3579
2026-05-02 17:48:25,420 - mmdet - INFO - Iter [725/120000]	lr: 1.000e-04, eta: 1 day, 15:17:29, time: 1.114, data_time: 0.012, memory: 37111, loss_mask: 0.2881, loss_texture: 0.0732, iou: 0.6371, loss: 0.3614
2026-05-02 17:48:53,063 - mmdet - INFO - Iter [750/120000]	lr: 1.000e-04, eta: 1 day, 15:11:41, time: 1.106, data_time: 0.012, memory: 37111, loss_mask: 0.2462, loss_texture: 0.0639, iou: 0.6413, loss: 0.3101
2026-05-02 17:49:20,880 - mmdet - INFO - Iter [775/120000]	lr: 1.000e-04, eta: 1 day, 15:06:40, time: 1.113, data_time: 0.013, memory: 37111, loss_mask: 0.2283, loss_texture: 0.0626, iou: 0.6073, loss: 0.2909
2026-05-02 17:49:48,500 - mmdet - INFO - Iter [800/120000]	lr: 1.000e-04, eta: 1 day, 15:01:27, time: 1.105, data_time: 0.012, memory: 37111, loss_mask: 0.2074, loss_texture: 0.0593, iou: 0.6806, loss: 0.2667
2026-05-02 17:50:16,126 - mmdet - INFO - Iter [825/120000]	lr: 1.000e-04, eta: 1 day, 14:56:32, time: 1.105, data_time: 0.012, memory: 37111, loss_mask: 0.1900, loss_texture: 0.0558, iou: 0.6816, loss: 0.2458
2026-05-02 17:50:43,887 - mmdet - INFO - Iter [850/120000]	lr: 1.000e-04, eta: 1 day, 14:52:11, time: 1.110, data_time: 0.012, memory: 37111, loss_mask: 0.2348, loss_texture: 0.0650, iou: 0.7078, loss: 0.2998
2026-05-02 17:51:11,465 - mmdet - INFO - Iter [875/120000]	lr: 1.000e-04, eta: 1 day, 14:47:39, time: 1.103, data_time: 0.012, memory: 37111, loss_mask: 0.2016, loss_texture: 0.0567, iou: 0.6824, loss: 0.2584
2026-05-02 17:51:39,068 - mmdet - INFO - Iter [900/120000]	lr: 1.000e-04, eta: 1 day, 14:43:24, time: 1.104, data_time: 0.012, memory: 37111, loss_mask: 0.1842, loss_texture: 0.0526, iou: 0.7132, loss: 0.2368
2026-05-02 17:52:06,841 - mmdet - INFO - Iter [925/120000]	lr: 1.000e-04, eta: 1 day, 14:39:43, time: 1.111, data_time: 0.012, memory: 37111, loss_mask: 0.1838, loss_texture: 0.0575, iou: 0.7126, loss: 0.2413
2026-05-02 17:52:34,550 - mmdet - INFO - Iter [950/120000]	lr: 1.000e-04, eta: 1 day, 14:36:04, time: 1.108, data_time: 0.012, memory: 37111, loss_mask: 0.2804, loss_texture: 0.0610, iou: 0.6591, loss: 0.3414
2026-05-02 17:53:02,265 - mmdet - INFO - Iter [975/120000]	lr: 1.000e-04, eta: 1 day, 14:32:36, time: 1.109, data_time: 0.012, memory: 37111, loss_mask: 0.2155, loss_texture: 0.0599, iou: 0.6797, loss: 0.2753
2026-05-02 17:53:29,950 - mmdet - INFO - 
--- Val evaluation at iter 1000 ---
2026-05-02 17:54:18,524 - mmdet - INFO - 
+------------+-------------+-------------+
| Class      | Val IoU     | Pseudo IoU  |
+------------+-------------+-------------+
| background | 90.41       | 92.68       |
| building   | 59.75       | 69.14       |
| Summary    | mIoU: 75.08 | mIoU: 80.91 |
+------------+-------------+-------------+
Images evaluated: 218
2026-05-02 17:54:19,913 - mmdet - INFO - Exp name: exp8_all.py
2026-05-02 17:54:19,913 - mmdet - INFO - Iter [1000/120000]	lr: 1.000e-04, eta: 1 day, 14:29:13, time: 1.107, data_time: 0.012, memory: 37111, val/mIoU: 0.7508, val/IoU.building: 0.5975, val/IoU.background: 0.9041, val/Pseudo_mIoU: 0.8091, loss_mask: 0.1689, loss_texture: 0.0531, iou: 0.7287, loss: 0.2219
2026-05-02 17:54:47,490 - mmdet - INFO - Iter [1025/120000]	lr: 1.000e-04, eta: 1 day, 16:02:26, time: 3.102, data_time: 2.012, memory: 37111, loss_mask: 0.1778, loss_texture: 0.0517, iou: 0.7058, loss: 0.2295
2026-05-02 17:55:15,239 - mmdet - INFO - Iter [1050/120000]	lr: 1.000e-04, eta: 1 day, 15:57:08, time: 1.110, data_time: 0.012, memory: 37111, loss_mask: 0.1851, loss_texture: 0.0542, iou: 0.7347, loss: 0.2393
2026-05-02 17:55:42,885 - mmdet - INFO - Iter [1075/120000]	lr: 1.000e-04, eta: 1 day, 15:51:52, time: 1.106, data_time: 0.012, memory: 37111, loss_mask: 0.1694, loss_texture: 0.0525, iou: 0.7408, loss: 0.2220
2026-05-02 17:56:10,555 - mmdet - INFO - Iter [1100/120000]	lr: 1.000e-04, eta: 1 day, 15:46:51, time: 1.107, data_time: 0.012, memory: 37111, loss_mask: 0.1653, loss_texture: 0.0507, iou: 0.7422, loss: 0.2160
2026-05-02 17:56:38,167 - mmdet - INFO - Iter [1125/120000]	lr: 1.000e-04, eta: 1 day, 15:41:57, time: 1.104, data_time: 0.012, memory: 37111, loss_mask: 0.1731, loss_texture: 0.0493, iou: 0.7210, loss: 0.2225
2026-05-02 17:57:05,873 - mmdet - INFO - Iter [1150/120000]	lr: 1.000e-04, eta: 1 day, 15:37:24, time: 1.108, data_time: 0.012, memory: 37111, loss_mask: 0.1595, loss_texture: 0.0516, iou: 0.7491, loss: 0.2110
2026-05-02 17:57:33,515 - mmdet - INFO - Iter [1175/120000]	lr: 1.000e-04, eta: 1 day, 15:32:55, time: 1.106, data_time: 0.012, memory: 37111, loss_mask: 0.1561, loss_texture: 0.0479, iou: 0.7468, loss: 0.2041
2026-05-02 17:58:01,095 - mmdet - INFO - Iter [1200/120000]	lr: 1.000e-04, eta: 1 day, 15:28:30, time: 1.103, data_time: 0.012, memory: 37111, loss_mask: 0.1816, loss_texture: 0.0485, iou: 0.7188, loss: 0.2301
2026-05-02 17:58:28,767 - mmdet - INFO - Iter [1225/120000]	lr: 1.000e-04, eta: 1 day, 15:24:24, time: 1.107, data_time: 0.012, memory: 37111, loss_mask: 0.1882, loss_texture: 0.0523, iou: 0.6806, loss: 0.2405
2026-05-02 17:58:56,397 - mmdet - INFO - Iter [1250/120000]	lr: 1.000e-04, eta: 1 day, 15:20:22, time: 1.105, data_time: 0.012, memory: 37111, loss_mask: 0.2208, loss_texture: 0.0563, iou: 0.7012, loss: 0.2770
2026-05-02 17:59:23,982 - mmdet - INFO - Iter [1275/120000]	lr: 1.000e-04, eta: 1 day, 15:16:24, time: 1.103, data_time: 0.012, memory: 37111, loss_mask: 0.1908, loss_texture: 0.0516, iou: 0.7001, loss: 0.2424
2026-05-02 17:59:51,759 - mmdet - INFO - Iter [1300/120000]	lr: 1.000e-04, eta: 1 day, 15:12:52, time: 1.111, data_time: 0.012, memory: 37111, loss_mask: 0.1945, loss_texture: 0.0563, iou: 0.7319, loss: 0.2508
2026-05-02 18:00:19,337 - mmdet - INFO - Iter [1325/120000]	lr: 1.000e-04, eta: 1 day, 15:09:10, time: 1.103, data_time: 0.012, memory: 37111, loss_mask: 0.1672, loss_texture: 0.0470, iou: 0.7070, loss: 0.2142
2026-05-02 18:00:46,997 - mmdet - INFO - Iter [1350/120000]	lr: 1.000e-04, eta: 1 day, 15:05:41, time: 1.106, data_time: 0.012, memory: 37111, loss_mask: 0.1673, loss_texture: 0.0503, iou: 0.7629, loss: 0.2175
2026-05-02 18:01:14,684 - mmdet - INFO - Iter [1375/120000]	lr: 1.000e-04, eta: 1 day, 15:02:22, time: 1.107, data_time: 0.012, memory: 37111, loss_mask: 0.1595, loss_texture: 0.0486, iou: 0.7670, loss: 0.2080
2026-05-02 18:01:42,438 - mmdet - INFO - Iter [1400/120000]	lr: 1.000e-04, eta: 1 day, 14:59:14, time: 1.110, data_time: 0.012, memory: 37111, loss_mask: 0.1453, loss_texture: 0.0458, iou: 0.7475, loss: 0.1911
2026-05-02 18:02:10,070 - mmdet - INFO - Iter [1425/120000]	lr: 1.000e-04, eta: 1 day, 14:56:02, time: 1.105, data_time: 0.012, memory: 37111, loss_mask: 0.1447, loss_texture: 0.0462, iou: 0.7870, loss: 0.1909
2026-05-02 18:02:37,660 - mmdet - INFO - Iter [1450/120000]	lr: 1.000e-04, eta: 1 day, 14:52:52, time: 1.104, data_time: 0.012, memory: 37111, loss_mask: 0.1527, loss_texture: 0.0481, iou: 0.7664, loss: 0.2008
2026-05-02 18:03:05,432 - mmdet - INFO - Iter [1475/120000]	lr: 1.000e-04, eta: 1 day, 14:50:02, time: 1.111, data_time: 0.012, memory: 37111, loss_mask: 0.1461, loss_texture: 0.0451, iou: 0.7622, loss: 0.1913
2026-05-02 18:03:33,004 - mmdet - INFO - 
--- Val evaluation at iter 1500 ---
2026-05-02 18:04:21,714 - mmdet - INFO - 
+------------+-------------+-------------+
| Class      | Val IoU     | Pseudo IoU  |
+------------+-------------+-------------+
| background | 89.25       | 92.68       |
| building   | 49.56       | 69.14       |
| Summary    | mIoU: 69.40 | mIoU: 80.91 |
+------------+-------------+-------------+
Images evaluated: 218
2026-05-02 18:04:23,125 - mmdet - INFO - Iter [1500/120000]	lr: 1.000e-04, eta: 1 day, 14:47:02, time: 1.103, data_time: 0.012, memory: 37111, val/mIoU: 0.6940, val/IoU.building: 0.4956, val/IoU.background: 0.8925, val/Pseudo_mIoU: 0.8091, loss_mask: 0.1433, loss_texture: 0.0455, iou: 0.7749, loss: 0.1888
2026-05-02 18:04:50,764 - mmdet - INFO - Iter [1525/120000]	lr: 1.000e-04, eta: 1 day, 15:49:05, time: 3.110, data_time: 2.017, memory: 37111, loss_mask: 0.1502, loss_texture: 0.0463, iou: 0.7747, loss: 0.1966
2026-05-02 18:05:18,475 - mmdet - INFO - Iter [1550/120000]	lr: 1.000e-04, eta: 1 day, 15:45:21, time: 1.108, data_time: 0.012, memory: 37111, loss_mask: 0.1420, loss_texture: 0.0469, iou: 0.7857, loss: 0.1889
2026-05-02 18:05:46,082 - mmdet - INFO - Iter [1575/120000]	lr: 1.000e-04, eta: 1 day, 15:41:35, time: 1.104, data_time: 0.012, memory: 37111, loss_mask: 0.1372, loss_texture: 0.0437, iou: 0.7555, loss: 0.1809
2026-05-02 18:06:13,664 - mmdet - INFO - Iter [1600/120000]	lr: 1.000e-04, eta: 1 day, 15:37:53, time: 1.103, data_time: 0.012, memory: 37111, loss_mask: 0.1216, loss_texture: 0.0390, iou: 0.7780, loss: 0.1607
2026-05-02 18:06:41,190 - mmdet - INFO - Iter [1625/120000]	lr: 1.000e-04, eta: 1 day, 15:34:14, time: 1.101, data_time: 0.012, memory: 37111, loss_mask: 0.1335, loss_texture: 0.0418, iou: 0.7625, loss: 0.1753
2026-05-02 18:07:08,842 - mmdet - INFO - Iter [1650/120000]	lr: 1.000e-04, eta: 1 day, 15:30:49, time: 1.106, data_time: 0.012, memory: 37111, loss_mask: 0.1552, loss_texture: 0.0480, iou: 0.7709, loss: 0.2032
2026-05-02 18:07:36,520 - mmdet - INFO - Iter [1675/120000]	lr: 1.000e-04, eta: 1 day, 15:27:32, time: 1.107, data_time: 0.012, memory: 37111, loss_mask: 0.1327, loss_texture: 0.0431, iou: 0.7883, loss: 0.1757
2026-05-02 18:08:04,242 - mmdet - INFO - Iter [1700/120000]	lr: 1.000e-04, eta: 1 day, 15:24:22, time: 1.109, data_time: 0.012, memory: 37111, loss_mask: 0.1909, loss_texture: 0.0482, iou: 0.7178, loss: 0.2391
2026-05-02 18:08:31,934 - mmdet - INFO - Iter [1725/120000]	lr: 1.000e-04, eta: 1 day, 15:21:15, time: 1.108, data_time: 0.012, memory: 37111, loss_mask: 0.1539, loss_texture: 0.0507, iou: 0.7511, loss: 0.2046
2026-05-02 18:08:59,434 - mmdet - INFO - Iter [1750/120000]	lr: 1.000e-04, eta: 1 day, 15:18:00, time: 1.100, data_time: 0.012, memory: 37111, loss_mask: 0.1445, loss_texture: 0.0414, iou: 0.7622, loss: 0.1859
2026-05-02 18:09:27,161 - mmdet - INFO - Iter [1775/120000]	lr: 1.000e-04, eta: 1 day, 15:15:05, time: 1.109, data_time: 0.012, memory: 37111, loss_mask: 0.1315, loss_texture: 0.0443, iou: 0.7888, loss: 0.1758
2026-05-02 18:09:54,727 - mmdet - INFO - Iter [1800/120000]	lr: 1.000e-04, eta: 1 day, 15:12:03, time: 1.103, data_time: 0.012, memory: 37111, loss_mask: 0.1430, loss_texture: 0.0454, iou: 0.8014, loss: 0.1884
2026-05-02 18:10:22,574 - mmdet - INFO - Iter [1825/120000]	lr: 1.000e-04, eta: 1 day, 15:09:24, time: 1.114, data_time: 0.012, memory: 37111, loss_mask: 0.1473, loss_texture: 0.0458, iou: 0.7980, loss: 0.1931
2026-05-02 18:10:50,258 - mmdet - INFO - Iter [1850/120000]	lr: 1.000e-04, eta: 1 day, 15:06:37, time: 1.107, data_time: 0.012, memory: 37111, loss_mask: 0.1371, loss_texture: 0.0453, iou: 0.7721, loss: 0.1824
2026-05-02 18:11:17,992 - mmdet - INFO - Iter [1875/120000]	lr: 1.000e-04, eta: 1 day, 15:03:58, time: 1.109, data_time: 0.012, memory: 37111, loss_mask: 0.1416, loss_texture: 0.0422, iou: 0.7598, loss: 0.1838
2026-05-02 18:11:45,710 - mmdet - INFO - Iter [1900/120000]	lr: 1.000e-04, eta: 1 day, 15:01:21, time: 1.109, data_time: 0.012, memory: 37111, loss_mask: 0.1500, loss_texture: 0.0462, iou: 0.7604, loss: 0.1962
2026-05-02 18:12:13,289 - mmdet - INFO - Iter [1925/120000]	lr: 1.000e-04, eta: 1 day, 14:58:39, time: 1.103, data_time: 0.012, memory: 37111, loss_mask: 0.1470, loss_texture: 0.0413, iou: 0.7661, loss: 0.1883
2026-05-02 18:12:41,129 - mmdet - INFO - Iter [1950/120000]	lr: 1.000e-04, eta: 1 day, 14:56:16, time: 1.114, data_time: 0.012, memory: 37111, loss_mask: 0.2199, loss_texture: 0.0573, iou: 0.6940, loss: 0.2772
2026-05-02 18:13:08,874 - mmdet - INFO - Iter [1975/120000]	lr: 1.000e-04, eta: 1 day, 14:53:50, time: 1.110, data_time: 0.012, memory: 37111, loss_mask: 0.1849, loss_texture: 0.0519, iou: 0.7175, loss: 0.2368
2026-05-02 18:13:36,637 - mmdet - INFO - 
--- Val evaluation at iter 2000 ---
2026-05-02 18:14:25,229 - mmdet - INFO - 
+------------+-------------+-------------+
| Class      | Val IoU     | Pseudo IoU  |
+------------+-------------+-------------+
| background | 90.38       | 92.68       |
| building   | 56.29       | 69.14       |
| Summary    | mIoU: 73.33 | mIoU: 80.91 |
+------------+-------------+-------------+
Images evaluated: 218
2026-05-02 18:14:26,632 - mmdet - INFO - Exp name: exp8_all.py
2026-05-02 18:14:26,632 - mmdet - INFO - Iter [2000/120000]	lr: 1.000e-04, eta: 1 day, 14:51:28, time: 1.111, data_time: 0.012, memory: 37111, val/mIoU: 0.7333, val/IoU.building: 0.5629, val/IoU.background: 0.9038, val/Pseudo_mIoU: 0.8091, loss_mask: 0.1525, loss_texture: 0.0481, iou: 0.7524, loss: 0.2006
2026-05-02 18:14:54,388 - mmdet - INFO - Iter [2025/120000]	lr: 1.000e-04, eta: 1 day, 15:37:42, time: 3.110, data_time: 2.012, memory: 37111, loss_mask: 0.1333, loss_texture: 0.0429, iou: 0.7568, loss: 0.1763
2026-05-02 18:15:22,208 - mmdet - INFO - Iter [2050/120000]	lr: 1.000e-04, eta: 1 day, 15:34:53, time: 1.113, data_time: 0.012, memory: 37111, loss_mask: 0.1362, loss_texture: 0.0405, iou: 0.7641, loss: 0.1767
2026-05-02 18:15:49,914 - mmdet - INFO - Iter [2075/120000]	lr: 1.000e-04, eta: 1 day, 15:32:01, time: 1.108, data_time: 0.012, memory: 37111, loss_mask: 0.1370, loss_texture: 0.0434, iou: 0.7640, loss: 0.1804
2026-05-02 18:16:17,587 - mmdet - INFO - Iter [2100/120000]	lr: 1.000e-04, eta: 1 day, 15:29:10, time: 1.107, data_time: 0.012, memory: 37111, loss_mask: 0.1654, loss_texture: 0.0469, iou: 0.7280, loss: 0.2123
2026-05-02 18:16:45,218 - mmdet - INFO - Iter [2125/120000]	lr: 1.000e-04, eta: 1 day, 15:26:21, time: 1.105, data_time: 0.012, memory: 37111, loss_mask: 0.1314, loss_texture: 0.0431, iou: 0.7884, loss: 0.1746
2026-05-02 18:17:12,834 - mmdet - INFO - Iter [2150/120000]	lr: 1.000e-04, eta: 1 day, 15:23:34, time: 1.105, data_time: 0.012, memory: 37111, loss_mask: 0.1332, loss_texture: 0.0415, iou: 0.7780, loss: 0.1748
2026-05-02 18:17:40,622 - mmdet - INFO - Iter [2175/120000]	lr: 1.000e-04, eta: 1 day, 15:20:59, time: 1.112, data_time: 0.012, memory: 37111, loss_mask: 0.1347, loss_texture: 0.0430, iou: 0.7797, loss: 0.1777
2026-05-02 18:18:08,481 - mmdet - INFO - Iter [2200/120000]	lr: 1.000e-04, eta: 1 day, 15:18:32, time: 1.114, data_time: 0.012, memory: 37111, loss_mask: 0.1276, loss_texture: 0.0427, iou: 0.8165, loss: 0.1703
2026-05-02 18:18:36,140 - mmdet - INFO - Iter [2225/120000]	lr: 1.000e-04, eta: 1 day, 15:15:56, time: 1.106, data_time: 0.012, memory: 37111, loss_mask: 0.2069, loss_texture: 0.0483, iou: 0.7229, loss: 0.2552
2026-05-02 18:19:03,884 - mmdet - INFO - Iter [2250/120000]	lr: 1.000e-04, eta: 1 day, 15:13:27, time: 1.110, data_time: 0.012, memory: 37111, loss_mask: 0.1596, loss_texture: 0.0478, iou: 0.7647, loss: 0.2074
2026-05-02 18:19:31,565 - mmdet - INFO - Iter [2275/120000]	lr: 1.000e-04, eta: 1 day, 15:10:59, time: 1.107, data_time: 0.012, memory: 37111, loss_mask: 0.1525, loss_texture: 0.0477, iou: 0.7851, loss: 0.2001
2026-05-02 18:19:59,362 - mmdet - INFO - Iter [2300/120000]	lr: 1.000e-04, eta: 1 day, 15:08:38, time: 1.112, data_time: 0.012, memory: 37111, loss_mask: 0.1536, loss_texture: 0.0487, iou: 0.7739, loss: 0.2023
2026-05-02 18:20:26,967 - mmdet - INFO - Iter [2325/120000]	lr: 1.000e-04, eta: 1 day, 15:06:10, time: 1.104, data_time: 0.012, memory: 37111, loss_mask: 0.1075, loss_texture: 0.0358, iou: 0.7980, loss: 0.1433
2026-05-02 18:20:54,715 - mmdet - INFO - Iter [2350/120000]	lr: 1.000e-04, eta: 1 day, 15:03:52, time: 1.110, data_time: 0.012, memory: 37111, loss_mask: 0.1191, loss_texture: 0.0410, iou: 0.7831, loss: 0.1601
2026-05-02 18:21:22,348 - mmdet - INFO - Iter [2375/120000]	lr: 1.000e-04, eta: 1 day, 15:01:31, time: 1.105, data_time: 0.012, memory: 37111, loss_mask: 0.1259, loss_texture: 0.0410, iou: 0.7877, loss: 0.1669
2026-05-02 18:21:49,984 - mmdet - INFO - Iter [2400/120000]	lr: 1.000e-04, eta: 1 day, 14:59:12, time: 1.105, data_time: 0.012, memory: 37111, loss_mask: 0.1245, loss_texture: 0.0423, iou: 0.8063, loss: 0.1668
2026-05-02 18:22:17,696 - mmdet - INFO - Iter [2425/120000]	lr: 1.000e-04, eta: 1 day, 14:56:59, time: 1.108, data_time: 0.012, memory: 37111, loss_mask: 0.1256, loss_texture: 0.0417, iou: 0.7828, loss: 0.1673
2026-05-02 18:22:45,373 - mmdet - INFO - Iter [2450/120000]	lr: 1.000e-04, eta: 1 day, 14:54:47, time: 1.107, data_time: 0.012, memory: 37111, loss_mask: 0.1214, loss_texture: 0.0407, iou: 0.7927, loss: 0.1621
2026-05-02 18:23:13,062 - mmdet - INFO - Iter [2475/120000]	lr: 1.000e-04, eta: 1 day, 14:52:37, time: 1.108, data_time: 0.012, memory: 37111, loss_mask: 0.1350, loss_texture: 0.0461, iou: 0.8020, loss: 0.1811
2026-05-02 18:23:40,859 - mmdet - INFO - 
--- Val evaluation at iter 2500 ---
2026-05-02 18:24:29,220 - mmdet - INFO - 
+------------+-------------+-------------+
| Class      | Val IoU     | Pseudo IoU  |
+------------+-------------+-------------+
| background | 90.98       | 92.68       |
| building   | 60.11       | 69.14       |
| Summary    | mIoU: 75.55 | mIoU: 80.91 |
+------------+-------------+-------------+
Images evaluated: 218
2026-05-02 18:24:32,063 - mmdet - INFO - ★ New best mIoU: 75.55% (prev: 75.30%, Δ=+0.24%) → saved to /home/ubuntu/vy/Denoiser/SegRefiner/work_dirs/exp8_all/best_model.pth
2026-05-02 18:24:32,068 - mmdet - INFO - Iter [2500/120000]	lr: 1.000e-04, eta: 1 day, 14:50:35, time: 1.112, data_time: 0.012, memory: 37111, val/mIoU: 0.7555, val/IoU.building: 0.6011, val/IoU.background: 0.9098, val/Pseudo_mIoU: 0.8091, loss_mask: 0.1201, loss_texture: 0.0413, iou: 0.7989, loss: 0.1614
2026-05-02 18:24:59,962 - mmdet - INFO - Iter [2525/120000]	lr: 1.000e-04, eta: 1 day, 15:28:21, time: 3.164, data_time: 2.060, memory: 37111, loss_mask: 0.1165, loss_texture: 0.0437, iou: 0.8011, loss: 0.1602
2026-05-02 18:25:27,687 - mmdet - INFO - Iter [2550/120000]	lr: 1.000e-04, eta: 1 day, 15:25:55, time: 1.109, data_time: 0.012, memory: 37111, loss_mask: 0.1094, loss_texture: 0.0373, iou: 0.7892, loss: 0.1467
2026-05-02 18:25:55,212 - mmdet - INFO - Iter [2575/120000]	lr: 1.000e-04, eta: 1 day, 15:23:22, time: 1.101, data_time: 0.012, memory: 37111, loss_mask: 0.1082, loss_texture: 0.0374, iou: 0.7872, loss: 0.1456
2026-05-02 18:26:22,787 - mmdet - INFO - Iter [2600/120000]	lr: 1.000e-04, eta: 1 day, 15:20:54, time: 1.103, data_time: 0.012, memory: 37111, loss_mask: 0.1216, loss_texture: 0.0394, iou: 0.8083, loss: 0.1610
2026-05-02 18:26:50,398 - mmdet - INFO - Iter [2625/120000]	lr: 1.000e-04, eta: 1 day, 15:18:29, time: 1.104, data_time: 0.012, memory: 37111, loss_mask: 0.1187, loss_texture: 0.0396, iou: 0.8234, loss: 0.1583
2026-05-02 18:27:17,990 - mmdet - INFO - Iter [2650/120000]	lr: 1.000e-04, eta: 1 day, 15:16:06, time: 1.104, data_time: 0.012, memory: 37111, loss_mask: 0.1404, loss_texture: 0.0465, iou: 0.7966, loss: 0.1868
2026-05-02 18:27:45,521 - mmdet - INFO - Iter [2675/120000]	lr: 1.000e-04, eta: 1 day, 15:13:43, time: 1.101, data_time: 0.012, memory: 37111, loss_mask: 0.1031, loss_texture: 0.0359, iou: 0.8274, loss: 0.1390
2026-05-02 18:28:13,012 - mmdet - INFO - Iter [2700/120000]	lr: 1.000e-04, eta: 1 day, 15:11:20, time: 1.100, data_time: 0.012, memory: 37111, loss_mask: 0.1009, loss_texture: 0.0343, iou: 0.8114, loss: 0.1352
2026-05-02 18:28:40,656 - mmdet - INFO - Iter [2725/120000]	lr: 1.000e-04, eta: 1 day, 15:09:05, time: 1.106, data_time: 0.012, memory: 37111, loss_mask: 0.1347, loss_texture: 0.0415, iou: 0.8074, loss: 0.1762
2026-05-02 18:29:08,472 - mmdet - INFO - Iter [2750/120000]	lr: 1.000e-04, eta: 1 day, 15:07:00, time: 1.113, data_time: 0.012, memory: 37111, loss_mask: 0.1255, loss_texture: 0.0419, iou: 0.7926, loss: 0.1674
2026-05-02 18:29:36,266 - mmdet - INFO - Iter [2775/120000]	lr: 1.000e-04, eta: 1 day, 15:04:56, time: 1.112, data_time: 0.012, memory: 37111, loss_mask: 0.1134, loss_texture: 0.0419, iou: 0.8107, loss: 0.1553
2026-05-02 18:30:04,089 - mmdet - INFO - Iter [2800/120000]	lr: 1.000e-04, eta: 1 day, 15:02:54, time: 1.113, data_time: 0.012, memory: 37111, loss_mask: 0.1171, loss_texture: 0.0399, iou: 0.8032, loss: 0.1570
2026-05-02 18:30:31,757 - mmdet - INFO - Iter [2825/120000]	lr: 1.000e-04, eta: 1 day, 15:00:48, time: 1.107, data_time: 0.012, memory: 37111, loss_mask: 0.1245, loss_texture: 0.0423, iou: 0.8055, loss: 0.1668
2026-05-02 18:30:59,537 - mmdet - INFO - Iter [2850/120000]	lr: 1.000e-04, eta: 1 day, 14:58:48, time: 1.111, data_time: 0.012, memory: 37111, loss_mask: 0.1033, loss_texture: 0.0379, iou: 0.8042, loss: 0.1413
2026-05-02 18:31:27,260 - mmdet - INFO - Iter [2875/120000]	lr: 1.000e-04, eta: 1 day, 14:56:48, time: 1.109, data_time: 0.012, memory: 37111, loss_mask: 0.1183, loss_texture: 0.0395, iou: 0.8100, loss: 0.1578
2026-05-02 18:31:54,892 - mmdet - INFO - Iter [2900/120000]	lr: 1.000e-04, eta: 1 day, 14:54:45, time: 1.105, data_time: 0.012, memory: 37111, loss_mask: 0.1318, loss_texture: 0.0429, iou: 0.8064, loss: 0.1747
2026-05-02 18:32:22,695 - mmdet - INFO - Iter [2925/120000]	lr: 1.000e-04, eta: 1 day, 14:52:51, time: 1.112, data_time: 0.012, memory: 37111, loss_mask: 0.1369, loss_texture: 0.0382, iou: 0.8011, loss: 0.1750
2026-05-02 18:32:50,492 - mmdet - INFO - Iter [2950/120000]	lr: 1.000e-04, eta: 1 day, 14:50:58, time: 1.112, data_time: 0.012, memory: 37111, loss_mask: 0.1623, loss_texture: 0.0473, iou: 0.7778, loss: 0.2096
2026-05-02 18:33:18,351 - mmdet - INFO - Iter [2975/120000]	lr: 1.000e-04, eta: 1 day, 14:49:09, time: 1.114, data_time: 0.012, memory: 37111, loss_mask: 0.1086, loss_texture: 0.0363, iou: 0.8060, loss: 0.1449
2026-05-02 18:33:46,056 - mmdet - INFO - 
--- Val evaluation at iter 3000 ---
2026-05-02 18:34:34,740 - mmdet - INFO - 
+------------+-------------+-------------+
| Class      | Val IoU     | Pseudo IoU  |
+------------+-------------+-------------+
| background | 89.96       | 92.68       |
| building   | 54.17       | 69.14       |
| Summary    | mIoU: 72.07 | mIoU: 80.91 |
+------------+-------------+-------------+
Images evaluated: 218
2026-05-02 18:34:36,119 - mmdet - INFO - Exp name: exp8_all.py
2026-05-02 18:34:36,119 - mmdet - INFO - Iter [3000/120000]	lr: 1.000e-04, eta: 1 day, 14:47:15, time: 1.108, data_time: 0.012, memory: 37111, val/mIoU: 0.7207, val/IoU.building: 0.5417, val/IoU.background: 0.8996, val/Pseudo_mIoU: 0.8091, loss_mask: 0.1195, loss_texture: 0.0413, iou: 0.7955, loss: 0.1608
2026-05-02 18:35:03,789 - mmdet - INFO - Iter [3025/120000]	lr: 1.000e-04, eta: 1 day, 15:17:38, time: 3.109, data_time: 2.014, memory: 37111, loss_mask: 0.1387, loss_texture: 0.0412, iou: 0.7761, loss: 0.1799
2026-05-02 18:35:31,464 - mmdet - INFO - Iter [3050/120000]	lr: 1.000e-04, eta: 1 day, 15:15:29, time: 1.107, data_time: 0.012, memory: 37111, loss_mask: 0.1318, loss_texture: 0.0395, iou: 0.7800, loss: 0.1713
2026-05-02 18:35:59,075 - mmdet - INFO - Iter [3075/120000]	lr: 1.000e-04, eta: 1 day, 15:13:20, time: 1.104, data_time: 0.012, memory: 37111, loss_mask: 0.1477, loss_texture: 0.0436, iou: 0.7435, loss: 0.1913
2026-05-02 18:36:26,604 - mmdet - INFO - Iter [3100/120000]	lr: 1.000e-04, eta: 1 day, 15:11:10, time: 1.101, data_time: 0.012, memory: 37111, loss_mask: 0.1221, loss_texture: 0.0414, iou: 0.8091, loss: 0.1636
2026-05-02 18:36:54,209 - mmdet - INFO - Iter [3125/120000]	lr: 1.000e-04, eta: 1 day, 15:09:04, time: 1.104, data_time: 0.012, memory: 37111, loss_mask: 0.1126, loss_texture: 0.0405, iou: 0.8089, loss: 0.1531
2026-05-02 18:37:21,890 - mmdet - INFO - Iter [3150/120000]	lr: 1.000e-04, eta: 1 day, 15:07:02, time: 1.107, data_time: 0.012, memory: 37111, loss_mask: 0.1159, loss_texture: 0.0400, iou: 0.8062, loss: 0.1559
2026-05-02 18:37:49,751 - mmdet - INFO - Iter [3175/120000]	lr: 1.000e-04, eta: 1 day, 15:05:08, time: 1.114, data_time: 0.012, memory: 37111, loss_mask: 0.1193, loss_texture: 0.0387, iou: 0.7915, loss: 0.1580
2026-05-02 18:38:17,633 - mmdet - INFO - Iter [3200/120000]	lr: 1.000e-04, eta: 1 day, 15:03:17, time: 1.115, data_time: 0.012, memory: 37111, loss_mask: 0.1142, loss_texture: 0.0392, iou: 0.8099, loss: 0.1534
2026-05-02 18:38:45,482 - mmdet - INFO - Iter [3225/120000]	lr: 1.000e-04, eta: 1 day, 15:01:26, time: 1.114, data_time: 0.012, memory: 37111, loss_mask: 0.1420, loss_texture: 0.0449, iou: 0.7826, loss: 0.1869
2026-05-02 18:39:13,298 - mmdet - INFO - Iter [3250/120000]	lr: 1.000e-04, eta: 1 day, 14:59:34, time: 1.113, data_time: 0.012, memory: 37111, loss_mask: 0.1176, loss_texture: 0.0403, iou: 0.8011, loss: 0.1580
2026-05-02 18:39:41,042 - mmdet - INFO - Iter [3275/120000]	lr: 1.000e-04, eta: 1 day, 14:57:42, time: 1.110, data_time: 0.012, memory: 37111, loss_mask: 0.1105, loss_texture: 0.0389, iou: 0.8012, loss: 0.1494
2026-05-02 18:40:08,653 - mmdet - INFO - Iter [3300/120000]	lr: 1.000e-04, eta: 1 day, 14:55:46, time: 1.104, data_time: 0.012, memory: 37111, loss_mask: 0.0946, loss_texture: 0.0344, iou: 0.8210, loss: 0.1290
2026-05-02 18:40:36,360 - mmdet - INFO - Iter [3325/120000]	lr: 1.000e-04, eta: 1 day, 14:53:54, time: 1.108, data_time: 0.012, memory: 37111, loss_mask: 0.1052, loss_texture: 0.0377, iou: 0.8163, loss: 0.1429
2026-05-02 18:41:03,969 - mmdet - INFO - Iter [3350/120000]	lr: 1.000e-04, eta: 1 day, 14:52:01, time: 1.104, data_time: 0.012, memory: 37111, loss_mask: 0.1101, loss_texture: 0.0376, iou: 0.8042, loss: 0.1477
2026-05-02 18:41:31,851 - mmdet - INFO - Iter [3375/120000]	lr: 1.000e-04, eta: 1 day, 14:50:18, time: 1.115, data_time: 0.012, memory: 37111, loss_mask: 0.1574, loss_texture: 0.0404, iou: 0.7779, loss: 0.1978
2026-05-02 18:41:59,550 - mmdet - INFO - Iter [3400/120000]	lr: 1.000e-04, eta: 1 day, 14:48:30, time: 1.108, data_time: 0.012, memory: 37111, loss_mask: 0.1496, loss_texture: 0.0462, iou: 0.7586, loss: 0.1959
2026-05-02 18:42:27,480 - mmdet - INFO - Iter [3425/120000]	lr: 1.000e-04, eta: 1 day, 14:46:51, time: 1.117, data_time: 0.012, memory: 37111, loss_mask: 0.1348, loss_texture: 0.0444, iou: 0.8014, loss: 0.1792
2026-05-02 18:42:55,340 - mmdet - INFO - Iter [3450/120000]	lr: 1.000e-04, eta: 1 day, 14:45:11, time: 1.114, data_time: 0.012, memory: 37111, loss_mask: 0.1262, loss_texture: 0.0440, iou: 0.8059, loss: 0.1701
2026-05-02 18:43:23,044 - mmdet - INFO - Iter [3475/120000]	lr: 1.000e-04, eta: 1 day, 14:43:27, time: 1.108, data_time: 0.012, memory: 37111, loss_mask: 0.1090, loss_texture: 0.0376, iou: 0.8182, loss: 0.1466
2026-05-02 18:43:50,675 - mmdet - INFO - 
--- Val evaluation at iter 3500 ---
2026-05-02 18:44:39,219 - mmdet - INFO - 
+------------+-------------+-------------+
| Class      | Val IoU     | Pseudo IoU  |
+------------+-------------+-------------+
| background | 91.07       | 92.68       |
| building   | 60.65       | 69.14       |
| Summary    | mIoU: 75.86 | mIoU: 80.91 |
+------------+-------------+-------------+
Images evaluated: 218
2026-05-02 18:44:41,999 - mmdet - INFO - ★ New best mIoU: 75.86% (prev: 75.55%, Δ=+0.31%) → saved to /home/ubuntu/vy/Denoiser/SegRefiner/work_dirs/exp8_all/best_model.pth
2026-05-02 18:44:42,004 - mmdet - INFO - Iter [3500/120000]	lr: 1.000e-04, eta: 1 day, 14:41:41, time: 1.105, data_time: 0.012, memory: 37111, val/mIoU: 0.7586, val/IoU.building: 0.6065, val/IoU.background: 0.9107, val/Pseudo_mIoU: 0.8091, loss_mask: 0.1164, loss_texture: 0.0399, iou: 0.7983, loss: 0.1563
2026-05-02 18:45:09,673 - mmdet - INFO - Iter [3525/120000]	lr: 1.000e-04, eta: 1 day, 15:08:14, time: 3.160, data_time: 2.065, memory: 37111, loss_mask: 0.1062, loss_texture: 0.0383, iou: 0.8301, loss: 0.1445
2026-05-02 18:45:37,355 - mmdet - INFO - Iter [3550/120000]	lr: 1.000e-04, eta: 1 day, 15:06:19, time: 1.107, data_time: 0.012, memory: 37111, loss_mask: 0.0975, loss_texture: 0.0334, iou: 0.8207, loss: 0.1309
2026-05-02 18:46:05,204 - mmdet - INFO - Iter [3575/120000]	lr: 1.000e-04, eta: 1 day, 15:04:32, time: 1.114, data_time: 0.012, memory: 37111, loss_mask: 0.0998, loss_texture: 0.0357, iou: 0.8006, loss: 0.1354
2026-05-02 18:46:33,217 - mmdet - INFO - Iter [3600/120000]	lr: 1.000e-04, eta: 1 day, 15:02:51, time: 1.120, data_time: 0.012, memory: 37111, loss_mask: 0.1175, loss_texture: 0.0415, iou: 0.8028, loss: 0.1589
2026-05-02 18:47:00,980 - mmdet - INFO - Iter [3625/120000]	lr: 1.000e-04, eta: 1 day, 15:01:03, time: 1.111, data_time: 0.012, memory: 37111, loss_mask: 0.1148, loss_texture: 0.0389, iou: 0.8180, loss: 0.1537
2026-05-02 18:47:28,625 - mmdet - INFO - Iter [3650/120000]	lr: 1.000e-04, eta: 1 day, 14:59:12, time: 1.106, data_time: 0.012, memory: 37111, loss_mask: 0.1024, loss_texture: 0.0387, iou: 0.8393, loss: 0.1411
2026-05-02 18:47:56,167 - mmdet - INFO - Iter [3675/120000]	lr: 1.000e-04, eta: 1 day, 14:57:19, time: 1.102, data_time: 0.012, memory: 37111, loss_mask: 0.1209, loss_texture: 0.0394, iou: 0.7882, loss: 0.1603
2026-05-02 18:48:23,735 - mmdet - INFO - Iter [3700/120000]	lr: 1.000e-04, eta: 1 day, 14:55:28, time: 1.103, data_time: 0.012, memory: 37111, loss_mask: 0.0920, loss_texture: 0.0340, iou: 0.8168, loss: 0.1260
2026-05-02 18:48:51,462 - mmdet - INFO - Iter [3725/120000]	lr: 1.000e-04, eta: 1 day, 14:53:43, time: 1.109, data_time: 0.012, memory: 37111, loss_mask: 0.1031, loss_texture: 0.0386, iou: 0.8307, loss: 0.1418
2026-05-02 18:49:19,236 - mmdet - INFO - Iter [3750/120000]	lr: 1.000e-04, eta: 1 day, 14:52:01, time: 1.111, data_time: 0.012, memory: 37111, loss_mask: 0.1037, loss_texture: 0.0366, iou: 0.8229, loss: 0.1403
2026-05-02 18:49:47,171 - mmdet - INFO - Iter [3775/120000]	lr: 1.000e-04, eta: 1 day, 14:50:24, time: 1.117, data_time: 0.012, memory: 37111, loss_mask: 0.1120, loss_texture: 0.0415, iou: 0.8023, loss: 0.1535
2026-05-02 18:50:14,967 - mmdet - INFO - Iter [3800/120000]	lr: 1.000e-04, eta: 1 day, 14:48:44, time: 1.112, data_time: 0.012, memory: 37111, loss_mask: 0.0903, loss_texture: 0.0337, iou: 0.8329, loss: 0.1239
2026-05-02 18:50:42,629 - mmdet - INFO - Iter [3825/120000]	lr: 1.000e-04, eta: 1 day, 14:47:01, time: 1.106, data_time: 0.012, memory: 37111, loss_mask: 0.0959, loss_texture: 0.0353, iou: 0.8292, loss: 0.1312
2026-05-02 18:51:10,357 - mmdet - INFO - Iter [3850/120000]	lr: 1.000e-04, eta: 1 day, 14:45:21, time: 1.109, data_time: 0.012, memory: 37111, loss_mask: 0.0954, loss_texture: 0.0343, iou: 0.8353, loss: 0.1297
2026-05-02 18:51:38,011 - mmdet - INFO - Iter [3875/120000]	lr: 1.000e-04, eta: 1 day, 14:43:40, time: 1.106, data_time: 0.012, memory: 37111, loss_mask: 0.0896, loss_texture: 0.0331, iou: 0.8224, loss: 0.1227
2026-05-02 18:52:05,599 - mmdet - INFO - Iter [3900/120000]	lr: 1.000e-04, eta: 1 day, 14:41:58, time: 1.104, data_time: 0.012, memory: 37111, loss_mask: 0.1100, loss_texture: 0.0392, iou: 0.8140, loss: 0.1492
2026-05-02 18:52:33,254 - mmdet - INFO - Iter [3925/120000]	lr: 1.000e-04, eta: 1 day, 14:40:19, time: 1.106, data_time: 0.012, memory: 37111, loss_mask: 0.1126, loss_texture: 0.0362, iou: 0.7865, loss: 0.1489
2026-05-02 18:53:00,975 - mmdet - INFO - Iter [3950/120000]	lr: 1.000e-04, eta: 1 day, 14:38:42, time: 1.109, data_time: 0.012, memory: 37111, loss_mask: 0.1038, loss_texture: 0.0371, iou: 0.8111, loss: 0.1408
2026-05-02 18:53:28,799 - mmdet - INFO - Iter [3975/120000]	lr: 1.000e-04, eta: 1 day, 14:37:09, time: 1.113, data_time: 0.012, memory: 37111, loss_mask: 0.1172, loss_texture: 0.0403, iou: 0.8056, loss: 0.1575
2026-05-02 18:53:56,531 - mmdet - INFO - 
--- Val evaluation at iter 4000 ---
2026-05-02 18:54:45,096 - mmdet - INFO - 
+------------+-------------+-------------+
| Class      | Val IoU     | Pseudo IoU  |
+------------+-------------+-------------+
| background | 91.59       | 92.68       |
| building   | 63.56       | 69.14       |
| Summary    | mIoU: 77.57 | mIoU: 80.91 |
+------------+-------------+-------------+
Images evaluated: 218
2026-05-02 18:54:47,748 - mmdet - INFO - ★ New best mIoU: 77.57% (prev: 75.86%, Δ=+1.71%) → saved to /home/ubuntu/vy/Denoiser/SegRefiner/work_dirs/exp8_all/best_model.pth
2026-05-02 18:54:47,753 - mmdet - INFO - Exp name: exp8_all.py
2026-05-02 18:54:47,753 - mmdet - INFO - Iter [4000/120000]	lr: 1.000e-04, eta: 1 day, 14:35:35, time: 1.109, data_time: 0.012, memory: 37111, val/mIoU: 0.7757, val/IoU.building: 0.6356, val/IoU.background: 0.9159, val/Pseudo_mIoU: 0.8091, loss_mask: 0.1147, loss_texture: 0.0409, iou: 0.8031, loss: 0.1556
2026-05-02 18:55:15,671 - mmdet - INFO - Iter [4025/120000]	lr: 1.000e-04, eta: 1 day, 14:58:43, time: 3.166, data_time: 2.061, memory: 37111, loss_mask: 0.1178, loss_texture: 0.0420, iou: 0.8141, loss: 0.1597
2026-05-02 18:55:43,354 - mmdet - INFO - Iter [4050/120000]	lr: 1.000e-04, eta: 1 day, 14:56:59, time: 1.107, data_time: 0.012, memory: 37111, loss_mask: 0.1592, loss_texture: 0.0479, iou: 0.7710, loss: 0.2071
2026-05-02 18:56:11,295 - mmdet - INFO - Iter [4075/120000]	lr: 1.000e-04, eta: 1 day, 14:55:23, time: 1.118, data_time: 0.012, memory: 37111, loss_mask: 0.1243, loss_texture: 0.0428, iou: 0.8172, loss: 0.1671
2026-05-02 18:56:38,900 - mmdet - INFO - Iter [4100/120000]	lr: 1.000e-04, eta: 1 day, 14:53:39, time: 1.104, data_time: 0.012, memory: 37111, loss_mask: 0.1200, loss_texture: 0.0390, iou: 0.8106, loss: 0.1590
2026-05-02 18:57:06,600 - mmdet - INFO - Iter [4125/120000]	lr: 1.000e-04, eta: 1 day, 14:51:59, time: 1.108, data_time: 0.012, memory: 37111, loss_mask: 0.0959, loss_texture: 0.0355, iou: 0.8063, loss: 0.1315
2026-05-02 18:57:34,326 - mmdet - INFO - Iter [4150/120000]	lr: 1.000e-04, eta: 1 day, 14:50:20, time: 1.109, data_time: 0.012, memory: 37111, loss_mask: 0.1043, loss_texture: 0.0372, iou: 0.8186, loss: 0.1415
2026-05-02 18:58:02,041 - mmdet - INFO - Iter [4175/120000]	lr: 1.000e-04, eta: 1 day, 14:48:42, time: 1.109, data_time: 0.012, memory: 37111, loss_mask: 0.1305, loss_texture: 0.0397, iou: 0.8167, loss: 0.1702
2026-05-02 18:58:30,042 - mmdet - INFO - Iter [4200/120000]	lr: 1.000e-04, eta: 1 day, 14:47:12, time: 1.120, data_time: 0.012, memory: 37111, loss_mask: 0.1649, loss_texture: 0.0494, iou: 0.7686, loss: 0.2143
2026-05-02 18:58:57,752 - mmdet - INFO - Iter [4225/120000]	lr: 1.000e-04, eta: 1 day, 14:45:35, time: 1.108, data_time: 0.012, memory: 37111, loss_mask: 0.1232, loss_texture: 0.0414, iou: 0.7899, loss: 0.1645
2026-05-02 18:59:25,538 - mmdet - INFO - Iter [4250/120000]	lr: 1.000e-04, eta: 1 day, 14:44:01, time: 1.111, data_time: 0.012, memory: 37111, loss_mask: 0.1098, loss_texture: 0.0392, iou: 0.8091, loss: 0.1490
2026-05-02 18:59:53,277 - mmdet - INFO - Iter [4275/120000]	lr: 1.000e-04, eta: 1 day, 14:42:27, time: 1.110, data_time: 0.012, memory: 37111, loss_mask: 0.1127, loss_texture: 0.0340, iou: 0.7834, loss: 0.1467
2026-05-02 19:00:21,060 - mmdet - INFO - Iter [4300/120000]	lr: 1.000e-04, eta: 1 day, 14:40:54, time: 1.111, data_time: 0.012, memory: 37111, loss_mask: 0.0987, loss_texture: 0.0351, iou: 0.8021, loss: 0.1338
2026-05-02 19:00:48,715 - mmdet - INFO - Iter [4325/120000]	lr: 1.000e-04, eta: 1 day, 14:39:19, time: 1.106, data_time: 0.011, memory: 37111, loss_mask: 0.1156, loss_texture: 0.0420, iou: 0.8217, loss: 0.1576
2026-05-02 19:01:16,435 - mmdet - INFO - Iter [4350/120000]	lr: 1.000e-04, eta: 1 day, 14:37:46, time: 1.109, data_time: 0.012, memory: 37111, loss_mask: 0.1165, loss_texture: 0.0422, iou: 0.8220, loss: 0.1587
2026-05-02 19:01:44,201 - mmdet - INFO - Iter [4375/120000]	lr: 1.000e-04, eta: 1 day, 14:36:15, time: 1.111, data_time: 0.012, memory: 37111, loss_mask: 0.0978, loss_texture: 0.0368, iou: 0.8257, loss: 0.1347
2026-05-02 19:02:12,019 - mmdet - INFO - Iter [4400/120000]	lr: 1.000e-04, eta: 1 day, 14:34:47, time: 1.113, data_time: 0.012, memory: 37111, loss_mask: 0.1137, loss_texture: 0.0373, iou: 0.8285, loss: 0.1510
2026-05-02 19:02:39,848 - mmdet - INFO - Iter [4425/120000]	lr: 1.000e-04, eta: 1 day, 14:33:19, time: 1.113, data_time: 0.012, memory: 37111, loss_mask: 0.1236, loss_texture: 0.0415, iou: 0.7927, loss: 0.1650
2026-05-02 19:03:07,477 - mmdet - INFO - Iter [4450/120000]	lr: 1.000e-04, eta: 1 day, 14:31:47, time: 1.105, data_time: 0.012, memory: 37111, loss_mask: 0.0974, loss_texture: 0.0346, iou: 0.8006, loss: 0.1319
2026-05-02 19:03:35,137 - mmdet - INFO - Iter [4475/120000]	lr: 1.000e-04, eta: 1 day, 14:30:16, time: 1.106, data_time: 0.012, memory: 37111, loss_mask: 0.0967, loss_texture: 0.0351, iou: 0.8232, loss: 0.1317
2026-05-02 19:04:02,964 - mmdet - INFO - 
--- Val evaluation at iter 4500 ---
2026-05-02 19:04:51,687 - mmdet - INFO - 
+------------+-------------+-------------+
| Class      | Val IoU     | Pseudo IoU  |
+------------+-------------+-------------+
| background | 90.45       | 92.68       |
| building   | 56.57       | 69.14       |
| Summary    | mIoU: 73.51 | mIoU: 80.91 |
+------------+-------------+-------------+
Images evaluated: 218
2026-05-02 19:04:53,053 - mmdet - INFO - Iter [4500/120000]	lr: 1.000e-04, eta: 1 day, 14:28:50, time: 1.113, data_time: 0.012, memory: 37111, val/mIoU: 0.7351, val/IoU.building: 0.5657, val/IoU.background: 0.9045, val/Pseudo_mIoU: 0.8091, loss_mask: 0.1084, loss_texture: 0.0373, iou: 0.8216, loss: 0.1457
2026-05-02 19:05:20,727 - mmdet - INFO - Iter [4525/120000]	lr: 1.000e-04, eta: 1 day, 14:48:40, time: 3.111, data_time: 2.017, memory: 37111, loss_mask: 0.1066, loss_texture: 0.0402, iou: 0.8111, loss: 0.1468
2026-05-02 19:05:48,206 - mmdet - INFO - Iter [4550/120000]	lr: 1.000e-04, eta: 1 day, 14:46:59, time: 1.099, data_time: 0.012, memory: 37111, loss_mask: 0.0916, loss_texture: 0.0327, iou: 0.8107, loss: 0.1243
2026-05-02 19:06:15,844 - mmdet - INFO - Iter [4575/120000]	lr: 1.000e-04, eta: 1 day, 14:45:23, time: 1.106, data_time: 0.012, memory: 37111, loss_mask: 0.1079, loss_texture: 0.0364, iou: 0.8125, loss: 0.1443
2026-05-02 19:06:43,553 - mmdet - INFO - Iter [4600/120000]	lr: 1.000e-04, eta: 1 day, 14:43:50, time: 1.108, data_time: 0.012, memory: 37111, loss_mask: 0.1088, loss_texture: 0.0381, iou: 0.8340, loss: 0.1469
2026-05-02 19:07:11,296 - mmdet - INFO - Iter [4625/120000]	lr: 1.000e-04, eta: 1 day, 14:42:19, time: 1.110, data_time: 0.012, memory: 37111, loss_mask: 0.1131, loss_texture: 0.0423, iou: 0.8212, loss: 0.1554
2026-05-02 19:07:39,078 - mmdet - INFO - Iter [4650/120000]	lr: 1.000e-04, eta: 1 day, 14:40:49, time: 1.111, data_time: 0.012, memory: 37111, loss_mask: 0.1017, loss_texture: 0.0392, iou: 0.8232, loss: 0.1409
2026-05-02 19:08:06,645 - mmdet - INFO - Iter [4675/120000]	lr: 1.000e-04, eta: 1 day, 14:39:14, time: 1.103, data_time: 0.012, memory: 37111, loss_mask: 0.1022, loss_texture: 0.0369, iou: 0.8175, loss: 0.1391
2026-05-02 19:08:34,165 - mmdet - INFO - Iter [4700/120000]	lr: 1.000e-04, eta: 1 day, 14:37:39, time: 1.101, data_time: 0.012, memory: 37111, loss_mask: 0.0976, loss_texture: 0.0355, iou: 0.8223, loss: 0.1331
2026-05-02 19:09:01,847 - mmdet - INFO - Iter [4725/120000]	lr: 1.000e-04, eta: 1 day, 14:36:08, time: 1.107, data_time: 0.012, memory: 37111, loss_mask: 0.1113, loss_texture: 0.0391, iou: 0.8260, loss: 0.1504
2026-05-02 19:09:29,590 - mmdet - INFO - Iter [4750/120000]	lr: 1.000e-04, eta: 1 day, 14:34:40, time: 1.110, data_time: 0.012, memory: 37111, loss_mask: 0.1036, loss_texture: 0.0322, iou: 0.8264, loss: 0.1358
2026-05-02 19:09:57,325 - mmdet - INFO - Iter [4775/120000]	lr: 1.000e-04, eta: 1 day, 14:33:12, time: 1.109, data_time: 0.012, memory: 37111, loss_mask: 0.1186, loss_texture: 0.0409, iou: 0.7951, loss: 0.1595
2026-05-02 19:10:24,908 - mmdet - INFO - Iter [4800/120000]	lr: 1.000e-04, eta: 1 day, 14:31:41, time: 1.103, data_time: 0.012, memory: 37111, loss_mask: 0.1116, loss_texture: 0.0373, iou: 0.8265, loss: 0.1489
2026-05-02 19:10:52,613 - mmdet - INFO - Iter [4825/120000]	lr: 1.000e-04, eta: 1 day, 14:30:14, time: 1.108, data_time: 0.012, memory: 37111, loss_mask: 0.0970, loss_texture: 0.0370, iou: 0.8178, loss: 0.1340
2026-05-02 19:11:20,469 - mmdet - INFO - Iter [4850/120000]	lr: 1.000e-04, eta: 1 day, 14:28:51, time: 1.114, data_time: 0.012, memory: 37111, loss_mask: 0.1094, loss_texture: 0.0397, iou: 0.8378, loss: 0.1492
2026-05-02 19:11:48,300 - mmdet - INFO - Iter [4875/120000]	lr: 1.000e-04, eta: 1 day, 14:27:28, time: 1.113, data_time: 0.012, memory: 37111, loss_mask: 0.0939, loss_texture: 0.0350, iou: 0.8458, loss: 0.1289
2026-05-02 19:12:16,164 - mmdet - INFO - Iter [4900/120000]	lr: 1.000e-04, eta: 1 day, 14:26:06, time: 1.115, data_time: 0.012, memory: 37111, loss_mask: 0.1020, loss_texture: 0.0373, iou: 0.8204, loss: 0.1392
2026-05-02 19:12:43,891 - mmdet - INFO - Iter [4925/120000]	lr: 1.000e-04, eta: 1 day, 14:24:42, time: 1.109, data_time: 0.012, memory: 37111, loss_mask: 0.1191, loss_texture: 0.0415, iou: 0.8162, loss: 0.1606
2026-05-02 19:13:11,543 - mmdet - INFO - Iter [4950/120000]	lr: 1.000e-04, eta: 1 day, 14:23:16, time: 1.106, data_time: 0.012, memory: 37111, loss_mask: 0.1058, loss_texture: 0.0402, iou: 0.8158, loss: 0.1460
2026-05-02 19:13:39,212 - mmdet - INFO - Iter [4975/120000]	lr: 1.000e-04, eta: 1 day, 14:21:52, time: 1.107, data_time: 0.012, memory: 37111, loss_mask: 0.0911, loss_texture: 0.0336, iou: 0.8429, loss: 0.1246
2026-05-02 19:14:06,975 - mmdet - INFO - 
--- Val evaluation at iter 5000 ---
2026-05-02 19:14:55,712 - mmdet - INFO - 
+------------+-------------+-------------+
| Class      | Val IoU     | Pseudo IoU  |
+------------+-------------+-------------+
| background | 92.13       | 92.68       |
| building   | 67.15       | 69.14       |
| Summary    | mIoU: 79.64 | mIoU: 80.91 |
+------------+-------------+-------------+
Images evaluated: 218
2026-05-02 19:14:58,466 - mmdet - INFO - ★ New best mIoU: 79.64% (prev: 77.57%, Δ=+2.06%) → saved to /home/ubuntu/vy/Denoiser/SegRefiner/work_dirs/exp8_all/best_model.pth
2026-05-02 19:14:58,471 - mmdet - INFO - Exp name: exp8_all.py
2026-05-02 19:14:58,471 - mmdet - INFO - Iter [5000/120000]	lr: 1.000e-04, eta: 1 day, 14:20:30, time: 1.111, data_time: 0.012, memory: 37111, val/mIoU: 0.7964, val/IoU.building: 0.6715, val/IoU.background: 0.9213, val/Pseudo_mIoU: 0.8091, loss_mask: 0.0899, loss_texture: 0.0344, iou: 0.8431, loss: 0.1243
2026-05-02 19:15:26,085 - mmdet - INFO - Iter [5025/120000]	lr: 1.000e-04, eta: 1 day, 14:38:43, time: 3.164, data_time: 2.072, memory: 37111, loss_mask: 0.0928, loss_texture: 0.0353, iou: 0.8382, loss: 0.1281
2026-05-02 19:15:53,902 - mmdet - INFO - Iter [5050/120000]	lr: 1.000e-04, eta: 1 day, 14:37:18, time: 1.113, data_time: 0.012, memory: 37111, loss_mask: 0.1055, loss_texture: 0.0405, iou: 0.8337, loss: 0.1460
2026-05-02 19:16:21,621 - mmdet - INFO - Iter [5075/120000]	lr: 1.000e-04, eta: 1 day, 14:35:50, time: 1.109, data_time: 0.012, memory: 37111, loss_mask: 0.0980, loss_texture: 0.0367, iou: 0.8260, loss: 0.1347
2026-05-02 19:16:49,388 - mmdet - INFO - Iter [5100/120000]	lr: 1.000e-04, eta: 1 day, 14:34:25, time: 1.111, data_time: 0.012, memory: 37111, loss_mask: 0.0982, loss_texture: 0.0367, iou: 0.8207, loss: 0.1349
2026-05-02 19:17:17,200 - mmdet - INFO - Iter [5125/120000]	lr: 1.000e-04, eta: 1 day, 14:33:01, time: 1.112, data_time: 0.012, memory: 37111, loss_mask: 0.0781, loss_texture: 0.0303, iou: 0.8405, loss: 0.1084
2026-05-02 19:17:44,891 - mmdet - INFO - Iter [5150/120000]	lr: 1.000e-04, eta: 1 day, 14:31:34, time: 1.108, data_time: 0.012, memory: 37111, loss_mask: 0.0992, loss_texture: 0.0371, iou: 0.8335, loss: 0.1363
2026-05-02 19:18:12,662 - mmdet - INFO - Iter [5175/120000]	lr: 1.000e-04, eta: 1 day, 14:30:10, time: 1.111, data_time: 0.012, memory: 37111, loss_mask: 0.0899, loss_texture: 0.0351, iou: 0.8232, loss: 0.1250
2026-05-02 19:18:40,421 - mmdet - INFO - Iter [5200/120000]	lr: 1.000e-04, eta: 1 day, 14:28:47, time: 1.110, data_time: 0.012, memory: 37111, loss_mask: 0.0899, loss_texture: 0.0349, iou: 0.8527, loss: 0.1248
2026-05-02 19:19:08,125 - mmdet - INFO - Iter [5225/120000]	lr: 1.000e-04, eta: 1 day, 14:27:23, time: 1.108, data_time: 0.012, memory: 37111, loss_mask: 0.0835, loss_texture: 0.0315, iou: 0.8246, loss: 0.1150
2026-05-02 19:19:35,780 - mmdet - INFO - Iter [5250/120000]	lr: 1.000e-04, eta: 1 day, 14:25:58, time: 1.106, data_time: 0.012, memory: 37111, loss_mask: 0.1079, loss_texture: 0.0357, iou: 0.8406, loss: 0.1436
2026-05-02 19:20:03,506 - mmdet - INFO - Iter [5275/120000]	lr: 1.000e-04, eta: 1 day, 14:24:35, time: 1.109, data_time: 0.012, memory: 37111, loss_mask: 0.1568, loss_texture: 0.0441, iou: 0.7320, loss: 0.2009
2026-05-02 19:20:31,273 - mmdet - INFO - Iter [5300/120000]	lr: 1.000e-04, eta: 1 day, 14:23:14, time: 1.111, data_time: 0.012, memory: 37111, loss_mask: 0.1543, loss_texture: 0.0453, iou: 0.7593, loss: 0.1997
2026-05-02 19:20:59,134 - mmdet - INFO - Iter [5325/120000]	lr: 1.000e-04, eta: 1 day, 14:21:55, time: 1.114, data_time: 0.012, memory: 37111, loss_mask: 0.1368, loss_texture: 0.0455, iou: 0.7918, loss: 0.1823
2026-05-02 19:21:26,822 - mmdet - INFO - Iter [5350/120000]	lr: 1.000e-04, eta: 1 day, 14:20:33, time: 1.108, data_time: 0.012, memory: 37111, loss_mask: 0.1199, loss_texture: 0.0413, iou: 0.8139, loss: 0.1612
2026-05-02 19:21:54,486 - mmdet - INFO - Iter [5375/120000]	lr: 1.000e-04, eta: 1 day, 14:19:11, time: 1.107, data_time: 0.012, memory: 37111, loss_mask: 0.0909, loss_texture: 0.0326, iou: 0.8188, loss: 0.1235
2026-05-02 19:22:22,293 - mmdet - INFO - Iter [5400/120000]	lr: 1.000e-04, eta: 1 day, 14:17:52, time: 1.112, data_time: 0.012, memory: 37111, loss_mask: 0.0983, loss_texture: 0.0371, iou: 0.8335, loss: 0.1354
2026-05-02 19:22:50,067 - mmdet - INFO - Iter [5425/120000]	lr: 1.000e-04, eta: 1 day, 14:16:34, time: 1.111, data_time: 0.012, memory: 37111, loss_mask: 0.1151, loss_texture: 0.0397, iou: 0.8397, loss: 0.1548
2026-05-02 19:23:17,925 - mmdet - INFO - Iter [5450/120000]	lr: 1.000e-04, eta: 1 day, 14:15:17, time: 1.114, data_time: 0.012, memory: 37111, loss_mask: 0.1146, loss_texture: 0.0403, iou: 0.8169, loss: 0.1550
2026-05-02 19:23:45,817 - mmdet - INFO - Iter [5475/120000]	lr: 1.000e-04, eta: 1 day, 14:14:02, time: 1.116, data_time: 0.012, memory: 37111, loss_mask: 0.1047, loss_texture: 0.0382, iou: 0.8229, loss: 0.1428
2026-05-02 19:24:13,615 - mmdet - INFO - 
--- Val evaluation at iter 5500 ---
2026-05-02 19:25:02,228 - mmdet - INFO - 
+------------+-------------+-------------+
| Class      | Val IoU     | Pseudo IoU  |
+------------+-------------+-------------+
| background | 90.50       | 92.68       |
| building   | 56.53       | 69.14       |
| Summary    | mIoU: 73.52 | mIoU: 80.91 |
+------------+-------------+-------------+
Images evaluated: 218
2026-05-02 19:25:03,689 - mmdet - INFO - Iter [5500/120000]	lr: 1.000e-04, eta: 1 day, 14:12:45, time: 1.112, data_time: 0.012, memory: 37111, val/mIoU: 0.7352, val/IoU.building: 0.5653, val/IoU.background: 0.9050, val/Pseudo_mIoU: 0.8091, loss_mask: 0.0984, loss_texture: 0.0371, iou: 0.8134, loss: 0.1355
2026-05-02 19:25:31,526 - mmdet - INFO - Iter [5525/120000]	lr: 1.000e-04, eta: 1 day, 14:28:47, time: 3.116, data_time: 2.015, memory: 37111, loss_mask: 0.0987, loss_texture: 0.0373, iou: 0.8216, loss: 0.1360
2026-05-02 19:25:59,094 - mmdet - INFO - Iter [5550/120000]	lr: 1.000e-04, eta: 1 day, 14:27:21, time: 1.103, data_time: 0.012, memory: 37111, loss_mask: 0.1137, loss_texture: 0.0408, iou: 0.8277, loss: 0.1545
2026-05-02 19:26:26,730 - mmdet - INFO - Iter [5575/120000]	lr: 1.000e-04, eta: 1 day, 14:25:58, time: 1.105, data_time: 0.012, memory: 37111, loss_mask: 0.0939, loss_texture: 0.0368, iou: 0.8256, loss: 0.1308
2026-05-02 19:26:54,409 - mmdet - INFO - Iter [5600/120000]	lr: 1.000e-04, eta: 1 day, 14:24:35, time: 1.107, data_time: 0.012, memory: 37111, loss_mask: 0.1015, loss_texture: 0.0371, iou: 0.8367, loss: 0.1386
2026-05-02 19:27:22,163 - mmdet - INFO - Iter [5625/120000]	lr: 1.000e-04, eta: 1 day, 14:23:15, time: 1.110, data_time: 0.012, memory: 37111, loss_mask: 0.0976, loss_texture: 0.0345, iou: 0.8214, loss: 0.1321
2026-05-02 19:27:49,927 - mmdet - INFO - Iter [5650/120000]	lr: 1.000e-04, eta: 1 day, 14:21:55, time: 1.111, data_time: 0.012, memory: 37111, loss_mask: 0.0937, loss_texture: 0.0350, iou: 0.8227, loss: 0.1287
2026-05-02 19:28:17,698 - mmdet - INFO - Iter [5675/120000]	lr: 1.000e-04, eta: 1 day, 14:20:36, time: 1.111, data_time: 0.012, memory: 37111, loss_mask: 0.1033, loss_texture: 0.0389, iou: 0.8316, loss: 0.1422
2026-05-02 19:28:45,574 - mmdet - INFO - Iter [5700/120000]	lr: 1.000e-04, eta: 1 day, 14:19:20, time: 1.115, data_time: 0.012, memory: 37111, loss_mask: 0.0945, loss_texture: 0.0362, iou: 0.8524, loss: 0.1307
2026-05-02 19:29:13,367 - mmdet - INFO - Iter [5725/120000]	lr: 1.000e-04, eta: 1 day, 14:18:02, time: 1.112, data_time: 0.012, memory: 37111, loss_mask: 0.0927, loss_texture: 0.0335, iou: 0.8304, loss: 0.1262
2026-05-02 19:29:41,126 - mmdet - INFO - Iter [5750/120000]	lr: 1.000e-04, eta: 1 day, 14:16:44, time: 1.110, data_time: 0.012, memory: 37111, loss_mask: 0.0926, loss_texture: 0.0341, iou: 0.8483, loss: 0.1267
2026-05-02 19:30:08,870 - mmdet - INFO - Iter [5775/120000]	lr: 1.000e-04, eta: 1 day, 14:15:26, time: 1.110, data_time: 0.012, memory: 37111, loss_mask: 0.1029, loss_texture: 0.0378, iou: 0.8217, loss: 0.1407
2026-05-02 19:30:36,622 - mmdet - INFO - Iter [5800/120000]	lr: 1.000e-04, eta: 1 day, 14:14:09, time: 1.110, data_time: 0.012, memory: 37111, loss_mask: 0.0953, loss_texture: 0.0359, iou: 0.8330, loss: 0.1312
2026-05-02 19:31:04,232 - mmdet - INFO - Iter [5825/120000]	lr: 1.000e-04, eta: 1 day, 14:12:49, time: 1.104, data_time: 0.012, memory: 37111, loss_mask: 0.0885, loss_texture: 0.0325, iou: 0.8222, loss: 0.1209
2026-05-02 19:31:31,944 - mmdet - INFO - Iter [5850/120000]	lr: 1.000e-04, eta: 1 day, 14:11:32, time: 1.108, data_time: 0.012, memory: 37111, loss_mask: 0.0880, loss_texture: 0.0348, iou: 0.8350, loss: 0.1227
2026-05-02 19:31:59,594 - mmdet - INFO - Iter [5875/120000]	lr: 1.000e-04, eta: 1 day, 14:10:14, time: 1.106, data_time: 0.012, memory: 37111, loss_mask: 0.0919, loss_texture: 0.0339, iou: 0.8372, loss: 0.1257
2026-05-02 19:32:27,354 - mmdet - INFO - Iter [5900/120000]	lr: 1.000e-04, eta: 1 day, 14:08:59, time: 1.110, data_time: 0.012, memory: 37111, loss_mask: 0.1054, loss_texture: 0.0376, iou: 0.8209, loss: 0.1431
2026-05-02 19:32:55,321 - mmdet - INFO - Iter [5925/120000]	lr: 1.000e-04, eta: 1 day, 14:07:48, time: 1.119, data_time: 0.012, memory: 37111, loss_mask: 0.0957, loss_texture: 0.0371, iou: 0.8210, loss: 0.1328
2026-05-02 19:33:23,305 - mmdet - INFO - Iter [5950/120000]	lr: 1.000e-04, eta: 1 day, 14:06:38, time: 1.119, data_time: 0.012, memory: 37111, loss_mask: 0.1019, loss_texture: 0.0386, iou: 0.8506, loss: 0.1405
2026-05-02 19:33:50,948 - mmdet - INFO - Iter [5975/120000]	lr: 1.000e-04, eta: 1 day, 14:05:21, time: 1.106, data_time: 0.012, memory: 37111, loss_mask: 0.0854, loss_texture: 0.0324, iou: 0.8495, loss: 0.1179
2026-05-02 19:34:18,564 - mmdet - INFO - 
--- Val evaluation at iter 6000 ---
2026-05-02 19:35:07,221 - mmdet - INFO - 
+------------+-------------+-------------+
| Class      | Val IoU     | Pseudo IoU  |
+------------+-------------+-------------+
| background | 91.59       | 92.68       |
| building   | 63.56       | 69.14       |
| Summary    | mIoU: 77.58 | mIoU: 80.91 |
+------------+-------------+-------------+
Images evaluated: 218
2026-05-02 19:35:08,633 - mmdet - INFO - Exp name: exp8_all.py
2026-05-02 19:35:08,633 - mmdet - INFO - Iter [6000/120000]	lr: 1.000e-04, eta: 1 day, 14:04:05, time: 1.105, data_time: 0.012, memory: 37111, val/mIoU: 0.7758, val/IoU.building: 0.6356, val/IoU.background: 0.9159, val/Pseudo_mIoU: 0.8091, loss_mask: 0.0821, loss_texture: 0.0328, iou: 0.8197, loss: 0.1149
2026-05-02 19:35:36,451 - mmdet - INFO - Iter [6025/120000]	lr: 1.000e-04, eta: 1 day, 14:18:39, time: 3.115, data_time: 2.015, memory: 37111, loss_mask: 0.0983, loss_texture: 0.0375, iou: 0.8334, loss: 0.1358
2026-05-02 19:36:04,346 - mmdet - INFO - Iter [6050/120000]	lr: 1.000e-04, eta: 1 day, 14:17:25, time: 1.116, data_time: 0.012, memory: 37111, loss_mask: 0.0955, loss_texture: 0.0384, iou: 0.8532, loss: 0.1339
2026-05-02 19:36:32,092 - mmdet - INFO - Iter [6075/120000]	lr: 1.000e-04, eta: 1 day, 14:16:08, time: 1.110, data_time: 0.012, memory: 37111, loss_mask: 0.0960, loss_texture: 0.0379, iou: 0.8292, loss: 0.1339
2026-05-02 19:36:59,928 - mmdet - INFO - Iter [6100/120000]	lr: 1.000e-04, eta: 1 day, 14:14:53, time: 1.113, data_time: 0.012, memory: 37111, loss_mask: 0.0959, loss_texture: 0.0385, iou: 0.8258, loss: 0.1344
2026-05-02 19:37:27,549 - mmdet - INFO - Iter [6125/120000]	lr: 1.000e-04, eta: 1 day, 14:13:34, time: 1.105, data_time: 0.012, memory: 37111, loss_mask: 0.1180, loss_texture: 0.0388, iou: 0.8127, loss: 0.1568
2026-05-02 19:37:55,259 - mmdet - INFO - Iter [6150/120000]	lr: 1.000e-04, eta: 1 day, 14:12:18, time: 1.108, data_time: 0.012, memory: 37111, loss_mask: 0.1046, loss_texture: 0.0353, iou: 0.8176, loss: 0.1399
2026-05-02 19:38:23,082 - mmdet - INFO - Iter [6175/120000]	lr: 1.000e-04, eta: 1 day, 14:11:03, time: 1.113, data_time: 0.012, memory: 37111, loss_mask: 0.0991, loss_texture: 0.0369, iou: 0.8608, loss: 0.1359
2026-05-02 19:38:50,616 - mmdet - INFO - Iter [6200/120000]	lr: 1.000e-04, eta: 1 day, 14:09:44, time: 1.101, data_time: 0.012, memory: 37111, loss_mask: 0.0921, loss_texture: 0.0348, iou: 0.8293, loss: 0.1269
2026-05-02 19:39:18,140 - mmdet - INFO - Iter [6225/120000]	lr: 1.000e-04, eta: 1 day, 14:08:26, time: 1.101, data_time: 0.012, memory: 37111, loss_mask: 0.1321, loss_texture: 0.0395, iou: 0.7881, loss: 0.1715
2026-05-02 19:39:45,805 - mmdet - INFO - Iter [6250/120000]	lr: 1.000e-04, eta: 1 day, 14:07:10, time: 1.107, data_time: 0.012, memory: 37111, loss_mask: 0.1077, loss_texture: 0.0378, iou: 0.8200, loss: 0.1455
2026-05-02 19:40:13,528 - mmdet - INFO - Iter [6275/120000]	lr: 1.000e-04, eta: 1 day, 14:05:56, time: 1.109, data_time: 0.012, memory: 37111, loss_mask: 0.0991, loss_texture: 0.0374, iou: 0.8469, loss: 0.1365
2026-05-02 19:40:41,233 - mmdet - INFO - Iter [6300/120000]	lr: 1.000e-04, eta: 1 day, 14:04:41, time: 1.108, data_time: 0.012, memory: 37111, loss_mask: 0.0978, loss_texture: 0.0348, iou: 0.8362, loss: 0.1327
2026-05-02 19:41:09,146 - mmdet - INFO - Iter [6325/120000]	lr: 1.000e-04, eta: 1 day, 14:03:31, time: 1.117, data_time: 0.012, memory: 37111, loss_mask: 0.0916, loss_texture: 0.0357, iou: 0.8299, loss: 0.1273
2026-05-02 19:41:36,869 - mmdet - INFO - Iter [6350/120000]	lr: 1.000e-04, eta: 1 day, 14:02:18, time: 1.109, data_time: 0.012, memory: 37111, loss_mask: 0.0911, loss_texture: 0.0356, iou: 0.8384, loss: 0.1267
2026-05-02 19:42:04,557 - mmdet - INFO - Iter [6375/120000]	lr: 1.000e-04, eta: 1 day, 14:01:04, time: 1.107, data_time: 0.012, memory: 37111, loss_mask: 0.0869, loss_texture: 0.0351, iou: 0.8390, loss: 0.1219
2026-05-02 19:42:32,156 - mmdet - INFO - Iter [6400/120000]	lr: 1.000e-04, eta: 1 day, 13:59:50, time: 1.104, data_time: 0.012, memory: 37111, loss_mask: 0.0774, loss_texture: 0.0300, iou: 0.8431, loss: 0.1074
2026-05-02 19:42:59,841 - mmdet - INFO - Iter [6425/120000]	lr: 1.000e-04, eta: 1 day, 13:58:37, time: 1.107, data_time: 0.012, memory: 37111, loss_mask: 0.1088, loss_texture: 0.0393, iou: 0.8466, loss: 0.1481
2026-05-02 19:43:27,593 - mmdet - INFO - Iter [6450/120000]	lr: 1.000e-04, eta: 1 day, 13:57:25, time: 1.110, data_time: 0.012, memory: 37111, loss_mask: 0.0970, loss_texture: 0.0349, iou: 0.8062, loss: 0.1320
2026-05-02 19:43:55,351 - mmdet - INFO - Iter [6475/120000]	lr: 1.000e-04, eta: 1 day, 13:56:15, time: 1.110, data_time: 0.012, memory: 37111, loss_mask: 0.0879, loss_texture: 0.0336, iou: 0.8373, loss: 0.1214
2026-05-02 19:44:23,103 - mmdet - INFO - 
--- Val evaluation at iter 6500 ---
2026-05-02 19:45:11,614 - mmdet - INFO - 
+------------+-------------+-------------+
| Class      | Val IoU     | Pseudo IoU  |
+------------+-------------+-------------+
| background | 89.84       | 92.68       |
| building   | 53.11       | 69.14       |
| Summary    | mIoU: 71.48 | mIoU: 80.91 |
+------------+-------------+-------------+
Images evaluated: 218
2026-05-02 19:45:13,018 - mmdet - INFO - Iter [6500/120000]	lr: 1.000e-04, eta: 1 day, 13:55:04, time: 1.110, data_time: 0.012, memory: 37111, val/mIoU: 0.7148, val/IoU.building: 0.5311, val/IoU.background: 0.8984, val/Pseudo_mIoU: 0.8091, loss_mask: 0.1057, loss_texture: 0.0389, iou: 0.8406, loss: 0.1446
2026-05-02 19:45:40,962 - mmdet - INFO - Iter [6525/120000]	lr: 1.000e-04, eta: 1 day, 14:08:25, time: 3.114, data_time: 2.008, memory: 37111, loss_mask: 0.0854, loss_texture: 0.0347, iou: 0.8524, loss: 0.1201
2026-05-02 19:46:08,791 - mmdet - INFO - Iter [6550/120000]	lr: 1.000e-04, eta: 1 day, 14:07:13, time: 1.113, data_time: 0.012, memory: 37111, loss_mask: 0.0857, loss_texture: 0.0331, iou: 0.8439, loss: 0.1188
2026-05-02 19:46:36,583 - mmdet - INFO - Iter [6575/120000]	lr: 1.000e-04, eta: 1 day, 14:06:00, time: 1.112, data_time: 0.012, memory: 37111, loss_mask: 0.0903, loss_texture: 0.0352, iou: 0.8410, loss: 0.1255
2026-05-02 19:47:04,414 - mmdet - INFO - Iter [6600/120000]	lr: 1.000e-04, eta: 1 day, 14:04:49, time: 1.113, data_time: 0.012, memory: 37111, loss_mask: 0.0904, loss_texture: 0.0359, iou: 0.8480, loss: 0.1263
2026-05-02 19:47:32,301 - mmdet - INFO - Iter [6625/120000]	lr: 1.000e-04, eta: 1 day, 14:03:39, time: 1.115, data_time: 0.012, memory: 37111, loss_mask: 0.0881, loss_texture: 0.0348, iou: 0.8521, loss: 0.1230
2026-05-02 19:48:00,031 - mmdet - INFO - Iter [6650/120000]	lr: 1.000e-04, eta: 1 day, 14:02:26, time: 1.109, data_time: 0.012, memory: 37111, loss_mask: 0.0777, loss_texture: 0.0302, iou: 0.8248, loss: 0.1079
2026-05-02 19:48:27,630 - mmdet - INFO - Iter [6675/120000]	lr: 1.000e-04, eta: 1 day, 14:01:12, time: 1.104, data_time: 0.012, memory: 37111, loss_mask: 0.0972, loss_texture: 0.0350, iou: 0.8227, loss: 0.1322
2026-05-02 19:48:55,421 - mmdet - INFO - Iter [6700/120000]	lr: 1.000e-04, eta: 1 day, 14:00:01, time: 1.112, data_time: 0.012, memory: 37111, loss_mask: 0.0932, loss_texture: 0.0351, iou: 0.8582, loss: 0.1282
2026-05-02 19:49:23,346 - mmdet - INFO - Iter [6725/120000]	lr: 1.000e-04, eta: 1 day, 13:58:52, time: 1.117, data_time: 0.012, memory: 37111, loss_mask: 0.0994, loss_texture: 0.0373, iou: 0.8485, loss: 0.1367
2026-05-02 19:49:51,179 - mmdet - INFO - Iter [6750/120000]	lr: 1.000e-04, eta: 1 day, 13:57:43, time: 1.113, data_time: 0.012, memory: 37111, loss_mask: 0.0878, loss_texture: 0.0338, iou: 0.8292, loss: 0.1216
2026-05-02 19:50:18,912 - mmdet - INFO - Iter [6775/120000]	lr: 1.000e-04, eta: 1 day, 13:56:32, time: 1.109, data_time: 0.012, memory: 37111, loss_mask: 0.0944, loss_texture: 0.0362, iou: 0.8407, loss: 0.1306
2026-05-02 19:50:46,503 - mmdet - INFO - Iter [6800/120000]	lr: 1.000e-04, eta: 1 day, 13:55:19, time: 1.104, data_time: 0.012, memory: 37111, loss_mask: 0.0928, loss_texture: 0.0352, iou: 0.8485, loss: 0.1280
2026-05-02 19:51:14,201 - mmdet - INFO - Iter [6825/120000]	lr: 1.000e-04, eta: 1 day, 13:54:08, time: 1.108, data_time: 0.012, memory: 37111, loss_mask: 0.0874, loss_texture: 0.0344, iou: 0.8451, loss: 0.1218
2026-05-02 19:51:42,178 - mmdet - INFO - Iter [6850/120000]	lr: 1.000e-04, eta: 1 day, 13:53:02, time: 1.119, data_time: 0.012, memory: 37111, loss_mask: 0.0935, loss_texture: 0.0376, iou: 0.8433, loss: 0.1311
2026-05-02 19:52:10,051 - mmdet - INFO - Iter [6875/120000]	lr: 1.000e-04, eta: 1 day, 13:51:55, time: 1.115, data_time: 0.012, memory: 37111, loss_mask: 0.0969, loss_texture: 0.0373, iou: 0.8285, loss: 0.1343
2026-05-02 19:52:37,611 - mmdet - INFO - Iter [6900/120000]	lr: 1.000e-04, eta: 1 day, 13:50:43, time: 1.102, data_time: 0.012, memory: 37111, loss_mask: 0.1054, loss_texture: 0.0356, iou: 0.8339, loss: 0.1409
2026-05-02 19:53:05,223 - mmdet - INFO - Iter [6925/120000]	lr: 1.000e-04, eta: 1 day, 13:49:32, time: 1.104, data_time: 0.012, memory: 37111, loss_mask: 0.1054, loss_texture: 0.0377, iou: 0.7960, loss: 0.1431
2026-05-02 19:53:32,763 - mmdet - INFO - Iter [6950/120000]	lr: 1.000e-04, eta: 1 day, 13:48:20, time: 1.102, data_time: 0.012, memory: 37111, loss_mask: 0.1187, loss_texture: 0.0382, iou: 0.8138, loss: 0.1569
2026-05-02 19:54:00,355 - mmdet - INFO - Iter [6975/120000]	lr: 1.000e-04, eta: 1 day, 13:47:09, time: 1.104, data_time: 0.012, memory: 37111, loss_mask: 0.0975, loss_texture: 0.0352, iou: 0.8418, loss: 0.1328
2026-05-02 19:54:27,910 - mmdet - INFO - 
--- Val evaluation at iter 7000 ---
2026-05-02 19:55:16,605 - mmdet - INFO - 
+------------+-------------+-------------+
| Class      | Val IoU     | Pseudo IoU  |
+------------+-------------+-------------+
| background | 90.89       | 92.68       |
| building   | 58.94       | 69.14       |
| Summary    | mIoU: 74.91 | mIoU: 80.91 |
+------------+-------------+-------------+
Images evaluated: 218
2026-05-02 19:55:17,985 - mmdet - INFO - Exp name: exp8_all.py
2026-05-02 19:55:17,986 - mmdet - INFO - Iter [7000/120000]	lr: 1.000e-04, eta: 1 day, 13:45:58, time: 1.102, data_time: 0.012, memory: 37111, val/mIoU: 0.7491, val/IoU.building: 0.5894, val/IoU.background: 0.9089, val/Pseudo_mIoU: 0.8091, loss_mask: 0.0987, loss_texture: 0.0353, iou: 0.8271, loss: 0.1339
2026-05-02 19:55:45,804 - mmdet - INFO - Iter [7025/120000]	lr: 1.000e-04, eta: 1 day, 13:58:17, time: 3.116, data_time: 2.015, memory: 37111, loss_mask: 0.0998, loss_texture: 0.0375, iou: 0.8357, loss: 0.1373
2026-05-02 19:56:13,412 - mmdet - INFO - Iter [7050/120000]	lr: 1.000e-04, eta: 1 day, 13:57:05, time: 1.104, data_time: 0.012, memory: 37111, loss_mask: 0.1132, loss_texture: 0.0369, iou: 0.8213, loss: 0.1501
2026-05-02 19:56:41,127 - mmdet - INFO - Iter [7075/120000]	lr: 1.000e-04, eta: 1 day, 13:55:54, time: 1.109, data_time: 0.012, memory: 37111, loss_mask: 0.0926, loss_texture: 0.0352, iou: 0.8421, loss: 0.1278
2026-05-02 19:57:08,794 - mmdet - INFO - Iter [7100/120000]	lr: 1.000e-04, eta: 1 day, 13:54:43, time: 1.107, data_time: 0.012, memory: 37111, loss_mask: 0.0931, loss_texture: 0.0358, iou: 0.8306, loss: 0.1289
2026-05-02 19:57:36,357 - mmdet - INFO - Iter [7125/120000]	lr: 1.000e-04, eta: 1 day, 13:53:31, time: 1.103, data_time: 0.012, memory: 37111, loss_mask: 0.0872, loss_texture: 0.0338, iou: 0.8280, loss: 0.1210
2026-05-02 19:58:04,017 - mmdet - INFO - Iter [7150/120000]	lr: 1.000e-04, eta: 1 day, 13:52:20, time: 1.106, data_time: 0.012, memory: 37111, loss_mask: 0.0854, loss_texture: 0.0336, iou: 0.8440, loss: 0.1189
2026-05-02 19:58:31,764 - mmdet - INFO - Iter [7175/120000]	lr: 1.000e-04, eta: 1 day, 13:51:11, time: 1.110, data_time: 0.012, memory: 37111, loss_mask: 0.0956, loss_texture: 0.0399, iou: 0.8483, loss: 0.1355
2026-05-02 19:58:59,488 - mmdet - INFO - Iter [7200/120000]	lr: 1.000e-04, eta: 1 day, 13:50:03, time: 1.109, data_time: 0.012, memory: 37111, loss_mask: 0.0851, loss_texture: 0.0336, iou: 0.8627, loss: 0.1187
2026-05-02 19:59:27,230 - mmdet - INFO - Iter [7225/120000]	lr: 1.000e-04, eta: 1 day, 13:48:54, time: 1.110, data_time: 0.012, memory: 37111, loss_mask: 0.0878, loss_texture: 0.0348, iou: 0.8375, loss: 0.1226
2026-05-02 19:59:55,096 - mmdet - INFO - Iter [7250/120000]	lr: 1.000e-04, eta: 1 day, 13:47:48, time: 1.115, data_time: 0.012, memory: 37111, loss_mask: 0.0911, loss_texture: 0.0376, iou: 0.8507, loss: 0.1288
2026-05-02 20:00:22,758 - mmdet - INFO - Iter [7275/120000]	lr: 1.000e-04, eta: 1 day, 13:46:39, time: 1.107, data_time: 0.012, memory: 37111, loss_mask: 0.0847, loss_texture: 0.0331, iou: 0.8464, loss: 0.1178
2026-05-02 20:00:50,594 - mmdet - INFO - Iter [7300/120000]	lr: 1.000e-04, eta: 1 day, 13:45:33, time: 1.113, data_time: 0.012, memory: 37111, loss_mask: 0.1021, loss_texture: 0.0391, iou: 0.8424, loss: 0.1413
2026-05-02 20:01:18,241 - mmdet - INFO - Iter [7325/120000]	lr: 1.000e-04, eta: 1 day, 13:44:24, time: 1.106, data_time: 0.012, memory: 37111, loss_mask: 0.0715, loss_texture: 0.0284, iou: 0.8577, loss: 0.1000
2026-05-02 20:01:45,844 - mmdet - INFO - Iter [7350/120000]	lr: 1.000e-04, eta: 1 day, 13:43:15, time: 1.104, data_time: 0.012, memory: 37111, loss_mask: 0.0779, loss_texture: 0.0306, iou: 0.8483, loss: 0.1085
2026-05-02 20:02:13,706 - mmdet - INFO - Iter [7375/120000]	lr: 1.000e-04, eta: 1 day, 13:42:10, time: 1.114, data_time: 0.012, memory: 37111, loss_mask: 0.0920, loss_texture: 0.0350, iou: 0.8300, loss: 0.1271
2026-05-02 20:02:41,504 - mmdet - INFO - Iter [7400/120000]	lr: 1.000e-04, eta: 1 day, 13:41:05, time: 1.112, data_time: 0.012, memory: 37111, loss_mask: 0.0802, loss_texture: 0.0324, iou: 0.8387, loss: 0.1126
2026-05-02 20:03:09,150 - mmdet - INFO - Iter [7425/120000]	lr: 1.000e-04, eta: 1 day, 13:39:57, time: 1.106, data_time: 0.012, memory: 37111, loss_mask: 0.0787, loss_texture: 0.0317, iou: 0.8305, loss: 0.1105
2026-05-02 20:03:36,889 - mmdet - INFO - Iter [7450/120000]	lr: 1.000e-04, eta: 1 day, 13:38:51, time: 1.110, data_time: 0.012, memory: 37111, loss_mask: 0.0739, loss_texture: 0.0305, iou: 0.8574, loss: 0.1043
2026-05-02 20:04:04,825 - mmdet - INFO - Iter [7475/120000]	lr: 1.000e-04, eta: 1 day, 13:37:48, time: 1.117, data_time: 0.012, memory: 37111, loss_mask: 0.0916, loss_texture: 0.0356, iou: 0.8447, loss: 0.1272
2026-05-02 20:04:32,506 - mmdet - INFO - 
--- Val evaluation at iter 7500 ---
2026-05-02 20:05:21,005 - mmdet - INFO - 
+------------+-------------+-------------+
| Class      | Val IoU     | Pseudo IoU  |
+------------+-------------+-------------+
| background | 91.81       | 92.68       |
| building   | 67.10       | 69.14       |
| Summary    | mIoU: 79.45 | mIoU: 80.91 |
+------------+-------------+-------------+
Images evaluated: 218
2026-05-02 20:05:22,397 - mmdet - INFO - Iter [7500/120000]	lr: 1.000e-04, eta: 1 day, 13:36:42, time: 1.107, data_time: 0.012, memory: 37111, val/mIoU: 0.7945, val/IoU.building: 0.6710, val/IoU.background: 0.9181, val/Pseudo_mIoU: 0.8091, loss_mask: 0.0770, loss_texture: 0.0303, iou: 0.8557, loss: 0.1073
2026-05-02 20:05:50,086 - mmdet - INFO - Iter [7525/120000]	lr: 1.000e-04, eta: 1 day, 13:48:02, time: 3.103, data_time: 2.007, memory: 37111, loss_mask: 0.0842, loss_texture: 0.0339, iou: 0.8401, loss: 0.1182
2026-05-02 20:06:17,748 - mmdet - INFO - Iter [7550/120000]	lr: 1.000e-04, eta: 1 day, 13:46:53, time: 1.106, data_time: 0.012, memory: 37111, loss_mask: 0.0867, loss_texture: 0.0348, iou: 0.8520, loss: 0.1216
2026-05-02 20:06:45,499 - mmdet - INFO - Iter [7575/120000]	lr: 1.000e-04, eta: 1 day, 13:45:46, time: 1.110, data_time: 0.012, memory: 37111, loss_mask: 0.0787, loss_texture: 0.0329, iou: 0.8696, loss: 0.1116
2026-05-02 20:07:13,116 - mmdet - INFO - Iter [7600/120000]	lr: 1.000e-04, eta: 1 day, 13:44:37, time: 1.105, data_time: 0.012, memory: 37111, loss_mask: 0.0951, loss_texture: 0.0394, iou: 0.8474, loss: 0.1345
2026-05-02 20:07:40,757 - mmdet - INFO - Iter [7625/120000]	lr: 1.000e-04, eta: 1 day, 13:43:29, time: 1.106, data_time: 0.012, memory: 37111, loss_mask: 0.0852, loss_texture: 0.0351, iou: 0.8452, loss: 0.1204
2026-05-02 20:08:08,244 - mmdet - INFO - Iter [7650/120000]	lr: 1.000e-04, eta: 1 day, 13:42:18, time: 1.099, data_time: 0.012, memory: 37111, loss_mask: 0.1056, loss_texture: 0.0325, iou: 0.8321, loss: 0.1381
2026-05-02 20:08:35,986 - mmdet - INFO - Iter [7675/120000]	lr: 1.000e-04, eta: 1 day, 13:41:12, time: 1.110, data_time: 0.012, memory: 37111, loss_mask: 0.1573, loss_texture: 0.0464, iou: 0.7926, loss: 0.2037
2026-05-02 20:09:03,656 - mmdet - INFO - Iter [7700/120000]	lr: 1.000e-04, eta: 1 day, 13:40:05, time: 1.107, data_time: 0.012, memory: 37111, loss_mask: 0.1073, loss_texture: 0.0373, iou: 0.7950, loss: 0.1446
2026-05-02 20:09:31,623 - mmdet - INFO - Iter [7725/120000]	lr: 1.000e-04, eta: 1 day, 13:39:03, time: 1.119, data_time: 0.012, memory: 37111, loss_mask: 0.1030, loss_texture: 0.0383, iou: 0.8375, loss: 0.1412
2026-05-02 20:09:59,462 - mmdet - INFO - Iter [7750/120000]	lr: 1.000e-04, eta: 1 day, 13:37:58, time: 1.114, data_time: 0.012, memory: 37111, loss_mask: 0.0961, loss_texture: 0.0363, iou: 0.8264, loss: 0.1324
2026-05-02 20:10:27,206 - mmdet - INFO - Iter [7775/120000]	lr: 1.000e-04, eta: 1 day, 13:36:53, time: 1.110, data_time: 0.012, memory: 37111, loss_mask: 0.0902, loss_texture: 0.0362, iou: 0.8487, loss: 0.1264
2026-05-02 20:10:54,854 - mmdet - INFO - Iter [7800/120000]	lr: 1.000e-04, eta: 1 day, 13:35:47, time: 1.106, data_time: 0.012, memory: 37111, loss_mask: 0.0876, loss_texture: 0.0340, iou: 0.8512, loss: 0.1216
2026-05-02 20:11:22,555 - mmdet - INFO - Iter [7825/120000]	lr: 1.000e-04, eta: 1 day, 13:34:41, time: 1.108, data_time: 0.012, memory: 37111, loss_mask: 0.1006, loss_texture: 0.0346, iou: 0.8361, loss: 0.1352
2026-05-02 20:11:50,329 - mmdet - INFO - Iter [7850/120000]	lr: 1.000e-04, eta: 1 day, 13:33:37, time: 1.111, data_time: 0.012, memory: 37111, loss_mask: 0.1894, loss_texture: 0.0489, iou: 0.7378, loss: 0.2383
2026-05-02 20:12:17,978 - mmdet - INFO - Iter [7875/120000]	lr: 1.000e-04, eta: 1 day, 13:32:32, time: 1.106, data_time: 0.012, memory: 37111, loss_mask: 0.1306, loss_texture: 0.0366, iou: 0.7708, loss: 0.1671
2026-05-02 20:12:45,750 - mmdet - INFO - Iter [7900/120000]	lr: 1.000e-04, eta: 1 day, 13:31:28, time: 1.111, data_time: 0.012, memory: 37111, loss_mask: 0.1217, loss_texture: 0.0386, iou: 0.8121, loss: 0.1603
2026-05-02 20:13:13,493 - mmdet - INFO - Iter [7925/120000]	lr: 1.000e-04, eta: 1 day, 13:30:24, time: 1.110, data_time: 0.012, memory: 37111, loss_mask: 0.0992, loss_texture: 0.0340, iou: 0.8239, loss: 0.1332
2026-05-02 20:13:41,260 - mmdet - INFO - Iter [7950/120000]	lr: 1.000e-04, eta: 1 day, 13:29:21, time: 1.111, data_time: 0.012, memory: 37111, loss_mask: 0.1119, loss_texture: 0.0395, iou: 0.8225, loss: 0.1514
2026-05-02 20:14:08,989 - mmdet - INFO - Iter [7975/120000]	lr: 1.000e-04, eta: 1 day, 13:28:17, time: 1.109, data_time: 0.012, memory: 37111, loss_mask: 0.0925, loss_texture: 0.0332, iou: 0.8488, loss: 0.1257
2026-05-02 20:14:36,889 - mmdet - INFO - 
--- Val evaluation at iter 8000 ---
2026-05-02 20:15:25,892 - mmdet - INFO - 
+------------+-------------+-------------+
| Class      | Val IoU     | Pseudo IoU  |
+------------+-------------+-------------+
| background | 91.30       | 92.68       |
| building   | 61.68       | 69.14       |
| Summary    | mIoU: 76.49 | mIoU: 80.91 |
+------------+-------------+-------------+
Images evaluated: 218
2026-05-02 20:15:27,301 - mmdet - INFO - Exp name: exp8_all.py
2026-05-02 20:15:27,301 - mmdet - INFO - Iter [8000/120000]	lr: 1.000e-04, eta: 1 day, 13:27:16, time: 1.116, data_time: 0.012, memory: 37111, val/mIoU: 0.7649, val/IoU.building: 0.6168, val/IoU.background: 0.9130, val/Pseudo_mIoU: 0.8091, loss_mask: 0.0843, loss_texture: 0.0337, iou: 0.8264, loss: 0.1181
2026-05-02 20:15:55,148 - mmdet - INFO - Iter [8025/120000]	lr: 1.000e-04, eta: 1 day, 13:37:58, time: 3.130, data_time: 2.028, memory: 37111, loss_mask: 0.0863, loss_texture: 0.0358, iou: 0.8493, loss: 0.1221
2026-05-02 20:16:22,982 - mmdet - INFO - Iter [8050/120000]	lr: 1.000e-04, eta: 1 day, 13:36:54, time: 1.113, data_time: 0.012, memory: 37111, loss_mask: 0.0776, loss_texture: 0.0311, iou: 0.8705, loss: 0.1086
2026-05-02 20:16:50,895 - mmdet - INFO - Iter [8075/120000]	lr: 1.000e-04, eta: 1 day, 13:35:52, time: 1.117, data_time: 0.012, memory: 37111, loss_mask: 0.0827, loss_texture: 0.0335, iou: 0.8501, loss: 0.1162
2026-05-02 20:17:18,718 - mmdet - INFO - Iter [8100/120000]	lr: 1.000e-04, eta: 1 day, 13:34:48, time: 1.113, data_time: 0.012, memory: 37111, loss_mask: 0.0926, loss_texture: 0.0360, iou: 0.8240, loss: 0.1287
2026-05-02 20:17:46,448 - mmdet - INFO - Iter [8125/120000]	lr: 1.000e-04, eta: 1 day, 13:33:44, time: 1.109, data_time: 0.012, memory: 37111, loss_mask: 0.0846, loss_texture: 0.0352, iou: 0.8694, loss: 0.1198
2026-05-02 20:18:14,321 - mmdet - INFO - Iter [8150/120000]	lr: 1.000e-04, eta: 1 day, 13:32:41, time: 1.115, data_time: 0.012, memory: 37111, loss_mask: 0.0870, loss_texture: 0.0334, iou: 0.8326, loss: 0.1204
2026-05-02 20:18:42,069 - mmdet - INFO - Iter [8175/120000]	lr: 1.000e-04, eta: 1 day, 13:31:38, time: 1.110, data_time: 0.012, memory: 37111, loss_mask: 0.1059, loss_texture: 0.0319, iou: 0.8153, loss: 0.1378
2026-05-02 20:19:09,707 - mmdet - INFO - Iter [8200/120000]	lr: 1.000e-04, eta: 1 day, 13:30:32, time: 1.106, data_time: 0.012, memory: 37111, loss_mask: 0.1402, loss_texture: 0.0426, iou: 0.7700, loss: 0.1828
2026-05-02 20:19:37,179 - mmdet - INFO - Iter [8225/120000]	lr: 1.000e-04, eta: 1 day, 13:29:25, time: 1.099, data_time: 0.012, memory: 37111, loss_mask: 0.1073, loss_texture: 0.0357, iou: 0.8097, loss: 0.1430
2026-05-02 20:20:04,833 - mmdet - INFO - Iter [8250/120000]	lr: 1.000e-04, eta: 1 day, 13:28:21, time: 1.106, data_time: 0.012, memory: 37111, loss_mask: 0.0988, loss_texture: 0.0379, iou: 0.8311, loss: 0.1367
2026-05-02 20:20:32,522 - mmdet - INFO - Iter [8275/120000]	lr: 1.000e-04, eta: 1 day, 13:27:17, time: 1.108, data_time: 0.012, memory: 37111, loss_mask: 0.0926, loss_texture: 0.0363, iou: 0.8380, loss: 0.1289
2026-05-02 20:21:00,129 - mmdet - INFO - Iter [8300/120000]	lr: 1.000e-04, eta: 1 day, 13:26:12, time: 1.104, data_time: 0.012, memory: 37111, loss_mask: 0.0939, loss_texture: 0.0354, iou: 0.8388, loss: 0.1292
2026-05-02 20:21:27,957 - mmdet - INFO - Iter [8325/120000]	lr: 1.000e-04, eta: 1 day, 13:25:11, time: 1.113, data_time: 0.012, memory: 37111, loss_mask: 0.0865, loss_texture: 0.0341, iou: 0.8492, loss: 0.1206
2026-05-02 20:21:55,928 - mmdet - INFO - Iter [8350/120000]	lr: 1.000e-04, eta: 1 day, 13:24:11, time: 1.119, data_time: 0.012, memory: 37111, loss_mask: 0.0772, loss_texture: 0.0314, iou: 0.8610, loss: 0.1085
2026-05-02 20:22:23,707 - mmdet - INFO - Iter [8375/120000]	lr: 1.000e-04, eta: 1 day, 13:23:10, time: 1.111, data_time: 0.012, memory: 37111, loss_mask: 0.0842, loss_texture: 0.0343, iou: 0.8409, loss: 0.1185
2026-05-02 20:22:51,438 - mmdet - INFO - Iter [8400/120000]	lr: 1.000e-04, eta: 1 day, 13:22:07, time: 1.109, data_time: 0.012, memory: 37111, loss_mask: 0.0850, loss_texture: 0.0333, iou: 0.8520, loss: 0.1183
2026-05-02 20:23:19,041 - mmdet - INFO - Iter [8425/120000]	lr: 1.000e-04, eta: 1 day, 13:21:04, time: 1.104, data_time: 0.012, memory: 37111, loss_mask: 0.0884, loss_texture: 0.0353, iou: 0.8583, loss: 0.1236
2026-05-02 20:23:46,625 - mmdet - INFO - Iter [8450/120000]	lr: 1.000e-04, eta: 1 day, 13:20:00, time: 1.103, data_time: 0.012, memory: 37111, loss_mask: 0.0922, loss_texture: 0.0373, iou: 0.8425, loss: 0.1295
2026-05-02 20:24:14,465 - mmdet - INFO - Iter [8475/120000]	lr: 1.000e-04, eta: 1 day, 13:19:00, time: 1.114, data_time: 0.012, memory: 37111, loss_mask: 0.0844, loss_texture: 0.0332, iou: 0.8573, loss: 0.1175
2026-05-02 20:24:42,196 - mmdet - INFO - 
--- Val evaluation at iter 8500 ---
2026-05-02 20:25:30,832 - mmdet - INFO - 
+------------+-------------+-------------+
| Class      | Val IoU     | Pseudo IoU  |
+------------+-------------+-------------+
| background | 91.31       | 92.68       |
| building   | 61.61       | 69.14       |
| Summary    | mIoU: 76.46 | mIoU: 80.91 |
+------------+-------------+-------------+
Images evaluated: 218
2026-05-02 20:25:32,205 - mmdet - INFO - Iter [8500/120000]	lr: 1.000e-04, eta: 1 day, 13:17:58, time: 1.109, data_time: 0.012, memory: 37111, val/mIoU: 0.7646, val/IoU.building: 0.6161, val/IoU.background: 0.9131, val/Pseudo_mIoU: 0.8091, loss_mask: 0.0802, loss_texture: 0.0316, iou: 0.8425, loss: 0.1119
2026-05-02 20:25:59,960 - mmdet - INFO - Iter [8525/120000]	lr: 1.000e-04, eta: 1 day, 13:27:51, time: 3.111, data_time: 2.012, memory: 37111, loss_mask: 0.0939, loss_texture: 0.0378, iou: 0.8398, loss: 0.1317
2026-05-02 20:26:27,583 - mmdet - INFO - Iter [8550/120000]	lr: 1.000e-04, eta: 1 day, 13:26:47, time: 1.105, data_time: 0.012, memory: 37111, loss_mask: 0.0838, loss_texture: 0.0342, iou: 0.8613, loss: 0.1180
2026-05-02 20:26:55,326 - mmdet - INFO - Iter [8575/120000]	lr: 1.000e-04, eta: 1 day, 13:25:44, time: 1.110, data_time: 0.012, memory: 37111, loss_mask: 0.0801, loss_texture: 0.0318, iou: 0.8502, loss: 0.1119
2026-05-02 20:27:23,069 - mmdet - INFO - Iter [8600/120000]	lr: 1.000e-04, eta: 1 day, 13:24:42, time: 1.110, data_time: 0.012, memory: 37111, loss_mask: 0.0743, loss_texture: 0.0301, iou: 0.8198, loss: 0.1044
2026-05-02 20:27:50,751 - mmdet - INFO - Iter [8625/120000]	lr: 1.000e-04, eta: 1 day, 13:23:39, time: 1.107, data_time: 0.012, memory: 37111, loss_mask: 0.0838, loss_texture: 0.0340, iou: 0.8521, loss: 0.1178
2026-05-02 20:28:18,446 - mmdet - INFO - Iter [8650/120000]	lr: 1.000e-04, eta: 1 day, 13:22:36, time: 1.108, data_time: 0.012, memory: 37111, loss_mask: 0.0843, loss_texture: 0.0346, iou: 0.8465, loss: 0.1189
2026-05-02 20:28:46,314 - mmdet - INFO - Iter [8675/120000]	lr: 1.000e-04, eta: 1 day, 13:21:36, time: 1.115, data_time: 0.012, memory: 37111, loss_mask: 0.0926, loss_texture: 0.0367, iou: 0.8672, loss: 0.1293
2026-05-02 20:29:13,907 - mmdet - INFO - Iter [8700/120000]	lr: 1.000e-04, eta: 1 day, 13:20:32, time: 1.104, data_time: 0.012, memory: 37111, loss_mask: 0.0875, loss_texture: 0.0336, iou: 0.8494, loss: 0.1211
2026-05-02 20:29:41,662 - mmdet - INFO - Iter [8725/120000]	lr: 1.000e-04, eta: 1 day, 13:19:31, time: 1.110, data_time: 0.012, memory: 37111, loss_mask: 0.0786, loss_texture: 0.0316, iou: 0.8592, loss: 0.1101
2026-05-02 20:30:09,241 - mmdet - INFO - Iter [8750/120000]	lr: 1.000e-04, eta: 1 day, 13:18:28, time: 1.103, data_time: 0.012, memory: 37111, loss_mask: 0.0896, loss_texture: 0.0355, iou: 0.8492, loss: 0.1251
2026-05-02 20:30:37,010 - mmdet - INFO - Iter [8775/120000]	lr: 1.000e-04, eta: 1 day, 13:17:27, time: 1.111, data_time: 0.012, memory: 37111, loss_mask: 0.0849, loss_texture: 0.0341, iou: 0.8385, loss: 0.1190
2026-05-02 20:31:04,616 - mmdet - INFO - Iter [8800/120000]	lr: 1.000e-04, eta: 1 day, 13:16:24, time: 1.104, data_time: 0.012, memory: 37111, loss_mask: 0.0797, loss_texture: 0.0319, iou: 0.8480, loss: 0.1116
2026-05-02 20:31:32,135 - mmdet - INFO - Iter [8825/120000]	lr: 1.000e-04, eta: 1 day, 13:15:21, time: 1.101, data_time: 0.012, memory: 37111, loss_mask: 0.0751, loss_texture: 0.0306, iou: 0.8474, loss: 0.1057
2026-05-02 20:31:59,916 - mmdet - INFO - Iter [8850/120000]	lr: 1.000e-04, eta: 1 day, 13:14:21, time: 1.111, data_time: 0.012, memory: 37111, loss_mask: 0.1131, loss_texture: 0.0417, iou: 0.8377, loss: 0.1548
2026-05-02 20:32:27,616 - mmdet - INFO - Iter [8875/120000]	lr: 1.000e-04, eta: 1 day, 13:13:20, time: 1.108, data_time: 0.012, memory: 37111, loss_mask: 0.1099, loss_texture: 0.0353, iou: 0.8216, loss: 0.1453
2026-05-02 20:32:55,184 - mmdet - INFO - Iter [8900/120000]	lr: 1.000e-04, eta: 1 day, 13:12:17, time: 1.103, data_time: 0.012, memory: 37111, loss_mask: 0.1348, loss_texture: 0.0413, iou: 0.8185, loss: 0.1761
2026-05-02 20:33:22,875 - mmdet - INFO - Iter [8925/120000]	lr: 1.000e-04, eta: 1 day, 13:11:17, time: 1.108, data_time: 0.012, memory: 37111, loss_mask: 0.1098, loss_texture: 0.0370, iou: 0.8208, loss: 0.1468
2026-05-02 20:33:50,596 - mmdet - INFO - Iter [8950/120000]	lr: 1.000e-04, eta: 1 day, 13:10:17, time: 1.109, data_time: 0.012, memory: 37111, loss_mask: 0.0927, loss_texture: 0.0368, iou: 0.8425, loss: 0.1295
2026-05-02 20:34:18,295 - mmdet - INFO - Iter [8975/120000]	lr: 1.000e-04, eta: 1 day, 13:09:17, time: 1.108, data_time: 0.012, memory: 37111, loss_mask: 0.0699, loss_texture: 0.0276, iou: 0.8695, loss: 0.0976
2026-05-02 20:34:46,099 - mmdet - INFO - 
--- Val evaluation at iter 9000 ---
2026-05-02 20:35:35,079 - mmdet - INFO - 
+------------+-------------+-------------+
| Class      | Val IoU     | Pseudo IoU  |
+------------+-------------+-------------+
| background | 91.84       | 92.68       |
| building   | 64.59       | 69.14       |
| Summary    | mIoU: 78.21 | mIoU: 80.91 |
+------------+-------------+-------------+
Images evaluated: 218
2026-05-02 20:35:36,482 - mmdet - INFO - Exp name: exp8_all.py
2026-05-02 20:35:36,482 - mmdet - INFO - Iter [9000/120000]	lr: 1.000e-04, eta: 1 day, 13:08:18, time: 1.112, data_time: 0.012, memory: 37111, val/mIoU: 0.7821, val/IoU.building: 0.6459, val/IoU.background: 0.9184, val/Pseudo_mIoU: 0.8091, loss_mask: 0.0921, loss_texture: 0.0352, iou: 0.8224, loss: 0.1274
2026-05-02 20:36:04,222 - mmdet - INFO - Iter [9025/120000]	lr: 1.000e-04, eta: 1 day, 13:17:38, time: 3.125, data_time: 2.027, memory: 37111, loss_mask: 0.0924, loss_texture: 0.0372, iou: 0.8545, loss: 0.1297
2026-05-02 20:36:31,900 - mmdet - INFO - Iter [9050/120000]	lr: 1.000e-04, eta: 1 day, 13:16:36, time: 1.107, data_time: 0.012, memory: 37111, loss_mask: 0.0707, loss_texture: 0.0296, iou: 0.8600, loss: 0.1003
2026-05-02 20:36:59,731 - mmdet - INFO - Iter [9075/120000]	lr: 1.000e-04, eta: 1 day, 13:15:37, time: 1.113, data_time: 0.012, memory: 37111, loss_mask: 0.0792, loss_texture: 0.0322, iou: 0.8517, loss: 0.1114
2026-05-02 20:37:27,302 - mmdet - INFO - Iter [9100/120000]	lr: 1.000e-04, eta: 1 day, 13:14:34, time: 1.103, data_time: 0.012, memory: 37111, loss_mask: 0.0758, loss_texture: 0.0293, iou: 0.8582, loss: 0.1052
2026-05-02 20:37:55,130 - mmdet - INFO - Iter [9125/120000]	lr: 1.000e-04, eta: 1 day, 13:13:35, time: 1.113, data_time: 0.012, memory: 37111, loss_mask: 0.0907, loss_texture: 0.0349, iou: 0.8536, loss: 0.1256
2026-05-02 20:38:22,876 - mmdet - INFO - Iter [9150/120000]	lr: 1.000e-04, eta: 1 day, 13:12:35, time: 1.110, data_time: 0.012, memory: 37111, loss_mask: 0.0847, loss_texture: 0.0340, iou: 0.8357, loss: 0.1187
2026-05-02 20:38:50,578 - mmdet - INFO - Iter [9175/120000]	lr: 1.000e-04, eta: 1 day, 13:11:34, time: 1.108, data_time: 0.012, memory: 37111, loss_mask: 0.0886, loss_texture: 0.0356, iou: 0.8530, loss: 0.1243
2026-05-02 20:39:18,465 - mmdet - INFO - Iter [9200/120000]	lr: 1.000e-04, eta: 1 day, 13:10:36, time: 1.115, data_time: 0.012, memory: 37111, loss_mask: 0.0888, loss_texture: 0.0365, iou: 0.8575, loss: 0.1254
2026-05-02 20:39:46,229 - mmdet - INFO - Iter [9225/120000]	lr: 1.000e-04, eta: 1 day, 13:09:37, time: 1.111, data_time: 0.012, memory: 37111, loss_mask: 0.0819, loss_texture: 0.0323, iou: 0.8352, loss: 0.1143
2026-05-02 20:40:13,964 - mmdet - INFO - Iter [9250/120000]	lr: 1.000e-04, eta: 1 day, 13:08:37, time: 1.109, data_time: 0.012, memory: 37111, loss_mask: 0.0813, loss_texture: 0.0331, iou: 0.8535, loss: 0.1144
2026-05-02 20:40:41,697 - mmdet - INFO - Iter [9275/120000]	lr: 1.000e-04, eta: 1 day, 13:07:37, time: 1.109, data_time: 0.012, memory: 37111, loss_mask: 0.0839, loss_texture: 0.0340, iou: 0.8588, loss: 0.1179
2026-05-02 20:41:09,617 - mmdet - INFO - Iter [9300/120000]	lr: 1.000e-04, eta: 1 day, 13:06:40, time: 1.117, data_time: 0.012, memory: 37111, loss_mask: 0.0910, loss_texture: 0.0363, iou: 0.8391, loss: 0.1273
2026-05-02 20:41:37,309 - mmdet - INFO - Iter [9325/120000]	lr: 1.000e-04, eta: 1 day, 13:05:41, time: 1.108, data_time: 0.012, memory: 37111, loss_mask: 0.0717, loss_texture: 0.0297, iou: 0.8671, loss: 0.1014
2026-05-02 20:42:04,849 - mmdet - INFO - Iter [9350/120000]	lr: 1.000e-04, eta: 1 day, 13:04:40, time: 1.102, data_time: 0.012, memory: 37111, loss_mask: 0.0847, loss_texture: 0.0332, iou: 0.8433, loss: 0.1179
2026-05-02 20:42:32,484 - mmdet - INFO - Iter [9375/120000]	lr: 1.000e-04, eta: 1 day, 13:03:40, time: 1.105, data_time: 0.012, memory: 37111, loss_mask: 0.0830, loss_texture: 0.0334, iou: 0.8633, loss: 0.1165
2026-05-02 20:43:00,155 - mmdet - INFO - Iter [9400/120000]	lr: 1.000e-04, eta: 1 day, 13:02:40, time: 1.107, data_time: 0.012, memory: 37111, loss_mask: 0.0850, loss_texture: 0.0338, iou: 0.8519, loss: 0.1188
2026-05-02 20:43:27,961 - mmdet - INFO - Iter [9425/120000]	lr: 1.000e-04, eta: 1 day, 13:01:43, time: 1.112, data_time: 0.012, memory: 37111, loss_mask: 0.0805, loss_texture: 0.0338, iou: 0.8312, loss: 0.1143
2026-05-02 20:43:55,932 - mmdet - INFO - Iter [9450/120000]	lr: 1.000e-04, eta: 1 day, 13:00:47, time: 1.119, data_time: 0.012, memory: 37111, loss_mask: 0.0901, loss_texture: 0.0363, iou: 0.8588, loss: 0.1264
2026-05-02 20:44:23,739 - mmdet - INFO - Iter [9475/120000]	lr: 1.000e-04, eta: 1 day, 12:59:50, time: 1.112, data_time: 0.012, memory: 37111, loss_mask: 0.0739, loss_texture: 0.0314, iou: 0.8510, loss: 0.1053
2026-05-02 20:44:51,411 - mmdet - INFO - 
--- Val evaluation at iter 9500 ---
2026-05-02 20:45:39,904 - mmdet - INFO - 
+------------+-------------+-------------+
| Class      | Val IoU     | Pseudo IoU  |
+------------+-------------+-------------+
| background | 92.13       | 92.68       |
| building   | 66.08       | 69.14       |
| Summary    | mIoU: 79.10 | mIoU: 80.91 |
+------------+-------------+-------------+
Images evaluated: 218
2026-05-02 20:45:41,264 - mmdet - INFO - Iter [9500/120000]	lr: 1.000e-04, eta: 1 day, 12:58:51, time: 1.107, data_time: 0.012, memory: 37111, val/mIoU: 0.7910, val/IoU.building: 0.6608, val/IoU.background: 0.9213, val/Pseudo_mIoU: 0.8091, loss_mask: 0.0846, loss_texture: 0.0359, iou: 0.8440, loss: 0.1205
2026-05-02 20:46:08,926 - mmdet - INFO - Iter [9525/120000]	lr: 1.000e-04, eta: 1 day, 13:07:31, time: 3.101, data_time: 2.006, memory: 37111, loss_mask: 0.0805, loss_texture: 0.0322, iou: 0.8709, loss: 0.1127
2026-05-02 20:46:36,828 - mmdet - INFO - Iter [9550/120000]	lr: 1.000e-04, eta: 1 day, 13:06:34, time: 1.116, data_time: 0.012, memory: 37111, loss_mask: 0.0884, loss_texture: 0.0356, iou: 0.8623, loss: 0.1240
2026-05-02 20:47:04,434 - mmdet - INFO - Iter [9575/120000]	lr: 1.000e-04, eta: 1 day, 13:05:33, time: 1.104, data_time: 0.012, memory: 37111, loss_mask: 0.0806, loss_texture: 0.0318, iou: 0.8668, loss: 0.1124
2026-05-02 20:47:32,174 - mmdet - INFO - Iter [9600/120000]	lr: 1.000e-04, eta: 1 day, 13:04:34, time: 1.110, data_time: 0.012, memory: 37111, loss_mask: 0.0817, loss_texture: 0.0332, iou: 0.8554, loss: 0.1150
2026-05-02 20:47:59,829 - mmdet - INFO - Iter [9625/120000]	lr: 1.000e-04, eta: 1 day, 13:03:34, time: 1.106, data_time: 0.012, memory: 37111, loss_mask: 0.0870, loss_texture: 0.0346, iou: 0.8309, loss: 0.1216
2026-05-02 20:48:27,355 - mmdet - INFO - Iter [9650/120000]	lr: 1.000e-04, eta: 1 day, 13:02:33, time: 1.101, data_time: 0.012, memory: 37111, loss_mask: 0.0776, loss_texture: 0.0313, iou: 0.8592, loss: 0.1089
2026-05-02 20:48:55,027 - mmdet - INFO - Iter [9675/120000]	lr: 1.000e-04, eta: 1 day, 13:01:34, time: 1.107, data_time: 0.012, memory: 37111, loss_mask: 0.0928, loss_texture: 0.0369, iou: 0.8486, loss: 0.1298
2026-05-02 20:49:22,834 - mmdet - INFO - Iter [9700/120000]	lr: 1.000e-04, eta: 1 day, 13:00:37, time: 1.112, data_time: 0.012, memory: 37111, loss_mask: 0.1116, loss_texture: 0.0348, iou: 0.8379, loss: 0.1463
2026-05-02 20:49:50,660 - mmdet - INFO - Iter [9725/120000]	lr: 1.000e-04, eta: 1 day, 12:59:40, time: 1.113, data_time: 0.012, memory: 37111, loss_mask: 0.1360, loss_texture: 0.0413, iou: 0.7664, loss: 0.1774
2026-05-02 20:50:18,396 - mmdet - INFO - Iter [9750/120000]	lr: 1.000e-04, eta: 1 day, 12:58:42, time: 1.109, data_time: 0.012, memory: 37111, loss_mask: 0.1191, loss_texture: 0.0431, iou: 0.7974, loss: 0.1622
2026-05-02 20:50:46,128 - mmdet - INFO - Iter [9775/120000]	lr: 1.000e-04, eta: 1 day, 12:57:44, time: 1.109, data_time: 0.012, memory: 37111, loss_mask: 0.1096, loss_texture: 0.0363, iou: 0.8316, loss: 0.1459
2026-05-02 20:51:13,657 - mmdet - INFO - Iter [9800/120000]	lr: 1.000e-04, eta: 1 day, 12:56:44, time: 1.101, data_time: 0.012, memory: 37111, loss_mask: 0.0905, loss_texture: 0.0353, iou: 0.8380, loss: 0.1258
2026-05-02 20:51:41,300 - mmdet - INFO - Iter [9825/120000]	lr: 1.000e-04, eta: 1 day, 12:55:45, time: 1.106, data_time: 0.012, memory: 37111, loss_mask: 0.0942, loss_texture: 0.0362, iou: 0.8364, loss: 0.1304
2026-05-02 20:52:08,875 - mmdet - INFO - Iter [9850/120000]	lr: 1.000e-04, eta: 1 day, 12:54:46, time: 1.103, data_time: 0.012, memory: 37111, loss_mask: 0.1566, loss_texture: 0.0377, iou: 0.7786, loss: 0.1944
2026-05-02 20:52:36,596 - mmdet - INFO - Iter [9875/120000]	lr: 1.000e-04, eta: 1 day, 12:53:49, time: 1.109, data_time: 0.012, memory: 37111, loss_mask: 0.1502, loss_texture: 0.0432, iou: 0.7683, loss: 0.1934
2026-05-02 20:53:04,429 - mmdet - INFO - Iter [9900/120000]	lr: 1.000e-04, eta: 1 day, 12:52:53, time: 1.113, data_time: 0.012, memory: 37111, loss_mask: 0.1100, loss_texture: 0.0396, iou: 0.8337, loss: 0.1495
2026-05-02 20:53:32,013 - mmdet - INFO - Iter [9925/120000]	lr: 1.000e-04, eta: 1 day, 12:51:54, time: 1.103, data_time: 0.012, memory: 37111, loss_mask: 0.0829, loss_texture: 0.0311, iou: 0.8305, loss: 0.1140
2026-05-02 20:53:59,883 - mmdet - INFO - Iter [9950/120000]	lr: 1.000e-04, eta: 1 day, 12:50:59, time: 1.115, data_time: 0.012, memory: 37111, loss_mask: 0.1250, loss_texture: 0.0409, iou: 0.8216, loss: 0.1659
2026-05-02 20:54:27,822 - mmdet - INFO - Iter [9975/120000]	lr: 1.000e-04, eta: 1 day, 12:50:04, time: 1.118, data_time: 0.012, memory: 37111, loss_mask: 0.1065, loss_texture: 0.0386, iou: 0.8278, loss: 0.1450
2026-05-02 20:54:55,769 - mmdet - INFO - 
--- Val evaluation at iter 10000 ---
2026-05-02 20:55:44,523 - mmdet - INFO - 
+------------+-------------+-------------+
| Class      | Val IoU     | Pseudo IoU  |
+------------+-------------+-------------+
| background | 91.75       | 92.68       |
| building   | 64.21       | 69.14       |
| Summary    | mIoU: 77.98 | mIoU: 80.91 |
+------------+-------------+-------------+
Images evaluated: 218
2026-05-02 20:55:45,923 - mmdet - INFO - Exp name: exp8_all.py
2026-05-02 20:55:45,923 - mmdet - INFO - Iter [10000/120000]	lr: 1.000e-04, eta: 1 day, 12:49:10, time: 1.118, data_time: 0.012, memory: 37111, val/mIoU: 0.7798, val/IoU.building: 0.6421, val/IoU.background: 0.9175, val/Pseudo_mIoU: 0.8091, loss_mask: 0.0980, loss_texture: 0.0347, iou: 0.8264, loss: 0.1327
2026-05-02 20:56:13,667 - mmdet - INFO - Iter [10025/120000]	lr: 1.000e-04, eta: 1 day, 12:57:24, time: 3.116, data_time: 2.018, memory: 37111, loss_mask: 0.0873, loss_texture: 0.0322, iou: 0.8389, loss: 0.1196
2026-05-02 20:56:41,254 - mmdet - INFO - Iter [10050/120000]	lr: 1.000e-04, eta: 1 day, 12:56:25, time: 1.103, data_time: 0.012, memory: 37111, loss_mask: 0.0843, loss_texture: 0.0319, iou: 0.8290, loss: 0.1162
2026-05-02 20:57:08,973 - mmdet - INFO - Iter [10075/120000]	lr: 1.000e-04, eta: 1 day, 12:55:27, time: 1.109, data_time: 0.012, memory: 37111, loss_mask: 0.0865, loss_texture: 0.0343, iou: 0.8549, loss: 0.1207
2026-05-02 20:57:36,727 - mmdet - INFO - Iter [10100/120000]	lr: 1.000e-04, eta: 1 day, 12:54:30, time: 1.110, data_time: 0.012, memory: 37111, loss_mask: 0.0899, loss_texture: 0.0326, iou: 0.8540, loss: 0.1225
2026-05-02 20:58:04,481 - mmdet - INFO - Iter [10125/120000]	lr: 1.000e-04, eta: 1 day, 12:53:33, time: 1.110, data_time: 0.012, memory: 37111, loss_mask: 0.0987, loss_texture: 0.0367, iou: 0.8440, loss: 0.1354
2026-05-02 20:58:32,085 - mmdet - INFO - Iter [10150/120000]	lr: 1.000e-04, eta: 1 day, 12:52:34, time: 1.104, data_time: 0.012, memory: 37111, loss_mask: 0.0880, loss_texture: 0.0343, iou: 0.8304, loss: 0.1223
2026-05-02 20:58:59,716 - mmdet - INFO - Iter [10175/120000]	lr: 1.000e-04, eta: 1 day, 12:51:36, time: 1.105, data_time: 0.012, memory: 37111, loss_mask: 0.0842, loss_texture: 0.0339, iou: 0.8442, loss: 0.1181
2026-05-02 20:59:27,546 - mmdet - INFO - Iter [10200/120000]	lr: 1.000e-04, eta: 1 day, 12:50:41, time: 1.113, data_time: 0.012, memory: 37111, loss_mask: 0.0971, loss_texture: 0.0403, iou: 0.8614, loss: 0.1374
2026-05-02 20:59:55,332 - mmdet - INFO - Iter [10225/120000]	lr: 1.000e-04, eta: 1 day, 12:49:44, time: 1.111, data_time: 0.012, memory: 37111, loss_mask: 0.0710, loss_texture: 0.0284, iou: 0.8525, loss: 0.0993
2026-05-02 21:00:23,068 - mmdet - INFO - Iter [10250/120000]	lr: 1.000e-04, eta: 1 day, 12:48:48, time: 1.109, data_time: 0.012, memory: 37111, loss_mask: 0.0742, loss_texture: 0.0312, iou: 0.8494, loss: 0.1054
2026-05-02 21:00:50,760 - mmdet - INFO - Iter [10275/120000]	lr: 1.000e-04, eta: 1 day, 12:47:51, time: 1.108, data_time: 0.012, memory: 37111, loss_mask: 0.1012, loss_texture: 0.0357, iou: 0.8319, loss: 0.1369
2026-05-02 21:01:18,351 - mmdet - INFO - Iter [10300/120000]	lr: 1.000e-04, eta: 1 day, 12:46:53, time: 1.104, data_time: 0.012, memory: 37111, loss_mask: 0.1164, loss_texture: 0.0381, iou: 0.8224, loss: 0.1546
2026-05-02 21:01:45,949 - mmdet - INFO - Iter [10325/120000]	lr: 1.000e-04, eta: 1 day, 12:45:56, time: 1.104, data_time: 0.012, memory: 37111, loss_mask: 0.0952, loss_texture: 0.0338, iou: 0.8387, loss: 0.1290
2026-05-02 21:02:13,655 - mmdet - INFO - Iter [10350/120000]	lr: 1.000e-04, eta: 1 day, 12:44:59, time: 1.108, data_time: 0.012, memory: 37111, loss_mask: 0.0915, loss_texture: 0.0365, iou: 0.8481, loss: 0.1279
2026-05-02 21:02:41,196 - mmdet - INFO - Iter [10375/120000]	lr: 1.000e-04, eta: 1 day, 12:44:02, time: 1.102, data_time: 0.012, memory: 37111, loss_mask: 0.0869, loss_texture: 0.0349, iou: 0.8419, loss: 0.1218
2026-05-02 21:03:08,852 - mmdet - INFO - Iter [10400/120000]	lr: 1.000e-04, eta: 1 day, 12:43:05, time: 1.106, data_time: 0.012, memory: 37111, loss_mask: 0.0862, loss_texture: 0.0348, iou: 0.8574, loss: 0.1210
2026-05-02 21:03:36,326 - mmdet - INFO - Iter [10425/120000]	lr: 1.000e-04, eta: 1 day, 12:42:07, time: 1.099, data_time: 0.012, memory: 37111, loss_mask: 0.0693, loss_texture: 0.0279, iou: 0.8507, loss: 0.0971
2026-05-02 21:04:04,120 - mmdet - INFO - Iter [10450/120000]	lr: 1.000e-04, eta: 1 day, 12:41:12, time: 1.112, data_time: 0.012, memory: 37111, loss_mask: 0.0865, loss_texture: 0.0341, iou: 0.8495, loss: 0.1206
2026-05-02 21:04:31,849 - mmdet - INFO - Iter [10475/120000]	lr: 1.000e-04, eta: 1 day, 12:40:17, time: 1.109, data_time: 0.012, memory: 37111, loss_mask: 0.0726, loss_texture: 0.0291, iou: 0.8352, loss: 0.1017
2026-05-02 21:04:59,591 - mmdet - INFO - 
--- Val evaluation at iter 10500 ---
2026-05-02 21:05:48,183 - mmdet - INFO - 
+------------+-------------+-------------+
| Class      | Val IoU     | Pseudo IoU  |
+------------+-------------+-------------+
| background | 91.95       | 92.68       |
| building   | 65.31       | 69.14       |
| Summary    | mIoU: 78.63 | mIoU: 80.91 |
+------------+-------------+-------------+
Images evaluated: 218
2026-05-02 21:05:49,577 - mmdet - INFO - Iter [10500/120000]	lr: 1.000e-04, eta: 1 day, 12:39:22, time: 1.110, data_time: 0.012, memory: 37111, val/mIoU: 0.7863, val/IoU.building: 0.6531, val/IoU.background: 0.9195, val/Pseudo_mIoU: 0.8091, loss_mask: 0.0784, loss_texture: 0.0331, iou: 0.8472, loss: 0.1115
2026-05-02 21:06:17,147 - mmdet - INFO - Iter [10525/120000]	lr: 1.000e-04, eta: 1 day, 12:47:05, time: 3.102, data_time: 2.011, memory: 37111, loss_mask: 0.0804, loss_texture: 0.0334, iou: 0.8607, loss: 0.1137
2026-05-02 21:06:44,786 - mmdet - INFO - Iter [10550/120000]	lr: 1.000e-04, eta: 1 day, 12:46:07, time: 1.106, data_time: 0.012, memory: 37111, loss_mask: 0.0737, loss_texture: 0.0293, iou: 0.8512, loss: 0.1030
2026-05-02 21:07:12,415 - mmdet - INFO - Iter [10575/120000]	lr: 1.000e-04, eta: 1 day, 12:45:10, time: 1.105, data_time: 0.012, memory: 37111, loss_mask: 0.0854, loss_texture: 0.0344, iou: 0.8705, loss: 0.1199
2026-05-02 21:07:40,314 - mmdet - INFO - Iter [10600/120000]	lr: 1.000e-04, eta: 1 day, 12:44:16, time: 1.116, data_time: 0.012, memory: 37111, loss_mask: 0.0759, loss_texture: 0.0319, iou: 0.8451, loss: 0.1078
2026-05-02 21:08:08,011 - mmdet - INFO - Iter [10625/120000]	lr: 1.000e-04, eta: 1 day, 12:43:20, time: 1.108, data_time: 0.012, memory: 37111, loss_mask: 0.0780, loss_texture: 0.0320, iou: 0.8494, loss: 0.1100
2026-05-02 21:08:35,754 - mmdet - INFO - Iter [10650/120000]	lr: 1.000e-04, eta: 1 day, 12:42:24, time: 1.110, data_time: 0.012, memory: 37111, loss_mask: 0.0760, loss_texture: 0.0311, iou: 0.8572, loss: 0.1071
2026-05-02 21:09:03,532 - mmdet - INFO - Iter [10675/120000]	lr: 1.000e-04, eta: 1 day, 12:41:29, time: 1.111, data_time: 0.012, memory: 37111, loss_mask: 0.0761, loss_texture: 0.0315, iou: 0.8598, loss: 0.1075
2026-05-02 21:09:31,237 - mmdet - INFO - Iter [10700/120000]	lr: 1.000e-04, eta: 1 day, 12:40:33, time: 1.108, data_time: 0.012, memory: 37111, loss_mask: 0.0689, loss_texture: 0.0288, iou: 0.8603, loss: 0.0977
2026-05-02 21:09:59,020 - mmdet - INFO - Iter [10725/120000]	lr: 1.000e-04, eta: 1 day, 12:39:38, time: 1.111, data_time: 0.012, memory: 37111, loss_mask: 0.0823, loss_texture: 0.0336, iou: 0.8755, loss: 0.1159
2026-05-02 21:10:26,789 - mmdet - INFO - Iter [10750/120000]	lr: 1.000e-04, eta: 1 day, 12:38:44, time: 1.111, data_time: 0.012, memory: 37111, loss_mask: 0.0802, loss_texture: 0.0335, iou: 0.8623, loss: 0.1137
2026-05-02 21:10:54,447 - mmdet - INFO - Iter [10775/120000]	lr: 1.000e-04, eta: 1 day, 12:37:48, time: 1.106, data_time: 0.012, memory: 37111, loss_mask: 0.0729, loss_texture: 0.0306, iou: 0.8625, loss: 0.1034
2026-05-02 21:11:22,200 - mmdet - INFO - Iter [10800/120000]	lr: 1.000e-04, eta: 1 day, 12:36:53, time: 1.110, data_time: 0.012, memory: 37111, loss_mask: 0.0757, loss_texture: 0.0313, iou: 0.8614, loss: 0.1070
2026-05-02 21:11:49,973 - mmdet - INFO - Iter [10825/120000]	lr: 1.000e-04, eta: 1 day, 12:35:59, time: 1.111, data_time: 0.012, memory: 37111, loss_mask: 0.0850, loss_texture: 0.0331, iou: 0.8368, loss: 0.1181
2026-05-02 21:12:17,597 - mmdet - INFO - Iter [10850/120000]	lr: 1.000e-04, eta: 1 day, 12:35:03, time: 1.105, data_time: 0.012, memory: 37111, loss_mask: 0.0689, loss_texture: 0.0289, iou: 0.8606, loss: 0.0978
2026-05-02 21:12:45,449 - mmdet - INFO - Iter [10875/120000]	lr: 1.000e-04, eta: 1 day, 12:34:09, time: 1.114, data_time: 0.012, memory: 37111, loss_mask: 0.0891, loss_texture: 0.0363, iou: 0.8516, loss: 0.1254
2026-05-02 21:13:12,993 - mmdet - INFO - Iter [10900/120000]	lr: 1.000e-04, eta: 1 day, 12:33:13, time: 1.102, data_time: 0.012, memory: 37111, loss_mask: 0.0785, loss_texture: 0.0321, iou: 0.8493, loss: 0.1106
2026-05-02 21:13:40,507 - mmdet - INFO - Iter [10925/120000]	lr: 1.000e-04, eta: 1 day, 12:32:16, time: 1.101, data_time: 0.012, memory: 37111, loss_mask: 0.0738, loss_texture: 0.0296, iou: 0.8505, loss: 0.1033
2026-05-02 21:14:08,382 - mmdet - INFO - Iter [10950/120000]	lr: 1.000e-04, eta: 1 day, 12:31:24, time: 1.115, data_time: 0.012, memory: 37111, loss_mask: 0.0857, loss_texture: 0.0350, iou: 0.8561, loss: 0.1208
2026-05-02 21:14:36,179 - mmdet - INFO - Iter [10975/120000]	lr: 1.000e-04, eta: 1 day, 12:30:30, time: 1.112, data_time: 0.012, memory: 37111, loss_mask: 0.0687, loss_texture: 0.0293, iou: 0.8558, loss: 0.0980
2026-05-02 21:15:04,130 - mmdet - INFO - 
--- Val evaluation at iter 11000 ---
2026-05-02 21:15:52,903 - mmdet - INFO - 
+------------+-------------+-------------+
| Class      | Val IoU     | Pseudo IoU  |
+------------+-------------+-------------+
| background | 92.15       | 92.68       |
| building   | 66.18       | 69.14       |
| Summary    | mIoU: 79.17 | mIoU: 80.91 |
+------------+-------------+-------------+
Images evaluated: 218
2026-05-02 21:15:54,287 - mmdet - INFO - Exp name: exp8_all.py
2026-05-02 21:15:54,287 - mmdet - INFO - Iter [11000/120000]	lr: 1.000e-04, eta: 1 day, 12:29:38, time: 1.118, data_time: 0.012, memory: 37111, val/mIoU: 0.7917, val/IoU.building: 0.6618, val/IoU.background: 0.9215, val/Pseudo_mIoU: 0.8091, loss_mask: 0.0769, loss_texture: 0.0332, iou: 0.8596, loss: 0.1100
2026-05-02 21:16:22,152 - mmdet - INFO - Iter [11025/120000]	lr: 1.000e-04, eta: 1 day, 12:37:02, time: 3.121, data_time: 2.018, memory: 37111, loss_mask: 0.0733, loss_texture: 0.0304, iou: 0.8517, loss: 0.1036
2026-05-02 21:16:49,981 - mmdet - INFO - Iter [11050/120000]	lr: 1.000e-04, eta: 1 day, 12:36:08, time: 1.113, data_time: 0.012, memory: 37111, loss_mask: 0.0799, loss_texture: 0.0329, iou: 0.8615, loss: 0.1128
2026-05-02 21:17:17,916 - mmdet - INFO - Iter [11075/120000]	lr: 1.000e-04, eta: 1 day, 12:35:15, time: 1.117, data_time: 0.012, memory: 37111, loss_mask: 0.0849, loss_texture: 0.0334, iou: 0.8553, loss: 0.1183
2026-05-02 21:17:45,497 - mmdet - INFO - Iter [11100/120000]	lr: 1.000e-04, eta: 1 day, 12:34:19, time: 1.103, data_time: 0.012, memory: 37111, loss_mask: 0.0706, loss_texture: 0.0286, iou: 0.8321, loss: 0.0991
2026-05-02 21:18:13,140 - mmdet - INFO - Iter [11125/120000]	lr: 1.000e-04, eta: 1 day, 12:33:23, time: 1.106, data_time: 0.012, memory: 37111, loss_mask: 0.0889, loss_texture: 0.0348, iou: 0.8631, loss: 0.1237
2026-05-02 21:18:40,799 - mmdet - INFO - Iter [11150/120000]	lr: 1.000e-04, eta: 1 day, 12:32:28, time: 1.106, data_time: 0.012, memory: 37111, loss_mask: 0.0764, loss_texture: 0.0313, iou: 0.8709, loss: 0.1076
2026-05-02 21:19:08,474 - mmdet - INFO - Iter [11175/120000]	lr: 1.000e-04, eta: 1 day, 12:31:33, time: 1.107, data_time: 0.012, memory: 37111, loss_mask: 0.0702, loss_texture: 0.0289, iou: 0.8596, loss: 0.0991
2026-05-02 21:19:36,238 - mmdet - INFO - Iter [11200/120000]	lr: 1.000e-04, eta: 1 day, 12:30:39, time: 1.111, data_time: 0.012, memory: 37111, loss_mask: 0.0745, loss_texture: 0.0311, iou: 0.8703, loss: 0.1056
2026-05-02 21:20:03,995 - mmdet - INFO - Iter [11225/120000]	lr: 1.000e-04, eta: 1 day, 12:29:45, time: 1.110, data_time: 0.012, memory: 37111, loss_mask: 0.0684, loss_texture: 0.0297, iou: 0.8544, loss: 0.0981
2026-05-02 21:20:31,626 - mmdet - INFO - Iter [11250/120000]	lr: 1.000e-04, eta: 1 day, 12:28:50, time: 1.105, data_time: 0.012, memory: 37111, loss_mask: 0.0762, loss_texture: 0.0304, iou: 0.8609, loss: 0.1066
2026-05-02 21:20:59,564 - mmdet - INFO - Iter [11275/120000]	lr: 1.000e-04, eta: 1 day, 12:27:58, time: 1.118, data_time: 0.012, memory: 37111, loss_mask: 0.0884, loss_texture: 0.0343, iou: 0.8514, loss: 0.1228
2026-05-02 21:21:27,370 - mmdet - INFO - Iter [11300/120000]	lr: 1.000e-04, eta: 1 day, 12:27:05, time: 1.112, data_time: 0.012, memory: 37111, loss_mask: 0.1082, loss_texture: 0.0372, iou: 0.8213, loss: 0.1454
2026-05-02 21:21:55,055 - mmdet - INFO - Iter [11325/120000]	lr: 1.000e-04, eta: 1 day, 12:26:11, time: 1.107, data_time: 0.012, memory: 37111, loss_mask: 0.0959, loss_texture: 0.0374, iou: 0.8288, loss: 0.1333
2026-05-02 21:22:22,721 - mmdet - INFO - Iter [11350/120000]	lr: 1.000e-04, eta: 1 day, 12:25:17, time: 1.107, data_time: 0.012, memory: 37111, loss_mask: 0.0723, loss_texture: 0.0293, iou: 0.8736, loss: 0.1017
2026-05-02 21:22:50,581 - mmdet - INFO - Iter [11375/120000]	lr: 1.000e-04, eta: 1 day, 12:24:25, time: 1.114, data_time: 0.012, memory: 37111, loss_mask: 0.0750, loss_texture: 0.0317, iou: 0.8509, loss: 0.1068
2026-05-02 21:23:18,436 - mmdet - INFO - Iter [11400/120000]	lr: 1.000e-04, eta: 1 day, 12:23:32, time: 1.114, data_time: 0.012, memory: 37111, loss_mask: 0.0881, loss_texture: 0.0353, iou: 0.8470, loss: 0.1234
2026-05-02 21:23:46,208 - mmdet - INFO - Iter [11425/120000]	lr: 1.000e-04, eta: 1 day, 12:22:39, time: 1.111, data_time: 0.012, memory: 37111, loss_mask: 0.0750, loss_texture: 0.0293, iou: 0.8666, loss: 0.1043
2026-05-02 21:24:13,795 - mmdet - INFO - Iter [11450/120000]	lr: 1.000e-04, eta: 1 day, 12:21:45, time: 1.104, data_time: 0.012, memory: 37111, loss_mask: 0.0691, loss_texture: 0.0289, iou: 0.8627, loss: 0.0980
2026-05-02 21:24:41,501 - mmdet - INFO - Iter [11475/120000]	lr: 1.000e-04, eta: 1 day, 12:20:52, time: 1.108, data_time: 0.012, memory: 37111, loss_mask: 0.0751, loss_texture: 0.0315, iou: 0.8617, loss: 0.1065
2026-05-02 21:25:09,285 - mmdet - INFO - 
--- Val evaluation at iter 11500 ---
2026-05-02 21:25:58,088 - mmdet - INFO - 
+------------+-------------+-------------+
| Class      | Val IoU     | Pseudo IoU  |
+------------+-------------+-------------+
| background | 91.64       | 92.68       |
| building   | 63.54       | 69.14       |
| Summary    | mIoU: 77.59 | mIoU: 80.91 |
+------------+-------------+-------------+
Images evaluated: 218
2026-05-02 21:25:59,462 - mmdet - INFO - Iter [11500/120000]	lr: 1.000e-04, eta: 1 day, 12:19:59, time: 1.111, data_time: 0.012, memory: 37111, val/mIoU: 0.7759, val/IoU.building: 0.6354, val/IoU.background: 0.9164, val/Pseudo_mIoU: 0.8091, loss_mask: 0.0804, loss_texture: 0.0340, iou: 0.8584, loss: 0.1144
2026-05-02 21:26:27,259 - mmdet - INFO - Iter [11525/120000]	lr: 1.000e-04, eta: 1 day, 12:26:59, time: 3.119, data_time: 2.019, memory: 37111, loss_mask: 0.0767, loss_texture: 0.0313, iou: 0.8396, loss: 0.1080
2026-05-02 21:26:55,032 - mmdet - INFO - Iter [11550/120000]	lr: 1.000e-04, eta: 1 day, 12:26:06, time: 1.111, data_time: 0.012, memory: 37111, loss_mask: 0.0739, loss_texture: 0.0298, iou: 0.8738, loss: 0.1037
2026-05-02 21:27:22,899 - mmdet - INFO - Iter [11575/120000]	lr: 1.000e-04, eta: 1 day, 12:25:14, time: 1.115, data_time: 0.012, memory: 37111, loss_mask: 0.0775, loss_texture: 0.0319, iou: 0.8573, loss: 0.1094
2026-05-02 21:27:50,644 - mmdet - INFO - Iter [11600/120000]	lr: 1.000e-04, eta: 1 day, 12:24:20, time: 1.110, data_time: 0.012, memory: 37111, loss_mask: 0.0785, loss_texture: 0.0329, iou: 0.8604, loss: 0.1114
2026-05-02 21:28:18,135 - mmdet - INFO - Iter [11625/120000]	lr: 1.000e-04, eta: 1 day, 12:23:24, time: 1.100, data_time: 0.012, memory: 37111, loss_mask: 0.0672, loss_texture: 0.0288, iou: 0.8626, loss: 0.0959
2026-05-02 21:28:45,760 - mmdet - INFO - Iter [11650/120000]	lr: 1.000e-04, eta: 1 day, 12:22:30, time: 1.105, data_time: 0.012, memory: 37111, loss_mask: 0.0792, loss_texture: 0.0325, iou: 0.8664, loss: 0.1116
2026-05-02 21:29:13,469 - mmdet - INFO - Iter [11675/120000]	lr: 1.000e-04, eta: 1 day, 12:21:37, time: 1.108, data_time: 0.012, memory: 37111, loss_mask: 0.0765, loss_texture: 0.0323, iou: 0.8607, loss: 0.1088
2026-05-02 21:29:41,034 - mmdet - INFO - Iter [11700/120000]	lr: 1.000e-04, eta: 1 day, 12:20:42, time: 1.103, data_time: 0.012, memory: 37111, loss_mask: 0.0840, loss_texture: 0.0350, iou: 0.8520, loss: 0.1190
2026-05-02 21:30:08,781 - mmdet - INFO - Iter [11725/120000]	lr: 1.000e-04, eta: 1 day, 12:19:49, time: 1.110, data_time: 0.012, memory: 37111, loss_mask: 0.0805, loss_texture: 0.0331, iou: 0.8472, loss: 0.1135
2026-05-02 21:30:36,445 - mmdet - INFO - Iter [11750/120000]	lr: 1.000e-04, eta: 1 day, 12:18:55, time: 1.107, data_time: 0.012, memory: 37111, loss_mask: 0.0771, loss_texture: 0.0316, iou: 0.8610, loss: 0.1087
2026-05-02 21:31:04,356 - mmdet - INFO - Iter [11775/120000]	lr: 1.000e-04, eta: 1 day, 12:18:04, time: 1.116, data_time: 0.012, memory: 37111, loss_mask: 0.0717, loss_texture: 0.0310, iou: 0.8699, loss: 0.1026
2026-05-02 21:31:31,967 - mmdet - INFO - Iter [11800/120000]	lr: 1.000e-04, eta: 1 day, 12:17:10, time: 1.104, data_time: 0.012, memory: 37111, loss_mask: 0.0811, loss_texture: 0.0316, iou: 0.8609, loss: 0.1128
2026-05-02 21:31:59,545 - mmdet - INFO - Iter [11825/120000]	lr: 1.000e-04, eta: 1 day, 12:16:16, time: 1.103, data_time: 0.012, memory: 37111, loss_mask: 0.0747, loss_texture: 0.0315, iou: 0.8650, loss: 0.1062
2026-05-02 21:32:27,304 - mmdet - INFO - Iter [11850/120000]	lr: 1.000e-04, eta: 1 day, 12:15:24, time: 1.110, data_time: 0.012, memory: 37111, loss_mask: 0.0872, loss_texture: 0.0341, iou: 0.8404, loss: 0.1213
2026-05-02 21:32:54,964 - mmdet - INFO - Iter [11875/120000]	lr: 1.000e-04, eta: 1 day, 12:14:31, time: 1.106, data_time: 0.013, memory: 37111, loss_mask: 0.0932, loss_texture: 0.0306, iou: 0.8374, loss: 0.1238
2026-05-02 21:33:22,554 - mmdet - INFO - Iter [11900/120000]	lr: 1.000e-04, eta: 1 day, 12:13:38, time: 1.104, data_time: 0.012, memory: 37111, loss_mask: 0.0944, loss_texture: 0.0330, iou: 0.8085, loss: 0.1274
2026-05-02 21:33:50,267 - mmdet - INFO - Iter [11925/120000]	lr: 1.000e-04, eta: 1 day, 12:12:45, time: 1.109, data_time: 0.012, memory: 37111, loss_mask: 0.1017, loss_texture: 0.0344, iou: 0.8350, loss: 0.1361
2026-05-02 21:34:17,932 - mmdet - INFO - Iter [11950/120000]	lr: 1.000e-04, eta: 1 day, 12:11:53, time: 1.107, data_time: 0.012, memory: 37111, loss_mask: 0.1084, loss_texture: 0.0368, iou: 0.8395, loss: 0.1452
2026-05-02 21:34:45,824 - mmdet - INFO - Iter [11975/120000]	lr: 1.000e-04, eta: 1 day, 12:11:02, time: 1.116, data_time: 0.012, memory: 37111, loss_mask: 0.0935, loss_texture: 0.0337, iou: 0.8367, loss: 0.1272
2026-05-02 21:35:13,611 - mmdet - INFO - 
--- Val evaluation at iter 12000 ---
2026-05-02 21:36:02,370 - mmdet - INFO - 
+------------+-------------+-------------+
| Class      | Val IoU     | Pseudo IoU  |
+------------+-------------+-------------+
| background | 91.45       | 92.68       |
| building   | 62.18       | 69.14       |
| Summary    | mIoU: 76.81 | mIoU: 80.91 |
+------------+-------------+-------------+
Images evaluated: 218
2026-05-02 21:36:03,748 - mmdet - INFO - Exp name: exp8_all.py
2026-05-02 21:36:03,748 - mmdet - INFO - Iter [12000/120000]	lr: 1.000e-04, eta: 1 day, 12:10:11, time: 1.111, data_time: 0.012, memory: 37111, val/mIoU: 0.7681, val/IoU.building: 0.6218, val/IoU.background: 0.9145, val/Pseudo_mIoU: 0.8091, loss_mask: 0.0922, loss_texture: 0.0363, iou: 0.8457, loss: 0.1285
2026-05-02 21:36:31,407 - mmdet - INFO - Iter [12025/120000]	lr: 1.000e-04, eta: 1 day, 12:16:48, time: 3.112, data_time: 2.018, memory: 37111, loss_mask: 0.0780, loss_texture: 0.0311, iou: 0.8691, loss: 0.1091
2026-05-02 21:36:59,050 - mmdet - INFO - Iter [12050/120000]	lr: 1.000e-04, eta: 1 day, 12:15:55, time: 1.106, data_time: 0.012, memory: 37111, loss_mask: 0.0697, loss_texture: 0.0293, iou: 0.8741, loss: 0.0990
2026-05-02 21:37:26,824 - mmdet - INFO - Iter [12075/120000]	lr: 1.000e-04, eta: 1 day, 12:15:03, time: 1.111, data_time: 0.012, memory: 37111, loss_mask: 0.0748, loss_texture: 0.0302, iou: 0.8449, loss: 0.1050
2026-05-02 21:37:54,577 - mmdet - INFO - Iter [12100/120000]	lr: 1.000e-04, eta: 1 day, 12:14:10, time: 1.110, data_time: 0.012, memory: 37111, loss_mask: 0.0831, loss_texture: 0.0337, iou: 0.8422, loss: 0.1168
2026-05-02 21:38:22,114 - mmdet - INFO - Iter [12125/120000]	lr: 1.000e-04, eta: 1 day, 12:13:16, time: 1.101, data_time: 0.012, memory: 37111, loss_mask: 0.0716, loss_texture: 0.0288, iou: 0.8556, loss: 0.1004
2026-05-02 21:38:49,908 - mmdet - INFO - Iter [12150/120000]	lr: 1.000e-04, eta: 1 day, 12:12:24, time: 1.112, data_time: 0.012, memory: 37111, loss_mask: 0.0779, loss_texture: 0.0328, iou: 0.8718, loss: 0.1106
2026-05-02 21:39:17,677 - mmdet - INFO - Iter [12175/120000]	lr: 1.000e-04, eta: 1 day, 12:11:33, time: 1.111, data_time: 0.012, memory: 37111, loss_mask: 0.0799, loss_texture: 0.0328, iou: 0.8646, loss: 0.1127
2026-05-02 21:39:45,367 - mmdet - INFO - Iter [12200/120000]	lr: 1.000e-04, eta: 1 day, 12:10:40, time: 1.108, data_time: 0.012, memory: 37111, loss_mask: 0.0706, loss_texture: 0.0302, iou: 0.8592, loss: 0.1007
2026-05-02 21:40:12,994 - mmdet - INFO - Iter [12225/120000]	lr: 1.000e-04, eta: 1 day, 12:09:47, time: 1.105, data_time: 0.012, memory: 37111, loss_mask: 0.0831, loss_texture: 0.0348, iou: 0.8592, loss: 0.1179
2026-05-02 21:40:40,597 - mmdet - INFO - Iter [12250/120000]	lr: 1.000e-04, eta: 1 day, 12:08:54, time: 1.104, data_time: 0.012, memory: 37111, loss_mask: 0.0718, loss_texture: 0.0294, iou: 0.8579, loss: 0.1012
2026-05-02 21:41:08,282 - mmdet - INFO - Iter [12275/120000]	lr: 1.000e-04, eta: 1 day, 12:08:02, time: 1.107, data_time: 0.012, memory: 37111, loss_mask: 0.0735, loss_texture: 0.0309, iou: 0.8416, loss: 0.1044
2026-05-02 21:41:36,033 - mmdet - INFO - Iter [12300/120000]	lr: 1.000e-04, eta: 1 day, 12:07:10, time: 1.110, data_time: 0.012, memory: 37111, loss_mask: 0.0849, loss_texture: 0.0348, iou: 0.8560, loss: 0.1197
2026-05-02 21:42:03,598 - mmdet - INFO - Iter [12325/120000]	lr: 1.000e-04, eta: 1 day, 12:06:17, time: 1.103, data_time: 0.012, memory: 37111, loss_mask: 0.0701, loss_texture: 0.0287, iou: 0.8695, loss: 0.0988
2026-05-02 21:42:31,354 - mmdet - INFO - Iter [12350/120000]	lr: 1.000e-04, eta: 1 day, 12:05:26, time: 1.110, data_time: 0.012, memory: 37111, loss_mask: 0.0830, loss_texture: 0.0337, iou: 0.8612, loss: 0.1167
2026-05-02 21:42:59,234 - mmdet - INFO - Iter [12375/120000]	lr: 1.000e-04, eta: 1 day, 12:04:36, time: 1.115, data_time: 0.012, memory: 37111, loss_mask: 0.0797, loss_texture: 0.0329, iou: 0.8629, loss: 0.1126
2026-05-02 21:43:26,909 - mmdet - INFO - Iter [12400/120000]	lr: 1.000e-04, eta: 1 day, 12:03:44, time: 1.107, data_time: 0.012, memory: 37111, loss_mask: 0.0758, loss_texture: 0.0317, iou: 0.8474, loss: 0.1075
2026-05-02 21:43:54,545 - mmdet - INFO - Iter [12425/120000]	lr: 1.000e-04, eta: 1 day, 12:02:52, time: 1.105, data_time: 0.012, memory: 37111, loss_mask: 0.0816, loss_texture: 0.0308, iou: 0.8316, loss: 0.1124
2026-05-02 21:44:22,327 - mmdet - INFO - Iter [12450/120000]	lr: 1.000e-04, eta: 1 day, 12:02:01, time: 1.111, data_time: 0.012, memory: 37111, loss_mask: 0.1092, loss_texture: 0.0387, iou: 0.8318, loss: 0.1479
2026-05-02 21:44:50,034 - mmdet - INFO - Iter [12475/120000]	lr: 1.000e-04, eta: 1 day, 12:01:10, time: 1.108, data_time: 0.012, memory: 37111, loss_mask: 0.0828, loss_texture: 0.0330, iou: 0.8508, loss: 0.1158
2026-05-02 21:45:17,807 - mmdet - INFO - 
--- Val evaluation at iter 12500 ---
2026-05-02 21:46:06,213 - mmdet - INFO - 
+------------+-------------+-------------+
| Class      | Val IoU     | Pseudo IoU  |
+------------+-------------+-------------+
| background | 91.33       | 92.68       |
| building   | 61.28       | 69.14       |
| Summary    | mIoU: 76.30 | mIoU: 80.91 |
+------------+-------------+-------------+
Images evaluated: 218
2026-05-02 21:46:07,613 - mmdet - INFO - Iter [12500/120000]	lr: 1.000e-04, eta: 1 day, 12:00:19, time: 1.111, data_time: 0.012, memory: 37111, val/mIoU: 0.7630, val/IoU.building: 0.6128, val/IoU.background: 0.9133, val/Pseudo_mIoU: 0.8091, loss_mask: 0.0824, loss_texture: 0.0321, iou: 0.8531, loss: 0.1146
2026-05-02 21:46:35,342 - mmdet - INFO - Iter [12525/120000]	lr: 1.000e-04, eta: 1 day, 12:06:36, time: 3.101, data_time: 2.004, memory: 37111, loss_mask: 0.0747, loss_texture: 0.0303, iou: 0.8518, loss: 0.1050
2026-05-02 21:47:03,100 - mmdet - INFO - Iter [12550/120000]	lr: 1.000e-04, eta: 1 day, 12:05:45, time: 1.110, data_time: 0.012, memory: 37111, loss_mask: 0.0710, loss_texture: 0.0296, iou: 0.8758, loss: 0.1007
2026-05-02 21:47:30,933 - mmdet - INFO - Iter [12575/120000]	lr: 1.000e-04, eta: 1 day, 12:04:54, time: 1.113, data_time: 0.012, memory: 37111, loss_mask: 0.0768, loss_texture: 0.0321, iou: 0.8561, loss: 0.1089
2026-05-02 21:47:58,627 - mmdet - INFO - Iter [12600/120000]	lr: 1.000e-04, eta: 1 day, 12:04:02, time: 1.108, data_time: 0.012, memory: 37111, loss_mask: 0.0877, loss_texture: 0.0367, iou: 0.8546, loss: 0.1244
2026-05-02 21:48:26,562 - mmdet - INFO - Iter [12625/120000]	lr: 1.000e-04, eta: 1 day, 12:03:12, time: 1.117, data_time: 0.012, memory: 37111, loss_mask: 0.0757, loss_texture: 0.0329, iou: 0.8553, loss: 0.1086
2026-05-02 21:48:54,398 - mmdet - INFO - Iter [12650/120000]	lr: 1.000e-04, eta: 1 day, 12:02:22, time: 1.113, data_time: 0.012, memory: 37111, loss_mask: 0.0818, loss_texture: 0.0332, iou: 0.8618, loss: 0.1150
2026-05-02 21:49:22,068 - mmdet - INFO - Iter [12675/120000]	lr: 1.000e-04, eta: 1 day, 12:01:30, time: 1.107, data_time: 0.012, memory: 37111, loss_mask: 0.0772, loss_texture: 0.0308, iou: 0.8498, loss: 0.1079
2026-05-02 21:49:49,774 - mmdet - INFO - Iter [12700/120000]	lr: 1.000e-04, eta: 1 day, 12:00:39, time: 1.108, data_time: 0.012, memory: 37111, loss_mask: 0.0742, loss_texture: 0.0305, iou: 0.8479, loss: 0.1047
2026-05-02 21:50:17,403 - mmdet - INFO - Iter [12725/120000]	lr: 1.000e-04, eta: 1 day, 11:59:47, time: 1.105, data_time: 0.012, memory: 37111, loss_mask: 0.0791, loss_texture: 0.0322, iou: 0.8536, loss: 0.1113
2026-05-02 21:50:45,144 - mmdet - INFO - Iter [12750/120000]	lr: 1.000e-04, eta: 1 day, 11:58:56, time: 1.110, data_time: 0.012, memory: 37111, loss_mask: 0.0774, loss_texture: 0.0322, iou: 0.8532, loss: 0.1097
2026-05-02 21:51:12,740 - mmdet - INFO - Iter [12775/120000]	lr: 1.000e-04, eta: 1 day, 11:58:04, time: 1.104, data_time: 0.012, memory: 37111, loss_mask: 0.0761, loss_texture: 0.0310, iou: 0.8418, loss: 0.1071
2026-05-02 21:51:40,386 - mmdet - INFO - Iter [12800/120000]	lr: 1.000e-04, eta: 1 day, 11:57:12, time: 1.106, data_time: 0.012, memory: 37111, loss_mask: 0.0763, loss_texture: 0.0319, iou: 0.8546, loss: 0.1082
2026-05-02 21:52:08,054 - mmdet - INFO - Iter [12825/120000]	lr: 1.000e-04, eta: 1 day, 11:56:21, time: 1.107, data_time: 0.012, memory: 37111, loss_mask: 0.0696, loss_texture: 0.0293, iou: 0.8795, loss: 0.0988
2026-05-02 21:52:35,787 - mmdet - INFO - Iter [12850/120000]	lr: 1.000e-04, eta: 1 day, 11:55:31, time: 1.109, data_time: 0.012, memory: 37111, loss_mask: 0.0869, loss_texture: 0.0363, iou: 0.8715, loss: 0.1232
2026-05-02 21:53:03,476 - mmdet - INFO - Iter [12875/120000]	lr: 1.000e-04, eta: 1 day, 11:54:40, time: 1.108, data_time: 0.012, memory: 37111, loss_mask: 0.0770, loss_texture: 0.0303, iou: 0.8378, loss: 0.1073
2026-05-02 21:53:31,142 - mmdet - INFO - Iter [12900/120000]	lr: 1.000e-04, eta: 1 day, 11:53:49, time: 1.107, data_time: 0.012, memory: 37111, loss_mask: 0.0810, loss_texture: 0.0318, iou: 0.8524, loss: 0.1128
2026-05-02 21:53:58,781 - mmdet - INFO - Iter [12925/120000]	lr: 1.000e-04, eta: 1 day, 11:52:58, time: 1.106, data_time: 0.012, memory: 37111, loss_mask: 0.0868, loss_texture: 0.0349, iou: 0.8649, loss: 0.1218
2026-05-02 21:54:26,357 - mmdet - INFO - Iter [12950/120000]	lr: 1.000e-04, eta: 1 day, 11:52:06, time: 1.103, data_time: 0.012, memory: 37111, loss_mask: 0.0793, loss_texture: 0.0328, iou: 0.8621, loss: 0.1122
2026-05-02 21:54:54,035 - mmdet - INFO - Iter [12975/120000]	lr: 1.000e-04, eta: 1 day, 11:51:15, time: 1.107, data_time: 0.012, memory: 37111, loss_mask: 0.0762, loss_texture: 0.0313, iou: 0.8709, loss: 0.1075
2026-05-02 21:55:21,836 - mmdet - INFO - 
--- Val evaluation at iter 13000 ---
2026-05-02 21:56:10,454 - mmdet - INFO - 
+------------+-------------+-------------+
| Class      | Val IoU     | Pseudo IoU  |
+------------+-------------+-------------+
| background | 92.08       | 92.68       |
| building   | 65.85       | 69.14       |
| Summary    | mIoU: 78.96 | mIoU: 80.91 |
+------------+-------------+-------------+
Images evaluated: 218
2026-05-02 21:56:11,862 - mmdet - INFO - Exp name: exp8_all.py
2026-05-02 21:56:11,863 - mmdet - INFO - Iter [13000/120000]	lr: 1.000e-04, eta: 1 day, 11:50:26, time: 1.112, data_time: 0.012, memory: 37111, val/mIoU: 0.7896, val/IoU.building: 0.6585, val/IoU.background: 0.9208, val/Pseudo_mIoU: 0.8091, loss_mask: 0.0739, loss_texture: 0.0316, iou: 0.8581, loss: 0.1055
2026-05-02 21:56:39,506 - mmdet - INFO - Iter [13025/120000]	lr: 1.000e-04, eta: 1 day, 11:56:26, time: 3.107, data_time: 2.013, memory: 37111, loss_mask: 0.0777, loss_texture: 0.0335, iou: 0.8752, loss: 0.1112
2026-05-02 21:57:07,258 - mmdet - INFO - Iter [13050/120000]	lr: 1.000e-04, eta: 1 day, 11:55:36, time: 1.110, data_time: 0.012, memory: 37111, loss_mask: 0.0734, loss_texture: 0.0316, iou: 0.8554, loss: 0.1050
2026-05-02 21:57:34,841 - mmdet - INFO - Iter [13075/120000]	lr: 1.000e-04, eta: 1 day, 11:54:44, time: 1.103, data_time: 0.012, memory: 37111, loss_mask: 0.0712, loss_texture: 0.0292, iou: 0.8437, loss: 0.1004
2026-05-02 21:58:02,660 - mmdet - INFO - Iter [13100/120000]	lr: 1.000e-04, eta: 1 day, 11:53:54, time: 1.113, data_time: 0.012, memory: 37111, loss_mask: 0.0894, loss_texture: 0.0369, iou: 0.8572, loss: 0.1263
2026-05-02 21:58:30,267 - mmdet - INFO - Iter [13125/120000]	lr: 1.000e-04, eta: 1 day, 11:53:02, time: 1.104, data_time: 0.012, memory: 37111, loss_mask: 0.0786, loss_texture: 0.0290, iou: 0.8560, loss: 0.1075
2026-05-02 21:58:57,919 - mmdet - INFO - Iter [13150/120000]	lr: 1.000e-04, eta: 1 day, 11:52:11, time: 1.106, data_time: 0.012, memory: 37111, loss_mask: 0.0924, loss_texture: 0.0352, iou: 0.8516, loss: 0.1276
2026-05-02 21:59:25,551 - mmdet - INFO - Iter [13175/120000]	lr: 1.000e-04, eta: 1 day, 11:51:20, time: 1.105, data_time: 0.012, memory: 37111, loss_mask: 0.0915, loss_texture: 0.0350, iou: 0.8281, loss: 0.1265
2026-05-02 21:59:53,113 - mmdet - INFO - Iter [13200/120000]	lr: 1.000e-04, eta: 1 day, 11:50:28, time: 1.102, data_time: 0.012, memory: 37111, loss_mask: 0.0808, loss_texture: 0.0297, iou: 0.8596, loss: 0.1105
2026-05-02 22:00:20,706 - mmdet - INFO - Iter [13225/120000]	lr: 1.000e-04, eta: 1 day, 11:49:37, time: 1.104, data_time: 0.012, memory: 37111, loss_mask: 0.0748, loss_texture: 0.0299, iou: 0.8457, loss: 0.1047
2026-05-02 22:00:48,453 - mmdet - INFO - Iter [13250/120000]	lr: 1.000e-04, eta: 1 day, 11:48:47, time: 1.110, data_time: 0.012, memory: 37111, loss_mask: 0.0827, loss_texture: 0.0338, iou: 0.8517, loss: 0.1166
2026-05-02 22:01:16,220 - mmdet - INFO - Iter [13275/120000]	lr: 1.000e-04, eta: 1 day, 11:47:57, time: 1.111, data_time: 0.013, memory: 37111, loss_mask: 0.0814, loss_texture: 0.0337, iou: 0.8463, loss: 0.1151
2026-05-02 22:01:43,946 - mmdet - INFO - Iter [13300/120000]	lr: 1.000e-04, eta: 1 day, 11:47:08, time: 1.109, data_time: 0.012, memory: 37111, loss_mask: 0.0796, loss_texture: 0.0331, iou: 0.8520, loss: 0.1128
2026-05-02 22:02:11,650 - mmdet - INFO - Iter [13325/120000]	lr: 1.000e-04, eta: 1 day, 11:46:17, time: 1.108, data_time: 0.012, memory: 37111, loss_mask: 0.0737, loss_texture: 0.0305, iou: 0.8705, loss: 0.1042
2026-05-02 22:02:39,206 - mmdet - INFO - Iter [13350/120000]	lr: 1.000e-04, eta: 1 day, 11:45:26, time: 1.102, data_time: 0.012, memory: 37111, loss_mask: 0.0735, loss_texture: 0.0298, iou: 0.8550, loss: 0.1033
2026-05-02 22:03:06,825 - mmdet - INFO - Iter [13375/120000]	lr: 1.000e-04, eta: 1 day, 11:44:36, time: 1.105, data_time: 0.012, memory: 37111, loss_mask: 0.0765, loss_texture: 0.0327, iou: 0.8750, loss: 0.1092
2026-05-02 22:03:34,491 - mmdet - INFO - Iter [13400/120000]	lr: 1.000e-04, eta: 1 day, 11:43:46, time: 1.107, data_time: 0.012, memory: 37111, loss_mask: 0.0740, loss_texture: 0.0312, iou: 0.8784, loss: 0.1052
2026-05-02 22:04:02,252 - mmdet - INFO - Iter [13425/120000]	lr: 1.000e-04, eta: 1 day, 11:42:56, time: 1.110, data_time: 0.012, memory: 37111, loss_mask: 0.0706, loss_texture: 0.0301, iou: 0.8614, loss: 0.1007
2026-05-02 22:04:29,968 - mmdet - INFO - Iter [13450/120000]	lr: 1.000e-04, eta: 1 day, 11:42:07, time: 1.109, data_time: 0.012, memory: 37111, loss_mask: 0.0791, loss_texture: 0.0326, iou: 0.8629, loss: 0.1117
2026-05-02 22:04:57,735 - mmdet - INFO - Iter [13475/120000]	lr: 1.000e-04, eta: 1 day, 11:41:18, time: 1.111, data_time: 0.012, memory: 37111, loss_mask: 0.0854, loss_texture: 0.0360, iou: 0.8571, loss: 0.1214
2026-05-02 22:05:25,598 - mmdet - INFO - 
--- Val evaluation at iter 13500 ---
2026-05-02 22:06:14,067 - mmdet - INFO - 
+------------+-------------+-------------+
| Class      | Val IoU     | Pseudo IoU  |
+------------+-------------+-------------+
| background | 92.12       | 92.68       |
| building   | 66.00       | 69.14       |
| Summary    | mIoU: 79.06 | mIoU: 80.91 |
+------------+-------------+-------------+
Images evaluated: 218
2026-05-02 22:06:15,448 - mmdet - INFO - Iter [13500/120000]	lr: 1.000e-04, eta: 1 day, 11:40:30, time: 1.115, data_time: 0.012, memory: 37111, val/mIoU: 0.7906, val/IoU.building: 0.6600, val/IoU.background: 0.9212, val/Pseudo_mIoU: 0.8091, loss_mask: 0.0759, loss_texture: 0.0313, iou: 0.8525, loss: 0.1072
2026-05-02 22:06:43,085 - mmdet - INFO - Iter [13525/120000]	lr: 1.000e-04, eta: 1 day, 11:46:12, time: 3.099, data_time: 2.006, memory: 37111, loss_mask: 0.0749, loss_texture: 0.0318, iou: 0.8520, loss: 0.1067
2026-05-02 22:07:10,660 - mmdet - INFO - Iter [13550/120000]	lr: 1.000e-04, eta: 1 day, 11:45:21, time: 1.103, data_time: 0.012, memory: 37111, loss_mask: 0.0771, loss_texture: 0.0309, iou: 0.8515, loss: 0.1080
2026-05-02 22:07:38,298 - mmdet - INFO - Iter [13575/120000]	lr: 1.000e-04, eta: 1 day, 11:44:30, time: 1.106, data_time: 0.012, memory: 37111, loss_mask: 0.0707, loss_texture: 0.0300, iou: 0.8630, loss: 0.1007
2026-05-02 22:08:05,998 - mmdet - INFO - Iter [13600/120000]	lr: 1.000e-04, eta: 1 day, 11:43:40, time: 1.108, data_time: 0.012, memory: 37111, loss_mask: 0.0810, loss_texture: 0.0323, iou: 0.8698, loss: 0.1133
2026-05-02 22:08:33,692 - mmdet - INFO - Iter [13625/120000]	lr: 1.000e-04, eta: 1 day, 11:42:51, time: 1.108, data_time: 0.012, memory: 37111, loss_mask: 0.0646, loss_texture: 0.0276, iou: 0.8576, loss: 0.0921
2026-05-02 22:09:01,316 - mmdet - INFO - Iter [13650/120000]	lr: 1.000e-04, eta: 1 day, 11:42:00, time: 1.105, data_time: 0.012, memory: 37111, loss_mask: 0.0707, loss_texture: 0.0294, iou: 0.8633, loss: 0.1001
2026-05-02 22:09:29,047 - mmdet - INFO - Iter [13675/120000]	lr: 1.000e-04, eta: 1 day, 11:41:11, time: 1.109, data_time: 0.012, memory: 37111, loss_mask: 0.0721, loss_texture: 0.0289, iou: 0.8871, loss: 0.1011
2026-05-02 22:09:56,680 - mmdet - INFO - Iter [13700/120000]	lr: 1.000e-04, eta: 1 day, 11:40:20, time: 1.105, data_time: 0.012, memory: 37111, loss_mask: 0.0679, loss_texture: 0.0284, iou: 0.8681, loss: 0.0962
2026-05-02 22:10:24,399 - mmdet - INFO - Iter [13725/120000]	lr: 1.000e-04, eta: 1 day, 11:39:31, time: 1.109, data_time: 0.012, memory: 37111, loss_mask: 0.0735, loss_texture: 0.0310, iou: 0.8543, loss: 0.1045
2026-05-02 22:10:52,093 - mmdet - INFO - Iter [13750/120000]	lr: 1.000e-04, eta: 1 day, 11:38:41, time: 1.108, data_time: 0.012, memory: 37111, loss_mask: 0.0734, loss_texture: 0.0321, iou: 0.8662, loss: 0.1055
2026-05-02 22:11:19,737 - mmdet - INFO - Iter [13775/120000]	lr: 1.000e-04, eta: 1 day, 11:37:52, time: 1.106, data_time: 0.012, memory: 37111, loss_mask: 0.0737, loss_texture: 0.0321, iou: 0.8681, loss: 0.1059
2026-05-02 22:11:47,357 - mmdet - INFO - Iter [13800/120000]	lr: 1.000e-04, eta: 1 day, 11:37:02, time: 1.105, data_time: 0.012, memory: 37111, loss_mask: 0.0748, loss_texture: 0.0320, iou: 0.8617, loss: 0.1068
2026-05-02 22:12:14,907 - mmdet - INFO - Iter [13825/120000]	lr: 1.000e-04, eta: 1 day, 11:36:11, time: 1.102, data_time: 0.012, memory: 37111, loss_mask: 0.0660, loss_texture: 0.0279, iou: 0.8753, loss: 0.0939
2026-05-02 22:12:42,457 - mmdet - INFO - Iter [13850/120000]	lr: 1.000e-04, eta: 1 day, 11:35:21, time: 1.102, data_time: 0.012, memory: 37111, loss_mask: 0.0799, loss_texture: 0.0330, iou: 0.8617, loss: 0.1129
2026-05-02 22:13:10,260 - mmdet - INFO - Iter [13875/120000]	lr: 1.000e-04, eta: 1 day, 11:34:33, time: 1.112, data_time: 0.012, memory: 37111, loss_mask: 0.0670, loss_texture: 0.0287, iou: 0.8693, loss: 0.0957
2026-05-02 22:13:38,001 - mmdet - INFO - Iter [13900/120000]	lr: 1.000e-04, eta: 1 day, 11:33:44, time: 1.110, data_time: 0.012, memory: 37111, loss_mask: 0.0724, loss_texture: 0.0310, iou: 0.8662, loss: 0.1034
2026-05-02 22:14:05,540 - mmdet - INFO - Iter [13925/120000]	lr: 1.000e-04, eta: 1 day, 11:32:54, time: 1.102, data_time: 0.012, memory: 37111, loss_mask: 0.0691, loss_texture: 0.0291, iou: 0.8441, loss: 0.0983
2026-05-02 22:14:33,186 - mmdet - INFO - Iter [13950/120000]	lr: 1.000e-04, eta: 1 day, 11:32:04, time: 1.106, data_time: 0.012, memory: 37111, loss_mask: 0.0792, loss_texture: 0.0337, iou: 0.8753, loss: 0.1130
2026-05-02 22:15:00,735 - mmdet - INFO - Iter [13975/120000]	lr: 1.000e-04, eta: 1 day, 11:31:14, time: 1.102, data_time: 0.012, memory: 37111, loss_mask: 0.0653, loss_texture: 0.0275, iou: 0.8582, loss: 0.0928
2026-05-02 22:15:28,191 - mmdet - INFO - 
--- Val evaluation at iter 14000 ---
2026-05-02 22:16:16,961 - mmdet - INFO - 
+------------+-------------+-------------+
| Class      | Val IoU     | Pseudo IoU  |
+------------+-------------+-------------+
| background | 92.31       | 92.68       |
| building   | 67.46       | 69.14       |
| Summary    | mIoU: 79.89 | mIoU: 80.91 |
+------------+-------------+-------------+
Images evaluated: 218
2026-05-02 22:16:19,830 - mmdet - INFO - ★ New best mIoU: 79.89% (prev: 79.64%, Δ=+0.25%) → saved to /home/ubuntu/vy/Denoiser/SegRefiner/work_dirs/exp8_all/best_model.pth
2026-05-02 22:16:19,834 - mmdet - INFO - Exp name: exp8_all.py
2026-05-02 22:16:19,835 - mmdet - INFO - Iter [14000/120000]	lr: 1.000e-04, eta: 1 day, 11:30:24, time: 1.098, data_time: 0.012, memory: 37111, val/mIoU: 0.7989, val/IoU.building: 0.6746, val/IoU.background: 0.9231, val/Pseudo_mIoU: 0.8091, loss_mask: 0.0665, loss_texture: 0.0290, iou: 0.8800, loss: 0.0955
2026-05-02 22:16:47,535 - mmdet - INFO - Iter [14025/120000]	lr: 1.000e-04, eta: 1 day, 11:36:05, time: 3.174, data_time: 2.077, memory: 37111, loss_mask: 0.0954, loss_texture: 0.0367, iou: 0.8728, loss: 0.1321
2026-05-02 22:17:15,221 - mmdet - INFO - Iter [14050/120000]	lr: 1.000e-04, eta: 1 day, 11:35:16, time: 1.107, data_time: 0.012, memory: 37111, loss_mask: 0.0912, loss_texture: 0.0349, iou: 0.8275, loss: 0.1261
2026-05-02 22:17:43,056 - mmdet - INFO - Iter [14075/120000]	lr: 1.000e-04, eta: 1 day, 11:34:28, time: 1.113, data_time: 0.012, memory: 37111, loss_mask: 0.0853, loss_texture: 0.0354, iou: 0.8530, loss: 0.1207
2026-05-02 22:18:10,842 - mmdet - INFO - Iter [14100/120000]	lr: 1.000e-04, eta: 1 day, 11:33:39, time: 1.111, data_time: 0.012, memory: 37111, loss_mask: 0.0767, loss_texture: 0.0322, iou: 0.8648, loss: 0.1089
2026-05-02 22:18:38,436 - mmdet - INFO - Iter [14125/120000]	lr: 1.000e-04, eta: 1 day, 11:32:49, time: 1.104, data_time: 0.012, memory: 37111, loss_mask: 0.0717, loss_texture: 0.0292, iou: 0.8528, loss: 0.1009
2026-05-02 22:19:06,099 - mmdet - INFO - Iter [14150/120000]	lr: 1.000e-04, eta: 1 day, 11:32:00, time: 1.106, data_time: 0.012, memory: 37111, loss_mask: 0.0786, loss_texture: 0.0316, iou: 0.8619, loss: 0.1103
2026-05-02 22:19:33,714 - mmdet - INFO - Iter [14175/120000]	lr: 1.000e-04, eta: 1 day, 11:31:10, time: 1.105, data_time: 0.012, memory: 37111, loss_mask: 0.0760, loss_texture: 0.0327, iou: 0.8696, loss: 0.1088
2026-05-02 22:20:01,333 - mmdet - INFO - Iter [14200/120000]	lr: 1.000e-04, eta: 1 day, 11:30:21, time: 1.105, data_time: 0.012, memory: 37111, loss_mask: 0.0696, loss_texture: 0.0298, iou: 0.8597, loss: 0.0993
2026-05-02 22:20:28,949 - mmdet - INFO - Iter [14225/120000]	lr: 1.000e-04, eta: 1 day, 11:29:31, time: 1.105, data_time: 0.012, memory: 37111, loss_mask: 0.0661, loss_texture: 0.0278, iou: 0.8641, loss: 0.0939
2026-05-02 22:20:56,600 - mmdet - INFO - Iter [14250/120000]	lr: 1.000e-04, eta: 1 day, 11:28:42, time: 1.106, data_time: 0.012, memory: 37111, loss_mask: 0.0704, loss_texture: 0.0291, iou: 0.8468, loss: 0.0996
2026-05-02 22:21:24,272 - mmdet - INFO - Iter [14275/120000]	lr: 1.000e-04, eta: 1 day, 11:27:53, time: 1.107, data_time: 0.012, memory: 37111, loss_mask: 0.0723, loss_texture: 0.0306, iou: 0.8677, loss: 0.1029
2026-05-02 22:21:51,976 - mmdet - INFO - Iter [14300/120000]	lr: 1.000e-04, eta: 1 day, 11:27:05, time: 1.108, data_time: 0.012, memory: 37111, loss_mask: 0.0714, loss_texture: 0.0295, iou: 0.8647, loss: 0.1009
2026-05-02 22:22:19,848 - mmdet - INFO - Iter [14325/120000]	lr: 1.000e-04, eta: 1 day, 11:26:18, time: 1.115, data_time: 0.012, memory: 37111, loss_mask: 0.0788, loss_texture: 0.0341, iou: 0.8598, loss: 0.1129
2026-05-02 22:22:47,741 - mmdet - INFO - Iter [14350/120000]	lr: 1.000e-04, eta: 1 day, 11:25:31, time: 1.116, data_time: 0.012, memory: 37111, loss_mask: 0.0765, loss_texture: 0.0328, iou: 0.8860, loss: 0.1093
2026-05-02 22:23:15,440 - mmdet - INFO - Iter [14375/120000]	lr: 1.000e-04, eta: 1 day, 11:24:42, time: 1.108, data_time: 0.012, memory: 37111, loss_mask: 0.0727, loss_texture: 0.0306, iou: 0.8768, loss: 0.1033
2026-05-02 22:23:43,050 - mmdet - INFO - Iter [14400/120000]	lr: 1.000e-04, eta: 1 day, 11:23:53, time: 1.104, data_time: 0.012, memory: 37111, loss_mask: 0.0747, loss_texture: 0.0328, iou: 0.8745, loss: 0.1075
2026-05-02 22:24:10,697 - mmdet - INFO - Iter [14425/120000]	lr: 1.000e-04, eta: 1 day, 11:23:05, time: 1.106, data_time: 0.012, memory: 37111, loss_mask: 0.0699, loss_texture: 0.0295, iou: 0.8786, loss: 0.0994
2026-05-02 22:24:38,304 - mmdet - INFO - Iter [14450/120000]	lr: 1.000e-04, eta: 1 day, 11:22:16, time: 1.104, data_time: 0.012, memory: 37111, loss_mask: 0.0647, loss_texture: 0.0286, iou: 0.8538, loss: 0.0933
2026-05-02 22:25:06,120 - mmdet - INFO - Iter [14475/120000]	lr: 1.000e-04, eta: 1 day, 11:21:28, time: 1.113, data_time: 0.012, memory: 37111, loss_mask: 0.0711, loss_texture: 0.0306, iou: 0.8731, loss: 0.1017
2026-05-02 22:25:33,946 - mmdet - INFO - 
--- Val evaluation at iter 14500 ---
2026-05-02 22:26:22,407 - mmdet - INFO - 
+------------+-------------+-------------+
| Class      | Val IoU     | Pseudo IoU  |
+------------+-------------+-------------+
| background | 92.19       | 92.68       |
| building   | 67.35       | 69.14       |
| Summary    | mIoU: 79.77 | mIoU: 80.91 |
+------------+-------------+-------------+
Images evaluated: 218
2026-05-02 22:26:23,781 - mmdet - INFO - Iter [14500/120000]	lr: 1.000e-04, eta: 1 day, 11:20:41, time: 1.113, data_time: 0.012, memory: 37111, val/mIoU: 0.7977, val/IoU.building: 0.6735, val/IoU.background: 0.9219, val/Pseudo_mIoU: 0.8091, loss_mask: 0.0809, loss_texture: 0.0346, iou: 0.8613, loss: 0.1155
2026-05-02 22:26:51,358 - mmdet - INFO - Iter [14525/120000]	lr: 1.000e-04, eta: 1 day, 11:25:54, time: 3.096, data_time: 2.005, memory: 37111, loss_mask: 0.0742, loss_texture: 0.0302, iou: 0.8520, loss: 0.1044
2026-05-02 22:27:19,030 - mmdet - INFO - Iter [14550/120000]	lr: 1.000e-04, eta: 1 day, 11:25:06, time: 1.107, data_time: 0.012, memory: 37111, loss_mask: 0.0748, loss_texture: 0.0318, iou: 0.8587, loss: 0.1066
2026-05-02 22:27:46,638 - mmdet - INFO - Iter [14575/120000]	lr: 1.000e-04, eta: 1 day, 11:24:16, time: 1.104, data_time: 0.012, memory: 37111, loss_mask: 0.0728, loss_texture: 0.0317, iou: 0.8508, loss: 0.1044
2026-05-02 22:28:14,190 - mmdet - INFO - Iter [14600/120000]	lr: 1.000e-04, eta: 1 day, 11:23:27, time: 1.102, data_time: 0.012, memory: 37111, loss_mask: 0.0634, loss_texture: 0.0268, iou: 0.8534, loss: 0.0902
2026-05-02 22:28:41,831 - mmdet - INFO - Iter [14625/120000]	lr: 1.000e-04, eta: 1 day, 11:22:38, time: 1.106, data_time: 0.012, memory: 37111, loss_mask: 0.0688, loss_texture: 0.0291, iou: 0.8837, loss: 0.0978
2026-05-02 22:29:09,544 - mmdet - INFO - Iter [14650/120000]	lr: 1.000e-04, eta: 1 day, 11:21:50, time: 1.108, data_time: 0.012, memory: 37111, loss_mask: 0.0650, loss_texture: 0.0281, iou: 0.8660, loss: 0.0931
2026-05-02 22:29:37,360 - mmdet - INFO - Iter [14675/120000]	lr: 1.000e-04, eta: 1 day, 11:21:02, time: 1.113, data_time: 0.012, memory: 37111, loss_mask: 0.0872, loss_texture: 0.0347, iou: 0.8528, loss: 0.1219
2026-05-02 22:30:05,068 - mmdet - INFO - Iter [14700/120000]	lr: 1.000e-04, eta: 1 day, 11:20:14, time: 1.108, data_time: 0.012, memory: 37111, loss_mask: 0.0918, loss_texture: 0.0365, iou: 0.8608, loss: 0.1284
2026-05-02 22:30:32,694 - mmdet - INFO - Iter [14725/120000]	lr: 1.000e-04, eta: 1 day, 11:19:26, time: 1.105, data_time: 0.012, memory: 37111, loss_mask: 0.0917, loss_texture: 0.0342, iou: 0.8454, loss: 0.1259
2026-05-02 22:31:00,282 - mmdet - INFO - Iter [14750/120000]	lr: 1.000e-04, eta: 1 day, 11:18:37, time: 1.104, data_time: 0.012, memory: 37111, loss_mask: 0.0800, loss_texture: 0.0328, iou: 0.8560, loss: 0.1127
2026-05-02 22:31:27,902 - mmdet - INFO - Iter [14775/120000]	lr: 1.000e-04, eta: 1 day, 11:17:48, time: 1.105, data_time: 0.012, memory: 37111, loss_mask: 0.0781, loss_texture: 0.0328, iou: 0.8579, loss: 0.1109
2026-05-02 22:31:55,430 - mmdet - INFO - Iter [14800/120000]	lr: 1.000e-04, eta: 1 day, 11:16:59, time: 1.101, data_time: 0.012, memory: 37111, loss_mask: 0.0846, loss_texture: 0.0343, iou: 0.8623, loss: 0.1189
2026-05-02 22:32:23,011 - mmdet - INFO - Iter [14825/120000]	lr: 1.000e-04, eta: 1 day, 11:16:11, time: 1.103, data_time: 0.012, memory: 37111, loss_mask: 0.0713, loss_texture: 0.0290, iou: 0.8745, loss: 0.1003
2026-05-02 22:32:50,672 - mmdet - INFO - Iter [14850/120000]	lr: 1.000e-04, eta: 1 day, 11:15:23, time: 1.106, data_time: 0.012, memory: 37111, loss_mask: 0.0734, loss_texture: 0.0303, iou: 0.8719, loss: 0.1037
2026-05-02 22:33:18,335 - mmdet - INFO - Iter [14875/120000]	lr: 1.000e-04, eta: 1 day, 11:14:35, time: 1.107, data_time: 0.012, memory: 37111, loss_mask: 0.0764, loss_texture: 0.0328, iou: 0.8470, loss: 0.1092
2026-05-02 22:33:46,080 - mmdet - INFO - Iter [14900/120000]	lr: 1.000e-04, eta: 1 day, 11:13:47, time: 1.110, data_time: 0.012, memory: 37111, loss_mask: 0.0796, loss_texture: 0.0345, iou: 0.8425, loss: 0.1141
2026-05-02 22:34:13,733 - mmdet - INFO - Iter [14925/120000]	lr: 1.000e-04, eta: 1 day, 11:12:59, time: 1.106, data_time: 0.012, memory: 37111, loss_mask: 0.0613, loss_texture: 0.0271, iou: 0.8630, loss: 0.0885
2026-05-02 22:34:41,364 - mmdet - INFO - Iter [14950/120000]	lr: 1.000e-04, eta: 1 day, 11:12:11, time: 1.105, data_time: 0.012, memory: 37111, loss_mask: 0.0675, loss_texture: 0.0290, iou: 0.8783, loss: 0.0965
2026-05-02 22:35:09,045 - mmdet - INFO - Iter [14975/120000]	lr: 1.000e-04, eta: 1 day, 11:11:24, time: 1.107, data_time: 0.012, memory: 37111, loss_mask: 0.0745, loss_texture: 0.0318, iou: 0.8653, loss: 0.1063
2026-05-02 22:35:36,607 - mmdet - INFO - 
--- Val evaluation at iter 15000 ---
2026-05-02 22:36:25,127 - mmdet - INFO - 
+------------+-------------+-------------+
| Class      | Val IoU     | Pseudo IoU  |
+------------+-------------+-------------+
| background | 92.32       | 92.68       |
| building   | 67.71       | 69.14       |
| Summary    | mIoU: 80.01 | mIoU: 80.91 |
+------------+-------------+-------------+
Images evaluated: 218
2026-05-02 22:36:27,802 - mmdet - INFO - ★ New best mIoU: 80.01% (prev: 79.89%, Δ=+0.13%) → saved to /home/ubuntu/vy/Denoiser/SegRefiner/work_dirs/exp8_all/best_model.pth
2026-05-02 22:36:27,807 - mmdet - INFO - Exp name: exp8_all.py
2026-05-02 22:36:27,807 - mmdet - INFO - Iter [15000/120000]	lr: 1.000e-04, eta: 1 day, 11:10:36, time: 1.102, data_time: 0.012, memory: 37111, val/mIoU: 0.8001, val/IoU.building: 0.6771, val/IoU.background: 0.9232, val/Pseudo_mIoU: 0.8091, loss_mask: 0.0742, loss_texture: 0.0307, iou: 0.8606, loss: 0.1049
2026-05-02 22:36:55,331 - mmdet - INFO - Iter [15025/120000]	lr: 1.000e-04, eta: 1 day, 11:15:45, time: 3.149, data_time: 2.060, memory: 37111, loss_mask: 0.0631, loss_texture: 0.0274, iou: 0.8700, loss: 0.0905
2026-05-02 22:37:23,063 - mmdet - INFO - Iter [15050/120000]	lr: 1.000e-04, eta: 1 day, 11:14:57, time: 1.109, data_time: 0.012, memory: 37111, loss_mask: 0.0761, loss_texture: 0.0318, iou: 0.8616, loss: 0.1079
2026-05-02 22:37:50,793 - mmdet - INFO - Iter [15075/120000]	lr: 1.000e-04, eta: 1 day, 11:14:10, time: 1.109, data_time: 0.012, memory: 37111, loss_mask: 0.0708, loss_texture: 0.0269, iou: 0.8525, loss: 0.0977
2026-05-02 22:38:18,545 - mmdet - INFO - Iter [15100/120000]	lr: 1.000e-04, eta: 1 day, 11:13:22, time: 1.110, data_time: 0.012, memory: 37111, loss_mask: 0.1863, loss_texture: 0.0458, iou: 0.7530, loss: 0.2321
2026-05-02 22:38:46,346 - mmdet - INFO - Iter [15125/120000]	lr: 1.000e-04, eta: 1 day, 11:12:35, time: 1.112, data_time: 0.012, memory: 37111, loss_mask: 0.1267, loss_texture: 0.0432, iou: 0.8100, loss: 0.1699
2026-05-02 22:39:14,018 - mmdet - INFO - Iter [15150/120000]	lr: 1.000e-04, eta: 1 day, 11:11:47, time: 1.107, data_time: 0.012, memory: 37111, loss_mask: 0.0860, loss_texture: 0.0330, iou: 0.8604, loss: 0.1190
2026-05-02 22:39:41,749 - mmdet - INFO - Iter [15175/120000]	lr: 1.000e-04, eta: 1 day, 11:11:00, time: 1.109, data_time: 0.012, memory: 37111, loss_mask: 0.0896, loss_texture: 0.0349, iou: 0.8387, loss: 0.1245
2026-05-02 22:40:09,225 - mmdet - INFO - Iter [15200/120000]	lr: 1.000e-04, eta: 1 day, 11:10:11, time: 1.099, data_time: 0.012, memory: 37111, loss_mask: 0.0909, loss_texture: 0.0341, iou: 0.8435, loss: 0.1250
2026-05-02 22:40:36,783 - mmdet - INFO - Iter [15225/120000]	lr: 1.000e-04, eta: 1 day, 11:09:23, time: 1.102, data_time: 0.012, memory: 37111, loss_mask: 0.0833, loss_texture: 0.0331, iou: 0.8384, loss: 0.1164
2026-05-02 22:41:04,450 - mmdet - INFO - Iter [15250/120000]	lr: 1.000e-04, eta: 1 day, 11:08:35, time: 1.107, data_time: 0.012, memory: 37111, loss_mask: 0.0755, loss_texture: 0.0309, iou: 0.8758, loss: 0.1064
2026-05-02 22:41:32,232 - mmdet - INFO - Iter [15275/120000]	lr: 1.000e-04, eta: 1 day, 11:07:48, time: 1.111, data_time: 0.012, memory: 37111, loss_mask: 0.0745, loss_texture: 0.0319, iou: 0.8626, loss: 0.1065
2026-05-02 22:41:59,900 - mmdet - INFO - Iter [15300/120000]	lr: 1.000e-04, eta: 1 day, 11:07:01, time: 1.107, data_time: 0.012, memory: 37111, loss_mask: 0.0708, loss_texture: 0.0299, iou: 0.8681, loss: 0.1007
2026-05-02 22:42:27,580 - mmdet - INFO - Iter [15325/120000]	lr: 1.000e-04, eta: 1 day, 11:06:13, time: 1.107, data_time: 0.012, memory: 37111, loss_mask: 0.0651, loss_texture: 0.0280, iou: 0.8762, loss: 0.0932
2026-05-02 22:42:55,326 - mmdet - INFO - Iter [15350/120000]	lr: 1.000e-04, eta: 1 day, 11:05:27, time: 1.110, data_time: 0.012, memory: 37111, loss_mask: 0.0703, loss_texture: 0.0298, iou: 0.8505, loss: 0.1001
2026-05-02 22:43:23,174 - mmdet - INFO - Iter [15375/120000]	lr: 1.000e-04, eta: 1 day, 11:04:41, time: 1.114, data_time: 0.012, memory: 37111, loss_mask: 0.0748, loss_texture: 0.0316, iou: 0.8698, loss: 0.1065
2026-05-02 22:43:51,043 - mmdet - INFO - Iter [15400/120000]	lr: 1.000e-04, eta: 1 day, 11:03:55, time: 1.115, data_time: 0.012, memory: 37111, loss_mask: 0.0802, loss_texture: 0.0338, iou: 0.8728, loss: 0.1140
2026-05-02 22:44:18,631 - mmdet - INFO - Iter [15425/120000]	lr: 1.000e-04, eta: 1 day, 11:03:07, time: 1.104, data_time: 0.012, memory: 37111, loss_mask: 0.0758, loss_texture: 0.0331, iou: 0.8468, loss: 0.1089
2026-05-02 22:44:46,215 - mmdet - INFO - Iter [15450/120000]	lr: 1.000e-04, eta: 1 day, 11:02:19, time: 1.103, data_time: 0.012, memory: 37111, loss_mask: 0.0719, loss_texture: 0.0301, iou: 0.8549, loss: 0.1020
2026-05-02 22:45:13,860 - mmdet - INFO - Iter [15475/120000]	lr: 1.000e-04, eta: 1 day, 11:01:32, time: 1.106, data_time: 0.012, memory: 37111, loss_mask: 0.0697, loss_texture: 0.0290, iou: 0.8745, loss: 0.0987
2026-05-02 22:45:41,492 - mmdet - INFO - 
--- Val evaluation at iter 15500 ---
2026-05-02 22:46:30,287 - mmdet - INFO - 
+------------+-------------+-------------+
| Class      | Val IoU     | Pseudo IoU  |
+------------+-------------+-------------+
| background | 91.81       | 92.68       |
| building   | 64.58       | 69.14       |
| Summary    | mIoU: 78.20 | mIoU: 80.91 |
+------------+-------------+-------------+
Images evaluated: 218
2026-05-02 22:46:31,685 - mmdet - INFO - Iter [15500/120000]	lr: 1.000e-04, eta: 1 day, 11:00:45, time: 1.105, data_time: 0.012, memory: 37111, val/mIoU: 0.7820, val/IoU.building: 0.6458, val/IoU.background: 0.9181, val/Pseudo_mIoU: 0.8091, loss_mask: 0.0597, loss_texture: 0.0260, iou: 0.8556, loss: 0.0856
2026-05-02 22:46:59,366 - mmdet - INFO - Iter [15525/120000]	lr: 1.000e-04, eta: 1 day, 11:05:36, time: 3.115, data_time: 2.019, memory: 37111, loss_mask: 0.0794, loss_texture: 0.0339, iou: 0.8870, loss: 0.1133
2026-05-02 22:47:27,179 - mmdet - INFO - Iter [15550/120000]	lr: 1.000e-04, eta: 1 day, 11:04:50, time: 1.113, data_time: 0.012, memory: 37111, loss_mask: 0.0782, loss_texture: 0.0323, iou: 0.8725, loss: 0.1105
2026-05-02 22:47:55,029 - mmdet - INFO - Iter [15575/120000]	lr: 1.000e-04, eta: 1 day, 11:04:03, time: 1.114, data_time: 0.012, memory: 37111, loss_mask: 0.0910, loss_texture: 0.0341, iou: 0.8452, loss: 0.1250
2026-05-02 22:48:22,581 - mmdet - INFO - Iter [15600/120000]	lr: 1.000e-04, eta: 1 day, 11:03:15, time: 1.102, data_time: 0.012, memory: 37111, loss_mask: 0.0729, loss_texture: 0.0293, iou: 0.8492, loss: 0.1022
2026-05-02 22:48:50,086 - mmdet - INFO - Iter [15625/120000]	lr: 1.000e-04, eta: 1 day, 11:02:27, time: 1.100, data_time: 0.012, memory: 37111, loss_mask: 0.0842, loss_texture: 0.0329, iou: 0.8536, loss: 0.1170
2026-05-02 22:49:17,909 - mmdet - INFO - Iter [15650/120000]	lr: 1.000e-04, eta: 1 day, 11:01:41, time: 1.113, data_time: 0.012, memory: 37111, loss_mask: 0.0795, loss_texture: 0.0330, iou: 0.8672, loss: 0.1125
2026-05-02 22:49:45,881 - mmdet - INFO - Iter [15675/120000]	lr: 1.000e-04, eta: 1 day, 11:00:56, time: 1.119, data_time: 0.012, memory: 37111, loss_mask: 0.0765, loss_texture: 0.0325, iou: 0.8708, loss: 0.1091
2026-05-02 22:50:13,786 - mmdet - INFO - Iter [15700/120000]	lr: 1.000e-04, eta: 1 day, 11:00:10, time: 1.116, data_time: 0.012, memory: 37111, loss_mask: 0.0711, loss_texture: 0.0305, iou: 0.8692, loss: 0.1015
2026-05-02 22:50:41,449 - mmdet - INFO - Iter [15725/120000]	lr: 1.000e-04, eta: 1 day, 10:59:23, time: 1.107, data_time: 0.012, memory: 37111, loss_mask: 0.0661, loss_texture: 0.0281, iou: 0.8879, loss: 0.0942
2026-05-02 22:51:09,166 - mmdet - INFO - Iter [15750/120000]	lr: 1.000e-04, eta: 1 day, 10:58:36, time: 1.109, data_time: 0.012, memory: 37111, loss_mask: 0.0613, loss_texture: 0.0269, iou: 0.8730, loss: 0.0883
2026-05-02 22:51:36,917 - mmdet - INFO - Iter [15775/120000]	lr: 1.000e-04, eta: 1 day, 10:57:50, time: 1.110, data_time: 0.012, memory: 37111, loss_mask: 0.0694, loss_texture: 0.0301, iou: 0.8752, loss: 0.0995
2026-05-02 22:52:04,606 - mmdet - INFO - Iter [15800/120000]	lr: 1.000e-04, eta: 1 day, 10:57:03, time: 1.108, data_time: 0.012, memory: 37111, loss_mask: 0.0657, loss_texture: 0.0280, iou: 0.8457, loss: 0.0937
2026-05-02 22:52:32,272 - mmdet - INFO - Iter [15825/120000]	lr: 1.000e-04, eta: 1 day, 10:56:17, time: 1.107, data_time: 0.012, memory: 37111, loss_mask: 0.0796, loss_texture: 0.0343, iou: 0.8781, loss: 0.1140
2026-05-02 22:52:59,957 - mmdet - INFO - Iter [15850/120000]	lr: 1.000e-04, eta: 1 day, 10:55:30, time: 1.107, data_time: 0.012, memory: 37111, loss_mask: 0.0719, loss_texture: 0.0312, iou: 0.8657, loss: 0.1032
2026-05-02 22:53:27,481 - mmdet - INFO - Iter [15875/120000]	lr: 1.000e-04, eta: 1 day, 10:54:42, time: 1.101, data_time: 0.012, memory: 37111, loss_mask: 0.0671, loss_texture: 0.0287, iou: 0.8740, loss: 0.0957
2026-05-02 22:53:55,339 - mmdet - INFO - Iter [15900/120000]	lr: 1.000e-04, eta: 1 day, 10:53:57, time: 1.114, data_time: 0.012, memory: 37111, loss_mask: 0.0738, loss_texture: 0.0322, iou: 0.8700, loss: 0.1060
2026-05-02 22:54:22,987 - mmdet - INFO - Iter [15925/120000]	lr: 1.000e-04, eta: 1 day, 10:53:10, time: 1.106, data_time: 0.011, memory: 37111, loss_mask: 0.0619, loss_texture: 0.0276, iou: 0.8582, loss: 0.0895
2026-05-02 22:54:50,865 - mmdet - INFO - Iter [15950/120000]	lr: 1.000e-04, eta: 1 day, 10:52:25, time: 1.115, data_time: 0.012, memory: 37111, loss_mask: 0.0759, loss_texture: 0.0322, iou: 0.8734, loss: 0.1081
2026-05-02 22:55:18,567 - mmdet - INFO - Iter [15975/120000]	lr: 1.000e-04, eta: 1 day, 10:51:39, time: 1.108, data_time: 0.012, memory: 37111, loss_mask: 0.0668, loss_texture: 0.0283, iou: 0.8826, loss: 0.0950
2026-05-02 22:55:46,142 - mmdet - INFO - 
--- Val evaluation at iter 16000 ---
2026-05-02 22:56:34,736 - mmdet - INFO - 
+------------+-------------+-------------+
| Class      | Val IoU     | Pseudo IoU  |
+------------+-------------+-------------+
| background | 92.12       | 92.68       |
| building   | 65.95       | 69.14       |
| Summary    | mIoU: 79.04 | mIoU: 80.91 |
+------------+-------------+-------------+
Images evaluated: 218
2026-05-02 22:56:36,136 - mmdet - INFO - Exp name: exp8_all.py
2026-05-02 22:56:36,136 - mmdet - INFO - Iter [16000/120000]	lr: 1.000e-04, eta: 1 day, 10:50:52, time: 1.103, data_time: 0.012, memory: 37111, val/mIoU: 0.7904, val/IoU.building: 0.6595, val/IoU.background: 0.9212, val/Pseudo_mIoU: 0.8091, loss_mask: 0.0583, loss_texture: 0.0252, iou: 0.8717, loss: 0.0835
2026-05-02 22:57:03,795 - mmdet - INFO - Iter [16025/120000]	lr: 1.000e-04, eta: 1 day, 10:55:30, time: 3.106, data_time: 2.011, memory: 37111, loss_mask: 0.0755, loss_texture: 0.0318, iou: 0.8560, loss: 0.1073
2026-05-02 22:57:31,419 - mmdet - INFO - Iter [16050/120000]	lr: 1.000e-04, eta: 1 day, 10:54:43, time: 1.105, data_time: 0.012, memory: 37111, loss_mask: 0.0637, loss_texture: 0.0282, iou: 0.8594, loss: 0.0919
2026-05-02 22:57:59,267 - mmdet - INFO - Iter [16075/120000]	lr: 1.000e-04, eta: 1 day, 10:53:57, time: 1.114, data_time: 0.012, memory: 37111, loss_mask: 0.0698, loss_texture: 0.0293, iou: 0.8705, loss: 0.0990
2026-05-02 22:58:27,055 - mmdet - INFO - Iter [16100/120000]	lr: 1.000e-04, eta: 1 day, 10:53:11, time: 1.111, data_time: 0.012, memory: 37111, loss_mask: 0.0682, loss_texture: 0.0279, iou: 0.8779, loss: 0.0961
2026-05-02 22:58:54,794 - mmdet - INFO - Iter [16125/120000]	lr: 1.000e-04, eta: 1 day, 10:52:25, time: 1.110, data_time: 0.012, memory: 37111, loss_mask: 0.0720, loss_texture: 0.0306, iou: 0.8756, loss: 0.1026
2026-05-02 22:59:22,685 - mmdet - INFO - Iter [16150/120000]	lr: 1.000e-04, eta: 1 day, 10:51:40, time: 1.116, data_time: 0.012, memory: 37111, loss_mask: 0.0821, loss_texture: 0.0354, iou: 0.8673, loss: 0.1174
2026-05-02 22:59:50,604 - mmdet - INFO - Iter [16175/120000]	lr: 1.000e-04, eta: 1 day, 10:50:55, time: 1.117, data_time: 0.012, memory: 37111, loss_mask: 0.0714, loss_texture: 0.0305, iou: 0.8623, loss: 0.1020
2026-05-02 23:00:18,410 - mmdet - INFO - Iter [16200/120000]	lr: 1.000e-04, eta: 1 day, 10:50:10, time: 1.112, data_time: 0.012, memory: 37111, loss_mask: 0.0779, loss_texture: 0.0335, iou: 0.8766, loss: 0.1114
2026-05-02 23:00:45,996 - mmdet - INFO - Iter [16225/120000]	lr: 1.000e-04, eta: 1 day, 10:49:23, time: 1.103, data_time: 0.012, memory: 37111, loss_mask: 0.0771, loss_texture: 0.0316, iou: 0.8666, loss: 0.1087
2026-05-02 23:01:13,570 - mmdet - INFO - Iter [16250/120000]	lr: 1.000e-04, eta: 1 day, 10:48:36, time: 1.103, data_time: 0.012, memory: 37111, loss_mask: 0.0711, loss_texture: 0.0308, iou: 0.8852, loss: 0.1019
2026-05-02 23:01:41,251 - mmdet - INFO - Iter [16275/120000]	lr: 1.000e-04, eta: 1 day, 10:47:49, time: 1.107, data_time: 0.012, memory: 37111, loss_mask: 0.0752, loss_texture: 0.0327, iou: 0.8553, loss: 0.1079
2026-05-02 23:02:08,825 - mmdet - INFO - Iter [16300/120000]	lr: 1.000e-04, eta: 1 day, 10:47:03, time: 1.103, data_time: 0.012, memory: 37111, loss_mask: 0.0593, loss_texture: 0.0263, iou: 0.8698, loss: 0.0856
2026-05-02 23:02:36,538 - mmdet - INFO - Iter [16325/120000]	lr: 1.000e-04, eta: 1 day, 10:46:17, time: 1.108, data_time: 0.012, memory: 37111, loss_mask: 0.0677, loss_texture: 0.0294, iou: 0.8525, loss: 0.0971
2026-05-02 23:03:04,299 - mmdet - INFO - Iter [16350/120000]	lr: 1.000e-04, eta: 1 day, 10:45:31, time: 1.110, data_time: 0.012, memory: 37111, loss_mask: 0.0628, loss_texture: 0.0273, iou: 0.8736, loss: 0.0900
2026-05-02 23:03:32,029 - mmdet - INFO - Iter [16375/120000]	lr: 1.000e-04, eta: 1 day, 10:44:45, time: 1.109, data_time: 0.012, memory: 37111, loss_mask: 0.0670, loss_texture: 0.0287, iou: 0.8736, loss: 0.0957
2026-05-02 23:03:59,670 - mmdet - INFO - Iter [16400/120000]	lr: 1.000e-04, eta: 1 day, 10:43:59, time: 1.106, data_time: 0.012, memory: 37111, loss_mask: 0.0573, loss_texture: 0.0254, iou: 0.8681, loss: 0.0827
2026-05-02 23:04:27,265 - mmdet - INFO - Iter [16425/120000]	lr: 1.000e-04, eta: 1 day, 10:43:13, time: 1.104, data_time: 0.011, memory: 37111, loss_mask: 0.0715, loss_texture: 0.0306, iou: 0.8808, loss: 0.1021
2026-05-02 23:04:54,788 - mmdet - INFO - Iter [16450/120000]	lr: 1.000e-04, eta: 1 day, 10:42:26, time: 1.101, data_time: 0.012, memory: 37111, loss_mask: 0.0647, loss_texture: 0.0281, iou: 0.8892, loss: 0.0929
2026-05-02 23:05:22,706 - mmdet - INFO - Iter [16475/120000]	lr: 1.000e-04, eta: 1 day, 10:41:42, time: 1.117, data_time: 0.012, memory: 37111, loss_mask: 0.0799, loss_texture: 0.0324, iou: 0.8637, loss: 0.1123
2026-05-02 23:05:50,402 - mmdet - INFO - 
--- Val evaluation at iter 16500 ---
2026-05-02 23:06:38,905 - mmdet - INFO - 
+------------+-------------+-------------+
| Class      | Val IoU     | Pseudo IoU  |
+------------+-------------+-------------+
| background | 92.03       | 92.68       |
| building   | 65.81       | 69.14       |
| Summary    | mIoU: 78.92 | mIoU: 80.91 |
+------------+-------------+-------------+
Images evaluated: 218
2026-05-02 23:06:40,300 - mmdet - INFO - Iter [16500/120000]	lr: 1.000e-04, eta: 1 day, 10:40:56, time: 1.108, data_time: 0.012, memory: 37111, val/mIoU: 0.7892, val/IoU.building: 0.6581, val/IoU.background: 0.9203, val/Pseudo_mIoU: 0.8091, loss_mask: 0.0717, loss_texture: 0.0298, iou: 0.8715, loss: 0.1016
2026-05-02 23:07:07,986 - mmdet - INFO - Iter [16525/120000]	lr: 1.000e-04, eta: 1 day, 10:45:23, time: 3.103, data_time: 2.008, memory: 37111, loss_mask: 0.0699, loss_texture: 0.0310, iou: 0.8786, loss: 0.1009
2026-05-02 23:07:35,737 - mmdet - INFO - Iter [16550/120000]	lr: 1.000e-04, eta: 1 day, 10:44:37, time: 1.110, data_time: 0.012, memory: 37111, loss_mask: 0.0780, loss_texture: 0.0333, iou: 0.8664, loss: 0.1113
2026-05-02 23:08:03,500 - mmdet - INFO - Iter [16575/120000]	lr: 1.000e-04, eta: 1 day, 10:43:51, time: 1.111, data_time: 0.012, memory: 37111, loss_mask: 0.0672, loss_texture: 0.0303, iou: 0.8588, loss: 0.0976
2026-05-02 23:08:31,132 - mmdet - INFO - Iter [16600/120000]	lr: 1.000e-04, eta: 1 day, 10:43:05, time: 1.105, data_time: 0.012, memory: 37111, loss_mask: 0.0776, loss_texture: 0.0309, iou: 0.8474, loss: 0.1085
2026-05-02 23:08:58,896 - mmdet - INFO - Iter [16625/120000]	lr: 1.000e-04, eta: 1 day, 10:42:20, time: 1.111, data_time: 0.012, memory: 37111, loss_mask: 0.0769, loss_texture: 0.0320, iou: 0.8608, loss: 0.1089
2026-05-02 23:09:26,712 - mmdet - INFO - Iter [16650/120000]	lr: 1.000e-04, eta: 1 day, 10:41:35, time: 1.113, data_time: 0.012, memory: 37111, loss_mask: 0.0848, loss_texture: 0.0366, iou: 0.8697, loss: 0.1214
2026-05-02 23:09:54,538 - mmdet - INFO - Iter [16675/120000]	lr: 1.000e-04, eta: 1 day, 10:40:50, time: 1.113, data_time: 0.012, memory: 37111, loss_mask: 0.0764, loss_texture: 0.0324, iou: 0.8686, loss: 0.1088
2026-05-02 23:10:22,368 - mmdet - INFO - Iter [16700/120000]	lr: 1.000e-04, eta: 1 day, 10:40:05, time: 1.113, data_time: 0.012, memory: 37111, loss_mask: 0.0751, loss_texture: 0.0304, iou: 0.8569, loss: 0.1055
2026-05-02 23:10:50,183 - mmdet - INFO - Iter [16725/120000]	lr: 1.000e-04, eta: 1 day, 10:39:20, time: 1.113, data_time: 0.012, memory: 37111, loss_mask: 0.0729, loss_texture: 0.0319, iou: 0.8722, loss: 0.1048
2026-05-02 23:11:17,788 - mmdet - INFO - Iter [16750/120000]	lr: 1.000e-04, eta: 1 day, 10:38:33, time: 1.104, data_time: 0.012, memory: 37111, loss_mask: 0.0649, loss_texture: 0.0269, iou: 0.8759, loss: 0.0917
2026-05-02 23:11:45,624 - mmdet - INFO - Iter [16775/120000]	lr: 1.000e-04, eta: 1 day, 10:37:49, time: 1.113, data_time: 0.012, memory: 37111, loss_mask: 0.0796, loss_texture: 0.0324, iou: 0.8553, loss: 0.1120
2026-05-02 23:12:13,397 - mmdet - INFO - Iter [16800/120000]	lr: 1.000e-04, eta: 1 day, 10:37:04, time: 1.111, data_time: 0.012, memory: 37111, loss_mask: 0.0679, loss_texture: 0.0283, iou: 0.8663, loss: 0.0962
2026-05-02 23:12:41,136 - mmdet - INFO - Iter [16825/120000]	lr: 1.000e-04, eta: 1 day, 10:36:18, time: 1.110, data_time: 0.012, memory: 37111, loss_mask: 0.0703, loss_texture: 0.0292, iou: 0.8802, loss: 0.0995
2026-05-02 23:13:08,871 - mmdet - INFO - Iter [16850/120000]	lr: 1.000e-04, eta: 1 day, 10:35:33, time: 1.109, data_time: 0.012, memory: 37111, loss_mask: 0.0725, loss_texture: 0.0313, iou: 0.8723, loss: 0.1037
2026-05-02 23:13:36,639 - mmdet - INFO - Iter [16875/120000]	lr: 1.000e-04, eta: 1 day, 10:34:48, time: 1.111, data_time: 0.012, memory: 37111, loss_mask: 0.0756, loss_texture: 0.0309, iou: 0.8755, loss: 0.1065
2026-05-02 23:14:04,593 - mmdet - INFO - Iter [16900/120000]	lr: 1.000e-04, eta: 1 day, 10:34:05, time: 1.118, data_time: 0.012, memory: 37111, loss_mask: 0.0798, loss_texture: 0.0336, iou: 0.8583, loss: 0.1134
2026-05-02 23:14:32,344 - mmdet - INFO - Iter [16925/120000]	lr: 1.000e-04, eta: 1 day, 10:33:20, time: 1.110, data_time: 0.012, memory: 37111, loss_mask: 0.0695, loss_texture: 0.0288, iou: 0.8660, loss: 0.0983
2026-05-02 23:15:00,231 - mmdet - INFO - Iter [16950/120000]	lr: 1.000e-04, eta: 1 day, 10:32:36, time: 1.115, data_time: 0.012, memory: 37111, loss_mask: 0.2273, loss_texture: 0.0475, iou: 0.7679, loss: 0.2749
2026-05-02 23:15:27,951 - mmdet - INFO - Iter [16975/120000]	lr: 1.000e-04, eta: 1 day, 10:31:50, time: 1.109, data_time: 0.012, memory: 37111, loss_mask: 0.1386, loss_texture: 0.0434, iou: 0.7969, loss: 0.1820
2026-05-02 23:15:55,613 - mmdet - INFO - 
--- Val evaluation at iter 17000 ---
2026-05-02 23:16:44,493 - mmdet - INFO - 
+------------+-------------+-------------+
| Class      | Val IoU     | Pseudo IoU  |
+------------+-------------+-------------+
| background | 91.94       | 92.68       |
| building   | 65.19       | 69.14       |
| Summary    | mIoU: 78.56 | mIoU: 80.91 |
+------------+-------------+-------------+
Images evaluated: 218
2026-05-02 23:16:45,881 - mmdet - INFO - Exp name: exp8_all.py
2026-05-02 23:16:45,881 - mmdet - INFO - Iter [17000/120000]	lr: 1.000e-04, eta: 1 day, 10:31:05, time: 1.106, data_time: 0.012, memory: 37111, val/mIoU: 0.7856, val/IoU.building: 0.6519, val/IoU.background: 0.9194, val/Pseudo_mIoU: 0.8091, loss_mask: 0.0970, loss_texture: 0.0322, iou: 0.8184, loss: 0.1292
2026-05-02 23:17:13,702 - mmdet - INFO - Iter [17025/120000]	lr: 1.000e-04, eta: 1 day, 10:35:25, time: 3.124, data_time: 2.022, memory: 37111, loss_mask: 0.0781, loss_texture: 0.0301, iou: 0.8461, loss: 0.1082
2026-05-02 23:17:41,463 - mmdet - INFO - Iter [17050/120000]	lr: 1.000e-04, eta: 1 day, 10:34:40, time: 1.110, data_time: 0.012, memory: 37111, loss_mask: 0.0767, loss_texture: 0.0308, iou: 0.8798, loss: 0.1075
2026-05-02 23:18:09,275 - mmdet - INFO - Iter [17075/120000]	lr: 1.000e-04, eta: 1 day, 10:33:55, time: 1.112, data_time: 0.012, memory: 37111, loss_mask: 0.0892, loss_texture: 0.0352, iou: 0.8588, loss: 0.1244
2026-05-02 23:18:36,942 - mmdet - INFO - Iter [17100/120000]	lr: 1.000e-04, eta: 1 day, 10:33:09, time: 1.107, data_time: 0.012, memory: 37111, loss_mask: 0.0678, loss_texture: 0.0277, iou: 0.8541, loss: 0.0956
2026-05-02 23:19:04,798 - mmdet - INFO - Iter [17125/120000]	lr: 1.000e-04, eta: 1 day, 10:32:25, time: 1.114, data_time: 0.012, memory: 37111, loss_mask: 0.0749, loss_texture: 0.0317, iou: 0.8595, loss: 0.1065
2026-05-02 23:19:32,690 - mmdet - INFO - Iter [17150/120000]	lr: 1.000e-04, eta: 1 day, 10:31:41, time: 1.116, data_time: 0.012, memory: 37111, loss_mask: 0.0721, loss_texture: 0.0318, iou: 0.8617, loss: 0.1039
2026-05-02 23:20:00,475 - mmdet - INFO - Iter [17175/120000]	lr: 1.000e-04, eta: 1 day, 10:30:56, time: 1.111, data_time: 0.012, memory: 37111, loss_mask: 0.0766, loss_texture: 0.0303, iou: 0.8585, loss: 0.1068
2026-05-02 23:20:28,263 - mmdet - INFO - Iter [17200/120000]	lr: 1.000e-04, eta: 1 day, 10:30:11, time: 1.111, data_time: 0.012, memory: 37111, loss_mask: 0.0698, loss_texture: 0.0283, iou: 0.8549, loss: 0.0982
2026-05-02 23:20:56,041 - mmdet - INFO - Iter [17225/120000]	lr: 1.000e-04, eta: 1 day, 10:29:27, time: 1.111, data_time: 0.012, memory: 37111, loss_mask: 0.0746, loss_texture: 0.0303, iou: 0.8577, loss: 0.1050
2026-05-02 23:21:23,636 - mmdet - INFO - Iter [17250/120000]	lr: 1.000e-04, eta: 1 day, 10:28:41, time: 1.104, data_time: 0.012, memory: 37111, loss_mask: 0.0695, loss_texture: 0.0294, iou: 0.8708, loss: 0.0989
2026-05-02 23:21:51,411 - mmdet - INFO - Iter [17275/120000]	lr: 1.000e-04, eta: 1 day, 10:27:56, time: 1.111, data_time: 0.012, memory: 37111, loss_mask: 0.0727, loss_texture: 0.0308, iou: 0.8748, loss: 0.1036
2026-05-02 23:22:19,220 - mmdet - INFO - Iter [17300/120000]	lr: 1.000e-04, eta: 1 day, 10:27:12, time: 1.112, data_time: 0.012, memory: 37111, loss_mask: 0.0758, loss_texture: 0.0330, iou: 0.8580, loss: 0.1087
2026-05-02 23:22:46,968 - mmdet - INFO - Iter [17325/120000]	lr: 1.000e-04, eta: 1 day, 10:26:27, time: 1.110, data_time: 0.012, memory: 37111, loss_mask: 0.0770, loss_texture: 0.0322, iou: 0.8593, loss: 0.1092
2026-05-02 23:23:14,644 - mmdet - INFO - Iter [17350/120000]	lr: 1.000e-04, eta: 1 day, 10:25:42, time: 1.107, data_time: 0.012, memory: 37111, loss_mask: 0.0686, loss_texture: 0.0292, iou: 0.8636, loss: 0.0978
2026-05-02 23:23:42,155 - mmdet - INFO - Iter [17375/120000]	lr: 1.000e-04, eta: 1 day, 10:24:56, time: 1.100, data_time: 0.012, memory: 37111, loss_mask: 0.0695, loss_texture: 0.0291, iou: 0.8873, loss: 0.0987
2026-05-02 23:24:09,845 - mmdet - INFO - Iter [17400/120000]	lr: 1.000e-04, eta: 1 day, 10:24:11, time: 1.108, data_time: 0.012, memory: 37111, loss_mask: 0.0657, loss_texture: 0.0291, iou: 0.8652, loss: 0.0948
2026-05-02 23:24:37,695 - mmdet - INFO - Iter [17425/120000]	lr: 1.000e-04, eta: 1 day, 10:23:27, time: 1.114, data_time: 0.012, memory: 37111, loss_mask: 0.0817, loss_texture: 0.0334, iou: 0.8710, loss: 0.1152
2026-05-02 23:25:05,422 - mmdet - INFO - Iter [17450/120000]	lr: 1.000e-04, eta: 1 day, 10:22:43, time: 1.109, data_time: 0.012, memory: 37111, loss_mask: 0.0710, loss_texture: 0.0312, iou: 0.8644, loss: 0.1022
2026-05-02 23:25:33,078 - mmdet - INFO - Iter [17475/120000]	lr: 1.000e-04, eta: 1 day, 10:21:58, time: 1.106, data_time: 0.012, memory: 37111, loss_mask: 0.0680, loss_texture: 0.0283, iou: 0.8537, loss: 0.0963
2026-05-02 23:26:00,791 - mmdet - INFO - 
--- Val evaluation at iter 17500 ---
2026-05-02 23:26:49,454 - mmdet - INFO - 
+------------+-------------+-------------+
| Class      | Val IoU     | Pseudo IoU  |
+------------+-------------+-------------+
| background | 92.34       | 92.68       |
| building   | 67.41       | 69.14       |
| Summary    | mIoU: 79.88 | mIoU: 80.91 |
+------------+-------------+-------------+
Images evaluated: 218
2026-05-02 23:26:50,849 - mmdet - INFO - Iter [17500/120000]	lr: 1.000e-04, eta: 1 day, 10:21:13, time: 1.109, data_time: 0.012, memory: 37111, val/mIoU: 0.7988, val/IoU.building: 0.6741, val/IoU.background: 0.9234, val/Pseudo_mIoU: 0.8091, loss_mask: 0.0743, loss_texture: 0.0308, iou: 0.8705, loss: 0.1051
2026-05-02 23:27:18,582 - mmdet - INFO - Iter [17525/120000]	lr: 1.000e-04, eta: 1 day, 10:25:22, time: 3.112, data_time: 2.014, memory: 37111, loss_mask: 0.0703, loss_texture: 0.0299, iou: 0.8690, loss: 0.1002
2026-05-02 23:27:46,337 - mmdet - INFO - Iter [17550/120000]	lr: 1.000e-04, eta: 1 day, 10:24:37, time: 1.110, data_time: 0.012, memory: 37111, loss_mask: 0.0697, loss_texture: 0.0309, iou: 0.8730, loss: 0.1005
2026-05-02 23:28:13,988 - mmdet - INFO - Iter [17575/120000]	lr: 1.000e-04, eta: 1 day, 10:23:52, time: 1.106, data_time: 0.012, memory: 37111, loss_mask: 0.0673, loss_texture: 0.0292, iou: 0.8690, loss: 0.0965
2026-05-02 23:28:41,699 - mmdet - INFO - Iter [17600/120000]	lr: 1.000e-04, eta: 1 day, 10:23:07, time: 1.108, data_time: 0.012, memory: 37111, loss_mask: 0.0612, loss_texture: 0.0270, iou: 0.8555, loss: 0.0883
2026-05-02 23:29:09,457 - mmdet - INFO - Iter [17625/120000]	lr: 1.000e-04, eta: 1 day, 10:22:22, time: 1.110, data_time: 0.012, memory: 37111, loss_mask: 0.0690, loss_texture: 0.0298, iou: 0.8819, loss: 0.0988
2026-05-02 23:29:36,998 - mmdet - INFO - Iter [17650/120000]	lr: 1.000e-04, eta: 1 day, 10:21:37, time: 1.102, data_time: 0.012, memory: 37111, loss_mask: 0.0749, loss_texture: 0.0322, iou: 0.8750, loss: 0.1071
2026-05-02 23:30:04,599 - mmdet - INFO - Iter [17675/120000]	lr: 1.000e-04, eta: 1 day, 10:20:51, time: 1.104, data_time: 0.012, memory: 37111, loss_mask: 0.0716, loss_texture: 0.0317, iou: 0.8733, loss: 0.1033
2026-05-02 23:30:32,406 - mmdet - INFO - Iter [17700/120000]	lr: 1.000e-04, eta: 1 day, 10:20:07, time: 1.112, data_time: 0.012, memory: 37111, loss_mask: 0.0732, loss_texture: 0.0294, iou: 0.8746, loss: 0.1026
2026-05-02 23:31:00,199 - mmdet - INFO - Iter [17725/120000]	lr: 1.000e-04, eta: 1 day, 10:19:23, time: 1.112, data_time: 0.012, memory: 37111, loss_mask: 0.0668, loss_texture: 0.0301, iou: 0.8841, loss: 0.0969
2026-05-02 23:31:28,050 - mmdet - INFO - Iter [17750/120000]	lr: 1.000e-04, eta: 1 day, 10:18:39, time: 1.114, data_time: 0.012, memory: 37111, loss_mask: 0.0724, loss_texture: 0.0308, iou: 0.8653, loss: 0.1032
2026-05-02 23:31:55,784 - mmdet - INFO - Iter [17775/120000]	lr: 1.000e-04, eta: 1 day, 10:17:55, time: 1.109, data_time: 0.012, memory: 37111, loss_mask: 0.0715, loss_texture: 0.0315, iou: 0.8776, loss: 0.1031
2026-05-02 23:32:23,377 - mmdet - INFO - Iter [17800/120000]	lr: 1.000e-04, eta: 1 day, 10:17:10, time: 1.104, data_time: 0.012, memory: 37111, loss_mask: 0.0686, loss_texture: 0.0298, iou: 0.8499, loss: 0.0984
2026-05-02 23:32:51,079 - mmdet - INFO - Iter [17825/120000]	lr: 1.000e-04, eta: 1 day, 10:16:25, time: 1.108, data_time: 0.012, memory: 37111, loss_mask: 0.0616, loss_texture: 0.0272, iou: 0.8655, loss: 0.0889
2026-05-02 23:33:18,813 - mmdet - INFO - Iter [17850/120000]	lr: 1.000e-04, eta: 1 day, 10:15:41, time: 1.109, data_time: 0.012, memory: 37111, loss_mask: 0.0615, loss_texture: 0.0274, iou: 0.8740, loss: 0.0889
2026-05-02 23:33:46,461 - mmdet - INFO - Iter [17875/120000]	lr: 1.000e-04, eta: 1 day, 10:14:56, time: 1.106, data_time: 0.012, memory: 37111, loss_mask: 0.0630, loss_texture: 0.0275, iou: 0.8843, loss: 0.0905
2026-05-02 23:34:14,037 - mmdet - INFO - Iter [17900/120000]	lr: 1.000e-04, eta: 1 day, 10:14:11, time: 1.103, data_time: 0.012, memory: 37111, loss_mask: 0.0709, loss_texture: 0.0296, iou: 0.8696, loss: 0.1005
2026-05-02 23:34:41,906 - mmdet - INFO - Iter [17925/120000]	lr: 1.000e-04, eta: 1 day, 10:13:28, time: 1.115, data_time: 0.012, memory: 37111, loss_mask: 0.0727, loss_texture: 0.0308, iou: 0.8642, loss: 0.1036
2026-05-02 23:35:09,794 - mmdet - INFO - Iter [17950/120000]	lr: 1.000e-04, eta: 1 day, 10:12:45, time: 1.116, data_time: 0.012, memory: 37111, loss_mask: 0.0749, loss_texture: 0.0325, iou: 0.8639, loss: 0.1074
2026-05-02 23:35:37,634 - mmdet - INFO - Iter [17975/120000]	lr: 1.000e-04, eta: 1 day, 10:12:01, time: 1.114, data_time: 0.012, memory: 37111, loss_mask: 0.0931, loss_texture: 0.0334, iou: 0.8533, loss: 0.1265
2026-05-02 23:36:05,475 - mmdet - INFO - 
--- Val evaluation at iter 18000 ---
2026-05-02 23:36:53,906 - mmdet - INFO - 
+------------+-------------+-------------+
| Class      | Val IoU     | Pseudo IoU  |
+------------+-------------+-------------+
| background | 92.15       | 92.68       |
| building   | 66.33       | 69.14       |
| Summary    | mIoU: 79.24 | mIoU: 80.91 |
+------------+-------------+-------------+
Images evaluated: 218
2026-05-02 23:36:55,306 - mmdet - INFO - Exp name: exp8_all.py
2026-05-02 23:36:55,306 - mmdet - INFO - Iter [18000/120000]	lr: 1.000e-04, eta: 1 day, 10:11:18, time: 1.114, data_time: 0.012, memory: 37111, val/mIoU: 0.7924, val/IoU.building: 0.6633, val/IoU.background: 0.9215, val/Pseudo_mIoU: 0.8091, loss_mask: 0.0921, loss_texture: 0.0314, iou: 0.8425, loss: 0.1235
2026-05-02 23:37:23,034 - mmdet - INFO - Iter [18025/120000]	lr: 1.000e-04, eta: 1 day, 10:15:16, time: 3.102, data_time: 2.005, memory: 37111, loss_mask: 0.0739, loss_texture: 0.0298, iou: 0.8604, loss: 0.1037
2026-05-02 23:37:50,620 - mmdet - INFO - Iter [18050/120000]	lr: 1.000e-04, eta: 1 day, 10:14:31, time: 1.103, data_time: 0.012, memory: 37111, loss_mask: 0.0642, loss_texture: 0.0275, iou: 0.8743, loss: 0.0917
2026-05-02 23:38:18,358 - mmdet - INFO - Iter [18075/120000]	lr: 1.000e-04, eta: 1 day, 10:13:46, time: 1.110, data_time: 0.012, memory: 37111, loss_mask: 0.0808, loss_texture: 0.0339, iou: 0.8589, loss: 0.1147
2026-05-02 23:38:46,002 - mmdet - INFO - Iter [18100/120000]	lr: 1.000e-04, eta: 1 day, 10:13:02, time: 1.106, data_time: 0.012, memory: 37111, loss_mask: 0.0711, loss_texture: 0.0303, iou: 0.8566, loss: 0.1014
2026-05-02 23:39:13,649 - mmdet - INFO - Iter [18125/120000]	lr: 1.000e-04, eta: 1 day, 10:12:17, time: 1.106, data_time: 0.012, memory: 37111, loss_mask: 0.0701, loss_texture: 0.0294, iou: 0.8700, loss: 0.0995
2026-05-02 23:39:41,413 - mmdet - INFO - Iter [18150/120000]	lr: 1.000e-04, eta: 1 day, 10:11:33, time: 1.111, data_time: 0.012, memory: 37111, loss_mask: 0.0644, loss_texture: 0.0274, iou: 0.8731, loss: 0.0918
2026-05-02 23:40:09,306 - mmdet - INFO - Iter [18175/120000]	lr: 1.000e-04, eta: 1 day, 10:10:50, time: 1.116, data_time: 0.012, memory: 37111, loss_mask: 0.0701, loss_texture: 0.0306, iou: 0.8754, loss: 0.1008
2026-05-02 23:40:37,058 - mmdet - INFO - Iter [18200/120000]	lr: 1.000e-04, eta: 1 day, 10:10:06, time: 1.110, data_time: 0.012, memory: 37111, loss_mask: 0.0721, loss_texture: 0.0318, iou: 0.8837, loss: 0.1039
2026-05-02 23:41:04,646 - mmdet - INFO - Iter [18225/120000]	lr: 1.000e-04, eta: 1 day, 10:09:21, time: 1.104, data_time: 0.012, memory: 37111, loss_mask: 0.0647, loss_texture: 0.0279, iou: 0.8769, loss: 0.0927
2026-05-02 23:41:32,230 - mmdet - INFO - Iter [18250/120000]	lr: 1.000e-04, eta: 1 day, 10:08:36, time: 1.103, data_time: 0.012, memory: 37111, loss_mask: 0.0687, loss_texture: 0.0280, iou: 0.8731, loss: 0.0967
2026-05-02 23:41:59,835 - mmdet - INFO - Iter [18275/120000]	lr: 1.000e-04, eta: 1 day, 10:07:51, time: 1.104, data_time: 0.012, memory: 37111, loss_mask: 0.0744, loss_texture: 0.0314, iou: 0.8754, loss: 0.1058
2026-05-02 23:42:27,470 - mmdet - INFO - Iter [18300/120000]	lr: 1.000e-04, eta: 1 day, 10:07:07, time: 1.105, data_time: 0.012, memory: 37111, loss_mask: 0.0643, loss_texture: 0.0282, iou: 0.8760, loss: 0.0925
2026-05-02 23:42:55,040 - mmdet - INFO - Iter [18325/120000]	lr: 1.000e-04, eta: 1 day, 10:06:22, time: 1.103, data_time: 0.011, memory: 37111, loss_mask: 0.0940, loss_texture: 0.0347, iou: 0.8445, loss: 0.1287
2026-05-02 23:43:22,754 - mmdet - INFO - Iter [18350/120000]	lr: 1.000e-04, eta: 1 day, 10:05:38, time: 1.109, data_time: 0.012, memory: 37111, loss_mask: 0.0725, loss_texture: 0.0299, iou: 0.8738, loss: 0.1024
2026-05-02 23:43:50,330 - mmdet - INFO - Iter [18375/120000]	lr: 1.000e-04, eta: 1 day, 10:04:54, time: 1.103, data_time: 0.012, memory: 37111, loss_mask: 0.0725, loss_texture: 0.0296, iou: 0.8546, loss: 0.1021
2026-05-02 23:44:18,138 - mmdet - INFO - Iter [18400/120000]	lr: 1.000e-04, eta: 1 day, 10:04:10, time: 1.112, data_time: 0.012, memory: 37111, loss_mask: 0.0679, loss_texture: 0.0284, iou: 0.8756, loss: 0.0963
2026-05-02 23:44:45,849 - mmdet - INFO - Iter [18425/120000]	lr: 1.000e-04, eta: 1 day, 10:03:27, time: 1.108, data_time: 0.012, memory: 37111, loss_mask: 0.0754, loss_texture: 0.0313, iou: 0.8549, loss: 0.1067
2026-05-02 23:45:13,604 - mmdet - INFO - Iter [18450/120000]	lr: 1.000e-04, eta: 1 day, 10:02:43, time: 1.110, data_time: 0.012, memory: 37111, loss_mask: 0.0813, loss_texture: 0.0336, iou: 0.8707, loss: 0.1149
2026-05-02 23:45:41,365 - mmdet - INFO - Iter [18475/120000]	lr: 1.000e-04, eta: 1 day, 10:02:00, time: 1.110, data_time: 0.012, memory: 37111, loss_mask: 0.0670, loss_texture: 0.0275, iou: 0.8730, loss: 0.0945
2026-05-02 23:46:09,020 - mmdet - INFO - 
--- Val evaluation at iter 18500 ---
2026-05-02 23:46:57,918 - mmdet - INFO - 
+------------+-------------+-------------+
| Class      | Val IoU     | Pseudo IoU  |
+------------+-------------+-------------+
| background | 87.94       | 92.68       |
| building   | 40.05       | 69.14       |
| Summary    | mIoU: 63.99 | mIoU: 80.91 |
+------------+-------------+-------------+
Images evaluated: 218
2026-05-02 23:46:59,325 - mmdet - INFO - Iter [18500/120000]	lr: 1.000e-04, eta: 1 day, 10:01:16, time: 1.106, data_time: 0.012, memory: 37111, val/mIoU: 0.6399, val/IoU.building: 0.4005, val/IoU.background: 0.8794, val/Pseudo_mIoU: 0.8091, loss_mask: 0.0673, loss_texture: 0.0274, iou: 0.8606, loss: 0.0947
2026-05-02 23:47:27,068 - mmdet - INFO - Iter [18525/120000]	lr: 1.000e-04, eta: 1 day, 10:05:08, time: 3.122, data_time: 2.024, memory: 37111, loss_mask: 0.1133, loss_texture: 0.0378, iou: 0.8332, loss: 0.1511
2026-05-02 23:47:54,928 - mmdet - INFO - Iter [18550/120000]	lr: 1.000e-04, eta: 1 day, 10:04:25, time: 1.114, data_time: 0.012, memory: 37111, loss_mask: 0.0805, loss_texture: 0.0313, iou: 0.8501, loss: 0.1118
2026-05-02 23:48:22,675 - mmdet - INFO - Iter [18575/120000]	lr: 1.000e-04, eta: 1 day, 10:03:41, time: 1.110, data_time: 0.012, memory: 37111, loss_mask: 0.0786, loss_texture: 0.0319, iou: 0.8542, loss: 0.1104
2026-05-02 23:48:50,308 - mmdet - INFO - Iter [18600/120000]	lr: 1.000e-04, eta: 1 day, 10:02:57, time: 1.105, data_time: 0.012, memory: 37111, loss_mask: 0.0587, loss_texture: 0.0254, iou: 0.8808, loss: 0.0842
2026-05-02 23:49:18,154 - mmdet - INFO - Iter [18625/120000]	lr: 1.000e-04, eta: 1 day, 10:02:13, time: 1.114, data_time: 0.012, memory: 37111, loss_mask: 0.0809, loss_texture: 0.0333, iou: 0.8606, loss: 0.1143
2026-05-02 23:49:45,830 - mmdet - INFO - Iter [18650/120000]	lr: 1.000e-04, eta: 1 day, 10:01:29, time: 1.107, data_time: 0.012, memory: 37111, loss_mask: 0.0724, loss_texture: 0.0300, iou: 0.8566, loss: 0.1024
2026-05-02 23:50:13,556 - mmdet - INFO - Iter [18675/120000]	lr: 1.000e-04, eta: 1 day, 10:00:46, time: 1.109, data_time: 0.012, memory: 37111, loss_mask: 0.0672, loss_texture: 0.0299, iou: 0.8736, loss: 0.0971
2026-05-02 23:50:41,432 - mmdet - INFO - Iter [18700/120000]	lr: 1.000e-04, eta: 1 day, 10:00:03, time: 1.115, data_time: 0.012, memory: 37111, loss_mask: 0.0708, loss_texture: 0.0311, iou: 0.8623, loss: 0.1019
2026-05-02 23:51:09,115 - mmdet - INFO - Iter [18725/120000]	lr: 1.000e-04, eta: 1 day, 9:59:19, time: 1.107, data_time: 0.012, memory: 37111, loss_mask: 0.0647, loss_texture: 0.0284, iou: 0.8697, loss: 0.0931
2026-05-02 23:51:36,894 - mmdet - INFO - Iter [18750/120000]	lr: 1.000e-04, eta: 1 day, 9:58:36, time: 1.111, data_time: 0.012, memory: 37111, loss_mask: 0.0764, loss_texture: 0.0328, iou: 0.8754, loss: 0.1092
2026-05-02 23:52:04,774 - mmdet - INFO - Iter [18775/120000]	lr: 1.000e-04, eta: 1 day, 9:57:53, time: 1.115, data_time: 0.012, memory: 37111, loss_mask: 0.0681, loss_texture: 0.0287, iou: 0.8743, loss: 0.0968
2026-05-02 23:52:32,360 - mmdet - INFO - Iter [18800/120000]	lr: 1.000e-04, eta: 1 day, 9:57:09, time: 1.103, data_time: 0.012, memory: 37111, loss_mask: 0.0646, loss_texture: 0.0281, iou: 0.8734, loss: 0.0927
2026-05-02 23:53:00,192 - mmdet - INFO - Iter [18825/120000]	lr: 1.000e-04, eta: 1 day, 9:56:26, time: 1.113, data_time: 0.012, memory: 37111, loss_mask: 0.0781, loss_texture: 0.0336, iou: 0.8723, loss: 0.1117
2026-05-02 23:53:27,735 - mmdet - INFO - Iter [18850/120000]	lr: 1.000e-04, eta: 1 day, 9:55:41, time: 1.102, data_time: 0.012, memory: 37111, loss_mask: 0.0641, loss_texture: 0.0279, iou: 0.8619, loss: 0.0920
2026-05-02 23:53:55,361 - mmdet - INFO - Iter [18875/120000]	lr: 1.000e-04, eta: 1 day, 9:54:57, time: 1.105, data_time: 0.012, memory: 37111, loss_mask: 0.0563, loss_texture: 0.0259, iou: 0.8664, loss: 0.0822
2026-05-02 23:54:22,924 - mmdet - INFO - Iter [18900/120000]	lr: 1.000e-04, eta: 1 day, 9:54:13, time: 1.102, data_time: 0.012, memory: 37111, loss_mask: 0.0778, loss_texture: 0.0320, iou: 0.8592, loss: 0.1099
2026-05-02 23:54:50,398 - mmdet - INFO - Iter [18925/120000]	lr: 1.000e-04, eta: 1 day, 9:53:29, time: 1.099, data_time: 0.012, memory: 37111, loss_mask: 0.0700, loss_texture: 0.0281, iou: 0.8720, loss: 0.0981
2026-05-02 23:55:18,272 - mmdet - INFO - Iter [18950/120000]	lr: 1.000e-04, eta: 1 day, 9:52:46, time: 1.115, data_time: 0.012, memory: 37111, loss_mask: 0.0839, loss_texture: 0.0318, iou: 0.8448, loss: 0.1157
2026-05-02 23:55:46,076 - mmdet - INFO - Iter [18975/120000]	lr: 1.000e-04, eta: 1 day, 9:52:03, time: 1.112, data_time: 0.012, memory: 37111, loss_mask: 0.0654, loss_texture: 0.0275, iou: 0.8691, loss: 0.0930
2026-05-02 23:56:13,942 - mmdet - INFO - 
--- Val evaluation at iter 19000 ---
2026-05-02 23:57:02,682 - mmdet - INFO - 
+------------+-------------+-------------+
| Class      | Val IoU     | Pseudo IoU  |
+------------+-------------+-------------+
| background | 92.08       | 92.68       |
| building   | 65.84       | 69.14       |
| Summary    | mIoU: 78.96 | mIoU: 80.91 |
+------------+-------------+-------------+
Images evaluated: 218
2026-05-02 23:57:04,068 - mmdet - INFO - Exp name: exp8_all.py
2026-05-02 23:57:04,068 - mmdet - INFO - Iter [19000/120000]	lr: 1.000e-04, eta: 1 day, 9:51:21, time: 1.115, data_time: 0.012, memory: 37111, val/mIoU: 0.7896, val/IoU.building: 0.6584, val/IoU.background: 0.9208, val/Pseudo_mIoU: 0.8091, loss_mask: 0.0691, loss_texture: 0.0294, iou: 0.8770, loss: 0.0985
2026-05-02 23:57:31,868 - mmdet - INFO - Iter [19025/120000]	lr: 1.000e-04, eta: 1 day, 9:55:04, time: 3.117, data_time: 2.017, memory: 37111, loss_mask: 0.0696, loss_texture: 0.0299, iou: 0.8632, loss: 0.0995
2026-05-02 23:57:59,598 - mmdet - INFO - Iter [19050/120000]	lr: 1.000e-04, eta: 1 day, 9:54:21, time: 1.109, data_time: 0.012, memory: 37111, loss_mask: 0.0632, loss_texture: 0.0282, iou: 0.8834, loss: 0.0914
2026-05-02 23:58:27,332 - mmdet - INFO - Iter [19075/120000]	lr: 1.000e-04, eta: 1 day, 9:53:37, time: 1.109, data_time: 0.012, memory: 37111, loss_mask: 0.0735, loss_texture: 0.0304, iou: 0.8649, loss: 0.1038
2026-05-02 23:58:54,734 - mmdet - INFO - Iter [19100/120000]	lr: 1.000e-04, eta: 1 day, 9:52:52, time: 1.096, data_time: 0.012, memory: 37111, loss_mask: 0.0664, loss_texture: 0.0285, iou: 0.8652, loss: 0.0949
2026-05-02 23:59:22,411 - mmdet - INFO - Iter [19125/120000]	lr: 1.000e-04, eta: 1 day, 9:52:08, time: 1.107, data_time: 0.012, memory: 37111, loss_mask: 0.0884, loss_texture: 0.0368, iou: 0.8646, loss: 0.1252
2026-05-02 23:59:50,114 - mmdet - INFO - Iter [19150/120000]	lr: 1.000e-04, eta: 1 day, 9:51:25, time: 1.108, data_time: 0.012, memory: 37111, loss_mask: 0.0636, loss_texture: 0.0270, iou: 0.8842, loss: 0.0906
2026-05-03 00:00:17,824 - mmdet - INFO - Iter [19175/120000]	lr: 1.000e-04, eta: 1 day, 9:50:42, time: 1.108, data_time: 0.012, memory: 37111, loss_mask: 0.0639, loss_texture: 0.0292, iou: 0.8805, loss: 0.0931
2026-05-03 00:00:45,654 - mmdet - INFO - Iter [19200/120000]	lr: 1.000e-04, eta: 1 day, 9:49:59, time: 1.113, data_time: 0.012, memory: 37111, loss_mask: 0.0726, loss_texture: 0.0310, iou: 0.8725, loss: 0.1036
2026-05-03 00:01:13,476 - mmdet - INFO - Iter [19225/120000]	lr: 1.000e-04, eta: 1 day, 9:49:16, time: 1.113, data_time: 0.011, memory: 37111, loss_mask: 0.0708, loss_texture: 0.0311, iou: 0.8596, loss: 0.1019
2026-05-03 00:01:41,065 - mmdet - INFO - Iter [19250/120000]	lr: 1.000e-04, eta: 1 day, 9:48:32, time: 1.104, data_time: 0.012, memory: 37111, loss_mask: 0.0604, loss_texture: 0.0267, iou: 0.8729, loss: 0.0872
2026-05-03 00:02:08,801 - mmdet - INFO - Iter [19275/120000]	lr: 1.000e-04, eta: 1 day, 9:47:49, time: 1.109, data_time: 0.012, memory: 37111, loss_mask: 0.0646, loss_texture: 0.0288, iou: 0.8648, loss: 0.0934
2026-05-03 00:02:36,600 - mmdet - INFO - Iter [19300/120000]	lr: 1.000e-04, eta: 1 day, 9:47:07, time: 1.112, data_time: 0.012, memory: 37111, loss_mask: 0.0650, loss_texture: 0.0282, iou: 0.8696, loss: 0.0932
2026-05-03 00:03:04,452 - mmdet - INFO - Iter [19325/120000]	lr: 1.000e-04, eta: 1 day, 9:46:24, time: 1.114, data_time: 0.012, memory: 37111, loss_mask: 0.0740, loss_texture: 0.0319, iou: 0.8768, loss: 0.1059
2026-05-03 00:03:32,135 - mmdet - INFO - Iter [19350/120000]	lr: 1.000e-04, eta: 1 day, 9:45:41, time: 1.107, data_time: 0.012, memory: 37111, loss_mask: 0.0724, loss_texture: 0.0309, iou: 0.8947, loss: 0.1033
2026-05-03 00:03:59,786 - mmdet - INFO - Iter [19375/120000]	lr: 1.000e-04, eta: 1 day, 9:44:57, time: 1.106, data_time: 0.012, memory: 37111, loss_mask: 0.0731, loss_texture: 0.0318, iou: 0.8620, loss: 0.1049
2026-05-03 00:04:27,436 - mmdet - INFO - Iter [19400/120000]	lr: 1.000e-04, eta: 1 day, 9:44:14, time: 1.106, data_time: 0.012, memory: 37111, loss_mask: 0.0686, loss_texture: 0.0300, iou: 0.8775, loss: 0.0985
2026-05-03 00:04:55,163 - mmdet - INFO - Iter [19425/120000]	lr: 1.000e-04, eta: 1 day, 9:43:31, time: 1.109, data_time: 0.012, memory: 37111, loss_mask: 0.0715, loss_texture: 0.0305, iou: 0.8487, loss: 0.1020
2026-05-03 00:05:22,928 - mmdet - INFO - Iter [19450/120000]	lr: 1.000e-04, eta: 1 day, 9:42:49, time: 1.111, data_time: 0.012, memory: 37111, loss_mask: 0.0649, loss_texture: 0.0274, iou: 0.8745, loss: 0.0923
2026-05-03 00:05:50,714 - mmdet - INFO - Iter [19475/120000]	lr: 1.000e-04, eta: 1 day, 9:42:06, time: 1.111, data_time: 0.012, memory: 37111, loss_mask: 0.0752, loss_texture: 0.0314, iou: 0.8731, loss: 0.1066
2026-05-03 00:06:18,219 - mmdet - INFO - 
--- Val evaluation at iter 19500 ---
2026-05-03 00:07:06,833 - mmdet - INFO - 
+------------+-------------+-------------+
| Class      | Val IoU     | Pseudo IoU  |
+------------+-------------+-------------+
| background | 92.47       | 92.68       |
| building   | 68.10       | 69.14       |
| Summary    | mIoU: 80.29 | mIoU: 80.91 |
+------------+-------------+-------------+
Images evaluated: 218
2026-05-03 00:07:09,669 - mmdet - INFO - ★ New best mIoU: 80.29% (prev: 80.01%, Δ=+0.27%) → saved to /home/ubuntu/vy/Denoiser/SegRefiner/work_dirs/exp8_all/best_model.pth
2026-05-03 00:07:09,674 - mmdet - INFO - Iter [19500/120000]	lr: 1.000e-04, eta: 1 day, 9:41:22, time: 1.100, data_time: 0.012, memory: 37111, val/mIoU: 0.8029, val/IoU.building: 0.6810, val/IoU.background: 0.9247, val/Pseudo_mIoU: 0.8091, loss_mask: 0.0651, loss_texture: 0.0284, iou: 0.8666, loss: 0.0936
2026-05-03 00:07:37,201 - mmdet - INFO - Iter [19525/120000]	lr: 1.000e-04, eta: 1 day, 9:45:03, time: 3.159, data_time: 2.070, memory: 37111, loss_mask: 0.0599, loss_texture: 0.0264, iou: 0.8646, loss: 0.0863
2026-05-03 00:08:04,837 - mmdet - INFO - Iter [19550/120000]	lr: 1.000e-04, eta: 1 day, 9:44:20, time: 1.105, data_time: 0.012, memory: 37111, loss_mask: 0.0630, loss_texture: 0.0279, iou: 0.8804, loss: 0.0909
2026-05-03 00:08:32,807 - mmdet - INFO - Iter [19575/120000]	lr: 1.000e-04, eta: 1 day, 9:43:38, time: 1.119, data_time: 0.012, memory: 37111, loss_mask: 0.0784, loss_texture: 0.0352, iou: 0.8577, loss: 0.1136
2026-05-03 00:09:00,660 - mmdet - INFO - Iter [19600/120000]	lr: 1.000e-04, eta: 1 day, 9:42:55, time: 1.114, data_time: 0.012, memory: 37111, loss_mask: 0.0749, loss_texture: 0.0330, iou: 0.8702, loss: 0.1080
2026-05-03 00:09:28,267 - mmdet - INFO - Iter [19625/120000]	lr: 1.000e-04, eta: 1 day, 9:42:12, time: 1.104, data_time: 0.012, memory: 37111, loss_mask: 0.0632, loss_texture: 0.0284, iou: 0.8826, loss: 0.0916
2026-05-03 00:09:55,918 - mmdet - INFO - Iter [19650/120000]	lr: 1.000e-04, eta: 1 day, 9:41:28, time: 1.106, data_time: 0.012, memory: 37111, loss_mask: 0.0700, loss_texture: 0.0298, iou: 0.8648, loss: 0.0997
2026-05-03 00:10:23,527 - mmdet - INFO - Iter [19675/120000]	lr: 1.000e-04, eta: 1 day, 9:40:45, time: 1.104, data_time: 0.012, memory: 37111, loss_mask: 0.0604, loss_texture: 0.0268, iou: 0.8850, loss: 0.0872
2026-05-03 00:10:51,314 - mmdet - INFO - Iter [19700/120000]	lr: 1.000e-04, eta: 1 day, 9:40:02, time: 1.111, data_time: 0.012, memory: 37111, loss_mask: 0.0729, loss_texture: 0.0324, iou: 0.8700, loss: 0.1053
2026-05-03 00:11:18,960 - mmdet - INFO - Iter [19725/120000]	lr: 1.000e-04, eta: 1 day, 9:39:19, time: 1.106, data_time: 0.012, memory: 37111, loss_mask: 0.0668, loss_texture: 0.0303, iou: 0.8797, loss: 0.0971
2026-05-03 00:11:46,616 - mmdet - INFO - Iter [19750/120000]	lr: 1.000e-04, eta: 1 day, 9:38:36, time: 1.106, data_time: 0.012, memory: 37111, loss_mask: 0.0641, loss_texture: 0.0284, iou: 0.8852, loss: 0.0925
2026-05-03 00:12:14,361 - mmdet - INFO - Iter [19775/120000]	lr: 1.000e-04, eta: 1 day, 9:37:53, time: 1.110, data_time: 0.012, memory: 37111, loss_mask: 0.0650, loss_texture: 0.0278, iou: 0.8726, loss: 0.0928
2026-05-03 00:12:42,051 - mmdet - INFO - Iter [19800/120000]	lr: 1.000e-04, eta: 1 day, 9:37:10, time: 1.108, data_time: 0.012, memory: 37111, loss_mask: 0.0647, loss_texture: 0.0277, iou: 0.8764, loss: 0.0924
2026-05-03 00:13:09,712 - mmdet - INFO - Iter [19825/120000]	lr: 1.000e-04, eta: 1 day, 9:36:27, time: 1.106, data_time: 0.012, memory: 37111, loss_mask: 0.0637, loss_texture: 0.0283, iou: 0.8661, loss: 0.0920
2026-05-03 00:13:37,526 - mmdet - INFO - Iter [19850/120000]	lr: 1.000e-04, eta: 1 day, 9:35:45, time: 1.113, data_time: 0.012, memory: 37111, loss_mask: 0.0712, loss_texture: 0.0309, iou: 0.8664, loss: 0.1022
2026-05-03 00:14:05,360 - mmdet - INFO - Iter [19875/120000]	lr: 1.000e-04, eta: 1 day, 9:35:03, time: 1.113, data_time: 0.012, memory: 37111, loss_mask: 0.0733, loss_texture: 0.0310, iou: 0.8723, loss: 0.1043
2026-05-03 00:14:33,064 - mmdet - INFO - Iter [19900/120000]	lr: 1.000e-04, eta: 1 day, 9:34:20, time: 1.108, data_time: 0.012, memory: 37111, loss_mask: 0.0555, loss_texture: 0.0250, iou: 0.8876, loss: 0.0805
2026-05-03 00:15:00,645 - mmdet - INFO - Iter [19925/120000]	lr: 1.000e-04, eta: 1 day, 9:33:37, time: 1.103, data_time: 0.012, memory: 37111, loss_mask: 0.0659, loss_texture: 0.0283, iou: 0.8806, loss: 0.0942
2026-05-03 00:15:28,350 - mmdet - INFO - Iter [19950/120000]	lr: 1.000e-04, eta: 1 day, 9:32:55, time: 1.108, data_time: 0.012, memory: 37111, loss_mask: 0.0708, loss_texture: 0.0310, iou: 0.8777, loss: 0.1018
2026-05-03 00:15:56,153 - mmdet - INFO - Iter [19975/120000]	lr: 1.000e-04, eta: 1 day, 9:32:12, time: 1.112, data_time: 0.012, memory: 37111, loss_mask: 0.0753, loss_texture: 0.0315, iou: 0.8548, loss: 0.1068
2026-05-03 00:16:23,872 - mmdet - INFO - 
--- Val evaluation at iter 20000 ---
2026-05-03 00:17:12,714 - mmdet - INFO - 
+------------+-------------+-------------+
| Class      | Val IoU     | Pseudo IoU  |
+------------+-------------+-------------+
| background | 92.32       | 92.68       |
| building   | 67.46       | 69.14       |
| Summary    | mIoU: 79.89 | mIoU: 80.91 |
+------------+-------------+-------------+
Images evaluated: 218
2026-05-03 00:17:14,113 - mmdet - INFO - Exp name: exp8_all.py
2026-05-03 00:17:14,113 - mmdet - INFO - Iter [20000/120000]	lr: 1.000e-04, eta: 1 day, 9:31:30, time: 1.109, data_time: 0.012, memory: 37111, val/mIoU: 0.7989, val/IoU.building: 0.6746, val/IoU.background: 0.9232, val/Pseudo_mIoU: 0.8091, loss_mask: 0.0586, loss_texture: 0.0256, iou: 0.8727, loss: 0.0843
2026-05-03 00:17:42,018 - mmdet - INFO - Iter [20025/120000]	lr: 1.000e-04, eta: 1 day, 9:34:59, time: 3.126, data_time: 2.021, memory: 37111, loss_mask: 0.0669, loss_texture: 0.0301, iou: 0.8797, loss: 0.0970
2026-05-03 00:18:09,951 - mmdet - INFO - Iter [20050/120000]	lr: 1.000e-04, eta: 1 day, 9:34:18, time: 1.117, data_time: 0.012, memory: 37111, loss_mask: 0.0670, loss_texture: 0.0298, iou: 0.8591, loss: 0.0968
2026-05-03 00:18:37,895 - mmdet - INFO - Iter [20075/120000]	lr: 1.000e-04, eta: 1 day, 9:33:36, time: 1.118, data_time: 0.012, memory: 37111, loss_mask: 0.0669, loss_texture: 0.0300, iou: 0.8967, loss: 0.0969
2026-05-03 00:19:06,303 - mmdet - INFO - Iter [20100/120000]	lr: 1.000e-04, eta: 1 day, 9:32:57, time: 1.136, data_time: 0.013, memory: 37111, loss_mask: 0.0713, loss_texture: 0.0299, iou: 0.8626, loss: 0.1012
2026-05-03 00:19:34,326 - mmdet - INFO - Iter [20125/120000]	lr: 1.000e-04, eta: 1 day, 9:32:16, time: 1.121, data_time: 0.012, memory: 37111, loss_mask: 0.0756, loss_texture: 0.0326, iou: 0.8671, loss: 0.1082
2026-05-03 00:20:02,097 - mmdet - INFO - Iter [20150/120000]	lr: 1.000e-04, eta: 1 day, 9:31:33, time: 1.111, data_time: 0.011, memory: 37111, loss_mask: 0.0713, loss_texture: 0.0312, iou: 0.8551, loss: 0.1024
2026-05-03 00:20:29,993 - mmdet - INFO - Iter [20175/120000]	lr: 1.000e-04, eta: 1 day, 9:30:52, time: 1.116, data_time: 0.012, memory: 37111, loss_mask: 0.0720, loss_texture: 0.0307, iou: 0.8780, loss: 0.1026
2026-05-03 00:20:57,998 - mmdet - INFO - Iter [20200/120000]	lr: 1.000e-04, eta: 1 day, 9:30:10, time: 1.120, data_time: 0.012, memory: 37111, loss_mask: 0.0805, loss_texture: 0.0341, iou: 0.8640, loss: 0.1146
2026-05-03 00:21:25,902 - mmdet - INFO - Iter [20225/120000]	lr: 1.000e-04, eta: 1 day, 9:29:29, time: 1.116, data_time: 0.012, memory: 37111, loss_mask: 0.0720, loss_texture: 0.0311, iou: 0.8822, loss: 0.1031
2026-05-03 00:21:53,656 - mmdet - INFO - Iter [20250/120000]	lr: 1.000e-04, eta: 1 day, 9:28:46, time: 1.110, data_time: 0.012, memory: 37111, loss_mask: 0.0657, loss_texture: 0.0276, iou: 0.8870, loss: 0.0933
2026-05-03 00:22:21,320 - mmdet - INFO - Iter [20275/120000]	lr: 1.000e-04, eta: 1 day, 9:28:04, time: 1.107, data_time: 0.012, memory: 37111, loss_mask: 0.0532, loss_texture: 0.0238, iou: 0.8815, loss: 0.0771
2026-05-03 00:22:48,980 - mmdet - INFO - Iter [20300/120000]	lr: 1.000e-04, eta: 1 day, 9:27:21, time: 1.106, data_time: 0.012, memory: 37111, loss_mask: 0.0616, loss_texture: 0.0276, iou: 0.8692, loss: 0.0893
2026-05-03 00:23:16,653 - mmdet - INFO - Iter [20325/120000]	lr: 1.000e-04, eta: 1 day, 9:26:38, time: 1.107, data_time: 0.012, memory: 37111, loss_mask: 0.0663, loss_texture: 0.0294, iou: 0.8675, loss: 0.0956
2026-05-03 00:23:44,569 - mmdet - INFO - Iter [20350/120000]	lr: 1.000e-04, eta: 1 day, 9:25:57, time: 1.117, data_time: 0.012, memory: 37111, loss_mask: 0.0619, loss_texture: 0.0279, iou: 0.8771, loss: 0.0898
2026-05-03 00:24:12,538 - mmdet - INFO - Iter [20375/120000]	lr: 1.000e-04, eta: 1 day, 9:25:16, time: 1.119, data_time: 0.012, memory: 37111, loss_mask: 0.0677, loss_texture: 0.0297, iou: 0.8887, loss: 0.0974
2026-05-03 00:24:40,619 - mmdet - INFO - Iter [20400/120000]	lr: 1.000e-04, eta: 1 day, 9:24:36, time: 1.123, data_time: 0.012, memory: 37111, loss_mask: 0.0860, loss_texture: 0.0335, iou: 0.8494, loss: 0.1195
2026-05-03 00:25:08,543 - mmdet - INFO - Iter [20425/120000]	lr: 1.000e-04, eta: 1 day, 9:23:54, time: 1.117, data_time: 0.012, memory: 37111, loss_mask: 0.0726, loss_texture: 0.0302, iou: 0.8530, loss: 0.1029
2026-05-03 00:25:36,329 - mmdet - INFO - Iter [20450/120000]	lr: 1.000e-04, eta: 1 day, 9:23:12, time: 1.111, data_time: 0.012, memory: 37111, loss_mask: 0.0702, loss_texture: 0.0294, iou: 0.8782, loss: 0.0996
2026-05-03 00:26:04,183 - mmdet - INFO - Iter [20475/120000]	lr: 1.000e-04, eta: 1 day, 9:22:31, time: 1.114, data_time: 0.012, memory: 37111, loss_mask: 0.0698, loss_texture: 0.0304, iou: 0.8668, loss: 0.1002
2026-05-03 00:26:32,077 - mmdet - INFO - 
--- Val evaluation at iter 20500 ---
2026-05-03 00:27:21,298 - mmdet - INFO - 
+------------+-------------+-------------+
| Class      | Val IoU     | Pseudo IoU  |
+------------+-------------+-------------+
| background | 92.20       | 92.68       |
| building   | 66.46       | 69.14       |
| Summary    | mIoU: 79.33 | mIoU: 80.91 |
+------------+-------------+-------------+
Images evaluated: 218
2026-05-03 00:27:22,698 - mmdet - INFO - Iter [20500/120000]	lr: 1.000e-04, eta: 1 day, 9:21:50, time: 1.116, data_time: 0.012, memory: 37111, val/mIoU: 0.7933, val/IoU.building: 0.6646, val/IoU.background: 0.9220, val/Pseudo_mIoU: 0.8091, loss_mask: 0.0712, loss_texture: 0.0304, iou: 0.8792, loss: 0.1016
2026-05-03 00:27:50,554 - mmdet - INFO - Iter [20525/120000]	lr: 1.000e-04, eta: 1 day, 9:25:14, time: 3.139, data_time: 2.037, memory: 37111, loss_mask: 0.0510, loss_texture: 0.0230, iou: 0.8778, loss: 0.0741
2026-05-03 00:28:18,383 - mmdet - INFO - Iter [20550/120000]	lr: 1.000e-04, eta: 1 day, 9:24:32, time: 1.113, data_time: 0.012, memory: 37111, loss_mask: 0.0609, loss_texture: 0.0277, iou: 0.8799, loss: 0.0886
2026-05-03 00:28:46,202 - mmdet - INFO - Iter [20575/120000]	lr: 1.000e-04, eta: 1 day, 9:23:50, time: 1.113, data_time: 0.012, memory: 37111, loss_mask: 0.0625, loss_texture: 0.0282, iou: 0.8884, loss: 0.0907
2026-05-03 00:29:14,029 - mmdet - INFO - Iter [20600/120000]	lr: 1.000e-04, eta: 1 day, 9:23:08, time: 1.113, data_time: 0.012, memory: 37111, loss_mask: 0.0618, loss_texture: 0.0281, iou: 0.8654, loss: 0.0899
2026-05-03 00:29:41,858 - mmdet - INFO - Iter [20625/120000]	lr: 1.000e-04, eta: 1 day, 9:22:26, time: 1.113, data_time: 0.012, memory: 37111, loss_mask: 0.0672, loss_texture: 0.0292, iou: 0.8910, loss: 0.0964
2026-05-03 00:30:09,478 - mmdet - INFO - Iter [20650/120000]	lr: 1.000e-04, eta: 1 day, 9:21:43, time: 1.105, data_time: 0.012, memory: 37111, loss_mask: 0.0560, loss_texture: 0.0256, iou: 0.8756, loss: 0.0816
2026-05-03 00:30:37,225 - mmdet - INFO - Iter [20675/120000]	lr: 1.000e-04, eta: 1 day, 9:21:01, time: 1.110, data_time: 0.012, memory: 37111, loss_mask: 0.0686, loss_texture: 0.0301, iou: 0.8694, loss: 0.0987
2026-05-03 00:31:05,019 - mmdet - INFO - Iter [20700/120000]	lr: 1.000e-04, eta: 1 day, 9:20:19, time: 1.112, data_time: 0.012, memory: 37111, loss_mask: 0.0723, loss_texture: 0.0320, iou: 0.8754, loss: 0.1043
2026-05-03 00:31:32,921 - mmdet - INFO - Iter [20725/120000]	lr: 1.000e-04, eta: 1 day, 9:19:38, time: 1.116, data_time: 0.012, memory: 37111, loss_mask: 0.0635, loss_texture: 0.0288, iou: 0.8775, loss: 0.0923
2026-05-03 00:32:00,786 - mmdet - INFO - Iter [20750/120000]	lr: 1.000e-04, eta: 1 day, 9:18:57, time: 1.115, data_time: 0.012, memory: 37111, loss_mask: 0.0725, loss_texture: 0.0299, iou: 0.8592, loss: 0.1024
2026-05-03 00:32:28,672 - mmdet - INFO - Iter [20775/120000]	lr: 1.000e-04, eta: 1 day, 9:18:15, time: 1.115, data_time: 0.012, memory: 37111, loss_mask: 0.0939, loss_texture: 0.0313, iou: 0.8229, loss: 0.1252
2026-05-03 00:32:56,658 - mmdet - INFO - Iter [20800/120000]	lr: 1.000e-04, eta: 1 day, 9:17:34, time: 1.119, data_time: 0.012, memory: 37111, loss_mask: 0.0931, loss_texture: 0.0343, iou: 0.8316, loss: 0.1275
2026-05-03 00:33:24,614 - mmdet - INFO - Iter [20825/120000]	lr: 1.000e-04, eta: 1 day, 9:16:54, time: 1.118, data_time: 0.012, memory: 37111, loss_mask: 0.0847, loss_texture: 0.0331, iou: 0.8735, loss: 0.1177
2026-05-03 00:33:52,413 - mmdet - INFO - Iter [20850/120000]	lr: 1.000e-04, eta: 1 day, 9:16:12, time: 1.112, data_time: 0.012, memory: 37111, loss_mask: 0.0822, loss_texture: 0.0319, iou: 0.8515, loss: 0.1142
2026-05-03 00:34:20,295 - mmdet - INFO - Iter [20875/120000]	lr: 1.000e-04, eta: 1 day, 9:15:31, time: 1.115, data_time: 0.012, memory: 37111, loss_mask: 0.0837, loss_texture: 0.0351, iou: 0.8473, loss: 0.1187
2026-05-03 00:34:48,139 - mmdet - INFO - Iter [20900/120000]	lr: 1.000e-04, eta: 1 day, 9:14:49, time: 1.114, data_time: 0.013, memory: 37111, loss_mask: 0.1218, loss_texture: 0.0314, iou: 0.8406, loss: 0.1533
2026-05-03 00:35:16,001 - mmdet - INFO - Iter [20925/120000]	lr: 1.000e-04, eta: 1 day, 9:14:08, time: 1.115, data_time: 0.012, memory: 37111, loss_mask: 0.1157, loss_texture: 0.0405, iou: 0.8015, loss: 0.1562
2026-05-03 00:35:43,801 - mmdet - INFO - Iter [20950/120000]	lr: 1.000e-04, eta: 1 day, 9:13:27, time: 1.112, data_time: 0.012, memory: 37111, loss_mask: 0.0807, loss_texture: 0.0312, iou: 0.8408, loss: 0.1119
2026-05-03 00:36:11,624 - mmdet - INFO - Iter [20975/120000]	lr: 1.000e-04, eta: 1 day, 9:12:45, time: 1.113, data_time: 0.012, memory: 37111, loss_mask: 0.0759, loss_texture: 0.0314, iou: 0.8663, loss: 0.1073
2026-05-03 00:36:39,365 - mmdet - INFO - 
--- Val evaluation at iter 21000 ---
2026-05-03 00:37:28,787 - mmdet - INFO - 
+------------+-------------+-------------+
| Class      | Val IoU     | Pseudo IoU  |
+------------+-------------+-------------+
| background | 91.53       | 92.68       |
| building   | 62.54       | 69.14       |
| Summary    | mIoU: 77.03 | mIoU: 80.91 |
+------------+-------------+-------------+
Images evaluated: 218
2026-05-03 00:37:30,182 - mmdet - INFO - Exp name: exp8_all.py
2026-05-03 00:37:30,183 - mmdet - INFO - Iter [21000/120000]	lr: 1.000e-04, eta: 1 day, 9:12:04, time: 1.110, data_time: 0.012, memory: 37111, val/mIoU: 0.7703, val/IoU.building: 0.6254, val/IoU.background: 0.9153, val/Pseudo_mIoU: 0.8091, loss_mask: 0.0587, loss_texture: 0.0261, iou: 0.8604, loss: 0.0848
2026-05-03 00:37:57,988 - mmdet - INFO - Iter [21025/120000]	lr: 1.000e-04, eta: 1 day, 9:15:21, time: 3.145, data_time: 2.046, memory: 37111, loss_mask: 0.0745, loss_texture: 0.0284, iou: 0.8613, loss: 0.1029
2026-05-03 00:38:25,878 - mmdet - INFO - Iter [21050/120000]	lr: 1.000e-04, eta: 1 day, 9:14:40, time: 1.116, data_time: 0.012, memory: 37111, loss_mask: 0.0732, loss_texture: 0.0318, iou: 0.8584, loss: 0.1050
2026-05-03 00:38:53,948 - mmdet - INFO - Iter [21075/120000]	lr: 1.000e-04, eta: 1 day, 9:14:00, time: 1.123, data_time: 0.012, memory: 37111, loss_mask: 0.0755, loss_texture: 0.0313, iou: 0.8685, loss: 0.1068
2026-05-03 00:39:21,820 - mmdet - INFO - Iter [21100/120000]	lr: 1.000e-04, eta: 1 day, 9:13:18, time: 1.115, data_time: 0.012, memory: 37111, loss_mask: 0.0848, loss_texture: 0.0353, iou: 0.8624, loss: 0.1201
2026-05-03 00:39:49,503 - mmdet - INFO - Iter [21125/120000]	lr: 1.000e-04, eta: 1 day, 9:12:36, time: 1.107, data_time: 0.012, memory: 37111, loss_mask: 0.0692, loss_texture: 0.0293, iou: 0.8711, loss: 0.0985
2026-05-03 00:40:17,273 - mmdet - INFO - Iter [21150/120000]	lr: 1.000e-04, eta: 1 day, 9:11:55, time: 1.111, data_time: 0.012, memory: 37111, loss_mask: 0.0695, loss_texture: 0.0300, iou: 0.8673, loss: 0.0995
2026-05-03 00:40:45,072 - mmdet - INFO - Iter [21175/120000]	lr: 1.000e-04, eta: 1 day, 9:11:13, time: 1.112, data_time: 0.012, memory: 37111, loss_mask: 0.0712, loss_texture: 0.0306, iou: 0.8719, loss: 0.1018
2026-05-03 00:41:12,979 - mmdet - INFO - Iter [21200/120000]	lr: 1.000e-04, eta: 1 day, 9:10:32, time: 1.116, data_time: 0.012, memory: 37111, loss_mask: 0.0641, loss_texture: 0.0288, iou: 0.8768, loss: 0.0928
2026-05-03 00:41:40,774 - mmdet - INFO - Iter [21225/120000]	lr: 1.000e-04, eta: 1 day, 9:09:50, time: 1.112, data_time: 0.012, memory: 37111, loss_mask: 0.0684, loss_texture: 0.0296, iou: 0.8643, loss: 0.0980
2026-05-03 00:42:08,532 - mmdet - INFO - Iter [21250/120000]	lr: 1.000e-04, eta: 1 day, 9:09:09, time: 1.110, data_time: 0.012, memory: 37111, loss_mask: 0.0685, loss_texture: 0.0279, iou: 0.8569, loss: 0.0964
2026-05-03 00:42:36,254 - mmdet - INFO - Iter [21275/120000]	lr: 1.000e-04, eta: 1 day, 9:08:27, time: 1.109, data_time: 0.012, memory: 37111, loss_mask: 0.0694, loss_texture: 0.0294, iou: 0.8551, loss: 0.0989
2026-05-03 00:43:04,088 - mmdet - INFO - Iter [21300/120000]	lr: 1.000e-04, eta: 1 day, 9:07:46, time: 1.113, data_time: 0.012, memory: 37111, loss_mask: 0.0737, loss_texture: 0.0309, iou: 0.8761, loss: 0.1046
2026-05-03 00:43:31,902 - mmdet - INFO - Iter [21325/120000]	lr: 1.000e-04, eta: 1 day, 9:07:04, time: 1.113, data_time: 0.012, memory: 37111, loss_mask: 0.0694, loss_texture: 0.0302, iou: 0.8862, loss: 0.0997
2026-05-03 00:43:59,671 - mmdet - INFO - Iter [21350/120000]	lr: 1.000e-04, eta: 1 day, 9:06:23, time: 1.111, data_time: 0.012, memory: 37111, loss_mask: 0.0656, loss_texture: 0.0278, iou: 0.8729, loss: 0.0934
2026-05-03 00:44:27,563 - mmdet - INFO - Iter [21375/120000]	lr: 1.000e-04, eta: 1 day, 9:05:42, time: 1.116, data_time: 0.012, memory: 37111, loss_mask: 0.0777, loss_texture: 0.0321, iou: 0.8600, loss: 0.1099
2026-05-03 00:44:55,558 - mmdet - INFO - Iter [21400/120000]	lr: 1.000e-04, eta: 1 day, 9:05:02, time: 1.120, data_time: 0.012, memory: 37111, loss_mask: 0.0919, loss_texture: 0.0342, iou: 0.8711, loss: 0.1261
2026-05-03 00:45:23,438 - mmdet - INFO - Iter [21425/120000]	lr: 1.000e-04, eta: 1 day, 9:04:21, time: 1.115, data_time: 0.012, memory: 37111, loss_mask: 0.0789, loss_texture: 0.0313, iou: 0.8571, loss: 0.1102
2026-05-03 00:45:51,392 - mmdet - INFO - Iter [21450/120000]	lr: 1.000e-04, eta: 1 day, 9:03:40, time: 1.118, data_time: 0.012, memory: 37111, loss_mask: 0.0728, loss_texture: 0.0304, iou: 0.8603, loss: 0.1032
2026-05-03 00:46:19,175 - mmdet - INFO - Iter [21475/120000]	lr: 1.000e-04, eta: 1 day, 9:02:59, time: 1.111, data_time: 0.012, memory: 37111, loss_mask: 0.0634, loss_texture: 0.0277, iou: 0.8780, loss: 0.0911
2026-05-03 00:46:47,006 - mmdet - INFO - 
--- Val evaluation at iter 21500 ---
2026-05-03 00:47:36,864 - mmdet - INFO - 
+------------+-------------+-------------+
| Class      | Val IoU     | Pseudo IoU  |
+------------+-------------+-------------+
| background | 92.02       | 92.68       |
| building   | 65.47       | 69.14       |
| Summary    | mIoU: 78.74 | mIoU: 80.91 |
+------------+-------------+-------------+
Images evaluated: 218
2026-05-03 00:47:38,277 - mmdet - INFO - Iter [21500/120000]	lr: 1.000e-04, eta: 1 day, 9:02:18, time: 1.113, data_time: 0.013, memory: 37111, val/mIoU: 0.7874, val/IoU.building: 0.6547, val/IoU.background: 0.9202, val/Pseudo_mIoU: 0.8091, loss_mask: 0.0695, loss_texture: 0.0303, iou: 0.8765, loss: 0.0998
2026-05-03 00:48:06,118 - mmdet - INFO - Iter [21525/120000]	lr: 1.000e-04, eta: 1 day, 9:05:32, time: 3.164, data_time: 2.063, memory: 37111, loss_mask: 0.0686, loss_texture: 0.0295, iou: 0.8596, loss: 0.0981
2026-05-03 00:48:33,799 - mmdet - INFO - Iter [21550/120000]	lr: 1.000e-04, eta: 1 day, 9:04:50, time: 1.107, data_time: 0.012, memory: 37111, loss_mask: 0.0629, loss_texture: 0.0276, iou: 0.8730, loss: 0.0905
2026-05-03 00:49:01,597 - mmdet - INFO - Iter [21575/120000]	lr: 1.000e-04, eta: 1 day, 9:04:08, time: 1.112, data_time: 0.012, memory: 37111, loss_mask: 0.0683, loss_texture: 0.0309, iou: 0.8770, loss: 0.0992
2026-05-03 00:49:29,296 - mmdet - INFO - Iter [21600/120000]	lr: 1.000e-04, eta: 1 day, 9:03:27, time: 1.108, data_time: 0.012, memory: 37111, loss_mask: 0.0634, loss_texture: 0.0275, iou: 0.8669, loss: 0.0908
2026-05-03 00:49:57,137 - mmdet - INFO - Iter [21625/120000]	lr: 1.000e-04, eta: 1 day, 9:02:46, time: 1.114, data_time: 0.012, memory: 37111, loss_mask: 0.0587, loss_texture: 0.0259, iou: 0.8870, loss: 0.0846
2026-05-03 00:50:24,823 - mmdet - INFO - Iter [21650/120000]	lr: 1.000e-04, eta: 1 day, 9:02:04, time: 1.107, data_time: 0.012, memory: 37111, loss_mask: 0.0712, loss_texture: 0.0310, iou: 0.8775, loss: 0.1022
2026-05-03 00:50:52,533 - mmdet - INFO - Iter [21675/120000]	lr: 1.000e-04, eta: 1 day, 9:01:22, time: 1.108, data_time: 0.012, memory: 37111, loss_mask: 0.1161, loss_texture: 0.0362, iou: 0.8208, loss: 0.1524
2026-05-03 00:51:20,210 - mmdet - INFO - Iter [21700/120000]	lr: 1.000e-04, eta: 1 day, 9:00:40, time: 1.107, data_time: 0.012, memory: 37111, loss_mask: 0.0869, loss_texture: 0.0330, iou: 0.8495, loss: 0.1199
2026-05-03 00:51:48,023 - mmdet - INFO - Iter [21725/120000]	lr: 1.000e-04, eta: 1 day, 8:59:59, time: 1.113, data_time: 0.012, memory: 37111, loss_mask: 0.0754, loss_texture: 0.0320, iou: 0.8633, loss: 0.1074
2026-05-03 00:52:15,760 - mmdet - INFO - Iter [21750/120000]	lr: 1.000e-04, eta: 1 day, 8:59:18, time: 1.109, data_time: 0.012, memory: 37111, loss_mask: 0.0766, loss_texture: 0.0310, iou: 0.8467, loss: 0.1076
2026-05-03 00:52:43,586 - mmdet - INFO - Iter [21775/120000]	lr: 1.000e-04, eta: 1 day, 8:58:37, time: 1.113, data_time: 0.012, memory: 37111, loss_mask: 0.0795, loss_texture: 0.0342, iou: 0.8666, loss: 0.1137
2026-05-03 00:53:11,276 - mmdet - INFO - Iter [21800/120000]	lr: 1.000e-04, eta: 1 day, 8:57:55, time: 1.108, data_time: 0.012, memory: 37111, loss_mask: 0.0692, loss_texture: 0.0289, iou: 0.8795, loss: 0.0982
2026-05-03 00:53:38,983 - mmdet - INFO - Iter [21825/120000]	lr: 1.000e-04, eta: 1 day, 8:57:14, time: 1.108, data_time: 0.012, memory: 37111, loss_mask: 0.0692, loss_texture: 0.0306, iou: 0.8781, loss: 0.0998
2026-05-03 00:54:06,645 - mmdet - INFO - Iter [21850/120000]	lr: 1.000e-04, eta: 1 day, 8:56:32, time: 1.106, data_time: 0.012, memory: 37111, loss_mask: 0.0576, loss_texture: 0.0256, iou: 0.8646, loss: 0.0832
2026-05-03 00:54:34,268 - mmdet - INFO - Iter [21875/120000]	lr: 1.000e-04, eta: 1 day, 8:55:50, time: 1.105, data_time: 0.012, memory: 37111, loss_mask: 0.0690, loss_texture: 0.0309, iou: 0.8820, loss: 0.0998
2026-05-03 00:55:02,058 - mmdet - INFO - Iter [21900/120000]	lr: 1.000e-04, eta: 1 day, 8:55:09, time: 1.112, data_time: 0.012, memory: 37111, loss_mask: 0.0648, loss_texture: 0.0290, iou: 0.8833, loss: 0.0938
2026-05-03 00:55:29,650 - mmdet - INFO - Iter [21925/120000]	lr: 1.000e-04, eta: 1 day, 8:54:27, time: 1.104, data_time: 0.012, memory: 37111, loss_mask: 0.0613, loss_texture: 0.0261, iou: 0.8575, loss: 0.0874
2026-05-03 00:55:57,390 - mmdet - INFO - Iter [21950/120000]	lr: 1.000e-04, eta: 1 day, 8:53:46, time: 1.110, data_time: 0.012, memory: 37111, loss_mask: 0.0677, loss_texture: 0.0288, iou: 0.8841, loss: 0.0965
2026-05-03 00:56:24,961 - mmdet - INFO - Iter [21975/120000]	lr: 1.000e-04, eta: 1 day, 8:53:04, time: 1.103, data_time: 0.012, memory: 37111, loss_mask: 0.0621, loss_texture: 0.0271, iou: 0.8829, loss: 0.0891
2026-05-03 00:56:53,084 - mmdet - INFO - 
--- Val evaluation at iter 22000 ---
2026-05-03 00:57:43,675 - mmdet - INFO - 
+------------+-------------+-------------+
| Class      | Val IoU     | Pseudo IoU  |
+------------+-------------+-------------+
| background | 91.96       | 92.68       |
| building   | 65.16       | 69.14       |
| Summary    | mIoU: 78.56 | mIoU: 80.91 |
+------------+-------------+-------------+
Images evaluated: 218
2026-05-03 00:57:45,068 - mmdet - INFO - Exp name: exp8_all.py
2026-05-03 00:57:45,068 - mmdet - INFO - Iter [22000/120000]	lr: 1.000e-04, eta: 1 day, 8:52:25, time: 1.125, data_time: 0.013, memory: 37111, val/mIoU: 0.7856, val/IoU.building: 0.6516, val/IoU.background: 0.9196, val/Pseudo_mIoU: 0.8091, loss_mask: 0.0596, loss_texture: 0.0260, iou: 0.8962, loss: 0.0856
2026-05-03 00:58:13,085 - mmdet - INFO - Iter [22025/120000]	lr: 1.000e-04, eta: 1 day, 8:55:36, time: 3.200, data_time: 2.093, memory: 37111, loss_mask: 0.0814, loss_texture: 0.0349, iou: 0.8677, loss: 0.1163
2026-05-03 00:58:40,948 - mmdet - INFO - Iter [22050/120000]	lr: 1.000e-04, eta: 1 day, 8:54:55, time: 1.114, data_time: 0.012, memory: 37111, loss_mask: 0.0728, loss_texture: 0.0316, iou: 0.8947, loss: 0.1044
2026-05-03 00:59:08,876 - mmdet - INFO - Iter [22075/120000]	lr: 1.000e-04, eta: 1 day, 8:54:15, time: 1.117, data_time: 0.012, memory: 37111, loss_mask: 0.0774, loss_texture: 0.0274, iou: 0.8504, loss: 0.1047
2026-05-03 00:59:36,622 - mmdet - INFO - Iter [22100/120000]	lr: 1.000e-04, eta: 1 day, 8:53:33, time: 1.110, data_time: 0.012, memory: 37111, loss_mask: 0.1002, loss_texture: 0.0339, iou: 0.8409, loss: 0.1341
2026-05-03 01:00:04,328 - mmdet - INFO - Iter [22125/120000]	lr: 1.000e-04, eta: 1 day, 8:52:52, time: 1.108, data_time: 0.012, memory: 37111, loss_mask: 0.0798, loss_texture: 0.0291, iou: 0.8462, loss: 0.1089
2026-05-03 01:00:32,049 - mmdet - INFO - Iter [22150/120000]	lr: 1.000e-04, eta: 1 day, 8:52:11, time: 1.109, data_time: 0.012, memory: 37111, loss_mask: 0.0814, loss_texture: 0.0321, iou: 0.8297, loss: 0.1135
2026-05-03 01:00:59,857 - mmdet - INFO - Iter [22175/120000]	lr: 1.000e-04, eta: 1 day, 8:51:30, time: 1.112, data_time: 0.012, memory: 37111, loss_mask: 0.0753, loss_texture: 0.0325, iou: 0.8514, loss: 0.1078
2026-05-03 01:01:27,688 - mmdet - INFO - Iter [22200/120000]	lr: 1.000e-04, eta: 1 day, 8:50:49, time: 1.113, data_time: 0.012, memory: 37111, loss_mask: 0.0611, loss_texture: 0.0260, iou: 0.8878, loss: 0.0871
2026-05-03 01:01:55,420 - mmdet - INFO - Iter [22225/120000]	lr: 1.000e-04, eta: 1 day, 8:50:08, time: 1.109, data_time: 0.012, memory: 37111, loss_mask: 0.0619, loss_texture: 0.0272, iou: 0.8604, loss: 0.0891
2026-05-03 01:02:23,070 - mmdet - INFO - Iter [22250/120000]	lr: 1.000e-04, eta: 1 day, 8:49:26, time: 1.106, data_time: 0.012, memory: 37111, loss_mask: 0.0719, loss_texture: 0.0296, iou: 0.8741, loss: 0.1016
2026-05-03 01:02:50,769 - mmdet - INFO - Iter [22275/120000]	lr: 1.000e-04, eta: 1 day, 8:48:45, time: 1.108, data_time: 0.012, memory: 37111, loss_mask: 0.0608, loss_texture: 0.0269, iou: 0.8652, loss: 0.0877
2026-05-03 01:03:18,579 - mmdet - INFO - Iter [22300/120000]	lr: 1.000e-04, eta: 1 day, 8:48:04, time: 1.112, data_time: 0.012, memory: 37111, loss_mask: 0.0569, loss_texture: 0.0255, iou: 0.8712, loss: 0.0824
2026-05-03 01:03:46,415 - mmdet - INFO - Iter [22325/120000]	lr: 1.000e-04, eta: 1 day, 8:47:24, time: 1.113, data_time: 0.012, memory: 37111, loss_mask: 0.0636, loss_texture: 0.0279, iou: 0.8806, loss: 0.0915
2026-05-03 01:04:14,032 - mmdet - INFO - Iter [22350/120000]	lr: 1.000e-04, eta: 1 day, 8:46:42, time: 1.105, data_time: 0.012, memory: 37111, loss_mask: 0.0692, loss_texture: 0.0306, iou: 0.8709, loss: 0.0998
2026-05-03 01:04:41,649 - mmdet - INFO - Iter [22375/120000]	lr: 1.000e-04, eta: 1 day, 8:46:00, time: 1.105, data_time: 0.012, memory: 37111, loss_mask: 0.0623, loss_texture: 0.0273, iou: 0.8805, loss: 0.0896
2026-05-03 01:05:09,408 - mmdet - INFO - Iter [22400/120000]	lr: 1.000e-04, eta: 1 day, 8:45:20, time: 1.110, data_time: 0.012, memory: 37111, loss_mask: 0.0706, loss_texture: 0.0309, iou: 0.8698, loss: 0.1016
2026-05-03 01:05:37,050 - mmdet - INFO - Iter [22425/120000]	lr: 1.000e-04, eta: 1 day, 8:44:38, time: 1.106, data_time: 0.012, memory: 37111, loss_mask: 0.0640, loss_texture: 0.0279, iou: 0.8672, loss: 0.0919
2026-05-03 01:06:05,230 - mmdet - INFO - Iter [22450/120000]	lr: 1.000e-04, eta: 1 day, 8:43:59, time: 1.127, data_time: 0.013, memory: 37111, loss_mask: 0.0706, loss_texture: 0.0303, iou: 0.8665, loss: 0.1009
2026-05-03 01:06:33,281 - mmdet - INFO - Iter [22475/120000]	lr: 1.000e-04, eta: 1 day, 8:43:20, time: 1.122, data_time: 0.012, memory: 37111, loss_mask: 0.0709, loss_texture: 0.0310, iou: 0.8584, loss: 0.1019
2026-05-03 01:07:01,128 - mmdet - INFO - 
--- Val evaluation at iter 22500 ---
2026-05-03 01:07:50,581 - mmdet - INFO - 
+------------+-------------+-------------+
| Class      | Val IoU     | Pseudo IoU  |
+------------+-------------+-------------+
| background | 92.21       | 92.68       |
| building   | 66.73       | 69.14       |
| Summary    | mIoU: 79.47 | mIoU: 80.91 |
+------------+-------------+-------------+
Images evaluated: 218
2026-05-03 01:07:52,001 - mmdet - INFO - Iter [22500/120000]	lr: 1.000e-04, eta: 1 day, 8:42:39, time: 1.114, data_time: 0.012, memory: 37111, val/mIoU: 0.7947, val/IoU.building: 0.6673, val/IoU.background: 0.9221, val/Pseudo_mIoU: 0.8091, loss_mask: 0.0672, loss_texture: 0.0287, iou: 0.8855, loss: 0.0959
2026-05-03 01:08:19,926 - mmdet - INFO - Iter [22525/120000]	lr: 1.000e-04, eta: 1 day, 8:45:39, time: 3.152, data_time: 2.047, memory: 37111, loss_mask: 0.0678, loss_texture: 0.0303, iou: 0.8971, loss: 0.0981
2026-05-03 01:08:47,790 - mmdet - INFO - Iter [22550/120000]	lr: 1.000e-04, eta: 1 day, 8:44:59, time: 1.115, data_time: 0.012, memory: 37111, loss_mask: 0.0629, loss_texture: 0.0280, iou: 0.8714, loss: 0.0910
2026-05-03 01:09:15,424 - mmdet - INFO - Iter [22575/120000]	lr: 1.000e-04, eta: 1 day, 8:44:17, time: 1.105, data_time: 0.012, memory: 37111, loss_mask: 0.0628, loss_texture: 0.0271, iou: 0.8761, loss: 0.0899
2026-05-03 01:09:43,055 - mmdet - INFO - Iter [22600/120000]	lr: 1.000e-04, eta: 1 day, 8:43:36, time: 1.105, data_time: 0.012, memory: 37111, loss_mask: 0.0605, loss_texture: 0.0279, iou: 0.8892, loss: 0.0884
2026-05-03 01:10:10,746 - mmdet - INFO - Iter [22625/120000]	lr: 1.000e-04, eta: 1 day, 8:42:55, time: 1.108, data_time: 0.012, memory: 37111, loss_mask: 0.0581, loss_texture: 0.0267, iou: 0.8752, loss: 0.0848
2026-05-03 01:10:38,551 - mmdet - INFO - Iter [22650/120000]	lr: 1.000e-04, eta: 1 day, 8:42:14, time: 1.112, data_time: 0.012, memory: 37111, loss_mask: 0.0655, loss_texture: 0.0288, iou: 0.8904, loss: 0.0943
2026-05-03 01:11:06,333 - mmdet - INFO - Iter [22675/120000]	lr: 1.000e-04, eta: 1 day, 8:41:33, time: 1.111, data_time: 0.012, memory: 37111, loss_mask: 0.0604, loss_texture: 0.0264, iou: 0.8671, loss: 0.0868
2026-05-03 01:11:34,264 - mmdet - INFO - Iter [22700/120000]	lr: 1.000e-04, eta: 1 day, 8:40:53, time: 1.117, data_time: 0.012, memory: 37111, loss_mask: 0.0642, loss_texture: 0.0292, iou: 0.8848, loss: 0.0934
2026-05-03 01:12:02,127 - mmdet - INFO - Iter [22725/120000]	lr: 1.000e-04, eta: 1 day, 8:40:13, time: 1.115, data_time: 0.013, memory: 37111, loss_mask: 0.0667, loss_texture: 0.0283, iou: 0.8686, loss: 0.0950
2026-05-03 01:12:30,082 - mmdet - INFO - Iter [22750/120000]	lr: 1.000e-04, eta: 1 day, 8:39:33, time: 1.118, data_time: 0.012, memory: 37111, loss_mask: 0.0661, loss_texture: 0.0296, iou: 0.8772, loss: 0.0957
2026-05-03 01:12:58,085 - mmdet - INFO - Iter [22775/120000]	lr: 1.000e-04, eta: 1 day, 8:38:53, time: 1.120, data_time: 0.012, memory: 37111, loss_mask: 0.0636, loss_texture: 0.0290, iou: 0.8831, loss: 0.0926
2026-05-03 01:13:25,895 - mmdet - INFO - Iter [22800/120000]	lr: 1.000e-04, eta: 1 day, 8:38:13, time: 1.112, data_time: 0.012, memory: 37111, loss_mask: 0.0594, loss_texture: 0.0260, iou: 0.8866, loss: 0.0854
2026-05-03 01:13:53,735 - mmdet - INFO - Iter [22825/120000]	lr: 1.000e-04, eta: 1 day, 8:37:32, time: 1.114, data_time: 0.013, memory: 37111, loss_mask: 0.0669, loss_texture: 0.0291, iou: 0.8809, loss: 0.0960
2026-05-03 01:14:21,846 - mmdet - INFO - Iter [22850/120000]	lr: 1.000e-04, eta: 1 day, 8:36:53, time: 1.124, data_time: 0.012, memory: 37111, loss_mask: 0.0776, loss_texture: 0.0342, iou: 0.8698, loss: 0.1119
2026-05-03 01:14:49,698 - mmdet - INFO - Iter [22875/120000]	lr: 1.000e-04, eta: 1 day, 8:36:13, time: 1.114, data_time: 0.012, memory: 37111, loss_mask: 0.0684, loss_texture: 0.0304, iou: 0.8749, loss: 0.0988
2026-05-03 01:15:17,303 - mmdet - INFO - Iter [22900/120000]	lr: 1.000e-04, eta: 1 day, 8:35:32, time: 1.104, data_time: 0.012, memory: 37111, loss_mask: 0.0624, loss_texture: 0.0265, iou: 0.8803, loss: 0.0889
2026-05-03 01:15:45,105 - mmdet - INFO - Iter [22925/120000]	lr: 1.000e-04, eta: 1 day, 8:34:51, time: 1.112, data_time: 0.012, memory: 37111, loss_mask: 0.0646, loss_texture: 0.0290, iou: 0.8579, loss: 0.0936
2026-05-03 01:16:12,893 - mmdet - INFO - Iter [22950/120000]	lr: 1.000e-04, eta: 1 day, 8:34:11, time: 1.112, data_time: 0.012, memory: 37111, loss_mask: 0.0669, loss_texture: 0.0292, iou: 0.8770, loss: 0.0960
2026-05-03 01:16:40,539 - mmdet - INFO - Iter [22975/120000]	lr: 1.000e-04, eta: 1 day, 8:33:30, time: 1.106, data_time: 0.012, memory: 37111, loss_mask: 0.0593, loss_texture: 0.0275, iou: 0.8627, loss: 0.0868
2026-05-03 01:17:08,366 - mmdet - INFO - 
--- Val evaluation at iter 23000 ---
2026-05-03 01:17:57,750 - mmdet - INFO - 
+------------+-------------+-------------+
| Class      | Val IoU     | Pseudo IoU  |
+------------+-------------+-------------+
| background | 92.01       | 92.68       |
| building   | 65.21       | 69.14       |
| Summary    | mIoU: 78.61 | mIoU: 80.91 |
+------------+-------------+-------------+
Images evaluated: 218
2026-05-03 01:17:59,141 - mmdet - INFO - Exp name: exp8_all.py
2026-05-03 01:17:59,141 - mmdet - INFO - Iter [23000/120000]	lr: 1.000e-04, eta: 1 day, 8:32:49, time: 1.113, data_time: 0.012, memory: 37111, val/mIoU: 0.7861, val/IoU.building: 0.6521, val/IoU.background: 0.9201, val/Pseudo_mIoU: 0.8091, loss_mask: 0.0683, loss_texture: 0.0295, iou: 0.8803, loss: 0.0978
2026-05-03 01:18:27,138 - mmdet - INFO - Iter [23025/120000]	lr: 1.000e-04, eta: 1 day, 8:35:44, time: 3.151, data_time: 2.045, memory: 37111, loss_mask: 0.0742, loss_texture: 0.0331, iou: 0.8672, loss: 0.1073
2026-05-03 01:18:54,906 - mmdet - INFO - Iter [23050/120000]	lr: 1.000e-04, eta: 1 day, 8:35:03, time: 1.111, data_time: 0.012, memory: 37111, loss_mask: 0.0605, loss_texture: 0.0260, iou: 0.8780, loss: 0.0864
2026-05-03 01:19:22,590 - mmdet - INFO - Iter [23075/120000]	lr: 1.000e-04, eta: 1 day, 8:34:22, time: 1.107, data_time: 0.012, memory: 37111, loss_mask: 0.0695, loss_texture: 0.0302, iou: 0.8916, loss: 0.0997
2026-05-03 01:19:50,336 - mmdet - INFO - Iter [23100/120000]	lr: 1.000e-04, eta: 1 day, 8:33:41, time: 1.110, data_time: 0.012, memory: 37111, loss_mask: 0.0682, loss_texture: 0.0301, iou: 0.8917, loss: 0.0983
2026-05-03 01:20:18,146 - mmdet - INFO - Iter [23125/120000]	lr: 1.000e-04, eta: 1 day, 8:33:01, time: 1.112, data_time: 0.012, memory: 37111, loss_mask: 0.0683, loss_texture: 0.0306, iou: 0.8788, loss: 0.0988
2026-05-03 01:20:45,985 - mmdet - INFO - Iter [23150/120000]	lr: 1.000e-04, eta: 1 day, 8:32:21, time: 1.114, data_time: 0.012, memory: 37111, loss_mask: 0.0657, loss_texture: 0.0300, iou: 0.8705, loss: 0.0957
2026-05-03 01:21:13,697 - mmdet - INFO - Iter [23175/120000]	lr: 1.000e-04, eta: 1 day, 8:31:40, time: 1.108, data_time: 0.012, memory: 37111, loss_mask: 0.0552, loss_texture: 0.0252, iou: 0.8815, loss: 0.0804
2026-05-03 01:21:41,448 - mmdet - INFO - Iter [23200/120000]	lr: 1.000e-04, eta: 1 day, 8:30:59, time: 1.110, data_time: 0.012, memory: 37111, loss_mask: 0.0581, loss_texture: 0.0264, iou: 0.8509, loss: 0.0845
2026-05-03 01:22:09,312 - mmdet - INFO - Iter [23225/120000]	lr: 1.000e-04, eta: 1 day, 8:30:19, time: 1.115, data_time: 0.012, memory: 37111, loss_mask: 0.0655, loss_texture: 0.0280, iou: 0.9003, loss: 0.0935
2026-05-03 01:22:36,954 - mmdet - INFO - Iter [23250/120000]	lr: 1.000e-04, eta: 1 day, 8:29:38, time: 1.106, data_time: 0.012, memory: 37111, loss_mask: 0.0589, loss_texture: 0.0252, iou: 0.8733, loss: 0.0841
2026-05-03 01:23:04,811 - mmdet - INFO - Iter [23275/120000]	lr: 1.000e-04, eta: 1 day, 8:28:58, time: 1.114, data_time: 0.012, memory: 37111, loss_mask: 0.0582, loss_texture: 0.0256, iou: 0.8819, loss: 0.0838
2026-05-03 01:23:32,602 - mmdet - INFO - Iter [23300/120000]	lr: 1.000e-04, eta: 1 day, 8:28:18, time: 1.112, data_time: 0.012, memory: 37111, loss_mask: 0.0614, loss_texture: 0.0272, iou: 0.8801, loss: 0.0886
2026-05-03 01:24:00,386 - mmdet - INFO - Iter [23325/120000]	lr: 1.000e-04, eta: 1 day, 8:27:37, time: 1.111, data_time: 0.012, memory: 37111, loss_mask: 0.0551, loss_texture: 0.0253, iou: 0.8796, loss: 0.0805
2026-05-03 01:24:28,446 - mmdet - INFO - Iter [23350/120000]	lr: 1.000e-04, eta: 1 day, 8:26:58, time: 1.122, data_time: 0.012, memory: 37111, loss_mask: 0.0667, loss_texture: 0.0306, iou: 0.8667, loss: 0.0972
2026-05-03 01:24:56,277 - mmdet - INFO - Iter [23375/120000]	lr: 1.000e-04, eta: 1 day, 8:26:18, time: 1.113, data_time: 0.012, memory: 37111, loss_mask: 0.0576, loss_texture: 0.0259, iou: 0.8846, loss: 0.0835
2026-05-03 01:25:24,003 - mmdet - INFO - Iter [23400/120000]	lr: 1.000e-04, eta: 1 day, 8:25:38, time: 1.109, data_time: 0.012, memory: 37111, loss_mask: 0.0607, loss_texture: 0.0273, iou: 0.8793, loss: 0.0879
2026-05-03 01:25:51,885 - mmdet - INFO - Iter [23425/120000]	lr: 1.000e-04, eta: 1 day, 8:24:58, time: 1.115, data_time: 0.012, memory: 37111, loss_mask: 0.0590, loss_texture: 0.0272, iou: 0.8798, loss: 0.0862
2026-05-03 01:26:19,827 - mmdet - INFO - Iter [23450/120000]	lr: 1.000e-04, eta: 1 day, 8:24:18, time: 1.118, data_time: 0.012, memory: 37111, loss_mask: 0.0727, loss_texture: 0.0324, iou: 0.8645, loss: 0.1051
2026-05-03 01:26:47,802 - mmdet - INFO - Iter [23475/120000]	lr: 1.000e-04, eta: 1 day, 8:23:39, time: 1.119, data_time: 0.012, memory: 37111, loss_mask: 0.0672, loss_texture: 0.0300, iou: 0.8973, loss: 0.0971
2026-05-03 01:27:15,509 - mmdet - INFO - 
--- Val evaluation at iter 23500 ---
2026-05-03 01:28:05,114 - mmdet - INFO - 
+------------+-------------+-------------+
| Class      | Val IoU     | Pseudo IoU  |
+------------+-------------+-------------+
| background | 92.05       | 92.68       |
| building   | 65.55       | 69.14       |
| Summary    | mIoU: 78.80 | mIoU: 80.91 |
+------------+-------------+-------------+
Images evaluated: 218
2026-05-03 01:28:06,529 - mmdet - INFO - Iter [23500/120000]	lr: 1.000e-04, eta: 1 day, 8:22:59, time: 1.108, data_time: 0.012, memory: 37111, val/mIoU: 0.7880, val/IoU.building: 0.6555, val/IoU.background: 0.9205, val/Pseudo_mIoU: 0.8091, loss_mask: 0.0610, loss_texture: 0.0272, iou: 0.8777, loss: 0.0882
2026-05-03 01:28:34,397 - mmdet - INFO - Iter [23525/120000]	lr: 1.000e-04, eta: 1 day, 8:25:48, time: 3.156, data_time: 2.053, memory: 37111, loss_mask: 0.0663, loss_texture: 0.0297, iou: 0.8727, loss: 0.0959
2026-05-03 01:29:02,358 - mmdet - INFO - Iter [23550/120000]	lr: 1.000e-04, eta: 1 day, 8:25:08, time: 1.118, data_time: 0.012, memory: 37111, loss_mask: 0.0622, loss_texture: 0.0287, iou: 0.8795, loss: 0.0909
2026-05-03 01:29:30,113 - mmdet - INFO - Iter [23575/120000]	lr: 1.000e-04, eta: 1 day, 8:24:28, time: 1.110, data_time: 0.012, memory: 37111, loss_mask: 0.0625, loss_texture: 0.0267, iou: 0.8719, loss: 0.0891
2026-05-03 01:29:57,979 - mmdet - INFO - Iter [23600/120000]	lr: 1.000e-04, eta: 1 day, 8:23:48, time: 1.115, data_time: 0.012, memory: 37111, loss_mask: 0.0679, loss_texture: 0.0294, iou: 0.8808, loss: 0.0973
2026-05-03 01:30:25,799 - mmdet - INFO - Iter [23625/120000]	lr: 1.000e-04, eta: 1 day, 8:23:08, time: 1.113, data_time: 0.012, memory: 37111, loss_mask: 0.0613, loss_texture: 0.0275, iou: 0.8818, loss: 0.0888
2026-05-03 01:30:53,907 - mmdet - INFO - Iter [23650/120000]	lr: 1.000e-04, eta: 1 day, 8:22:29, time: 1.124, data_time: 0.012, memory: 37111, loss_mask: 0.0541, loss_texture: 0.0255, iou: 0.8715, loss: 0.0795
2026-05-03 01:31:21,747 - mmdet - INFO - Iter [23675/120000]	lr: 1.000e-04, eta: 1 day, 8:21:49, time: 1.114, data_time: 0.012, memory: 37111, loss_mask: 0.0630, loss_texture: 0.0281, iou: 0.8792, loss: 0.0912
2026-05-03 01:31:49,511 - mmdet - INFO - Iter [23700/120000]	lr: 1.000e-04, eta: 1 day, 8:21:09, time: 1.111, data_time: 0.013, memory: 37111, loss_mask: 0.0739, loss_texture: 0.0323, iou: 0.8719, loss: 0.1062
2026-05-03 01:32:17,375 - mmdet - INFO - Iter [23725/120000]	lr: 1.000e-04, eta: 1 day, 8:20:29, time: 1.115, data_time: 0.013, memory: 37111, loss_mask: 0.0662, loss_texture: 0.0300, iou: 0.8806, loss: 0.0962
2026-05-03 01:32:45,162 - mmdet - INFO - Iter [23750/120000]	lr: 1.000e-04, eta: 1 day, 8:19:49, time: 1.111, data_time: 0.012, memory: 37111, loss_mask: 0.0645, loss_texture: 0.0273, iou: 0.8888, loss: 0.0917
2026-05-03 01:33:12,984 - mmdet - INFO - Iter [23775/120000]	lr: 1.000e-04, eta: 1 day, 8:19:09, time: 1.113, data_time: 0.012, memory: 37111, loss_mask: 0.0593, loss_texture: 0.0263, iou: 0.8854, loss: 0.0856
2026-05-03 01:33:40,718 - mmdet - INFO - Iter [23800/120000]	lr: 1.000e-04, eta: 1 day, 8:18:28, time: 1.109, data_time: 0.012, memory: 37111, loss_mask: 0.0600, loss_texture: 0.0274, iou: 0.8945, loss: 0.0873
2026-05-03 01:34:08,583 - mmdet - INFO - Iter [23825/120000]	lr: 1.000e-04, eta: 1 day, 8:17:48, time: 1.115, data_time: 0.012, memory: 37111, loss_mask: 0.0596, loss_texture: 0.0258, iou: 0.8791, loss: 0.0854
2026-05-03 01:34:36,327 - mmdet - INFO - Iter [23850/120000]	lr: 1.000e-04, eta: 1 day, 8:17:08, time: 1.110, data_time: 0.012, memory: 37111, loss_mask: 0.0669, loss_texture: 0.0294, iou: 0.8699, loss: 0.0963
2026-05-03 01:35:04,068 - mmdet - INFO - Iter [23875/120000]	lr: 1.000e-04, eta: 1 day, 8:16:28, time: 1.110, data_time: 0.012, memory: 37111, loss_mask: 0.0778, loss_texture: 0.0336, iou: 0.8641, loss: 0.1114
2026-05-03 01:35:31,921 - mmdet - INFO - Iter [23900/120000]	lr: 1.000e-04, eta: 1 day, 8:15:48, time: 1.114, data_time: 0.012, memory: 37111, loss_mask: 0.0620, loss_texture: 0.0286, iou: 0.8877, loss: 0.0906
2026-05-03 01:35:59,679 - mmdet - INFO - Iter [23925/120000]	lr: 1.000e-04, eta: 1 day, 8:15:08, time: 1.110, data_time: 0.012, memory: 37111, loss_mask: 0.0538, loss_texture: 0.0245, iou: 0.8799, loss: 0.0783
2026-05-03 01:36:27,620 - mmdet - INFO - Iter [23950/120000]	lr: 1.000e-04, eta: 1 day, 8:14:29, time: 1.118, data_time: 0.012, memory: 37111, loss_mask: 0.0684, loss_texture: 0.0308, iou: 0.8798, loss: 0.0991
2026-05-03 01:36:55,432 - mmdet - INFO - Iter [23975/120000]	lr: 1.000e-04, eta: 1 day, 8:13:49, time: 1.112, data_time: 0.012, memory: 37111, loss_mask: 0.0581, loss_texture: 0.0257, iou: 0.8690, loss: 0.0838
2026-05-03 01:37:23,160 - mmdet - INFO - 
--- Val evaluation at iter 24000 ---
2026-05-03 01:38:12,127 - mmdet - INFO - 
+------------+-------------+-------------+
| Class      | Val IoU     | Pseudo IoU  |
+------------+-------------+-------------+
| background | 91.93       | 92.68       |
| building   | 65.23       | 69.14       |
| Summary    | mIoU: 78.58 | mIoU: 80.91 |
+------------+-------------+-------------+
Images evaluated: 218
2026-05-03 01:38:13,523 - mmdet - INFO - Exp name: exp8_all.py
2026-05-03 01:38:13,523 - mmdet - INFO - Iter [24000/120000]	lr: 1.000e-04, eta: 1 day, 8:13:09, time: 1.109, data_time: 0.012, memory: 37111, val/mIoU: 0.7858, val/IoU.building: 0.6523, val/IoU.background: 0.9193, val/Pseudo_mIoU: 0.8091, loss_mask: 0.0720, loss_texture: 0.0303, iou: 0.8766, loss: 0.1023
2026-05-03 01:38:41,238 - mmdet - INFO - Iter [24025/120000]	lr: 1.000e-04, eta: 1 day, 8:15:50, time: 3.123, data_time: 2.027, memory: 37111, loss_mask: 0.0735, loss_texture: 0.0304, iou: 0.8830, loss: 0.1039
2026-05-03 01:39:08,939 - mmdet - INFO - Iter [24050/120000]	lr: 1.000e-04, eta: 1 day, 8:15:10, time: 1.108, data_time: 0.012, memory: 37111, loss_mask: 0.0690, loss_texture: 0.0294, iou: 0.8700, loss: 0.0984
2026-05-03 01:39:36,699 - mmdet - INFO - Iter [24075/120000]	lr: 1.000e-04, eta: 1 day, 8:14:29, time: 1.110, data_time: 0.012, memory: 37111, loss_mask: 0.0725, loss_texture: 0.0298, iou: 0.8721, loss: 0.1023
2026-05-03 01:40:04,434 - mmdet - INFO - Iter [24100/120000]	lr: 1.000e-04, eta: 1 day, 8:13:49, time: 1.109, data_time: 0.012, memory: 37111, loss_mask: 0.0737, loss_texture: 0.0316, iou: 0.8702, loss: 0.1053
2026-05-03 01:40:32,104 - mmdet - INFO - Iter [24125/120000]	lr: 1.000e-04, eta: 1 day, 8:13:09, time: 1.107, data_time: 0.012, memory: 37111, loss_mask: 0.0638, loss_texture: 0.0281, iou: 0.8567, loss: 0.0919
2026-05-03 01:41:00,020 - mmdet - INFO - Iter [24150/120000]	lr: 1.000e-04, eta: 1 day, 8:12:29, time: 1.117, data_time: 0.012, memory: 37111, loss_mask: 0.0644, loss_texture: 0.0284, iou: 0.8855, loss: 0.0928
2026-05-03 01:41:27,852 - mmdet - INFO - Iter [24175/120000]	lr: 1.000e-04, eta: 1 day, 8:11:49, time: 1.113, data_time: 0.012, memory: 37111, loss_mask: 0.0654, loss_texture: 0.0288, iou: 0.8772, loss: 0.0942
2026-05-03 01:41:55,437 - mmdet - INFO - Iter [24200/120000]	lr: 1.000e-04, eta: 1 day, 8:11:09, time: 1.103, data_time: 0.012, memory: 37111, loss_mask: 0.0640, loss_texture: 0.0286, iou: 0.8783, loss: 0.0925
2026-05-03 01:42:23,110 - mmdet - INFO - Iter [24225/120000]	lr: 1.000e-04, eta: 1 day, 8:10:28, time: 1.107, data_time: 0.012, memory: 37111, loss_mask: 0.0709, loss_texture: 0.0310, iou: 0.8826, loss: 0.1018
2026-05-03 01:42:50,597 - mmdet - INFO - Iter [24250/120000]	lr: 1.000e-04, eta: 1 day, 8:09:47, time: 1.099, data_time: 0.012, memory: 37111, loss_mask: 0.0497, loss_texture: 0.0224, iou: 0.8591, loss: 0.0721
2026-05-03 01:43:18,444 - mmdet - INFO - Iter [24275/120000]	lr: 1.000e-04, eta: 1 day, 8:09:07, time: 1.114, data_time: 0.012, memory: 37111, loss_mask: 0.0660, loss_texture: 0.0299, iou: 0.8779, loss: 0.0959
2026-05-03 01:43:46,219 - mmdet - INFO - Iter [24300/120000]	lr: 1.000e-04, eta: 1 day, 8:08:28, time: 1.111, data_time: 0.012, memory: 37111, loss_mask: 0.0632, loss_texture: 0.0281, iou: 0.8867, loss: 0.0913
2026-05-03 01:44:14,021 - mmdet - INFO - Iter [24325/120000]	lr: 1.000e-04, eta: 1 day, 8:07:48, time: 1.112, data_time: 0.012, memory: 37111, loss_mask: 0.0636, loss_texture: 0.0279, iou: 0.8794, loss: 0.0916
2026-05-03 01:44:41,893 - mmdet - INFO - Iter [24350/120000]	lr: 1.000e-04, eta: 1 day, 8:07:08, time: 1.115, data_time: 0.012, memory: 37111, loss_mask: 0.0734, loss_texture: 0.0326, iou: 0.8738, loss: 0.1060
2026-05-03 01:45:09,584 - mmdet - INFO - Iter [24375/120000]	lr: 1.000e-04, eta: 1 day, 8:06:28, time: 1.108, data_time: 0.012, memory: 37111, loss_mask: 0.0728, loss_texture: 0.0316, iou: 0.8824, loss: 0.1044
2026-05-03 01:45:37,368 - mmdet - INFO - Iter [24400/120000]	lr: 1.000e-04, eta: 1 day, 8:05:48, time: 1.111, data_time: 0.012, memory: 37111, loss_mask: 0.0691, loss_texture: 0.0304, iou: 0.8792, loss: 0.0995
2026-05-03 01:46:05,072 - mmdet - INFO - Iter [24425/120000]	lr: 1.000e-04, eta: 1 day, 8:05:08, time: 1.108, data_time: 0.012, memory: 37111, loss_mask: 0.0695, loss_texture: 0.0300, iou: 0.8789, loss: 0.0995
2026-05-03 01:46:32,815 - mmdet - INFO - Iter [24450/120000]	lr: 1.000e-04, eta: 1 day, 8:04:29, time: 1.110, data_time: 0.012, memory: 37111, loss_mask: 0.0633, loss_texture: 0.0281, iou: 0.8844, loss: 0.0914
2026-05-03 01:47:00,550 - mmdet - INFO - Iter [24475/120000]	lr: 1.000e-04, eta: 1 day, 8:03:49, time: 1.109, data_time: 0.012, memory: 37111, loss_mask: 0.0639, loss_texture: 0.0280, iou: 0.8771, loss: 0.0919
2026-05-03 01:47:28,271 - mmdet - INFO - 
--- Val evaluation at iter 24500 ---
2026-05-03 01:48:17,522 - mmdet - INFO - 
+------------+-------------+-------------+
| Class      | Val IoU     | Pseudo IoU  |
+------------+-------------+-------------+
| background | 92.30       | 92.68       |
| building   | 67.18       | 69.14       |
| Summary    | mIoU: 79.74 | mIoU: 80.91 |
+------------+-------------+-------------+
Images evaluated: 218
2026-05-03 01:48:18,934 - mmdet - INFO - Iter [24500/120000]	lr: 1.000e-04, eta: 1 day, 8:03:09, time: 1.109, data_time: 0.012, memory: 37111, val/mIoU: 0.7974, val/IoU.building: 0.6718, val/IoU.background: 0.9230, val/Pseudo_mIoU: 0.8091, loss_mask: 0.0665, loss_texture: 0.0303, iou: 0.8784, loss: 0.0968
2026-05-03 01:48:46,639 - mmdet - INFO - Iter [24525/120000]	lr: 1.000e-04, eta: 1 day, 8:05:46, time: 3.135, data_time: 2.038, memory: 37111, loss_mask: 0.0688, loss_texture: 0.0311, iou: 0.8803, loss: 0.0999
2026-05-03 01:49:14,466 - mmdet - INFO - Iter [24550/120000]	lr: 1.000e-04, eta: 1 day, 8:05:06, time: 1.113, data_time: 0.012, memory: 37111, loss_mask: 0.0675, loss_texture: 0.0302, iou: 0.8469, loss: 0.0977
2026-05-03 01:49:42,256 - mmdet - INFO - Iter [24575/120000]	lr: 1.000e-04, eta: 1 day, 8:04:26, time: 1.112, data_time: 0.012, memory: 37111, loss_mask: 0.0675, loss_texture: 0.0299, iou: 0.8967, loss: 0.0974
2026-05-03 01:50:09,887 - mmdet - INFO - Iter [24600/120000]	lr: 1.000e-04, eta: 1 day, 8:03:46, time: 1.105, data_time: 0.012, memory: 37111, loss_mask: 0.0637, loss_texture: 0.0292, iou: 0.8735, loss: 0.0929
2026-05-03 01:50:37,586 - mmdet - INFO - Iter [24625/120000]	lr: 1.000e-04, eta: 1 day, 8:03:06, time: 1.108, data_time: 0.012, memory: 37111, loss_mask: 0.0660, loss_texture: 0.0291, iou: 0.8787, loss: 0.0952
2026-05-03 01:51:05,342 - mmdet - INFO - Iter [24650/120000]	lr: 1.000e-04, eta: 1 day, 8:02:26, time: 1.110, data_time: 0.012, memory: 37111, loss_mask: 0.0688, loss_texture: 0.0307, iou: 0.8857, loss: 0.0995
2026-05-03 01:51:33,179 - mmdet - INFO - Iter [24675/120000]	lr: 1.000e-04, eta: 1 day, 8:01:47, time: 1.114, data_time: 0.012, memory: 37111, loss_mask: 0.0587, loss_texture: 0.0263, iou: 0.8660, loss: 0.0849
2026-05-03 01:52:00,792 - mmdet - INFO - Iter [24700/120000]	lr: 1.000e-04, eta: 1 day, 8:01:06, time: 1.104, data_time: 0.012, memory: 37111, loss_mask: 0.0600, loss_texture: 0.0268, iou: 0.8759, loss: 0.0868
2026-05-03 01:52:28,431 - mmdet - INFO - Iter [24725/120000]	lr: 1.000e-04, eta: 1 day, 8:00:26, time: 1.106, data_time: 0.012, memory: 37111, loss_mask: 0.0675, loss_texture: 0.0286, iou: 0.8843, loss: 0.0962
2026-05-03 01:52:56,158 - mmdet - INFO - Iter [24750/120000]	lr: 1.000e-04, eta: 1 day, 7:59:46, time: 1.109, data_time: 0.012, memory: 37111, loss_mask: 0.0697, loss_texture: 0.0293, iou: 0.8524, loss: 0.0990
2026-05-03 01:53:23,911 - mmdet - INFO - Iter [24775/120000]	lr: 1.000e-04, eta: 1 day, 7:59:06, time: 1.110, data_time: 0.012, memory: 37111, loss_mask: 0.0675, loss_texture: 0.0283, iou: 0.8774, loss: 0.0958
2026-05-03 01:53:51,755 - mmdet - INFO - Iter [24800/120000]	lr: 1.000e-04, eta: 1 day, 7:58:27, time: 1.114, data_time: 0.012, memory: 37111, loss_mask: 0.0673, loss_texture: 0.0288, iou: 0.8747, loss: 0.0962
2026-05-03 01:54:19,502 - mmdet - INFO - Iter [24825/120000]	lr: 1.000e-04, eta: 1 day, 7:57:47, time: 1.110, data_time: 0.012, memory: 37111, loss_mask: 0.0653, loss_texture: 0.0291, iou: 0.8901, loss: 0.0944
2026-05-03 01:54:47,263 - mmdet - INFO - Iter [24850/120000]	lr: 1.000e-04, eta: 1 day, 7:57:07, time: 1.110, data_time: 0.012, memory: 37111, loss_mask: 0.1169, loss_texture: 0.0366, iou: 0.8267, loss: 0.1535
2026-05-03 01:55:14,883 - mmdet - INFO - Iter [24875/120000]	lr: 1.000e-04, eta: 1 day, 7:56:27, time: 1.105, data_time: 0.012, memory: 37111, loss_mask: 0.0873, loss_texture: 0.0334, iou: 0.8501, loss: 0.1206
2026-05-03 01:55:42,527 - mmdet - INFO - Iter [24900/120000]	lr: 1.000e-04, eta: 1 day, 7:55:47, time: 1.106, data_time: 0.012, memory: 37111, loss_mask: 0.0737, loss_texture: 0.0305, iou: 0.8582, loss: 0.1042
2026-05-03 01:56:10,201 - mmdet - INFO - Iter [24925/120000]	lr: 1.000e-04, eta: 1 day, 7:55:07, time: 1.107, data_time: 0.012, memory: 37111, loss_mask: 0.0769, loss_texture: 0.0319, iou: 0.8521, loss: 0.1087
2026-05-03 01:56:37,906 - mmdet - INFO - Iter [24950/120000]	lr: 1.000e-04, eta: 1 day, 7:54:28, time: 1.108, data_time: 0.012, memory: 37111, loss_mask: 0.0586, loss_texture: 0.0260, iou: 0.8782, loss: 0.0846
2026-05-03 01:57:05,571 - mmdet - INFO - Iter [24975/120000]	lr: 1.000e-04, eta: 1 day, 7:53:48, time: 1.107, data_time: 0.012, memory: 37111, loss_mask: 0.0663, loss_texture: 0.0292, iou: 0.8773, loss: 0.0954
2026-05-03 01:57:33,240 - mmdet - INFO - 
--- Val evaluation at iter 25000 ---
2026-05-03 01:58:22,636 - mmdet - INFO - 
+------------+-------------+-------------+
| Class      | Val IoU     | Pseudo IoU  |
+------------+-------------+-------------+
| background | 91.96       | 92.68       |
| building   | 64.98       | 69.14       |
| Summary    | mIoU: 78.47 | mIoU: 80.91 |
+------------+-------------+-------------+
Images evaluated: 218
2026-05-03 01:58:24,019 - mmdet - INFO - Exp name: exp8_all.py
2026-05-03 01:58:24,019 - mmdet - INFO - Iter [25000/120000]	lr: 1.000e-04, eta: 1 day, 7:53:08, time: 1.107, data_time: 0.012, memory: 37111, val/mIoU: 0.7847, val/IoU.building: 0.6498, val/IoU.background: 0.9196, val/Pseudo_mIoU: 0.8091, loss_mask: 0.0665, loss_texture: 0.0297, iou: 0.8633, loss: 0.0962
2026-05-03 01:58:51,575 - mmdet - INFO - Iter [25025/120000]	lr: 1.000e-04, eta: 1 day, 7:55:40, time: 3.133, data_time: 2.044, memory: 37111, loss_mask: 0.0643, loss_texture: 0.0284, iou: 0.8719, loss: 0.0927
2026-05-03 01:59:19,228 - mmdet - INFO - Iter [25050/120000]	lr: 1.000e-04, eta: 1 day, 7:55:00, time: 1.106, data_time: 0.012, memory: 37111, loss_mask: 0.0707, loss_texture: 0.0307, iou: 0.8841, loss: 0.1015
2026-05-03 01:59:46,726 - mmdet - INFO - Iter [25075/120000]	lr: 1.000e-04, eta: 1 day, 7:54:19, time: 1.100, data_time: 0.012, memory: 37111, loss_mask: 0.0709, loss_texture: 0.0309, iou: 0.8642, loss: 0.1018
2026-05-03 02:00:14,418 - mmdet - INFO - Iter [25100/120000]	lr: 1.000e-04, eta: 1 day, 7:53:39, time: 1.108, data_time: 0.012, memory: 37111, loss_mask: 0.0662, loss_texture: 0.0292, iou: 0.8843, loss: 0.0953
2026-05-03 02:00:42,032 - mmdet - INFO - Iter [25125/120000]	lr: 1.000e-04, eta: 1 day, 7:52:59, time: 1.105, data_time: 0.012, memory: 37111, loss_mask: 0.0692, loss_texture: 0.0305, iou: 0.8642, loss: 0.0996
2026-05-03 02:01:09,567 - mmdet - INFO - Iter [25150/120000]	lr: 1.000e-04, eta: 1 day, 7:52:19, time: 1.101, data_time: 0.012, memory: 37111, loss_mask: 0.0633, loss_texture: 0.0277, iou: 0.8582, loss: 0.0910
2026-05-03 02:01:37,302 - mmdet - INFO - Iter [25175/120000]	lr: 1.000e-04, eta: 1 day, 7:51:39, time: 1.109, data_time: 0.012, memory: 37111, loss_mask: 0.0675, loss_texture: 0.0291, iou: 0.8724, loss: 0.0966
2026-05-03 02:02:04,921 - mmdet - INFO - Iter [25200/120000]	lr: 1.000e-04, eta: 1 day, 7:50:59, time: 1.105, data_time: 0.012, memory: 37111, loss_mask: 0.0700, loss_texture: 0.0309, iou: 0.8902, loss: 0.1008
2026-05-03 02:02:32,545 - mmdet - INFO - Iter [25225/120000]	lr: 1.000e-04, eta: 1 day, 7:50:19, time: 1.105, data_time: 0.012, memory: 37111, loss_mask: 0.0558, loss_texture: 0.0254, iou: 0.8889, loss: 0.0812
2026-05-03 02:03:00,146 - mmdet - INFO - Iter [25250/120000]	lr: 1.000e-04, eta: 1 day, 7:49:39, time: 1.104, data_time: 0.012, memory: 37111, loss_mask: 0.0615, loss_texture: 0.0271, iou: 0.8664, loss: 0.0886
2026-05-03 02:03:27,707 - mmdet - INFO - Iter [25275/120000]	lr: 1.000e-04, eta: 1 day, 7:48:59, time: 1.102, data_time: 0.012, memory: 37111, loss_mask: 0.0623, loss_texture: 0.0280, iou: 0.8734, loss: 0.0903
2026-05-03 02:03:55,442 - mmdet - INFO - Iter [25300/120000]	lr: 1.000e-04, eta: 1 day, 7:48:19, time: 1.109, data_time: 0.012, memory: 37111, loss_mask: 0.0621, loss_texture: 0.0273, iou: 0.8713, loss: 0.0895
2026-05-03 02:04:23,116 - mmdet - INFO - Iter [25325/120000]	lr: 1.000e-04, eta: 1 day, 7:47:39, time: 1.107, data_time: 0.012, memory: 37111, loss_mask: 0.0659, loss_texture: 0.0291, iou: 0.8654, loss: 0.0949
2026-05-03 02:04:50,709 - mmdet - INFO - Iter [25350/120000]	lr: 1.000e-04, eta: 1 day, 7:46:59, time: 1.104, data_time: 0.012, memory: 37111, loss_mask: 0.0687, loss_texture: 0.0308, iou: 0.8894, loss: 0.0995
2026-05-03 02:05:18,337 - mmdet - INFO - Iter [25375/120000]	lr: 1.000e-04, eta: 1 day, 7:46:19, time: 1.105, data_time: 0.012, memory: 37111, loss_mask: 0.0661, loss_texture: 0.0291, iou: 0.8897, loss: 0.0952
2026-05-03 02:05:45,922 - mmdet - INFO - Iter [25400/120000]	lr: 1.000e-04, eta: 1 day, 7:45:39, time: 1.103, data_time: 0.012, memory: 37111, loss_mask: 0.0918, loss_texture: 0.0322, iou: 0.8343, loss: 0.1240
2026-05-03 02:06:13,495 - mmdet - INFO - Iter [25425/120000]	lr: 1.000e-04, eta: 1 day, 7:44:59, time: 1.103, data_time: 0.012, memory: 37111, loss_mask: 0.1017, loss_texture: 0.0350, iou: 0.8343, loss: 0.1367
2026-05-03 02:06:41,027 - mmdet - INFO - Iter [25450/120000]	lr: 1.000e-04, eta: 1 day, 7:44:19, time: 1.101, data_time: 0.012, memory: 37111, loss_mask: 0.0771, loss_texture: 0.0310, iou: 0.8461, loss: 0.1081
2026-05-03 02:07:08,563 - mmdet - INFO - Iter [25475/120000]	lr: 1.000e-04, eta: 1 day, 7:43:39, time: 1.101, data_time: 0.012, memory: 37111, loss_mask: 0.1487, loss_texture: 0.0377, iou: 0.7875, loss: 0.1864
2026-05-03 02:07:36,250 - mmdet - INFO - 
--- Val evaluation at iter 25500 ---
2026-05-03 02:08:25,340 - mmdet - INFO - 
+------------+-------------+-------------+
| Class      | Val IoU     | Pseudo IoU  |
+------------+-------------+-------------+
| background | 91.04       | 92.68       |
| building   | 59.35       | 69.14       |
| Summary    | mIoU: 75.20 | mIoU: 80.91 |
+------------+-------------+-------------+
Images evaluated: 218
2026-05-03 02:08:26,720 - mmdet - INFO - Iter [25500/120000]	lr: 1.000e-04, eta: 1 day, 7:42:59, time: 1.107, data_time: 0.012, memory: 37111, val/mIoU: 0.7520, val/IoU.building: 0.5935, val/IoU.background: 0.9104, val/Pseudo_mIoU: 0.8091, loss_mask: 0.1303, loss_texture: 0.0397, iou: 0.8056, loss: 0.1700
2026-05-03 02:08:54,335 - mmdet - INFO - Iter [25525/120000]	lr: 1.000e-04, eta: 1 day, 7:45:26, time: 3.123, data_time: 2.032, memory: 37111, loss_mask: 0.0911, loss_texture: 0.0345, iou: 0.8494, loss: 0.1256
2026-05-03 02:09:22,064 - mmdet - INFO - Iter [25550/120000]	lr: 1.000e-04, eta: 1 day, 7:44:47, time: 1.109, data_time: 0.012, memory: 37111, loss_mask: 0.0845, loss_texture: 0.0318, iou: 0.8732, loss: 0.1163
2026-05-03 02:09:49,699 - mmdet - INFO - Iter [25575/120000]	lr: 1.000e-04, eta: 1 day, 7:44:07, time: 1.105, data_time: 0.012, memory: 37111, loss_mask: 0.0764, loss_texture: 0.0310, iou: 0.8587, loss: 0.1073
2026-05-03 02:10:17,353 - mmdet - INFO - Iter [25600/120000]	lr: 1.000e-04, eta: 1 day, 7:43:27, time: 1.106, data_time: 0.012, memory: 37111, loss_mask: 0.0775, loss_texture: 0.0318, iou: 0.8705, loss: 0.1093
2026-05-03 02:10:44,999 - mmdet - INFO - Iter [25625/120000]	lr: 1.000e-04, eta: 1 day, 7:42:47, time: 1.106, data_time: 0.012, memory: 37111, loss_mask: 0.0808, loss_texture: 0.0322, iou: 0.8381, loss: 0.1131
2026-05-03 02:11:12,664 - mmdet - INFO - Iter [25650/120000]	lr: 1.000e-04, eta: 1 day, 7:42:08, time: 1.107, data_time: 0.012, memory: 37111, loss_mask: 0.0823, loss_texture: 0.0320, iou: 0.8674, loss: 0.1143
2026-05-03 02:11:40,233 - mmdet - INFO - Iter [25675/120000]	lr: 1.000e-04, eta: 1 day, 7:41:27, time: 1.103, data_time: 0.012, memory: 37111, loss_mask: 0.0697, loss_texture: 0.0281, iou: 0.8529, loss: 0.0979
2026-05-03 02:12:07,973 - mmdet - INFO - Iter [25700/120000]	lr: 1.000e-04, eta: 1 day, 7:40:48, time: 1.110, data_time: 0.012, memory: 37111, loss_mask: 0.0752, loss_texture: 0.0312, iou: 0.8608, loss: 0.1063
2026-05-03 02:12:35,674 - mmdet - INFO - Iter [25725/120000]	lr: 1.000e-04, eta: 1 day, 7:40:09, time: 1.108, data_time: 0.012, memory: 37111, loss_mask: 0.0736, loss_texture: 0.0318, iou: 0.8659, loss: 0.1054
2026-05-03 02:13:03,320 - mmdet - INFO - Iter [25750/120000]	lr: 1.000e-04, eta: 1 day, 7:39:29, time: 1.106, data_time: 0.012, memory: 37111, loss_mask: 0.0575, loss_texture: 0.0249, iou: 0.8876, loss: 0.0824
2026-05-03 02:13:31,073 - mmdet - INFO - Iter [25775/120000]	lr: 1.000e-04, eta: 1 day, 7:38:50, time: 1.110, data_time: 0.012, memory: 37111, loss_mask: 0.0693, loss_texture: 0.0302, iou: 0.8798, loss: 0.0995
2026-05-03 02:13:58,777 - mmdet - INFO - Iter [25800/120000]	lr: 1.000e-04, eta: 1 day, 7:38:10, time: 1.108, data_time: 0.012, memory: 37111, loss_mask: 0.0588, loss_texture: 0.0264, iou: 0.8783, loss: 0.0851
2026-05-03 02:14:26,407 - mmdet - INFO - Iter [25825/120000]	lr: 1.000e-04, eta: 1 day, 7:37:30, time: 1.105, data_time: 0.012, memory: 37111, loss_mask: 0.0600, loss_texture: 0.0269, iou: 0.8770, loss: 0.0869
2026-05-03 02:14:54,066 - mmdet - INFO - Iter [25850/120000]	lr: 1.000e-04, eta: 1 day, 7:36:51, time: 1.106, data_time: 0.012, memory: 37111, loss_mask: 0.0653, loss_texture: 0.0295, iou: 0.8719, loss: 0.0949
2026-05-03 02:15:21,546 - mmdet - INFO - Iter [25875/120000]	lr: 1.000e-04, eta: 1 day, 7:36:11, time: 1.099, data_time: 0.012, memory: 37111, loss_mask: 0.0593, loss_texture: 0.0256, iou: 0.8901, loss: 0.0849
2026-05-03 02:15:49,204 - mmdet - INFO - Iter [25900/120000]	lr: 1.000e-04, eta: 1 day, 7:35:31, time: 1.106, data_time: 0.012, memory: 37111, loss_mask: 0.0800, loss_texture: 0.0325, iou: 0.8675, loss: 0.1124
2026-05-03 02:16:16,870 - mmdet - INFO - Iter [25925/120000]	lr: 1.000e-04, eta: 1 day, 7:34:52, time: 1.107, data_time: 0.013, memory: 37111, loss_mask: 0.0646, loss_texture: 0.0288, iou: 0.8501, loss: 0.0934
2026-05-03 02:16:44,491 - mmdet - INFO - Iter [25950/120000]	lr: 1.000e-04, eta: 1 day, 7:34:12, time: 1.105, data_time: 0.012, memory: 37111, loss_mask: 0.0687, loss_texture: 0.0300, iou: 0.8663, loss: 0.0987
2026-05-03 02:17:12,066 - mmdet - INFO - Iter [25975/120000]	lr: 1.000e-04, eta: 1 day, 7:33:32, time: 1.103, data_time: 0.012, memory: 37111, loss_mask: 0.0621, loss_texture: 0.0269, iou: 0.8787, loss: 0.0890
2026-05-03 02:17:39,821 - mmdet - INFO - 
--- Val evaluation at iter 26000 ---
2026-05-03 02:18:29,218 - mmdet - INFO - 
+------------+-------------+-------------+
| Class      | Val IoU     | Pseudo IoU  |
+------------+-------------+-------------+
| background | 92.15       | 92.68       |
| building   | 65.80       | 69.14       |
| Summary    | mIoU: 78.97 | mIoU: 80.91 |
+------------+-------------+-------------+
Images evaluated: 218
2026-05-03 02:18:30,596 - mmdet - INFO - Exp name: exp8_all.py
2026-05-03 02:18:30,596 - mmdet - INFO - Iter [26000/120000]	lr: 1.000e-04, eta: 1 day, 7:32:53, time: 1.110, data_time: 0.012, memory: 37111, val/mIoU: 0.7897, val/IoU.building: 0.6580, val/IoU.background: 0.9215, val/Pseudo_mIoU: 0.8091, loss_mask: 0.0670, loss_texture: 0.0295, iou: 0.8876, loss: 0.0965
2026-05-03 02:18:58,494 - mmdet - INFO - Iter [26025/120000]	lr: 1.000e-04, eta: 1 day, 7:35:18, time: 3.147, data_time: 2.045, memory: 37111, loss_mask: 0.0726, loss_texture: 0.0314, iou: 0.8868, loss: 0.1040
2026-05-03 02:19:26,217 - mmdet - INFO - Iter [26050/120000]	lr: 1.000e-04, eta: 1 day, 7:34:39, time: 1.109, data_time: 0.012, memory: 37111, loss_mask: 0.0626, loss_texture: 0.0276, iou: 0.8525, loss: 0.0902
2026-05-03 02:19:53,814 - mmdet - INFO - Iter [26075/120000]	lr: 1.000e-04, eta: 1 day, 7:33:59, time: 1.104, data_time: 0.012, memory: 37111, loss_mask: 0.0642, loss_texture: 0.0274, iou: 0.8731, loss: 0.0915
2026-05-03 02:20:21,412 - mmdet - INFO - Iter [26100/120000]	lr: 1.000e-04, eta: 1 day, 7:33:19, time: 1.104, data_time: 0.012, memory: 37111, loss_mask: 0.0555, loss_texture: 0.0253, iou: 0.8755, loss: 0.0808
2026-05-03 02:20:49,307 - mmdet - INFO - Iter [26125/120000]	lr: 1.000e-04, eta: 1 day, 7:32:40, time: 1.116, data_time: 0.012, memory: 37111, loss_mask: 0.0691, loss_texture: 0.0306, iou: 0.8787, loss: 0.0998
2026-05-03 02:21:17,094 - mmdet - INFO - Iter [26150/120000]	lr: 1.000e-04, eta: 1 day, 7:32:01, time: 1.112, data_time: 0.012, memory: 37111, loss_mask: 0.0626, loss_texture: 0.0284, iou: 0.8738, loss: 0.0910
2026-05-03 02:21:44,971 - mmdet - INFO - Iter [26175/120000]	lr: 1.000e-04, eta: 1 day, 7:31:23, time: 1.115, data_time: 0.012, memory: 37111, loss_mask: 0.0657, loss_texture: 0.0296, iou: 0.8502, loss: 0.0953
2026-05-03 02:22:12,633 - mmdet - INFO - Iter [26200/120000]	lr: 1.000e-04, eta: 1 day, 7:30:43, time: 1.106, data_time: 0.012, memory: 37111, loss_mask: 0.0573, loss_texture: 0.0253, iou: 0.8973, loss: 0.0826
2026-05-03 02:22:40,446 - mmdet - INFO - Iter [26225/120000]	lr: 1.000e-04, eta: 1 day, 7:30:04, time: 1.113, data_time: 0.012, memory: 37111, loss_mask: 0.0594, loss_texture: 0.0270, iou: 0.8901, loss: 0.0864
2026-05-03 02:23:08,302 - mmdet - INFO - Iter [26250/120000]	lr: 1.000e-04, eta: 1 day, 7:29:26, time: 1.114, data_time: 0.012, memory: 37111, loss_mask: 0.0677, loss_texture: 0.0305, iou: 0.8712, loss: 0.0982
2026-05-03 02:23:35,850 - mmdet - INFO - Iter [26275/120000]	lr: 1.000e-04, eta: 1 day, 7:28:46, time: 1.102, data_time: 0.012, memory: 37111, loss_mask: 0.0525, loss_texture: 0.0239, iou: 0.8880, loss: 0.0764
2026-05-03 02:24:03,457 - mmdet - INFO - Iter [26300/120000]	lr: 1.000e-04, eta: 1 day, 7:28:06, time: 1.104, data_time: 0.012, memory: 37111, loss_mask: 0.0580, loss_texture: 0.0267, iou: 0.8927, loss: 0.0846
2026-05-03 02:24:31,267 - mmdet - INFO - Iter [26325/120000]	lr: 1.000e-04, eta: 1 day, 7:27:27, time: 1.112, data_time: 0.012, memory: 37111, loss_mask: 0.0679, loss_texture: 0.0306, iou: 0.8863, loss: 0.0985
2026-05-03 02:24:59,130 - mmdet - INFO - Iter [26350/120000]	lr: 1.000e-04, eta: 1 day, 7:26:49, time: 1.115, data_time: 0.012, memory: 37111, loss_mask: 0.0730, loss_texture: 0.0323, iou: 0.8848, loss: 0.1054
2026-05-03 02:25:26,994 - mmdet - INFO - Iter [26375/120000]	lr: 1.000e-04, eta: 1 day, 7:26:10, time: 1.115, data_time: 0.012, memory: 37111, loss_mask: 0.0616, loss_texture: 0.0282, iou: 0.8735, loss: 0.0898
2026-05-03 02:25:54,739 - mmdet - INFO - Iter [26400/120000]	lr: 1.000e-04, eta: 1 day, 7:25:31, time: 1.110, data_time: 0.012, memory: 37111, loss_mask: 0.0646, loss_texture: 0.0291, iou: 0.8656, loss: 0.0937
2026-05-03 02:26:22,568 - mmdet - INFO - Iter [26425/120000]	lr: 1.000e-04, eta: 1 day, 7:24:52, time: 1.113, data_time: 0.013, memory: 37111, loss_mask: 0.0622, loss_texture: 0.0283, iou: 0.8731, loss: 0.0905
2026-05-03 02:26:50,310 - mmdet - INFO - Iter [26450/120000]	lr: 1.000e-04, eta: 1 day, 7:24:14, time: 1.110, data_time: 0.012, memory: 37111, loss_mask: 0.0653, loss_texture: 0.0288, iou: 0.8636, loss: 0.0941
2026-05-03 02:27:18,043 - mmdet - INFO - Iter [26475/120000]	lr: 1.000e-04, eta: 1 day, 7:23:35, time: 1.109, data_time: 0.012, memory: 37111, loss_mask: 0.0688, loss_texture: 0.0305, iou: 0.8799, loss: 0.0993
2026-05-03 02:27:45,762 - mmdet - INFO - 
--- Val evaluation at iter 26500 ---
2026-05-03 02:28:35,195 - mmdet - INFO - 
+------------+-------------+-------------+
| Class      | Val IoU     | Pseudo IoU  |
+------------+-------------+-------------+
| background | 92.28       | 92.68       |
| building   | 66.81       | 69.14       |
| Summary    | mIoU: 79.55 | mIoU: 80.91 |
+------------+-------------+-------------+
Images evaluated: 218
2026-05-03 02:28:36,586 - mmdet - INFO - Iter [26500/120000]	lr: 1.000e-04, eta: 1 day, 7:22:56, time: 1.109, data_time: 0.012, memory: 37111, val/mIoU: 0.7955, val/IoU.building: 0.6681, val/IoU.background: 0.9228, val/Pseudo_mIoU: 0.8091, loss_mask: 0.0579, loss_texture: 0.0265, iou: 0.8834, loss: 0.0844
2026-05-03 02:29:04,473 - mmdet - INFO - Iter [26525/120000]	lr: 1.000e-04, eta: 1 day, 7:25:16, time: 3.148, data_time: 2.047, memory: 37111, loss_mask: 0.0699, loss_texture: 0.0313, iou: 0.8799, loss: 0.1012
2026-05-03 02:29:32,066 - mmdet - INFO - Iter [26550/120000]	lr: 1.000e-04, eta: 1 day, 7:24:37, time: 1.104, data_time: 0.012, memory: 37111, loss_mask: 0.0580, loss_texture: 0.0258, iou: 0.8679, loss: 0.0838
2026-05-03 02:29:59,852 - mmdet - INFO - Iter [26575/120000]	lr: 1.000e-04, eta: 1 day, 7:23:58, time: 1.111, data_time: 0.012, memory: 37111, loss_mask: 0.0690, loss_texture: 0.0300, iou: 0.8717, loss: 0.0990
2026-05-03 02:30:27,543 - mmdet - INFO - Iter [26600/120000]	lr: 1.000e-04, eta: 1 day, 7:23:18, time: 1.108, data_time: 0.012, memory: 37111, loss_mask: 0.0571, loss_texture: 0.0247, iou: 0.8796, loss: 0.0818
2026-05-03 02:30:55,338 - mmdet - INFO - Iter [26625/120000]	lr: 1.000e-04, eta: 1 day, 7:22:40, time: 1.112, data_time: 0.012, memory: 37111, loss_mask: 0.0576, loss_texture: 0.0264, iou: 0.8972, loss: 0.0840
2026-05-03 02:31:23,248 - mmdet - INFO - Iter [26650/120000]	lr: 1.000e-04, eta: 1 day, 7:22:01, time: 1.116, data_time: 0.012, memory: 37111, loss_mask: 0.0621, loss_texture: 0.0275, iou: 0.8766, loss: 0.0896
2026-05-03 02:31:50,941 - mmdet - INFO - Iter [26675/120000]	lr: 1.000e-04, eta: 1 day, 7:21:22, time: 1.108, data_time: 0.012, memory: 37111, loss_mask: 0.0585, loss_texture: 0.0257, iou: 0.8776, loss: 0.0842
2026-05-03 02:32:18,561 - mmdet - INFO - Iter [26700/120000]	lr: 1.000e-04, eta: 1 day, 7:20:43, time: 1.105, data_time: 0.012, memory: 37111, loss_mask: 0.0591, loss_texture: 0.0268, iou: 0.8770, loss: 0.0859
2026-05-03 02:32:46,293 - mmdet - INFO - Iter [26725/120000]	lr: 1.000e-04, eta: 1 day, 7:20:04, time: 1.109, data_time: 0.012, memory: 37111, loss_mask: 0.0592, loss_texture: 0.0269, iou: 0.8923, loss: 0.0861
2026-05-03 02:33:13,882 - mmdet - INFO - Iter [26750/120000]	lr: 1.000e-04, eta: 1 day, 7:19:24, time: 1.104, data_time: 0.012, memory: 37111, loss_mask: 0.0525, loss_texture: 0.0236, iou: 0.8769, loss: 0.0760
2026-05-03 02:33:41,474 - mmdet - INFO - Iter [26775/120000]	lr: 1.000e-04, eta: 1 day, 7:18:45, time: 1.104, data_time: 0.012, memory: 37111, loss_mask: 0.0632, loss_texture: 0.0281, iou: 0.9005, loss: 0.0912
2026-05-03 02:34:09,304 - mmdet - INFO - Iter [26800/120000]	lr: 1.000e-04, eta: 1 day, 7:18:06, time: 1.113, data_time: 0.012, memory: 37111, loss_mask: 0.0688, loss_texture: 0.0314, iou: 0.8724, loss: 0.1002
2026-05-03 02:34:37,182 - mmdet - INFO - Iter [26825/120000]	lr: 1.000e-04, eta: 1 day, 7:17:28, time: 1.115, data_time: 0.013, memory: 37111, loss_mask: 0.0574, loss_texture: 0.0262, iou: 0.8967, loss: 0.0836
2026-05-03 02:35:04,920 - mmdet - INFO - Iter [26850/120000]	lr: 1.000e-04, eta: 1 day, 7:16:49, time: 1.110, data_time: 0.012, memory: 37111, loss_mask: 0.0591, loss_texture: 0.0255, iou: 0.8709, loss: 0.0846
2026-05-03 02:35:32,762 - mmdet - INFO - Iter [26875/120000]	lr: 1.000e-04, eta: 1 day, 7:16:11, time: 1.114, data_time: 0.012, memory: 37111, loss_mask: 0.0704, loss_texture: 0.0315, iou: 0.8765, loss: 0.1019
2026-05-03 02:36:00,484 - mmdet - INFO - Iter [26900/120000]	lr: 1.000e-04, eta: 1 day, 7:15:32, time: 1.109, data_time: 0.012, memory: 37111, loss_mask: 0.0579, loss_texture: 0.0263, iou: 0.8892, loss: 0.0842
2026-05-03 02:36:28,269 - mmdet - INFO - Iter [26925/120000]	lr: 1.000e-04, eta: 1 day, 7:14:53, time: 1.111, data_time: 0.013, memory: 37111, loss_mask: 0.0700, loss_texture: 0.0308, iou: 0.8832, loss: 0.1008
2026-05-03 02:36:56,081 - mmdet - INFO - Iter [26950/120000]	lr: 1.000e-04, eta: 1 day, 7:14:15, time: 1.112, data_time: 0.012, memory: 37111, loss_mask: 0.0580, loss_texture: 0.0275, iou: 0.8773, loss: 0.0855
2026-05-03 02:37:23,834 - mmdet - INFO - Iter [26975/120000]	lr: 1.000e-04, eta: 1 day, 7:13:36, time: 1.110, data_time: 0.012, memory: 37111, loss_mask: 0.0585, loss_texture: 0.0265, iou: 0.8871, loss: 0.0850
2026-05-03 02:37:51,579 - mmdet - INFO - 
--- Val evaluation at iter 27000 ---
2026-05-03 02:38:40,571 - mmdet - INFO - 
+------------+-------------+-------------+
| Class      | Val IoU     | Pseudo IoU  |
+------------+-------------+-------------+
| background | 92.11       | 92.68       |
| building   | 65.72       | 69.14       |
| Summary    | mIoU: 78.91 | mIoU: 80.91 |
+------------+-------------+-------------+
Images evaluated: 218
2026-05-03 02:38:41,963 - mmdet - INFO - Exp name: exp8_all.py
2026-05-03 02:38:41,963 - mmdet - INFO - Iter [27000/120000]	lr: 1.000e-04, eta: 1 day, 7:12:57, time: 1.110, data_time: 0.012, memory: 37111, val/mIoU: 0.7891, val/IoU.building: 0.6572, val/IoU.background: 0.9211, val/Pseudo_mIoU: 0.8091, loss_mask: 0.0602, loss_texture: 0.0277, iou: 0.8807, loss: 0.0879
2026-05-03 02:39:09,601 - mmdet - INFO - Iter [27025/120000]	lr: 1.000e-04, eta: 1 day, 7:15:11, time: 3.121, data_time: 2.028, memory: 37111, loss_mask: 0.0584, loss_texture: 0.0259, iou: 0.8747, loss: 0.0843
2026-05-03 02:39:37,307 - mmdet - INFO - Iter [27050/120000]	lr: 1.000e-04, eta: 1 day, 7:14:32, time: 1.108, data_time: 0.012, memory: 37111, loss_mask: 0.0579, loss_texture: 0.0273, iou: 0.8816, loss: 0.0851
2026-05-03 02:40:04,904 - mmdet - INFO - Iter [27075/120000]	lr: 1.000e-04, eta: 1 day, 7:13:53, time: 1.104, data_time: 0.012, memory: 37111, loss_mask: 0.0642, loss_texture: 0.0282, iou: 0.8855, loss: 0.0924
2026-05-03 02:40:32,560 - mmdet - INFO - Iter [27100/120000]	lr: 1.000e-04, eta: 1 day, 7:13:14, time: 1.106, data_time: 0.012, memory: 37111, loss_mask: 0.0598, loss_texture: 0.0262, iou: 0.8849, loss: 0.0860
2026-05-03 02:41:00,254 - mmdet - INFO - Iter [27125/120000]	lr: 1.000e-04, eta: 1 day, 7:12:35, time: 1.108, data_time: 0.013, memory: 37111, loss_mask: 0.0622, loss_texture: 0.0275, iou: 0.8798, loss: 0.0896
2026-05-03 02:41:27,926 - mmdet - INFO - Iter [27150/120000]	lr: 1.000e-04, eta: 1 day, 7:11:56, time: 1.107, data_time: 0.012, memory: 37111, loss_mask: 0.0669, loss_texture: 0.0294, iou: 0.8787, loss: 0.0962
2026-05-03 02:41:55,644 - mmdet - INFO - Iter [27175/120000]	lr: 1.000e-04, eta: 1 day, 7:11:17, time: 1.109, data_time: 0.011, memory: 37111, loss_mask: 0.0605, loss_texture: 0.0268, iou: 0.9016, loss: 0.0873
2026-05-03 02:42:23,359 - mmdet - INFO - Iter [27200/120000]	lr: 1.000e-04, eta: 1 day, 7:10:38, time: 1.109, data_time: 0.012, memory: 37111, loss_mask: 0.0650, loss_texture: 0.0283, iou: 0.8466, loss: 0.0933
2026-05-03 02:42:51,245 - mmdet - INFO - Iter [27225/120000]	lr: 1.000e-04, eta: 1 day, 7:10:00, time: 1.115, data_time: 0.013, memory: 37111, loss_mask: 0.0688, loss_texture: 0.0307, iou: 0.8847, loss: 0.0995
2026-05-03 02:43:19,066 - mmdet - INFO - Iter [27250/120000]	lr: 1.000e-04, eta: 1 day, 7:09:21, time: 1.113, data_time: 0.012, memory: 37111, loss_mask: 0.0547, loss_texture: 0.0248, iou: 0.8726, loss: 0.0795
2026-05-03 02:43:46,704 - mmdet - INFO - Iter [27275/120000]	lr: 1.000e-04, eta: 1 day, 7:08:42, time: 1.106, data_time: 0.012, memory: 37111, loss_mask: 0.0584, loss_texture: 0.0273, iou: 0.8930, loss: 0.0858
2026-05-03 02:44:14,192 - mmdet - INFO - Iter [27300/120000]	lr: 1.000e-04, eta: 1 day, 7:08:03, time: 1.100, data_time: 0.011, memory: 37111, loss_mask: 0.0584, loss_texture: 0.0262, iou: 0.8879, loss: 0.0846
2026-05-03 02:44:41,881 - mmdet - INFO - Iter [27325/120000]	lr: 1.000e-04, eta: 1 day, 7:07:24, time: 1.108, data_time: 0.012, memory: 37111, loss_mask: 0.0658, loss_texture: 0.0286, iou: 0.8597, loss: 0.0944
2026-05-03 02:45:09,549 - mmdet - INFO - Iter [27350/120000]	lr: 1.000e-04, eta: 1 day, 7:06:45, time: 1.107, data_time: 0.011, memory: 37111, loss_mask: 0.0652, loss_texture: 0.0292, iou: 0.8924, loss: 0.0944
2026-05-03 02:45:37,248 - mmdet - INFO - Iter [27375/120000]	lr: 1.000e-04, eta: 1 day, 7:06:06, time: 1.108, data_time: 0.012, memory: 37111, loss_mask: 0.0560, loss_texture: 0.0256, iou: 0.8850, loss: 0.0815
2026-05-03 02:46:04,903 - mmdet - INFO - Iter [27400/120000]	lr: 1.000e-04, eta: 1 day, 7:05:27, time: 1.106, data_time: 0.012, memory: 37111, loss_mask: 0.0578, loss_texture: 0.0257, iou: 0.8800, loss: 0.0835
2026-05-03 02:46:32,596 - mmdet - INFO - Iter [27425/120000]	lr: 1.000e-04, eta: 1 day, 7:04:49, time: 1.108, data_time: 0.012, memory: 37111, loss_mask: 0.0831, loss_texture: 0.0336, iou: 0.8414, loss: 0.1167
2026-05-03 02:47:00,250 - mmdet - INFO - Iter [27450/120000]	lr: 1.000e-04, eta: 1 day, 7:04:10, time: 1.106, data_time: 0.012, memory: 37111, loss_mask: 0.1382, loss_texture: 0.0335, iou: 0.8229, loss: 0.1717
2026-05-03 02:47:27,923 - mmdet - INFO - Iter [27475/120000]	lr: 1.000e-04, eta: 1 day, 7:03:31, time: 1.107, data_time: 0.012, memory: 37111, loss_mask: 0.1346, loss_texture: 0.0402, iou: 0.7989, loss: 0.1748
2026-05-03 02:47:55,508 - mmdet - INFO - 
--- Val evaluation at iter 27500 ---
2026-05-03 02:48:44,070 - mmdet - INFO - 
+------------+-------------+-------------+
| Class      | Val IoU     | Pseudo IoU  |
+------------+-------------+-------------+
| background | 92.13       | 92.68       |
| building   | 66.47       | 69.14       |
| Summary    | mIoU: 79.30 | mIoU: 80.91 |
+------------+-------------+-------------+
Images evaluated: 218
2026-05-03 02:48:45,433 - mmdet - INFO - Iter [27500/120000]	lr: 1.000e-04, eta: 1 day, 7:02:52, time: 1.103, data_time: 0.011, memory: 37111, val/mIoU: 0.7930, val/IoU.building: 0.6647, val/IoU.background: 0.9213, val/Pseudo_mIoU: 0.8091, loss_mask: 0.0942, loss_texture: 0.0353, iou: 0.8532, loss: 0.1295
2026-05-03 02:49:13,318 - mmdet - INFO - Iter [27525/120000]	lr: 1.000e-04, eta: 1 day, 7:05:02, time: 3.112, data_time: 2.009, memory: 37111, loss_mask: 0.0975, loss_texture: 0.0343, iou: 0.8595, loss: 0.1318
2026-05-03 02:49:40,898 - mmdet - INFO - Iter [27550/120000]	lr: 1.000e-04, eta: 1 day, 7:04:23, time: 1.103, data_time: 0.012, memory: 37111, loss_mask: 0.0937, loss_texture: 0.0327, iou: 0.8320, loss: 0.1264
2026-05-03 02:50:08,649 - mmdet - INFO - Iter [27575/120000]	lr: 1.000e-04, eta: 1 day, 7:03:44, time: 1.110, data_time: 0.012, memory: 37111, loss_mask: 0.0825, loss_texture: 0.0325, iou: 0.8539, loss: 0.1149
2026-05-03 02:50:36,321 - mmdet - INFO - Iter [27600/120000]	lr: 1.000e-04, eta: 1 day, 7:03:05, time: 1.107, data_time: 0.012, memory: 37111, loss_mask: 0.0733, loss_texture: 0.0299, iou: 0.8545, loss: 0.1032
2026-05-03 02:51:04,118 - mmdet - INFO - Iter [27625/120000]	lr: 1.000e-04, eta: 1 day, 7:02:27, time: 1.112, data_time: 0.012, memory: 37111, loss_mask: 0.0760, loss_texture: 0.0295, iou: 0.8786, loss: 0.1056
2026-05-03 02:51:31,872 - mmdet - INFO - Iter [27650/120000]	lr: 1.000e-04, eta: 1 day, 7:01:48, time: 1.110, data_time: 0.012, memory: 37111, loss_mask: 0.0821, loss_texture: 0.0301, iou: 0.8528, loss: 0.1122
2026-05-03 02:51:59,616 - mmdet - INFO - Iter [27675/120000]	lr: 1.000e-04, eta: 1 day, 7:01:10, time: 1.110, data_time: 0.012, memory: 37111, loss_mask: 0.0671, loss_texture: 0.0300, iou: 0.8768, loss: 0.0971
2026-05-03 02:52:27,241 - mmdet - INFO - Iter [27700/120000]	lr: 1.000e-04, eta: 1 day, 7:00:31, time: 1.105, data_time: 0.011, memory: 37111, loss_mask: 0.0693, loss_texture: 0.0313, iou: 0.8755, loss: 0.1006
2026-05-03 02:52:54,840 - mmdet - INFO - Iter [27725/120000]	lr: 1.000e-04, eta: 1 day, 6:59:52, time: 1.104, data_time: 0.012, memory: 37111, loss_mask: 0.0620, loss_texture: 0.0275, iou: 0.8880, loss: 0.0895
2026-05-03 02:53:22,379 - mmdet - INFO - Iter [27750/120000]	lr: 1.000e-04, eta: 1 day, 6:59:12, time: 1.102, data_time: 0.012, memory: 37111, loss_mask: 0.0639, loss_texture: 0.0278, iou: 0.8661, loss: 0.0917
2026-05-03 02:53:50,068 - mmdet - INFO - Iter [27775/120000]	lr: 1.000e-04, eta: 1 day, 6:58:34, time: 1.108, data_time: 0.012, memory: 37111, loss_mask: 0.0670, loss_texture: 0.0291, iou: 0.8724, loss: 0.0961
2026-05-03 02:54:17,788 - mmdet - INFO - Iter [27800/120000]	lr: 1.000e-04, eta: 1 day, 6:57:55, time: 1.109, data_time: 0.012, memory: 37111, loss_mask: 0.0696, loss_texture: 0.0311, iou: 0.8746, loss: 0.1007
2026-05-03 02:54:45,617 - mmdet - INFO - Iter [27825/120000]	lr: 1.000e-04, eta: 1 day, 6:57:17, time: 1.113, data_time: 0.012, memory: 37111, loss_mask: 0.0560, loss_texture: 0.0248, iou: 0.8709, loss: 0.0808
2026-05-03 02:55:13,350 - mmdet - INFO - Iter [27850/120000]	lr: 1.000e-04, eta: 1 day, 6:56:39, time: 1.109, data_time: 0.012, memory: 37111, loss_mask: 0.0604, loss_texture: 0.0263, iou: 0.8797, loss: 0.0867
2026-05-03 02:55:41,231 - mmdet - INFO - Iter [27875/120000]	lr: 1.000e-04, eta: 1 day, 6:56:01, time: 1.115, data_time: 0.012, memory: 37111, loss_mask: 0.0695, loss_texture: 0.0306, iou: 0.8709, loss: 0.1001
2026-05-03 02:56:08,901 - mmdet - INFO - Iter [27900/120000]	lr: 1.000e-04, eta: 1 day, 6:55:22, time: 1.107, data_time: 0.011, memory: 37111, loss_mask: 0.0620, loss_texture: 0.0276, iou: 0.8844, loss: 0.0896
2026-05-03 02:56:36,632 - mmdet - INFO - Iter [27925/120000]	lr: 1.000e-04, eta: 1 day, 6:54:43, time: 1.109, data_time: 0.012, memory: 37111, loss_mask: 0.0804, loss_texture: 0.0357, iou: 0.8708, loss: 0.1161
2026-05-03 02:57:04,298 - mmdet - INFO - Iter [27950/120000]	lr: 1.000e-04, eta: 1 day, 6:54:05, time: 1.107, data_time: 0.012, memory: 37111, loss_mask: 0.0580, loss_texture: 0.0257, iou: 0.8676, loss: 0.0837
2026-05-03 02:57:31,862 - mmdet - INFO - Iter [27975/120000]	lr: 1.000e-04, eta: 1 day, 6:53:26, time: 1.103, data_time: 0.012, memory: 37111, loss_mask: 0.0593, loss_texture: 0.0266, iou: 0.8746, loss: 0.0860
2026-05-03 02:57:59,599 - mmdet - INFO - 
--- Val evaluation at iter 28000 ---
2026-05-03 02:58:48,359 - mmdet - INFO - 
+------------+-------------+-------------+
| Class      | Val IoU     | Pseudo IoU  |
+------------+-------------+-------------+
| background | 91.96       | 92.68       |
| building   | 64.76       | 69.14       |
| Summary    | mIoU: 78.36 | mIoU: 80.91 |
+------------+-------------+-------------+
Images evaluated: 218
2026-05-03 02:58:49,761 - mmdet - INFO - Exp name: exp8_all.py
2026-05-03 02:58:49,761 - mmdet - INFO - Iter [28000/120000]	lr: 1.000e-04, eta: 1 day, 6:52:48, time: 1.110, data_time: 0.011, memory: 37111, val/mIoU: 0.7836, val/IoU.building: 0.6476, val/IoU.background: 0.9196, val/Pseudo_mIoU: 0.8091, loss_mask: 0.0600, loss_texture: 0.0272, iou: 0.8899, loss: 0.0872
2026-05-03 02:59:17,513 - mmdet - INFO - Iter [28025/120000]	lr: 1.000e-04, eta: 1 day, 6:54:54, time: 3.117, data_time: 2.019, memory: 37111, loss_mask: 0.0589, loss_texture: 0.0270, iou: 0.8752, loss: 0.0858
2026-05-03 02:59:45,403 - mmdet - INFO - Iter [28050/120000]	lr: 1.000e-04, eta: 1 day, 6:54:16, time: 1.116, data_time: 0.012, memory: 37111, loss_mask: 0.0587, loss_texture: 0.0267, iou: 0.8899, loss: 0.0854
2026-05-03 03:00:13,216 - mmdet - INFO - Iter [28075/120000]	lr: 1.000e-04, eta: 1 day, 6:53:38, time: 1.113, data_time: 0.012, memory: 37111, loss_mask: 0.0567, loss_texture: 0.0252, iou: 0.8866, loss: 0.0819
2026-05-03 03:00:40,974 - mmdet - INFO - Iter [28100/120000]	lr: 1.000e-04, eta: 1 day, 6:52:59, time: 1.110, data_time: 0.012, memory: 37111, loss_mask: 0.0674, loss_texture: 0.0306, iou: 0.8804, loss: 0.0979
2026-05-03 03:01:08,549 - mmdet - INFO - Iter [28125/120000]	lr: 1.000e-04, eta: 1 day, 6:52:20, time: 1.103, data_time: 0.012, memory: 37111, loss_mask: 0.0677, loss_texture: 0.0306, iou: 0.8778, loss: 0.0983
2026-05-03 03:01:36,195 - mmdet - INFO - Iter [28150/120000]	lr: 1.000e-04, eta: 1 day, 6:51:42, time: 1.106, data_time: 0.012, memory: 37111, loss_mask: 0.0634, loss_texture: 0.0286, iou: 0.8870, loss: 0.0920
2026-05-03 03:02:03,927 - mmdet - INFO - Iter [28175/120000]	lr: 1.000e-04, eta: 1 day, 6:51:03, time: 1.109, data_time: 0.012, memory: 37111, loss_mask: 0.0656, loss_texture: 0.0284, iou: 0.8581, loss: 0.0940
2026-05-03 03:02:31,592 - mmdet - INFO - Iter [28200/120000]	lr: 1.000e-04, eta: 1 day, 6:50:25, time: 1.107, data_time: 0.012, memory: 37111, loss_mask: 0.0582, loss_texture: 0.0264, iou: 0.8952, loss: 0.0846
2026-05-03 03:02:59,323 - mmdet - INFO - Iter [28225/120000]	lr: 1.000e-04, eta: 1 day, 6:49:46, time: 1.109, data_time: 0.012, memory: 37111, loss_mask: 0.0555, loss_texture: 0.0256, iou: 0.8977, loss: 0.0811
2026-05-03 03:03:27,168 - mmdet - INFO - Iter [28250/120000]	lr: 1.000e-04, eta: 1 day, 6:49:08, time: 1.114, data_time: 0.012, memory: 37111, loss_mask: 0.0644, loss_texture: 0.0299, iou: 0.8824, loss: 0.0943
2026-05-03 03:03:54,736 - mmdet - INFO - Iter [28275/120000]	lr: 1.000e-04, eta: 1 day, 6:48:29, time: 1.103, data_time: 0.012, memory: 37111, loss_mask: 0.0588, loss_texture: 0.0263, iou: 0.8816, loss: 0.0852
2026-05-03 03:04:22,278 - mmdet - INFO - Iter [28300/120000]	lr: 1.000e-04, eta: 1 day, 6:47:50, time: 1.102, data_time: 0.012, memory: 37111, loss_mask: 0.0627, loss_texture: 0.0277, iou: 0.8695, loss: 0.0904
2026-05-03 03:04:50,004 - mmdet - INFO - Iter [28325/120000]	lr: 1.000e-04, eta: 1 day, 6:47:12, time: 1.109, data_time: 0.012, memory: 37111, loss_mask: 0.0647, loss_texture: 0.0290, iou: 0.8795, loss: 0.0938
2026-05-03 03:05:17,749 - mmdet - INFO - Iter [28350/120000]	lr: 1.000e-04, eta: 1 day, 6:46:34, time: 1.110, data_time: 0.011, memory: 37111, loss_mask: 0.0664, loss_texture: 0.0291, iou: 0.9008, loss: 0.0954
2026-05-03 03:05:45,274 - mmdet - INFO - Iter [28375/120000]	lr: 1.000e-04, eta: 1 day, 6:45:55, time: 1.101, data_time: 0.012, memory: 37111, loss_mask: 0.0639, loss_texture: 0.0278, iou: 0.8847, loss: 0.0917
2026-05-03 03:06:13,162 - mmdet - INFO - Iter [28400/120000]	lr: 1.000e-04, eta: 1 day, 6:45:17, time: 1.115, data_time: 0.012, memory: 37111, loss_mask: 0.0635, loss_texture: 0.0273, iou: 0.8584, loss: 0.0909
2026-05-03 03:06:41,487 - mmdet - INFO - Iter [28425/120000]	lr: 1.000e-04, eta: 1 day, 6:44:41, time: 1.133, data_time: 0.013, memory: 37111, loss_mask: 0.0774, loss_texture: 0.0344, iou: 0.8687, loss: 0.1118
2026-05-03 03:07:09,212 - mmdet - INFO - Iter [28450/120000]	lr: 1.000e-04, eta: 1 day, 6:44:03, time: 1.109, data_time: 0.012, memory: 37111, loss_mask: 0.0576, loss_texture: 0.0259, iou: 0.8595, loss: 0.0835
2026-05-03 03:07:37,092 - mmdet - INFO - Iter [28475/120000]	lr: 1.000e-04, eta: 1 day, 6:43:25, time: 1.115, data_time: 0.012, memory: 37111, loss_mask: 0.0644, loss_texture: 0.0300, iou: 0.8789, loss: 0.0944
2026-05-03 03:08:04,727 - mmdet - INFO - 
--- Val evaluation at iter 28500 ---
2026-05-03 03:08:53,146 - mmdet - INFO - 
+------------+-------------+-------------+
| Class      | Val IoU     | Pseudo IoU  |
+------------+-------------+-------------+
| background | 92.36       | 92.68       |
| building   | 67.21       | 69.14       |
| Summary    | mIoU: 79.78 | mIoU: 80.91 |
+------------+-------------+-------------+
Images evaluated: 218
2026-05-03 03:08:54,558 - mmdet - INFO - Iter [28500/120000]	lr: 1.000e-04, eta: 1 day, 6:42:46, time: 1.105, data_time: 0.012, memory: 37111, val/mIoU: 0.7978, val/IoU.building: 0.6721, val/IoU.background: 0.9236, val/Pseudo_mIoU: 0.8091, loss_mask: 0.0534, loss_texture: 0.0243, iou: 0.8964, loss: 0.0777
2026-05-03 03:09:22,266 - mmdet - INFO - Iter [28525/120000]	lr: 1.000e-04, eta: 1 day, 6:44:48, time: 3.102, data_time: 2.005, memory: 37111, loss_mask: 0.0672, loss_texture: 0.0297, iou: 0.8699, loss: 0.0969
2026-05-03 03:09:49,960 - mmdet - INFO - Iter [28550/120000]	lr: 1.000e-04, eta: 1 day, 6:44:10, time: 1.108, data_time: 0.012, memory: 37111, loss_mask: 0.0666, loss_texture: 0.0301, iou: 0.8706, loss: 0.0967
2026-05-03 03:10:17,613 - mmdet - INFO - Iter [28575/120000]	lr: 1.000e-04, eta: 1 day, 6:43:31, time: 1.106, data_time: 0.012, memory: 37111, loss_mask: 0.0596, loss_texture: 0.0272, iou: 0.8822, loss: 0.0868
2026-05-03 03:10:45,200 - mmdet - INFO - Iter [28600/120000]	lr: 1.000e-04, eta: 1 day, 6:42:52, time: 1.103, data_time: 0.012, memory: 37111, loss_mask: 0.0576, loss_texture: 0.0254, iou: 0.8857, loss: 0.0830
2026-05-03 03:11:12,884 - mmdet - INFO - Iter [28625/120000]	lr: 1.000e-04, eta: 1 day, 6:42:14, time: 1.107, data_time: 0.012, memory: 37111, loss_mask: 0.0562, loss_texture: 0.0263, iou: 0.8798, loss: 0.0825
2026-05-03 03:11:40,541 - mmdet - INFO - Iter [28650/120000]	lr: 1.000e-04, eta: 1 day, 6:41:35, time: 1.106, data_time: 0.012, memory: 37111, loss_mask: 0.0667, loss_texture: 0.0292, iou: 0.8915, loss: 0.0959
2026-05-03 03:12:08,363 - mmdet - INFO - Iter [28675/120000]	lr: 1.000e-04, eta: 1 day, 6:40:57, time: 1.113, data_time: 0.012, memory: 37111, loss_mask: 0.0580, loss_texture: 0.0266, iou: 0.8615, loss: 0.0846
2026-05-03 03:12:36,027 - mmdet - INFO - Iter [28700/120000]	lr: 1.000e-04, eta: 1 day, 6:40:19, time: 1.107, data_time: 0.012, memory: 37111, loss_mask: 0.0594, loss_texture: 0.0283, iou: 0.8848, loss: 0.0876
2026-05-03 03:13:03,631 - mmdet - INFO - Iter [28725/120000]	lr: 1.000e-04, eta: 1 day, 6:39:40, time: 1.104, data_time: 0.012, memory: 37111, loss_mask: 0.0606, loss_texture: 0.0271, iou: 0.8760, loss: 0.0876
2026-05-03 03:13:31,393 - mmdet - INFO - Iter [28750/120000]	lr: 1.000e-04, eta: 1 day, 6:39:02, time: 1.110, data_time: 0.012, memory: 37111, loss_mask: 0.0619, loss_texture: 0.0282, iou: 0.8871, loss: 0.0900
2026-05-03 03:13:59,207 - mmdet - INFO - Iter [28775/120000]	lr: 1.000e-04, eta: 1 day, 6:38:24, time: 1.113, data_time: 0.012, memory: 37111, loss_mask: 0.0654, loss_texture: 0.0285, iou: 0.8790, loss: 0.0940
2026-05-03 03:14:26,789 - mmdet - INFO - Iter [28800/120000]	lr: 1.000e-04, eta: 1 day, 6:37:46, time: 1.103, data_time: 0.012, memory: 37111, loss_mask: 0.0596, loss_texture: 0.0277, iou: 0.8562, loss: 0.0873
2026-05-03 03:14:54,392 - mmdet - INFO - Iter [28825/120000]	lr: 1.000e-04, eta: 1 day, 6:37:07, time: 1.104, data_time: 0.012, memory: 37111, loss_mask: 0.0606, loss_texture: 0.0284, iou: 0.8843, loss: 0.0890
2026-05-03 03:15:21,970 - mmdet - INFO - Iter [28850/120000]	lr: 1.000e-04, eta: 1 day, 6:36:29, time: 1.103, data_time: 0.012, memory: 37111, loss_mask: 0.0593, loss_texture: 0.0268, iou: 0.8942, loss: 0.0861
2026-05-03 03:15:49,619 - mmdet - INFO - Iter [28875/120000]	lr: 1.000e-04, eta: 1 day, 6:35:50, time: 1.106, data_time: 0.012, memory: 37111, loss_mask: 0.0546, loss_texture: 0.0257, iou: 0.8911, loss: 0.0803
2026-05-03 03:16:17,347 - mmdet - INFO - Iter [28900/120000]	lr: 1.000e-04, eta: 1 day, 6:35:12, time: 1.109, data_time: 0.012, memory: 37111, loss_mask: 0.0580, loss_texture: 0.0267, iou: 0.8790, loss: 0.0847
2026-05-03 03:16:44,993 - mmdet - INFO - Iter [28925/120000]	lr: 1.000e-04, eta: 1 day, 6:34:34, time: 1.106, data_time: 0.012, memory: 37111, loss_mask: 0.0568, loss_texture: 0.0257, iou: 0.8778, loss: 0.0825
2026-05-03 03:17:12,623 - mmdet - INFO - Iter [28950/120000]	lr: 1.000e-04, eta: 1 day, 6:33:56, time: 1.105, data_time: 0.011, memory: 37111, loss_mask: 0.0662, loss_texture: 0.0289, iou: 0.8599, loss: 0.0951
2026-05-03 03:17:40,302 - mmdet - INFO - Iter [28975/120000]	lr: 1.000e-04, eta: 1 day, 6:33:18, time: 1.107, data_time: 0.012, memory: 37111, loss_mask: 0.0529, loss_texture: 0.0245, iou: 0.8870, loss: 0.0774
2026-05-03 03:18:08,111 - mmdet - INFO - 
--- Val evaluation at iter 29000 ---
2026-05-03 03:18:56,738 - mmdet - INFO - 
+------------+-------------+-------------+
| Class      | Val IoU     | Pseudo IoU  |
+------------+-------------+-------------+
| background | 92.47       | 92.68       |
| building   | 67.95       | 69.14       |
| Summary    | mIoU: 80.21 | mIoU: 80.91 |
+------------+-------------+-------------+
Images evaluated: 218
2026-05-03 03:18:58,112 - mmdet - INFO - Exp name: exp8_all.py
2026-05-03 03:18:58,112 - mmdet - INFO - Iter [29000/120000]	lr: 1.000e-04, eta: 1 day, 6:32:40, time: 1.112, data_time: 0.012, memory: 37111, val/mIoU: 0.8021, val/IoU.building: 0.6795, val/IoU.background: 0.9247, val/Pseudo_mIoU: 0.8091, loss_mask: 0.0562, loss_texture: 0.0255, iou: 0.8952, loss: 0.0816
2026-05-03 03:19:25,978 - mmdet - INFO - Iter [29025/120000]	lr: 1.000e-04, eta: 1 day, 6:34:39, time: 3.115, data_time: 2.012, memory: 37111, loss_mask: 0.0627, loss_texture: 0.0289, iou: 0.8755, loss: 0.0915
2026-05-03 03:19:53,653 - mmdet - INFO - Iter [29050/120000]	lr: 1.000e-04, eta: 1 day, 6:34:01, time: 1.107, data_time: 0.012, memory: 37111, loss_mask: 0.0547, loss_texture: 0.0252, iou: 0.8724, loss: 0.0798
2026-05-03 03:20:21,413 - mmdet - INFO - Iter [29075/120000]	lr: 1.000e-04, eta: 1 day, 6:33:23, time: 1.110, data_time: 0.012, memory: 37111, loss_mask: 0.0573, loss_texture: 0.0256, iou: 0.8636, loss: 0.0829
2026-05-03 03:20:49,172 - mmdet - INFO - Iter [29100/120000]	lr: 1.000e-04, eta: 1 day, 6:32:45, time: 1.110, data_time: 0.012, memory: 37111, loss_mask: 0.0588, loss_texture: 0.0279, iou: 0.9035, loss: 0.0866
2026-05-03 03:21:16,848 - mmdet - INFO - Iter [29125/120000]	lr: 1.000e-04, eta: 1 day, 6:32:06, time: 1.107, data_time: 0.012, memory: 37111, loss_mask: 0.0695, loss_texture: 0.0316, iou: 0.8771, loss: 0.1011
2026-05-03 03:21:44,333 - mmdet - INFO - Iter [29150/120000]	lr: 1.000e-04, eta: 1 day, 6:31:27, time: 1.099, data_time: 0.012, memory: 37111, loss_mask: 0.0519, loss_texture: 0.0233, iou: 0.8744, loss: 0.0751
2026-05-03 03:22:12,023 - mmdet - INFO - Iter [29175/120000]	lr: 1.000e-04, eta: 1 day, 6:30:49, time: 1.108, data_time: 0.012, memory: 37111, loss_mask: 0.0540, loss_texture: 0.0251, iou: 0.8953, loss: 0.0791
2026-05-03 03:22:39,721 - mmdet - INFO - Iter [29200/120000]	lr: 1.000e-04, eta: 1 day, 6:30:11, time: 1.108, data_time: 0.012, memory: 37111, loss_mask: 0.0550, loss_texture: 0.0254, iou: 0.8843, loss: 0.0804
2026-05-03 03:23:07,556 - mmdet - INFO - Iter [29225/120000]	lr: 1.000e-04, eta: 1 day, 6:29:33, time: 1.113, data_time: 0.012, memory: 37111, loss_mask: 0.0580, loss_texture: 0.0274, iou: 0.9005, loss: 0.0854
2026-05-03 03:23:35,345 - mmdet - INFO - Iter [29250/120000]	lr: 1.000e-04, eta: 1 day, 6:28:56, time: 1.112, data_time: 0.012, memory: 37111, loss_mask: 0.0628, loss_texture: 0.0265, iou: 0.8695, loss: 0.0892
2026-05-03 03:24:03,280 - mmdet - INFO - Iter [29275/120000]	lr: 1.000e-04, eta: 1 day, 6:28:18, time: 1.117, data_time: 0.012, memory: 37111, loss_mask: 0.0622, loss_texture: 0.0290, iou: 0.8893, loss: 0.0912
2026-05-03 03:24:31,221 - mmdet - INFO - Iter [29300/120000]	lr: 1.000e-04, eta: 1 day, 6:27:41, time: 1.118, data_time: 0.012, memory: 37111, loss_mask: 0.0688, loss_texture: 0.0310, iou: 0.8740, loss: 0.0999
2026-05-03 03:24:59,084 - mmdet - INFO - Iter [29325/120000]	lr: 1.000e-04, eta: 1 day, 6:27:03, time: 1.115, data_time: 0.012, memory: 37111, loss_mask: 0.0567, loss_texture: 0.0261, iou: 0.8745, loss: 0.0828
2026-05-03 03:25:26,707 - mmdet - INFO - Iter [29350/120000]	lr: 1.000e-04, eta: 1 day, 6:26:25, time: 1.105, data_time: 0.011, memory: 37111, loss_mask: 0.0578, loss_texture: 0.0259, iou: 0.8669, loss: 0.0837
2026-05-03 03:25:55,278 - mmdet - INFO - Iter [29375/120000]	lr: 1.000e-04, eta: 1 day, 6:25:50, time: 1.143, data_time: 0.013, memory: 37111, loss_mask: 0.0660, loss_texture: 0.0293, iou: 0.8741, loss: 0.0954
2026-05-03 03:26:23,200 - mmdet - INFO - Iter [29400/120000]	lr: 1.000e-04, eta: 1 day, 6:25:13, time: 1.117, data_time: 0.011, memory: 37111, loss_mask: 0.0671, loss_texture: 0.0303, iou: 0.8883, loss: 0.0974
2026-05-03 03:26:51,105 - mmdet - INFO - Iter [29425/120000]	lr: 1.000e-04, eta: 1 day, 6:24:35, time: 1.116, data_time: 0.012, memory: 37111, loss_mask: 0.0666, loss_texture: 0.0298, iou: 0.8797, loss: 0.0965
2026-05-03 03:27:19,036 - mmdet - INFO - Iter [29450/120000]	lr: 1.000e-04, eta: 1 day, 6:23:58, time: 1.117, data_time: 0.012, memory: 37111, loss_mask: 0.0555, loss_texture: 0.0259, iou: 0.9036, loss: 0.0814
2026-05-03 03:27:46,895 - mmdet - INFO - Iter [29475/120000]	lr: 1.000e-04, eta: 1 day, 6:23:21, time: 1.114, data_time: 0.012, memory: 37111, loss_mask: 0.0650, loss_texture: 0.0286, iou: 0.8848, loss: 0.0936
2026-05-03 03:28:14,722 - mmdet - INFO - 
--- Val evaluation at iter 29500 ---
2026-05-03 03:29:03,966 - mmdet - INFO - 
+------------+-------------+-------------+
| Class      | Val IoU     | Pseudo IoU  |
+------------+-------------+-------------+
| background | 92.04       | 92.68       |
| building   | 65.44       | 69.14       |
| Summary    | mIoU: 78.74 | mIoU: 80.91 |
+------------+-------------+-------------+
Images evaluated: 218
2026-05-03 03:29:05,371 - mmdet - INFO - Iter [29500/120000]	lr: 1.000e-04, eta: 1 day, 6:22:43, time: 1.113, data_time: 0.012, memory: 37111, val/mIoU: 0.7874, val/IoU.building: 0.6544, val/IoU.background: 0.9204, val/Pseudo_mIoU: 0.8091, loss_mask: 0.0622, loss_texture: 0.0282, iou: 0.8833, loss: 0.0904
2026-05-03 03:29:32,914 - mmdet - INFO - Iter [29525/120000]	lr: 1.000e-04, eta: 1 day, 6:24:40, time: 3.128, data_time: 2.038, memory: 37111, loss_mask: 0.0563, loss_texture: 0.0258, iou: 0.8746, loss: 0.0821
2026-05-03 03:30:00,529 - mmdet - INFO - Iter [29550/120000]	lr: 1.000e-04, eta: 1 day, 6:24:02, time: 1.105, data_time: 0.012, memory: 37111, loss_mask: 0.0702, loss_texture: 0.0307, iou: 0.8826, loss: 0.1009
2026-05-03 03:30:28,260 - mmdet - INFO - Iter [29575/120000]	lr: 1.000e-04, eta: 1 day, 6:23:24, time: 1.109, data_time: 0.012, memory: 37111, loss_mask: 0.0624, loss_texture: 0.0295, iou: 0.8963, loss: 0.0919
2026-05-03 03:30:55,950 - mmdet - INFO - Iter [29600/120000]	lr: 1.000e-04, eta: 1 day, 6:22:46, time: 1.108, data_time: 0.012, memory: 37111, loss_mask: 0.0556, loss_texture: 0.0254, iou: 0.8781, loss: 0.0810
2026-05-03 03:31:23,726 - mmdet - INFO - Iter [29625/120000]	lr: 1.000e-04, eta: 1 day, 6:22:08, time: 1.111, data_time: 0.012, memory: 37111, loss_mask: 0.0636, loss_texture: 0.0292, iou: 0.8878, loss: 0.0928
2026-05-03 03:31:51,541 - mmdet - INFO - Iter [29650/120000]	lr: 1.000e-04, eta: 1 day, 6:21:30, time: 1.113, data_time: 0.011, memory: 37111, loss_mask: 0.0642, loss_texture: 0.0264, iou: 0.8763, loss: 0.0907
2026-05-03 03:32:19,428 - mmdet - INFO - Iter [29675/120000]	lr: 1.000e-04, eta: 1 day, 6:20:53, time: 1.115, data_time: 0.012, memory: 37111, loss_mask: 0.1013, loss_texture: 0.0332, iou: 0.8490, loss: 0.1345
2026-05-03 03:32:47,257 - mmdet - INFO - Iter [29700/120000]	lr: 1.000e-04, eta: 1 day, 6:20:15, time: 1.113, data_time: 0.012, memory: 37111, loss_mask: 0.0869, loss_texture: 0.0320, iou: 0.8233, loss: 0.1189
2026-05-03 03:33:14,968 - mmdet - INFO - Iter [29725/120000]	lr: 1.000e-04, eta: 1 day, 6:19:37, time: 1.108, data_time: 0.012, memory: 37111, loss_mask: 0.0621, loss_texture: 0.0262, iou: 0.8813, loss: 0.0884
2026-05-03 03:33:42,728 - mmdet - INFO - Iter [29750/120000]	lr: 1.000e-04, eta: 1 day, 6:18:59, time: 1.110, data_time: 0.012, memory: 37111, loss_mask: 0.0606, loss_texture: 0.0275, iou: 0.8704, loss: 0.0881
2026-05-03 03:34:10,580 - mmdet - INFO - Iter [29775/120000]	lr: 1.000e-04, eta: 1 day, 6:18:22, time: 1.114, data_time: 0.012, memory: 37111, loss_mask: 0.0639, loss_texture: 0.0290, iou: 0.8939, loss: 0.0929
2026-05-03 03:34:38,390 - mmdet - INFO - Iter [29800/120000]	lr: 1.000e-04, eta: 1 day, 6:17:44, time: 1.112, data_time: 0.012, memory: 37111, loss_mask: 0.0578, loss_texture: 0.0262, iou: 0.8751, loss: 0.0840
2026-05-03 03:35:06,151 - mmdet - INFO - Iter [29825/120000]	lr: 1.000e-04, eta: 1 day, 6:17:07, time: 1.110, data_time: 0.012, memory: 37111, loss_mask: 0.0605, loss_texture: 0.0272, iou: 0.8916, loss: 0.0877
2026-05-03 03:35:34,009 - mmdet - INFO - Iter [29850/120000]	lr: 1.000e-04, eta: 1 day, 6:16:29, time: 1.114, data_time: 0.012, memory: 37111, loss_mask: 0.0556, loss_texture: 0.0254, iou: 0.8720, loss: 0.0810
2026-05-03 03:36:01,728 - mmdet - INFO - Iter [29875/120000]	lr: 1.000e-04, eta: 1 day, 6:15:52, time: 1.109, data_time: 0.012, memory: 37111, loss_mask: 0.0628, loss_texture: 0.0293, iou: 0.8861, loss: 0.0921
2026-05-03 03:36:29,411 - mmdet - INFO - Iter [29900/120000]	lr: 1.000e-04, eta: 1 day, 6:15:14, time: 1.107, data_time: 0.012, memory: 37111, loss_mask: 0.0452, loss_texture: 0.0203, iou: 0.8963, loss: 0.0655
2026-05-03 03:36:57,126 - mmdet - INFO - Iter [29925/120000]	lr: 1.000e-04, eta: 1 day, 6:14:36, time: 1.109, data_time: 0.012, memory: 37111, loss_mask: 0.0559, loss_texture: 0.0253, iou: 0.8977, loss: 0.0812
2026-05-03 03:37:25,055 - mmdet - INFO - Iter [29950/120000]	lr: 1.000e-04, eta: 1 day, 6:13:59, time: 1.117, data_time: 0.012, memory: 37111, loss_mask: 0.0638, loss_texture: 0.0277, iou: 0.8769, loss: 0.0915
2026-05-03 03:37:52,821 - mmdet - INFO - Iter [29975/120000]	lr: 1.000e-04, eta: 1 day, 6:13:21, time: 1.111, data_time: 0.012, memory: 37111, loss_mask: 0.0626, loss_texture: 0.0277, iou: 0.8594, loss: 0.0903
2026-05-03 03:38:20,598 - mmdet - INFO - 
--- Val evaluation at iter 30000 ---
2026-05-03 03:39:09,886 - mmdet - INFO - 
+------------+-------------+-------------+
| Class      | Val IoU     | Pseudo IoU  |
+------------+-------------+-------------+
| background | 92.31       | 92.68       |
| building   | 67.18       | 69.14       |
| Summary    | mIoU: 79.75 | mIoU: 80.91 |
+------------+-------------+-------------+
Images evaluated: 218
2026-05-03 03:39:11,273 - mmdet - INFO - Exp name: exp8_all.py
2026-05-03 03:39:11,273 - mmdet - INFO - Iter [30000/120000]	lr: 1.000e-04, eta: 1 day, 6:12:44, time: 1.111, data_time: 0.012, memory: 37111, val/mIoU: 0.7975, val/IoU.building: 0.6718, val/IoU.background: 0.9231, val/Pseudo_mIoU: 0.8091, loss_mask: 0.0638, loss_texture: 0.0292, iou: 0.8745, loss: 0.0930
