2026-04-30 01:55:02,325 - mmdet - INFO - Environment info:
------------------------------------------------------------
sys.platform: linux
Python: 3.8.20 (default, Oct  3 2024, 15:24:27) [GCC 11.2.0]
CUDA available: True
GPU 0: NVIDIA L40S
CUDA_HOME: /usr
NVCC: Cuda compilation tools, release 12.0, V12.0.140
GCC: gcc (Ubuntu 13.3.0-6ubuntu2~24.04.1) 13.3.0
PyTorch: 1.10.1+cu111
PyTorch compiling details: PyTorch built with:
  - GCC 7.3
  - C++ Version: 201402
  - Intel(R) Math Kernel Library Version 2020.0.0 Product Build 20191122 for Intel(R) 64 architecture applications
  - Intel(R) MKL-DNN v2.2.3 (Git Hash 7336ca9f055cf1bfa13efb658fe15dc9b41f0740)
  - OpenMP 201511 (a.k.a. OpenMP 4.5)
  - LAPACK is enabled (usually provided by MKL)
  - NNPACK is enabled
  - CPU capability usage: AVX2
  - CUDA Runtime 11.1
  - NVCC architecture flags: -gencode;arch=compute_37,code=sm_37;-gencode;arch=compute_50,code=sm_50;-gencode;arch=compute_60,code=sm_60;-gencode;arch=compute_70,code=sm_70;-gencode;arch=compute_75,code=sm_75;-gencode;arch=compute_80,code=sm_80;-gencode;arch=compute_86,code=sm_86
  - CuDNN 8.0.5
  - Magma 2.5.2
  - Build settings: BLAS_INFO=mkl, BUILD_TYPE=Release, CUDA_VERSION=11.1, CUDNN_VERSION=8.0.5, CXX_COMPILER=/opt/rh/devtoolset-7/root/usr/bin/c++, CXX_FLAGS= -Wno-deprecated -fvisibility-inlines-hidden -DUSE_PTHREADPOOL -fopenmp -DNDEBUG -DUSE_KINETO -DUSE_FBGEMM -DUSE_QNNPACK -DUSE_PYTORCH_QNNPACK -DUSE_XNNPACK -DSYMBOLICATE_MOBILE_DEBUG_HANDLE -DEDGE_PROFILER_USE_KINETO -O2 -fPIC -Wno-narrowing -Wall -Wextra -Werror=return-type -Wno-missing-field-initializers -Wno-type-limits -Wno-array-bounds -Wno-unknown-pragmas -Wno-sign-compare -Wno-unused-parameter -Wno-unused-variable -Wno-unused-function -Wno-unused-result -Wno-unused-local-typedefs -Wno-strict-overflow -Wno-strict-aliasing -Wno-error=deprecated-declarations -Wno-stringop-overflow -Wno-psabi -Wno-error=pedantic -Wno-error=redundant-decls -Wno-error=old-style-cast -fdiagnostics-color=always -faligned-new -Wno-unused-but-set-variable -Wno-maybe-uninitialized -fno-math-errno -fno-trapping-math -Werror=format -Wno-stringop-overflow, LAPACK_INFO=mkl, PERF_WITH_AVX=1, PERF_WITH_AVX2=1, PERF_WITH_AVX512=1, TORCH_VERSION=1.10.1, USE_CUDA=ON, USE_CUDNN=ON, USE_EXCEPTION_PTR=1, USE_GFLAGS=OFF, USE_GLOG=OFF, USE_MKL=ON, USE_MKLDNN=ON, USE_MPI=OFF, USE_NCCL=ON, USE_NNPACK=ON, USE_OPENMP=ON, 

TorchVision: 0.11.2+cu111
OpenCV: 4.13.0
MMCV: 1.5.0
MMCV Compiler: GCC 7.3
MMCV CUDA Compiler: 11.1
MMDetection: 2.28.1+53419a2
------------------------------------------------------------

2026-04-30 01:55:02,800 - mmdet - INFO - Distributed training: False
2026-04-30 01:55:03,330 - mmdet - INFO - Config:
checkpoint_config = dict(interval=0, by_epoch=False)
log_config = dict(
    interval=25, hooks=[dict(type='TextLoggerHook', by_epoch=False)])
dist_params = dict(backend='nccl')
log_level = 'INFO'
load_from = None
resume_from = None
workflow = [('train', 1)]
opencv_num_threads = 0
mp_start_method = 'spawn'
auto_scale_lr = dict(enable=False, base_batch_size=16)
object_size = 256
task = 'semantic'
model = dict(
    type='SegRefinerSemantic',
    task='semantic',
    step=12,
    denoise_model=dict(
        type='DenoiseUNet',
        in_channels=4,
        out_channels=1,
        model_channels=128,
        num_res_blocks=2,
        num_heads=4,
        num_heads_upsample=-1,
        attention_strides=(16, 32),
        learn_time_embd=True,
        num_timesteps=12,
        channel_mult=(1, 1, 2, 2, 4, 4),
        dropout=0.0),
    diffusion_cfg=dict(
        betas=dict(type='linear', start=0.9, stop=0, num_timesteps=12),
        diff_iter=False,
        noise_components=dict(use_obj=True, use_bnd=True, use_unc=True)),
    test_cfg=dict(
        model_size=1024, fine_prob_thr=0.95, batch_max=32, iou_thr=0.15))
img_norm_cfg = dict(
    mean=[123.675, 116.28, 103.53], std=[58.395, 57.12, 57.375], to_rgb=True)
train_pipeline = [
    dict(type='LoadImageFromFile'),
    dict(
        type='LoadAnnotations',
        with_bbox=False,
        with_label=False,
        with_mask=False,
        with_seg=True),
    dict(
        type='LoadOEMCoarseMasks',
        use_obj=False,
        use_bnd=False,
        use_unc=False,
        obj_unc_threshold=0.3,
        test_mode=False),
    dict(type='LoadObjectData'),
    dict(type='Resize', img_scale=(256, 256), keep_ratio=False),
    dict(type='RandomFlip', flip_ratio=0.5),
    dict(
        type='Normalize',
        mean=[123.675, 116.28, 103.53],
        std=[58.395, 57.12, 57.375],
        to_rgb=True),
    dict(type='DefaultFormatBundle'),
    dict(
        type='Collect',
        keys=['object_img', 'object_gt_masks', 'object_coarse_masks'])
]
val_data_root = '/home/ubuntu/vy/Denoiser/OEM_v2_Building'
val_pipeline = [
    dict(type='LoadImageFromFile'),
    dict(
        type='LoadAnnotations',
        with_bbox=False,
        with_label=False,
        with_mask=False,
        with_seg=True),
    dict(
        type='LoadOEMCoarseMasks',
        test_mode=True,
        pseudolabel_dir='/home/ubuntu/vy/Denoiser/OEM_v2_Building/pseudolabels'
    ),
    dict(type='Resize', img_scale=(1024, 1024), keep_ratio=False),
    dict(
        type='Normalize',
        mean=[123.675, 116.28, 103.53],
        std=[58.395, 57.12, 57.375],
        to_rgb=True),
    dict(type='DefaultFormatBundle'),
    dict(
        type='Collect',
        keys=['img', 'gt_masks', 'coarse_masks'],
        meta_keys=[
            'filename', 'ori_filename', 'ori_shape', 'img_shape', 'pad_shape',
            'scale_factor', 'flip', 'flip_direction', 'img_norm_cfg',
            'crop_bbox'
        ])
]
data_root = '/home/ubuntu/vy/Denoiser/OpenEarthMap_wo_xBD'
dataset_type = 'OEMBuildingDataset'
data = dict(
    train=dict(
        type='OEMBuildingDataset',
        data_root='/home/ubuntu/vy/Denoiser/OpenEarthMap_wo_xBD',
        split_file='/home/ubuntu/vy/Denoiser/OpenEarthMap_wo_xBD/train.txt',
        pipeline=[
            dict(type='LoadImageFromFile'),
            dict(
                type='LoadAnnotations',
                with_bbox=False,
                with_label=False,
                with_mask=False,
                with_seg=True),
            dict(
                type='LoadOEMCoarseMasks',
                use_obj=True,
                use_bnd=True,
                use_unc=True,
                test_mode=False),
            dict(type='LoadObjectData'),
            dict(type='Resize', img_scale=(256, 256), keep_ratio=False),
            dict(type='RandomFlip', flip_ratio=0.5),
            dict(
                type='Normalize',
                mean=[123.675, 116.28, 103.53],
                std=[58.395, 57.12, 57.375],
                to_rgb=True),
            dict(type='DefaultFormatBundle'),
            dict(
                type='Collect',
                keys=[
                    'object_img', 'object_gt_masks', 'object_coarse_masks',
                    'object_unc_map', 'object_edge_map'
                ])
        ],
        test_mode=False),
    val=dict(
        type='OEMv2BuildingDataset',
        data_root='/home/ubuntu/vy/Denoiser/OEM_v2_Building',
        split_file='/home/ubuntu/vy/Denoiser/OEM_v2_Building/val.txt',
        pipeline=[
            dict(type='LoadImageFromFile'),
            dict(
                type='LoadAnnotations',
                with_bbox=False,
                with_label=False,
                with_mask=False,
                with_seg=True),
            dict(
                type='LoadOEMCoarseMasks',
                test_mode=True,
                pseudolabel_dir=
                '/home/ubuntu/vy/Denoiser/OEM_v2_Building/pseudolabels'),
            dict(type='Resize', img_scale=(1024, 1024), keep_ratio=False),
            dict(
                type='Normalize',
                mean=[123.675, 116.28, 103.53],
                std=[58.395, 57.12, 57.375],
                to_rgb=True),
            dict(type='DefaultFormatBundle'),
            dict(
                type='Collect',
                keys=['img', 'gt_masks', 'coarse_masks'],
                meta_keys=[
                    'filename', 'ori_filename', 'ori_shape', 'img_shape',
                    'pad_shape', 'scale_factor', 'flip', 'flip_direction',
                    'img_norm_cfg', 'crop_bbox'
                ])
        ],
        test_mode=True),
    test=dict(
        type='OEMv2BuildingDataset',
        data_root='/home/ubuntu/vy/Denoiser/OEM_v2_Building',
        split_file='/home/ubuntu/vy/Denoiser/OEM_v2_Building/test.txt',
        pipeline=[
            dict(type='LoadImageFromFile'),
            dict(
                type='LoadAnnotations',
                with_bbox=False,
                with_label=False,
                with_mask=False,
                with_seg=True),
            dict(
                type='LoadOEMCoarseMasks',
                test_mode=True,
                pseudolabel_dir=
                '/home/ubuntu/vy/Denoiser/OEM_v2_Building/pseudolabels'),
            dict(type='Resize', img_scale=(1024, 1024), keep_ratio=False),
            dict(
                type='Normalize',
                mean=[123.675, 116.28, 103.53],
                std=[58.395, 57.12, 57.375],
                to_rgb=True),
            dict(type='DefaultFormatBundle'),
            dict(
                type='Collect',
                keys=['img', 'gt_masks', 'coarse_masks'],
                meta_keys=[
                    'filename', 'ori_filename', 'ori_shape', 'img_shape',
                    'pad_shape', 'scale_factor', 'flip', 'flip_direction',
                    'img_norm_cfg', 'crop_bbox'
                ])
        ],
        test_mode=True),
    train_dataloader=dict(samples_per_gpu=16, workers_per_gpu=4),
    val_dataloader=dict(samples_per_gpu=1, workers_per_gpu=4))
optimizer = dict(
    type='AdamW', lr=0.0001, weight_decay=0, eps=1e-08, betas=(0.9, 0.999))
optimizer_config = dict(grad_clip=None)
max_iters = 30000
runner = dict(type='IterBasedRunner', max_iters=30000)
lr_config = dict(
    policy='step',
    gamma=0.5,
    by_epoch=False,
    step=[20000, 25000],
    warmup='linear',
    warmup_by_epoch=False,
    warmup_ratio=1.0,
    warmup_iters=10)
oem_eval = dict(interval=500, save_best=True)
interval = 1
work_dir = 'work_dirs/exp8_all'
auto_resume = False
gpu_ids = [0]

2026-04-30 01:55:03,332 - mmdet - INFO - Set random seed to 64412192, deterministic: False
Name of parameter - Initialization information

denoise_model.time_embed.weight - torch.Size([12, 512]): 
The value is the same before and after calling `init_weights` of SegRefinerSemantic  

denoise_model.input_blocks.0.0.weight - torch.Size([128, 4, 3, 3]): 
The value is the same before and after calling `init_weights` of SegRefinerSemantic  

denoise_model.input_blocks.0.0.bias - torch.Size([128]): 
The value is the same before and after calling `init_weights` of SegRefinerSemantic  

denoise_model.input_blocks.1.0.in_layers.0.weight - torch.Size([128]): 
The value is the same before and after calling `init_weights` of SegRefinerSemantic  

denoise_model.input_blocks.1.0.in_layers.0.bias - torch.Size([128]): 
The value is the same before and after calling `init_weights` of SegRefinerSemantic  

denoise_model.input_blocks.1.0.in_layers.2.weight - torch.Size([128, 128, 3, 3]): 
The value is the same before and after calling `init_weights` of SegRefinerSemantic  

denoise_model.input_blocks.1.0.in_layers.2.bias - torch.Size([128]): 
The value is the same before and after calling `init_weights` of SegRefinerSemantic  

denoise_model.input_blocks.1.0.emb_layers.1.weight - torch.Size([128, 512]): 
The value is the same before and after calling `init_weights` of SegRefinerSemantic  

denoise_model.input_blocks.1.0.emb_layers.1.bias - torch.Size([128]): 
The value is the same before and after calling `init_weights` of SegRefinerSemantic  

denoise_model.input_blocks.1.0.out_layers.0.weight - torch.Size([128]): 
The value is the same before and after calling `init_weights` of SegRefinerSemantic  

denoise_model.input_blocks.1.0.out_layers.0.bias - torch.Size([128]): 
The value is the same before and after calling `init_weights` of SegRefinerSemantic  

denoise_model.input_blocks.1.0.out_layers.3.weight - torch.Size([128, 128, 3, 3]): 
The value is the same before and after calling `init_weights` of SegRefinerSemantic  

denoise_model.input_blocks.1.0.out_layers.3.bias - torch.Size([128]): 
The value is the same before and after calling `init_weights` of SegRefinerSemantic  

denoise_model.input_blocks.2.0.in_layers.0.weight - torch.Size([128]): 
The value is the same before and after calling `init_weights` of SegRefinerSemantic  

denoise_model.input_blocks.2.0.in_layers.0.bias - torch.Size([128]): 
The value is the same before and after calling `init_weights` of SegRefinerSemantic  

denoise_model.input_blocks.2.0.in_layers.2.weight - torch.Size([128, 128, 3, 3]): 
The value is the same before and after calling `init_weights` of SegRefinerSemantic  

denoise_model.input_blocks.2.0.in_layers.2.bias - torch.Size([128]): 
The value is the same before and after calling `init_weights` of SegRefinerSemantic  

denoise_model.input_blocks.2.0.emb_layers.1.weight - torch.Size([128, 512]): 
The value is the same before and after calling `init_weights` of SegRefinerSemantic  

denoise_model.input_blocks.2.0.emb_layers.1.bias - torch.Size([128]): 
The value is the same before and after calling `init_weights` of SegRefinerSemantic  

denoise_model.input_blocks.2.0.out_layers.0.weight - torch.Size([128]): 
The value is the same before and after calling `init_weights` of SegRefinerSemantic  

denoise_model.input_blocks.2.0.out_layers.0.bias - torch.Size([128]): 
The value is the same before and after calling `init_weights` of SegRefinerSemantic  

denoise_model.input_blocks.2.0.out_layers.3.weight - torch.Size([128, 128, 3, 3]): 
The value is the same before and after calling `init_weights` of SegRefinerSemantic  

denoise_model.input_blocks.2.0.out_layers.3.bias - torch.Size([128]): 
The value is the same before and after calling `init_weights` of SegRefinerSemantic  

denoise_model.input_blocks.3.0.op.weight - torch.Size([128, 128, 3, 3]): 
The value is the same before and after calling `init_weights` of SegRefinerSemantic  

denoise_model.input_blocks.3.0.op.bias - torch.Size([128]): 
The value is the same before and after calling `init_weights` of SegRefinerSemantic  

denoise_model.input_blocks.4.0.in_layers.0.weight - torch.Size([128]): 
The value is the same before and after calling `init_weights` of SegRefinerSemantic  

denoise_model.input_blocks.4.0.in_layers.0.bias - torch.Size([128]): 
The value is the same before and after calling `init_weights` of SegRefinerSemantic  

denoise_model.input_blocks.4.0.in_layers.2.weight - torch.Size([128, 128, 3, 3]): 
The value is the same before and after calling `init_weights` of SegRefinerSemantic  

denoise_model.input_blocks.4.0.in_layers.2.bias - torch.Size([128]): 
The value is the same before and after calling `init_weights` of SegRefinerSemantic  

denoise_model.input_blocks.4.0.emb_layers.1.weight - torch.Size([128, 512]): 
The value is the same before and after calling `init_weights` of SegRefinerSemantic  

denoise_model.input_blocks.4.0.emb_layers.1.bias - torch.Size([128]): 
The value is the same before and after calling `init_weights` of SegRefinerSemantic  

denoise_model.input_blocks.4.0.out_layers.0.weight - torch.Size([128]): 
The value is the same before and after calling `init_weights` of SegRefinerSemantic  

denoise_model.input_blocks.4.0.out_layers.0.bias - torch.Size([128]): 
The value is the same before and after calling `init_weights` of SegRefinerSemantic  

denoise_model.input_blocks.4.0.out_layers.3.weight - torch.Size([128, 128, 3, 3]): 
The value is the same before and after calling `init_weights` of SegRefinerSemantic  

denoise_model.input_blocks.4.0.out_layers.3.bias - torch.Size([128]): 
The value is the same before and after calling `init_weights` of SegRefinerSemantic  

denoise_model.input_blocks.5.0.in_layers.0.weight - torch.Size([128]): 
The value is the same before and after calling `init_weights` of SegRefinerSemantic  

denoise_model.input_blocks.5.0.in_layers.0.bias - torch.Size([128]): 
The value is the same before and after calling `init_weights` of SegRefinerSemantic  

denoise_model.input_blocks.5.0.in_layers.2.weight - torch.Size([128, 128, 3, 3]): 
The value is the same before and after calling `init_weights` of SegRefinerSemantic  

denoise_model.input_blocks.5.0.in_layers.2.bias - torch.Size([128]): 
The value is the same before and after calling `init_weights` of SegRefinerSemantic  

denoise_model.input_blocks.5.0.emb_layers.1.weight - torch.Size([128, 512]): 
The value is the same before and after calling `init_weights` of SegRefinerSemantic  

denoise_model.input_blocks.5.0.emb_layers.1.bias - torch.Size([128]): 
The value is the same before and after calling `init_weights` of SegRefinerSemantic  

denoise_model.input_blocks.5.0.out_layers.0.weight - torch.Size([128]): 
The value is the same before and after calling `init_weights` of SegRefinerSemantic  

denoise_model.input_blocks.5.0.out_layers.0.bias - torch.Size([128]): 
The value is the same before and after calling `init_weights` of SegRefinerSemantic  

denoise_model.input_blocks.5.0.out_layers.3.weight - torch.Size([128, 128, 3, 3]): 
The value is the same before and after calling `init_weights` of SegRefinerSemantic  

denoise_model.input_blocks.5.0.out_layers.3.bias - torch.Size([128]): 
The value is the same before and after calling `init_weights` of SegRefinerSemantic  

denoise_model.input_blocks.6.0.op.weight - torch.Size([128, 128, 3, 3]): 
The value is the same before and after calling `init_weights` of SegRefinerSemantic  

denoise_model.input_blocks.6.0.op.bias - torch.Size([128]): 
The value is the same before and after calling `init_weights` of SegRefinerSemantic  

denoise_model.input_blocks.7.0.in_layers.0.weight - torch.Size([128]): 
The value is the same before and after calling `init_weights` of SegRefinerSemantic  

denoise_model.input_blocks.7.0.in_layers.0.bias - torch.Size([128]): 
The value is the same before and after calling `init_weights` of SegRefinerSemantic  

denoise_model.input_blocks.7.0.in_layers.2.weight - torch.Size([256, 128, 3, 3]): 
The value is the same before and after calling `init_weights` of SegRefinerSemantic  

denoise_model.input_blocks.7.0.in_layers.2.bias - torch.Size([256]): 
The value is the same before and after calling `init_weights` of SegRefinerSemantic  

denoise_model.input_blocks.7.0.emb_layers.1.weight - torch.Size([256, 512]): 
The value is the same before and after calling `init_weights` of SegRefinerSemantic  

denoise_model.input_blocks.7.0.emb_layers.1.bias - torch.Size([256]): 
The value is the same before and after calling `init_weights` of SegRefinerSemantic  

denoise_model.input_blocks.7.0.out_layers.0.weight - torch.Size([256]): 
The value is the same before and after calling `init_weights` of SegRefinerSemantic  

denoise_model.input_blocks.7.0.out_layers.0.bias - torch.Size([256]): 
The value is the same before and after calling `init_weights` of SegRefinerSemantic  

denoise_model.input_blocks.7.0.out_layers.3.weight - torch.Size([256, 256, 3, 3]): 
The value is the same before and after calling `init_weights` of SegRefinerSemantic  

denoise_model.input_blocks.7.0.out_layers.3.bias - torch.Size([256]): 
The value is the same before and after calling `init_weights` of SegRefinerSemantic  

denoise_model.input_blocks.7.0.skip_connection.weight - torch.Size([256, 128, 1, 1]): 
The value is the same before and after calling `init_weights` of SegRefinerSemantic  

denoise_model.input_blocks.7.0.skip_connection.bias - torch.Size([256]): 
The value is the same before and after calling `init_weights` of SegRefinerSemantic  

denoise_model.input_blocks.8.0.in_layers.0.weight - torch.Size([256]): 
The value is the same before and after calling `init_weights` of SegRefinerSemantic  

denoise_model.input_blocks.8.0.in_layers.0.bias - torch.Size([256]): 
The value is the same before and after calling `init_weights` of SegRefinerSemantic  

denoise_model.input_blocks.8.0.in_layers.2.weight - torch.Size([256, 256, 3, 3]): 
The value is the same before and after calling `init_weights` of SegRefinerSemantic  

denoise_model.input_blocks.8.0.in_layers.2.bias - torch.Size([256]): 
The value is the same before and after calling `init_weights` of SegRefinerSemantic  

denoise_model.input_blocks.8.0.emb_layers.1.weight - torch.Size([256, 512]): 
The value is the same before and after calling `init_weights` of SegRefinerSemantic  

denoise_model.input_blocks.8.0.emb_layers.1.bias - torch.Size([256]): 
The value is the same before and after calling `init_weights` of SegRefinerSemantic  

denoise_model.input_blocks.8.0.out_layers.0.weight - torch.Size([256]): 
The value is the same before and after calling `init_weights` of SegRefinerSemantic  

denoise_model.input_blocks.8.0.out_layers.0.bias - torch.Size([256]): 
The value is the same before and after calling `init_weights` of SegRefinerSemantic  

denoise_model.input_blocks.8.0.out_layers.3.weight - torch.Size([256, 256, 3, 3]): 
The value is the same before and after calling `init_weights` of SegRefinerSemantic  

denoise_model.input_blocks.8.0.out_layers.3.bias - torch.Size([256]): 
The value is the same before and after calling `init_weights` of SegRefinerSemantic  

denoise_model.input_blocks.9.0.op.weight - torch.Size([256, 256, 3, 3]): 
The value is the same before and after calling `init_weights` of SegRefinerSemantic  

denoise_model.input_blocks.9.0.op.bias - torch.Size([256]): 
The value is the same before and after calling `init_weights` of SegRefinerSemantic  

denoise_model.input_blocks.10.0.in_layers.0.weight - torch.Size([256]): 
The value is the same before and after calling `init_weights` of SegRefinerSemantic  

denoise_model.input_blocks.10.0.in_layers.0.bias - torch.Size([256]): 
The value is the same before and after calling `init_weights` of SegRefinerSemantic  

denoise_model.input_blocks.10.0.in_layers.2.weight - torch.Size([256, 256, 3, 3]): 
The value is the same before and after calling `init_weights` of SegRefinerSemantic  

denoise_model.input_blocks.10.0.in_layers.2.bias - torch.Size([256]): 
The value is the same before and after calling `init_weights` of SegRefinerSemantic  

denoise_model.input_blocks.10.0.emb_layers.1.weight - torch.Size([256, 512]): 
The value is the same before and after calling `init_weights` of SegRefinerSemantic  

denoise_model.input_blocks.10.0.emb_layers.1.bias - torch.Size([256]): 
The value is the same before and after calling `init_weights` of SegRefinerSemantic  

denoise_model.input_blocks.10.0.out_layers.0.weight - torch.Size([256]): 
The value is the same before and after calling `init_weights` of SegRefinerSemantic  

denoise_model.input_blocks.10.0.out_layers.0.bias - torch.Size([256]): 
The value is the same before and after calling `init_weights` of SegRefinerSemantic  

denoise_model.input_blocks.10.0.out_layers.3.weight - torch.Size([256, 256, 3, 3]): 
The value is the same before and after calling `init_weights` of SegRefinerSemantic  

denoise_model.input_blocks.10.0.out_layers.3.bias - torch.Size([256]): 
The value is the same before and after calling `init_weights` of SegRefinerSemantic  

denoise_model.input_blocks.11.0.in_layers.0.weight - torch.Size([256]): 
The value is the same before and after calling `init_weights` of SegRefinerSemantic  

denoise_model.input_blocks.11.0.in_layers.0.bias - torch.Size([256]): 
The value is the same before and after calling `init_weights` of SegRefinerSemantic  

denoise_model.input_blocks.11.0.in_layers.2.weight - torch.Size([256, 256, 3, 3]): 
The value is the same before and after calling `init_weights` of SegRefinerSemantic  

denoise_model.input_blocks.11.0.in_layers.2.bias - torch.Size([256]): 
The value is the same before and after calling `init_weights` of SegRefinerSemantic  

denoise_model.input_blocks.11.0.emb_layers.1.weight - torch.Size([256, 512]): 
The value is the same before and after calling `init_weights` of SegRefinerSemantic  

denoise_model.input_blocks.11.0.emb_layers.1.bias - torch.Size([256]): 
The value is the same before and after calling `init_weights` of SegRefinerSemantic  

denoise_model.input_blocks.11.0.out_layers.0.weight - torch.Size([256]): 
The value is the same before and after calling `init_weights` of SegRefinerSemantic  

denoise_model.input_blocks.11.0.out_layers.0.bias - torch.Size([256]): 
The value is the same before and after calling `init_weights` of SegRefinerSemantic  

denoise_model.input_blocks.11.0.out_layers.3.weight - torch.Size([256, 256, 3, 3]): 
The value is the same before and after calling `init_weights` of SegRefinerSemantic  

denoise_model.input_blocks.11.0.out_layers.3.bias - torch.Size([256]): 
The value is the same before and after calling `init_weights` of SegRefinerSemantic  

denoise_model.input_blocks.12.0.op.weight - torch.Size([256, 256, 3, 3]): 
The value is the same before and after calling `init_weights` of SegRefinerSemantic  

denoise_model.input_blocks.12.0.op.bias - torch.Size([256]): 
The value is the same before and after calling `init_weights` of SegRefinerSemantic  

denoise_model.input_blocks.13.0.in_layers.0.weight - torch.Size([256]): 
The value is the same before and after calling `init_weights` of SegRefinerSemantic  

denoise_model.input_blocks.13.0.in_layers.0.bias - torch.Size([256]): 
The value is the same before and after calling `init_weights` of SegRefinerSemantic  

denoise_model.input_blocks.13.0.in_layers.2.weight - torch.Size([512, 256, 3, 3]): 
The value is the same before and after calling `init_weights` of SegRefinerSemantic  

denoise_model.input_blocks.13.0.in_layers.2.bias - torch.Size([512]): 
The value is the same before and after calling `init_weights` of SegRefinerSemantic  

denoise_model.input_blocks.13.0.emb_layers.1.weight - torch.Size([512, 512]): 
The value is the same before and after calling `init_weights` of SegRefinerSemantic  

denoise_model.input_blocks.13.0.emb_layers.1.bias - torch.Size([512]): 
The value is the same before and after calling `init_weights` of SegRefinerSemantic  

denoise_model.input_blocks.13.0.out_layers.0.weight - torch.Size([512]): 
The value is the same before and after calling `init_weights` of SegRefinerSemantic  

denoise_model.input_blocks.13.0.out_layers.0.bias - torch.Size([512]): 
The value is the same before and after calling `init_weights` of SegRefinerSemantic  

denoise_model.input_blocks.13.0.out_layers.3.weight - torch.Size([512, 512, 3, 3]): 
The value is the same before and after calling `init_weights` of SegRefinerSemantic  

denoise_model.input_blocks.13.0.out_layers.3.bias - torch.Size([512]): 
The value is the same before and after calling `init_weights` of SegRefinerSemantic  

denoise_model.input_blocks.13.0.skip_connection.weight - torch.Size([512, 256, 1, 1]): 
The value is the same before and after calling `init_weights` of SegRefinerSemantic  

denoise_model.input_blocks.13.0.skip_connection.bias - torch.Size([512]): 
The value is the same before and after calling `init_weights` of SegRefinerSemantic  

denoise_model.input_blocks.13.1.norm.weight - torch.Size([512]): 
The value is the same before and after calling `init_weights` of SegRefinerSemantic  

denoise_model.input_blocks.13.1.norm.bias - torch.Size([512]): 
The value is the same before and after calling `init_weights` of SegRefinerSemantic  

denoise_model.input_blocks.13.1.qkv.weight - torch.Size([1536, 512, 1]): 
The value is the same before and after calling `init_weights` of SegRefinerSemantic  

denoise_model.input_blocks.13.1.qkv.bias - torch.Size([1536]): 
The value is the same before and after calling `init_weights` of SegRefinerSemantic  

denoise_model.input_blocks.13.1.proj_out.weight - torch.Size([512, 512, 1]): 
The value is the same before and after calling `init_weights` of SegRefinerSemantic  

denoise_model.input_blocks.13.1.proj_out.bias - torch.Size([512]): 
The value is the same before and after calling `init_weights` of SegRefinerSemantic  

denoise_model.input_blocks.14.0.in_layers.0.weight - torch.Size([512]): 
The value is the same before and after calling `init_weights` of SegRefinerSemantic  

denoise_model.input_blocks.14.0.in_layers.0.bias - torch.Size([512]): 
The value is the same before and after calling `init_weights` of SegRefinerSemantic  

denoise_model.input_blocks.14.0.in_layers.2.weight - torch.Size([512, 512, 3, 3]): 
The value is the same before and after calling `init_weights` of SegRefinerSemantic  

denoise_model.input_blocks.14.0.in_layers.2.bias - torch.Size([512]): 
The value is the same before and after calling `init_weights` of SegRefinerSemantic  

denoise_model.input_blocks.14.0.emb_layers.1.weight - torch.Size([512, 512]): 
The value is the same before and after calling `init_weights` of SegRefinerSemantic  

denoise_model.input_blocks.14.0.emb_layers.1.bias - torch.Size([512]): 
The value is the same before and after calling `init_weights` of SegRefinerSemantic  

denoise_model.input_blocks.14.0.out_layers.0.weight - torch.Size([512]): 
The value is the same before and after calling `init_weights` of SegRefinerSemantic  

denoise_model.input_blocks.14.0.out_layers.0.bias - torch.Size([512]): 
The value is the same before and after calling `init_weights` of SegRefinerSemantic  

denoise_model.input_blocks.14.0.out_layers.3.weight - torch.Size([512, 512, 3, 3]): 
The value is the same before and after calling `init_weights` of SegRefinerSemantic  

denoise_model.input_blocks.14.0.out_layers.3.bias - torch.Size([512]): 
The value is the same before and after calling `init_weights` of SegRefinerSemantic  

denoise_model.input_blocks.14.1.norm.weight - torch.Size([512]): 
The value is the same before and after calling `init_weights` of SegRefinerSemantic  

denoise_model.input_blocks.14.1.norm.bias - torch.Size([512]): 
The value is the same before and after calling `init_weights` of SegRefinerSemantic  

denoise_model.input_blocks.14.1.qkv.weight - torch.Size([1536, 512, 1]): 
The value is the same before and after calling `init_weights` of SegRefinerSemantic  

denoise_model.input_blocks.14.1.qkv.bias - torch.Size([1536]): 
The value is the same before and after calling `init_weights` of SegRefinerSemantic  

denoise_model.input_blocks.14.1.proj_out.weight - torch.Size([512, 512, 1]): 
The value is the same before and after calling `init_weights` of SegRefinerSemantic  

denoise_model.input_blocks.14.1.proj_out.bias - torch.Size([512]): 
The value is the same before and after calling `init_weights` of SegRefinerSemantic  

denoise_model.input_blocks.15.0.op.weight - torch.Size([512, 512, 3, 3]): 
The value is the same before and after calling `init_weights` of SegRefinerSemantic  

denoise_model.input_blocks.15.0.op.bias - torch.Size([512]): 
The value is the same before and after calling `init_weights` of SegRefinerSemantic  

denoise_model.input_blocks.16.0.in_layers.0.weight - torch.Size([512]): 
The value is the same before and after calling `init_weights` of SegRefinerSemantic  

denoise_model.input_blocks.16.0.in_layers.0.bias - torch.Size([512]): 
The value is the same before and after calling `init_weights` of SegRefinerSemantic  

denoise_model.input_blocks.16.0.in_layers.2.weight - torch.Size([512, 512, 3, 3]): 
The value is the same before and after calling `init_weights` of SegRefinerSemantic  

denoise_model.input_blocks.16.0.in_layers.2.bias - torch.Size([512]): 
The value is the same before and after calling `init_weights` of SegRefinerSemantic  

denoise_model.input_blocks.16.0.emb_layers.1.weight - torch.Size([512, 512]): 
The value is the same before and after calling `init_weights` of SegRefinerSemantic  

denoise_model.input_blocks.16.0.emb_layers.1.bias - torch.Size([512]): 
The value is the same before and after calling `init_weights` of SegRefinerSemantic  

denoise_model.input_blocks.16.0.out_layers.0.weight - torch.Size([512]): 
The value is the same before and after calling `init_weights` of SegRefinerSemantic  

denoise_model.input_blocks.16.0.out_layers.0.bias - torch.Size([512]): 
The value is the same before and after calling `init_weights` of SegRefinerSemantic  

denoise_model.input_blocks.16.0.out_layers.3.weight - torch.Size([512, 512, 3, 3]): 
The value is the same before and after calling `init_weights` of SegRefinerSemantic  

denoise_model.input_blocks.16.0.out_layers.3.bias - torch.Size([512]): 
The value is the same before and after calling `init_weights` of SegRefinerSemantic  

denoise_model.input_blocks.16.1.norm.weight - torch.Size([512]): 
The value is the same before and after calling `init_weights` of SegRefinerSemantic  

denoise_model.input_blocks.16.1.norm.bias - torch.Size([512]): 
The value is the same before and after calling `init_weights` of SegRefinerSemantic  

denoise_model.input_blocks.16.1.qkv.weight - torch.Size([1536, 512, 1]): 
The value is the same before and after calling `init_weights` of SegRefinerSemantic  

denoise_model.input_blocks.16.1.qkv.bias - torch.Size([1536]): 
The value is the same before and after calling `init_weights` of SegRefinerSemantic  

denoise_model.input_blocks.16.1.proj_out.weight - torch.Size([512, 512, 1]): 
The value is the same before and after calling `init_weights` of SegRefinerSemantic  

denoise_model.input_blocks.16.1.proj_out.bias - torch.Size([512]): 
The value is the same before and after calling `init_weights` of SegRefinerSemantic  

denoise_model.input_blocks.17.0.in_layers.0.weight - torch.Size([512]): 
The value is the same before and after calling `init_weights` of SegRefinerSemantic  

denoise_model.input_blocks.17.0.in_layers.0.bias - torch.Size([512]): 
The value is the same before and after calling `init_weights` of SegRefinerSemantic  

denoise_model.input_blocks.17.0.in_layers.2.weight - torch.Size([512, 512, 3, 3]): 
The value is the same before and after calling `init_weights` of SegRefinerSemantic  

denoise_model.input_blocks.17.0.in_layers.2.bias - torch.Size([512]): 
The value is the same before and after calling `init_weights` of SegRefinerSemantic  

denoise_model.input_blocks.17.0.emb_layers.1.weight - torch.Size([512, 512]): 
The value is the same before and after calling `init_weights` of SegRefinerSemantic  

denoise_model.input_blocks.17.0.emb_layers.1.bias - torch.Size([512]): 
The value is the same before and after calling `init_weights` of SegRefinerSemantic  

denoise_model.input_blocks.17.0.out_layers.0.weight - torch.Size([512]): 
The value is the same before and after calling `init_weights` of SegRefinerSemantic  

denoise_model.input_blocks.17.0.out_layers.0.bias - torch.Size([512]): 
The value is the same before and after calling `init_weights` of SegRefinerSemantic  

denoise_model.input_blocks.17.0.out_layers.3.weight - torch.Size([512, 512, 3, 3]): 
The value is the same before and after calling `init_weights` of SegRefinerSemantic  

denoise_model.input_blocks.17.0.out_layers.3.bias - torch.Size([512]): 
The value is the same before and after calling `init_weights` of SegRefinerSemantic  

denoise_model.input_blocks.17.1.norm.weight - torch.Size([512]): 
The value is the same before and after calling `init_weights` of SegRefinerSemantic  

denoise_model.input_blocks.17.1.norm.bias - torch.Size([512]): 
The value is the same before and after calling `init_weights` of SegRefinerSemantic  

denoise_model.input_blocks.17.1.qkv.weight - torch.Size([1536, 512, 1]): 
The value is the same before and after calling `init_weights` of SegRefinerSemantic  

denoise_model.input_blocks.17.1.qkv.bias - torch.Size([1536]): 
The value is the same before and after calling `init_weights` of SegRefinerSemantic  

denoise_model.input_blocks.17.1.proj_out.weight - torch.Size([512, 512, 1]): 
The value is the same before and after calling `init_weights` of SegRefinerSemantic  

denoise_model.input_blocks.17.1.proj_out.bias - torch.Size([512]): 
The value is the same before and after calling `init_weights` of SegRefinerSemantic  

denoise_model.middle_block.0.in_layers.0.weight - torch.Size([512]): 
The value is the same before and after calling `init_weights` of SegRefinerSemantic  

denoise_model.middle_block.0.in_layers.0.bias - torch.Size([512]): 
The value is the same before and after calling `init_weights` of SegRefinerSemantic  

denoise_model.middle_block.0.in_layers.2.weight - torch.Size([512, 512, 3, 3]): 
The value is the same before and after calling `init_weights` of SegRefinerSemantic  

denoise_model.middle_block.0.in_layers.2.bias - torch.Size([512]): 
The value is the same before and after calling `init_weights` of SegRefinerSemantic  

denoise_model.middle_block.0.emb_layers.1.weight - torch.Size([512, 512]): 
The value is the same before and after calling `init_weights` of SegRefinerSemantic  

denoise_model.middle_block.0.emb_layers.1.bias - torch.Size([512]): 
The value is the same before and after calling `init_weights` of SegRefinerSemantic  

denoise_model.middle_block.0.out_layers.0.weight - torch.Size([512]): 
The value is the same before and after calling `init_weights` of SegRefinerSemantic  

denoise_model.middle_block.0.out_layers.0.bias - torch.Size([512]): 
The value is the same before and after calling `init_weights` of SegRefinerSemantic  

denoise_model.middle_block.0.out_layers.3.weight - torch.Size([512, 512, 3, 3]): 
The value is the same before and after calling `init_weights` of SegRefinerSemantic  

denoise_model.middle_block.0.out_layers.3.bias - torch.Size([512]): 
The value is the same before and after calling `init_weights` of SegRefinerSemantic  

denoise_model.middle_block.1.norm.weight - torch.Size([512]): 
The value is the same before and after calling `init_weights` of SegRefinerSemantic  

denoise_model.middle_block.1.norm.bias - torch.Size([512]): 
The value is the same before and after calling `init_weights` of SegRefinerSemantic  

denoise_model.middle_block.1.qkv.weight - torch.Size([1536, 512, 1]): 
The value is the same before and after calling `init_weights` of SegRefinerSemantic  

denoise_model.middle_block.1.qkv.bias - torch.Size([1536]): 
The value is the same before and after calling `init_weights` of SegRefinerSemantic  

denoise_model.middle_block.1.proj_out.weight - torch.Size([512, 512, 1]): 
The value is the same before and after calling `init_weights` of SegRefinerSemantic  

denoise_model.middle_block.1.proj_out.bias - torch.Size([512]): 
The value is the same before and after calling `init_weights` of SegRefinerSemantic  

denoise_model.middle_block.2.in_layers.0.weight - torch.Size([512]): 
The value is the same before and after calling `init_weights` of SegRefinerSemantic  

denoise_model.middle_block.2.in_layers.0.bias - torch.Size([512]): 
The value is the same before and after calling `init_weights` of SegRefinerSemantic  

denoise_model.middle_block.2.in_layers.2.weight - torch.Size([512, 512, 3, 3]): 
The value is the same before and after calling `init_weights` of SegRefinerSemantic  

denoise_model.middle_block.2.in_layers.2.bias - torch.Size([512]): 
The value is the same before and after calling `init_weights` of SegRefinerSemantic  

denoise_model.middle_block.2.emb_layers.1.weight - torch.Size([512, 512]): 
The value is the same before and after calling `init_weights` of SegRefinerSemantic  

denoise_model.middle_block.2.emb_layers.1.bias - torch.Size([512]): 
The value is the same before and after calling `init_weights` of SegRefinerSemantic  

denoise_model.middle_block.2.out_layers.0.weight - torch.Size([512]): 
The value is the same before and after calling `init_weights` of SegRefinerSemantic  

denoise_model.middle_block.2.out_layers.0.bias - torch.Size([512]): 
The value is the same before and after calling `init_weights` of SegRefinerSemantic  

denoise_model.middle_block.2.out_layers.3.weight - torch.Size([512, 512, 3, 3]): 
The value is the same before and after calling `init_weights` of SegRefinerSemantic  

denoise_model.middle_block.2.out_layers.3.bias - torch.Size([512]): 
The value is the same before and after calling `init_weights` of SegRefinerSemantic  

denoise_model.output_blocks.0.0.in_layers.0.weight - torch.Size([1024]): 
The value is the same before and after calling `init_weights` of SegRefinerSemantic  

denoise_model.output_blocks.0.0.in_layers.0.bias - torch.Size([1024]): 
The value is the same before and after calling `init_weights` of SegRefinerSemantic  

denoise_model.output_blocks.0.0.in_layers.2.weight - torch.Size([512, 1024, 3, 3]): 
The value is the same before and after calling `init_weights` of SegRefinerSemantic  

denoise_model.output_blocks.0.0.in_layers.2.bias - torch.Size([512]): 
The value is the same before and after calling `init_weights` of SegRefinerSemantic  

denoise_model.output_blocks.0.0.emb_layers.1.weight - torch.Size([512, 512]): 
The value is the same before and after calling `init_weights` of SegRefinerSemantic  

denoise_model.output_blocks.0.0.emb_layers.1.bias - torch.Size([512]): 
The value is the same before and after calling `init_weights` of SegRefinerSemantic  

denoise_model.output_blocks.0.0.out_layers.0.weight - torch.Size([512]): 
The value is the same before and after calling `init_weights` of SegRefinerSemantic  

denoise_model.output_blocks.0.0.out_layers.0.bias - torch.Size([512]): 
The value is the same before and after calling `init_weights` of SegRefinerSemantic  

denoise_model.output_blocks.0.0.out_layers.3.weight - torch.Size([512, 512, 3, 3]): 
The value is the same before and after calling `init_weights` of SegRefinerSemantic  

denoise_model.output_blocks.0.0.out_layers.3.bias - torch.Size([512]): 
The value is the same before and after calling `init_weights` of SegRefinerSemantic  

denoise_model.output_blocks.0.0.skip_connection.weight - torch.Size([512, 1024, 1, 1]): 
The value is the same before and after calling `init_weights` of SegRefinerSemantic  

denoise_model.output_blocks.0.0.skip_connection.bias - torch.Size([512]): 
The value is the same before and after calling `init_weights` of SegRefinerSemantic  

denoise_model.output_blocks.0.1.norm.weight - torch.Size([512]): 
The value is the same before and after calling `init_weights` of SegRefinerSemantic  

denoise_model.output_blocks.0.1.norm.bias - torch.Size([512]): 
The value is the same before and after calling `init_weights` of SegRefinerSemantic  

denoise_model.output_blocks.0.1.qkv.weight - torch.Size([1536, 512, 1]): 
The value is the same before and after calling `init_weights` of SegRefinerSemantic  

denoise_model.output_blocks.0.1.qkv.bias - torch.Size([1536]): 
The value is the same before and after calling `init_weights` of SegRefinerSemantic  

denoise_model.output_blocks.0.1.proj_out.weight - torch.Size([512, 512, 1]): 
The value is the same before and after calling `init_weights` of SegRefinerSemantic  

denoise_model.output_blocks.0.1.proj_out.bias - torch.Size([512]): 
The value is the same before and after calling `init_weights` of SegRefinerSemantic  

denoise_model.output_blocks.1.0.in_layers.0.weight - torch.Size([1024]): 
The value is the same before and after calling `init_weights` of SegRefinerSemantic  

denoise_model.output_blocks.1.0.in_layers.0.bias - torch.Size([1024]): 
The value is the same before and after calling `init_weights` of SegRefinerSemantic  

denoise_model.output_blocks.1.0.in_layers.2.weight - torch.Size([512, 1024, 3, 3]): 
The value is the same before and after calling `init_weights` of SegRefinerSemantic  

denoise_model.output_blocks.1.0.in_layers.2.bias - torch.Size([512]): 
The value is the same before and after calling `init_weights` of SegRefinerSemantic  

denoise_model.output_blocks.1.0.emb_layers.1.weight - torch.Size([512, 512]): 
The value is the same before and after calling `init_weights` of SegRefinerSemantic  

denoise_model.output_blocks.1.0.emb_layers.1.bias - torch.Size([512]): 
The value is the same before and after calling `init_weights` of SegRefinerSemantic  

denoise_model.output_blocks.1.0.out_layers.0.weight - torch.Size([512]): 
The value is the same before and after calling `init_weights` of SegRefinerSemantic  

denoise_model.output_blocks.1.0.out_layers.0.bias - torch.Size([512]): 
The value is the same before and after calling `init_weights` of SegRefinerSemantic  

denoise_model.output_blocks.1.0.out_layers.3.weight - torch.Size([512, 512, 3, 3]): 
The value is the same before and after calling `init_weights` of SegRefinerSemantic  

denoise_model.output_blocks.1.0.out_layers.3.bias - torch.Size([512]): 
The value is the same before and after calling `init_weights` of SegRefinerSemantic  

denoise_model.output_blocks.1.0.skip_connection.weight - torch.Size([512, 1024, 1, 1]): 
The value is the same before and after calling `init_weights` of SegRefinerSemantic  

denoise_model.output_blocks.1.0.skip_connection.bias - torch.Size([512]): 
The value is the same before and after calling `init_weights` of SegRefinerSemantic  

denoise_model.output_blocks.1.1.norm.weight - torch.Size([512]): 
The value is the same before and after calling `init_weights` of SegRefinerSemantic  

denoise_model.output_blocks.1.1.norm.bias - torch.Size([512]): 
The value is the same before and after calling `init_weights` of SegRefinerSemantic  

denoise_model.output_blocks.1.1.qkv.weight - torch.Size([1536, 512, 1]): 
The value is the same before and after calling `init_weights` of SegRefinerSemantic  

denoise_model.output_blocks.1.1.qkv.bias - torch.Size([1536]): 
The value is the same before and after calling `init_weights` of SegRefinerSemantic  

denoise_model.output_blocks.1.1.proj_out.weight - torch.Size([512, 512, 1]): 
The value is the same before and after calling `init_weights` of SegRefinerSemantic  

denoise_model.output_blocks.1.1.proj_out.bias - torch.Size([512]): 
The value is the same before and after calling `init_weights` of SegRefinerSemantic  

denoise_model.output_blocks.2.0.in_layers.0.weight - torch.Size([1024]): 
The value is the same before and after calling `init_weights` of SegRefinerSemantic  

denoise_model.output_blocks.2.0.in_layers.0.bias - torch.Size([1024]): 
The value is the same before and after calling `init_weights` of SegRefinerSemantic  

denoise_model.output_blocks.2.0.in_layers.2.weight - torch.Size([512, 1024, 3, 3]): 
The value is the same before and after calling `init_weights` of SegRefinerSemantic  

denoise_model.output_blocks.2.0.in_layers.2.bias - torch.Size([512]): 
The value is the same before and after calling `init_weights` of SegRefinerSemantic  

denoise_model.output_blocks.2.0.emb_layers.1.weight - torch.Size([512, 512]): 
The value is the same before and after calling `init_weights` of SegRefinerSemantic  

denoise_model.output_blocks.2.0.emb_layers.1.bias - torch.Size([512]): 
The value is the same before and after calling `init_weights` of SegRefinerSemantic  

denoise_model.output_blocks.2.0.out_layers.0.weight - torch.Size([512]): 
The value is the same before and after calling `init_weights` of SegRefinerSemantic  

denoise_model.output_blocks.2.0.out_layers.0.bias - torch.Size([512]): 
The value is the same before and after calling `init_weights` of SegRefinerSemantic  

denoise_model.output_blocks.2.0.out_layers.3.weight - torch.Size([512, 512, 3, 3]): 
The value is the same before and after calling `init_weights` of SegRefinerSemantic  

denoise_model.output_blocks.2.0.out_layers.3.bias - torch.Size([512]): 
The value is the same before and after calling `init_weights` of SegRefinerSemantic  

denoise_model.output_blocks.2.0.skip_connection.weight - torch.Size([512, 1024, 1, 1]): 
The value is the same before and after calling `init_weights` of SegRefinerSemantic  

denoise_model.output_blocks.2.0.skip_connection.bias - torch.Size([512]): 
The value is the same before and after calling `init_weights` of SegRefinerSemantic  

denoise_model.output_blocks.2.1.norm.weight - torch.Size([512]): 
The value is the same before and after calling `init_weights` of SegRefinerSemantic  

denoise_model.output_blocks.2.1.norm.bias - torch.Size([512]): 
The value is the same before and after calling `init_weights` of SegRefinerSemantic  

denoise_model.output_blocks.2.1.qkv.weight - torch.Size([1536, 512, 1]): 
The value is the same before and after calling `init_weights` of SegRefinerSemantic  

denoise_model.output_blocks.2.1.qkv.bias - torch.Size([1536]): 
The value is the same before and after calling `init_weights` of SegRefinerSemantic  

denoise_model.output_blocks.2.1.proj_out.weight - torch.Size([512, 512, 1]): 
The value is the same before and after calling `init_weights` of SegRefinerSemantic  

denoise_model.output_blocks.2.1.proj_out.bias - torch.Size([512]): 
The value is the same before and after calling `init_weights` of SegRefinerSemantic  

denoise_model.output_blocks.2.2.conv.weight - torch.Size([512, 512, 3, 3]): 
The value is the same before and after calling `init_weights` of SegRefinerSemantic  

denoise_model.output_blocks.2.2.conv.bias - torch.Size([512]): 
The value is the same before and after calling `init_weights` of SegRefinerSemantic  

denoise_model.output_blocks.3.0.in_layers.0.weight - torch.Size([1024]): 
The value is the same before and after calling `init_weights` of SegRefinerSemantic  

denoise_model.output_blocks.3.0.in_layers.0.bias - torch.Size([1024]): 
The value is the same before and after calling `init_weights` of SegRefinerSemantic  

denoise_model.output_blocks.3.0.in_layers.2.weight - torch.Size([512, 1024, 3, 3]): 
The value is the same before and after calling `init_weights` of SegRefinerSemantic  

denoise_model.output_blocks.3.0.in_layers.2.bias - torch.Size([512]): 
The value is the same before and after calling `init_weights` of SegRefinerSemantic  

denoise_model.output_blocks.3.0.emb_layers.1.weight - torch.Size([512, 512]): 
The value is the same before and after calling `init_weights` of SegRefinerSemantic  

denoise_model.output_blocks.3.0.emb_layers.1.bias - torch.Size([512]): 
The value is the same before and after calling `init_weights` of SegRefinerSemantic  

denoise_model.output_blocks.3.0.out_layers.0.weight - torch.Size([512]): 
The value is the same before and after calling `init_weights` of SegRefinerSemantic  

denoise_model.output_blocks.3.0.out_layers.0.bias - torch.Size([512]): 
The value is the same before and after calling `init_weights` of SegRefinerSemantic  

denoise_model.output_blocks.3.0.out_layers.3.weight - torch.Size([512, 512, 3, 3]): 
The value is the same before and after calling `init_weights` of SegRefinerSemantic  

denoise_model.output_blocks.3.0.out_layers.3.bias - torch.Size([512]): 
The value is the same before and after calling `init_weights` of SegRefinerSemantic  

denoise_model.output_blocks.3.0.skip_connection.weight - torch.Size([512, 1024, 1, 1]): 
The value is the same before and after calling `init_weights` of SegRefinerSemantic  

denoise_model.output_blocks.3.0.skip_connection.bias - torch.Size([512]): 
The value is the same before and after calling `init_weights` of SegRefinerSemantic  

denoise_model.output_blocks.3.1.norm.weight - torch.Size([512]): 
The value is the same before and after calling `init_weights` of SegRefinerSemantic  

denoise_model.output_blocks.3.1.norm.bias - torch.Size([512]): 
The value is the same before and after calling `init_weights` of SegRefinerSemantic  

denoise_model.output_blocks.3.1.qkv.weight - torch.Size([1536, 512, 1]): 
The value is the same before and after calling `init_weights` of SegRefinerSemantic  

denoise_model.output_blocks.3.1.qkv.bias - torch.Size([1536]): 
The value is the same before and after calling `init_weights` of SegRefinerSemantic  

denoise_model.output_blocks.3.1.proj_out.weight - torch.Size([512, 512, 1]): 
The value is the same before and after calling `init_weights` of SegRefinerSemantic  

denoise_model.output_blocks.3.1.proj_out.bias - torch.Size([512]): 
The value is the same before and after calling `init_weights` of SegRefinerSemantic  

denoise_model.output_blocks.4.0.in_layers.0.weight - torch.Size([1024]): 
The value is the same before and after calling `init_weights` of SegRefinerSemantic  

denoise_model.output_blocks.4.0.in_layers.0.bias - torch.Size([1024]): 
The value is the same before and after calling `init_weights` of SegRefinerSemantic  

denoise_model.output_blocks.4.0.in_layers.2.weight - torch.Size([512, 1024, 3, 3]): 
The value is the same before and after calling `init_weights` of SegRefinerSemantic  

denoise_model.output_blocks.4.0.in_layers.2.bias - torch.Size([512]): 
The value is the same before and after calling `init_weights` of SegRefinerSemantic  

denoise_model.output_blocks.4.0.emb_layers.1.weight - torch.Size([512, 512]): 
The value is the same before and after calling `init_weights` of SegRefinerSemantic  

denoise_model.output_blocks.4.0.emb_layers.1.bias - torch.Size([512]): 
The value is the same before and after calling `init_weights` of SegRefinerSemantic  

denoise_model.output_blocks.4.0.out_layers.0.weight - torch.Size([512]): 
The value is the same before and after calling `init_weights` of SegRefinerSemantic  

denoise_model.output_blocks.4.0.out_layers.0.bias - torch.Size([512]): 
The value is the same before and after calling `init_weights` of SegRefinerSemantic  

denoise_model.output_blocks.4.0.out_layers.3.weight - torch.Size([512, 512, 3, 3]): 
The value is the same before and after calling `init_weights` of SegRefinerSemantic  

denoise_model.output_blocks.4.0.out_layers.3.bias - torch.Size([512]): 
The value is the same before and after calling `init_weights` of SegRefinerSemantic  

denoise_model.output_blocks.4.0.skip_connection.weight - torch.Size([512, 1024, 1, 1]): 
The value is the same before and after calling `init_weights` of SegRefinerSemantic  

denoise_model.output_blocks.4.0.skip_connection.bias - torch.Size([512]): 
The value is the same before and after calling `init_weights` of SegRefinerSemantic  

denoise_model.output_blocks.4.1.norm.weight - torch.Size([512]): 
The value is the same before and after calling `init_weights` of SegRefinerSemantic  

denoise_model.output_blocks.4.1.norm.bias - torch.Size([512]): 
The value is the same before and after calling `init_weights` of SegRefinerSemantic  

denoise_model.output_blocks.4.1.qkv.weight - torch.Size([1536, 512, 1]): 
The value is the same before and after calling `init_weights` of SegRefinerSemantic  

denoise_model.output_blocks.4.1.qkv.bias - torch.Size([1536]): 
The value is the same before and after calling `init_weights` of SegRefinerSemantic  

denoise_model.output_blocks.4.1.proj_out.weight - torch.Size([512, 512, 1]): 
The value is the same before and after calling `init_weights` of SegRefinerSemantic  

denoise_model.output_blocks.4.1.proj_out.bias - torch.Size([512]): 
The value is the same before and after calling `init_weights` of SegRefinerSemantic  

denoise_model.output_blocks.5.0.in_layers.0.weight - torch.Size([768]): 
The value is the same before and after calling `init_weights` of SegRefinerSemantic  

denoise_model.output_blocks.5.0.in_layers.0.bias - torch.Size([768]): 
The value is the same before and after calling `init_weights` of SegRefinerSemantic  

denoise_model.output_blocks.5.0.in_layers.2.weight - torch.Size([512, 768, 3, 3]): 
The value is the same before and after calling `init_weights` of SegRefinerSemantic  

denoise_model.output_blocks.5.0.in_layers.2.bias - torch.Size([512]): 
The value is the same before and after calling `init_weights` of SegRefinerSemantic  

denoise_model.output_blocks.5.0.emb_layers.1.weight - torch.Size([512, 512]): 
The value is the same before and after calling `init_weights` of SegRefinerSemantic  

denoise_model.output_blocks.5.0.emb_layers.1.bias - torch.Size([512]): 
The value is the same before and after calling `init_weights` of SegRefinerSemantic  

denoise_model.output_blocks.5.0.out_layers.0.weight - torch.Size([512]): 
The value is the same before and after calling `init_weights` of SegRefinerSemantic  

denoise_model.output_blocks.5.0.out_layers.0.bias - torch.Size([512]): 
The value is the same before and after calling `init_weights` of SegRefinerSemantic  

denoise_model.output_blocks.5.0.out_layers.3.weight - torch.Size([512, 512, 3, 3]): 
The value is the same before and after calling `init_weights` of SegRefinerSemantic  

denoise_model.output_blocks.5.0.out_layers.3.bias - torch.Size([512]): 
The value is the same before and after calling `init_weights` of SegRefinerSemantic  

denoise_model.output_blocks.5.0.skip_connection.weight - torch.Size([512, 768, 1, 1]): 
The value is the same before and after calling `init_weights` of SegRefinerSemantic  

denoise_model.output_blocks.5.0.skip_connection.bias - torch.Size([512]): 
The value is the same before and after calling `init_weights` of SegRefinerSemantic  

denoise_model.output_blocks.5.1.norm.weight - torch.Size([512]): 
The value is the same before and after calling `init_weights` of SegRefinerSemantic  

denoise_model.output_blocks.5.1.norm.bias - torch.Size([512]): 
The value is the same before and after calling `init_weights` of SegRefinerSemantic  

denoise_model.output_blocks.5.1.qkv.weight - torch.Size([1536, 512, 1]): 
The value is the same before and after calling `init_weights` of SegRefinerSemantic  

denoise_model.output_blocks.5.1.qkv.bias - torch.Size([1536]): 
The value is the same before and after calling `init_weights` of SegRefinerSemantic  

denoise_model.output_blocks.5.1.proj_out.weight - torch.Size([512, 512, 1]): 
The value is the same before and after calling `init_weights` of SegRefinerSemantic  

denoise_model.output_blocks.5.1.proj_out.bias - torch.Size([512]): 
The value is the same before and after calling `init_weights` of SegRefinerSemantic  

denoise_model.output_blocks.5.2.conv.weight - torch.Size([512, 512, 3, 3]): 
The value is the same before and after calling `init_weights` of SegRefinerSemantic  

denoise_model.output_blocks.5.2.conv.bias - torch.Size([512]): 
The value is the same before and after calling `init_weights` of SegRefinerSemantic  

denoise_model.output_blocks.6.0.in_layers.0.weight - torch.Size([768]): 
The value is the same before and after calling `init_weights` of SegRefinerSemantic  

denoise_model.output_blocks.6.0.in_layers.0.bias - torch.Size([768]): 
The value is the same before and after calling `init_weights` of SegRefinerSemantic  

denoise_model.output_blocks.6.0.in_layers.2.weight - torch.Size([256, 768, 3, 3]): 
The value is the same before and after calling `init_weights` of SegRefinerSemantic  

denoise_model.output_blocks.6.0.in_layers.2.bias - torch.Size([256]): 
The value is the same before and after calling `init_weights` of SegRefinerSemantic  

denoise_model.output_blocks.6.0.emb_layers.1.weight - torch.Size([256, 512]): 
The value is the same before and after calling `init_weights` of SegRefinerSemantic  

denoise_model.output_blocks.6.0.emb_layers.1.bias - torch.Size([256]): 
The value is the same before and after calling `init_weights` of SegRefinerSemantic  

denoise_model.output_blocks.6.0.out_layers.0.weight - torch.Size([256]): 
The value is the same before and after calling `init_weights` of SegRefinerSemantic  

denoise_model.output_blocks.6.0.out_layers.0.bias - torch.Size([256]): 
The value is the same before and after calling `init_weights` of SegRefinerSemantic  

denoise_model.output_blocks.6.0.out_layers.3.weight - torch.Size([256, 256, 3, 3]): 
The value is the same before and after calling `init_weights` of SegRefinerSemantic  

denoise_model.output_blocks.6.0.out_layers.3.bias - torch.Size([256]): 
The value is the same before and after calling `init_weights` of SegRefinerSemantic  

denoise_model.output_blocks.6.0.skip_connection.weight - torch.Size([256, 768, 1, 1]): 
The value is the same before and after calling `init_weights` of SegRefinerSemantic  

denoise_model.output_blocks.6.0.skip_connection.bias - torch.Size([256]): 
The value is the same before and after calling `init_weights` of SegRefinerSemantic  

denoise_model.output_blocks.7.0.in_layers.0.weight - torch.Size([512]): 
The value is the same before and after calling `init_weights` of SegRefinerSemantic  

denoise_model.output_blocks.7.0.in_layers.0.bias - torch.Size([512]): 
The value is the same before and after calling `init_weights` of SegRefinerSemantic  

denoise_model.output_blocks.7.0.in_layers.2.weight - torch.Size([256, 512, 3, 3]): 
The value is the same before and after calling `init_weights` of SegRefinerSemantic  

denoise_model.output_blocks.7.0.in_layers.2.bias - torch.Size([256]): 
The value is the same before and after calling `init_weights` of SegRefinerSemantic  

denoise_model.output_blocks.7.0.emb_layers.1.weight - torch.Size([256, 512]): 
The value is the same before and after calling `init_weights` of SegRefinerSemantic  

denoise_model.output_blocks.7.0.emb_layers.1.bias - torch.Size([256]): 
The value is the same before and after calling `init_weights` of SegRefinerSemantic  

denoise_model.output_blocks.7.0.out_layers.0.weight - torch.Size([256]): 
The value is the same before and after calling `init_weights` of SegRefinerSemantic  

denoise_model.output_blocks.7.0.out_layers.0.bias - torch.Size([256]): 
The value is the same before and after calling `init_weights` of SegRefinerSemantic  

denoise_model.output_blocks.7.0.out_layers.3.weight - torch.Size([256, 256, 3, 3]): 
The value is the same before and after calling `init_weights` of SegRefinerSemantic  

denoise_model.output_blocks.7.0.out_layers.3.bias - torch.Size([256]): 
The value is the same before and after calling `init_weights` of SegRefinerSemantic  

denoise_model.output_blocks.7.0.skip_connection.weight - torch.Size([256, 512, 1, 1]): 
The value is the same before and after calling `init_weights` of SegRefinerSemantic  

denoise_model.output_blocks.7.0.skip_connection.bias - torch.Size([256]): 
The value is the same before and after calling `init_weights` of SegRefinerSemantic  

denoise_model.output_blocks.8.0.in_layers.0.weight - torch.Size([512]): 
The value is the same before and after calling `init_weights` of SegRefinerSemantic  

denoise_model.output_blocks.8.0.in_layers.0.bias - torch.Size([512]): 
The value is the same before and after calling `init_weights` of SegRefinerSemantic  

denoise_model.output_blocks.8.0.in_layers.2.weight - torch.Size([256, 512, 3, 3]): 
The value is the same before and after calling `init_weights` of SegRefinerSemantic  

denoise_model.output_blocks.8.0.in_layers.2.bias - torch.Size([256]): 
The value is the same before and after calling `init_weights` of SegRefinerSemantic  

denoise_model.output_blocks.8.0.emb_layers.1.weight - torch.Size([256, 512]): 
The value is the same before and after calling `init_weights` of SegRefinerSemantic  

denoise_model.output_blocks.8.0.emb_layers.1.bias - torch.Size([256]): 
The value is the same before and after calling `init_weights` of SegRefinerSemantic  

denoise_model.output_blocks.8.0.out_layers.0.weight - torch.Size([256]): 
The value is the same before and after calling `init_weights` of SegRefinerSemantic  

denoise_model.output_blocks.8.0.out_layers.0.bias - torch.Size([256]): 
The value is the same before and after calling `init_weights` of SegRefinerSemantic  

denoise_model.output_blocks.8.0.out_layers.3.weight - torch.Size([256, 256, 3, 3]): 
The value is the same before and after calling `init_weights` of SegRefinerSemantic  

denoise_model.output_blocks.8.0.out_layers.3.bias - torch.Size([256]): 
The value is the same before and after calling `init_weights` of SegRefinerSemantic  

denoise_model.output_blocks.8.0.skip_connection.weight - torch.Size([256, 512, 1, 1]): 
The value is the same before and after calling `init_weights` of SegRefinerSemantic  

denoise_model.output_blocks.8.0.skip_connection.bias - torch.Size([256]): 
The value is the same before and after calling `init_weights` of SegRefinerSemantic  

denoise_model.output_blocks.8.1.conv.weight - torch.Size([256, 256, 3, 3]): 
The value is the same before and after calling `init_weights` of SegRefinerSemantic  

denoise_model.output_blocks.8.1.conv.bias - torch.Size([256]): 
The value is the same before and after calling `init_weights` of SegRefinerSemantic  

denoise_model.output_blocks.9.0.in_layers.0.weight - torch.Size([512]): 
The value is the same before and after calling `init_weights` of SegRefinerSemantic  

denoise_model.output_blocks.9.0.in_layers.0.bias - torch.Size([512]): 
The value is the same before and after calling `init_weights` of SegRefinerSemantic  

denoise_model.output_blocks.9.0.in_layers.2.weight - torch.Size([256, 512, 3, 3]): 
The value is the same before and after calling `init_weights` of SegRefinerSemantic  

denoise_model.output_blocks.9.0.in_layers.2.bias - torch.Size([256]): 
The value is the same before and after calling `init_weights` of SegRefinerSemantic  

denoise_model.output_blocks.9.0.emb_layers.1.weight - torch.Size([256, 512]): 
The value is the same before and after calling `init_weights` of SegRefinerSemantic  

denoise_model.output_blocks.9.0.emb_layers.1.bias - torch.Size([256]): 
The value is the same before and after calling `init_weights` of SegRefinerSemantic  

denoise_model.output_blocks.9.0.out_layers.0.weight - torch.Size([256]): 
The value is the same before and after calling `init_weights` of SegRefinerSemantic  

denoise_model.output_blocks.9.0.out_layers.0.bias - torch.Size([256]): 
The value is the same before and after calling `init_weights` of SegRefinerSemantic  

denoise_model.output_blocks.9.0.out_layers.3.weight - torch.Size([256, 256, 3, 3]): 
The value is the same before and after calling `init_weights` of SegRefinerSemantic  

denoise_model.output_blocks.9.0.out_layers.3.bias - torch.Size([256]): 
The value is the same before and after calling `init_weights` of SegRefinerSemantic  

denoise_model.output_blocks.9.0.skip_connection.weight - torch.Size([256, 512, 1, 1]): 
The value is the same before and after calling `init_weights` of SegRefinerSemantic  

denoise_model.output_blocks.9.0.skip_connection.bias - torch.Size([256]): 
The value is the same before and after calling `init_weights` of SegRefinerSemantic  

denoise_model.output_blocks.10.0.in_layers.0.weight - torch.Size([512]): 
The value is the same before and after calling `init_weights` of SegRefinerSemantic  

denoise_model.output_blocks.10.0.in_layers.0.bias - torch.Size([512]): 
The value is the same before and after calling `init_weights` of SegRefinerSemantic  

denoise_model.output_blocks.10.0.in_layers.2.weight - torch.Size([256, 512, 3, 3]): 
The value is the same before and after calling `init_weights` of SegRefinerSemantic  

denoise_model.output_blocks.10.0.in_layers.2.bias - torch.Size([256]): 
The value is the same before and after calling `init_weights` of SegRefinerSemantic  

denoise_model.output_blocks.10.0.emb_layers.1.weight - torch.Size([256, 512]): 
The value is the same before and after calling `init_weights` of SegRefinerSemantic  

denoise_model.output_blocks.10.0.emb_layers.1.bias - torch.Size([256]): 
The value is the same before and after calling `init_weights` of SegRefinerSemantic  

denoise_model.output_blocks.10.0.out_layers.0.weight - torch.Size([256]): 
The value is the same before and after calling `init_weights` of SegRefinerSemantic  

denoise_model.output_blocks.10.0.out_layers.0.bias - torch.Size([256]): 
The value is the same before and after calling `init_weights` of SegRefinerSemantic  

denoise_model.output_blocks.10.0.out_layers.3.weight - torch.Size([256, 256, 3, 3]): 
The value is the same before and after calling `init_weights` of SegRefinerSemantic  

denoise_model.output_blocks.10.0.out_layers.3.bias - torch.Size([256]): 
The value is the same before and after calling `init_weights` of SegRefinerSemantic  

denoise_model.output_blocks.10.0.skip_connection.weight - torch.Size([256, 512, 1, 1]): 
The value is the same before and after calling `init_weights` of SegRefinerSemantic  

denoise_model.output_blocks.10.0.skip_connection.bias - torch.Size([256]): 
The value is the same before and after calling `init_weights` of SegRefinerSemantic  

denoise_model.output_blocks.11.0.in_layers.0.weight - torch.Size([384]): 
The value is the same before and after calling `init_weights` of SegRefinerSemantic  

denoise_model.output_blocks.11.0.in_layers.0.bias - torch.Size([384]): 
The value is the same before and after calling `init_weights` of SegRefinerSemantic  

denoise_model.output_blocks.11.0.in_layers.2.weight - torch.Size([256, 384, 3, 3]): 
The value is the same before and after calling `init_weights` of SegRefinerSemantic  

denoise_model.output_blocks.11.0.in_layers.2.bias - torch.Size([256]): 
The value is the same before and after calling `init_weights` of SegRefinerSemantic  

denoise_model.output_blocks.11.0.emb_layers.1.weight - torch.Size([256, 512]): 
The value is the same before and after calling `init_weights` of SegRefinerSemantic  

denoise_model.output_blocks.11.0.emb_layers.1.bias - torch.Size([256]): 
The value is the same before and after calling `init_weights` of SegRefinerSemantic  

denoise_model.output_blocks.11.0.out_layers.0.weight - torch.Size([256]): 
The value is the same before and after calling `init_weights` of SegRefinerSemantic  

denoise_model.output_blocks.11.0.out_layers.0.bias - torch.Size([256]): 
The value is the same before and after calling `init_weights` of SegRefinerSemantic  

denoise_model.output_blocks.11.0.out_layers.3.weight - torch.Size([256, 256, 3, 3]): 
The value is the same before and after calling `init_weights` of SegRefinerSemantic  

denoise_model.output_blocks.11.0.out_layers.3.bias - torch.Size([256]): 
The value is the same before and after calling `init_weights` of SegRefinerSemantic  

denoise_model.output_blocks.11.0.skip_connection.weight - torch.Size([256, 384, 1, 1]): 
The value is the same before and after calling `init_weights` of SegRefinerSemantic  

denoise_model.output_blocks.11.0.skip_connection.bias - torch.Size([256]): 
The value is the same before and after calling `init_weights` of SegRefinerSemantic  

denoise_model.output_blocks.11.1.conv.weight - torch.Size([256, 256, 3, 3]): 
The value is the same before and after calling `init_weights` of SegRefinerSemantic  

denoise_model.output_blocks.11.1.conv.bias - torch.Size([256]): 
The value is the same before and after calling `init_weights` of SegRefinerSemantic  

denoise_model.output_blocks.12.0.in_layers.0.weight - torch.Size([384]): 
The value is the same before and after calling `init_weights` of SegRefinerSemantic  

denoise_model.output_blocks.12.0.in_layers.0.bias - torch.Size([384]): 
The value is the same before and after calling `init_weights` of SegRefinerSemantic  

denoise_model.output_blocks.12.0.in_layers.2.weight - torch.Size([128, 384, 3, 3]): 
The value is the same before and after calling `init_weights` of SegRefinerSemantic  

denoise_model.output_blocks.12.0.in_layers.2.bias - torch.Size([128]): 
The value is the same before and after calling `init_weights` of SegRefinerSemantic  

denoise_model.output_blocks.12.0.emb_layers.1.weight - torch.Size([128, 512]): 
The value is the same before and after calling `init_weights` of SegRefinerSemantic  

denoise_model.output_blocks.12.0.emb_layers.1.bias - torch.Size([128]): 
The value is the same before and after calling `init_weights` of SegRefinerSemantic  

denoise_model.output_blocks.12.0.out_layers.0.weight - torch.Size([128]): 
The value is the same before and after calling `init_weights` of SegRefinerSemantic  

denoise_model.output_blocks.12.0.out_layers.0.bias - torch.Size([128]): 
The value is the same before and after calling `init_weights` of SegRefinerSemantic  

denoise_model.output_blocks.12.0.out_layers.3.weight - torch.Size([128, 128, 3, 3]): 
The value is the same before and after calling `init_weights` of SegRefinerSemantic  

denoise_model.output_blocks.12.0.out_layers.3.bias - torch.Size([128]): 
The value is the same before and after calling `init_weights` of SegRefinerSemantic  

denoise_model.output_blocks.12.0.skip_connection.weight - torch.Size([128, 384, 1, 1]): 
The value is the same before and after calling `init_weights` of SegRefinerSemantic  

denoise_model.output_blocks.12.0.skip_connection.bias - torch.Size([128]): 
The value is the same before and after calling `init_weights` of SegRefinerSemantic  

denoise_model.output_blocks.13.0.in_layers.0.weight - torch.Size([256]): 
The value is the same before and after calling `init_weights` of SegRefinerSemantic  

denoise_model.output_blocks.13.0.in_layers.0.bias - torch.Size([256]): 
The value is the same before and after calling `init_weights` of SegRefinerSemantic  

denoise_model.output_blocks.13.0.in_layers.2.weight - torch.Size([128, 256, 3, 3]): 
The value is the same before and after calling `init_weights` of SegRefinerSemantic  

denoise_model.output_blocks.13.0.in_layers.2.bias - torch.Size([128]): 
The value is the same before and after calling `init_weights` of SegRefinerSemantic  

denoise_model.output_blocks.13.0.emb_layers.1.weight - torch.Size([128, 512]): 
The value is the same before and after calling `init_weights` of SegRefinerSemantic  

denoise_model.output_blocks.13.0.emb_layers.1.bias - torch.Size([128]): 
The value is the same before and after calling `init_weights` of SegRefinerSemantic  

denoise_model.output_blocks.13.0.out_layers.0.weight - torch.Size([128]): 
The value is the same before and after calling `init_weights` of SegRefinerSemantic  

denoise_model.output_blocks.13.0.out_layers.0.bias - torch.Size([128]): 
The value is the same before and after calling `init_weights` of SegRefinerSemantic  

denoise_model.output_blocks.13.0.out_layers.3.weight - torch.Size([128, 128, 3, 3]): 
The value is the same before and after calling `init_weights` of SegRefinerSemantic  

denoise_model.output_blocks.13.0.out_layers.3.bias - torch.Size([128]): 
The value is the same before and after calling `init_weights` of SegRefinerSemantic  

denoise_model.output_blocks.13.0.skip_connection.weight - torch.Size([128, 256, 1, 1]): 
The value is the same before and after calling `init_weights` of SegRefinerSemantic  

denoise_model.output_blocks.13.0.skip_connection.bias - torch.Size([128]): 
The value is the same before and after calling `init_weights` of SegRefinerSemantic  

denoise_model.output_blocks.14.0.in_layers.0.weight - torch.Size([256]): 
The value is the same before and after calling `init_weights` of SegRefinerSemantic  

denoise_model.output_blocks.14.0.in_layers.0.bias - torch.Size([256]): 
The value is the same before and after calling `init_weights` of SegRefinerSemantic  

denoise_model.output_blocks.14.0.in_layers.2.weight - torch.Size([128, 256, 3, 3]): 
The value is the same before and after calling `init_weights` of SegRefinerSemantic  

denoise_model.output_blocks.14.0.in_layers.2.bias - torch.Size([128]): 
The value is the same before and after calling `init_weights` of SegRefinerSemantic  

denoise_model.output_blocks.14.0.emb_layers.1.weight - torch.Size([128, 512]): 
The value is the same before and after calling `init_weights` of SegRefinerSemantic  

denoise_model.output_blocks.14.0.emb_layers.1.bias - torch.Size([128]): 
The value is the same before and after calling `init_weights` of SegRefinerSemantic  

denoise_model.output_blocks.14.0.out_layers.0.weight - torch.Size([128]): 
The value is the same before and after calling `init_weights` of SegRefinerSemantic  

denoise_model.output_blocks.14.0.out_layers.0.bias - torch.Size([128]): 
The value is the same before and after calling `init_weights` of SegRefinerSemantic  

denoise_model.output_blocks.14.0.out_layers.3.weight - torch.Size([128, 128, 3, 3]): 
The value is the same before and after calling `init_weights` of SegRefinerSemantic  

denoise_model.output_blocks.14.0.out_layers.3.bias - torch.Size([128]): 
The value is the same before and after calling `init_weights` of SegRefinerSemantic  

denoise_model.output_blocks.14.0.skip_connection.weight - torch.Size([128, 256, 1, 1]): 
The value is the same before and after calling `init_weights` of SegRefinerSemantic  

denoise_model.output_blocks.14.0.skip_connection.bias - torch.Size([128]): 
The value is the same before and after calling `init_weights` of SegRefinerSemantic  

denoise_model.output_blocks.14.1.conv.weight - torch.Size([128, 128, 3, 3]): 
The value is the same before and after calling `init_weights` of SegRefinerSemantic  

denoise_model.output_blocks.14.1.conv.bias - torch.Size([128]): 
The value is the same before and after calling `init_weights` of SegRefinerSemantic  

denoise_model.output_blocks.15.0.in_layers.0.weight - torch.Size([256]): 
The value is the same before and after calling `init_weights` of SegRefinerSemantic  

denoise_model.output_blocks.15.0.in_layers.0.bias - torch.Size([256]): 
The value is the same before and after calling `init_weights` of SegRefinerSemantic  

denoise_model.output_blocks.15.0.in_layers.2.weight - torch.Size([128, 256, 3, 3]): 
The value is the same before and after calling `init_weights` of SegRefinerSemantic  

denoise_model.output_blocks.15.0.in_layers.2.bias - torch.Size([128]): 
The value is the same before and after calling `init_weights` of SegRefinerSemantic  

denoise_model.output_blocks.15.0.emb_layers.1.weight - torch.Size([128, 512]): 
The value is the same before and after calling `init_weights` of SegRefinerSemantic  

denoise_model.output_blocks.15.0.emb_layers.1.bias - torch.Size([128]): 
The value is the same before and after calling `init_weights` of SegRefinerSemantic  

denoise_model.output_blocks.15.0.out_layers.0.weight - torch.Size([128]): 
The value is the same before and after calling `init_weights` of SegRefinerSemantic  

denoise_model.output_blocks.15.0.out_layers.0.bias - torch.Size([128]): 
The value is the same before and after calling `init_weights` of SegRefinerSemantic  

denoise_model.output_blocks.15.0.out_layers.3.weight - torch.Size([128, 128, 3, 3]): 
The value is the same before and after calling `init_weights` of SegRefinerSemantic  

denoise_model.output_blocks.15.0.out_layers.3.bias - torch.Size([128]): 
The value is the same before and after calling `init_weights` of SegRefinerSemantic  

denoise_model.output_blocks.15.0.skip_connection.weight - torch.Size([128, 256, 1, 1]): 
The value is the same before and after calling `init_weights` of SegRefinerSemantic  

denoise_model.output_blocks.15.0.skip_connection.bias - torch.Size([128]): 
The value is the same before and after calling `init_weights` of SegRefinerSemantic  

denoise_model.output_blocks.16.0.in_layers.0.weight - torch.Size([256]): 
The value is the same before and after calling `init_weights` of SegRefinerSemantic  

denoise_model.output_blocks.16.0.in_layers.0.bias - torch.Size([256]): 
The value is the same before and after calling `init_weights` of SegRefinerSemantic  

denoise_model.output_blocks.16.0.in_layers.2.weight - torch.Size([128, 256, 3, 3]): 
The value is the same before and after calling `init_weights` of SegRefinerSemantic  

denoise_model.output_blocks.16.0.in_layers.2.bias - torch.Size([128]): 
The value is the same before and after calling `init_weights` of SegRefinerSemantic  

denoise_model.output_blocks.16.0.emb_layers.1.weight - torch.Size([128, 512]): 
The value is the same before and after calling `init_weights` of SegRefinerSemantic  

denoise_model.output_blocks.16.0.emb_layers.1.bias - torch.Size([128]): 
The value is the same before and after calling `init_weights` of SegRefinerSemantic  

denoise_model.output_blocks.16.0.out_layers.0.weight - torch.Size([128]): 
The value is the same before and after calling `init_weights` of SegRefinerSemantic  

denoise_model.output_blocks.16.0.out_layers.0.bias - torch.Size([128]): 
The value is the same before and after calling `init_weights` of SegRefinerSemantic  

denoise_model.output_blocks.16.0.out_layers.3.weight - torch.Size([128, 128, 3, 3]): 
The value is the same before and after calling `init_weights` of SegRefinerSemantic  

denoise_model.output_blocks.16.0.out_layers.3.bias - torch.Size([128]): 
The value is the same before and after calling `init_weights` of SegRefinerSemantic  

denoise_model.output_blocks.16.0.skip_connection.weight - torch.Size([128, 256, 1, 1]): 
The value is the same before and after calling `init_weights` of SegRefinerSemantic  

denoise_model.output_blocks.16.0.skip_connection.bias - torch.Size([128]): 
The value is the same before and after calling `init_weights` of SegRefinerSemantic  

denoise_model.output_blocks.17.0.in_layers.0.weight - torch.Size([256]): 
The value is the same before and after calling `init_weights` of SegRefinerSemantic  

denoise_model.output_blocks.17.0.in_layers.0.bias - torch.Size([256]): 
The value is the same before and after calling `init_weights` of SegRefinerSemantic  

denoise_model.output_blocks.17.0.in_layers.2.weight - torch.Size([128, 256, 3, 3]): 
The value is the same before and after calling `init_weights` of SegRefinerSemantic  

denoise_model.output_blocks.17.0.in_layers.2.bias - torch.Size([128]): 
The value is the same before and after calling `init_weights` of SegRefinerSemantic  

denoise_model.output_blocks.17.0.emb_layers.1.weight - torch.Size([128, 512]): 
The value is the same before and after calling `init_weights` of SegRefinerSemantic  

denoise_model.output_blocks.17.0.emb_layers.1.bias - torch.Size([128]): 
The value is the same before and after calling `init_weights` of SegRefinerSemantic  

denoise_model.output_blocks.17.0.out_layers.0.weight - torch.Size([128]): 
The value is the same before and after calling `init_weights` of SegRefinerSemantic  

denoise_model.output_blocks.17.0.out_layers.0.bias - torch.Size([128]): 
The value is the same before and after calling `init_weights` of SegRefinerSemantic  

denoise_model.output_blocks.17.0.out_layers.3.weight - torch.Size([128, 128, 3, 3]): 
The value is the same before and after calling `init_weights` of SegRefinerSemantic  

denoise_model.output_blocks.17.0.out_layers.3.bias - torch.Size([128]): 
The value is the same before and after calling `init_weights` of SegRefinerSemantic  

denoise_model.output_blocks.17.0.skip_connection.weight - torch.Size([128, 256, 1, 1]): 
The value is the same before and after calling `init_weights` of SegRefinerSemantic  

denoise_model.output_blocks.17.0.skip_connection.bias - torch.Size([128]): 
The value is the same before and after calling `init_weights` of SegRefinerSemantic  

denoise_model.out.0.weight - torch.Size([128]): 
The value is the same before and after calling `init_weights` of SegRefinerSemantic  

denoise_model.out.0.bias - torch.Size([128]): 
The value is the same before and after calling `init_weights` of SegRefinerSemantic  

denoise_model.out.2.weight - torch.Size([1, 128, 3, 3]): 
The value is the same before and after calling `init_weights` of SegRefinerSemantic  

denoise_model.out.2.bias - torch.Size([1]): 
The value is the same before and after calling `init_weights` of SegRefinerSemantic  

loss_texture.sobel.conv_x.weight - torch.Size([1, 1, 3, 3]): 
The value is the same before and after calling `init_weights` of SegRefinerSemantic  

loss_texture.sobel.conv_y.weight - torch.Size([1, 1, 3, 3]): 
The value is the same before and after calling `init_weights` of SegRefinerSemantic  
2026-04-30 01:55:08,819 - mmdet - INFO - Automatic scaling of learning rate (LR) has been disabled.
2026-04-30 01:55:08,823 - mmdet - INFO - Start running, host: ubuntu@ip-172-31-22-110, work_dir: /home/ubuntu/vy/Denoiser/SegRefiner/work_dirs/exp8_all
2026-04-30 01:55:08,823 - mmdet - INFO - Hooks will be executed in the following order:
before_run:
(VERY_HIGH   ) StepLrUpdaterHook                  
(NORMAL      ) CheckpointHook                     
(VERY_LOW    ) TextLoggerHook                     
 -------------------- 
before_train_epoch:
(VERY_HIGH   ) StepLrUpdaterHook                  
(LOW         ) IterTimerHook                      
(VERY_LOW    ) TextLoggerHook                     
 -------------------- 
before_train_iter:
(VERY_HIGH   ) StepLrUpdaterHook                  
(LOW         ) IterTimerHook                      
 -------------------- 
after_train_iter:
(ABOVE_NORMAL) OptimizerHook                      
(NORMAL      ) CheckpointHook                     
(LOW         ) IterTimerHook                      
(LOW         ) OEMBuildingEvalHook                
(VERY_LOW    ) TextLoggerHook                     
 -------------------- 
after_train_epoch:
(NORMAL      ) CheckpointHook                     
(VERY_LOW    ) TextLoggerHook                     
 -------------------- 
before_val_epoch:
(LOW         ) IterTimerHook                      
(VERY_LOW    ) TextLoggerHook                     
 -------------------- 
before_val_iter:
(LOW         ) IterTimerHook                      
 -------------------- 
after_val_iter:
(LOW         ) IterTimerHook                      
 -------------------- 
after_val_epoch:
(VERY_LOW    ) TextLoggerHook                     
 -------------------- 
after_run:
(VERY_LOW    ) TextLoggerHook                     
 -------------------- 
2026-04-30 01:55:08,823 - mmdet - INFO - workflow: [('train', 1)], max: 30000 iters
2026-04-30 01:55:08,823 - mmdet - INFO - Checkpoints will be saved to /home/ubuntu/vy/Denoiser/SegRefiner/work_dirs/exp8_all by HardDiskBackend.
2026-04-30 01:55:47,069 - mmdet - INFO - Iter [25/30000]	lr: 1.000e-04, eta: 9:59:59, time: 1.201, data_time: 0.087, memory: 37111, loss_mask: 0.7493, loss_texture: 0.0964, iou: 0.2746, loss: 0.8458
2026-04-30 01:56:14,749 - mmdet - INFO - Iter [50/30000]	lr: 1.000e-04, eta: 9:36:05, time: 1.107, data_time: 0.011, memory: 37111, loss_mask: 0.4630, loss_texture: 0.0873, iou: 0.5087, loss: 0.5503
2026-04-30 01:56:42,597 - mmdet - INFO - Iter [75/30000]	lr: 1.000e-04, eta: 9:28:55, time: 1.114, data_time: 0.012, memory: 37111, loss_mask: 0.4151, loss_texture: 0.0927, iou: 0.5911, loss: 0.5079
2026-04-30 01:57:10,318 - mmdet - INFO - Iter [100/30000]	lr: 1.000e-04, eta: 9:24:29, time: 1.109, data_time: 0.012, memory: 37111, loss_mask: 0.3700, loss_texture: 0.0905, iou: 0.6182, loss: 0.4605
2026-04-30 01:57:38,015 - mmdet - INFO - Iter [125/30000]	lr: 1.000e-04, eta: 9:21:32, time: 1.108, data_time: 0.012, memory: 37111, loss_mask: 0.3510, loss_texture: 0.0876, iou: 0.6396, loss: 0.4386
2026-04-30 01:58:05,843 - mmdet - INFO - Iter [150/30000]	lr: 1.000e-04, eta: 9:19:50, time: 1.113, data_time: 0.012, memory: 37111, loss_mask: 0.3181, loss_texture: 0.0878, iou: 0.6458, loss: 0.4059
2026-04-30 01:58:33,415 - mmdet - INFO - Iter [175/30000]	lr: 1.000e-04, eta: 9:17:47, time: 1.103, data_time: 0.011, memory: 37111, loss_mask: 0.3351, loss_texture: 0.0839, iou: 0.6451, loss: 0.4190
2026-04-30 01:59:01,303 - mmdet - INFO - Iter [200/30000]	lr: 1.000e-04, eta: 9:16:54, time: 1.115, data_time: 0.012, memory: 37111, loss_mask: 0.2889, loss_texture: 0.0845, iou: 0.6760, loss: 0.3734
2026-04-30 01:59:28,863 - mmdet - INFO - Iter [225/30000]	lr: 1.000e-04, eta: 9:15:23, time: 1.102, data_time: 0.011, memory: 37111, loss_mask: 0.2795, loss_texture: 0.0779, iou: 0.6930, loss: 0.3574
2026-04-30 01:59:56,821 - mmdet - INFO - Iter [250/30000]	lr: 1.000e-04, eta: 9:14:53, time: 1.118, data_time: 0.012, memory: 37111, loss_mask: 0.2764, loss_texture: 0.0768, iou: 0.6706, loss: 0.3533
2026-04-30 02:00:24,549 - mmdet - INFO - Iter [275/30000]	lr: 1.000e-04, eta: 9:13:58, time: 1.109, data_time: 0.012, memory: 37111, loss_mask: 0.2896, loss_texture: 0.0823, iou: 0.6759, loss: 0.3719
2026-04-30 02:00:52,283 - mmdet - INFO - Iter [300/30000]	lr: 1.000e-04, eta: 9:13:08, time: 1.109, data_time: 0.012, memory: 37111, loss_mask: 0.2413, loss_texture: 0.0696, iou: 0.6779, loss: 0.3109
2026-04-30 02:01:20,079 - mmdet - INFO - Iter [325/30000]	lr: 1.000e-04, eta: 9:12:27, time: 1.112, data_time: 0.012, memory: 37111, loss_mask: 0.2960, loss_texture: 0.0816, iou: 0.6854, loss: 0.3776
2026-04-30 02:01:47,849 - mmdet - INFO - Iter [350/30000]	lr: 1.000e-04, eta: 9:11:46, time: 1.111, data_time: 0.012, memory: 37111, loss_mask: 0.2663, loss_texture: 0.0764, iou: 0.7168, loss: 0.3427
2026-04-30 02:02:15,452 - mmdet - INFO - Iter [375/30000]	lr: 1.000e-04, eta: 9:10:54, time: 1.104, data_time: 0.012, memory: 37111, loss_mask: 0.2547, loss_texture: 0.0763, iou: 0.7025, loss: 0.3310
2026-04-30 02:02:43,205 - mmdet - INFO - Iter [400/30000]	lr: 1.000e-04, eta: 9:10:15, time: 1.110, data_time: 0.013, memory: 37111, loss_mask: 0.2203, loss_texture: 0.0682, iou: 0.7165, loss: 0.2884
2026-04-30 02:03:10,902 - mmdet - INFO - Iter [425/30000]	lr: 1.000e-04, eta: 9:09:34, time: 1.108, data_time: 0.012, memory: 37111, loss_mask: 0.2316, loss_texture: 0.0693, iou: 0.6988, loss: 0.3009
2026-04-30 02:03:38,651 - mmdet - INFO - Iter [450/30000]	lr: 1.000e-04, eta: 9:08:58, time: 1.110, data_time: 0.012, memory: 37111, loss_mask: 0.2239, loss_texture: 0.0705, iou: 0.7363, loss: 0.2944
2026-04-30 02:04:06,547 - mmdet - INFO - Iter [475/30000]	lr: 1.000e-04, eta: 9:08:32, time: 1.116, data_time: 0.012, memory: 37111, loss_mask: 0.2385, loss_texture: 0.0694, iou: 0.7263, loss: 0.3078
2026-04-30 02:04:34,454 - mmdet - INFO - Validation set: 218 images
2026-04-30 02:04:34,454 - mmdet - INFO - 
--- Val evaluation at iter 500 ---
2026-04-30 02:07:11,729 - mmdet - INFO - 
+------------+-------------+-------------+
| Class      | Val IoU     | Pseudo IoU  |
+------------+-------------+-------------+
| background | 90.88       | 92.68       |
| building   | 61.13       | 69.14       |
| Summary    | mIoU: 76.01 | mIoU: 80.91 |
+------------+-------------+-------------+
Images evaluated: 218
2026-04-30 02:07:13,170 - mmdet - INFO - ★ New best mIoU: 76.01% (prev: 0.00%, Δ=+76.01%) → saved to /home/ubuntu/vy/Denoiser/SegRefiner/work_dirs/exp8_all/best_model.pth
2026-04-30 02:07:13,175 - mmdet - INFO - Iter [500/30000]	lr: 1.000e-04, eta: 9:08:07, time: 1.116, data_time: 0.012, memory: 37111, val/mIoU: 0.7601, val/IoU.building: 0.6113, val/IoU.background: 0.9088, val/Pseudo_mIoU: 0.8091, loss_mask: 0.2111, loss_texture: 0.0677, iou: 0.7570, loss: 0.2789
2026-04-30 02:07:40,953 - mmdet - INFO - Iter [525/30000]	lr: 1.000e-04, eta: 11:36:04, time: 7.460, data_time: 6.362, memory: 37111, loss_mask: 0.2381, loss_texture: 0.0679, iou: 0.7185, loss: 0.3060
2026-04-30 02:08:08,785 - mmdet - INFO - Iter [550/30000]	lr: 1.000e-04, eta: 11:28:43, time: 1.113, data_time: 0.012, memory: 37111, loss_mask: 0.2403, loss_texture: 0.0661, iou: 0.6873, loss: 0.3064
2026-04-30 02:08:36,376 - mmdet - INFO - Iter [575/30000]	lr: 1.000e-04, eta: 11:21:44, time: 1.104, data_time: 0.012, memory: 37111, loss_mask: 0.1895, loss_texture: 0.0606, iou: 0.7335, loss: 0.2501
2026-04-30 02:09:04,370 - mmdet - INFO - Iter [600/30000]	lr: 1.000e-04, eta: 11:15:38, time: 1.120, data_time: 0.012, memory: 37111, loss_mask: 0.2016, loss_texture: 0.0646, iou: 0.7425, loss: 0.2662
2026-04-30 02:09:32,103 - mmdet - INFO - Iter [625/30000]	lr: 1.000e-04, eta: 11:09:47, time: 1.109, data_time: 0.012, memory: 37111, loss_mask: 0.2084, loss_texture: 0.0629, iou: 0.7435, loss: 0.2713
2026-04-30 02:09:59,850 - mmdet - INFO - Iter [650/30000]	lr: 1.000e-04, eta: 11:04:21, time: 1.110, data_time: 0.012, memory: 37111, loss_mask: 0.1788, loss_texture: 0.0571, iou: 0.7597, loss: 0.2359
2026-04-30 02:10:27,635 - mmdet - INFO - Iter [675/30000]	lr: 1.000e-04, eta: 10:59:19, time: 1.111, data_time: 0.012, memory: 37111, loss_mask: 0.2086, loss_texture: 0.0629, iou: 0.7282, loss: 0.2715
2026-04-30 02:10:55,525 - mmdet - INFO - Iter [700/30000]	lr: 1.000e-04, eta: 10:54:41, time: 1.116, data_time: 0.011, memory: 37111, loss_mask: 0.2224, loss_texture: 0.0659, iou: 0.7139, loss: 0.2883
2026-04-30 02:11:23,177 - mmdet - INFO - Iter [725/30000]	lr: 1.000e-04, eta: 10:50:11, time: 1.106, data_time: 0.012, memory: 37111, loss_mask: 0.1857, loss_texture: 0.0588, iou: 0.7687, loss: 0.2445
2026-04-30 02:11:50,980 - mmdet - INFO - Iter [750/30000]	lr: 1.000e-04, eta: 10:46:03, time: 1.112, data_time: 0.012, memory: 37111, loss_mask: 0.2194, loss_texture: 0.0593, iou: 0.7302, loss: 0.2787
2026-04-30 02:12:18,941 - mmdet - INFO - Iter [775/30000]	lr: 1.000e-04, eta: 10:42:15, time: 1.118, data_time: 0.012, memory: 37111, loss_mask: 0.2168, loss_texture: 0.0699, iou: 0.7558, loss: 0.2867
2026-04-30 02:12:46,788 - mmdet - INFO - Iter [800/30000]	lr: 1.000e-04, eta: 10:38:35, time: 1.114, data_time: 0.013, memory: 37111, loss_mask: 0.2067, loss_texture: 0.0619, iou: 0.7389, loss: 0.2686
2026-04-30 02:13:14,449 - mmdet - INFO - Iter [825/30000]	lr: 1.000e-04, eta: 10:35:00, time: 1.106, data_time: 0.012, memory: 37111, loss_mask: 0.2065, loss_texture: 0.0631, iou: 0.7545, loss: 0.2696
2026-04-30 02:13:42,209 - mmdet - INFO - Iter [850/30000]	lr: 1.000e-04, eta: 10:31:40, time: 1.110, data_time: 0.012, memory: 37111, loss_mask: 0.2125, loss_texture: 0.0613, iou: 0.7355, loss: 0.2738
2026-04-30 02:14:10,088 - mmdet - INFO - Iter [875/30000]	lr: 1.000e-04, eta: 10:28:33, time: 1.115, data_time: 0.012, memory: 37111, loss_mask: 0.2062, loss_texture: 0.0614, iou: 0.7530, loss: 0.2676
2026-04-30 02:14:37,968 - mmdet - INFO - Iter [900/30000]	lr: 1.000e-04, eta: 10:25:36, time: 1.115, data_time: 0.012, memory: 37111, loss_mask: 0.2056, loss_texture: 0.0607, iou: 0.7415, loss: 0.2663
2026-04-30 02:15:05,744 - mmdet - INFO - Iter [925/30000]	lr: 1.000e-04, eta: 10:22:43, time: 1.111, data_time: 0.014, memory: 37111, loss_mask: 0.1945, loss_texture: 0.0597, iou: 0.7742, loss: 0.2542
2026-04-30 02:15:33,433 - mmdet - INFO - Iter [950/30000]	lr: 1.000e-04, eta: 10:19:55, time: 1.108, data_time: 0.012, memory: 37111, loss_mask: 0.2115, loss_texture: 0.0616, iou: 0.7275, loss: 0.2730
2026-04-30 02:16:01,374 - mmdet - INFO - Iter [975/30000]	lr: 1.000e-04, eta: 10:17:22, time: 1.118, data_time: 0.012, memory: 37111, loss_mask: 0.2165, loss_texture: 0.0632, iou: 0.7296, loss: 0.2797
2026-04-30 02:16:29,365 - mmdet - INFO - 
--- Val evaluation at iter 1000 ---
2026-04-30 02:19:07,874 - mmdet - INFO - 
+------------+-------------+-------------+
| Class      | Val IoU     | Pseudo IoU  |
+------------+-------------+-------------+
| background | 88.80       | 92.68       |
| building   | 46.98       | 69.14       |
| Summary    | mIoU: 67.89 | mIoU: 80.91 |
+------------+-------------+-------------+
Images evaluated: 218
2026-04-30 02:19:09,318 - mmdet - INFO - Exp name: exp8_all.py
2026-04-30 02:19:09,318 - mmdet - INFO - Iter [1000/30000]	lr: 1.000e-04, eta: 10:14:57, time: 1.120, data_time: 0.012, memory: 37111, val/mIoU: 0.6789, val/IoU.building: 0.4698, val/IoU.background: 0.8880, val/Pseudo_mIoU: 0.8091, loss_mask: 0.1849, loss_texture: 0.0582, iou: 0.7640, loss: 0.2431
2026-04-30 02:19:37,069 - mmdet - INFO - Iter [1025/30000]	lr: 1.000e-04, eta: 11:27:52, time: 7.508, data_time: 6.410, memory: 37111, loss_mask: 0.1679, loss_texture: 0.0540, iou: 0.7757, loss: 0.2219
2026-04-30 02:20:04,952 - mmdet - INFO - Iter [1050/30000]	lr: 1.000e-04, eta: 11:23:43, time: 1.115, data_time: 0.012, memory: 37111, loss_mask: 0.1650, loss_texture: 0.0544, iou: 0.7807, loss: 0.2194
2026-04-30 02:20:32,641 - mmdet - INFO - Iter [1075/30000]	lr: 1.000e-04, eta: 11:19:39, time: 1.108, data_time: 0.012, memory: 37111, loss_mask: 0.1839, loss_texture: 0.0572, iou: 0.7533, loss: 0.2411
2026-04-30 02:21:00,154 - mmdet - INFO - Iter [1100/30000]	lr: 1.000e-04, eta: 11:15:41, time: 1.101, data_time: 0.012, memory: 37111, loss_mask: 0.1703, loss_texture: 0.0520, iou: 0.7763, loss: 0.2223
2026-04-30 02:21:27,828 - mmdet - INFO - Iter [1125/30000]	lr: 1.000e-04, eta: 11:11:56, time: 1.107, data_time: 0.011, memory: 37111, loss_mask: 0.1737, loss_texture: 0.0550, iou: 0.7744, loss: 0.2287
2026-04-30 02:21:55,440 - mmdet - INFO - Iter [1150/30000]	lr: 1.000e-04, eta: 11:08:18, time: 1.104, data_time: 0.011, memory: 37111, loss_mask: 0.2045, loss_texture: 0.0620, iou: 0.7487, loss: 0.2665
2026-04-30 02:22:22,970 - mmdet - INFO - Iter [1175/30000]	lr: 1.000e-04, eta: 11:04:46, time: 1.101, data_time: 0.012, memory: 37111, loss_mask: 0.1962, loss_texture: 0.0609, iou: 0.7613, loss: 0.2571
2026-04-30 02:22:50,550 - mmdet - INFO - Iter [1200/30000]	lr: 1.000e-04, eta: 11:01:23, time: 1.103, data_time: 0.012, memory: 37111, loss_mask: 0.1767, loss_texture: 0.0552, iou: 0.7665, loss: 0.2319
2026-04-30 02:23:18,084 - mmdet - INFO - Iter [1225/30000]	lr: 1.000e-04, eta: 10:58:07, time: 1.101, data_time: 0.012, memory: 37111, loss_mask: 0.1899, loss_texture: 0.0588, iou: 0.7493, loss: 0.2486
2026-04-30 02:23:45,562 - mmdet - INFO - Iter [1250/30000]	lr: 1.000e-04, eta: 10:54:55, time: 1.099, data_time: 0.011, memory: 37111, loss_mask: 0.1788, loss_texture: 0.0553, iou: 0.7570, loss: 0.2341
2026-04-30 02:24:13,013 - mmdet - INFO - Iter [1275/30000]	lr: 1.000e-04, eta: 10:51:50, time: 1.098, data_time: 0.012, memory: 37111, loss_mask: 0.1623, loss_texture: 0.0547, iou: 0.7887, loss: 0.2171
2026-04-30 02:24:40,601 - mmdet - INFO - Iter [1300/30000]	lr: 1.000e-04, eta: 10:48:53, time: 1.104, data_time: 0.012, memory: 37111, loss_mask: 0.1706, loss_texture: 0.0577, iou: 0.7684, loss: 0.2283
2026-04-30 02:25:08,134 - mmdet - INFO - Iter [1325/30000]	lr: 1.000e-04, eta: 10:46:01, time: 1.101, data_time: 0.012, memory: 37111, loss_mask: 0.1791, loss_texture: 0.0551, iou: 0.7554, loss: 0.2341
2026-04-30 02:25:35,655 - mmdet - INFO - Iter [1350/30000]	lr: 1.000e-04, eta: 10:43:14, time: 1.101, data_time: 0.011, memory: 37111, loss_mask: 0.1676, loss_texture: 0.0549, iou: 0.7710, loss: 0.2225
2026-04-30 02:26:03,341 - mmdet - INFO - Iter [1375/30000]	lr: 1.000e-04, eta: 10:40:36, time: 1.107, data_time: 0.012, memory: 37111, loss_mask: 0.1998, loss_texture: 0.0621, iou: 0.7714, loss: 0.2619
2026-04-30 02:26:30,989 - mmdet - INFO - Iter [1400/30000]	lr: 1.000e-04, eta: 10:38:01, time: 1.106, data_time: 0.012, memory: 37111, loss_mask: 0.1987, loss_texture: 0.0597, iou: 0.7869, loss: 0.2584
2026-04-30 02:26:58,439 - mmdet - INFO - Iter [1425/30000]	lr: 1.000e-04, eta: 10:35:27, time: 1.098, data_time: 0.012, memory: 37111, loss_mask: 0.1851, loss_texture: 0.0553, iou: 0.7492, loss: 0.2404
2026-04-30 02:27:25,962 - mmdet - INFO - Iter [1450/30000]	lr: 1.000e-04, eta: 10:32:59, time: 1.101, data_time: 0.012, memory: 37111, loss_mask: 0.1913, loss_texture: 0.0556, iou: 0.7837, loss: 0.2469
2026-04-30 02:27:53,527 - mmdet - INFO - Iter [1475/30000]	lr: 1.000e-04, eta: 10:30:36, time: 1.103, data_time: 0.012, memory: 37111, loss_mask: 0.1736, loss_texture: 0.0566, iou: 0.7653, loss: 0.2302
2026-04-30 02:28:20,936 - mmdet - INFO - 
--- Val evaluation at iter 1500 ---
2026-04-30 02:30:58,575 - mmdet - INFO - 
+------------+-------------+-------------+
| Class      | Val IoU     | Pseudo IoU  |
+------------+-------------+-------------+
| background | 88.56       | 92.68       |
| building   | 45.56       | 69.14       |
| Summary    | mIoU: 67.06 | mIoU: 80.91 |
+------------+-------------+-------------+
Images evaluated: 218
2026-04-30 02:30:59,955 - mmdet - INFO - Iter [1500/30000]	lr: 1.000e-04, eta: 10:28:13, time: 1.096, data_time: 0.012, memory: 37111, val/mIoU: 0.6706, val/IoU.building: 0.4556, val/IoU.background: 0.8856, val/Pseudo_mIoU: 0.8091, loss_mask: 0.1751, loss_texture: 0.0516, iou: 0.7602, loss: 0.2268
2026-04-30 02:31:27,437 - mmdet - INFO - Iter [1525/30000]	lr: 1.000e-04, eta: 11:15:25, time: 7.460, data_time: 6.372, memory: 37111, loss_mask: 0.2197, loss_texture: 0.0630, iou: 0.7395, loss: 0.2827
2026-04-30 02:31:55,096 - mmdet - INFO - Iter [1550/30000]	lr: 1.000e-04, eta: 11:12:24, time: 1.106, data_time: 0.012, memory: 37111, loss_mask: 0.1761, loss_texture: 0.0555, iou: 0.7827, loss: 0.2317
2026-04-30 02:32:22,754 - mmdet - INFO - Iter [1575/30000]	lr: 1.000e-04, eta: 11:09:28, time: 1.106, data_time: 0.012, memory: 37111, loss_mask: 0.1593, loss_texture: 0.0504, iou: 0.7845, loss: 0.2097
2026-04-30 02:32:50,299 - mmdet - INFO - Iter [1600/30000]	lr: 1.000e-04, eta: 11:06:35, time: 1.102, data_time: 0.012, memory: 37111, loss_mask: 0.1868, loss_texture: 0.0525, iou: 0.7668, loss: 0.2394
2026-04-30 02:33:18,009 - mmdet - INFO - Iter [1625/30000]	lr: 1.000e-04, eta: 11:03:48, time: 1.108, data_time: 0.012, memory: 37111, loss_mask: 0.1893, loss_texture: 0.0586, iou: 0.7674, loss: 0.2479
2026-04-30 02:33:45,600 - mmdet - INFO - Iter [1650/30000]	lr: 1.000e-04, eta: 11:01:05, time: 1.104, data_time: 0.012, memory: 37111, loss_mask: 0.1774, loss_texture: 0.0592, iou: 0.7885, loss: 0.2366
2026-04-30 02:34:13,173 - mmdet - INFO - Iter [1675/30000]	lr: 1.000e-04, eta: 10:58:24, time: 1.103, data_time: 0.012, memory: 37111, loss_mask: 0.1494, loss_texture: 0.0504, iou: 0.7851, loss: 0.1998
2026-04-30 02:34:40,866 - mmdet - INFO - Iter [1700/30000]	lr: 1.000e-04, eta: 10:55:50, time: 1.108, data_time: 0.012, memory: 37111, loss_mask: 0.1474, loss_texture: 0.0544, iou: 0.7929, loss: 0.2019
2026-04-30 02:35:08,462 - mmdet - INFO - Iter [1725/30000]	lr: 1.000e-04, eta: 10:53:18, time: 1.104, data_time: 0.011, memory: 37111, loss_mask: 0.1641, loss_texture: 0.0526, iou: 0.7816, loss: 0.2167
2026-04-30 02:35:36,078 - mmdet - INFO - Iter [1750/30000]	lr: 1.000e-04, eta: 10:50:49, time: 1.105, data_time: 0.012, memory: 37111, loss_mask: 0.1796, loss_texture: 0.0517, iou: 0.7785, loss: 0.2312
2026-04-30 02:36:03,751 - mmdet - INFO - Iter [1775/30000]	lr: 1.000e-04, eta: 10:48:25, time: 1.107, data_time: 0.012, memory: 37111, loss_mask: 0.1580, loss_texture: 0.0523, iou: 0.7747, loss: 0.2103
2026-04-30 02:36:31,330 - mmdet - INFO - Iter [1800/30000]	lr: 1.000e-04, eta: 10:46:03, time: 1.103, data_time: 0.012, memory: 37111, loss_mask: 0.1599, loss_texture: 0.0512, iou: 0.7826, loss: 0.2111
2026-04-30 02:36:58,973 - mmdet - INFO - Iter [1825/30000]	lr: 1.000e-04, eta: 10:43:45, time: 1.106, data_time: 0.012, memory: 37111, loss_mask: 0.1517, loss_texture: 0.0514, iou: 0.7947, loss: 0.2031
2026-04-30 02:37:26,493 - mmdet - INFO - Iter [1850/30000]	lr: 1.000e-04, eta: 10:41:28, time: 1.101, data_time: 0.012, memory: 37111, loss_mask: 0.1705, loss_texture: 0.0531, iou: 0.8001, loss: 0.2236
2026-04-30 02:37:53,977 - mmdet - INFO - Iter [1875/30000]	lr: 1.000e-04, eta: 10:39:13, time: 1.099, data_time: 0.012, memory: 37111, loss_mask: 0.1758, loss_texture: 0.0536, iou: 0.7923, loss: 0.2294
2026-04-30 02:38:21,473 - mmdet - INFO - Iter [1900/30000]	lr: 1.000e-04, eta: 10:37:02, time: 1.100, data_time: 0.012, memory: 37111, loss_mask: 0.1727, loss_texture: 0.0531, iou: 0.7688, loss: 0.2258
2026-04-30 02:38:48,977 - mmdet - INFO - Iter [1925/30000]	lr: 1.000e-04, eta: 10:34:53, time: 1.100, data_time: 0.011, memory: 37111, loss_mask: 0.1783, loss_texture: 0.0554, iou: 0.7530, loss: 0.2337
2026-04-30 02:39:16,521 - mmdet - INFO - Iter [1950/30000]	lr: 1.000e-04, eta: 10:32:47, time: 1.102, data_time: 0.011, memory: 37111, loss_mask: 0.1585, loss_texture: 0.0550, iou: 0.8081, loss: 0.2135
2026-04-30 02:39:43,929 - mmdet - INFO - Iter [1975/30000]	lr: 1.000e-04, eta: 10:30:42, time: 1.096, data_time: 0.012, memory: 37111, loss_mask: 0.1609, loss_texture: 0.0499, iou: 0.7749, loss: 0.2108
2026-04-30 02:40:11,526 - mmdet - INFO - 
--- Val evaluation at iter 2000 ---
2026-04-30 02:42:46,669 - mmdet - INFO - 
+------------+-------------+-------------+
| Class      | Val IoU     | Pseudo IoU  |
+------------+-------------+-------------+
| background | 91.29       | 92.68       |
| building   | 62.62       | 69.14       |
| Summary    | mIoU: 76.96 | mIoU: 80.91 |
+------------+-------------+-------------+
Images evaluated: 218
2026-04-30 02:42:49,297 - mmdet - INFO - ★ New best mIoU: 76.96% (prev: 76.01%, Δ=+0.95%) → saved to /home/ubuntu/vy/Denoiser/SegRefiner/work_dirs/exp8_all/best_model.pth
2026-04-30 02:42:49,303 - mmdet - INFO - Exp name: exp8_all.py
2026-04-30 02:42:49,303 - mmdet - INFO - Iter [2000/30000]	lr: 1.000e-04, eta: 10:28:42, time: 1.104, data_time: 0.012, memory: 37111, val/mIoU: 0.7696, val/IoU.building: 0.6262, val/IoU.background: 0.9129, val/Pseudo_mIoU: 0.8091, loss_mask: 0.1771, loss_texture: 0.0564, iou: 0.7745, loss: 0.2335
2026-04-30 02:43:16,892 - mmdet - INFO - Iter [2025/30000]	lr: 1.000e-04, eta: 11:03:04, time: 7.415, data_time: 6.323, memory: 37111, loss_mask: 0.1654, loss_texture: 0.0551, iou: 0.7988, loss: 0.2205
2026-04-30 02:43:44,385 - mmdet - INFO - Iter [2050/30000]	lr: 1.000e-04, eta: 11:00:38, time: 1.100, data_time: 0.012, memory: 37111, loss_mask: 0.1739, loss_texture: 0.0534, iou: 0.7716, loss: 0.2273
2026-04-30 02:44:11,854 - mmdet - INFO - Iter [2075/30000]	lr: 1.000e-04, eta: 10:58:15, time: 1.099, data_time: 0.012, memory: 37111, loss_mask: 0.1613, loss_texture: 0.0523, iou: 0.7900, loss: 0.2136
2026-04-30 02:44:39,521 - mmdet - INFO - Iter [2100/30000]	lr: 1.000e-04, eta: 10:55:58, time: 1.107, data_time: 0.012, memory: 37111, loss_mask: 0.1661, loss_texture: 0.0570, iou: 0.7620, loss: 0.2231
2026-04-30 02:45:06,962 - mmdet - INFO - Iter [2125/30000]	lr: 1.000e-04, eta: 10:53:40, time: 1.098, data_time: 0.012, memory: 37111, loss_mask: 0.1535, loss_texture: 0.0500, iou: 0.8008, loss: 0.2035
2026-04-30 02:45:34,487 - mmdet - INFO - Iter [2150/30000]	lr: 1.000e-04, eta: 10:51:26, time: 1.101, data_time: 0.012, memory: 37111, loss_mask: 0.1456, loss_texture: 0.0532, iou: 0.8172, loss: 0.1988
2026-04-30 02:46:01,999 - mmdet - INFO - Iter [2175/30000]	lr: 1.000e-04, eta: 10:49:14, time: 1.100, data_time: 0.012, memory: 37111, loss_mask: 0.1490, loss_texture: 0.0469, iou: 0.7839, loss: 0.1959
2026-04-30 02:46:29,732 - mmdet - INFO - Iter [2200/30000]	lr: 1.000e-04, eta: 10:47:07, time: 1.109, data_time: 0.012, memory: 37111, loss_mask: 0.1807, loss_texture: 0.0559, iou: 0.7929, loss: 0.2365
2026-04-30 02:46:57,313 - mmdet - INFO - Iter [2225/30000]	lr: 1.000e-04, eta: 10:45:00, time: 1.103, data_time: 0.011, memory: 37111, loss_mask: 0.1785, loss_texture: 0.0578, iou: 0.7986, loss: 0.2363
2026-04-30 02:47:24,817 - mmdet - INFO - Iter [2250/30000]	lr: 1.000e-04, eta: 10:42:55, time: 1.100, data_time: 0.012, memory: 37111, loss_mask: 0.1529, loss_texture: 0.0515, iou: 0.7854, loss: 0.2044
2026-04-30 02:47:52,159 - mmdet - INFO - Iter [2275/30000]	lr: 1.000e-04, eta: 10:40:50, time: 1.094, data_time: 0.012, memory: 37111, loss_mask: 0.1415, loss_texture: 0.0450, iou: 0.7941, loss: 0.1866
2026-04-30 02:48:19,654 - mmdet - INFO - Iter [2300/30000]	lr: 1.000e-04, eta: 10:38:49, time: 1.100, data_time: 0.012, memory: 37111, loss_mask: 0.1668, loss_texture: 0.0549, iou: 0.7889, loss: 0.2217
2026-04-30 02:48:47,268 - mmdet - INFO - Iter [2325/30000]	lr: 1.000e-04, eta: 10:36:51, time: 1.105, data_time: 0.011, memory: 37111, loss_mask: 0.1724, loss_texture: 0.0574, iou: 0.7990, loss: 0.2299
2026-04-30 02:49:14,827 - mmdet - INFO - Iter [2350/30000]	lr: 1.000e-04, eta: 10:34:55, time: 1.102, data_time: 0.011, memory: 37111, loss_mask: 0.1883, loss_texture: 0.0596, iou: 0.7782, loss: 0.2479
2026-04-30 02:49:42,329 - mmdet - INFO - Iter [2375/30000]	lr: 1.000e-04, eta: 10:33:00, time: 1.100, data_time: 0.012, memory: 37111, loss_mask: 0.1434, loss_texture: 0.0498, iou: 0.7965, loss: 0.1932
2026-04-30 02:50:09,893 - mmdet - INFO - Iter [2400/30000]	lr: 1.000e-04, eta: 10:31:07, time: 1.103, data_time: 0.012, memory: 37111, loss_mask: 0.1546, loss_texture: 0.0507, iou: 0.8069, loss: 0.2054
2026-04-30 02:50:37,422 - mmdet - INFO - Iter [2425/30000]	lr: 1.000e-04, eta: 10:29:16, time: 1.101, data_time: 0.012, memory: 37111, loss_mask: 0.1590, loss_texture: 0.0518, iou: 0.7981, loss: 0.2109
2026-04-30 02:51:04,881 - mmdet - INFO - Iter [2450/30000]	lr: 1.000e-04, eta: 10:27:25, time: 1.098, data_time: 0.012, memory: 37111, loss_mask: 0.1348, loss_texture: 0.0455, iou: 0.7896, loss: 0.1802
2026-04-30 02:51:32,243 - mmdet - INFO - Iter [2475/30000]	lr: 1.000e-04, eta: 10:25:36, time: 1.094, data_time: 0.012, memory: 37111, loss_mask: 0.1449, loss_texture: 0.0513, iou: 0.8195, loss: 0.1962
2026-04-30 02:51:59,604 - mmdet - INFO - 
--- Val evaluation at iter 2500 ---
2026-04-30 02:54:34,390 - mmdet - INFO - 
+------------+-------------+-------------+
| Class      | Val IoU     | Pseudo IoU  |
+------------+-------------+-------------+
| background | 91.42       | 92.68       |
| building   | 65.24       | 69.14       |
| Summary    | mIoU: 78.33 | mIoU: 80.91 |
+------------+-------------+-------------+
Images evaluated: 218
2026-04-30 02:54:37,409 - mmdet - INFO - ★ New best mIoU: 78.33% (prev: 76.96%, Δ=+1.37%) → saved to /home/ubuntu/vy/Denoiser/SegRefiner/work_dirs/exp8_all/best_model.pth
2026-04-30 02:54:37,416 - mmdet - INFO - Iter [2500/30000]	lr: 1.000e-04, eta: 10:23:47, time: 1.094, data_time: 0.012, memory: 37111, val/mIoU: 0.7833, val/IoU.building: 0.6524, val/IoU.background: 0.9142, val/Pseudo_mIoU: 0.8091, loss_mask: 0.1589, loss_texture: 0.0503, iou: 0.7690, loss: 0.2093
2026-04-30 02:55:05,168 - mmdet - INFO - Iter [2525/30000]	lr: 1.000e-04, eta: 10:50:42, time: 7.423, data_time: 6.325, memory: 37111, loss_mask: 0.1638, loss_texture: 0.0515, iou: 0.7852, loss: 0.2153
2026-04-30 02:55:33,413 - mmdet - INFO - Iter [2550/30000]	lr: 1.000e-04, eta: 10:48:48, time: 1.130, data_time: 0.013, memory: 37111, loss_mask: 0.1672, loss_texture: 0.0531, iou: 0.7880, loss: 0.2203
2026-04-30 02:56:01,035 - mmdet - INFO - Iter [2575/30000]	lr: 1.000e-04, eta: 10:46:50, time: 1.105, data_time: 0.012, memory: 37111, loss_mask: 0.1570, loss_texture: 0.0534, iou: 0.7962, loss: 0.2104
2026-04-30 02:56:28,683 - mmdet - INFO - Iter [2600/30000]	lr: 1.000e-04, eta: 10:44:53, time: 1.106, data_time: 0.012, memory: 37111, loss_mask: 0.1521, loss_texture: 0.0506, iou: 0.7965, loss: 0.2028
2026-04-30 02:56:56,249 - mmdet - INFO - Iter [2625/30000]	lr: 1.000e-04, eta: 10:42:57, time: 1.103, data_time: 0.012, memory: 37111, loss_mask: 0.1380, loss_texture: 0.0494, iou: 0.8227, loss: 0.1875
2026-04-30 02:57:23,654 - mmdet - INFO - Iter [2650/30000]	lr: 1.000e-04, eta: 10:41:01, time: 1.096, data_time: 0.011, memory: 37111, loss_mask: 0.1417, loss_texture: 0.0484, iou: 0.7991, loss: 0.1901
2026-04-30 02:57:51,263 - mmdet - INFO - Iter [2675/30000]	lr: 1.000e-04, eta: 10:39:08, time: 1.104, data_time: 0.012, memory: 37111, loss_mask: 0.1457, loss_texture: 0.0511, iou: 0.8205, loss: 0.1968
2026-04-30 02:58:18,678 - mmdet - INFO - Iter [2700/30000]	lr: 1.000e-04, eta: 10:37:16, time: 1.097, data_time: 0.012, memory: 37111, loss_mask: 0.1414, loss_texture: 0.0489, iou: 0.7931, loss: 0.1903
2026-04-30 02:58:46,200 - mmdet - INFO - Iter [2725/30000]	lr: 1.000e-04, eta: 10:35:26, time: 1.101, data_time: 0.011, memory: 37111, loss_mask: 0.1600, loss_texture: 0.0519, iou: 0.7792, loss: 0.2120
2026-04-30 02:59:13,790 - mmdet - INFO - Iter [2750/30000]	lr: 1.000e-04, eta: 10:33:38, time: 1.104, data_time: 0.011, memory: 37111, loss_mask: 0.1471, loss_texture: 0.0494, iou: 0.8047, loss: 0.1965
2026-04-30 02:59:41,398 - mmdet - INFO - Iter [2775/30000]	lr: 1.000e-04, eta: 10:31:52, time: 1.104, data_time: 0.012, memory: 37111, loss_mask: 0.1328, loss_texture: 0.0485, iou: 0.8129, loss: 0.1813
2026-04-30 03:00:09,001 - mmdet - INFO - Iter [2800/30000]	lr: 1.000e-04, eta: 10:30:07, time: 1.104, data_time: 0.012, memory: 37111, loss_mask: 0.1510, loss_texture: 0.0530, iou: 0.7971, loss: 0.2041
2026-04-30 03:00:36,467 - mmdet - INFO - Iter [2825/30000]	lr: 1.000e-04, eta: 10:28:22, time: 1.099, data_time: 0.011, memory: 37111, loss_mask: 0.1477, loss_texture: 0.0511, iou: 0.8197, loss: 0.1988
2026-04-30 03:01:03,994 - mmdet - INFO - Iter [2850/30000]	lr: 1.000e-04, eta: 10:26:39, time: 1.101, data_time: 0.012, memory: 37111, loss_mask: 0.1493, loss_texture: 0.0538, iou: 0.8048, loss: 0.2031
2026-04-30 03:01:31,450 - mmdet - INFO - Iter [2875/30000]	lr: 1.000e-04, eta: 10:24:57, time: 1.098, data_time: 0.012, memory: 37111, loss_mask: 0.1437, loss_texture: 0.0523, iou: 0.8159, loss: 0.1960
2026-04-30 03:01:59,000 - mmdet - INFO - Iter [2900/30000]	lr: 1.000e-04, eta: 10:23:17, time: 1.102, data_time: 0.012, memory: 37111, loss_mask: 0.1716, loss_texture: 0.0506, iou: 0.8163, loss: 0.2222
2026-04-30 03:02:26,534 - mmdet - INFO - Iter [2925/30000]	lr: 1.000e-04, eta: 10:21:38, time: 1.101, data_time: 0.011, memory: 37111, loss_mask: 0.1623, loss_texture: 0.0531, iou: 0.7832, loss: 0.2154
2026-04-30 03:02:54,095 - mmdet - INFO - Iter [2950/30000]	lr: 1.000e-04, eta: 10:20:00, time: 1.102, data_time: 0.011, memory: 37111, loss_mask: 0.1422, loss_texture: 0.0514, iou: 0.8174, loss: 0.1936
2026-04-30 03:03:21,628 - mmdet - INFO - Iter [2975/30000]	lr: 1.000e-04, eta: 10:18:24, time: 1.101, data_time: 0.012, memory: 37111, loss_mask: 0.1422, loss_texture: 0.0499, iou: 0.8117, loss: 0.1921
2026-04-30 03:03:49,081 - mmdet - INFO - 
--- Val evaluation at iter 3000 ---
2026-04-30 03:06:23,667 - mmdet - INFO - 
+------------+-------------+-------------+
| Class      | Val IoU     | Pseudo IoU  |
+------------+-------------+-------------+
| background | 91.06       | 92.68       |
| building   | 62.11       | 69.14       |
| Summary    | mIoU: 76.59 | mIoU: 80.91 |
+------------+-------------+-------------+
Images evaluated: 218
2026-04-30 03:06:25,019 - mmdet - INFO - Exp name: exp8_all.py
2026-04-30 03:06:25,020 - mmdet - INFO - Iter [3000/30000]	lr: 1.000e-04, eta: 10:16:48, time: 1.098, data_time: 0.012, memory: 37111, val/mIoU: 0.7659, val/IoU.building: 0.6211, val/IoU.background: 0.9106, val/Pseudo_mIoU: 0.8091, loss_mask: 0.1337, loss_texture: 0.0466, iou: 0.8030, loss: 0.1803
2026-04-30 03:06:52,601 - mmdet - INFO - Iter [3025/30000]	lr: 1.000e-04, eta: 10:38:24, time: 7.341, data_time: 6.249, memory: 37111, loss_mask: 0.1688, loss_texture: 0.0550, iou: 0.7910, loss: 0.2238
2026-04-30 03:07:20,144 - mmdet - INFO - Iter [3050/30000]	lr: 1.000e-04, eta: 10:36:39, time: 1.102, data_time: 0.012, memory: 37111, loss_mask: 0.1455, loss_texture: 0.0476, iou: 0.7984, loss: 0.1931
2026-04-30 03:07:47,745 - mmdet - INFO - Iter [3075/30000]	lr: 1.000e-04, eta: 10:34:54, time: 1.104, data_time: 0.012, memory: 37111, loss_mask: 0.1265, loss_texture: 0.0464, iou: 0.8211, loss: 0.1729
2026-04-30 03:08:15,579 - mmdet - INFO - Iter [3100/30000]	lr: 1.000e-04, eta: 10:33:14, time: 1.113, data_time: 0.012, memory: 37111, loss_mask: 0.1426, loss_texture: 0.0499, iou: 0.8100, loss: 0.1925
2026-04-30 03:08:43,699 - mmdet - INFO - Iter [3125/30000]	lr: 1.000e-04, eta: 10:31:37, time: 1.125, data_time: 0.013, memory: 37111, loss_mask: 0.1398, loss_texture: 0.0510, iou: 0.7948, loss: 0.1908
2026-04-30 03:09:11,245 - mmdet - INFO - Iter [3150/30000]	lr: 1.000e-04, eta: 10:29:56, time: 1.102, data_time: 0.011, memory: 37111, loss_mask: 0.1194, loss_texture: 0.0441, iou: 0.8190, loss: 0.1635
2026-04-30 03:09:38,888 - mmdet - INFO - Iter [3175/30000]	lr: 1.000e-04, eta: 10:28:17, time: 1.106, data_time: 0.012, memory: 37111, loss_mask: 0.1325, loss_texture: 0.0478, iou: 0.8112, loss: 0.1803
2026-04-30 03:10:06,574 - mmdet - INFO - Iter [3200/30000]	lr: 1.000e-04, eta: 10:26:39, time: 1.107, data_time: 0.012, memory: 37111, loss_mask: 0.1318, loss_texture: 0.0495, iou: 0.8095, loss: 0.1813
2026-04-30 03:10:34,064 - mmdet - INFO - Iter [3225/30000]	lr: 1.000e-04, eta: 10:25:01, time: 1.100, data_time: 0.012, memory: 37111, loss_mask: 0.1473, loss_texture: 0.0499, iou: 0.8184, loss: 0.1972
2026-04-30 03:11:01,625 - mmdet - INFO - Iter [3250/30000]	lr: 1.000e-04, eta: 10:23:25, time: 1.102, data_time: 0.012, memory: 37111, loss_mask: 0.1360, loss_texture: 0.0508, iou: 0.8243, loss: 0.1868
2026-04-30 03:11:29,152 - mmdet - INFO - Iter [3275/30000]	lr: 1.000e-04, eta: 10:21:49, time: 1.101, data_time: 0.012, memory: 37111, loss_mask: 0.1356, loss_texture: 0.0449, iou: 0.7954, loss: 0.1805
2026-04-30 03:11:56,754 - mmdet - INFO - Iter [3300/30000]	lr: 1.000e-04, eta: 10:20:15, time: 1.104, data_time: 0.011, memory: 37111, loss_mask: 0.1450, loss_texture: 0.0484, iou: 0.7933, loss: 0.1934
2026-04-30 03:12:24,251 - mmdet - INFO - Iter [3325/30000]	lr: 1.000e-04, eta: 10:18:41, time: 1.100, data_time: 0.012, memory: 37111, loss_mask: 0.1491, loss_texture: 0.0478, iou: 0.7795, loss: 0.1969
2026-04-30 03:12:51,898 - mmdet - INFO - Iter [3350/30000]	lr: 1.000e-04, eta: 10:17:10, time: 1.106, data_time: 0.011, memory: 37111, loss_mask: 0.1719, loss_texture: 0.0558, iou: 0.7951, loss: 0.2276
2026-04-30 03:13:19,618 - mmdet - INFO - Iter [3375/30000]	lr: 1.000e-04, eta: 10:15:40, time: 1.109, data_time: 0.012, memory: 37111, loss_mask: 0.1280, loss_texture: 0.0475, iou: 0.8240, loss: 0.1755
2026-04-30 03:13:47,195 - mmdet - INFO - Iter [3400/30000]	lr: 1.000e-04, eta: 10:14:09, time: 1.103, data_time: 0.011, memory: 37111, loss_mask: 0.1241, loss_texture: 0.0486, iou: 0.8303, loss: 0.1727
2026-04-30 03:14:14,866 - mmdet - INFO - Iter [3425/30000]	lr: 1.000e-04, eta: 10:12:41, time: 1.107, data_time: 0.012, memory: 37111, loss_mask: 0.1350, loss_texture: 0.0495, iou: 0.8162, loss: 0.1845
2026-04-30 03:14:42,581 - mmdet - INFO - Iter [3450/30000]	lr: 1.000e-04, eta: 10:11:13, time: 1.109, data_time: 0.011, memory: 37111, loss_mask: 0.1353, loss_texture: 0.0486, iou: 0.8150, loss: 0.1839
2026-04-30 03:15:10,403 - mmdet - INFO - Iter [3475/30000]	lr: 1.000e-04, eta: 10:09:47, time: 1.113, data_time: 0.012, memory: 37111, loss_mask: 0.1524, loss_texture: 0.0536, iou: 0.8127, loss: 0.2060
2026-04-30 03:15:38,028 - mmdet - INFO - 
--- Val evaluation at iter 3500 ---
2026-04-30 03:18:12,581 - mmdet - INFO - 
+------------+-------------+-------------+
| Class      | Val IoU     | Pseudo IoU  |
+------------+-------------+-------------+
| background | 90.90       | 92.68       |
| building   | 60.67       | 69.14       |
| Summary    | mIoU: 75.79 | mIoU: 80.91 |
+------------+-------------+-------------+
Images evaluated: 218
2026-04-30 03:18:14,002 - mmdet - INFO - Iter [3500/30000]	lr: 1.000e-04, eta: 10:08:21, time: 1.105, data_time: 0.011, memory: 37111, val/mIoU: 0.7579, val/IoU.building: 0.6067, val/IoU.background: 0.9090, val/Pseudo_mIoU: 0.8091, loss_mask: 0.1508, loss_texture: 0.0507, iou: 0.7814, loss: 0.2015
2026-04-30 03:18:41,589 - mmdet - INFO - Iter [3525/30000]	lr: 1.000e-04, eta: 10:26:27, time: 7.342, data_time: 6.251, memory: 37111, loss_mask: 0.1453, loss_texture: 0.0499, iou: 0.8049, loss: 0.1952
2026-04-30 03:19:09,180 - mmdet - INFO - Iter [3550/30000]	lr: 1.000e-04, eta: 10:24:52, time: 1.104, data_time: 0.012, memory: 37111, loss_mask: 0.1560, loss_texture: 0.0490, iou: 0.8085, loss: 0.2050
2026-04-30 03:19:36,823 - mmdet - INFO - Iter [3575/30000]	lr: 1.000e-04, eta: 10:23:19, time: 1.106, data_time: 0.013, memory: 37111, loss_mask: 0.1514, loss_texture: 0.0474, iou: 0.7973, loss: 0.1988
2026-04-30 03:20:04,788 - mmdet - INFO - Iter [3600/30000]	lr: 1.000e-04, eta: 10:21:49, time: 1.119, data_time: 0.012, memory: 37111, loss_mask: 0.1362, loss_texture: 0.0510, iou: 0.8289, loss: 0.1872
2026-04-30 03:20:32,364 - mmdet - INFO - Iter [3625/30000]	lr: 1.000e-04, eta: 10:20:18, time: 1.103, data_time: 0.012, memory: 37111, loss_mask: 0.1502, loss_texture: 0.0510, iou: 0.8266, loss: 0.2013
2026-04-30 03:20:59,872 - mmdet - INFO - Iter [3650/30000]	lr: 1.000e-04, eta: 10:18:46, time: 1.100, data_time: 0.012, memory: 37111, loss_mask: 0.1394, loss_texture: 0.0489, iou: 0.8090, loss: 0.1884
2026-04-30 03:21:27,342 - mmdet - INFO - Iter [3675/30000]	lr: 1.000e-04, eta: 10:17:16, time: 1.099, data_time: 0.012, memory: 37111, loss_mask: 0.1408, loss_texture: 0.0481, iou: 0.8052, loss: 0.1889
2026-04-30 03:21:54,704 - mmdet - INFO - Iter [3700/30000]	lr: 1.000e-04, eta: 10:15:45, time: 1.094, data_time: 0.012, memory: 37111, loss_mask: 0.1306, loss_texture: 0.0496, iou: 0.8164, loss: 0.1802
2026-04-30 03:22:22,132 - mmdet - INFO - Iter [3725/30000]	lr: 1.000e-04, eta: 10:14:15, time: 1.097, data_time: 0.012, memory: 37111, loss_mask: 0.1417, loss_texture: 0.0473, iou: 0.8038, loss: 0.1890
2026-04-30 03:22:49,467 - mmdet - INFO - Iter [3750/30000]	lr: 1.000e-04, eta: 10:12:46, time: 1.093, data_time: 0.011, memory: 37111, loss_mask: 0.1244, loss_texture: 0.0439, iou: 0.8067, loss: 0.1682
2026-04-30 03:23:17,002 - mmdet - INFO - Iter [3775/30000]	lr: 1.000e-04, eta: 10:11:19, time: 1.101, data_time: 0.012, memory: 37111, loss_mask: 0.1683, loss_texture: 0.0499, iou: 0.7842, loss: 0.2182
2026-04-30 03:23:44,528 - mmdet - INFO - Iter [3800/30000]	lr: 1.000e-04, eta: 10:09:53, time: 1.101, data_time: 0.011, memory: 37111, loss_mask: 0.1651, loss_texture: 0.0525, iou: 0.7884, loss: 0.2176
2026-04-30 03:24:12,111 - mmdet - INFO - Iter [3825/30000]	lr: 1.000e-04, eta: 10:08:28, time: 1.103, data_time: 0.012, memory: 37111, loss_mask: 0.1633, loss_texture: 0.0520, iou: 0.8054, loss: 0.2153
2026-04-30 03:24:39,712 - mmdet - INFO - Iter [3850/30000]	lr: 1.000e-04, eta: 10:07:04, time: 1.104, data_time: 0.011, memory: 37111, loss_mask: 0.1567, loss_texture: 0.0570, iou: 0.8056, loss: 0.2137
2026-04-30 03:25:07,294 - mmdet - INFO - Iter [3875/30000]	lr: 1.000e-04, eta: 10:05:40, time: 1.103, data_time: 0.012, memory: 37111, loss_mask: 0.1447, loss_texture: 0.0508, iou: 0.8144, loss: 0.1955
2026-04-30 03:25:34,824 - mmdet - INFO - Iter [3900/30000]	lr: 1.000e-04, eta: 10:04:17, time: 1.101, data_time: 0.012, memory: 37111, loss_mask: 0.1468, loss_texture: 0.0534, iou: 0.8210, loss: 0.2002
2026-04-30 03:26:02,250 - mmdet - INFO - Iter [3925/30000]	lr: 1.000e-04, eta: 10:02:54, time: 1.097, data_time: 0.012, memory: 37111, loss_mask: 0.1375, loss_texture: 0.0483, iou: 0.8117, loss: 0.1858
2026-04-30 03:26:29,804 - mmdet - INFO - Iter [3950/30000]	lr: 1.000e-04, eta: 10:01:32, time: 1.102, data_time: 0.011, memory: 37111, loss_mask: 0.1540, loss_texture: 0.0511, iou: 0.8137, loss: 0.2052
2026-04-30 03:26:57,349 - mmdet - INFO - Iter [3975/30000]	lr: 1.000e-04, eta: 10:00:11, time: 1.102, data_time: 0.011, memory: 37111, loss_mask: 0.1571, loss_texture: 0.0541, iou: 0.7892, loss: 0.2112
2026-04-30 03:27:24,806 - mmdet - INFO - 
--- Val evaluation at iter 4000 ---
2026-04-30 03:30:00,248 - mmdet - INFO - 
+------------+-------------+-------------+
| Class      | Val IoU     | Pseudo IoU  |
+------------+-------------+-------------+
| background | 91.22       | 92.68       |
| building   | 61.75       | 69.14       |
| Summary    | mIoU: 76.48 | mIoU: 80.91 |
+------------+-------------+-------------+
Images evaluated: 218
2026-04-30 03:30:01,611 - mmdet - INFO - Exp name: exp8_all.py
2026-04-30 03:30:01,611 - mmdet - INFO - Iter [4000/30000]	lr: 1.000e-04, eta: 9:58:50, time: 1.098, data_time: 0.012, memory: 37111, val/mIoU: 0.7648, val/IoU.building: 0.6175, val/IoU.background: 0.9122, val/Pseudo_mIoU: 0.8091, loss_mask: 0.1381, loss_texture: 0.0487, iou: 0.8303, loss: 0.1868
2026-04-30 03:30:29,121 - mmdet - INFO - Iter [4025/30000]	lr: 1.000e-04, eta: 10:14:22, time: 7.373, data_time: 6.284, memory: 37111, loss_mask: 0.1357, loss_texture: 0.0480, iou: 0.8081, loss: 0.1838
2026-04-30 03:30:56,592 - mmdet - INFO - Iter [4050/30000]	lr: 1.000e-04, eta: 10:12:55, time: 1.099, data_time: 0.012, memory: 37111, loss_mask: 0.1240, loss_texture: 0.0432, iou: 0.8065, loss: 0.1672
2026-04-30 03:31:24,219 - mmdet - INFO - Iter [4075/30000]	lr: 1.000e-04, eta: 10:11:30, time: 1.105, data_time: 0.012, memory: 37111, loss_mask: 0.1625, loss_texture: 0.0533, iou: 0.8062, loss: 0.2158
2026-04-30 03:31:51,668 - mmdet - INFO - Iter [4100/30000]	lr: 1.000e-04, eta: 10:10:04, time: 1.098, data_time: 0.011, memory: 37111, loss_mask: 0.1505, loss_texture: 0.0506, iou: 0.8002, loss: 0.2012
2026-04-30 03:32:19,102 - mmdet - INFO - Iter [4125/30000]	lr: 1.000e-04, eta: 10:08:40, time: 1.097, data_time: 0.012, memory: 37111, loss_mask: 0.1574, loss_texture: 0.0515, iou: 0.7954, loss: 0.2089
2026-04-30 03:32:46,643 - mmdet - INFO - Iter [4150/30000]	lr: 1.000e-04, eta: 10:07:16, time: 1.102, data_time: 0.011, memory: 37111, loss_mask: 0.1694, loss_texture: 0.0573, iou: 0.8096, loss: 0.2267
2026-04-30 03:33:14,140 - mmdet - INFO - Iter [4175/30000]	lr: 1.000e-04, eta: 10:05:53, time: 1.100, data_time: 0.011, memory: 37111, loss_mask: 0.1614, loss_texture: 0.0511, iou: 0.7979, loss: 0.2125
2026-04-30 03:33:41,613 - mmdet - INFO - Iter [4200/30000]	lr: 1.000e-04, eta: 10:04:30, time: 1.099, data_time: 0.012, memory: 37111, loss_mask: 0.1354, loss_texture: 0.0444, iou: 0.8123, loss: 0.1798
2026-04-30 03:34:09,319 - mmdet - INFO - Iter [4225/30000]	lr: 1.000e-04, eta: 10:03:10, time: 1.108, data_time: 0.012, memory: 37111, loss_mask: 0.1678, loss_texture: 0.0556, iou: 0.7890, loss: 0.2234
2026-04-30 03:34:36,834 - mmdet - INFO - Iter [4250/30000]	lr: 1.000e-04, eta: 10:01:49, time: 1.101, data_time: 0.011, memory: 37111, loss_mask: 0.1400, loss_texture: 0.0497, iou: 0.8030, loss: 0.1897
2026-04-30 03:35:04,282 - mmdet - INFO - Iter [4275/30000]	lr: 1.000e-04, eta: 10:00:28, time: 1.098, data_time: 0.011, memory: 37111, loss_mask: 0.1184, loss_texture: 0.0440, iou: 0.8267, loss: 0.1624
2026-04-30 03:35:31,914 - mmdet - INFO - Iter [4300/30000]	lr: 1.000e-04, eta: 9:59:09, time: 1.105, data_time: 0.012, memory: 37111, loss_mask: 0.1416, loss_texture: 0.0522, iou: 0.8277, loss: 0.1938
2026-04-30 03:35:59,440 - mmdet - INFO - Iter [4325/30000]	lr: 1.000e-04, eta: 9:57:50, time: 1.101, data_time: 0.012, memory: 37111, loss_mask: 0.1396, loss_texture: 0.0509, iou: 0.7908, loss: 0.1905
2026-04-30 03:36:26,798 - mmdet - INFO - Iter [4350/30000]	lr: 1.000e-04, eta: 9:56:30, time: 1.094, data_time: 0.011, memory: 37111, loss_mask: 0.1418, loss_texture: 0.0496, iou: 0.7995, loss: 0.1913
2026-04-30 03:36:54,231 - mmdet - INFO - Iter [4375/30000]	lr: 1.000e-04, eta: 9:55:11, time: 1.097, data_time: 0.011, memory: 37111, loss_mask: 0.1451, loss_texture: 0.0480, iou: 0.8125, loss: 0.1931
2026-04-30 03:37:21,769 - mmdet - INFO - Iter [4400/30000]	lr: 1.000e-04, eta: 9:53:54, time: 1.101, data_time: 0.012, memory: 37111, loss_mask: 0.1468, loss_texture: 0.0515, iou: 0.8151, loss: 0.1983
2026-04-30 03:37:49,403 - mmdet - INFO - Iter [4425/30000]	lr: 1.000e-04, eta: 9:52:38, time: 1.105, data_time: 0.012, memory: 37111, loss_mask: 0.1170, loss_texture: 0.0434, iou: 0.8259, loss: 0.1604
2026-04-30 03:38:17,206 - mmdet - INFO - Iter [4450/30000]	lr: 1.000e-04, eta: 9:51:23, time: 1.112, data_time: 0.012, memory: 37111, loss_mask: 0.1340, loss_texture: 0.0487, iou: 0.8245, loss: 0.1827
2026-04-30 03:38:44,796 - mmdet - INFO - Iter [4475/30000]	lr: 1.000e-04, eta: 9:50:08, time: 1.104, data_time: 0.011, memory: 37111, loss_mask: 0.1239, loss_texture: 0.0444, iou: 0.8114, loss: 0.1684
2026-04-30 03:39:12,511 - mmdet - INFO - 
--- Val evaluation at iter 4500 ---
2026-04-30 03:41:48,595 - mmdet - INFO - 
+------------+-------------+-------------+
| Class      | Val IoU     | Pseudo IoU  |
+------------+-------------+-------------+
| background | 90.66       | 92.68       |
| building   | 58.65       | 69.14       |
| Summary    | mIoU: 74.66 | mIoU: 80.91 |
+------------+-------------+-------------+
Images evaluated: 218
2026-04-30 03:41:49,969 - mmdet - INFO - Iter [4500/30000]	lr: 1.000e-04, eta: 9:48:54, time: 1.109, data_time: 0.012, memory: 37111, val/mIoU: 0.7466, val/IoU.building: 0.5865, val/IoU.background: 0.9066, val/Pseudo_mIoU: 0.8091, loss_mask: 0.1436, loss_texture: 0.0540, iou: 0.8126, loss: 0.1977
2026-04-30 03:42:17,464 - mmdet - INFO - Iter [4525/30000]	lr: 1.000e-04, eta: 10:02:25, time: 7.398, data_time: 6.310, memory: 37111, loss_mask: 0.1409, loss_texture: 0.0519, iou: 0.8196, loss: 0.1928
2026-04-30 03:42:44,954 - mmdet - INFO - Iter [4550/30000]	lr: 1.000e-04, eta: 10:01:05, time: 1.100, data_time: 0.011, memory: 37111, loss_mask: 0.1324, loss_texture: 0.0495, iou: 0.8148, loss: 0.1818
2026-04-30 03:43:12,534 - mmdet - INFO - Iter [4575/30000]	lr: 1.000e-04, eta: 9:59:46, time: 1.103, data_time: 0.012, memory: 37111, loss_mask: 0.1240, loss_texture: 0.0442, iou: 0.8348, loss: 0.1682
2026-04-30 03:43:40,163 - mmdet - INFO - Iter [4600/30000]	lr: 1.000e-04, eta: 9:58:28, time: 1.105, data_time: 0.012, memory: 37111, loss_mask: 0.1430, loss_texture: 0.0478, iou: 0.8013, loss: 0.1908
2026-04-30 03:44:07,760 - mmdet - INFO - Iter [4625/30000]	lr: 1.000e-04, eta: 9:57:10, time: 1.104, data_time: 0.012, memory: 37111, loss_mask: 0.1285, loss_texture: 0.0495, iou: 0.8232, loss: 0.1780
2026-04-30 03:44:35,350 - mmdet - INFO - Iter [4650/30000]	lr: 1.000e-04, eta: 9:55:53, time: 1.104, data_time: 0.011, memory: 37111, loss_mask: 0.1493, loss_texture: 0.0485, iou: 0.7998, loss: 0.1978
2026-04-30 03:45:02,856 - mmdet - INFO - Iter [4675/30000]	lr: 1.000e-04, eta: 9:54:35, time: 1.100, data_time: 0.012, memory: 37111, loss_mask: 0.1478, loss_texture: 0.0508, iou: 0.8063, loss: 0.1987
2026-04-30 03:45:30,489 - mmdet - INFO - Iter [4700/30000]	lr: 1.000e-04, eta: 9:53:19, time: 1.105, data_time: 0.012, memory: 37111, loss_mask: 0.1317, loss_texture: 0.0467, iou: 0.8199, loss: 0.1784
2026-04-30 03:45:58,021 - mmdet - INFO - Iter [4725/30000]	lr: 1.000e-04, eta: 9:52:03, time: 1.101, data_time: 0.012, memory: 37111, loss_mask: 0.1545, loss_texture: 0.0483, iou: 0.8113, loss: 0.2028
2026-04-30 03:46:25,283 - mmdet - INFO - Iter [4750/30000]	lr: 1.000e-04, eta: 9:50:46, time: 1.090, data_time: 0.011, memory: 37111, loss_mask: 0.1259, loss_texture: 0.0441, iou: 0.8140, loss: 0.1700
2026-04-30 03:46:52,751 - mmdet - INFO - Iter [4775/30000]	lr: 1.000e-04, eta: 9:49:31, time: 1.099, data_time: 0.012, memory: 37111, loss_mask: 0.1291, loss_texture: 0.0469, iou: 0.8182, loss: 0.1760
2026-04-30 03:47:20,341 - mmdet - INFO - Iter [4800/30000]	lr: 1.000e-04, eta: 9:48:17, time: 1.104, data_time: 0.012, memory: 37111, loss_mask: 0.1470, loss_texture: 0.0527, iou: 0.8255, loss: 0.1998
2026-04-30 03:47:47,774 - mmdet - INFO - Iter [4825/30000]	lr: 1.000e-04, eta: 9:47:02, time: 1.097, data_time: 0.012, memory: 37111, loss_mask: 0.1303, loss_texture: 0.0445, iou: 0.8057, loss: 0.1748
2026-04-30 03:48:15,338 - mmdet - INFO - Iter [4850/30000]	lr: 1.000e-04, eta: 9:45:49, time: 1.103, data_time: 0.011, memory: 37111, loss_mask: 0.1148, loss_texture: 0.0447, iou: 0.8361, loss: 0.1595
2026-04-30 03:48:42,820 - mmdet - INFO - Iter [4875/30000]	lr: 1.000e-04, eta: 9:44:35, time: 1.099, data_time: 0.011, memory: 37111, loss_mask: 0.1378, loss_texture: 0.0502, iou: 0.8075, loss: 0.1880
2026-04-30 03:49:10,927 - mmdet - INFO - Iter [4900/30000]	lr: 1.000e-04, eta: 9:43:26, time: 1.124, data_time: 0.013, memory: 37111, loss_mask: 0.1239, loss_texture: 0.0450, iou: 0.7987, loss: 0.1689
2026-04-30 03:49:38,785 - mmdet - INFO - Iter [4925/30000]	lr: 1.000e-04, eta: 9:42:15, time: 1.114, data_time: 0.012, memory: 37111, loss_mask: 0.1469, loss_texture: 0.0537, iou: 0.8229, loss: 0.2006
2026-04-30 03:50:06,281 - mmdet - INFO - Iter [4950/30000]	lr: 1.000e-04, eta: 9:41:03, time: 1.100, data_time: 0.011, memory: 37111, loss_mask: 0.1302, loss_texture: 0.0484, iou: 0.8284, loss: 0.1785
2026-04-30 03:50:33,826 - mmdet - INFO - Iter [4975/30000]	lr: 1.000e-04, eta: 9:39:52, time: 1.102, data_time: 0.012, memory: 37111, loss_mask: 0.1223, loss_texture: 0.0457, iou: 0.8351, loss: 0.1680
2026-04-30 03:51:01,498 - mmdet - INFO - 
--- Val evaluation at iter 5000 ---
2026-04-30 03:53:36,142 - mmdet - INFO - 
+------------+-------------+-------------+
| Class      | Val IoU     | Pseudo IoU  |
+------------+-------------+-------------+
| background | 91.50       | 92.68       |
| building   | 62.79       | 69.14       |
| Summary    | mIoU: 77.14 | mIoU: 80.91 |
+------------+-------------+-------------+
Images evaluated: 218
2026-04-30 03:53:37,504 - mmdet - INFO - Exp name: exp8_all.py
2026-04-30 03:53:37,504 - mmdet - INFO - Iter [5000/30000]	lr: 1.000e-04, eta: 9:38:42, time: 1.107, data_time: 0.012, memory: 37111, val/mIoU: 0.7714, val/IoU.building: 0.6279, val/IoU.background: 0.9150, val/Pseudo_mIoU: 0.8091, loss_mask: 0.1326, loss_texture: 0.0506, iou: 0.8255, loss: 0.1832
2026-04-30 03:54:05,034 - mmdet - INFO - Iter [5025/30000]	lr: 1.000e-04, eta: 9:50:27, time: 7.341, data_time: 6.252, memory: 37111, loss_mask: 0.1329, loss_texture: 0.0487, iou: 0.8201, loss: 0.1817
2026-04-30 03:54:32,608 - mmdet - INFO - Iter [5050/30000]	lr: 1.000e-04, eta: 9:49:12, time: 1.103, data_time: 0.011, memory: 37111, loss_mask: 0.1369, loss_texture: 0.0506, iou: 0.8217, loss: 0.1875
2026-04-30 03:55:00,144 - mmdet - INFO - Iter [5075/30000]	lr: 1.000e-04, eta: 9:47:58, time: 1.101, data_time: 0.012, memory: 37111, loss_mask: 0.1383, loss_texture: 0.0487, iou: 0.8075, loss: 0.1870
2026-04-30 03:55:27,645 - mmdet - INFO - Iter [5100/30000]	lr: 1.000e-04, eta: 9:46:44, time: 1.100, data_time: 0.011, memory: 37111, loss_mask: 0.1183, loss_texture: 0.0461, iou: 0.8218, loss: 0.1644
2026-04-30 03:55:55,210 - mmdet - INFO - Iter [5125/30000]	lr: 1.000e-04, eta: 9:45:31, time: 1.103, data_time: 0.012, memory: 37111, loss_mask: 0.1276, loss_texture: 0.0473, iou: 0.8228, loss: 0.1748
2026-04-30 03:56:22,665 - mmdet - INFO - Iter [5150/30000]	lr: 1.000e-04, eta: 9:44:18, time: 1.098, data_time: 0.012, memory: 37111, loss_mask: 0.1227, loss_texture: 0.0458, iou: 0.8244, loss: 0.1685
2026-04-30 03:56:50,094 - mmdet - INFO - Iter [5175/30000]	lr: 1.000e-04, eta: 9:43:05, time: 1.097, data_time: 0.012, memory: 37111, loss_mask: 0.1162, loss_texture: 0.0445, iou: 0.8161, loss: 0.1607
2026-04-30 03:57:17,664 - mmdet - INFO - Iter [5200/30000]	lr: 1.000e-04, eta: 9:41:53, time: 1.103, data_time: 0.011, memory: 37111, loss_mask: 0.1428, loss_texture: 0.0520, iou: 0.7981, loss: 0.1949
2026-04-30 03:57:45,207 - mmdet - INFO - Iter [5225/30000]	lr: 1.000e-04, eta: 9:40:42, time: 1.102, data_time: 0.012, memory: 37111, loss_mask: 0.1357, loss_texture: 0.0466, iou: 0.8230, loss: 0.1823
2026-04-30 03:58:12,764 - mmdet - INFO - Iter [5250/30000]	lr: 1.000e-04, eta: 9:39:31, time: 1.102, data_time: 0.011, memory: 37111, loss_mask: 0.1524, loss_texture: 0.0536, iou: 0.8038, loss: 0.2059
2026-04-30 03:58:40,316 - mmdet - INFO - Iter [5275/30000]	lr: 1.000e-04, eta: 9:38:20, time: 1.102, data_time: 0.012, memory: 37111, loss_mask: 0.1376, loss_texture: 0.0506, iou: 0.8269, loss: 0.1882
2026-04-30 03:59:07,586 - mmdet - INFO - Iter [5300/30000]	lr: 1.000e-04, eta: 9:37:08, time: 1.091, data_time: 0.012, memory: 37111, loss_mask: 0.1114, loss_texture: 0.0423, iou: 0.8368, loss: 0.1536
2026-04-30 03:59:35,113 - mmdet - INFO - Iter [5325/30000]	lr: 1.000e-04, eta: 9:35:59, time: 1.101, data_time: 0.012, memory: 37111, loss_mask: 0.1226, loss_texture: 0.0478, iou: 0.8254, loss: 0.1705
2026-04-30 04:00:02,798 - mmdet - INFO - Iter [5350/30000]	lr: 1.000e-04, eta: 9:34:50, time: 1.107, data_time: 0.012, memory: 37111, loss_mask: 0.1104, loss_texture: 0.0407, iou: 0.8346, loss: 0.1511
2026-04-30 04:00:30,230 - mmdet - INFO - Iter [5375/30000]	lr: 1.000e-04, eta: 9:33:40, time: 1.097, data_time: 0.012, memory: 37111, loss_mask: 0.1389, loss_texture: 0.0504, iou: 0.8234, loss: 0.1894
2026-04-30 04:00:57,792 - mmdet - INFO - Iter [5400/30000]	lr: 1.000e-04, eta: 9:32:32, time: 1.102, data_time: 0.011, memory: 37111, loss_mask: 0.1338, loss_texture: 0.0495, iou: 0.8197, loss: 0.1833
2026-04-30 04:01:25,305 - mmdet - INFO - Iter [5425/30000]	lr: 1.000e-04, eta: 9:31:23, time: 1.101, data_time: 0.012, memory: 37111, loss_mask: 0.1105, loss_texture: 0.0441, iou: 0.8468, loss: 0.1546
2026-04-30 04:01:52,937 - mmdet - INFO - Iter [5450/30000]	lr: 1.000e-04, eta: 9:30:16, time: 1.105, data_time: 0.011, memory: 37111, loss_mask: 0.1335, loss_texture: 0.0477, iou: 0.8136, loss: 0.1812
2026-04-30 04:02:20,395 - mmdet - INFO - Iter [5475/30000]	lr: 1.000e-04, eta: 9:29:08, time: 1.098, data_time: 0.012, memory: 37111, loss_mask: 0.1254, loss_texture: 0.0440, iou: 0.8131, loss: 0.1694
2026-04-30 04:02:47,944 - mmdet - INFO - 
--- Val evaluation at iter 5500 ---
2026-04-30 04:05:22,955 - mmdet - INFO - 
+------------+-------------+-------------+
| Class      | Val IoU     | Pseudo IoU  |
+------------+-------------+-------------+
| background | 91.38       | 92.68       |
| building   | 63.30       | 69.14       |
| Summary    | mIoU: 77.34 | mIoU: 80.91 |
+------------+-------------+-------------+
Images evaluated: 218
2026-04-30 04:05:24,318 - mmdet - INFO - Iter [5500/30000]	lr: 1.000e-04, eta: 9:28:01, time: 1.102, data_time: 0.012, memory: 37111, val/mIoU: 0.7734, val/IoU.building: 0.6330, val/IoU.background: 0.9138, val/Pseudo_mIoU: 0.8091, loss_mask: 0.1251, loss_texture: 0.0468, iou: 0.8352, loss: 0.1719
2026-04-30 04:05:52,015 - mmdet - INFO - Iter [5525/30000]	lr: 1.000e-04, eta: 9:38:27, time: 7.363, data_time: 6.267, memory: 37111, loss_mask: 0.1349, loss_texture: 0.0480, iou: 0.8083, loss: 0.1829
2026-04-30 04:06:19,722 - mmdet - INFO - Iter [5550/30000]	lr: 1.000e-04, eta: 9:37:18, time: 1.108, data_time: 0.012, memory: 37111, loss_mask: 0.1612, loss_texture: 0.0554, iou: 0.8099, loss: 0.2166
2026-04-30 04:06:47,418 - mmdet - INFO - Iter [5575/30000]	lr: 1.000e-04, eta: 9:36:08, time: 1.108, data_time: 0.012, memory: 37111, loss_mask: 0.1442, loss_texture: 0.0529, iou: 0.8270, loss: 0.1971
2026-04-30 04:07:14,973 - mmdet - INFO - Iter [5600/30000]	lr: 1.000e-04, eta: 9:34:59, time: 1.102, data_time: 0.012, memory: 37111, loss_mask: 0.1190, loss_texture: 0.0438, iou: 0.8099, loss: 0.1628
2026-04-30 04:07:42,661 - mmdet - INFO - Iter [5625/30000]	lr: 1.000e-04, eta: 9:33:50, time: 1.108, data_time: 0.012, memory: 37111, loss_mask: 0.1354, loss_texture: 0.0474, iou: 0.8144, loss: 0.1828
2026-04-30 04:08:10,272 - mmdet - INFO - Iter [5650/30000]	lr: 1.000e-04, eta: 9:32:42, time: 1.104, data_time: 0.011, memory: 37111, loss_mask: 0.1267, loss_texture: 0.0477, iou: 0.8282, loss: 0.1744
2026-04-30 04:08:37,902 - mmdet - INFO - Iter [5675/30000]	lr: 1.000e-04, eta: 9:31:34, time: 1.105, data_time: 0.012, memory: 37111, loss_mask: 0.1303, loss_texture: 0.0466, iou: 0.8069, loss: 0.1768
2026-04-30 04:09:05,591 - mmdet - INFO - Iter [5700/30000]	lr: 1.000e-04, eta: 9:30:26, time: 1.108, data_time: 0.011, memory: 37111, loss_mask: 0.1367, loss_texture: 0.0478, iou: 0.8177, loss: 0.1845
2026-04-30 04:09:33,250 - mmdet - INFO - Iter [5725/30000]	lr: 1.000e-04, eta: 9:29:19, time: 1.106, data_time: 0.012, memory: 37111, loss_mask: 0.1192, loss_texture: 0.0469, iou: 0.8221, loss: 0.1660
2026-04-30 04:10:00,760 - mmdet - INFO - Iter [5750/30000]	lr: 1.000e-04, eta: 9:28:12, time: 1.100, data_time: 0.012, memory: 37111, loss_mask: 0.1264, loss_texture: 0.0458, iou: 0.8284, loss: 0.1722
2026-04-30 04:10:28,242 - mmdet - INFO - Iter [5775/30000]	lr: 1.000e-04, eta: 9:27:04, time: 1.099, data_time: 0.012, memory: 37111, loss_mask: 0.1118, loss_texture: 0.0427, iou: 0.8351, loss: 0.1544
2026-04-30 04:10:55,682 - mmdet - INFO - Iter [5800/30000]	lr: 1.000e-04, eta: 9:25:57, time: 1.098, data_time: 0.011, memory: 37111, loss_mask: 0.1210, loss_texture: 0.0448, iou: 0.8200, loss: 0.1658
2026-04-30 04:11:23,238 - mmdet - INFO - Iter [5825/30000]	lr: 1.000e-04, eta: 9:24:51, time: 1.102, data_time: 0.012, memory: 37111, loss_mask: 0.1352, loss_texture: 0.0499, iou: 0.8331, loss: 0.1851
2026-04-30 04:11:50,851 - mmdet - INFO - Iter [5850/30000]	lr: 1.000e-04, eta: 9:23:45, time: 1.105, data_time: 0.011, memory: 37111, loss_mask: 0.1506, loss_texture: 0.0570, iou: 0.8068, loss: 0.2076
2026-04-30 04:12:18,369 - mmdet - INFO - Iter [5875/30000]	lr: 1.000e-04, eta: 9:22:39, time: 1.101, data_time: 0.012, memory: 37111, loss_mask: 0.1208, loss_texture: 0.0456, iou: 0.8132, loss: 0.1663
2026-04-30 04:12:45,903 - mmdet - INFO - Iter [5900/30000]	lr: 1.000e-04, eta: 9:21:34, time: 1.101, data_time: 0.012, memory: 37111, loss_mask: 0.1260, loss_texture: 0.0465, iou: 0.8234, loss: 0.1726
2026-04-30 04:13:13,426 - mmdet - INFO - Iter [5925/30000]	lr: 1.000e-04, eta: 9:20:29, time: 1.101, data_time: 0.012, memory: 37111, loss_mask: 0.1181, loss_texture: 0.0468, iou: 0.8272, loss: 0.1649
2026-04-30 04:13:40,876 - mmdet - INFO - Iter [5950/30000]	lr: 1.000e-04, eta: 9:19:24, time: 1.098, data_time: 0.011, memory: 37111, loss_mask: 0.1277, loss_texture: 0.0457, iou: 0.8148, loss: 0.1734
2026-04-30 04:14:08,391 - mmdet - INFO - Iter [5975/30000]	lr: 1.000e-04, eta: 9:18:19, time: 1.101, data_time: 0.012, memory: 37111, loss_mask: 0.1507, loss_texture: 0.0499, iou: 0.8054, loss: 0.2006
2026-04-30 04:14:35,842 - mmdet - INFO - 
--- Val evaluation at iter 6000 ---
2026-04-30 04:17:10,240 - mmdet - INFO - 
+------------+-------------+-------------+
| Class      | Val IoU     | Pseudo IoU  |
+------------+-------------+-------------+
| background | 91.36       | 92.68       |
| building   | 62.56       | 69.14       |
| Summary    | mIoU: 76.96 | mIoU: 80.91 |
+------------+-------------+-------------+
Images evaluated: 218
2026-04-30 04:17:11,580 - mmdet - INFO - Exp name: exp8_all.py
2026-04-30 04:17:11,580 - mmdet - INFO - Iter [6000/30000]	lr: 1.000e-04, eta: 9:17:15, time: 1.098, data_time: 0.012, memory: 37111, val/mIoU: 0.7696, val/IoU.building: 0.6256, val/IoU.background: 0.9136, val/Pseudo_mIoU: 0.8091, loss_mask: 0.1320, loss_texture: 0.0465, iou: 0.8113, loss: 0.1784
2026-04-30 04:17:39,017 - mmdet - INFO - Iter [6025/30000]	lr: 1.000e-04, eta: 9:26:30, time: 7.327, data_time: 6.242, memory: 37111, loss_mask: 0.1454, loss_texture: 0.0496, iou: 0.7922, loss: 0.1950
2026-04-30 04:18:06,523 - mmdet - INFO - Iter [6050/30000]	lr: 1.000e-04, eta: 9:25:23, time: 1.100, data_time: 0.012, memory: 37111, loss_mask: 0.1295, loss_texture: 0.0458, iou: 0.8047, loss: 0.1753
2026-04-30 04:18:34,107 - mmdet - INFO - Iter [6075/30000]	lr: 1.000e-04, eta: 9:24:17, time: 1.103, data_time: 0.012, memory: 37111, loss_mask: 0.1495, loss_texture: 0.0536, iou: 0.8261, loss: 0.2030
2026-04-30 04:19:01,810 - mmdet - INFO - Iter [6100/30000]	lr: 1.000e-04, eta: 9:23:11, time: 1.108, data_time: 0.011, memory: 37111, loss_mask: 0.1632, loss_texture: 0.0520, iou: 0.8149, loss: 0.2152
2026-04-30 04:19:29,321 - mmdet - INFO - Iter [6125/30000]	lr: 1.000e-04, eta: 9:22:06, time: 1.100, data_time: 0.012, memory: 37111, loss_mask: 0.1378, loss_texture: 0.0486, iou: 0.8012, loss: 0.1863
2026-04-30 04:19:56,827 - mmdet - INFO - Iter [6150/30000]	lr: 1.000e-04, eta: 9:21:00, time: 1.100, data_time: 0.012, memory: 37111, loss_mask: 0.1185, loss_texture: 0.0451, iou: 0.8330, loss: 0.1636
2026-04-30 04:20:24,283 - mmdet - INFO - Iter [6175/30000]	lr: 1.000e-04, eta: 9:19:54, time: 1.098, data_time: 0.012, memory: 37111, loss_mask: 0.1310, loss_texture: 0.0499, iou: 0.8266, loss: 0.1810
2026-04-30 04:20:51,781 - mmdet - INFO - Iter [6200/30000]	lr: 1.000e-04, eta: 9:18:49, time: 1.100, data_time: 0.011, memory: 37111, loss_mask: 0.1309, loss_texture: 0.0474, iou: 0.8053, loss: 0.1784
2026-04-30 04:21:19,264 - mmdet - INFO - Iter [6225/30000]	lr: 1.000e-04, eta: 9:17:45, time: 1.099, data_time: 0.012, memory: 37111, loss_mask: 0.1370, loss_texture: 0.0491, iou: 0.8246, loss: 0.1861
2026-04-30 04:21:46,754 - mmdet - INFO - Iter [6250/30000]	lr: 1.000e-04, eta: 9:16:40, time: 1.100, data_time: 0.011, memory: 37111, loss_mask: 0.1144, loss_texture: 0.0433, iou: 0.8159, loss: 0.1577
2026-04-30 04:22:14,861 - mmdet - INFO - Iter [6275/30000]	lr: 1.000e-04, eta: 9:15:38, time: 1.124, data_time: 0.013, memory: 37111, loss_mask: 0.1154, loss_texture: 0.0458, iou: 0.8250, loss: 0.1612
2026-04-30 04:22:42,575 - mmdet - INFO - Iter [6300/30000]	lr: 1.000e-04, eta: 9:14:35, time: 1.109, data_time: 0.011, memory: 37111, loss_mask: 0.1247, loss_texture: 0.0500, iou: 0.8241, loss: 0.1747
2026-04-30 04:23:10,174 - mmdet - INFO - Iter [6325/30000]	lr: 1.000e-04, eta: 9:13:32, time: 1.104, data_time: 0.011, memory: 37111, loss_mask: 0.1354, loss_texture: 0.0479, iou: 0.8239, loss: 0.1833
2026-04-30 04:23:37,870 - mmdet - INFO - Iter [6350/30000]	lr: 1.000e-04, eta: 9:12:30, time: 1.108, data_time: 0.012, memory: 37111, loss_mask: 0.1129, loss_texture: 0.0430, iou: 0.8347, loss: 0.1559
2026-04-30 04:24:05,578 - mmdet - INFO - Iter [6375/30000]	lr: 1.000e-04, eta: 9:11:27, time: 1.108, data_time: 0.012, memory: 37111, loss_mask: 0.1320, loss_texture: 0.0529, iou: 0.8151, loss: 0.1849
2026-04-30 04:24:33,159 - mmdet - INFO - Iter [6400/30000]	lr: 1.000e-04, eta: 9:10:25, time: 1.103, data_time: 0.011, memory: 37111, loss_mask: 0.1080, loss_texture: 0.0434, iou: 0.8568, loss: 0.1513
2026-04-30 04:25:00,734 - mmdet - INFO - Iter [6425/30000]	lr: 1.000e-04, eta: 9:09:23, time: 1.103, data_time: 0.011, memory: 37111, loss_mask: 0.1292, loss_texture: 0.0465, iou: 0.8200, loss: 0.1757
2026-04-30 04:25:28,306 - mmdet - INFO - Iter [6450/30000]	lr: 1.000e-04, eta: 9:08:21, time: 1.103, data_time: 0.012, memory: 37111, loss_mask: 0.1344, loss_texture: 0.0477, iou: 0.8183, loss: 0.1821
2026-04-30 04:25:55,831 - mmdet - INFO - Iter [6475/30000]	lr: 1.000e-04, eta: 9:07:19, time: 1.101, data_time: 0.012, memory: 37111, loss_mask: 0.1186, loss_texture: 0.0449, iou: 0.8319, loss: 0.1634
2026-04-30 04:26:23,364 - mmdet - INFO - 
--- Val evaluation at iter 6500 ---
2026-04-30 04:28:58,722 - mmdet - INFO - 
+------------+-------------+-------------+
| Class      | Val IoU     | Pseudo IoU  |
+------------+-------------+-------------+
| background | 91.23       | 92.68       |
| building   | 62.09       | 69.14       |
| Summary    | mIoU: 76.66 | mIoU: 80.91 |
+------------+-------------+-------------+
Images evaluated: 218
2026-04-30 04:29:00,093 - mmdet - INFO - Iter [6500/30000]	lr: 1.000e-04, eta: 9:06:18, time: 1.101, data_time: 0.011, memory: 37111, val/mIoU: 0.7666, val/IoU.building: 0.6209, val/IoU.background: 0.9123, val/Pseudo_mIoU: 0.8091, loss_mask: 0.1193, loss_texture: 0.0446, iou: 0.8288, loss: 0.1639
2026-04-30 04:29:27,488 - mmdet - INFO - Iter [6525/30000]	lr: 1.000e-04, eta: 9:14:40, time: 7.365, data_time: 6.281, memory: 37111, loss_mask: 0.1143, loss_texture: 0.0444, iou: 0.8252, loss: 0.1587
2026-04-30 04:29:54,981 - mmdet - INFO - Iter [6550/30000]	lr: 1.000e-04, eta: 9:13:36, time: 1.100, data_time: 0.012, memory: 37111, loss_mask: 0.1299, loss_texture: 0.0485, iou: 0.8189, loss: 0.1784
2026-04-30 04:30:22,379 - mmdet - INFO - Iter [6575/30000]	lr: 1.000e-04, eta: 9:12:32, time: 1.096, data_time: 0.012, memory: 37111, loss_mask: 0.1185, loss_texture: 0.0470, iou: 0.8265, loss: 0.1655
2026-04-30 04:30:49,754 - mmdet - INFO - Iter [6600/30000]	lr: 1.000e-04, eta: 9:11:28, time: 1.095, data_time: 0.011, memory: 37111, loss_mask: 0.1312, loss_texture: 0.0487, iou: 0.8120, loss: 0.1799
2026-04-30 04:31:17,473 - mmdet - INFO - Iter [6625/30000]	lr: 1.000e-04, eta: 9:10:26, time: 1.109, data_time: 0.012, memory: 37111, loss_mask: 0.1328, loss_texture: 0.0497, iou: 0.8376, loss: 0.1826
2026-04-30 04:31:45,069 - mmdet - INFO - Iter [6650/30000]	lr: 1.000e-04, eta: 9:09:23, time: 1.104, data_time: 0.012, memory: 37111, loss_mask: 0.1291, loss_texture: 0.0483, iou: 0.8255, loss: 0.1774
2026-04-30 04:32:12,801 - mmdet - INFO - Iter [6675/30000]	lr: 1.000e-04, eta: 9:08:22, time: 1.109, data_time: 0.012, memory: 37111, loss_mask: 0.1172, loss_texture: 0.0444, iou: 0.8262, loss: 0.1617
2026-04-30 04:32:40,431 - mmdet - INFO - Iter [6700/30000]	lr: 1.000e-04, eta: 9:07:20, time: 1.105, data_time: 0.011, memory: 37111, loss_mask: 0.1325, loss_texture: 0.0441, iou: 0.8169, loss: 0.1765
2026-04-30 04:33:08,029 - mmdet - INFO - Iter [6725/30000]	lr: 1.000e-04, eta: 9:06:18, time: 1.104, data_time: 0.011, memory: 37111, loss_mask: 0.1490, loss_texture: 0.0532, iou: 0.8078, loss: 0.2021
2026-04-30 04:33:35,580 - mmdet - INFO - Iter [6750/30000]	lr: 1.000e-04, eta: 9:05:17, time: 1.102, data_time: 0.011, memory: 37111, loss_mask: 0.1241, loss_texture: 0.0472, iou: 0.8102, loss: 0.1713
2026-04-30 04:34:03,033 - mmdet - INFO - Iter [6775/30000]	lr: 1.000e-04, eta: 9:04:15, time: 1.098, data_time: 0.012, memory: 37111, loss_mask: 0.1145, loss_texture: 0.0443, iou: 0.8354, loss: 0.1588
2026-04-30 04:34:30,410 - mmdet - INFO - Iter [6800/30000]	lr: 1.000e-04, eta: 9:03:13, time: 1.095, data_time: 0.011, memory: 37111, loss_mask: 0.1164, loss_texture: 0.0458, iou: 0.8276, loss: 0.1622
2026-04-30 04:34:57,898 - mmdet - INFO - Iter [6825/30000]	lr: 1.000e-04, eta: 9:02:12, time: 1.099, data_time: 0.011, memory: 37111, loss_mask: 0.1217, loss_texture: 0.0449, iou: 0.8356, loss: 0.1666
2026-04-30 04:35:25,611 - mmdet - INFO - Iter [6850/30000]	lr: 1.000e-04, eta: 9:01:12, time: 1.109, data_time: 0.012, memory: 37111, loss_mask: 0.1551, loss_texture: 0.0549, iou: 0.8139, loss: 0.2100
2026-04-30 04:35:53,168 - mmdet - INFO - Iter [6875/30000]	lr: 1.000e-04, eta: 9:00:12, time: 1.102, data_time: 0.012, memory: 37111, loss_mask: 0.1246, loss_texture: 0.0464, iou: 0.8252, loss: 0.1709
2026-04-30 04:36:20,628 - mmdet - INFO - Iter [6900/30000]	lr: 1.000e-04, eta: 8:59:11, time: 1.098, data_time: 0.011, memory: 37111, loss_mask: 0.1081, loss_texture: 0.0423, iou: 0.8422, loss: 0.1504
2026-04-30 04:36:48,197 - mmdet - INFO - Iter [6925/30000]	lr: 1.000e-04, eta: 8:58:12, time: 1.103, data_time: 0.012, memory: 37111, loss_mask: 0.1253, loss_texture: 0.0481, iou: 0.8179, loss: 0.1734
2026-04-30 04:37:15,677 - mmdet - INFO - Iter [6950/30000]	lr: 1.000e-04, eta: 8:57:12, time: 1.099, data_time: 0.012, memory: 37111, loss_mask: 0.1206, loss_texture: 0.0473, iou: 0.8355, loss: 0.1678
2026-04-30 04:37:43,136 - mmdet - INFO - Iter [6975/30000]	lr: 1.000e-04, eta: 8:56:12, time: 1.098, data_time: 0.012, memory: 37111, loss_mask: 0.1304, loss_texture: 0.0488, iou: 0.8159, loss: 0.1792
2026-04-30 04:38:10,562 - mmdet - INFO - 
--- Val evaluation at iter 7000 ---
2026-04-30 04:40:45,337 - mmdet - INFO - 
+------------+-------------+-------------+
| Class      | Val IoU     | Pseudo IoU  |
+------------+-------------+-------------+
| background | 91.35       | 92.68       |
| building   | 63.22       | 69.14       |
| Summary    | mIoU: 77.29 | mIoU: 80.91 |
+------------+-------------+-------------+
Images evaluated: 218
2026-04-30 04:40:46,703 - mmdet - INFO - Exp name: exp8_all.py
2026-04-30 04:40:46,704 - mmdet - INFO - Iter [7000/30000]	lr: 1.000e-04, eta: 8:55:12, time: 1.097, data_time: 0.011, memory: 37111, val/mIoU: 0.7729, val/IoU.building: 0.6322, val/IoU.background: 0.9135, val/Pseudo_mIoU: 0.8091, loss_mask: 0.1140, loss_texture: 0.0418, iou: 0.8386, loss: 0.1558
2026-04-30 04:41:14,751 - mmdet - INFO - Iter [7025/30000]	lr: 1.000e-04, eta: 9:02:46, time: 7.368, data_time: 6.258, memory: 37111, loss_mask: 0.1179, loss_texture: 0.0443, iou: 0.8278, loss: 0.1622
2026-04-30 04:41:42,508 - mmdet - INFO - Iter [7050/30000]	lr: 1.000e-04, eta: 9:01:45, time: 1.110, data_time: 0.012, memory: 37111, loss_mask: 0.1472, loss_texture: 0.0532, iou: 0.8263, loss: 0.2004
2026-04-30 04:42:10,397 - mmdet - INFO - Iter [7075/30000]	lr: 1.000e-04, eta: 9:00:45, time: 1.116, data_time: 0.012, memory: 37111, loss_mask: 0.1254, loss_texture: 0.0484, iou: 0.8216, loss: 0.1738
2026-04-30 04:42:38,013 - mmdet - INFO - Iter [7100/30000]	lr: 1.000e-04, eta: 8:59:45, time: 1.105, data_time: 0.012, memory: 37111, loss_mask: 0.1223, loss_texture: 0.0476, iou: 0.8265, loss: 0.1699
2026-04-30 04:43:05,651 - mmdet - INFO - Iter [7125/30000]	lr: 1.000e-04, eta: 8:58:45, time: 1.106, data_time: 0.012, memory: 37111, loss_mask: 0.1252, loss_texture: 0.0487, iou: 0.8216, loss: 0.1739
2026-04-30 04:43:33,200 - mmdet - INFO - Iter [7150/30000]	lr: 1.000e-04, eta: 8:57:45, time: 1.102, data_time: 0.011, memory: 37111, loss_mask: 0.1146, loss_texture: 0.0448, iou: 0.8133, loss: 0.1594
2026-04-30 04:44:00,773 - mmdet - INFO - Iter [7175/30000]	lr: 1.000e-04, eta: 8:56:45, time: 1.103, data_time: 0.011, memory: 37111, loss_mask: 0.1152, loss_texture: 0.0437, iou: 0.8183, loss: 0.1589
2026-04-30 04:44:28,201 - mmdet - INFO - Iter [7200/30000]	lr: 1.000e-04, eta: 8:55:45, time: 1.097, data_time: 0.012, memory: 37111, loss_mask: 0.1183, loss_texture: 0.0412, iou: 0.8344, loss: 0.1595
2026-04-30 04:44:55,773 - mmdet - INFO - Iter [7225/30000]	lr: 1.000e-04, eta: 8:54:45, time: 1.103, data_time: 0.012, memory: 37111, loss_mask: 0.1317, loss_texture: 0.0484, iou: 0.8258, loss: 0.1801
2026-04-30 04:45:23,477 - mmdet - INFO - Iter [7250/30000]	lr: 1.000e-04, eta: 8:53:46, time: 1.108, data_time: 0.011, memory: 37111, loss_mask: 0.1240, loss_texture: 0.0482, iou: 0.8330, loss: 0.1722
2026-04-30 04:45:51,006 - mmdet - INFO - Iter [7275/30000]	lr: 1.000e-04, eta: 8:52:47, time: 1.101, data_time: 0.011, memory: 37111, loss_mask: 0.1184, loss_texture: 0.0434, iou: 0.8318, loss: 0.1618
2026-04-30 04:46:18,531 - mmdet - INFO - Iter [7300/30000]	lr: 1.000e-04, eta: 8:51:48, time: 1.101, data_time: 0.012, memory: 37111, loss_mask: 0.1235, loss_texture: 0.0488, iou: 0.8220, loss: 0.1723
2026-04-30 04:46:46,165 - mmdet - INFO - Iter [7325/30000]	lr: 1.000e-04, eta: 8:50:50, time: 1.105, data_time: 0.012, memory: 37111, loss_mask: 0.1301, loss_texture: 0.0489, iou: 0.8208, loss: 0.1790
2026-04-30 04:47:13,797 - mmdet - INFO - Iter [7350/30000]	lr: 1.000e-04, eta: 8:49:52, time: 1.105, data_time: 0.012, memory: 37111, loss_mask: 0.1281, loss_texture: 0.0466, iou: 0.8383, loss: 0.1748
2026-04-30 04:47:41,273 - mmdet - INFO - Iter [7375/30000]	lr: 1.000e-04, eta: 8:48:53, time: 1.099, data_time: 0.011, memory: 37111, loss_mask: 0.1181, loss_texture: 0.0462, iou: 0.8433, loss: 0.1643
2026-04-30 04:48:08,742 - mmdet - INFO - Iter [7400/30000]	lr: 1.000e-04, eta: 8:47:55, time: 1.099, data_time: 0.011, memory: 37111, loss_mask: 0.1277, loss_texture: 0.0491, iou: 0.8251, loss: 0.1768
2026-04-30 04:48:36,256 - mmdet - INFO - Iter [7425/30000]	lr: 1.000e-04, eta: 8:46:57, time: 1.101, data_time: 0.012, memory: 37111, loss_mask: 0.1241, loss_texture: 0.0467, iou: 0.8280, loss: 0.1708
2026-04-30 04:49:03,711 - mmdet - INFO - Iter [7450/30000]	lr: 1.000e-04, eta: 8:45:59, time: 1.098, data_time: 0.011, memory: 37111, loss_mask: 0.1094, loss_texture: 0.0418, iou: 0.8320, loss: 0.1512
2026-04-30 04:49:31,360 - mmdet - INFO - Iter [7475/30000]	lr: 1.000e-04, eta: 8:45:02, time: 1.106, data_time: 0.012, memory: 37111, loss_mask: 0.1279, loss_texture: 0.0499, iou: 0.8258, loss: 0.1777
2026-04-30 04:49:58,987 - mmdet - INFO - 
--- Val evaluation at iter 7500 ---
2026-04-30 04:52:34,013 - mmdet - INFO - 
+------------+-------------+-------------+
| Class      | Val IoU     | Pseudo IoU  |
+------------+-------------+-------------+
| background | 90.63       | 92.68       |
| building   | 57.16       | 69.14       |
| Summary    | mIoU: 73.89 | mIoU: 80.91 |
+------------+-------------+-------------+
Images evaluated: 218
2026-04-30 04:52:35,379 - mmdet - INFO - Iter [7500/30000]	lr: 1.000e-04, eta: 8:44:05, time: 1.105, data_time: 0.012, memory: 37111, val/mIoU: 0.7389, val/IoU.building: 0.5716, val/IoU.background: 0.9063, val/Pseudo_mIoU: 0.8091, loss_mask: 0.1238, loss_texture: 0.0469, iou: 0.8275, loss: 0.1707
2026-04-30 04:53:02,924 - mmdet - INFO - Iter [7525/30000]	lr: 1.000e-04, eta: 8:50:55, time: 7.357, data_time: 6.268, memory: 37111, loss_mask: 0.1588, loss_texture: 0.0498, iou: 0.8153, loss: 0.2085
2026-04-30 04:53:30,462 - mmdet - INFO - Iter [7550/30000]	lr: 1.000e-04, eta: 8:49:56, time: 1.102, data_time: 0.011, memory: 37111, loss_mask: 0.1594, loss_texture: 0.0512, iou: 0.8003, loss: 0.2106
2026-04-30 04:53:58,024 - mmdet - INFO - Iter [7575/30000]	lr: 1.000e-04, eta: 8:48:58, time: 1.102, data_time: 0.012, memory: 37111, loss_mask: 0.1548, loss_texture: 0.0492, iou: 0.7935, loss: 0.2040
2026-04-30 04:54:25,539 - mmdet - INFO - Iter [7600/30000]	lr: 1.000e-04, eta: 8:47:59, time: 1.101, data_time: 0.012, memory: 37111, loss_mask: 0.1444, loss_texture: 0.0488, iou: 0.8061, loss: 0.1933
2026-04-30 04:54:53,074 - mmdet - INFO - Iter [7625/30000]	lr: 1.000e-04, eta: 8:47:01, time: 1.101, data_time: 0.012, memory: 37111, loss_mask: 0.1316, loss_texture: 0.0463, iou: 0.8291, loss: 0.1778
2026-04-30 04:55:20,615 - mmdet - INFO - Iter [7650/30000]	lr: 1.000e-04, eta: 8:46:03, time: 1.102, data_time: 0.011, memory: 37111, loss_mask: 0.1292, loss_texture: 0.0482, iou: 0.8238, loss: 0.1774
2026-04-30 04:55:48,205 - mmdet - INFO - Iter [7675/30000]	lr: 1.000e-04, eta: 8:45:05, time: 1.104, data_time: 0.012, memory: 37111, loss_mask: 0.1299, loss_texture: 0.0512, iou: 0.8064, loss: 0.1811
2026-04-30 04:56:15,703 - mmdet - INFO - Iter [7700/30000]	lr: 1.000e-04, eta: 8:44:07, time: 1.100, data_time: 0.012, memory: 37111, loss_mask: 0.1131, loss_texture: 0.0430, iou: 0.8130, loss: 0.1562
2026-04-30 04:56:43,210 - mmdet - INFO - Iter [7725/30000]	lr: 1.000e-04, eta: 8:43:10, time: 1.100, data_time: 0.012, memory: 37111, loss_mask: 0.1229, loss_texture: 0.0452, iou: 0.8278, loss: 0.1681
2026-04-30 04:57:10,736 - mmdet - INFO - Iter [7750/30000]	lr: 1.000e-04, eta: 8:42:12, time: 1.101, data_time: 0.011, memory: 37111, loss_mask: 0.1202, loss_texture: 0.0469, iou: 0.8337, loss: 0.1671
2026-04-30 04:57:38,335 - mmdet - INFO - Iter [7775/30000]	lr: 1.000e-04, eta: 8:41:15, time: 1.104, data_time: 0.012, memory: 37111, loss_mask: 0.1205, loss_texture: 0.0480, iou: 0.8460, loss: 0.1685
2026-04-30 04:58:05,908 - mmdet - INFO - Iter [7800/30000]	lr: 1.000e-04, eta: 8:40:18, time: 1.103, data_time: 0.011, memory: 37111, loss_mask: 0.1123, loss_texture: 0.0414, iou: 0.8333, loss: 0.1537
2026-04-30 04:58:33,353 - mmdet - INFO - Iter [7825/30000]	lr: 1.000e-04, eta: 8:39:21, time: 1.098, data_time: 0.012, memory: 37111, loss_mask: 0.1132, loss_texture: 0.0456, iou: 0.8434, loss: 0.1588
2026-04-30 04:59:00,942 - mmdet - INFO - Iter [7850/30000]	lr: 1.000e-04, eta: 8:38:25, time: 1.104, data_time: 0.011, memory: 37111, loss_mask: 0.1186, loss_texture: 0.0461, iou: 0.8333, loss: 0.1647
2026-04-30 04:59:28,428 - mmdet - INFO - Iter [7875/30000]	lr: 1.000e-04, eta: 8:37:28, time: 1.099, data_time: 0.012, memory: 37111, loss_mask: 0.1264, loss_texture: 0.0450, iou: 0.8250, loss: 0.1714
2026-04-30 04:59:55,816 - mmdet - INFO - Iter [7900/30000]	lr: 1.000e-04, eta: 8:36:32, time: 1.095, data_time: 0.012, memory: 37111, loss_mask: 0.1146, loss_texture: 0.0431, iou: 0.8333, loss: 0.1577
2026-04-30 05:00:23,429 - mmdet - INFO - Iter [7925/30000]	lr: 1.000e-04, eta: 8:35:36, time: 1.105, data_time: 0.012, memory: 37111, loss_mask: 0.1240, loss_texture: 0.0476, iou: 0.8308, loss: 0.1716
2026-04-30 05:00:50,931 - mmdet - INFO - Iter [7950/30000]	lr: 1.000e-04, eta: 8:34:40, time: 1.100, data_time: 0.011, memory: 37111, loss_mask: 0.1187, loss_texture: 0.0462, iou: 0.8411, loss: 0.1649
2026-04-30 05:01:18,542 - mmdet - INFO - Iter [7975/30000]	lr: 1.000e-04, eta: 8:33:45, time: 1.104, data_time: 0.011, memory: 37111, loss_mask: 0.1422, loss_texture: 0.0511, iou: 0.7922, loss: 0.1933
2026-04-30 05:01:46,073 - mmdet - INFO - 
--- Val evaluation at iter 8000 ---
2026-04-30 05:04:20,719 - mmdet - INFO - 
+------------+-------------+-------------+
| Class      | Val IoU     | Pseudo IoU  |
+------------+-------------+-------------+
| background | 91.59       | 92.68       |
| building   | 63.39       | 69.14       |
| Summary    | mIoU: 77.49 | mIoU: 80.91 |
+------------+-------------+-------------+
Images evaluated: 218
2026-04-30 05:04:22,099 - mmdet - INFO - Exp name: exp8_all.py
2026-04-30 05:04:22,099 - mmdet - INFO - Iter [8000/30000]	lr: 1.000e-04, eta: 8:32:49, time: 1.101, data_time: 0.012, memory: 37111, val/mIoU: 0.7749, val/IoU.building: 0.6339, val/IoU.background: 0.9159, val/Pseudo_mIoU: 0.8091, loss_mask: 0.1285, loss_texture: 0.0475, iou: 0.8358, loss: 0.1760
2026-04-30 05:04:49,636 - mmdet - INFO - Iter [8025/30000]	lr: 1.000e-04, eta: 8:39:01, time: 7.342, data_time: 6.253, memory: 37111, loss_mask: 0.1206, loss_texture: 0.0483, iou: 0.8421, loss: 0.1690
2026-04-30 05:05:17,100 - mmdet - INFO - Iter [8050/30000]	lr: 1.000e-04, eta: 8:38:04, time: 1.099, data_time: 0.011, memory: 37111, loss_mask: 0.1093, loss_texture: 0.0425, iou: 0.8273, loss: 0.1518
2026-04-30 05:05:44,636 - mmdet - INFO - Iter [8075/30000]	lr: 1.000e-04, eta: 8:37:07, time: 1.101, data_time: 0.011, memory: 37111, loss_mask: 0.1314, loss_texture: 0.0489, iou: 0.8265, loss: 0.1804
2026-04-30 05:06:12,260 - mmdet - INFO - Iter [8100/30000]	lr: 1.000e-04, eta: 8:36:11, time: 1.105, data_time: 0.012, memory: 37111, loss_mask: 0.1247, loss_texture: 0.0482, iou: 0.8355, loss: 0.1729
2026-04-30 05:06:39,845 - mmdet - INFO - Iter [8125/30000]	lr: 1.000e-04, eta: 8:35:15, time: 1.103, data_time: 0.012, memory: 37111, loss_mask: 0.1144, loss_texture: 0.0441, iou: 0.8172, loss: 0.1585
2026-04-30 05:07:07,195 - mmdet - INFO - Iter [8150/30000]	lr: 1.000e-04, eta: 8:34:18, time: 1.094, data_time: 0.012, memory: 37111, loss_mask: 0.1033, loss_texture: 0.0380, iou: 0.8328, loss: 0.1413
2026-04-30 05:07:34,810 - mmdet - INFO - Iter [8175/30000]	lr: 1.000e-04, eta: 8:33:22, time: 1.105, data_time: 0.011, memory: 37111, loss_mask: 0.1167, loss_texture: 0.0447, iou: 0.8454, loss: 0.1613
2026-04-30 05:08:02,376 - mmdet - INFO - Iter [8200/30000]	lr: 1.000e-04, eta: 8:32:26, time: 1.103, data_time: 0.012, memory: 37111, loss_mask: 0.1113, loss_texture: 0.0458, iou: 0.8562, loss: 0.1571
2026-04-30 05:08:30,158 - mmdet - INFO - Iter [8225/30000]	lr: 1.000e-04, eta: 8:31:31, time: 1.111, data_time: 0.013, memory: 37111, loss_mask: 0.0958, loss_texture: 0.0392, iou: 0.8475, loss: 0.1351
2026-04-30 05:08:58,044 - mmdet - INFO - Iter [8250/30000]	lr: 1.000e-04, eta: 8:30:37, time: 1.115, data_time: 0.012, memory: 37111, loss_mask: 0.1192, loss_texture: 0.0468, iou: 0.8355, loss: 0.1659
2026-04-30 05:09:25,806 - mmdet - INFO - Iter [8275/30000]	lr: 1.000e-04, eta: 8:29:42, time: 1.110, data_time: 0.012, memory: 37111, loss_mask: 0.1298, loss_texture: 0.0497, iou: 0.8283, loss: 0.1795
2026-04-30 05:09:53,226 - mmdet - INFO - Iter [8300/30000]	lr: 1.000e-04, eta: 8:28:46, time: 1.097, data_time: 0.012, memory: 37111, loss_mask: 0.1237, loss_texture: 0.0460, iou: 0.8230, loss: 0.1697
2026-04-30 05:10:20,920 - mmdet - INFO - Iter [8325/30000]	lr: 1.000e-04, eta: 8:27:52, time: 1.108, data_time: 0.012, memory: 37111, loss_mask: 0.1225, loss_texture: 0.0464, iou: 0.8237, loss: 0.1689
2026-04-30 05:10:48,480 - mmdet - INFO - Iter [8350/30000]	lr: 1.000e-04, eta: 8:26:57, time: 1.102, data_time: 0.012, memory: 37111, loss_mask: 0.1323, loss_texture: 0.0516, iou: 0.8274, loss: 0.1839
2026-04-30 05:11:15,918 - mmdet - INFO - Iter [8375/30000]	lr: 1.000e-04, eta: 8:26:02, time: 1.098, data_time: 0.012, memory: 37111, loss_mask: 0.1144, loss_texture: 0.0447, iou: 0.8262, loss: 0.1591
2026-04-30 05:11:43,327 - mmdet - INFO - Iter [8400/30000]	lr: 1.000e-04, eta: 8:25:07, time: 1.096, data_time: 0.012, memory: 37111, loss_mask: 0.1182, loss_texture: 0.0426, iou: 0.8137, loss: 0.1608
2026-04-30 05:12:10,756 - mmdet - INFO - Iter [8425/30000]	lr: 1.000e-04, eta: 8:24:12, time: 1.097, data_time: 0.012, memory: 37111, loss_mask: 0.1083, loss_texture: 0.0428, iou: 0.8492, loss: 0.1510
2026-04-30 05:12:38,224 - mmdet - INFO - Iter [8450/30000]	lr: 1.000e-04, eta: 8:23:18, time: 1.099, data_time: 0.011, memory: 37111, loss_mask: 0.1062, loss_texture: 0.0435, iou: 0.8555, loss: 0.1497
2026-04-30 05:13:05,664 - mmdet - INFO - Iter [8475/30000]	lr: 1.000e-04, eta: 8:22:24, time: 1.098, data_time: 0.012, memory: 37111, loss_mask: 0.1004, loss_texture: 0.0412, iou: 0.8466, loss: 0.1416
2026-04-30 05:13:33,224 - mmdet - INFO - 
--- Val evaluation at iter 8500 ---
2026-04-30 05:16:12,334 - mmdet - INFO - 
+------------+-------------+-------------+
| Class      | Val IoU     | Pseudo IoU  |
+------------+-------------+-------------+
| background | 91.35       | 92.68       |
| building   | 64.30       | 69.14       |
| Summary    | mIoU: 77.82 | mIoU: 80.91 |
+------------+-------------+-------------+
Images evaluated: 218
2026-04-30 05:16:13,708 - mmdet - INFO - Iter [8500/30000]	lr: 1.000e-04, eta: 8:21:30, time: 1.102, data_time: 0.012, memory: 37111, val/mIoU: 0.7782, val/IoU.building: 0.6430, val/IoU.background: 0.9135, val/Pseudo_mIoU: 0.8091, loss_mask: 0.1230, loss_texture: 0.0441, iou: 0.8049, loss: 0.1671
2026-04-30 05:16:41,337 - mmdet - INFO - Iter [8525/30000]	lr: 1.000e-04, eta: 8:27:20, time: 7.525, data_time: 6.431, memory: 37111, loss_mask: 0.1118, loss_texture: 0.0445, iou: 0.8268, loss: 0.1562
2026-04-30 05:17:09,057 - mmdet - INFO - Iter [8550/30000]	lr: 1.000e-04, eta: 8:26:26, time: 1.109, data_time: 0.012, memory: 37111, loss_mask: 0.1184, loss_texture: 0.0486, iou: 0.8451, loss: 0.1670
2026-04-30 05:17:36,689 - mmdet - INFO - Iter [8575/30000]	lr: 1.000e-04, eta: 8:25:31, time: 1.105, data_time: 0.012, memory: 37111, loss_mask: 0.1197, loss_texture: 0.0464, iou: 0.8084, loss: 0.1661
2026-04-30 05:18:04,232 - mmdet - INFO - Iter [8600/30000]	lr: 1.000e-04, eta: 8:24:36, time: 1.102, data_time: 0.012, memory: 37111, loss_mask: 0.1189, loss_texture: 0.0463, iou: 0.8410, loss: 0.1652
2026-04-30 05:18:31,678 - mmdet - INFO - Iter [8625/30000]	lr: 1.000e-04, eta: 8:23:41, time: 1.098, data_time: 0.012, memory: 37111, loss_mask: 0.1107, loss_texture: 0.0450, iou: 0.8403, loss: 0.1557
2026-04-30 05:18:59,234 - mmdet - INFO - Iter [8650/30000]	lr: 1.000e-04, eta: 8:22:46, time: 1.102, data_time: 0.011, memory: 37111, loss_mask: 0.1213, loss_texture: 0.0467, iou: 0.8388, loss: 0.1679
2026-04-30 05:19:26,660 - mmdet - INFO - Iter [8675/30000]	lr: 1.000e-04, eta: 8:21:52, time: 1.097, data_time: 0.011, memory: 37111, loss_mask: 0.1100, loss_texture: 0.0432, iou: 0.8368, loss: 0.1532
2026-04-30 05:19:54,228 - mmdet - INFO - Iter [8700/30000]	lr: 1.000e-04, eta: 8:20:57, time: 1.103, data_time: 0.011, memory: 37111, loss_mask: 0.1410, loss_texture: 0.0452, iou: 0.8256, loss: 0.1862
2026-04-30 05:20:21,777 - mmdet - INFO - Iter [8725/30000]	lr: 1.000e-04, eta: 8:20:03, time: 1.102, data_time: 0.012, memory: 37111, loss_mask: 0.1285, loss_texture: 0.0467, iou: 0.8189, loss: 0.1752
2026-04-30 05:20:49,402 - mmdet - INFO - Iter [8750/30000]	lr: 1.000e-04, eta: 8:19:09, time: 1.105, data_time: 0.012, memory: 37111, loss_mask: 0.1388, loss_texture: 0.0487, iou: 0.8251, loss: 0.1874
2026-04-30 05:21:17,039 - mmdet - INFO - Iter [8775/30000]	lr: 1.000e-04, eta: 8:18:16, time: 1.106, data_time: 0.012, memory: 37111, loss_mask: 0.1183, loss_texture: 0.0452, iou: 0.8449, loss: 0.1635
2026-04-30 05:21:44,836 - mmdet - INFO - Iter [8800/30000]	lr: 1.000e-04, eta: 8:17:23, time: 1.112, data_time: 0.012, memory: 37111, loss_mask: 0.1202, loss_texture: 0.0471, iou: 0.8077, loss: 0.1673
2026-04-30 05:22:12,439 - mmdet - INFO - Iter [8825/30000]	lr: 1.000e-04, eta: 8:16:29, time: 1.104, data_time: 0.012, memory: 37111, loss_mask: 0.1129, loss_texture: 0.0478, iou: 0.8506, loss: 0.1607
2026-04-30 05:22:39,926 - mmdet - INFO - Iter [8850/30000]	lr: 1.000e-04, eta: 8:15:36, time: 1.099, data_time: 0.011, memory: 37111, loss_mask: 0.1091, loss_texture: 0.0416, iou: 0.8424, loss: 0.1506
2026-04-30 05:23:07,672 - mmdet - INFO - Iter [8875/30000]	lr: 1.000e-04, eta: 8:14:43, time: 1.110, data_time: 0.011, memory: 37111, loss_mask: 0.1295, loss_texture: 0.0468, iou: 0.8262, loss: 0.1763
2026-04-30 05:23:35,381 - mmdet - INFO - Iter [8900/30000]	lr: 1.000e-04, eta: 8:13:50, time: 1.108, data_time: 0.012, memory: 37111, loss_mask: 0.1080, loss_texture: 0.0430, iou: 0.8441, loss: 0.1510
2026-04-30 05:24:03,018 - mmdet - INFO - Iter [8925/30000]	lr: 1.000e-04, eta: 8:12:57, time: 1.105, data_time: 0.012, memory: 37111, loss_mask: 0.1116, loss_texture: 0.0458, iou: 0.8446, loss: 0.1573
2026-04-30 05:24:30,916 - mmdet - INFO - Iter [8950/30000]	lr: 1.000e-04, eta: 8:12:06, time: 1.116, data_time: 0.012, memory: 37111, loss_mask: 0.1314, loss_texture: 0.0504, iou: 0.8194, loss: 0.1818
2026-04-30 05:24:58,529 - mmdet - INFO - Iter [8975/30000]	lr: 1.000e-04, eta: 8:11:13, time: 1.104, data_time: 0.011, memory: 37111, loss_mask: 0.1248, loss_texture: 0.0463, iou: 0.8123, loss: 0.1711
2026-04-30 05:25:26,006 - mmdet - INFO - 
--- Val evaluation at iter 9000 ---
2026-04-30 05:28:00,903 - mmdet - INFO - 
+------------+-------------+-------------+
| Class      | Val IoU     | Pseudo IoU  |
+------------+-------------+-------------+
| background | 91.86       | 92.68       |
| building   | 66.65       | 69.14       |
| Summary    | mIoU: 79.25 | mIoU: 80.91 |
+------------+-------------+-------------+
Images evaluated: 218
2026-04-30 05:28:03,615 - mmdet - INFO - ★ New best mIoU: 79.25% (prev: 78.33%, Δ=+0.92%) → saved to /home/ubuntu/vy/Denoiser/SegRefiner/work_dirs/exp8_all/best_model.pth
2026-04-30 05:28:03,619 - mmdet - INFO - Exp name: exp8_all.py
2026-04-30 05:28:03,619 - mmdet - INFO - Iter [9000/30000]	lr: 1.000e-04, eta: 8:10:20, time: 1.099, data_time: 0.012, memory: 37111, val/mIoU: 0.7925, val/IoU.building: 0.6665, val/IoU.background: 0.9186, val/Pseudo_mIoU: 0.8091, loss_mask: 0.1242, loss_texture: 0.0448, iou: 0.8316, loss: 0.1690
2026-04-30 05:28:31,097 - mmdet - INFO - Iter [9025/30000]	lr: 1.000e-04, eta: 8:15:34, time: 7.404, data_time: 6.318, memory: 37111, loss_mask: 0.1537, loss_texture: 0.0501, iou: 0.8127, loss: 0.2038
2026-04-30 05:28:58,685 - mmdet - INFO - Iter [9050/30000]	lr: 1.000e-04, eta: 8:14:40, time: 1.104, data_time: 0.011, memory: 37111, loss_mask: 0.1325, loss_texture: 0.0490, iou: 0.8347, loss: 0.1814
2026-04-30 05:29:26,204 - mmdet - INFO - Iter [9075/30000]	lr: 1.000e-04, eta: 8:13:47, time: 1.101, data_time: 0.012, memory: 37111, loss_mask: 0.1330, loss_texture: 0.0474, iou: 0.8206, loss: 0.1804
2026-04-30 05:29:53,777 - mmdet - INFO - Iter [9100/30000]	lr: 1.000e-04, eta: 8:12:53, time: 1.103, data_time: 0.012, memory: 37111, loss_mask: 0.1071, loss_texture: 0.0406, iou: 0.8284, loss: 0.1477
2026-04-30 05:30:21,268 - mmdet - INFO - Iter [9125/30000]	lr: 1.000e-04, eta: 8:12:00, time: 1.100, data_time: 0.012, memory: 37111, loss_mask: 0.1135, loss_texture: 0.0415, iou: 0.8129, loss: 0.1551
2026-04-30 05:30:48,732 - mmdet - INFO - Iter [9150/30000]	lr: 1.000e-04, eta: 8:11:07, time: 1.099, data_time: 0.012, memory: 37111, loss_mask: 0.1227, loss_texture: 0.0473, iou: 0.8266, loss: 0.1700
2026-04-30 05:31:16,205 - mmdet - INFO - Iter [9175/30000]	lr: 1.000e-04, eta: 8:10:13, time: 1.099, data_time: 0.012, memory: 37111, loss_mask: 0.1136, loss_texture: 0.0437, iou: 0.8407, loss: 0.1574
2026-04-30 05:31:43,800 - mmdet - INFO - Iter [9200/30000]	lr: 1.000e-04, eta: 8:09:21, time: 1.104, data_time: 0.012, memory: 37111, loss_mask: 0.1244, loss_texture: 0.0449, iou: 0.8302, loss: 0.1693
2026-04-30 05:32:11,310 - mmdet - INFO - Iter [9225/30000]	lr: 1.000e-04, eta: 8:08:28, time: 1.100, data_time: 0.012, memory: 37111, loss_mask: 0.1204, loss_texture: 0.0476, iou: 0.8291, loss: 0.1680
2026-04-30 05:32:38,901 - mmdet - INFO - Iter [9250/30000]	lr: 1.000e-04, eta: 8:07:35, time: 1.104, data_time: 0.011, memory: 37111, loss_mask: 0.1254, loss_texture: 0.0481, iou: 0.8421, loss: 0.1735
2026-04-30 05:33:06,440 - mmdet - INFO - Iter [9275/30000]	lr: 1.000e-04, eta: 8:06:43, time: 1.102, data_time: 0.011, memory: 37111, loss_mask: 0.1160, loss_texture: 0.0452, iou: 0.8313, loss: 0.1613
2026-04-30 05:33:33,969 - mmdet - INFO - Iter [9300/30000]	lr: 1.000e-04, eta: 8:05:51, time: 1.101, data_time: 0.012, memory: 37111, loss_mask: 0.1208, loss_texture: 0.0466, iou: 0.8327, loss: 0.1674
2026-04-30 05:34:01,402 - mmdet - INFO - Iter [9325/30000]	lr: 1.000e-04, eta: 8:04:58, time: 1.097, data_time: 0.012, memory: 37111, loss_mask: 0.1197, loss_texture: 0.0461, iou: 0.8200, loss: 0.1657
2026-04-30 05:34:28,992 - mmdet - INFO - Iter [9350/30000]	lr: 1.000e-04, eta: 8:04:06, time: 1.104, data_time: 0.011, memory: 37111, loss_mask: 0.1209, loss_texture: 0.0451, iou: 0.8277, loss: 0.1660
2026-04-30 05:34:56,533 - mmdet - INFO - Iter [9375/30000]	lr: 1.000e-04, eta: 8:03:14, time: 1.102, data_time: 0.012, memory: 37111, loss_mask: 0.1214, loss_texture: 0.0473, iou: 0.8284, loss: 0.1687
2026-04-30 05:35:24,058 - mmdet - INFO - Iter [9400/30000]	lr: 1.000e-04, eta: 8:02:22, time: 1.101, data_time: 0.012, memory: 37111, loss_mask: 0.1079, loss_texture: 0.0419, iou: 0.8363, loss: 0.1498
2026-04-30 05:35:51,612 - mmdet - INFO - Iter [9425/30000]	lr: 1.000e-04, eta: 8:01:31, time: 1.102, data_time: 0.012, memory: 37111, loss_mask: 0.1357, loss_texture: 0.0514, iou: 0.8316, loss: 0.1871
2026-04-30 05:36:19,145 - mmdet - INFO - Iter [9450/30000]	lr: 1.000e-04, eta: 8:00:39, time: 1.101, data_time: 0.011, memory: 37111, loss_mask: 0.1251, loss_texture: 0.0466, iou: 0.8228, loss: 0.1717
2026-04-30 05:36:46,762 - mmdet - INFO - Iter [9475/30000]	lr: 1.000e-04, eta: 7:59:48, time: 1.105, data_time: 0.011, memory: 37111, loss_mask: 0.1171, loss_texture: 0.0457, iou: 0.8295, loss: 0.1628
2026-04-30 05:37:14,403 - mmdet - INFO - 
--- Val evaluation at iter 9500 ---
2026-04-30 05:39:48,662 - mmdet - INFO - 
+------------+-------------+-------------+
| Class      | Val IoU     | Pseudo IoU  |
+------------+-------------+-------------+
| background | 91.57       | 92.68       |
| building   | 64.20       | 69.14       |
| Summary    | mIoU: 77.89 | mIoU: 80.91 |
+------------+-------------+-------------+
Images evaluated: 218
2026-04-30 05:39:50,011 - mmdet - INFO - Iter [9500/30000]	lr: 1.000e-04, eta: 7:58:57, time: 1.106, data_time: 0.011, memory: 37111, val/mIoU: 0.7789, val/IoU.building: 0.6420, val/IoU.background: 0.9157, val/Pseudo_mIoU: 0.8091, loss_mask: 0.1351, loss_texture: 0.0512, iou: 0.8308, loss: 0.1863
2026-04-30 05:40:17,510 - mmdet - INFO - Iter [9525/30000]	lr: 1.000e-04, eta: 8:03:40, time: 7.324, data_time: 6.237, memory: 37111, loss_mask: 0.1082, loss_texture: 0.0430, iou: 0.8425, loss: 0.1511
2026-04-30 05:40:45,023 - mmdet - INFO - Iter [9550/30000]	lr: 1.000e-04, eta: 8:02:48, time: 1.101, data_time: 0.011, memory: 37111, loss_mask: 0.1022, loss_texture: 0.0414, iou: 0.8449, loss: 0.1436
2026-04-30 05:41:12,572 - mmdet - INFO - Iter [9575/30000]	lr: 1.000e-04, eta: 8:01:55, time: 1.102, data_time: 0.011, memory: 37111, loss_mask: 0.1160, loss_texture: 0.0470, iou: 0.8548, loss: 0.1630
2026-04-30 05:41:40,022 - mmdet - INFO - Iter [9600/30000]	lr: 1.000e-04, eta: 8:01:03, time: 1.098, data_time: 0.012, memory: 37111, loss_mask: 0.1061, loss_texture: 0.0424, iou: 0.8204, loss: 0.1485
2026-04-30 05:42:07,595 - mmdet - INFO - Iter [9625/30000]	lr: 1.000e-04, eta: 8:00:11, time: 1.103, data_time: 0.012, memory: 37111, loss_mask: 0.1123, loss_texture: 0.0411, iou: 0.8266, loss: 0.1534
2026-04-30 05:42:35,177 - mmdet - INFO - Iter [9650/30000]	lr: 1.000e-04, eta: 7:59:20, time: 1.103, data_time: 0.011, memory: 37111, loss_mask: 0.1295, loss_texture: 0.0495, iou: 0.8350, loss: 0.1789
2026-04-30 05:43:02,465 - mmdet - INFO - Iter [9675/30000]	lr: 1.000e-04, eta: 7:58:27, time: 1.092, data_time: 0.011, memory: 37111, loss_mask: 0.1182, loss_texture: 0.0450, iou: 0.8168, loss: 0.1632
2026-04-30 05:43:29,940 - mmdet - INFO - Iter [9700/30000]	lr: 1.000e-04, eta: 7:57:36, time: 1.099, data_time: 0.011, memory: 37111, loss_mask: 0.1229, loss_texture: 0.0485, iou: 0.8269, loss: 0.1714
2026-04-30 05:43:57,445 - mmdet - INFO - Iter [9725/30000]	lr: 1.000e-04, eta: 7:56:44, time: 1.100, data_time: 0.012, memory: 37111, loss_mask: 0.1126, loss_texture: 0.0449, iou: 0.8415, loss: 0.1575
2026-04-30 05:44:24,894 - mmdet - INFO - Iter [9750/30000]	lr: 1.000e-04, eta: 7:55:53, time: 1.098, data_time: 0.011, memory: 37111, loss_mask: 0.1328, loss_texture: 0.0429, iou: 0.8238, loss: 0.1757
2026-04-30 05:44:52,411 - mmdet - INFO - Iter [9775/30000]	lr: 1.000e-04, eta: 7:55:01, time: 1.101, data_time: 0.011, memory: 37111, loss_mask: 0.1174, loss_texture: 0.0477, iou: 0.8398, loss: 0.1651
2026-04-30 05:45:19,949 - mmdet - INFO - Iter [9800/30000]	lr: 1.000e-04, eta: 7:54:10, time: 1.102, data_time: 0.012, memory: 37111, loss_mask: 0.1180, loss_texture: 0.0462, iou: 0.8247, loss: 0.1642
2026-04-30 05:45:47,546 - mmdet - INFO - Iter [9825/30000]	lr: 1.000e-04, eta: 7:53:19, time: 1.104, data_time: 0.012, memory: 37111, loss_mask: 0.1245, loss_texture: 0.0486, iou: 0.8366, loss: 0.1731
2026-04-30 05:46:15,067 - mmdet - INFO - Iter [9850/30000]	lr: 1.000e-04, eta: 7:52:29, time: 1.101, data_time: 0.011, memory: 37111, loss_mask: 0.1181, loss_texture: 0.0464, iou: 0.8366, loss: 0.1645
2026-04-30 05:46:42,548 - mmdet - INFO - Iter [9875/30000]	lr: 1.000e-04, eta: 7:51:38, time: 1.099, data_time: 0.011, memory: 37111, loss_mask: 0.1179, loss_texture: 0.0448, iou: 0.8304, loss: 0.1627
2026-04-30 05:47:10,024 - mmdet - INFO - Iter [9900/30000]	lr: 1.000e-04, eta: 7:50:47, time: 1.099, data_time: 0.012, memory: 37111, loss_mask: 0.1047, loss_texture: 0.0425, iou: 0.8541, loss: 0.1472
2026-04-30 05:47:37,518 - mmdet - INFO - Iter [9925/30000]	lr: 1.000e-04, eta: 7:49:56, time: 1.100, data_time: 0.012, memory: 37111, loss_mask: 0.1130, loss_texture: 0.0432, iou: 0.8290, loss: 0.1562
2026-04-30 05:48:05,235 - mmdet - INFO - Iter [9950/30000]	lr: 1.000e-04, eta: 7:49:06, time: 1.109, data_time: 0.011, memory: 37111, loss_mask: 0.1194, loss_texture: 0.0460, iou: 0.8291, loss: 0.1654
2026-04-30 05:48:32,970 - mmdet - INFO - Iter [9975/30000]	lr: 1.000e-04, eta: 7:48:16, time: 1.109, data_time: 0.011, memory: 37111, loss_mask: 0.1252, loss_texture: 0.0468, iou: 0.8293, loss: 0.1720
2026-04-30 05:49:00,692 - mmdet - INFO - 
--- Val evaluation at iter 10000 ---
2026-04-30 05:51:36,571 - mmdet - INFO - 
+------------+-------------+-------------+
| Class      | Val IoU     | Pseudo IoU  |
+------------+-------------+-------------+
| background | 91.80       | 92.68       |
| building   | 65.02       | 69.14       |
| Summary    | mIoU: 78.41 | mIoU: 80.91 |
+------------+-------------+-------------+
Images evaluated: 218
2026-04-30 05:51:37,937 - mmdet - INFO - Exp name: exp8_all.py
2026-04-30 05:51:37,937 - mmdet - INFO - Iter [10000/30000]	lr: 1.000e-04, eta: 7:47:27, time: 1.109, data_time: 0.011, memory: 37111, val/mIoU: 0.7841, val/IoU.building: 0.6502, val/IoU.background: 0.9180, val/Pseudo_mIoU: 0.8091, loss_mask: 0.1226, loss_texture: 0.0442, iou: 0.8305, loss: 0.1667
2026-04-30 05:52:05,540 - mmdet - INFO - Iter [10025/30000]	lr: 1.000e-04, eta: 7:51:50, time: 7.394, data_time: 6.302, memory: 37111, loss_mask: 0.1182, loss_texture: 0.0453, iou: 0.8352, loss: 0.1635
2026-04-30 05:52:33,198 - mmdet - INFO - Iter [10050/30000]	lr: 1.000e-04, eta: 7:50:59, time: 1.106, data_time: 0.011, memory: 37111, loss_mask: 0.1177, loss_texture: 0.0480, iou: 0.8336, loss: 0.1657
2026-04-30 05:53:00,727 - mmdet - INFO - Iter [10075/30000]	lr: 1.000e-04, eta: 7:50:08, time: 1.101, data_time: 0.011, memory: 37111, loss_mask: 0.1118, loss_texture: 0.0457, iou: 0.8498, loss: 0.1575
2026-04-30 05:53:28,138 - mmdet - INFO - Iter [10100/30000]	lr: 1.000e-04, eta: 7:49:17, time: 1.096, data_time: 0.012, memory: 37111, loss_mask: 0.1022, loss_texture: 0.0419, iou: 0.8187, loss: 0.1441
2026-04-30 05:53:55,601 - mmdet - INFO - Iter [10125/30000]	lr: 1.000e-04, eta: 7:48:26, time: 1.099, data_time: 0.012, memory: 37111, loss_mask: 0.1512, loss_texture: 0.0484, iou: 0.8135, loss: 0.1996
2026-04-30 05:54:23,122 - mmdet - INFO - Iter [10150/30000]	lr: 1.000e-04, eta: 7:47:35, time: 1.101, data_time: 0.011, memory: 37111, loss_mask: 0.1229, loss_texture: 0.0473, iou: 0.8330, loss: 0.1702
2026-04-30 05:54:50,742 - mmdet - INFO - Iter [10175/30000]	lr: 1.000e-04, eta: 7:46:45, time: 1.105, data_time: 0.011, memory: 37111, loss_mask: 0.1296, loss_texture: 0.0484, iou: 0.8344, loss: 0.1780
2026-04-30 05:55:18,390 - mmdet - INFO - Iter [10200/30000]	lr: 1.000e-04, eta: 7:45:55, time: 1.106, data_time: 0.012, memory: 37111, loss_mask: 0.1201, loss_texture: 0.0464, iou: 0.8325, loss: 0.1665
2026-04-30 05:55:45,937 - mmdet - INFO - Iter [10225/30000]	lr: 1.000e-04, eta: 7:45:05, time: 1.102, data_time: 0.012, memory: 37111, loss_mask: 0.1209, loss_texture: 0.0468, iou: 0.8290, loss: 0.1677
2026-04-30 05:56:13,408 - mmdet - INFO - Iter [10250/30000]	lr: 1.000e-04, eta: 7:44:14, time: 1.099, data_time: 0.012, memory: 37111, loss_mask: 0.1117, loss_texture: 0.0434, iou: 0.8413, loss: 0.1551
2026-04-30 05:56:40,761 - mmdet - INFO - Iter [10275/30000]	lr: 1.000e-04, eta: 7:43:24, time: 1.094, data_time: 0.011, memory: 37111, loss_mask: 0.1060, loss_texture: 0.0412, iou: 0.8384, loss: 0.1472
2026-04-30 05:57:08,241 - mmdet - INFO - Iter [10300/30000]	lr: 1.000e-04, eta: 7:42:34, time: 1.099, data_time: 0.011, memory: 37111, loss_mask: 0.1172, loss_texture: 0.0431, iou: 0.8477, loss: 0.1604
2026-04-30 05:57:35,981 - mmdet - INFO - Iter [10325/30000]	lr: 1.000e-04, eta: 7:41:44, time: 1.110, data_time: 0.012, memory: 37111, loss_mask: 0.1213, loss_texture: 0.0469, iou: 0.8463, loss: 0.1682
2026-04-30 05:58:03,603 - mmdet - INFO - Iter [10350/30000]	lr: 1.000e-04, eta: 7:40:55, time: 1.105, data_time: 0.011, memory: 37111, loss_mask: 0.0963, loss_texture: 0.0399, iou: 0.8546, loss: 0.1362
2026-04-30 05:58:31,169 - mmdet - INFO - Iter [10375/30000]	lr: 1.000e-04, eta: 7:40:05, time: 1.103, data_time: 0.011, memory: 37111, loss_mask: 0.1067, loss_texture: 0.0440, iou: 0.8546, loss: 0.1507
2026-04-30 05:58:58,800 - mmdet - INFO - Iter [10400/30000]	lr: 1.000e-04, eta: 7:39:16, time: 1.105, data_time: 0.012, memory: 37111, loss_mask: 0.1174, loss_texture: 0.0471, iou: 0.8274, loss: 0.1645
2026-04-30 05:59:26,300 - mmdet - INFO - Iter [10425/30000]	lr: 1.000e-04, eta: 7:38:26, time: 1.100, data_time: 0.012, memory: 37111, loss_mask: 0.1086, loss_texture: 0.0413, iou: 0.8044, loss: 0.1500
2026-04-30 05:59:53,844 - mmdet - INFO - Iter [10450/30000]	lr: 1.000e-04, eta: 7:37:37, time: 1.102, data_time: 0.012, memory: 37111, loss_mask: 0.1133, loss_texture: 0.0454, iou: 0.8346, loss: 0.1588
2026-04-30 06:00:21,420 - mmdet - INFO - Iter [10475/30000]	lr: 1.000e-04, eta: 7:36:48, time: 1.103, data_time: 0.011, memory: 37111, loss_mask: 0.1094, loss_texture: 0.0437, iou: 0.8510, loss: 0.1531
2026-04-30 06:00:49,575 - mmdet - INFO - 
--- Val evaluation at iter 10500 ---
2026-04-30 06:03:26,503 - mmdet - INFO - 
+------------+-------------+-------------+
| Class      | Val IoU     | Pseudo IoU  |
+------------+-------------+-------------+
| background | 91.76       | 92.68       |
| building   | 64.50       | 69.14       |
| Summary    | mIoU: 78.13 | mIoU: 80.91 |
+------------+-------------+-------------+
Images evaluated: 218
2026-04-30 06:03:27,859 - mmdet - INFO - Iter [10500/30000]	lr: 1.000e-04, eta: 7:36:00, time: 1.126, data_time: 0.013, memory: 37111, val/mIoU: 0.7813, val/IoU.building: 0.6450, val/IoU.background: 0.9176, val/Pseudo_mIoU: 0.8091, loss_mask: 0.1111, loss_texture: 0.0448, iou: 0.8407, loss: 0.1560
2026-04-30 06:03:55,570 - mmdet - INFO - Iter [10525/30000]	lr: 1.000e-04, eta: 7:40:04, time: 7.440, data_time: 6.345, memory: 37111, loss_mask: 0.1153, loss_texture: 0.0476, iou: 0.8423, loss: 0.1629
2026-04-30 06:04:23,180 - mmdet - INFO - Iter [10550/30000]	lr: 1.000e-04, eta: 7:39:14, time: 1.104, data_time: 0.012, memory: 37111, loss_mask: 0.1090, loss_texture: 0.0442, iou: 0.8470, loss: 0.1533
2026-04-30 06:04:50,694 - mmdet - INFO - Iter [10575/30000]	lr: 1.000e-04, eta: 7:38:24, time: 1.101, data_time: 0.012, memory: 37111, loss_mask: 0.1107, loss_texture: 0.0445, iou: 0.8216, loss: 0.1552
2026-04-30 06:05:18,106 - mmdet - INFO - Iter [10600/30000]	lr: 1.000e-04, eta: 7:37:34, time: 1.096, data_time: 0.012, memory: 37111, loss_mask: 0.1046, loss_texture: 0.0418, iou: 0.8352, loss: 0.1463
2026-04-30 06:05:45,748 - mmdet - INFO - Iter [10625/30000]	lr: 1.000e-04, eta: 7:36:45, time: 1.106, data_time: 0.012, memory: 37111, loss_mask: 0.1245, loss_texture: 0.0493, iou: 0.8380, loss: 0.1738
2026-04-30 06:06:13,302 - mmdet - INFO - Iter [10650/30000]	lr: 1.000e-04, eta: 7:35:55, time: 1.102, data_time: 0.011, memory: 37111, loss_mask: 0.1298, loss_texture: 0.0474, iou: 0.8312, loss: 0.1773
2026-04-30 06:06:40,901 - mmdet - INFO - Iter [10675/30000]	lr: 1.000e-04, eta: 7:35:06, time: 1.104, data_time: 0.011, memory: 37111, loss_mask: 0.1236, loss_texture: 0.0477, iou: 0.8240, loss: 0.1713
2026-04-30 06:07:08,530 - mmdet - INFO - Iter [10700/30000]	lr: 1.000e-04, eta: 7:34:17, time: 1.105, data_time: 0.011, memory: 37111, loss_mask: 0.1199, loss_texture: 0.0455, iou: 0.8407, loss: 0.1654
2026-04-30 06:07:36,021 - mmdet - INFO - Iter [10725/30000]	lr: 1.000e-04, eta: 7:33:27, time: 1.100, data_time: 0.012, memory: 37111, loss_mask: 0.1215, loss_texture: 0.0447, iou: 0.8328, loss: 0.1662
2026-04-30 06:08:03,491 - mmdet - INFO - Iter [10750/30000]	lr: 1.000e-04, eta: 7:32:38, time: 1.099, data_time: 0.012, memory: 37111, loss_mask: 0.1245, loss_texture: 0.0479, iou: 0.8463, loss: 0.1724
2026-04-30 06:08:31,044 - mmdet - INFO - Iter [10775/30000]	lr: 1.000e-04, eta: 7:31:49, time: 1.102, data_time: 0.012, memory: 37111, loss_mask: 0.1197, loss_texture: 0.0477, iou: 0.8284, loss: 0.1674
2026-04-30 06:08:58,776 - mmdet - INFO - Iter [10800/30000]	lr: 1.000e-04, eta: 7:31:00, time: 1.109, data_time: 0.012, memory: 37111, loss_mask: 0.1211, loss_texture: 0.0473, iou: 0.8106, loss: 0.1684
2026-04-30 06:09:26,476 - mmdet - INFO - Iter [10825/30000]	lr: 1.000e-04, eta: 7:30:12, time: 1.108, data_time: 0.013, memory: 37111, loss_mask: 0.1225, loss_texture: 0.0445, iou: 0.8167, loss: 0.1670
2026-04-30 06:09:54,026 - mmdet - INFO - Iter [10850/30000]	lr: 1.000e-04, eta: 7:29:23, time: 1.102, data_time: 0.012, memory: 37111, loss_mask: 0.1098, loss_texture: 0.0430, iou: 0.8466, loss: 0.1529
2026-04-30 06:10:21,640 - mmdet - INFO - Iter [10875/30000]	lr: 1.000e-04, eta: 7:28:34, time: 1.105, data_time: 0.011, memory: 37111, loss_mask: 0.1153, loss_texture: 0.0490, iou: 0.8437, loss: 0.1643
2026-04-30 06:10:49,134 - mmdet - INFO - Iter [10900/30000]	lr: 1.000e-04, eta: 7:27:46, time: 1.100, data_time: 0.012, memory: 37111, loss_mask: 0.1227, loss_texture: 0.0492, iou: 0.8336, loss: 0.1719
2026-04-30 06:11:16,769 - mmdet - INFO - Iter [10925/30000]	lr: 1.000e-04, eta: 7:26:57, time: 1.105, data_time: 0.012, memory: 37111, loss_mask: 0.1322, loss_texture: 0.0504, iou: 0.8359, loss: 0.1825
2026-04-30 06:11:44,320 - mmdet - INFO - Iter [10950/30000]	lr: 1.000e-04, eta: 7:26:09, time: 1.102, data_time: 0.011, memory: 37111, loss_mask: 0.1034, loss_texture: 0.0423, iou: 0.8409, loss: 0.1456
2026-04-30 06:12:11,814 - mmdet - INFO - Iter [10975/30000]	lr: 1.000e-04, eta: 7:25:21, time: 1.100, data_time: 0.012, memory: 37111, loss_mask: 0.1041, loss_texture: 0.0415, iou: 0.8359, loss: 0.1456
2026-04-30 06:12:39,410 - mmdet - INFO - 
--- Val evaluation at iter 11000 ---
2026-04-30 06:15:14,809 - mmdet - INFO - 
+------------+-------------+-------------+
| Class      | Val IoU     | Pseudo IoU  |
+------------+-------------+-------------+
| background | 92.11       | 92.68       |
| building   | 66.86       | 69.14       |
| Summary    | mIoU: 79.49 | mIoU: 80.91 |
+------------+-------------+-------------+
Images evaluated: 218
2026-04-30 06:15:17,561 - mmdet - INFO - ★ New best mIoU: 79.49% (prev: 79.25%, Δ=+0.24%) → saved to /home/ubuntu/vy/Denoiser/SegRefiner/work_dirs/exp8_all/best_model.pth
2026-04-30 06:15:17,566 - mmdet - INFO - Exp name: exp8_all.py
2026-04-30 06:15:17,566 - mmdet - INFO - Iter [11000/30000]	lr: 1.000e-04, eta: 7:24:33, time: 1.104, data_time: 0.012, memory: 37111, val/mIoU: 0.7949, val/IoU.building: 0.6686, val/IoU.background: 0.9211, val/Pseudo_mIoU: 0.8091, loss_mask: 0.1185, loss_texture: 0.0415, iou: 0.8477, loss: 0.1599
2026-04-30 06:15:45,182 - mmdet - INFO - Iter [11025/30000]	lr: 1.000e-04, eta: 7:28:17, time: 7.431, data_time: 6.339, memory: 37111, loss_mask: 0.1033, loss_texture: 0.0393, iou: 0.8445, loss: 0.1425
2026-04-30 06:16:12,936 - mmdet - INFO - Iter [11050/30000]	lr: 1.000e-04, eta: 7:27:28, time: 1.110, data_time: 0.011, memory: 37111, loss_mask: 0.1275, loss_texture: 0.0483, iou: 0.8189, loss: 0.1758
2026-04-30 06:16:40,575 - mmdet - INFO - Iter [11075/30000]	lr: 1.000e-04, eta: 7:26:39, time: 1.106, data_time: 0.011, memory: 37111, loss_mask: 0.1196, loss_texture: 0.0451, iou: 0.8339, loss: 0.1647
2026-04-30 06:17:08,146 - mmdet - INFO - Iter [11100/30000]	lr: 1.000e-04, eta: 7:25:51, time: 1.103, data_time: 0.011, memory: 37111, loss_mask: 0.1244, loss_texture: 0.0489, iou: 0.8371, loss: 0.1732
2026-04-30 06:17:35,702 - mmdet - INFO - Iter [11125/30000]	lr: 1.000e-04, eta: 7:25:02, time: 1.102, data_time: 0.012, memory: 37111, loss_mask: 0.1124, loss_texture: 0.0445, iou: 0.8439, loss: 0.1568
2026-04-30 06:18:03,130 - mmdet - INFO - Iter [11150/30000]	lr: 1.000e-04, eta: 7:24:13, time: 1.097, data_time: 0.011, memory: 37111, loss_mask: 0.1032, loss_texture: 0.0416, iou: 0.8357, loss: 0.1447
2026-04-30 06:18:30,733 - mmdet - INFO - Iter [11175/30000]	lr: 1.000e-04, eta: 7:23:25, time: 1.104, data_time: 0.011, memory: 37111, loss_mask: 0.1088, loss_texture: 0.0429, iou: 0.8490, loss: 0.1517
2026-04-30 06:18:58,250 - mmdet - INFO - Iter [11200/30000]	lr: 1.000e-04, eta: 7:22:36, time: 1.101, data_time: 0.011, memory: 37111, loss_mask: 0.1119, loss_texture: 0.0458, iou: 0.8454, loss: 0.1577
2026-04-30 06:19:25,919 - mmdet - INFO - Iter [11225/30000]	lr: 1.000e-04, eta: 7:21:48, time: 1.107, data_time: 0.012, memory: 37111, loss_mask: 0.1163, loss_texture: 0.0465, iou: 0.8391, loss: 0.1628
2026-04-30 06:19:53,464 - mmdet - INFO - Iter [11250/30000]	lr: 1.000e-04, eta: 7:21:00, time: 1.102, data_time: 0.011, memory: 37111, loss_mask: 0.1024, loss_texture: 0.0432, iou: 0.8520, loss: 0.1456
2026-04-30 06:20:21,045 - mmdet - INFO - Iter [11275/30000]	lr: 1.000e-04, eta: 7:20:12, time: 1.103, data_time: 0.012, memory: 37111, loss_mask: 0.1238, loss_texture: 0.0483, iou: 0.8384, loss: 0.1721
2026-04-30 06:20:48,600 - mmdet - INFO - Iter [11300/30000]	lr: 1.000e-04, eta: 7:19:24, time: 1.102, data_time: 0.011, memory: 37111, loss_mask: 0.1200, loss_texture: 0.0429, iou: 0.8090, loss: 0.1629
2026-04-30 06:21:16,117 - mmdet - INFO - Iter [11325/30000]	lr: 1.000e-04, eta: 7:18:36, time: 1.101, data_time: 0.012, memory: 37111, loss_mask: 0.1194, loss_texture: 0.0465, iou: 0.8528, loss: 0.1659
2026-04-30 06:21:43,699 - mmdet - INFO - Iter [11350/30000]	lr: 1.000e-04, eta: 7:17:48, time: 1.103, data_time: 0.011, memory: 37111, loss_mask: 0.1144, loss_texture: 0.0448, iou: 0.8498, loss: 0.1592
2026-04-30 06:22:11,180 - mmdet - INFO - Iter [11375/30000]	lr: 1.000e-04, eta: 7:17:00, time: 1.099, data_time: 0.011, memory: 37111, loss_mask: 0.1273, loss_texture: 0.0473, iou: 0.8199, loss: 0.1746
2026-04-30 06:22:38,726 - mmdet - INFO - Iter [11400/30000]	lr: 1.000e-04, eta: 7:16:13, time: 1.102, data_time: 0.012, memory: 37111, loss_mask: 0.1057, loss_texture: 0.0403, iou: 0.8359, loss: 0.1460
2026-04-30 06:23:06,251 - mmdet - INFO - Iter [11425/30000]	lr: 1.000e-04, eta: 7:15:25, time: 1.101, data_time: 0.012, memory: 37111, loss_mask: 0.1244, loss_texture: 0.0472, iou: 0.8333, loss: 0.1716
2026-04-30 06:23:33,727 - mmdet - INFO - Iter [11450/30000]	lr: 1.000e-04, eta: 7:14:37, time: 1.099, data_time: 0.011, memory: 37111, loss_mask: 0.1128, loss_texture: 0.0441, iou: 0.8460, loss: 0.1569
2026-04-30 06:24:01,249 - mmdet - INFO - Iter [11475/30000]	lr: 1.000e-04, eta: 7:13:50, time: 1.101, data_time: 0.012, memory: 37111, loss_mask: 0.1097, loss_texture: 0.0426, iou: 0.8368, loss: 0.1523
2026-04-30 06:24:28,668 - mmdet - INFO - 
--- Val evaluation at iter 11500 ---
2026-04-30 06:27:02,661 - mmdet - INFO - 
+------------+-------------+-------------+
| Class      | Val IoU     | Pseudo IoU  |
+------------+-------------+-------------+
| background | 91.58       | 92.68       |
| building   | 62.77       | 69.14       |
| Summary    | mIoU: 77.17 | mIoU: 80.91 |
+------------+-------------+-------------+
Images evaluated: 218
2026-04-30 06:27:04,026 - mmdet - INFO - Iter [11500/30000]	lr: 1.000e-04, eta: 7:13:02, time: 1.097, data_time: 0.012, memory: 37111, val/mIoU: 0.7717, val/IoU.building: 0.6277, val/IoU.background: 0.9158, val/Pseudo_mIoU: 0.8091, loss_mask: 0.1170, loss_texture: 0.0463, iou: 0.8376, loss: 0.1633
2026-04-30 06:27:31,401 - mmdet - INFO - Iter [11525/30000]	lr: 1.000e-04, eta: 7:16:24, time: 7.309, data_time: 6.226, memory: 37111, loss_mask: 0.1459, loss_texture: 0.0490, iou: 0.7986, loss: 0.1949
2026-04-30 06:27:58,886 - mmdet - INFO - Iter [11550/30000]	lr: 1.000e-04, eta: 7:15:36, time: 1.099, data_time: 0.012, memory: 37111, loss_mask: 0.1257, loss_texture: 0.0461, iou: 0.8245, loss: 0.1719
2026-04-30 06:28:26,548 - mmdet - INFO - Iter [11575/30000]	lr: 1.000e-04, eta: 7:14:48, time: 1.106, data_time: 0.011, memory: 37111, loss_mask: 0.1179, loss_texture: 0.0461, iou: 0.8251, loss: 0.1640
2026-04-30 06:28:53,945 - mmdet - INFO - Iter [11600/30000]	lr: 1.000e-04, eta: 7:14:00, time: 1.096, data_time: 0.012, memory: 37111, loss_mask: 0.1169, loss_texture: 0.0451, iou: 0.8395, loss: 0.1620
2026-04-30 06:29:21,575 - mmdet - INFO - Iter [11625/30000]	lr: 1.000e-04, eta: 7:13:12, time: 1.105, data_time: 0.012, memory: 37111, loss_mask: 0.1183, loss_texture: 0.0459, iou: 0.8284, loss: 0.1642
2026-04-30 06:29:49,158 - mmdet - INFO - Iter [11650/30000]	lr: 1.000e-04, eta: 7:12:25, time: 1.103, data_time: 0.011, memory: 37111, loss_mask: 0.1258, loss_texture: 0.0497, iou: 0.8343, loss: 0.1755
2026-04-30 06:30:16,680 - mmdet - INFO - Iter [11675/30000]	lr: 1.000e-04, eta: 7:11:37, time: 1.101, data_time: 0.012, memory: 37111, loss_mask: 0.0929, loss_texture: 0.0395, iou: 0.8387, loss: 0.1324
2026-04-30 06:30:44,192 - mmdet - INFO - Iter [11700/30000]	lr: 1.000e-04, eta: 7:10:50, time: 1.100, data_time: 0.012, memory: 37111, loss_mask: 0.1243, loss_texture: 0.0493, iou: 0.8526, loss: 0.1736
2026-04-30 06:31:11,746 - mmdet - INFO - Iter [11725/30000]	lr: 1.000e-04, eta: 7:10:02, time: 1.102, data_time: 0.012, memory: 37111, loss_mask: 0.1268, loss_texture: 0.0491, iou: 0.8270, loss: 0.1759
2026-04-30 06:31:39,343 - mmdet - INFO - Iter [11750/30000]	lr: 1.000e-04, eta: 7:09:15, time: 1.104, data_time: 0.011, memory: 37111, loss_mask: 0.1110, loss_texture: 0.0434, iou: 0.8379, loss: 0.1544
2026-04-30 06:32:06,762 - mmdet - INFO - Iter [11775/30000]	lr: 1.000e-04, eta: 7:08:27, time: 1.097, data_time: 0.011, memory: 37111, loss_mask: 0.1087, loss_texture: 0.0454, iou: 0.8532, loss: 0.1541
2026-04-30 06:32:34,304 - mmdet - INFO - Iter [11800/30000]	lr: 1.000e-04, eta: 7:07:40, time: 1.102, data_time: 0.012, memory: 37111, loss_mask: 0.1043, loss_texture: 0.0429, iou: 0.8583, loss: 0.1472
2026-04-30 06:33:01,865 - mmdet - INFO - Iter [11825/30000]	lr: 1.000e-04, eta: 7:06:53, time: 1.102, data_time: 0.012, memory: 37111, loss_mask: 0.1179, loss_texture: 0.0467, iou: 0.8399, loss: 0.1646
2026-04-30 06:33:29,360 - mmdet - INFO - Iter [11850/30000]	lr: 1.000e-04, eta: 7:06:06, time: 1.100, data_time: 0.012, memory: 37111, loss_mask: 0.0985, loss_texture: 0.0402, iou: 0.8393, loss: 0.1387
2026-04-30 06:33:56,851 - mmdet - INFO - Iter [11875/30000]	lr: 1.000e-04, eta: 7:05:19, time: 1.100, data_time: 0.011, memory: 37111, loss_mask: 0.1135, loss_texture: 0.0484, iou: 0.8428, loss: 0.1620
2026-04-30 06:34:24,245 - mmdet - INFO - Iter [11900/30000]	lr: 1.000e-04, eta: 7:04:32, time: 1.096, data_time: 0.011, memory: 37111, loss_mask: 0.1045, loss_texture: 0.0421, iou: 0.8451, loss: 0.1466
2026-04-30 06:34:51,890 - mmdet - INFO - Iter [11925/30000]	lr: 1.000e-04, eta: 7:03:45, time: 1.106, data_time: 0.012, memory: 37111, loss_mask: 0.1347, loss_texture: 0.0524, iou: 0.8199, loss: 0.1871
2026-04-30 06:35:19,355 - mmdet - INFO - Iter [11950/30000]	lr: 1.000e-04, eta: 7:02:59, time: 1.099, data_time: 0.011, memory: 37111, loss_mask: 0.1196, loss_texture: 0.0474, iou: 0.8270, loss: 0.1671
2026-04-30 06:35:46,831 - mmdet - INFO - Iter [11975/30000]	lr: 1.000e-04, eta: 7:02:12, time: 1.099, data_time: 0.011, memory: 37111, loss_mask: 0.1132, loss_texture: 0.0434, iou: 0.8299, loss: 0.1566
2026-04-30 06:36:14,332 - mmdet - INFO - 
--- Val evaluation at iter 12000 ---
2026-04-30 06:38:49,723 - mmdet - INFO - 
+------------+-------------+-------------+
| Class      | Val IoU     | Pseudo IoU  |
+------------+-------------+-------------+
| background | 90.85       | 92.68       |
| building   | 58.74       | 69.14       |
| Summary    | mIoU: 74.80 | mIoU: 80.91 |
+------------+-------------+-------------+
Images evaluated: 218
2026-04-30 06:38:51,100 - mmdet - INFO - Exp name: exp8_all.py
2026-04-30 06:38:51,100 - mmdet - INFO - Iter [12000/30000]	lr: 1.000e-04, eta: 7:01:25, time: 1.100, data_time: 0.012, memory: 37111, val/mIoU: 0.7480, val/IoU.building: 0.5874, val/IoU.background: 0.9085, val/Pseudo_mIoU: 0.8091, loss_mask: 0.1270, loss_texture: 0.0450, iou: 0.8232, loss: 0.1720
2026-04-30 06:39:18,650 - mmdet - INFO - Iter [12025/30000]	lr: 1.000e-04, eta: 7:04:33, time: 7.373, data_time: 6.283, memory: 37111, loss_mask: 0.1155, loss_texture: 0.0454, iou: 0.8252, loss: 0.1609
2026-04-30 06:39:46,035 - mmdet - INFO - Iter [12050/30000]	lr: 1.000e-04, eta: 7:03:46, time: 1.095, data_time: 0.012, memory: 37111, loss_mask: 0.0954, loss_texture: 0.0396, iou: 0.8547, loss: 0.1350
2026-04-30 06:40:13,652 - mmdet - INFO - Iter [12075/30000]	lr: 1.000e-04, eta: 7:02:59, time: 1.105, data_time: 0.011, memory: 37111, loss_mask: 0.1073, loss_texture: 0.0443, iou: 0.8436, loss: 0.1516
2026-04-30 06:40:41,373 - mmdet - INFO - Iter [12100/30000]	lr: 1.000e-04, eta: 7:02:12, time: 1.109, data_time: 0.011, memory: 37111, loss_mask: 0.1089, loss_texture: 0.0417, iou: 0.8519, loss: 0.1506
2026-04-30 06:41:08,866 - mmdet - INFO - Iter [12125/30000]	lr: 1.000e-04, eta: 7:01:25, time: 1.100, data_time: 0.012, memory: 37111, loss_mask: 0.1140, loss_texture: 0.0448, iou: 0.8317, loss: 0.1587
2026-04-30 06:41:36,400 - mmdet - INFO - Iter [12150/30000]	lr: 1.000e-04, eta: 7:00:38, time: 1.101, data_time: 0.011, memory: 37111, loss_mask: 0.1077, loss_texture: 0.0432, iou: 0.8501, loss: 0.1509
2026-04-30 06:42:03,878 - mmdet - INFO - Iter [12175/30000]	lr: 1.000e-04, eta: 6:59:51, time: 1.099, data_time: 0.011, memory: 37111, loss_mask: 0.1285, loss_texture: 0.0487, iou: 0.8273, loss: 0.1772
2026-04-30 06:42:31,451 - mmdet - INFO - Iter [12200/30000]	lr: 1.000e-04, eta: 6:59:05, time: 1.103, data_time: 0.012, memory: 37111, loss_mask: 0.0996, loss_texture: 0.0400, iou: 0.8296, loss: 0.1396
2026-04-30 06:42:59,168 - mmdet - INFO - Iter [12225/30000]	lr: 1.000e-04, eta: 6:58:18, time: 1.109, data_time: 0.012, memory: 37111, loss_mask: 0.1181, loss_texture: 0.0479, iou: 0.8598, loss: 0.1660
2026-04-30 06:43:26,760 - mmdet - INFO - Iter [12250/30000]	lr: 1.000e-04, eta: 6:57:32, time: 1.104, data_time: 0.011, memory: 37111, loss_mask: 0.1122, loss_texture: 0.0446, iou: 0.8442, loss: 0.1568
2026-04-30 06:43:54,335 - mmdet - INFO - Iter [12275/30000]	lr: 1.000e-04, eta: 6:56:45, time: 1.103, data_time: 0.011, memory: 37111, loss_mask: 0.1186, loss_texture: 0.0472, iou: 0.8438, loss: 0.1658
2026-04-30 06:44:21,985 - mmdet - INFO - Iter [12300/30000]	lr: 1.000e-04, eta: 6:55:59, time: 1.106, data_time: 0.012, memory: 37111, loss_mask: 0.1096, loss_texture: 0.0432, iou: 0.8199, loss: 0.1527
2026-04-30 06:44:49,585 - mmdet - INFO - Iter [12325/30000]	lr: 1.000e-04, eta: 6:55:13, time: 1.104, data_time: 0.012, memory: 37111, loss_mask: 0.1091, loss_texture: 0.0443, iou: 0.8379, loss: 0.1533
2026-04-30 06:45:17,191 - mmdet - INFO - Iter [12350/30000]	lr: 1.000e-04, eta: 6:54:27, time: 1.104, data_time: 0.011, memory: 37111, loss_mask: 0.1139, loss_texture: 0.0441, iou: 0.8391, loss: 0.1581
2026-04-30 06:45:44,711 - mmdet - INFO - Iter [12375/30000]	lr: 1.000e-04, eta: 6:53:41, time: 1.101, data_time: 0.011, memory: 37111, loss_mask: 0.1024, loss_texture: 0.0404, iou: 0.8532, loss: 0.1428
2026-04-30 06:46:12,497 - mmdet - INFO - Iter [12400/30000]	lr: 1.000e-04, eta: 6:52:55, time: 1.111, data_time: 0.011, memory: 37111, loss_mask: 0.1122, loss_texture: 0.0438, iou: 0.8364, loss: 0.1560
2026-04-30 06:46:40,193 - mmdet - INFO - Iter [12425/30000]	lr: 1.000e-04, eta: 6:52:09, time: 1.108, data_time: 0.012, memory: 37111, loss_mask: 0.1155, loss_texture: 0.0421, iou: 0.8340, loss: 0.1575
2026-04-30 06:47:07,710 - mmdet - INFO - Iter [12450/30000]	lr: 1.000e-04, eta: 6:51:23, time: 1.101, data_time: 0.011, memory: 37111, loss_mask: 0.1186, loss_texture: 0.0461, iou: 0.8165, loss: 0.1647
2026-04-30 06:47:35,341 - mmdet - INFO - Iter [12475/30000]	lr: 1.000e-04, eta: 6:50:37, time: 1.105, data_time: 0.011, memory: 37111, loss_mask: 0.1003, loss_texture: 0.0435, iou: 0.8594, loss: 0.1438
2026-04-30 06:48:02,974 - mmdet - INFO - 
--- Val evaluation at iter 12500 ---
2026-04-30 06:50:37,721 - mmdet - INFO - 
+------------+-------------+-------------+
| Class      | Val IoU     | Pseudo IoU  |
+------------+-------------+-------------+
| background | 92.09       | 92.68       |
| building   | 66.45       | 69.14       |
| Summary    | mIoU: 79.27 | mIoU: 80.91 |
+------------+-------------+-------------+
Images evaluated: 218
2026-04-30 06:50:39,081 - mmdet - INFO - Iter [12500/30000]	lr: 1.000e-04, eta: 6:49:52, time: 1.105, data_time: 0.012, memory: 37111, val/mIoU: 0.7927, val/IoU.building: 0.6645, val/IoU.background: 0.9209, val/Pseudo_mIoU: 0.8091, loss_mask: 0.1180, loss_texture: 0.0486, iou: 0.8358, loss: 0.1666
2026-04-30 06:51:06,745 - mmdet - INFO - Iter [12525/30000]	lr: 1.000e-04, eta: 6:52:44, time: 7.351, data_time: 6.257, memory: 37111, loss_mask: 0.1136, loss_texture: 0.0467, iou: 0.8645, loss: 0.1602
2026-04-30 06:51:34,285 - mmdet - INFO - Iter [12550/30000]	lr: 1.000e-04, eta: 6:51:58, time: 1.102, data_time: 0.011, memory: 37111, loss_mask: 0.1028, loss_texture: 0.0416, iou: 0.8532, loss: 0.1444
2026-04-30 06:52:01,921 - mmdet - INFO - Iter [12575/30000]	lr: 1.000e-04, eta: 6:51:11, time: 1.105, data_time: 0.012, memory: 37111, loss_mask: 0.1083, loss_texture: 0.0438, iou: 0.8408, loss: 0.1521
2026-04-30 06:52:29,442 - mmdet - INFO - Iter [12600/30000]	lr: 1.000e-04, eta: 6:50:25, time: 1.101, data_time: 0.012, memory: 37111, loss_mask: 0.1134, loss_texture: 0.0460, iou: 0.8295, loss: 0.1593
2026-04-30 06:52:57,266 - mmdet - INFO - Iter [12625/30000]	lr: 1.000e-04, eta: 6:49:39, time: 1.113, data_time: 0.012, memory: 37111, loss_mask: 0.1166, loss_texture: 0.0469, iou: 0.8507, loss: 0.1635
2026-04-30 06:53:24,747 - mmdet - INFO - Iter [12650/30000]	lr: 1.000e-04, eta: 6:48:53, time: 1.099, data_time: 0.011, memory: 37111, loss_mask: 0.1230, loss_texture: 0.0466, iou: 0.8385, loss: 0.1696
2026-04-30 06:53:52,235 - mmdet - INFO - Iter [12675/30000]	lr: 1.000e-04, eta: 6:48:07, time: 1.100, data_time: 0.011, memory: 37111, loss_mask: 0.1108, loss_texture: 0.0425, iou: 0.8315, loss: 0.1532
2026-04-30 06:54:19,701 - mmdet - INFO - Iter [12700/30000]	lr: 1.000e-04, eta: 6:47:21, time: 1.099, data_time: 0.012, memory: 37111, loss_mask: 0.0983, loss_texture: 0.0405, iou: 0.8380, loss: 0.1388
2026-04-30 06:54:47,208 - mmdet - INFO - Iter [12725/30000]	lr: 1.000e-04, eta: 6:46:35, time: 1.100, data_time: 0.012, memory: 37111, loss_mask: 0.1080, loss_texture: 0.0431, iou: 0.8439, loss: 0.1511
2026-04-30 06:55:14,764 - mmdet - INFO - Iter [12750/30000]	lr: 1.000e-04, eta: 6:45:49, time: 1.102, data_time: 0.011, memory: 37111, loss_mask: 0.1044, loss_texture: 0.0423, iou: 0.8346, loss: 0.1468
2026-04-30 06:55:42,298 - mmdet - INFO - Iter [12775/30000]	lr: 1.000e-04, eta: 6:45:03, time: 1.101, data_time: 0.011, memory: 37111, loss_mask: 0.1367, loss_texture: 0.0473, iou: 0.8169, loss: 0.1840
2026-04-30 06:56:09,831 - mmdet - INFO - Iter [12800/30000]	lr: 1.000e-04, eta: 6:44:18, time: 1.101, data_time: 0.012, memory: 37111, loss_mask: 0.1188, loss_texture: 0.0473, iou: 0.8340, loss: 0.1661
2026-04-30 06:56:37,367 - mmdet - INFO - Iter [12825/30000]	lr: 1.000e-04, eta: 6:43:32, time: 1.101, data_time: 0.012, memory: 37111, loss_mask: 0.1065, loss_texture: 0.0420, iou: 0.8534, loss: 0.1485
2026-04-30 06:57:04,836 - mmdet - INFO - Iter [12850/30000]	lr: 1.000e-04, eta: 6:42:47, time: 1.099, data_time: 0.011, memory: 37111, loss_mask: 0.1156, loss_texture: 0.0444, iou: 0.8230, loss: 0.1599
2026-04-30 06:57:32,316 - mmdet - INFO - Iter [12875/30000]	lr: 1.000e-04, eta: 6:42:01, time: 1.099, data_time: 0.011, memory: 37111, loss_mask: 0.1357, loss_texture: 0.0444, iou: 0.8332, loss: 0.1801
2026-04-30 06:57:59,907 - mmdet - INFO - Iter [12900/30000]	lr: 1.000e-04, eta: 6:41:16, time: 1.104, data_time: 0.012, memory: 37111, loss_mask: 0.1159, loss_texture: 0.0428, iou: 0.8341, loss: 0.1587
2026-04-30 06:58:27,418 - mmdet - INFO - Iter [12925/30000]	lr: 1.000e-04, eta: 6:40:30, time: 1.100, data_time: 0.012, memory: 37111, loss_mask: 0.1218, loss_texture: 0.0491, iou: 0.8548, loss: 0.1709
2026-04-30 06:58:54,917 - mmdet - INFO - Iter [12950/30000]	lr: 1.000e-04, eta: 6:39:45, time: 1.100, data_time: 0.011, memory: 37111, loss_mask: 0.1092, loss_texture: 0.0444, iou: 0.8439, loss: 0.1536
2026-04-30 06:59:22,527 - mmdet - INFO - Iter [12975/30000]	lr: 1.000e-04, eta: 6:39:00, time: 1.104, data_time: 0.011, memory: 37111, loss_mask: 0.1218, loss_texture: 0.0499, iou: 0.8459, loss: 0.1717
2026-04-30 06:59:50,083 - mmdet - INFO - 
--- Val evaluation at iter 13000 ---
2026-04-30 07:02:24,625 - mmdet - INFO - 
+------------+-------------+-------------+
| Class      | Val IoU     | Pseudo IoU  |
+------------+-------------+-------------+
| background | 91.92       | 92.68       |
| building   | 65.38       | 69.14       |
| Summary    | mIoU: 78.65 | mIoU: 80.91 |
+------------+-------------+-------------+
Images evaluated: 218
2026-04-30 07:02:25,985 - mmdet - INFO - Exp name: exp8_all.py
2026-04-30 07:02:25,985 - mmdet - INFO - Iter [13000/30000]	lr: 1.000e-04, eta: 6:38:15, time: 1.102, data_time: 0.012, memory: 37111, val/mIoU: 0.7865, val/IoU.building: 0.6538, val/IoU.background: 0.9192, val/Pseudo_mIoU: 0.8091, loss_mask: 0.0959, loss_texture: 0.0381, iou: 0.8258, loss: 0.1340
2026-04-30 07:02:53,609 - mmdet - INFO - Iter [13025/30000]	lr: 1.000e-04, eta: 6:40:53, time: 7.341, data_time: 6.248, memory: 37111, loss_mask: 0.1232, loss_texture: 0.0499, iou: 0.8458, loss: 0.1730
2026-04-30 07:03:21,122 - mmdet - INFO - Iter [13050/30000]	lr: 1.000e-04, eta: 6:40:07, time: 1.101, data_time: 0.012, memory: 37111, loss_mask: 0.1144, loss_texture: 0.0432, iou: 0.8350, loss: 0.1576
2026-04-30 07:03:48,583 - mmdet - INFO - Iter [13075/30000]	lr: 1.000e-04, eta: 6:39:22, time: 1.098, data_time: 0.012, memory: 37111, loss_mask: 0.1185, loss_texture: 0.0444, iou: 0.8263, loss: 0.1629
2026-04-30 07:04:16,162 - mmdet - INFO - Iter [13100/30000]	lr: 1.000e-04, eta: 6:38:36, time: 1.103, data_time: 0.012, memory: 37111, loss_mask: 0.1074, loss_texture: 0.0413, iou: 0.8466, loss: 0.1487
2026-04-30 07:04:43,727 - mmdet - INFO - Iter [13125/30000]	lr: 1.000e-04, eta: 6:37:51, time: 1.103, data_time: 0.012, memory: 37111, loss_mask: 0.1115, loss_texture: 0.0445, iou: 0.8359, loss: 0.1560
2026-04-30 07:05:11,178 - mmdet - INFO - Iter [13150/30000]	lr: 1.000e-04, eta: 6:37:05, time: 1.098, data_time: 0.011, memory: 37111, loss_mask: 0.1052, loss_texture: 0.0426, iou: 0.8517, loss: 0.1478
2026-04-30 07:05:38,569 - mmdet - INFO - Iter [13175/30000]	lr: 1.000e-04, eta: 6:36:20, time: 1.096, data_time: 0.011, memory: 37111, loss_mask: 0.0991, loss_texture: 0.0398, iou: 0.8506, loss: 0.1389
2026-04-30 07:06:06,162 - mmdet - INFO - Iter [13200/30000]	lr: 1.000e-04, eta: 6:35:35, time: 1.104, data_time: 0.012, memory: 37111, loss_mask: 0.1165, loss_texture: 0.0452, iou: 0.8414, loss: 0.1617
2026-04-30 07:06:33,705 - mmdet - INFO - Iter [13225/30000]	lr: 1.000e-04, eta: 6:34:49, time: 1.102, data_time: 0.012, memory: 37111, loss_mask: 0.1211, loss_texture: 0.0505, iou: 0.8390, loss: 0.1715
2026-04-30 07:07:01,242 - mmdet - INFO - Iter [13250/30000]	lr: 1.000e-04, eta: 6:34:04, time: 1.101, data_time: 0.011, memory: 37111, loss_mask: 0.1070, loss_texture: 0.0435, iou: 0.8358, loss: 0.1504
2026-04-30 07:07:28,737 - mmdet - INFO - Iter [13275/30000]	lr: 1.000e-04, eta: 6:33:19, time: 1.100, data_time: 0.012, memory: 37111, loss_mask: 0.1101, loss_texture: 0.0445, iou: 0.8444, loss: 0.1546
2026-04-30 07:07:56,435 - mmdet - INFO - Iter [13300/30000]	lr: 1.000e-04, eta: 6:32:34, time: 1.108, data_time: 0.012, memory: 37111, loss_mask: 0.1073, loss_texture: 0.0443, iou: 0.8459, loss: 0.1516
2026-04-30 07:08:23,989 - mmdet - INFO - Iter [13325/30000]	lr: 1.000e-04, eta: 6:31:50, time: 1.102, data_time: 0.012, memory: 37111, loss_mask: 0.1124, loss_texture: 0.0448, iou: 0.8400, loss: 0.1572
2026-04-30 07:08:51,475 - mmdet - INFO - Iter [13350/30000]	lr: 1.000e-04, eta: 6:31:05, time: 1.099, data_time: 0.011, memory: 37111, loss_mask: 0.1123, loss_texture: 0.0455, iou: 0.8260, loss: 0.1578
2026-04-30 07:09:18,825 - mmdet - INFO - Iter [13375/30000]	lr: 1.000e-04, eta: 6:30:20, time: 1.094, data_time: 0.012, memory: 37111, loss_mask: 0.1122, loss_texture: 0.0406, iou: 0.8423, loss: 0.1528
2026-04-30 07:09:46,373 - mmdet - INFO - Iter [13400/30000]	lr: 1.000e-04, eta: 6:29:35, time: 1.102, data_time: 0.012, memory: 37111, loss_mask: 0.1209, loss_texture: 0.0427, iou: 0.8328, loss: 0.1636
2026-04-30 07:10:14,080 - mmdet - INFO - Iter [13425/30000]	lr: 1.000e-04, eta: 6:28:50, time: 1.108, data_time: 0.012, memory: 37111, loss_mask: 0.1047, loss_texture: 0.0427, iou: 0.8486, loss: 0.1474
2026-04-30 07:10:41,570 - mmdet - INFO - Iter [13450/30000]	lr: 1.000e-04, eta: 6:28:06, time: 1.100, data_time: 0.011, memory: 37111, loss_mask: 0.1118, loss_texture: 0.0432, iou: 0.8329, loss: 0.1550
2026-04-30 07:11:09,103 - mmdet - INFO - Iter [13475/30000]	lr: 1.000e-04, eta: 6:27:21, time: 1.101, data_time: 0.011, memory: 37111, loss_mask: 0.1060, loss_texture: 0.0454, iou: 0.8545, loss: 0.1514
2026-04-30 07:11:36,585 - mmdet - INFO - 
--- Val evaluation at iter 13500 ---
2026-04-30 07:14:11,851 - mmdet - INFO - 
+------------+-------------+-------------+
| Class      | Val IoU     | Pseudo IoU  |
+------------+-------------+-------------+
| background | 91.80       | 92.68       |
| building   | 64.31       | 69.14       |
| Summary    | mIoU: 78.05 | mIoU: 80.91 |
+------------+-------------+-------------+
Images evaluated: 218
2026-04-30 07:14:13,216 - mmdet - INFO - Iter [13500/30000]	lr: 1.000e-04, eta: 6:26:37, time: 1.099, data_time: 0.012, memory: 37111, val/mIoU: 0.7805, val/IoU.building: 0.6431, val/IoU.background: 0.9180, val/Pseudo_mIoU: 0.8091, loss_mask: 0.1029, loss_texture: 0.0433, iou: 0.8413, loss: 0.1461
2026-04-30 07:14:40,700 - mmdet - INFO - Iter [13525/30000]	lr: 1.000e-04, eta: 6:29:03, time: 7.365, data_time: 6.277, memory: 37111, loss_mask: 0.1174, loss_texture: 0.0482, iou: 0.8524, loss: 0.1656
2026-04-30 07:15:08,131 - mmdet - INFO - Iter [13550/30000]	lr: 1.000e-04, eta: 6:28:18, time: 1.097, data_time: 0.011, memory: 37111, loss_mask: 0.1075, loss_texture: 0.0434, iou: 0.8588, loss: 0.1510
2026-04-30 07:15:35,603 - mmdet - INFO - Iter [13575/30000]	lr: 1.000e-04, eta: 6:27:33, time: 1.099, data_time: 0.011, memory: 37111, loss_mask: 0.1145, loss_texture: 0.0444, iou: 0.8421, loss: 0.1589
2026-04-30 07:16:03,090 - mmdet - INFO - Iter [13600/30000]	lr: 1.000e-04, eta: 6:26:48, time: 1.099, data_time: 0.012, memory: 37111, loss_mask: 0.1067, loss_texture: 0.0437, iou: 0.8203, loss: 0.1504
2026-04-30 07:16:30,751 - mmdet - INFO - Iter [13625/30000]	lr: 1.000e-04, eta: 6:26:03, time: 1.106, data_time: 0.012, memory: 37111, loss_mask: 0.1028, loss_texture: 0.0442, iou: 0.8421, loss: 0.1470
2026-04-30 07:16:58,255 - mmdet - INFO - Iter [13650/30000]	lr: 1.000e-04, eta: 6:25:18, time: 1.100, data_time: 0.011, memory: 37111, loss_mask: 0.1091, loss_texture: 0.0449, iou: 0.8569, loss: 0.1540
2026-04-30 07:17:25,805 - mmdet - INFO - Iter [13675/30000]	lr: 1.000e-04, eta: 6:24:34, time: 1.102, data_time: 0.011, memory: 37111, loss_mask: 0.1056, loss_texture: 0.0434, iou: 0.8571, loss: 0.1490
2026-04-30 07:17:53,393 - mmdet - INFO - Iter [13700/30000]	lr: 1.000e-04, eta: 6:23:49, time: 1.104, data_time: 0.012, memory: 37111, loss_mask: 0.1002, loss_texture: 0.0400, iou: 0.8423, loss: 0.1402
2026-04-30 07:18:20,961 - mmdet - INFO - Iter [13725/30000]	lr: 1.000e-04, eta: 6:23:05, time: 1.103, data_time: 0.012, memory: 37111, loss_mask: 0.1107, loss_texture: 0.0465, iou: 0.8498, loss: 0.1572
2026-04-30 07:18:48,423 - mmdet - INFO - Iter [13750/30000]	lr: 1.000e-04, eta: 6:22:20, time: 1.098, data_time: 0.011, memory: 37111, loss_mask: 0.1074, loss_texture: 0.0442, iou: 0.8426, loss: 0.1516
2026-04-30 07:19:15,999 - mmdet - INFO - Iter [13775/30000]	lr: 1.000e-04, eta: 6:21:36, time: 1.103, data_time: 0.012, memory: 37111, loss_mask: 0.0987, loss_texture: 0.0409, iou: 0.8526, loss: 0.1396
2026-04-30 07:19:43,602 - mmdet - INFO - Iter [13800/30000]	lr: 1.000e-04, eta: 6:20:51, time: 1.104, data_time: 0.012, memory: 37111, loss_mask: 0.1057, loss_texture: 0.0428, iou: 0.8429, loss: 0.1484
2026-04-30 07:20:11,251 - mmdet - INFO - Iter [13825/30000]	lr: 1.000e-04, eta: 6:20:07, time: 1.106, data_time: 0.012, memory: 37111, loss_mask: 0.1156, loss_texture: 0.0465, iou: 0.8329, loss: 0.1622
2026-04-30 07:20:38,806 - mmdet - INFO - Iter [13850/30000]	lr: 1.000e-04, eta: 6:19:23, time: 1.102, data_time: 0.011, memory: 37111, loss_mask: 0.1003, loss_texture: 0.0403, iou: 0.8568, loss: 0.1406
2026-04-30 07:21:06,239 - mmdet - INFO - Iter [13875/30000]	lr: 1.000e-04, eta: 6:18:39, time: 1.097, data_time: 0.011, memory: 37111, loss_mask: 0.1001, loss_texture: 0.0424, iou: 0.8567, loss: 0.1425
2026-04-30 07:21:33,766 - mmdet - INFO - Iter [13900/30000]	lr: 1.000e-04, eta: 6:17:55, time: 1.101, data_time: 0.011, memory: 37111, loss_mask: 0.1131, loss_texture: 0.0447, iou: 0.8402, loss: 0.1577
2026-04-30 07:22:01,327 - mmdet - INFO - Iter [13925/30000]	lr: 1.000e-04, eta: 6:17:11, time: 1.102, data_time: 0.012, memory: 37111, loss_mask: 0.1012, loss_texture: 0.0414, iou: 0.8347, loss: 0.1426
2026-04-30 07:22:28,942 - mmdet - INFO - Iter [13950/30000]	lr: 1.000e-04, eta: 6:16:27, time: 1.105, data_time: 0.011, memory: 37111, loss_mask: 0.1117, loss_texture: 0.0443, iou: 0.8404, loss: 0.1559
2026-04-30 07:22:56,395 - mmdet - INFO - Iter [13975/30000]	lr: 1.000e-04, eta: 6:15:43, time: 1.098, data_time: 0.012, memory: 37111, loss_mask: 0.1060, loss_texture: 0.0429, iou: 0.8293, loss: 0.1489
2026-04-30 07:23:23,916 - mmdet - INFO - 
--- Val evaluation at iter 14000 ---
2026-04-30 07:25:58,857 - mmdet - INFO - 
+------------+-------------+-------------+
| Class      | Val IoU     | Pseudo IoU  |
+------------+-------------+-------------+
| background | 91.95       | 92.68       |
| building   | 65.84       | 69.14       |
| Summary    | mIoU: 78.89 | mIoU: 80.91 |
+------------+-------------+-------------+
Images evaluated: 218
2026-04-30 07:26:00,223 - mmdet - INFO - Exp name: exp8_all.py
2026-04-30 07:26:00,223 - mmdet - INFO - Iter [14000/30000]	lr: 1.000e-04, eta: 6:14:59, time: 1.101, data_time: 0.012, memory: 37111, val/mIoU: 0.7889, val/IoU.building: 0.6584, val/IoU.background: 0.9195, val/Pseudo_mIoU: 0.8091, loss_mask: 0.1064, loss_texture: 0.0439, iou: 0.8534, loss: 0.1504
2026-04-30 07:26:27,869 - mmdet - INFO - Iter [14025/30000]	lr: 1.000e-04, eta: 6:17:13, time: 7.358, data_time: 6.265, memory: 37111, loss_mask: 0.1027, loss_texture: 0.0435, iou: 0.8509, loss: 0.1461
2026-04-30 07:26:55,365 - mmdet - INFO - Iter [14050/30000]	lr: 1.000e-04, eta: 6:16:29, time: 1.100, data_time: 0.012, memory: 37111, loss_mask: 0.1003, loss_texture: 0.0419, iou: 0.8402, loss: 0.1422
2026-04-30 07:27:22,888 - mmdet - INFO - Iter [14075/30000]	lr: 1.000e-04, eta: 6:15:44, time: 1.101, data_time: 0.011, memory: 37111, loss_mask: 0.1118, loss_texture: 0.0423, iou: 0.8487, loss: 0.1542
2026-04-30 07:27:50,396 - mmdet - INFO - Iter [14100/30000]	lr: 1.000e-04, eta: 6:15:00, time: 1.100, data_time: 0.012, memory: 37111, loss_mask: 0.1380, loss_texture: 0.0465, iou: 0.8216, loss: 0.1845
2026-04-30 07:28:17,964 - mmdet - INFO - Iter [14125/30000]	lr: 1.000e-04, eta: 6:14:16, time: 1.103, data_time: 0.012, memory: 37111, loss_mask: 0.1292, loss_texture: 0.0497, iou: 0.8386, loss: 0.1789
2026-04-30 07:28:45,607 - mmdet - INFO - Iter [14150/30000]	lr: 1.000e-04, eta: 6:13:32, time: 1.106, data_time: 0.011, memory: 37111, loss_mask: 0.1175, loss_texture: 0.0472, iou: 0.8312, loss: 0.1647
2026-04-30 07:29:13,157 - mmdet - INFO - Iter [14175/30000]	lr: 1.000e-04, eta: 6:12:48, time: 1.102, data_time: 0.011, memory: 37111, loss_mask: 0.1087, loss_texture: 0.0427, iou: 0.8335, loss: 0.1514
2026-04-30 07:29:40,745 - mmdet - INFO - Iter [14200/30000]	lr: 1.000e-04, eta: 6:12:04, time: 1.104, data_time: 0.011, memory: 37111, loss_mask: 0.1023, loss_texture: 0.0416, iou: 0.8506, loss: 0.1439
2026-04-30 07:30:08,243 - mmdet - INFO - Iter [14225/30000]	lr: 1.000e-04, eta: 6:11:20, time: 1.100, data_time: 0.012, memory: 37111, loss_mask: 0.1218, loss_texture: 0.0463, iou: 0.8306, loss: 0.1681
2026-04-30 07:30:35,867 - mmdet - INFO - Iter [14250/30000]	lr: 1.000e-04, eta: 6:10:36, time: 1.105, data_time: 0.011, memory: 37111, loss_mask: 0.1365, loss_texture: 0.0501, iou: 0.8248, loss: 0.1866
2026-04-30 07:31:03,296 - mmdet - INFO - Iter [14275/30000]	lr: 1.000e-04, eta: 6:09:52, time: 1.097, data_time: 0.011, memory: 37111, loss_mask: 0.1122, loss_texture: 0.0439, iou: 0.8326, loss: 0.1561
2026-04-30 07:31:30,918 - mmdet - INFO - Iter [14300/30000]	lr: 1.000e-04, eta: 6:09:08, time: 1.105, data_time: 0.012, memory: 37111, loss_mask: 0.1070, loss_texture: 0.0453, iou: 0.8501, loss: 0.1523
2026-04-30 07:31:58,576 - mmdet - INFO - Iter [14325/30000]	lr: 1.000e-04, eta: 6:08:25, time: 1.106, data_time: 0.012, memory: 37111, loss_mask: 0.1166, loss_texture: 0.0482, iou: 0.8541, loss: 0.1649
2026-04-30 07:32:26,090 - mmdet - INFO - Iter [14350/30000]	lr: 1.000e-04, eta: 6:07:41, time: 1.101, data_time: 0.012, memory: 37111, loss_mask: 0.1040, loss_texture: 0.0432, iou: 0.8497, loss: 0.1472
2026-04-30 07:32:53,523 - mmdet - INFO - Iter [14375/30000]	lr: 1.000e-04, eta: 6:06:57, time: 1.097, data_time: 0.011, memory: 37111, loss_mask: 0.1005, loss_texture: 0.0405, iou: 0.8455, loss: 0.1409
2026-04-30 07:33:21,268 - mmdet - INFO - Iter [14400/30000]	lr: 1.000e-04, eta: 6:06:14, time: 1.110, data_time: 0.012, memory: 37111, loss_mask: 0.1162, loss_texture: 0.0465, iou: 0.8473, loss: 0.1628
2026-04-30 07:33:48,907 - mmdet - INFO - Iter [14425/30000]	lr: 1.000e-04, eta: 6:05:31, time: 1.106, data_time: 0.012, memory: 37111, loss_mask: 0.1191, loss_texture: 0.0493, iou: 0.8411, loss: 0.1684
2026-04-30 07:34:16,661 - mmdet - INFO - Iter [14450/30000]	lr: 1.000e-04, eta: 6:04:47, time: 1.110, data_time: 0.011, memory: 37111, loss_mask: 0.1114, loss_texture: 0.0462, iou: 0.8548, loss: 0.1576
2026-04-30 07:34:44,436 - mmdet - INFO - Iter [14475/30000]	lr: 1.000e-04, eta: 6:04:04, time: 1.111, data_time: 0.012, memory: 37111, loss_mask: 0.0994, loss_texture: 0.0410, iou: 0.8252, loss: 0.1403
2026-04-30 07:35:12,277 - mmdet - INFO - 
--- Val evaluation at iter 14500 ---
2026-04-30 07:37:46,747 - mmdet - INFO - 
+------------+-------------+-------------+
| Class      | Val IoU     | Pseudo IoU  |
+------------+-------------+-------------+
| background | 91.60       | 92.68       |
| building   | 63.64       | 69.14       |
| Summary    | mIoU: 77.62 | mIoU: 80.91 |
+------------+-------------+-------------+
Images evaluated: 218
2026-04-30 07:37:48,126 - mmdet - INFO - Iter [14500/30000]	lr: 1.000e-04, eta: 6:03:21, time: 1.114, data_time: 0.012, memory: 37111, val/mIoU: 0.7762, val/IoU.building: 0.6364, val/IoU.background: 0.9160, val/Pseudo_mIoU: 0.8091, loss_mask: 0.1228, loss_texture: 0.0480, iou: 0.8380, loss: 0.1708
2026-04-30 07:38:15,693 - mmdet - INFO - Iter [14525/30000]	lr: 1.000e-04, eta: 6:05:24, time: 7.337, data_time: 6.246, memory: 37111, loss_mask: 0.1065, loss_texture: 0.0413, iou: 0.8311, loss: 0.1478
2026-04-30 07:38:43,372 - mmdet - INFO - Iter [14550/30000]	lr: 1.000e-04, eta: 6:04:40, time: 1.107, data_time: 0.012, memory: 37111, loss_mask: 0.1129, loss_texture: 0.0455, iou: 0.8454, loss: 0.1583
2026-04-30 07:39:10,940 - mmdet - INFO - Iter [14575/30000]	lr: 1.000e-04, eta: 6:03:57, time: 1.103, data_time: 0.012, memory: 37111, loss_mask: 0.1152, loss_texture: 0.0435, iou: 0.8242, loss: 0.1587
2026-04-30 07:39:38,542 - mmdet - INFO - Iter [14600/30000]	lr: 1.000e-04, eta: 6:03:13, time: 1.104, data_time: 0.012, memory: 37111, loss_mask: 0.0969, loss_texture: 0.0406, iou: 0.8438, loss: 0.1376
2026-04-30 07:40:06,240 - mmdet - INFO - Iter [14625/30000]	lr: 1.000e-04, eta: 6:02:30, time: 1.108, data_time: 0.012, memory: 37111, loss_mask: 0.1060, loss_texture: 0.0436, iou: 0.8577, loss: 0.1496
2026-04-30 07:40:33,883 - mmdet - INFO - Iter [14650/30000]	lr: 1.000e-04, eta: 6:01:46, time: 1.106, data_time: 0.011, memory: 37111, loss_mask: 0.1057, loss_texture: 0.0430, iou: 0.8322, loss: 0.1487
2026-04-30 07:41:01,580 - mmdet - INFO - Iter [14675/30000]	lr: 1.000e-04, eta: 6:01:03, time: 1.108, data_time: 0.011, memory: 37111, loss_mask: 0.1204, loss_texture: 0.0486, iou: 0.8422, loss: 0.1691
2026-04-30 07:41:29,305 - mmdet - INFO - Iter [14700/30000]	lr: 1.000e-04, eta: 6:00:20, time: 1.109, data_time: 0.012, memory: 37111, loss_mask: 0.1129, loss_texture: 0.0485, iou: 0.8530, loss: 0.1614
2026-04-30 07:41:56,912 - mmdet - INFO - Iter [14725/30000]	lr: 1.000e-04, eta: 5:59:36, time: 1.104, data_time: 0.012, memory: 37111, loss_mask: 0.1116, loss_texture: 0.0436, iou: 0.8433, loss: 0.1552
2026-04-30 07:42:24,573 - mmdet - INFO - Iter [14750/30000]	lr: 1.000e-04, eta: 5:58:53, time: 1.106, data_time: 0.011, memory: 37111, loss_mask: 0.1149, loss_texture: 0.0458, iou: 0.8350, loss: 0.1607
2026-04-30 07:42:52,188 - mmdet - INFO - Iter [14775/30000]	lr: 1.000e-04, eta: 5:58:10, time: 1.105, data_time: 0.011, memory: 37111, loss_mask: 0.1047, loss_texture: 0.0427, iou: 0.8469, loss: 0.1474
2026-04-30 07:43:19,654 - mmdet - INFO - Iter [14800/30000]	lr: 1.000e-04, eta: 5:57:26, time: 1.099, data_time: 0.012, memory: 37111, loss_mask: 0.1073, loss_texture: 0.0413, iou: 0.8466, loss: 0.1486
2026-04-30 07:43:47,311 - mmdet - INFO - Iter [14825/30000]	lr: 1.000e-04, eta: 5:56:43, time: 1.106, data_time: 0.012, memory: 37111, loss_mask: 0.1092, loss_texture: 0.0428, iou: 0.8340, loss: 0.1520
2026-04-30 07:44:14,922 - mmdet - INFO - Iter [14850/30000]	lr: 1.000e-04, eta: 5:56:00, time: 1.104, data_time: 0.012, memory: 37111, loss_mask: 0.1057, loss_texture: 0.0407, iou: 0.8333, loss: 0.1464
2026-04-30 07:44:42,455 - mmdet - INFO - Iter [14875/30000]	lr: 1.000e-04, eta: 5:55:17, time: 1.101, data_time: 0.012, memory: 37111, loss_mask: 0.1418, loss_texture: 0.0505, iou: 0.8296, loss: 0.1923
2026-04-30 07:45:09,838 - mmdet - INFO - Iter [14900/30000]	lr: 1.000e-04, eta: 5:54:34, time: 1.095, data_time: 0.012, memory: 37111, loss_mask: 0.1310, loss_texture: 0.0469, iou: 0.8182, loss: 0.1779
2026-04-30 07:45:37,463 - mmdet - INFO - Iter [14925/30000]	lr: 1.000e-04, eta: 5:53:51, time: 1.105, data_time: 0.012, memory: 37111, loss_mask: 0.1164, loss_texture: 0.0443, iou: 0.8424, loss: 0.1607
2026-04-30 07:46:04,970 - mmdet - INFO - Iter [14950/30000]	lr: 1.000e-04, eta: 5:53:08, time: 1.100, data_time: 0.012, memory: 37111, loss_mask: 0.1028, loss_texture: 0.0402, iou: 0.8598, loss: 0.1430
2026-04-30 07:46:32,484 - mmdet - INFO - Iter [14975/30000]	lr: 1.000e-04, eta: 5:52:25, time: 1.101, data_time: 0.011, memory: 37111, loss_mask: 0.1170, loss_texture: 0.0464, iou: 0.8453, loss: 0.1634
2026-04-30 07:46:59,980 - mmdet - INFO - 
--- Val evaluation at iter 15000 ---
2026-04-30 07:49:36,424 - mmdet - INFO - 
+------------+-------------+-------------+
| Class      | Val IoU     | Pseudo IoU  |
+------------+-------------+-------------+
| background | 90.95       | 92.68       |
| building   | 58.84       | 69.14       |
| Summary    | mIoU: 74.90 | mIoU: 80.91 |
+------------+-------------+-------------+
Images evaluated: 218
2026-04-30 07:49:37,770 - mmdet - INFO - Exp name: exp8_all.py
2026-04-30 07:49:37,771 - mmdet - INFO - Iter [15000/30000]	lr: 1.000e-04, eta: 5:51:42, time: 1.100, data_time: 0.012, memory: 37111, val/mIoU: 0.7490, val/IoU.building: 0.5884, val/IoU.background: 0.9095, val/Pseudo_mIoU: 0.8091, loss_mask: 0.0997, loss_texture: 0.0394, iou: 0.8654, loss: 0.1391
2026-04-30 07:50:05,312 - mmdet - INFO - Iter [15025/30000]	lr: 1.000e-04, eta: 5:53:37, time: 7.413, data_time: 6.325, memory: 37111, loss_mask: 0.1229, loss_texture: 0.0428, iou: 0.8458, loss: 0.1657
2026-04-30 07:50:32,964 - mmdet - INFO - Iter [15050/30000]	lr: 1.000e-04, eta: 5:52:54, time: 1.106, data_time: 0.012, memory: 37111, loss_mask: 0.1193, loss_texture: 0.0459, iou: 0.8329, loss: 0.1652
2026-04-30 07:51:00,628 - mmdet - INFO - Iter [15075/30000]	lr: 1.000e-04, eta: 5:52:11, time: 1.107, data_time: 0.011, memory: 37111, loss_mask: 0.1016, loss_texture: 0.0439, iou: 0.8618, loss: 0.1454
2026-04-30 07:51:28,142 - mmdet - INFO - Iter [15100/30000]	lr: 1.000e-04, eta: 5:51:27, time: 1.101, data_time: 0.012, memory: 37111, loss_mask: 0.1233, loss_texture: 0.0444, iou: 0.8273, loss: 0.1677
2026-04-30 07:51:55,821 - mmdet - INFO - Iter [15125/30000]	lr: 1.000e-04, eta: 5:50:44, time: 1.107, data_time: 0.012, memory: 37111, loss_mask: 0.1154, loss_texture: 0.0449, iou: 0.8410, loss: 0.1604
2026-04-30 07:52:23,562 - mmdet - INFO - Iter [15150/30000]	lr: 1.000e-04, eta: 5:50:02, time: 1.110, data_time: 0.012, memory: 37111, loss_mask: 0.1151, loss_texture: 0.0456, iou: 0.8146, loss: 0.1607
2026-04-30 07:52:51,346 - mmdet - INFO - Iter [15175/30000]	lr: 1.000e-04, eta: 5:49:19, time: 1.111, data_time: 0.011, memory: 37111, loss_mask: 0.1107, loss_texture: 0.0442, iou: 0.8529, loss: 0.1549
2026-04-30 07:53:18,784 - mmdet - INFO - Iter [15200/30000]	lr: 1.000e-04, eta: 5:48:36, time: 1.098, data_time: 0.012, memory: 37111, loss_mask: 0.1018, loss_texture: 0.0426, iou: 0.8372, loss: 0.1444
2026-04-30 07:53:46,224 - mmdet - INFO - Iter [15225/30000]	lr: 1.000e-04, eta: 5:47:53, time: 1.098, data_time: 0.012, memory: 37111, loss_mask: 0.0980, loss_texture: 0.0410, iou: 0.8461, loss: 0.1390
2026-04-30 07:54:13,871 - mmdet - INFO - Iter [15250/30000]	lr: 1.000e-04, eta: 5:47:10, time: 1.106, data_time: 0.011, memory: 37111, loss_mask: 0.1019, loss_texture: 0.0418, iou: 0.8529, loss: 0.1438
2026-04-30 07:54:41,603 - mmdet - INFO - Iter [15275/30000]	lr: 1.000e-04, eta: 5:46:27, time: 1.109, data_time: 0.011, memory: 37111, loss_mask: 0.1006, loss_texture: 0.0423, iou: 0.8690, loss: 0.1430
2026-04-30 07:55:09,117 - mmdet - INFO - Iter [15300/30000]	lr: 1.000e-04, eta: 5:45:45, time: 1.101, data_time: 0.012, memory: 37111, loss_mask: 0.0938, loss_texture: 0.0399, iou: 0.8532, loss: 0.1337
2026-04-30 07:55:36,729 - mmdet - INFO - Iter [15325/30000]	lr: 1.000e-04, eta: 5:45:02, time: 1.104, data_time: 0.012, memory: 37111, loss_mask: 0.1109, loss_texture: 0.0464, iou: 0.8436, loss: 0.1573
2026-04-30 07:56:04,448 - mmdet - INFO - Iter [15350/30000]	lr: 1.000e-04, eta: 5:44:20, time: 1.109, data_time: 0.011, memory: 37111, loss_mask: 0.1143, loss_texture: 0.0476, iou: 0.8514, loss: 0.1619
2026-04-30 07:56:31,976 - mmdet - INFO - Iter [15375/30000]	lr: 1.000e-04, eta: 5:43:37, time: 1.101, data_time: 0.011, memory: 37111, loss_mask: 0.1027, loss_texture: 0.0432, iou: 0.8461, loss: 0.1458
2026-04-30 07:56:59,605 - mmdet - INFO - Iter [15400/30000]	lr: 1.000e-04, eta: 5:42:55, time: 1.105, data_time: 0.012, memory: 37111, loss_mask: 0.1126, loss_texture: 0.0420, iou: 0.8357, loss: 0.1546
2026-04-30 07:57:27,230 - mmdet - INFO - Iter [15425/30000]	lr: 1.000e-04, eta: 5:42:12, time: 1.105, data_time: 0.012, memory: 37111, loss_mask: 0.1010, loss_texture: 0.0434, iou: 0.8368, loss: 0.1444
2026-04-30 07:57:54,731 - mmdet - INFO - Iter [15450/30000]	lr: 1.000e-04, eta: 5:41:30, time: 1.100, data_time: 0.011, memory: 37111, loss_mask: 0.0974, loss_texture: 0.0400, iou: 0.8493, loss: 0.1375
2026-04-30 07:58:22,362 - mmdet - INFO - Iter [15475/30000]	lr: 1.000e-04, eta: 5:40:47, time: 1.105, data_time: 0.012, memory: 37111, loss_mask: 0.1119, loss_texture: 0.0459, iou: 0.8540, loss: 0.1578
2026-04-30 07:58:49,893 - mmdet - INFO - 
--- Val evaluation at iter 15500 ---
2026-04-30 08:01:25,647 - mmdet - INFO - 
+------------+-------------+-------------+
| Class      | Val IoU     | Pseudo IoU  |
+------------+-------------+-------------+
| background | 91.68       | 92.68       |
| building   | 63.72       | 69.14       |
| Summary    | mIoU: 77.70 | mIoU: 80.91 |
+------------+-------------+-------------+
Images evaluated: 218
2026-04-30 08:01:27,016 - mmdet - INFO - Iter [15500/30000]	lr: 1.000e-04, eta: 5:40:05, time: 1.101, data_time: 0.012, memory: 37111, val/mIoU: 0.7770, val/IoU.building: 0.6372, val/IoU.background: 0.9168, val/Pseudo_mIoU: 0.8091, loss_mask: 0.0990, loss_texture: 0.0414, iou: 0.8598, loss: 0.1404
2026-04-30 08:01:54,554 - mmdet - INFO - Iter [15525/30000]	lr: 1.000e-04, eta: 5:41:49, time: 7.386, data_time: 6.297, memory: 37111, loss_mask: 0.1173, loss_texture: 0.0471, iou: 0.8336, loss: 0.1644
2026-04-30 08:02:22,098 - mmdet - INFO - Iter [15550/30000]	lr: 1.000e-04, eta: 5:41:06, time: 1.102, data_time: 0.011, memory: 37111, loss_mask: 0.1031, loss_texture: 0.0415, iou: 0.8492, loss: 0.1446
2026-04-30 08:02:49,903 - mmdet - INFO - Iter [15575/30000]	lr: 1.000e-04, eta: 5:40:24, time: 1.112, data_time: 0.012, memory: 37111, loss_mask: 0.1182, loss_texture: 0.0476, iou: 0.8413, loss: 0.1658
2026-04-30 08:03:17,476 - mmdet - INFO - Iter [15600/30000]	lr: 1.000e-04, eta: 5:39:41, time: 1.103, data_time: 0.011, memory: 37111, loss_mask: 0.1037, loss_texture: 0.0425, iou: 0.8324, loss: 0.1462
2026-04-30 08:03:44,971 - mmdet - INFO - Iter [15625/30000]	lr: 1.000e-04, eta: 5:38:59, time: 1.100, data_time: 0.012, memory: 37111, loss_mask: 0.1024, loss_texture: 0.0430, iou: 0.8525, loss: 0.1454
2026-04-30 08:04:12,418 - mmdet - INFO - Iter [15650/30000]	lr: 1.000e-04, eta: 5:38:16, time: 1.098, data_time: 0.011, memory: 37111, loss_mask: 0.1016, loss_texture: 0.0441, iou: 0.8440, loss: 0.1457
2026-04-30 08:04:40,005 - mmdet - INFO - Iter [15675/30000]	lr: 1.000e-04, eta: 5:37:34, time: 1.104, data_time: 0.011, memory: 37111, loss_mask: 0.0957, loss_texture: 0.0410, iou: 0.8665, loss: 0.1367
2026-04-30 08:05:07,623 - mmdet - INFO - Iter [15700/30000]	lr: 1.000e-04, eta: 5:36:51, time: 1.105, data_time: 0.011, memory: 37111, loss_mask: 0.1122, loss_texture: 0.0452, iou: 0.8511, loss: 0.1574
2026-04-30 08:05:35,312 - mmdet - INFO - Iter [15725/30000]	lr: 1.000e-04, eta: 5:36:09, time: 1.108, data_time: 0.012, memory: 37111, loss_mask: 0.1170, loss_texture: 0.0466, iou: 0.8315, loss: 0.1636
2026-04-30 08:06:03,078 - mmdet - INFO - Iter [15750/30000]	lr: 1.000e-04, eta: 5:35:27, time: 1.111, data_time: 0.011, memory: 37111, loss_mask: 0.1177, loss_texture: 0.0455, iou: 0.8472, loss: 0.1632
2026-04-30 08:06:30,708 - mmdet - INFO - Iter [15775/30000]	lr: 1.000e-04, eta: 5:34:45, time: 1.105, data_time: 0.012, memory: 37111, loss_mask: 0.1107, loss_texture: 0.0451, iou: 0.8416, loss: 0.1559
2026-04-30 08:06:58,373 - mmdet - INFO - Iter [15800/30000]	lr: 1.000e-04, eta: 5:34:02, time: 1.107, data_time: 0.012, memory: 37111, loss_mask: 0.1043, loss_texture: 0.0430, iou: 0.8287, loss: 0.1473
2026-04-30 08:07:25,909 - mmdet - INFO - Iter [15825/30000]	lr: 1.000e-04, eta: 5:33:20, time: 1.101, data_time: 0.012, memory: 37111, loss_mask: 0.1062, loss_texture: 0.0457, iou: 0.8516, loss: 0.1520
2026-04-30 08:07:53,637 - mmdet - INFO - Iter [15850/30000]	lr: 1.000e-04, eta: 5:32:38, time: 1.109, data_time: 0.011, memory: 37111, loss_mask: 0.1156, loss_texture: 0.0469, iou: 0.8563, loss: 0.1625
2026-04-30 08:08:21,251 - mmdet - INFO - Iter [15875/30000]	lr: 1.000e-04, eta: 5:31:56, time: 1.105, data_time: 0.011, memory: 37111, loss_mask: 0.1040, loss_texture: 0.0421, iou: 0.8249, loss: 0.1460
2026-04-30 08:08:48,805 - mmdet - INFO - Iter [15900/30000]	lr: 1.000e-04, eta: 5:31:14, time: 1.102, data_time: 0.012, memory: 37111, loss_mask: 0.0974, loss_texture: 0.0408, iou: 0.8499, loss: 0.1382
2026-04-30 08:09:16,328 - mmdet - INFO - Iter [15925/30000]	lr: 1.000e-04, eta: 5:30:32, time: 1.101, data_time: 0.012, memory: 37111, loss_mask: 0.1038, loss_texture: 0.0436, iou: 0.8405, loss: 0.1474
2026-04-30 08:09:43,822 - mmdet - INFO - Iter [15950/30000]	lr: 1.000e-04, eta: 5:29:50, time: 1.100, data_time: 0.012, memory: 37111, loss_mask: 0.1220, loss_texture: 0.0464, iou: 0.8372, loss: 0.1684
2026-04-30 08:10:11,336 - mmdet - INFO - Iter [15975/30000]	lr: 1.000e-04, eta: 5:29:08, time: 1.101, data_time: 0.012, memory: 37111, loss_mask: 0.1292, loss_texture: 0.0419, iou: 0.8365, loss: 0.1711
2026-04-30 08:10:38,850 - mmdet - INFO - 
--- Val evaluation at iter 16000 ---
2026-04-30 08:13:14,725 - mmdet - INFO - 
+------------+-------------+-------------+
| Class      | Val IoU     | Pseudo IoU  |
+------------+-------------+-------------+
| background | 91.04       | 92.68       |
| building   | 59.58       | 69.14       |
| Summary    | mIoU: 75.31 | mIoU: 80.91 |
+------------+-------------+-------------+
Images evaluated: 218
2026-04-30 08:13:16,101 - mmdet - INFO - Exp name: exp8_all.py
2026-04-30 08:13:16,101 - mmdet - INFO - Iter [16000/30000]	lr: 1.000e-04, eta: 5:28:26, time: 1.101, data_time: 0.012, memory: 37111, val/mIoU: 0.7531, val/IoU.building: 0.5958, val/IoU.background: 0.9104, val/Pseudo_mIoU: 0.8091, loss_mask: 0.1373, loss_texture: 0.0502, iou: 0.8128, loss: 0.1875
2026-04-30 08:13:44,427 - mmdet - INFO - Iter [16025/30000]	lr: 1.000e-04, eta: 5:30:02, time: 7.423, data_time: 6.304, memory: 37111, loss_mask: 0.1131, loss_texture: 0.0466, iou: 0.8368, loss: 0.1596
2026-04-30 08:14:12,317 - mmdet - INFO - Iter [16050/30000]	lr: 1.000e-04, eta: 5:29:20, time: 1.116, data_time: 0.012, memory: 37111, loss_mask: 0.1017, loss_texture: 0.0408, iou: 0.8361, loss: 0.1425
2026-04-30 08:14:39,988 - mmdet - INFO - Iter [16075/30000]	lr: 1.000e-04, eta: 5:28:38, time: 1.107, data_time: 0.011, memory: 37111, loss_mask: 0.0943, loss_texture: 0.0397, iou: 0.8572, loss: 0.1339
2026-04-30 08:15:07,658 - mmdet - INFO - Iter [16100/30000]	lr: 1.000e-04, eta: 5:27:56, time: 1.107, data_time: 0.012, memory: 37111, loss_mask: 0.1194, loss_texture: 0.0459, iou: 0.8454, loss: 0.1653
2026-04-30 08:15:35,345 - mmdet - INFO - Iter [16125/30000]	lr: 1.000e-04, eta: 5:27:14, time: 1.107, data_time: 0.012, memory: 37111, loss_mask: 0.1138, loss_texture: 0.0452, iou: 0.8537, loss: 0.1591
2026-04-30 08:16:02,897 - mmdet - INFO - Iter [16150/30000]	lr: 1.000e-04, eta: 5:26:32, time: 1.102, data_time: 0.012, memory: 37111, loss_mask: 0.1113, loss_texture: 0.0441, iou: 0.8420, loss: 0.1554
2026-04-30 08:16:30,562 - mmdet - INFO - Iter [16175/30000]	lr: 1.000e-04, eta: 5:25:50, time: 1.107, data_time: 0.012, memory: 37111, loss_mask: 0.1158, loss_texture: 0.0457, iou: 0.8374, loss: 0.1615
2026-04-30 08:16:58,375 - mmdet - INFO - Iter [16200/30000]	lr: 1.000e-04, eta: 5:25:08, time: 1.113, data_time: 0.012, memory: 37111, loss_mask: 0.1023, loss_texture: 0.0438, iou: 0.8454, loss: 0.1461
2026-04-30 08:17:26,081 - mmdet - INFO - Iter [16225/30000]	lr: 1.000e-04, eta: 5:24:26, time: 1.108, data_time: 0.012, memory: 37111, loss_mask: 0.0999, loss_texture: 0.0429, iou: 0.8549, loss: 0.1428
2026-04-30 08:17:53,611 - mmdet - INFO - Iter [16250/30000]	lr: 1.000e-04, eta: 5:23:44, time: 1.101, data_time: 0.012, memory: 37111, loss_mask: 0.1073, loss_texture: 0.0446, iou: 0.8455, loss: 0.1519
2026-04-30 08:18:21,258 - mmdet - INFO - Iter [16275/30000]	lr: 1.000e-04, eta: 5:23:02, time: 1.106, data_time: 0.012, memory: 37111, loss_mask: 0.1137, loss_texture: 0.0445, iou: 0.8499, loss: 0.1582
2026-04-30 08:18:48,994 - mmdet - INFO - Iter [16300/30000]	lr: 1.000e-04, eta: 5:22:21, time: 1.109, data_time: 0.012, memory: 37111, loss_mask: 0.1124, loss_texture: 0.0469, iou: 0.8352, loss: 0.1593
2026-04-30 08:19:16,627 - mmdet - INFO - Iter [16325/30000]	lr: 1.000e-04, eta: 5:21:39, time: 1.105, data_time: 0.012, memory: 37111, loss_mask: 0.1032, loss_texture: 0.0417, iou: 0.8311, loss: 0.1449
2026-04-30 08:19:44,353 - mmdet - INFO - Iter [16350/30000]	lr: 1.000e-04, eta: 5:20:57, time: 1.109, data_time: 0.012, memory: 37111, loss_mask: 0.1056, loss_texture: 0.0448, iou: 0.8575, loss: 0.1504
2026-04-30 08:20:12,025 - mmdet - INFO - Iter [16375/30000]	lr: 1.000e-04, eta: 5:20:16, time: 1.107, data_time: 0.012, memory: 37111, loss_mask: 0.1026, loss_texture: 0.0428, iou: 0.8570, loss: 0.1455
2026-04-30 08:20:39,682 - mmdet - INFO - Iter [16400/30000]	lr: 1.000e-04, eta: 5:19:34, time: 1.106, data_time: 0.011, memory: 37111, loss_mask: 0.0963, loss_texture: 0.0407, iou: 0.8420, loss: 0.1370
2026-04-30 08:21:07,423 - mmdet - INFO - Iter [16425/30000]	lr: 1.000e-04, eta: 5:18:53, time: 1.110, data_time: 0.012, memory: 37111, loss_mask: 0.1045, loss_texture: 0.0443, iou: 0.8592, loss: 0.1488
2026-04-30 08:21:35,247 - mmdet - INFO - Iter [16450/30000]	lr: 1.000e-04, eta: 5:18:11, time: 1.113, data_time: 0.011, memory: 37111, loss_mask: 0.1092, loss_texture: 0.0448, iou: 0.8487, loss: 0.1539
2026-04-30 08:22:03,096 - mmdet - INFO - Iter [16475/30000]	lr: 1.000e-04, eta: 5:17:30, time: 1.114, data_time: 0.012, memory: 37111, loss_mask: 0.1020, loss_texture: 0.0414, iou: 0.8477, loss: 0.1434
2026-04-30 08:22:30,785 - mmdet - INFO - 
--- Val evaluation at iter 16500 ---
2026-04-30 08:25:06,618 - mmdet - INFO - 
+------------+-------------+-------------+
| Class      | Val IoU     | Pseudo IoU  |
+------------+-------------+-------------+
| background | 91.20       | 92.68       |
| building   | 59.94       | 69.14       |
| Summary    | mIoU: 75.57 | mIoU: 80.91 |
+------------+-------------+-------------+
Images evaluated: 218
2026-04-30 08:25:08,010 - mmdet - INFO - Iter [16500/30000]	lr: 1.000e-04, eta: 5:16:49, time: 1.108, data_time: 0.012, memory: 37111, val/mIoU: 0.7557, val/IoU.building: 0.5994, val/IoU.background: 0.9120, val/Pseudo_mIoU: 0.8091, loss_mask: 0.1144, loss_texture: 0.0443, iou: 0.8399, loss: 0.1586
2026-04-30 08:25:35,799 - mmdet - INFO - Iter [16525/30000]	lr: 1.000e-04, eta: 5:18:16, time: 7.401, data_time: 6.301, memory: 37111, loss_mask: 0.1055, loss_texture: 0.0438, iou: 0.8524, loss: 0.1493
2026-04-30 08:26:03,696 - mmdet - INFO - Iter [16550/30000]	lr: 1.000e-04, eta: 5:17:34, time: 1.116, data_time: 0.012, memory: 37111, loss_mask: 0.0993, loss_texture: 0.0427, iou: 0.8571, loss: 0.1420
2026-04-30 08:26:31,319 - mmdet - INFO - Iter [16575/30000]	lr: 1.000e-04, eta: 5:16:53, time: 1.105, data_time: 0.012, memory: 37111, loss_mask: 0.1103, loss_texture: 0.0465, iou: 0.8431, loss: 0.1568
2026-04-30 08:26:58,997 - mmdet - INFO - Iter [16600/30000]	lr: 1.000e-04, eta: 5:16:11, time: 1.107, data_time: 0.012, memory: 37111, loss_mask: 0.1088, loss_texture: 0.0425, iou: 0.8492, loss: 0.1513
2026-04-30 08:27:26,636 - mmdet - INFO - Iter [16625/30000]	lr: 1.000e-04, eta: 5:15:29, time: 1.106, data_time: 0.012, memory: 37111, loss_mask: 0.1127, loss_texture: 0.0466, iou: 0.8463, loss: 0.1593
2026-04-30 08:27:54,338 - mmdet - INFO - Iter [16650/30000]	lr: 1.000e-04, eta: 5:14:48, time: 1.108, data_time: 0.011, memory: 37111, loss_mask: 0.1062, loss_texture: 0.0445, iou: 0.8435, loss: 0.1507
2026-04-30 08:28:22,137 - mmdet - INFO - Iter [16675/30000]	lr: 1.000e-04, eta: 5:14:06, time: 1.112, data_time: 0.011, memory: 37111, loss_mask: 0.1040, loss_texture: 0.0437, iou: 0.8394, loss: 0.1477
2026-04-30 08:28:49,723 - mmdet - INFO - Iter [16700/30000]	lr: 1.000e-04, eta: 5:13:25, time: 1.103, data_time: 0.012, memory: 37111, loss_mask: 0.1064, loss_texture: 0.0417, iou: 0.8481, loss: 0.1482
2026-04-30 08:29:17,456 - mmdet - INFO - Iter [16725/30000]	lr: 1.000e-04, eta: 5:12:43, time: 1.109, data_time: 0.012, memory: 37111, loss_mask: 0.1105, loss_texture: 0.0421, iou: 0.8400, loss: 0.1525
2026-04-30 08:29:45,266 - mmdet - INFO - Iter [16750/30000]	lr: 1.000e-04, eta: 5:12:02, time: 1.112, data_time: 0.011, memory: 37111, loss_mask: 0.0967, loss_texture: 0.0420, iou: 0.8522, loss: 0.1387
2026-04-30 08:30:12,942 - mmdet - INFO - Iter [16775/30000]	lr: 1.000e-04, eta: 5:11:21, time: 1.107, data_time: 0.012, memory: 37111, loss_mask: 0.0919, loss_texture: 0.0392, iou: 0.8736, loss: 0.1311
2026-04-30 08:30:40,752 - mmdet - INFO - Iter [16800/30000]	lr: 1.000e-04, eta: 5:10:39, time: 1.112, data_time: 0.012, memory: 37111, loss_mask: 0.1098, loss_texture: 0.0468, iou: 0.8439, loss: 0.1567
2026-04-30 08:31:08,553 - mmdet - INFO - Iter [16825/30000]	lr: 1.000e-04, eta: 5:09:58, time: 1.112, data_time: 0.012, memory: 37111, loss_mask: 0.1116, loss_texture: 0.0451, iou: 0.8351, loss: 0.1566
2026-04-30 08:31:36,278 - mmdet - INFO - Iter [16850/30000]	lr: 1.000e-04, eta: 5:09:17, time: 1.109, data_time: 0.011, memory: 37111, loss_mask: 0.1054, loss_texture: 0.0417, iou: 0.8507, loss: 0.1472
2026-04-30 08:32:03,964 - mmdet - INFO - Iter [16875/30000]	lr: 1.000e-04, eta: 5:08:36, time: 1.107, data_time: 0.012, memory: 37111, loss_mask: 0.1066, loss_texture: 0.0428, iou: 0.8428, loss: 0.1494
2026-04-30 08:32:31,677 - mmdet - INFO - Iter [16900/30000]	lr: 1.000e-04, eta: 5:07:55, time: 1.109, data_time: 0.012, memory: 37111, loss_mask: 0.1024, loss_texture: 0.0419, iou: 0.8479, loss: 0.1443
2026-04-30 08:32:59,454 - mmdet - INFO - Iter [16925/30000]	lr: 1.000e-04, eta: 5:07:14, time: 1.111, data_time: 0.012, memory: 37111, loss_mask: 0.1219, loss_texture: 0.0469, iou: 0.8425, loss: 0.1688
2026-04-30 08:33:27,040 - mmdet - INFO - Iter [16950/30000]	lr: 1.000e-04, eta: 5:06:33, time: 1.103, data_time: 0.011, memory: 37111, loss_mask: 0.1039, loss_texture: 0.0404, iou: 0.8224, loss: 0.1443
2026-04-30 08:33:54,876 - mmdet - INFO - Iter [16975/30000]	lr: 1.000e-04, eta: 5:05:52, time: 1.113, data_time: 0.011, memory: 37111, loss_mask: 0.1142, loss_texture: 0.0457, iou: 0.8344, loss: 0.1598
2026-04-30 08:34:22,540 - mmdet - INFO - 
--- Val evaluation at iter 17000 ---
2026-04-30 08:36:59,045 - mmdet - INFO - 
+------------+-------------+-------------+
| Class      | Val IoU     | Pseudo IoU  |
+------------+-------------+-------------+
| background | 90.49       | 92.68       |
| building   | 56.10       | 69.14       |
| Summary    | mIoU: 73.30 | mIoU: 80.91 |
+------------+-------------+-------------+
Images evaluated: 218
2026-04-30 08:37:00,395 - mmdet - INFO - Exp name: exp8_all.py
2026-04-30 08:37:00,395 - mmdet - INFO - Iter [17000/30000]	lr: 1.000e-04, eta: 5:05:11, time: 1.107, data_time: 0.012, memory: 37111, val/mIoU: 0.7330, val/IoU.building: 0.5610, val/IoU.background: 0.9049, val/Pseudo_mIoU: 0.8091, loss_mask: 0.1026, loss_texture: 0.0439, iou: 0.8540, loss: 0.1465
2026-04-30 08:37:28,090 - mmdet - INFO - Iter [17025/30000]	lr: 1.000e-04, eta: 5:06:30, time: 7.422, data_time: 6.326, memory: 37111, loss_mask: 0.0996, loss_texture: 0.0412, iou: 0.8614, loss: 0.1408
2026-04-30 08:37:55,780 - mmdet - INFO - Iter [17050/30000]	lr: 1.000e-04, eta: 5:05:49, time: 1.108, data_time: 0.012, memory: 37111, loss_mask: 0.1038, loss_texture: 0.0447, iou: 0.8536, loss: 0.1485
2026-04-30 08:38:23,398 - mmdet - INFO - Iter [17075/30000]	lr: 1.000e-04, eta: 5:05:07, time: 1.105, data_time: 0.011, memory: 37111, loss_mask: 0.0939, loss_texture: 0.0401, iou: 0.8655, loss: 0.1340
2026-04-30 08:38:51,063 - mmdet - INFO - Iter [17100/30000]	lr: 1.000e-04, eta: 5:04:26, time: 1.107, data_time: 0.012, memory: 37111, loss_mask: 0.0820, loss_texture: 0.0366, iou: 0.8571, loss: 0.1185
2026-04-30 08:39:18,781 - mmdet - INFO - Iter [17125/30000]	lr: 1.000e-04, eta: 5:03:45, time: 1.109, data_time: 0.012, memory: 37111, loss_mask: 0.1150, loss_texture: 0.0455, iou: 0.8362, loss: 0.1605
2026-04-30 08:39:46,589 - mmdet - INFO - Iter [17150/30000]	lr: 1.000e-04, eta: 5:03:04, time: 1.112, data_time: 0.011, memory: 37111, loss_mask: 0.1161, loss_texture: 0.0460, iou: 0.8446, loss: 0.1622
2026-04-30 08:40:14,406 - mmdet - INFO - Iter [17175/30000]	lr: 1.000e-04, eta: 5:02:23, time: 1.113, data_time: 0.012, memory: 37111, loss_mask: 0.1149, loss_texture: 0.0458, iou: 0.8381, loss: 0.1607
2026-04-30 08:40:42,107 - mmdet - INFO - Iter [17200/30000]	lr: 1.000e-04, eta: 5:01:42, time: 1.108, data_time: 0.012, memory: 37111, loss_mask: 0.1020, loss_texture: 0.0389, iou: 0.8581, loss: 0.1409
2026-04-30 08:41:09,881 - mmdet - INFO - Iter [17225/30000]	lr: 1.000e-04, eta: 5:01:01, time: 1.111, data_time: 0.012, memory: 37111, loss_mask: 0.2001, loss_texture: 0.0480, iou: 0.7844, loss: 0.2481
2026-04-30 08:41:37,463 - mmdet - INFO - Iter [17250/30000]	lr: 1.000e-04, eta: 5:00:20, time: 1.103, data_time: 0.011, memory: 37111, loss_mask: 0.1202, loss_texture: 0.0483, iou: 0.8307, loss: 0.1685
2026-04-30 08:42:05,171 - mmdet - INFO - Iter [17275/30000]	lr: 1.000e-04, eta: 4:59:39, time: 1.108, data_time: 0.011, memory: 37111, loss_mask: 0.1177, loss_texture: 0.0473, iou: 0.8413, loss: 0.1650
2026-04-30 08:42:32,895 - mmdet - INFO - Iter [17300/30000]	lr: 1.000e-04, eta: 4:58:58, time: 1.109, data_time: 0.012, memory: 37111, loss_mask: 0.1113, loss_texture: 0.0431, iou: 0.8396, loss: 0.1544
2026-04-30 08:43:00,771 - mmdet - INFO - Iter [17325/30000]	lr: 1.000e-04, eta: 4:58:17, time: 1.115, data_time: 0.012, memory: 37111, loss_mask: 0.1048, loss_texture: 0.0434, iou: 0.8457, loss: 0.1482
2026-04-30 08:43:28,547 - mmdet - INFO - Iter [17350/30000]	lr: 1.000e-04, eta: 4:57:36, time: 1.111, data_time: 0.011, memory: 37111, loss_mask: 0.1084, loss_texture: 0.0440, iou: 0.8316, loss: 0.1524
2026-04-30 08:43:56,488 - mmdet - INFO - Iter [17375/30000]	lr: 1.000e-04, eta: 4:56:56, time: 1.118, data_time: 0.012, memory: 37111, loss_mask: 0.1120, loss_texture: 0.0459, iou: 0.8411, loss: 0.1579
2026-04-30 08:44:24,056 - mmdet - INFO - Iter [17400/30000]	lr: 1.000e-04, eta: 4:56:15, time: 1.103, data_time: 0.012, memory: 37111, loss_mask: 0.0912, loss_texture: 0.0357, iou: 0.8530, loss: 0.1269
2026-04-30 08:44:51,737 - mmdet - INFO - Iter [17425/30000]	lr: 1.000e-04, eta: 4:55:34, time: 1.107, data_time: 0.013, memory: 37111, loss_mask: 0.1008, loss_texture: 0.0398, iou: 0.8437, loss: 0.1406
2026-04-30 08:45:19,312 - mmdet - INFO - Iter [17450/30000]	lr: 1.000e-04, eta: 4:54:53, time: 1.103, data_time: 0.011, memory: 37111, loss_mask: 0.1005, loss_texture: 0.0404, iou: 0.8271, loss: 0.1409
2026-04-30 08:45:46,873 - mmdet - INFO - Iter [17475/30000]	lr: 1.000e-04, eta: 4:54:13, time: 1.102, data_time: 0.011, memory: 37111, loss_mask: 0.1082, loss_texture: 0.0445, iou: 0.8358, loss: 0.1527
2026-04-30 08:46:14,476 - mmdet - INFO - 
--- Val evaluation at iter 17500 ---
2026-04-30 08:48:51,544 - mmdet - INFO - 
+------------+-------------+-------------+
| Class      | Val IoU     | Pseudo IoU  |
+------------+-------------+-------------+
| background | 91.94       | 92.68       |
| building   | 65.27       | 69.14       |
| Summary    | mIoU: 78.60 | mIoU: 80.91 |
+------------+-------------+-------------+
Images evaluated: 218
2026-04-30 08:48:52,912 - mmdet - INFO - Iter [17500/30000]	lr: 1.000e-04, eta: 4:53:32, time: 1.104, data_time: 0.012, memory: 37111, val/mIoU: 0.7860, val/IoU.building: 0.6527, val/IoU.background: 0.9194, val/Pseudo_mIoU: 0.8091, loss_mask: 0.1085, loss_texture: 0.0454, iou: 0.8547, loss: 0.1539
2026-04-30 08:49:20,679 - mmdet - INFO - Iter [17525/30000]	lr: 1.000e-04, eta: 4:54:44, time: 7.448, data_time: 6.351, memory: 37111, loss_mask: 0.0961, loss_texture: 0.0425, iou: 0.8537, loss: 0.1386
2026-04-30 08:49:48,376 - mmdet - INFO - Iter [17550/30000]	lr: 1.000e-04, eta: 4:54:03, time: 1.108, data_time: 0.012, memory: 37111, loss_mask: 0.1122, loss_texture: 0.0436, iou: 0.8403, loss: 0.1558
2026-04-30 08:50:16,002 - mmdet - INFO - Iter [17575/30000]	lr: 1.000e-04, eta: 4:53:22, time: 1.105, data_time: 0.011, memory: 37111, loss_mask: 0.0996, loss_texture: 0.0422, iou: 0.8506, loss: 0.1418
2026-04-30 08:50:43,797 - mmdet - INFO - Iter [17600/30000]	lr: 1.000e-04, eta: 4:52:41, time: 1.112, data_time: 0.012, memory: 37111, loss_mask: 0.0997, loss_texture: 0.0422, iou: 0.8551, loss: 0.1419
2026-04-30 08:51:11,611 - mmdet - INFO - Iter [17625/30000]	lr: 1.000e-04, eta: 4:52:01, time: 1.113, data_time: 0.012, memory: 37111, loss_mask: 0.0925, loss_texture: 0.0405, iou: 0.8505, loss: 0.1330
2026-04-30 08:51:39,459 - mmdet - INFO - Iter [17650/30000]	lr: 1.000e-04, eta: 4:51:20, time: 1.114, data_time: 0.012, memory: 37111, loss_mask: 0.1003, loss_texture: 0.0412, iou: 0.8372, loss: 0.1416
2026-04-30 08:52:07,270 - mmdet - INFO - Iter [17675/30000]	lr: 1.000e-04, eta: 4:50:39, time: 1.112, data_time: 0.012, memory: 37111, loss_mask: 0.0946, loss_texture: 0.0369, iou: 0.8421, loss: 0.1315
2026-04-30 08:52:34,938 - mmdet - INFO - Iter [17700/30000]	lr: 1.000e-04, eta: 4:49:59, time: 1.107, data_time: 0.012, memory: 37111, loss_mask: 0.1015, loss_texture: 0.0418, iou: 0.8497, loss: 0.1433
2026-04-30 08:53:02,796 - mmdet - INFO - Iter [17725/30000]	lr: 1.000e-04, eta: 4:49:18, time: 1.114, data_time: 0.011, memory: 37111, loss_mask: 0.1275, loss_texture: 0.0515, iou: 0.8329, loss: 0.1790
2026-04-30 08:53:30,485 - mmdet - INFO - Iter [17750/30000]	lr: 1.000e-04, eta: 4:48:37, time: 1.108, data_time: 0.011, memory: 37111, loss_mask: 0.0996, loss_texture: 0.0409, iou: 0.8530, loss: 0.1406
2026-04-30 08:53:58,149 - mmdet - INFO - Iter [17775/30000]	lr: 1.000e-04, eta: 4:47:57, time: 1.107, data_time: 0.012, memory: 37111, loss_mask: 0.1089, loss_texture: 0.0456, iou: 0.8486, loss: 0.1545
2026-04-30 08:54:25,834 - mmdet - INFO - Iter [17800/30000]	lr: 1.000e-04, eta: 4:47:16, time: 1.107, data_time: 0.012, memory: 37111, loss_mask: 0.1035, loss_texture: 0.0424, iou: 0.8521, loss: 0.1459
2026-04-30 08:54:53,471 - mmdet - INFO - Iter [17825/30000]	lr: 1.000e-04, eta: 4:46:36, time: 1.105, data_time: 0.012, memory: 37111, loss_mask: 0.1037, loss_texture: 0.0445, iou: 0.8539, loss: 0.1482
2026-04-30 08:55:21,085 - mmdet - INFO - Iter [17850/30000]	lr: 1.000e-04, eta: 4:45:55, time: 1.105, data_time: 0.011, memory: 37111, loss_mask: 0.1057, loss_texture: 0.0427, iou: 0.8591, loss: 0.1484
2026-04-30 08:55:48,684 - mmdet - INFO - Iter [17875/30000]	lr: 1.000e-04, eta: 4:45:15, time: 1.104, data_time: 0.012, memory: 37111, loss_mask: 0.1256, loss_texture: 0.0483, iou: 0.8355, loss: 0.1739
2026-04-30 08:56:16,248 - mmdet - INFO - Iter [17900/30000]	lr: 1.000e-04, eta: 4:44:34, time: 1.103, data_time: 0.012, memory: 37111, loss_mask: 0.1159, loss_texture: 0.0444, iou: 0.8408, loss: 0.1603
2026-04-30 08:56:43,691 - mmdet - INFO - Iter [17925/30000]	lr: 1.000e-04, eta: 4:43:54, time: 1.098, data_time: 0.011, memory: 37111, loss_mask: 0.0989, loss_texture: 0.0393, iou: 0.8407, loss: 0.1382
2026-04-30 08:57:11,313 - mmdet - INFO - Iter [17950/30000]	lr: 1.000e-04, eta: 4:43:13, time: 1.105, data_time: 0.012, memory: 37111, loss_mask: 0.0993, loss_texture: 0.0414, iou: 0.8529, loss: 0.1407
2026-04-30 08:57:39,009 - mmdet - INFO - Iter [17975/30000]	lr: 1.000e-04, eta: 4:42:33, time: 1.108, data_time: 0.012, memory: 37111, loss_mask: 0.1119, loss_texture: 0.0462, iou: 0.8518, loss: 0.1580
2026-04-30 08:58:06,854 - mmdet - INFO - 
--- Val evaluation at iter 18000 ---
2026-04-30 09:00:43,326 - mmdet - INFO - 
+------------+-------------+-------------+
| Class      | Val IoU     | Pseudo IoU  |
+------------+-------------+-------------+
| background | 91.85       | 92.68       |
| building   | 64.73       | 69.14       |
| Summary    | mIoU: 78.29 | mIoU: 80.91 |
+------------+-------------+-------------+
Images evaluated: 218
2026-04-30 09:00:44,699 - mmdet - INFO - Exp name: exp8_all.py
2026-04-30 09:00:44,699 - mmdet - INFO - Iter [18000/30000]	lr: 1.000e-04, eta: 4:41:53, time: 1.114, data_time: 0.012, memory: 37111, val/mIoU: 0.7829, val/IoU.building: 0.6473, val/IoU.background: 0.9185, val/Pseudo_mIoU: 0.8091, loss_mask: 0.0963, loss_texture: 0.0416, iou: 0.8715, loss: 0.1379
2026-04-30 09:01:12,240 - mmdet - INFO - Iter [18025/30000]	lr: 1.000e-04, eta: 4:42:57, time: 7.415, data_time: 6.325, memory: 37111, loss_mask: 0.0951, loss_texture: 0.0412, iou: 0.8348, loss: 0.1363
2026-04-30 09:01:39,672 - mmdet - INFO - Iter [18050/30000]	lr: 1.000e-04, eta: 4:42:16, time: 1.097, data_time: 0.012, memory: 37111, loss_mask: 0.0965, loss_texture: 0.0398, iou: 0.8377, loss: 0.1363
2026-04-30 09:02:07,185 - mmdet - INFO - Iter [18075/30000]	lr: 1.000e-04, eta: 4:41:36, time: 1.101, data_time: 0.012, memory: 37111, loss_mask: 0.0955, loss_texture: 0.0409, iou: 0.8374, loss: 0.1364
2026-04-30 09:02:34,794 - mmdet - INFO - Iter [18100/30000]	lr: 1.000e-04, eta: 4:40:55, time: 1.104, data_time: 0.012, memory: 37111, loss_mask: 0.1068, loss_texture: 0.0435, iou: 0.8478, loss: 0.1502
2026-04-30 09:03:02,459 - mmdet - INFO - Iter [18125/30000]	lr: 1.000e-04, eta: 4:40:15, time: 1.107, data_time: 0.011, memory: 37111, loss_mask: 0.0961, loss_texture: 0.0391, iou: 0.8526, loss: 0.1352
2026-04-30 09:03:30,028 - mmdet - INFO - Iter [18150/30000]	lr: 1.000e-04, eta: 4:39:34, time: 1.103, data_time: 0.011, memory: 37111, loss_mask: 0.1134, loss_texture: 0.0434, iou: 0.8270, loss: 0.1568
2026-04-30 09:03:57,553 - mmdet - INFO - Iter [18175/30000]	lr: 1.000e-04, eta: 4:38:54, time: 1.101, data_time: 0.012, memory: 37111, loss_mask: 0.1098, loss_texture: 0.0457, iou: 0.8439, loss: 0.1555
2026-04-30 09:04:25,058 - mmdet - INFO - Iter [18200/30000]	lr: 1.000e-04, eta: 4:38:13, time: 1.100, data_time: 0.013, memory: 37111, loss_mask: 0.1026, loss_texture: 0.0426, iou: 0.8677, loss: 0.1452
2026-04-30 09:04:52,630 - mmdet - INFO - Iter [18225/30000]	lr: 1.000e-04, eta: 4:37:33, time: 1.103, data_time: 0.012, memory: 37111, loss_mask: 0.1093, loss_texture: 0.0429, iou: 0.8462, loss: 0.1522
2026-04-30 09:05:20,202 - mmdet - INFO - Iter [18250/30000]	lr: 1.000e-04, eta: 4:36:52, time: 1.103, data_time: 0.012, memory: 37111, loss_mask: 0.0946, loss_texture: 0.0410, iou: 0.8583, loss: 0.1355
2026-04-30 09:05:47,847 - mmdet - INFO - Iter [18275/30000]	lr: 1.000e-04, eta: 4:36:12, time: 1.106, data_time: 0.012, memory: 37111, loss_mask: 0.0982, loss_texture: 0.0412, iou: 0.8628, loss: 0.1394
2026-04-30 09:06:15,514 - mmdet - INFO - Iter [18300/30000]	lr: 1.000e-04, eta: 4:35:32, time: 1.107, data_time: 0.012, memory: 37111, loss_mask: 0.1324, loss_texture: 0.0461, iou: 0.8246, loss: 0.1785
2026-04-30 09:06:43,178 - mmdet - INFO - Iter [18325/30000]	lr: 1.000e-04, eta: 4:34:52, time: 1.107, data_time: 0.011, memory: 37111, loss_mask: 0.1085, loss_texture: 0.0440, iou: 0.8533, loss: 0.1525
2026-04-30 09:07:10,790 - mmdet - INFO - Iter [18350/30000]	lr: 1.000e-04, eta: 4:34:11, time: 1.104, data_time: 0.011, memory: 37111, loss_mask: 0.0982, loss_texture: 0.0410, iou: 0.8323, loss: 0.1391
2026-04-30 09:07:38,511 - mmdet - INFO - Iter [18375/30000]	lr: 1.000e-04, eta: 4:33:31, time: 1.109, data_time: 0.012, memory: 37111, loss_mask: 0.1112, loss_texture: 0.0458, iou: 0.8333, loss: 0.1570
2026-04-30 09:08:06,194 - mmdet - INFO - Iter [18400/30000]	lr: 1.000e-04, eta: 4:32:51, time: 1.107, data_time: 0.012, memory: 37111, loss_mask: 0.1006, loss_texture: 0.0390, iou: 0.8417, loss: 0.1396
2026-04-30 09:08:33,823 - mmdet - INFO - Iter [18425/30000]	lr: 1.000e-04, eta: 4:32:11, time: 1.105, data_time: 0.012, memory: 37111, loss_mask: 0.1035, loss_texture: 0.0419, iou: 0.8514, loss: 0.1454
2026-04-30 09:09:01,385 - mmdet - INFO - Iter [18450/30000]	lr: 1.000e-04, eta: 4:31:31, time: 1.103, data_time: 0.012, memory: 37111, loss_mask: 0.1034, loss_texture: 0.0430, iou: 0.8563, loss: 0.1465
2026-04-30 09:09:28,860 - mmdet - INFO - Iter [18475/30000]	lr: 1.000e-04, eta: 4:30:51, time: 1.099, data_time: 0.012, memory: 37111, loss_mask: 0.1078, loss_texture: 0.0433, iou: 0.8566, loss: 0.1511
2026-04-30 09:09:56,450 - mmdet - INFO - 
--- Val evaluation at iter 18500 ---
2026-04-30 09:12:32,888 - mmdet - INFO - 
+------------+-------------+-------------+
| Class      | Val IoU     | Pseudo IoU  |
+------------+-------------+-------------+
| background | 91.92       | 92.68       |
| building   | 65.19       | 69.14       |
| Summary    | mIoU: 78.55 | mIoU: 80.91 |
+------------+-------------+-------------+
Images evaluated: 218
2026-04-30 09:12:34,262 - mmdet - INFO - Iter [18500/30000]	lr: 1.000e-04, eta: 4:30:11, time: 1.104, data_time: 0.012, memory: 37111, val/mIoU: 0.7855, val/IoU.building: 0.6519, val/IoU.background: 0.9192, val/Pseudo_mIoU: 0.8091, loss_mask: 0.1101, loss_texture: 0.0436, iou: 0.8199, loss: 0.1537
2026-04-30 09:13:01,897 - mmdet - INFO - Iter [18525/30000]	lr: 1.000e-04, eta: 4:31:09, time: 7.418, data_time: 6.324, memory: 37111, loss_mask: 0.1077, loss_texture: 0.0445, iou: 0.8568, loss: 0.1522
2026-04-30 09:13:29,447 - mmdet - INFO - Iter [18550/30000]	lr: 1.000e-04, eta: 4:30:28, time: 1.102, data_time: 0.012, memory: 37111, loss_mask: 0.1015, loss_texture: 0.0427, iou: 0.8507, loss: 0.1442
2026-04-30 09:13:57,013 - mmdet - INFO - Iter [18575/30000]	lr: 1.000e-04, eta: 4:29:48, time: 1.103, data_time: 0.012, memory: 37111, loss_mask: 0.0956, loss_texture: 0.0404, iou: 0.8621, loss: 0.1361
2026-04-30 09:14:24,654 - mmdet - INFO - Iter [18600/30000]	lr: 1.000e-04, eta: 4:29:08, time: 1.106, data_time: 0.012, memory: 37111, loss_mask: 0.0931, loss_texture: 0.0402, iou: 0.8569, loss: 0.1333
2026-04-30 09:14:52,180 - mmdet - INFO - Iter [18625/30000]	lr: 1.000e-04, eta: 4:28:28, time: 1.101, data_time: 0.012, memory: 37111, loss_mask: 0.1112, loss_texture: 0.0430, iou: 0.8575, loss: 0.1541
2026-04-30 09:15:19,892 - mmdet - INFO - Iter [18650/30000]	lr: 1.000e-04, eta: 4:27:48, time: 1.108, data_time: 0.011, memory: 37111, loss_mask: 0.0921, loss_texture: 0.0383, iou: 0.8468, loss: 0.1304
2026-04-30 09:15:47,592 - mmdet - INFO - Iter [18675/30000]	lr: 1.000e-04, eta: 4:27:08, time: 1.108, data_time: 0.011, memory: 37111, loss_mask: 0.1041, loss_texture: 0.0442, iou: 0.8736, loss: 0.1483
2026-04-30 09:16:15,110 - mmdet - INFO - Iter [18700/30000]	lr: 1.000e-04, eta: 4:26:27, time: 1.101, data_time: 0.012, memory: 37111, loss_mask: 0.1092, loss_texture: 0.0471, iou: 0.8453, loss: 0.1563
2026-04-30 09:16:42,602 - mmdet - INFO - Iter [18725/30000]	lr: 1.000e-04, eta: 4:25:47, time: 1.100, data_time: 0.011, memory: 37111, loss_mask: 0.1115, loss_texture: 0.0427, iou: 0.8536, loss: 0.1541
2026-04-30 09:17:10,138 - mmdet - INFO - Iter [18750/30000]	lr: 1.000e-04, eta: 4:25:07, time: 1.101, data_time: 0.011, memory: 37111, loss_mask: 0.1094, loss_texture: 0.0432, iou: 0.8475, loss: 0.1526
2026-04-30 09:17:37,668 - mmdet - INFO - Iter [18775/30000]	lr: 1.000e-04, eta: 4:24:27, time: 1.101, data_time: 0.012, memory: 37111, loss_mask: 0.1070, loss_texture: 0.0416, iou: 0.8414, loss: 0.1486
2026-04-30 09:18:05,172 - mmdet - INFO - Iter [18800/30000]	lr: 1.000e-04, eta: 4:23:47, time: 1.100, data_time: 0.012, memory: 37111, loss_mask: 0.1028, loss_texture: 0.0431, iou: 0.8600, loss: 0.1459
2026-04-30 09:18:32,795 - mmdet - INFO - Iter [18825/30000]	lr: 1.000e-04, eta: 4:23:07, time: 1.105, data_time: 0.011, memory: 37111, loss_mask: 0.1076, loss_texture: 0.0436, iou: 0.8284, loss: 0.1511
2026-04-30 09:19:00,565 - mmdet - INFO - Iter [18850/30000]	lr: 1.000e-04, eta: 4:22:28, time: 1.111, data_time: 0.011, memory: 37111, loss_mask: 0.1180, loss_texture: 0.0465, iou: 0.8376, loss: 0.1645
2026-04-30 09:19:28,333 - mmdet - INFO - Iter [18875/30000]	lr: 1.000e-04, eta: 4:21:48, time: 1.111, data_time: 0.012, memory: 37111, loss_mask: 0.1070, loss_texture: 0.0443, iou: 0.8516, loss: 0.1514
2026-04-30 09:19:55,904 - mmdet - INFO - Iter [18900/30000]	lr: 1.000e-04, eta: 4:21:08, time: 1.103, data_time: 0.012, memory: 37111, loss_mask: 0.0940, loss_texture: 0.0406, iou: 0.8516, loss: 0.1346
2026-04-30 09:20:23,476 - mmdet - INFO - Iter [18925/30000]	lr: 1.000e-04, eta: 4:20:28, time: 1.103, data_time: 0.011, memory: 37111, loss_mask: 0.1035, loss_texture: 0.0433, iou: 0.8293, loss: 0.1469
2026-04-30 09:20:51,019 - mmdet - INFO - Iter [18950/30000]	lr: 1.000e-04, eta: 4:19:48, time: 1.102, data_time: 0.011, memory: 37111, loss_mask: 0.0960, loss_texture: 0.0409, iou: 0.8537, loss: 0.1369
2026-04-30 09:21:18,488 - mmdet - INFO - Iter [18975/30000]	lr: 1.000e-04, eta: 4:19:09, time: 1.099, data_time: 0.012, memory: 37111, loss_mask: 0.0996, loss_texture: 0.0414, iou: 0.8381, loss: 0.1410
2026-04-30 09:21:46,582 - mmdet - INFO - 
--- Val evaluation at iter 19000 ---
2026-04-30 09:24:25,620 - mmdet - INFO - 
+------------+-------------+-------------+
| Class      | Val IoU     | Pseudo IoU  |
+------------+-------------+-------------+
| background | 92.15       | 92.68       |
| building   | 66.91       | 69.14       |
| Summary    | mIoU: 79.53 | mIoU: 80.91 |
+------------+-------------+-------------+
Images evaluated: 218
2026-04-30 09:24:28,254 - mmdet - INFO - ★ New best mIoU: 79.53% (prev: 79.49%, Δ=+0.04%) → saved to /home/ubuntu/vy/Denoiser/SegRefiner/work_dirs/exp8_all/best_model.pth
2026-04-30 09:24:28,259 - mmdet - INFO - Exp name: exp8_all.py
2026-04-30 09:24:28,259 - mmdet - INFO - Iter [19000/30000]	lr: 1.000e-04, eta: 4:18:29, time: 1.124, data_time: 0.014, memory: 37111, val/mIoU: 0.7953, val/IoU.building: 0.6691, val/IoU.background: 0.9215, val/Pseudo_mIoU: 0.8091, loss_mask: 0.1068, loss_texture: 0.0442, iou: 0.8590, loss: 0.1510
2026-04-30 09:24:55,903 - mmdet - INFO - Iter [19025/30000]	lr: 1.000e-04, eta: 4:19:23, time: 7.573, data_time: 6.478, memory: 37111, loss_mask: 0.1016, loss_texture: 0.0429, iou: 0.8629, loss: 0.1445
2026-04-30 09:25:23,495 - mmdet - INFO - Iter [19050/30000]	lr: 1.000e-04, eta: 4:18:43, time: 1.104, data_time: 0.012, memory: 37111, loss_mask: 0.1013, loss_texture: 0.0411, iou: 0.8523, loss: 0.1424
2026-04-30 09:25:51,152 - mmdet - INFO - Iter [19075/30000]	lr: 1.000e-04, eta: 4:18:03, time: 1.106, data_time: 0.012, memory: 37111, loss_mask: 0.0985, loss_texture: 0.0431, iou: 0.8752, loss: 0.1416
2026-04-30 09:26:18,965 - mmdet - INFO - Iter [19100/30000]	lr: 1.000e-04, eta: 4:17:23, time: 1.113, data_time: 0.012, memory: 37111, loss_mask: 0.1060, loss_texture: 0.0425, iou: 0.8439, loss: 0.1485
2026-04-30 09:26:46,591 - mmdet - INFO - Iter [19125/30000]	lr: 1.000e-04, eta: 4:16:43, time: 1.105, data_time: 0.011, memory: 37111, loss_mask: 0.1016, loss_texture: 0.0420, iou: 0.8572, loss: 0.1436
2026-04-30 09:27:14,362 - mmdet - INFO - Iter [19150/30000]	lr: 1.000e-04, eta: 4:16:04, time: 1.111, data_time: 0.012, memory: 37111, loss_mask: 0.1043, loss_texture: 0.0457, iou: 0.8574, loss: 0.1500
2026-04-30 09:27:42,012 - mmdet - INFO - Iter [19175/30000]	lr: 1.000e-04, eta: 4:15:24, time: 1.106, data_time: 0.012, memory: 37111, loss_mask: 0.1046, loss_texture: 0.0431, iou: 0.8395, loss: 0.1477
2026-04-30 09:28:09,610 - mmdet - INFO - Iter [19200/30000]	lr: 1.000e-04, eta: 4:14:44, time: 1.104, data_time: 0.012, memory: 37111, loss_mask: 0.0832, loss_texture: 0.0366, iou: 0.8559, loss: 0.1198
2026-04-30 09:28:37,432 - mmdet - INFO - Iter [19225/30000]	lr: 1.000e-04, eta: 4:14:04, time: 1.113, data_time: 0.012, memory: 37111, loss_mask: 0.0900, loss_texture: 0.0385, iou: 0.8672, loss: 0.1285
2026-04-30 09:29:05,110 - mmdet - INFO - Iter [19250/30000]	lr: 1.000e-04, eta: 4:13:25, time: 1.107, data_time: 0.012, memory: 37111, loss_mask: 0.1050, loss_texture: 0.0420, iou: 0.8452, loss: 0.1470
2026-04-30 09:29:32,834 - mmdet - INFO - Iter [19275/30000]	lr: 1.000e-04, eta: 4:12:45, time: 1.109, data_time: 0.012, memory: 37111, loss_mask: 0.0905, loss_texture: 0.0401, iou: 0.8578, loss: 0.1306
2026-04-30 09:30:00,369 - mmdet - INFO - Iter [19300/30000]	lr: 1.000e-04, eta: 4:12:05, time: 1.101, data_time: 0.012, memory: 37111, loss_mask: 0.1037, loss_texture: 0.0455, iou: 0.8643, loss: 0.1492
2026-04-30 09:30:27,999 - mmdet - INFO - Iter [19325/30000]	lr: 1.000e-04, eta: 4:11:26, time: 1.105, data_time: 0.012, memory: 37111, loss_mask: 0.0968, loss_texture: 0.0402, iou: 0.8498, loss: 0.1370
2026-04-30 09:30:55,738 - mmdet - INFO - Iter [19350/30000]	lr: 1.000e-04, eta: 4:10:46, time: 1.110, data_time: 0.011, memory: 37111, loss_mask: 0.0996, loss_texture: 0.0427, iou: 0.8686, loss: 0.1423
2026-04-30 09:31:23,450 - mmdet - INFO - Iter [19375/30000]	lr: 1.000e-04, eta: 4:10:07, time: 1.108, data_time: 0.012, memory: 37111, loss_mask: 0.0954, loss_texture: 0.0414, iou: 0.8597, loss: 0.1368
2026-04-30 09:31:51,089 - mmdet - INFO - Iter [19400/30000]	lr: 1.000e-04, eta: 4:09:27, time: 1.106, data_time: 0.012, memory: 37111, loss_mask: 0.0844, loss_texture: 0.0367, iou: 0.8597, loss: 0.1211
2026-04-30 09:32:18,723 - mmdet - INFO - Iter [19425/30000]	lr: 1.000e-04, eta: 4:08:48, time: 1.105, data_time: 0.012, memory: 37111, loss_mask: 0.0996, loss_texture: 0.0406, iou: 0.8459, loss: 0.1403
2026-04-30 09:32:46,924 - mmdet - INFO - Iter [19450/30000]	lr: 1.000e-04, eta: 4:08:09, time: 1.128, data_time: 0.013, memory: 37111, loss_mask: 0.0996, loss_texture: 0.0442, iou: 0.8618, loss: 0.1438
2026-04-30 09:33:14,849 - mmdet - INFO - Iter [19475/30000]	lr: 1.000e-04, eta: 4:07:29, time: 1.117, data_time: 0.011, memory: 37111, loss_mask: 0.1000, loss_texture: 0.0420, iou: 0.8315, loss: 0.1420
2026-04-30 09:33:42,552 - mmdet - INFO - 
--- Val evaluation at iter 19500 ---
2026-04-30 09:36:20,204 - mmdet - INFO - 
+------------+-------------+-------------+
| Class      | Val IoU     | Pseudo IoU  |
+------------+-------------+-------------+
| background | 91.83       | 92.68       |
| building   | 64.00       | 69.14       |
| Summary    | mIoU: 77.91 | mIoU: 80.91 |
+------------+-------------+-------------+
Images evaluated: 218
2026-04-30 09:36:21,583 - mmdet - INFO - Iter [19500/30000]	lr: 1.000e-04, eta: 4:06:50, time: 1.108, data_time: 0.012, memory: 37111, val/mIoU: 0.7791, val/IoU.building: 0.6400, val/IoU.background: 0.9183, val/Pseudo_mIoU: 0.8091, loss_mask: 0.1039, loss_texture: 0.0432, iou: 0.8503, loss: 0.1471
2026-04-30 09:36:49,173 - mmdet - INFO - Iter [19525/30000]	lr: 1.000e-04, eta: 4:07:36, time: 7.465, data_time: 6.373, memory: 37111, loss_mask: 0.1001, loss_texture: 0.0411, iou: 0.8490, loss: 0.1412
2026-04-30 09:37:16,833 - mmdet - INFO - Iter [19550/30000]	lr: 1.000e-04, eta: 4:06:56, time: 1.106, data_time: 0.012, memory: 37111, loss_mask: 0.1116, loss_texture: 0.0449, iou: 0.8253, loss: 0.1565
2026-04-30 09:37:44,452 - mmdet - INFO - Iter [19575/30000]	lr: 1.000e-04, eta: 4:06:17, time: 1.105, data_time: 0.012, memory: 37111, loss_mask: 0.1067, loss_texture: 0.0401, iou: 0.8319, loss: 0.1469
2026-04-30 09:38:12,158 - mmdet - INFO - Iter [19600/30000]	lr: 1.000e-04, eta: 4:05:37, time: 1.108, data_time: 0.012, memory: 37111, loss_mask: 0.1123, loss_texture: 0.0441, iou: 0.8488, loss: 0.1564
2026-04-30 09:38:39,897 - mmdet - INFO - Iter [19625/30000]	lr: 1.000e-04, eta: 4:04:58, time: 1.110, data_time: 0.012, memory: 37111, loss_mask: 0.0957, loss_texture: 0.0406, iou: 0.8742, loss: 0.1363
2026-04-30 09:39:07,635 - mmdet - INFO - Iter [19650/30000]	lr: 1.000e-04, eta: 4:04:18, time: 1.109, data_time: 0.012, memory: 37111, loss_mask: 0.0917, loss_texture: 0.0399, iou: 0.8656, loss: 0.1316
2026-04-30 09:39:35,251 - mmdet - INFO - Iter [19675/30000]	lr: 1.000e-04, eta: 4:03:39, time: 1.105, data_time: 0.012, memory: 37111, loss_mask: 0.0883, loss_texture: 0.0359, iou: 0.8527, loss: 0.1242
2026-04-30 09:40:02,936 - mmdet - INFO - Iter [19700/30000]	lr: 1.000e-04, eta: 4:02:59, time: 1.107, data_time: 0.012, memory: 37111, loss_mask: 0.1106, loss_texture: 0.0451, iou: 0.8517, loss: 0.1556
2026-04-30 09:40:30,686 - mmdet - INFO - Iter [19725/30000]	lr: 1.000e-04, eta: 4:02:20, time: 1.110, data_time: 0.012, memory: 37111, loss_mask: 0.1010, loss_texture: 0.0422, iou: 0.8492, loss: 0.1433
2026-04-30 09:40:58,465 - mmdet - INFO - Iter [19750/30000]	lr: 1.000e-04, eta: 4:01:41, time: 1.111, data_time: 0.012, memory: 37111, loss_mask: 0.0986, loss_texture: 0.0445, iou: 0.8600, loss: 0.1431
2026-04-30 09:41:26,195 - mmdet - INFO - Iter [19775/30000]	lr: 1.000e-04, eta: 4:01:01, time: 1.109, data_time: 0.012, memory: 37111, loss_mask: 0.0964, loss_texture: 0.0421, iou: 0.8543, loss: 0.1385
2026-04-30 09:41:54,125 - mmdet - INFO - Iter [19800/30000]	lr: 1.000e-04, eta: 4:00:22, time: 1.117, data_time: 0.012, memory: 37111, loss_mask: 0.1016, loss_texture: 0.0433, iou: 0.8371, loss: 0.1449
2026-04-30 09:42:21,862 - mmdet - INFO - Iter [19825/30000]	lr: 1.000e-04, eta: 3:59:43, time: 1.109, data_time: 0.012, memory: 37111, loss_mask: 0.1175, loss_texture: 0.0489, iou: 0.8455, loss: 0.1664
2026-04-30 09:42:49,567 - mmdet - INFO - Iter [19850/30000]	lr: 1.000e-04, eta: 3:59:04, time: 1.108, data_time: 0.012, memory: 37111, loss_mask: 0.0998, loss_texture: 0.0406, iou: 0.8639, loss: 0.1404
2026-04-30 09:43:17,275 - mmdet - INFO - Iter [19875/30000]	lr: 1.000e-04, eta: 3:58:24, time: 1.108, data_time: 0.012, memory: 37111, loss_mask: 0.0948, loss_texture: 0.0393, iou: 0.8435, loss: 0.1341
2026-04-30 09:43:45,016 - mmdet - INFO - Iter [19900/30000]	lr: 1.000e-04, eta: 3:57:45, time: 1.110, data_time: 0.012, memory: 37111, loss_mask: 0.1102, loss_texture: 0.0448, iou: 0.8475, loss: 0.1550
2026-04-30 09:44:12,782 - mmdet - INFO - Iter [19925/30000]	lr: 1.000e-04, eta: 3:57:06, time: 1.111, data_time: 0.012, memory: 37111, loss_mask: 0.1115, loss_texture: 0.0452, iou: 0.8366, loss: 0.1567
2026-04-30 09:44:40,571 - mmdet - INFO - Iter [19950/30000]	lr: 1.000e-04, eta: 3:56:27, time: 1.112, data_time: 0.012, memory: 37111, loss_mask: 0.1096, loss_texture: 0.0455, iou: 0.8350, loss: 0.1551
2026-04-30 09:45:08,203 - mmdet - INFO - Iter [19975/30000]	lr: 1.000e-04, eta: 3:55:48, time: 1.105, data_time: 0.012, memory: 37111, loss_mask: 0.1036, loss_texture: 0.0401, iou: 0.8453, loss: 0.1436
2026-04-30 09:45:36,055 - mmdet - INFO - 
--- Val evaluation at iter 20000 ---
2026-04-30 09:48:13,813 - mmdet - INFO - 
+------------+-------------+-------------+
| Class      | Val IoU     | Pseudo IoU  |
+------------+-------------+-------------+
| background | 92.09       | 92.68       |
| building   | 65.96       | 69.14       |
| Summary    | mIoU: 79.03 | mIoU: 80.91 |
+------------+-------------+-------------+
Images evaluated: 218
2026-04-30 09:48:15,180 - mmdet - INFO - Exp name: exp8_all.py
2026-04-30 09:48:15,180 - mmdet - INFO - Iter [20000/30000]	lr: 1.000e-04, eta: 3:55:09, time: 1.114, data_time: 0.012, memory: 37111, val/mIoU: 0.7903, val/IoU.building: 0.6596, val/IoU.background: 0.9209, val/Pseudo_mIoU: 0.8091, loss_mask: 0.0995, loss_texture: 0.0399, iou: 0.8481, loss: 0.1394
2026-04-30 09:48:42,933 - mmdet - INFO - Iter [20025/30000]	lr: 5.000e-05, eta: 3:55:49, time: 7.475, data_time: 6.377, memory: 37111, loss_mask: 0.1001, loss_texture: 0.0396, iou: 0.8499, loss: 0.1397
2026-04-30 09:49:10,688 - mmdet - INFO - Iter [20050/30000]	lr: 5.000e-05, eta: 3:55:10, time: 1.110, data_time: 0.012, memory: 37111, loss_mask: 0.0932, loss_texture: 0.0389, iou: 0.8615, loss: 0.1322
2026-04-30 09:49:38,483 - mmdet - INFO - Iter [20075/30000]	lr: 5.000e-05, eta: 3:54:31, time: 1.112, data_time: 0.012, memory: 37111, loss_mask: 0.1071, loss_texture: 0.0462, iou: 0.8600, loss: 0.1533
2026-04-30 09:50:06,219 - mmdet - INFO - Iter [20100/30000]	lr: 5.000e-05, eta: 3:53:51, time: 1.109, data_time: 0.012, memory: 37111, loss_mask: 0.1055, loss_texture: 0.0456, iou: 0.8487, loss: 0.1510
2026-04-30 09:50:33,819 - mmdet - INFO - Iter [20125/30000]	lr: 5.000e-05, eta: 3:53:12, time: 1.104, data_time: 0.012, memory: 37111, loss_mask: 0.0971, loss_texture: 0.0424, iou: 0.8723, loss: 0.1395
2026-04-30 09:51:01,499 - mmdet - INFO - Iter [20150/30000]	lr: 5.000e-05, eta: 3:52:33, time: 1.107, data_time: 0.012, memory: 37111, loss_mask: 0.1043, loss_texture: 0.0440, iou: 0.8539, loss: 0.1483
2026-04-30 09:51:29,198 - mmdet - INFO - Iter [20175/30000]	lr: 5.000e-05, eta: 3:51:54, time: 1.108, data_time: 0.012, memory: 37111, loss_mask: 0.0895, loss_texture: 0.0397, iou: 0.8720, loss: 0.1292
2026-04-30 09:51:56,923 - mmdet - INFO - Iter [20200/30000]	lr: 5.000e-05, eta: 3:51:15, time: 1.109, data_time: 0.012, memory: 37111, loss_mask: 0.0848, loss_texture: 0.0380, iou: 0.8436, loss: 0.1228
2026-04-30 09:52:24,695 - mmdet - INFO - Iter [20225/30000]	lr: 5.000e-05, eta: 3:50:36, time: 1.111, data_time: 0.012, memory: 37111, loss_mask: 0.1062, loss_texture: 0.0431, iou: 0.8390, loss: 0.1493
2026-04-30 09:52:52,225 - mmdet - INFO - Iter [20250/30000]	lr: 5.000e-05, eta: 3:49:56, time: 1.101, data_time: 0.012, memory: 37111, loss_mask: 0.0871, loss_texture: 0.0364, iou: 0.8520, loss: 0.1235
2026-04-30 09:53:19,889 - mmdet - INFO - Iter [20275/30000]	lr: 5.000e-05, eta: 3:49:17, time: 1.107, data_time: 0.012, memory: 37111, loss_mask: 0.1073, loss_texture: 0.0451, iou: 0.8598, loss: 0.1524
2026-04-30 09:53:47,522 - mmdet - INFO - Iter [20300/30000]	lr: 5.000e-05, eta: 3:48:38, time: 1.105, data_time: 0.012, memory: 37111, loss_mask: 0.0962, loss_texture: 0.0413, iou: 0.8690, loss: 0.1375
2026-04-30 09:54:15,139 - mmdet - INFO - Iter [20325/30000]	lr: 5.000e-05, eta: 3:47:59, time: 1.105, data_time: 0.012, memory: 37111, loss_mask: 0.1030, loss_texture: 0.0450, iou: 0.8630, loss: 0.1480
2026-04-30 09:54:42,808 - mmdet - INFO - Iter [20350/30000]	lr: 5.000e-05, eta: 3:47:20, time: 1.107, data_time: 0.012, memory: 37111, loss_mask: 0.0902, loss_texture: 0.0403, iou: 0.8548, loss: 0.1305
2026-04-30 09:55:10,475 - mmdet - INFO - Iter [20375/30000]	lr: 5.000e-05, eta: 3:46:41, time: 1.107, data_time: 0.011, memory: 37111, loss_mask: 0.0911, loss_texture: 0.0404, iou: 0.8548, loss: 0.1316
2026-04-30 09:55:38,071 - mmdet - INFO - Iter [20400/30000]	lr: 5.000e-05, eta: 3:46:02, time: 1.104, data_time: 0.012, memory: 37111, loss_mask: 0.0914, loss_texture: 0.0386, iou: 0.8550, loss: 0.1300
2026-04-30 09:56:05,724 - mmdet - INFO - Iter [20425/30000]	lr: 5.000e-05, eta: 3:45:23, time: 1.106, data_time: 0.012, memory: 37111, loss_mask: 0.0901, loss_texture: 0.0387, iou: 0.8625, loss: 0.1288
2026-04-30 09:56:33,352 - mmdet - INFO - Iter [20450/30000]	lr: 5.000e-05, eta: 3:44:44, time: 1.105, data_time: 0.012, memory: 37111, loss_mask: 0.0830, loss_texture: 0.0361, iou: 0.8673, loss: 0.1192
2026-04-30 09:57:01,185 - mmdet - INFO - Iter [20475/30000]	lr: 5.000e-05, eta: 3:44:06, time: 1.113, data_time: 0.012, memory: 37111, loss_mask: 0.0979, loss_texture: 0.0423, iou: 0.8584, loss: 0.1402
2026-04-30 09:57:28,908 - mmdet - INFO - 
--- Val evaluation at iter 20500 ---
2026-04-30 10:00:05,512 - mmdet - INFO - 
+------------+-------------+-------------+
| Class      | Val IoU     | Pseudo IoU  |
+------------+-------------+-------------+
| background | 92.29       | 92.68       |
| building   | 67.06       | 69.14       |
| Summary    | mIoU: 79.67 | mIoU: 80.91 |
+------------+-------------+-------------+
Images evaluated: 218
2026-04-30 10:00:08,295 - mmdet - INFO - ★ New best mIoU: 79.67% (prev: 79.53%, Δ=+0.14%) → saved to /home/ubuntu/vy/Denoiser/SegRefiner/work_dirs/exp8_all/best_model.pth
2026-04-30 10:00:08,300 - mmdet - INFO - Iter [20500/30000]	lr: 5.000e-05, eta: 3:43:27, time: 1.109, data_time: 0.012, memory: 37111, val/mIoU: 0.7967, val/IoU.building: 0.6706, val/IoU.background: 0.9229, val/Pseudo_mIoU: 0.8091, loss_mask: 0.1054, loss_texture: 0.0444, iou: 0.8444, loss: 0.1498
2026-04-30 10:00:36,115 - mmdet - INFO - Iter [20525/30000]	lr: 5.000e-05, eta: 3:44:02, time: 7.488, data_time: 6.389, memory: 37111, loss_mask: 0.0936, loss_texture: 0.0403, iou: 0.8620, loss: 0.1339
2026-04-30 10:01:03,921 - mmdet - INFO - Iter [20550/30000]	lr: 5.000e-05, eta: 3:43:23, time: 1.112, data_time: 0.012, memory: 37111, loss_mask: 0.1013, loss_texture: 0.0448, iou: 0.8464, loss: 0.1461
2026-04-30 10:01:31,642 - mmdet - INFO - Iter [20575/30000]	lr: 5.000e-05, eta: 3:42:44, time: 1.109, data_time: 0.012, memory: 37111, loss_mask: 0.1034, loss_texture: 0.0437, iou: 0.8661, loss: 0.1471
2026-04-30 10:01:59,515 - mmdet - INFO - Iter [20600/30000]	lr: 5.000e-05, eta: 3:42:05, time: 1.115, data_time: 0.012, memory: 37111, loss_mask: 0.1073, loss_texture: 0.0474, iou: 0.8583, loss: 0.1546
2026-04-30 10:02:27,342 - mmdet - INFO - Iter [20625/30000]	lr: 5.000e-05, eta: 3:41:26, time: 1.113, data_time: 0.012, memory: 37111, loss_mask: 0.0918, loss_texture: 0.0418, iou: 0.8431, loss: 0.1336
2026-04-30 10:02:54,996 - mmdet - INFO - Iter [20650/30000]	lr: 5.000e-05, eta: 3:40:47, time: 1.106, data_time: 0.012, memory: 37111, loss_mask: 0.0996, loss_texture: 0.0407, iou: 0.8488, loss: 0.1402
2026-04-30 10:03:22,658 - mmdet - INFO - Iter [20675/30000]	lr: 5.000e-05, eta: 3:40:08, time: 1.106, data_time: 0.012, memory: 37111, loss_mask: 0.0946, loss_texture: 0.0417, iou: 0.8676, loss: 0.1363
2026-04-30 10:03:50,352 - mmdet - INFO - Iter [20700/30000]	lr: 5.000e-05, eta: 3:39:29, time: 1.108, data_time: 0.012, memory: 37111, loss_mask: 0.0923, loss_texture: 0.0390, iou: 0.8618, loss: 0.1313
2026-04-30 10:04:18,191 - mmdet - INFO - Iter [20725/30000]	lr: 5.000e-05, eta: 3:38:50, time: 1.114, data_time: 0.012, memory: 37111, loss_mask: 0.0994, loss_texture: 0.0435, iou: 0.8545, loss: 0.1429
2026-04-30 10:04:46,117 - mmdet - INFO - Iter [20750/30000]	lr: 5.000e-05, eta: 3:38:12, time: 1.117, data_time: 0.012, memory: 37111, loss_mask: 0.1033, loss_texture: 0.0444, iou: 0.8597, loss: 0.1477
2026-04-30 10:05:13,802 - mmdet - INFO - Iter [20775/30000]	lr: 5.000e-05, eta: 3:37:33, time: 1.107, data_time: 0.012, memory: 37111, loss_mask: 0.0902, loss_texture: 0.0405, iou: 0.8536, loss: 0.1307
2026-04-30 10:05:41,434 - mmdet - INFO - Iter [20800/30000]	lr: 5.000e-05, eta: 3:36:54, time: 1.105, data_time: 0.012, memory: 37111, loss_mask: 0.0926, loss_texture: 0.0417, iou: 0.8493, loss: 0.1343
2026-04-30 10:06:09,319 - mmdet - INFO - Iter [20825/30000]	lr: 5.000e-05, eta: 3:36:15, time: 1.115, data_time: 0.012, memory: 37111, loss_mask: 0.1001, loss_texture: 0.0418, iou: 0.8514, loss: 0.1418
2026-04-30 10:06:37,144 - mmdet - INFO - Iter [20850/30000]	lr: 5.000e-05, eta: 3:35:37, time: 1.113, data_time: 0.012, memory: 37111, loss_mask: 0.0969, loss_texture: 0.0419, iou: 0.8765, loss: 0.1388
2026-04-30 10:07:04,777 - mmdet - INFO - Iter [20875/30000]	lr: 5.000e-05, eta: 3:34:58, time: 1.105, data_time: 0.012, memory: 37111, loss_mask: 0.0894, loss_texture: 0.0388, iou: 0.8552, loss: 0.1282
2026-04-30 10:07:32,375 - mmdet - INFO - Iter [20900/30000]	lr: 5.000e-05, eta: 3:34:19, time: 1.104, data_time: 0.012, memory: 37111, loss_mask: 0.0941, loss_texture: 0.0395, iou: 0.8562, loss: 0.1336
2026-04-30 10:07:59,929 - mmdet - INFO - Iter [20925/30000]	lr: 5.000e-05, eta: 3:33:41, time: 1.102, data_time: 0.012, memory: 37111, loss_mask: 0.0937, loss_texture: 0.0405, iou: 0.8567, loss: 0.1342
2026-04-30 10:08:27,476 - mmdet - INFO - Iter [20950/30000]	lr: 5.000e-05, eta: 3:33:02, time: 1.102, data_time: 0.011, memory: 37111, loss_mask: 0.1017, loss_texture: 0.0431, iou: 0.8529, loss: 0.1448
2026-04-30 10:08:55,129 - mmdet - INFO - Iter [20975/30000]	lr: 5.000e-05, eta: 3:32:23, time: 1.106, data_time: 0.012, memory: 37111, loss_mask: 0.0924, loss_texture: 0.0392, iou: 0.8519, loss: 0.1317
2026-04-30 10:09:22,785 - mmdet - INFO - 
--- Val evaluation at iter 21000 ---
2026-04-30 10:11:58,536 - mmdet - INFO - 
+------------+-------------+-------------+
| Class      | Val IoU     | Pseudo IoU  |
+------------+-------------+-------------+
| background | 92.24       | 92.68       |
| building   | 66.98       | 69.14       |
| Summary    | mIoU: 79.61 | mIoU: 80.91 |
+------------+-------------+-------------+
Images evaluated: 218
2026-04-30 10:11:59,878 - mmdet - INFO - Exp name: exp8_all.py
2026-04-30 10:11:59,879 - mmdet - INFO - Iter [21000/30000]	lr: 5.000e-05, eta: 3:31:45, time: 1.106, data_time: 0.012, memory: 37111, val/mIoU: 0.7961, val/IoU.building: 0.6698, val/IoU.background: 0.9224, val/Pseudo_mIoU: 0.8091, loss_mask: 0.0909, loss_texture: 0.0392, iou: 0.8737, loss: 0.1301
2026-04-30 10:12:27,508 - mmdet - INFO - Iter [21025/30000]	lr: 5.000e-05, eta: 3:32:13, time: 7.389, data_time: 6.297, memory: 37111, loss_mask: 0.0953, loss_texture: 0.0410, iou: 0.8529, loss: 0.1362
2026-04-30 10:12:55,043 - mmdet - INFO - Iter [21050/30000]	lr: 5.000e-05, eta: 3:31:34, time: 1.101, data_time: 0.012, memory: 37111, loss_mask: 0.1046, loss_texture: 0.0429, iou: 0.8378, loss: 0.1475
2026-04-30 10:13:22,682 - mmdet - INFO - Iter [21075/30000]	lr: 5.000e-05, eta: 3:30:56, time: 1.106, data_time: 0.012, memory: 37111, loss_mask: 0.1016, loss_texture: 0.0444, iou: 0.8685, loss: 0.1460
2026-04-30 10:13:50,149 - mmdet - INFO - Iter [21100/30000]	lr: 5.000e-05, eta: 3:30:17, time: 1.099, data_time: 0.012, memory: 37111, loss_mask: 0.0915, loss_texture: 0.0411, iou: 0.8603, loss: 0.1326
2026-04-30 10:14:17,641 - mmdet - INFO - Iter [21125/30000]	lr: 5.000e-05, eta: 3:29:38, time: 1.100, data_time: 0.012, memory: 37111, loss_mask: 0.0972, loss_texture: 0.0430, iou: 0.8656, loss: 0.1402
2026-04-30 10:14:45,173 - mmdet - INFO - Iter [21150/30000]	lr: 5.000e-05, eta: 3:28:59, time: 1.101, data_time: 0.011, memory: 37111, loss_mask: 0.1039, loss_texture: 0.0454, iou: 0.8595, loss: 0.1494
2026-04-30 10:15:12,728 - mmdet - INFO - Iter [21175/30000]	lr: 5.000e-05, eta: 3:28:21, time: 1.102, data_time: 0.011, memory: 37111, loss_mask: 0.0944, loss_texture: 0.0400, iou: 0.8524, loss: 0.1344
2026-04-30 10:15:40,499 - mmdet - INFO - Iter [21200/30000]	lr: 5.000e-05, eta: 3:27:42, time: 1.111, data_time: 0.012, memory: 37111, loss_mask: 0.1040, loss_texture: 0.0431, iou: 0.8486, loss: 0.1471
2026-04-30 10:16:08,206 - mmdet - INFO - Iter [21225/30000]	lr: 5.000e-05, eta: 3:27:03, time: 1.108, data_time: 0.012, memory: 37111, loss_mask: 0.1188, loss_texture: 0.0463, iou: 0.8416, loss: 0.1651
2026-04-30 10:16:35,820 - mmdet - INFO - Iter [21250/30000]	lr: 5.000e-05, eta: 3:26:25, time: 1.105, data_time: 0.012, memory: 37111, loss_mask: 0.0935, loss_texture: 0.0397, iou: 0.8542, loss: 0.1332
2026-04-30 10:17:03,319 - mmdet - INFO - Iter [21275/30000]	lr: 5.000e-05, eta: 3:25:46, time: 1.100, data_time: 0.012, memory: 37111, loss_mask: 0.0853, loss_texture: 0.0358, iou: 0.8451, loss: 0.1211
2026-04-30 10:17:30,893 - mmdet - INFO - Iter [21300/30000]	lr: 5.000e-05, eta: 3:25:08, time: 1.103, data_time: 0.012, memory: 37111, loss_mask: 0.1103, loss_texture: 0.0461, iou: 0.8390, loss: 0.1564
2026-04-30 10:17:58,725 - mmdet - INFO - Iter [21325/30000]	lr: 5.000e-05, eta: 3:24:29, time: 1.113, data_time: 0.012, memory: 37111, loss_mask: 0.0949, loss_texture: 0.0421, iou: 0.8663, loss: 0.1370
2026-04-30 10:18:26,227 - mmdet - INFO - Iter [21350/30000]	lr: 5.000e-05, eta: 3:23:51, time: 1.100, data_time: 0.011, memory: 37111, loss_mask: 0.0953, loss_texture: 0.0403, iou: 0.8499, loss: 0.1356
2026-04-30 10:18:53,743 - mmdet - INFO - Iter [21375/30000]	lr: 5.000e-05, eta: 3:23:12, time: 1.101, data_time: 0.012, memory: 37111, loss_mask: 0.0943, loss_texture: 0.0400, iou: 0.8620, loss: 0.1343
2026-04-30 10:19:21,394 - mmdet - INFO - Iter [21400/30000]	lr: 5.000e-05, eta: 3:22:34, time: 1.106, data_time: 0.012, memory: 37111, loss_mask: 0.1058, loss_texture: 0.0420, iou: 0.8430, loss: 0.1478
2026-04-30 10:19:48,991 - mmdet - INFO - Iter [21425/30000]	lr: 5.000e-05, eta: 3:21:55, time: 1.104, data_time: 0.012, memory: 37111, loss_mask: 0.0855, loss_texture: 0.0366, iou: 0.8667, loss: 0.1222
2026-04-30 10:20:16,637 - mmdet - INFO - Iter [21450/30000]	lr: 5.000e-05, eta: 3:21:17, time: 1.106, data_time: 0.012, memory: 37111, loss_mask: 0.1045, loss_texture: 0.0424, iou: 0.8477, loss: 0.1469
2026-04-30 10:20:44,388 - mmdet - INFO - Iter [21475/30000]	lr: 5.000e-05, eta: 3:20:39, time: 1.110, data_time: 0.012, memory: 37111, loss_mask: 0.1057, loss_texture: 0.0451, iou: 0.8428, loss: 0.1508
2026-04-30 10:21:12,052 - mmdet - INFO - 
--- Val evaluation at iter 21500 ---
2026-04-30 10:23:48,706 - mmdet - INFO - 
+------------+-------------+-------------+
| Class      | Val IoU     | Pseudo IoU  |
+------------+-------------+-------------+
| background | 92.11       | 92.68       |
| building   | 66.40       | 69.14       |
| Summary    | mIoU: 79.25 | mIoU: 80.91 |
+------------+-------------+-------------+
Images evaluated: 218
2026-04-30 10:23:50,071 - mmdet - INFO - Iter [21500/30000]	lr: 5.000e-05, eta: 3:20:00, time: 1.107, data_time: 0.012, memory: 37111, val/mIoU: 0.7925, val/IoU.building: 0.6640, val/IoU.background: 0.9211, val/Pseudo_mIoU: 0.8091, loss_mask: 0.1058, loss_texture: 0.0443, iou: 0.8584, loss: 0.1502
2026-04-30 10:24:17,647 - mmdet - INFO - Iter [21525/30000]	lr: 5.000e-05, eta: 3:20:24, time: 7.424, data_time: 6.333, memory: 37111, loss_mask: 0.0955, loss_texture: 0.0409, iou: 0.8562, loss: 0.1363
2026-04-30 10:24:45,271 - mmdet - INFO - Iter [21550/30000]	lr: 5.000e-05, eta: 3:19:46, time: 1.105, data_time: 0.012, memory: 37111, loss_mask: 0.1089, loss_texture: 0.0460, iou: 0.8449, loss: 0.1549
2026-04-30 10:25:12,909 - mmdet - INFO - Iter [21575/30000]	lr: 5.000e-05, eta: 3:19:07, time: 1.106, data_time: 0.012, memory: 37111, loss_mask: 0.0954, loss_texture: 0.0417, iou: 0.8663, loss: 0.1370
2026-04-30 10:25:40,473 - mmdet - INFO - Iter [21600/30000]	lr: 5.000e-05, eta: 3:18:29, time: 1.103, data_time: 0.012, memory: 37111, loss_mask: 0.0899, loss_texture: 0.0386, iou: 0.8569, loss: 0.1284
2026-04-30 10:26:08,216 - mmdet - INFO - Iter [21625/30000]	lr: 5.000e-05, eta: 3:17:50, time: 1.110, data_time: 0.012, memory: 37111, loss_mask: 0.0976, loss_texture: 0.0433, iou: 0.8563, loss: 0.1409
2026-04-30 10:26:35,829 - mmdet - INFO - Iter [21650/30000]	lr: 5.000e-05, eta: 3:17:12, time: 1.105, data_time: 0.011, memory: 37111, loss_mask: 0.0927, loss_texture: 0.0389, iou: 0.8478, loss: 0.1316
2026-04-30 10:27:03,569 - mmdet - INFO - Iter [21675/30000]	lr: 5.000e-05, eta: 3:16:33, time: 1.110, data_time: 0.011, memory: 37111, loss_mask: 0.1061, loss_texture: 0.0444, iou: 0.8462, loss: 0.1505
2026-04-30 10:27:31,144 - mmdet - INFO - Iter [21700/30000]	lr: 5.000e-05, eta: 3:15:55, time: 1.103, data_time: 0.012, memory: 37111, loss_mask: 0.0978, loss_texture: 0.0418, iou: 0.8516, loss: 0.1397
2026-04-30 10:27:58,655 - mmdet - INFO - Iter [21725/30000]	lr: 5.000e-05, eta: 3:15:16, time: 1.100, data_time: 0.012, memory: 37111, loss_mask: 0.0955, loss_texture: 0.0419, iou: 0.8711, loss: 0.1375
2026-04-30 10:28:26,170 - mmdet - INFO - Iter [21750/30000]	lr: 5.000e-05, eta: 3:14:38, time: 1.101, data_time: 0.012, memory: 37111, loss_mask: 0.1025, loss_texture: 0.0422, iou: 0.8544, loss: 0.1447
2026-04-30 10:28:53,794 - mmdet - INFO - Iter [21775/30000]	lr: 5.000e-05, eta: 3:14:00, time: 1.105, data_time: 0.012, memory: 37111, loss_mask: 0.1087, loss_texture: 0.0461, iou: 0.8659, loss: 0.1547
2026-04-30 10:29:21,339 - mmdet - INFO - Iter [21800/30000]	lr: 5.000e-05, eta: 3:13:21, time: 1.102, data_time: 0.012, memory: 37111, loss_mask: 0.0973, loss_texture: 0.0418, iou: 0.8582, loss: 0.1391
2026-04-30 10:29:48,880 - mmdet - INFO - Iter [21825/30000]	lr: 5.000e-05, eta: 3:12:43, time: 1.102, data_time: 0.012, memory: 37111, loss_mask: 0.1005, loss_texture: 0.0420, iou: 0.8366, loss: 0.1424
2026-04-30 10:30:16,335 - mmdet - INFO - Iter [21850/30000]	lr: 5.000e-05, eta: 3:12:05, time: 1.098, data_time: 0.012, memory: 37111, loss_mask: 0.0990, loss_texture: 0.0428, iou: 0.8559, loss: 0.1418
2026-04-30 10:30:43,853 - mmdet - INFO - Iter [21875/30000]	lr: 5.000e-05, eta: 3:11:27, time: 1.101, data_time: 0.012, memory: 37111, loss_mask: 0.0854, loss_texture: 0.0377, iou: 0.8583, loss: 0.1230
2026-04-30 10:31:11,620 - mmdet - INFO - Iter [21900/30000]	lr: 5.000e-05, eta: 3:10:48, time: 1.111, data_time: 0.012, memory: 37111, loss_mask: 0.0946, loss_texture: 0.0394, iou: 0.8661, loss: 0.1340
2026-04-30 10:31:39,263 - mmdet - INFO - Iter [21925/30000]	lr: 5.000e-05, eta: 3:10:10, time: 1.106, data_time: 0.012, memory: 37111, loss_mask: 0.1022, loss_texture: 0.0439, iou: 0.8538, loss: 0.1462
2026-04-30 10:32:06,950 - mmdet - INFO - Iter [21950/30000]	lr: 5.000e-05, eta: 3:09:32, time: 1.107, data_time: 0.012, memory: 37111, loss_mask: 0.0964, loss_texture: 0.0410, iou: 0.8453, loss: 0.1375
2026-04-30 10:32:34,616 - mmdet - INFO - Iter [21975/30000]	lr: 5.000e-05, eta: 3:08:54, time: 1.107, data_time: 0.011, memory: 37111, loss_mask: 0.0878, loss_texture: 0.0394, iou: 0.8683, loss: 0.1272
2026-04-30 10:33:02,453 - mmdet - INFO - 
--- Val evaluation at iter 22000 ---
2026-04-30 10:35:37,552 - mmdet - INFO - 
+------------+-------------+-------------+
| Class      | Val IoU     | Pseudo IoU  |
+------------+-------------+-------------+
| background | 92.31       | 92.68       |
| building   | 67.05       | 69.14       |
| Summary    | mIoU: 79.68 | mIoU: 80.91 |
+------------+-------------+-------------+
Images evaluated: 218
2026-04-30 10:35:40,312 - mmdet - INFO - ★ New best mIoU: 79.68% (prev: 79.67%, Δ=+0.01%) → saved to /home/ubuntu/vy/Denoiser/SegRefiner/work_dirs/exp8_all/best_model.pth
2026-04-30 10:35:40,317 - mmdet - INFO - Exp name: exp8_all.py
2026-04-30 10:35:40,317 - mmdet - INFO - Iter [22000/30000]	lr: 5.000e-05, eta: 3:08:16, time: 1.114, data_time: 0.012, memory: 37111, val/mIoU: 0.7968, val/IoU.building: 0.6705, val/IoU.background: 0.9231, val/Pseudo_mIoU: 0.8091, loss_mask: 0.0986, loss_texture: 0.0436, iou: 0.8640, loss: 0.1422
2026-04-30 10:36:08,026 - mmdet - INFO - Iter [22025/30000]	lr: 5.000e-05, eta: 3:08:35, time: 7.423, data_time: 6.327, memory: 37111, loss_mask: 0.1068, loss_texture: 0.0466, iou: 0.8564, loss: 0.1534
2026-04-30 10:36:35,562 - mmdet - INFO - Iter [22050/30000]	lr: 5.000e-05, eta: 3:07:57, time: 1.101, data_time: 0.011, memory: 37111, loss_mask: 0.0975, loss_texture: 0.0419, iou: 0.8581, loss: 0.1394
2026-04-30 10:37:03,131 - mmdet - INFO - Iter [22075/30000]	lr: 5.000e-05, eta: 3:07:18, time: 1.103, data_time: 0.012, memory: 37111, loss_mask: 0.0958, loss_texture: 0.0408, iou: 0.8364, loss: 0.1366
2026-04-30 10:37:30,727 - mmdet - INFO - Iter [22100/30000]	lr: 5.000e-05, eta: 3:06:40, time: 1.104, data_time: 0.012, memory: 37111, loss_mask: 0.0855, loss_texture: 0.0368, iou: 0.8454, loss: 0.1222
2026-04-30 10:37:58,341 - mmdet - INFO - Iter [22125/30000]	lr: 5.000e-05, eta: 3:06:02, time: 1.105, data_time: 0.012, memory: 37111, loss_mask: 0.0914, loss_texture: 0.0407, iou: 0.8702, loss: 0.1321
2026-04-30 10:38:25,819 - mmdet - INFO - Iter [22150/30000]	lr: 5.000e-05, eta: 3:05:24, time: 1.099, data_time: 0.012, memory: 37111, loss_mask: 0.0922, loss_texture: 0.0404, iou: 0.8643, loss: 0.1326
2026-04-30 10:38:53,237 - mmdet - INFO - Iter [22175/30000]	lr: 5.000e-05, eta: 3:04:45, time: 1.097, data_time: 0.011, memory: 37111, loss_mask: 0.0916, loss_texture: 0.0414, iou: 0.8625, loss: 0.1329
2026-04-30 10:39:20,786 - mmdet - INFO - Iter [22200/30000]	lr: 5.000e-05, eta: 3:04:07, time: 1.102, data_time: 0.012, memory: 37111, loss_mask: 0.0944, loss_texture: 0.0402, iou: 0.8493, loss: 0.1346
2026-04-30 10:39:48,461 - mmdet - INFO - Iter [22225/30000]	lr: 5.000e-05, eta: 3:03:29, time: 1.107, data_time: 0.012, memory: 37111, loss_mask: 0.1045, loss_texture: 0.0438, iou: 0.8439, loss: 0.1482
2026-04-30 10:40:16,255 - mmdet - INFO - Iter [22250/30000]	lr: 5.000e-05, eta: 3:02:51, time: 1.112, data_time: 0.011, memory: 37111, loss_mask: 0.1003, loss_texture: 0.0436, iou: 0.8556, loss: 0.1440
2026-04-30 10:40:43,915 - mmdet - INFO - Iter [22275/30000]	lr: 5.000e-05, eta: 3:02:13, time: 1.106, data_time: 0.011, memory: 37111, loss_mask: 0.1012, loss_texture: 0.0420, iou: 0.8557, loss: 0.1432
2026-04-30 10:41:11,462 - mmdet - INFO - Iter [22300/30000]	lr: 5.000e-05, eta: 3:01:35, time: 1.102, data_time: 0.012, memory: 37111, loss_mask: 0.0995, loss_texture: 0.0399, iou: 0.8529, loss: 0.1394
2026-04-30 10:41:39,083 - mmdet - INFO - Iter [22325/30000]	lr: 5.000e-05, eta: 3:00:57, time: 1.105, data_time: 0.012, memory: 37111, loss_mask: 0.0933, loss_texture: 0.0397, iou: 0.8557, loss: 0.1330
2026-04-30 10:42:06,733 - mmdet - INFO - Iter [22350/30000]	lr: 5.000e-05, eta: 3:00:19, time: 1.106, data_time: 0.011, memory: 37111, loss_mask: 0.0927, loss_texture: 0.0406, iou: 0.8617, loss: 0.1333
2026-04-30 10:42:34,231 - mmdet - INFO - Iter [22375/30000]	lr: 5.000e-05, eta: 2:59:41, time: 1.100, data_time: 0.011, memory: 37111, loss_mask: 0.1086, loss_texture: 0.0427, iou: 0.8563, loss: 0.1513
2026-04-30 10:43:01,693 - mmdet - INFO - Iter [22400/30000]	lr: 5.000e-05, eta: 2:59:03, time: 1.098, data_time: 0.012, memory: 37111, loss_mask: 0.0822, loss_texture: 0.0356, iou: 0.8695, loss: 0.1178
2026-04-30 10:43:29,312 - mmdet - INFO - Iter [22425/30000]	lr: 5.000e-05, eta: 2:58:25, time: 1.105, data_time: 0.012, memory: 37111, loss_mask: 0.1024, loss_texture: 0.0440, iou: 0.8514, loss: 0.1464
2026-04-30 10:43:56,800 - mmdet - INFO - Iter [22450/30000]	lr: 5.000e-05, eta: 2:57:47, time: 1.100, data_time: 0.011, memory: 37111, loss_mask: 0.0923, loss_texture: 0.0397, iou: 0.8485, loss: 0.1320
2026-04-30 10:44:24,359 - mmdet - INFO - Iter [22475/30000]	lr: 5.000e-05, eta: 2:57:09, time: 1.102, data_time: 0.011, memory: 37111, loss_mask: 0.0999, loss_texture: 0.0437, iou: 0.8604, loss: 0.1436
2026-04-30 10:44:51,857 - mmdet - INFO - 
--- Val evaluation at iter 22500 ---
2026-04-30 10:47:27,856 - mmdet - INFO - 
+------------+-------------+-------------+
| Class      | Val IoU     | Pseudo IoU  |
+------------+-------------+-------------+
| background | 92.18       | 92.68       |
| building   | 66.65       | 69.14       |
| Summary    | mIoU: 79.41 | mIoU: 80.91 |
+------------+-------------+-------------+
Images evaluated: 218
2026-04-30 10:47:29,233 - mmdet - INFO - Iter [22500/30000]	lr: 5.000e-05, eta: 2:56:31, time: 1.100, data_time: 0.012, memory: 37111, val/mIoU: 0.7941, val/IoU.building: 0.6665, val/IoU.background: 0.9218, val/Pseudo_mIoU: 0.8091, loss_mask: 0.0987, loss_texture: 0.0399, iou: 0.8600, loss: 0.1386
2026-04-30 10:47:56,655 - mmdet - INFO - Iter [22525/30000]	lr: 5.000e-05, eta: 2:56:45, time: 7.392, data_time: 6.307, memory: 37111, loss_mask: 0.0873, loss_texture: 0.0382, iou: 0.8600, loss: 0.1255
2026-04-30 10:48:24,089 - mmdet - INFO - Iter [22550/30000]	lr: 5.000e-05, eta: 2:56:07, time: 1.097, data_time: 0.012, memory: 37111, loss_mask: 0.0891, loss_texture: 0.0378, iou: 0.8550, loss: 0.1268
2026-04-30 10:48:51,629 - mmdet - INFO - Iter [22575/30000]	lr: 5.000e-05, eta: 2:55:29, time: 1.102, data_time: 0.011, memory: 37111, loss_mask: 0.1062, loss_texture: 0.0456, iou: 0.8526, loss: 0.1518
2026-04-30 10:49:19,315 - mmdet - INFO - Iter [22600/30000]	lr: 5.000e-05, eta: 2:54:51, time: 1.107, data_time: 0.012, memory: 37111, loss_mask: 0.0858, loss_texture: 0.0391, iou: 0.8670, loss: 0.1249
2026-04-30 10:49:46,981 - mmdet - INFO - Iter [22625/30000]	lr: 5.000e-05, eta: 2:54:13, time: 1.107, data_time: 0.012, memory: 37111, loss_mask: 0.0996, loss_texture: 0.0435, iou: 0.8731, loss: 0.1430
2026-04-30 10:50:14,388 - mmdet - INFO - Iter [22650/30000]	lr: 5.000e-05, eta: 2:53:35, time: 1.096, data_time: 0.011, memory: 37111, loss_mask: 0.0959, loss_texture: 0.0425, iou: 0.8458, loss: 0.1384
2026-04-30 10:50:41,978 - mmdet - INFO - Iter [22675/30000]	lr: 5.000e-05, eta: 2:52:57, time: 1.104, data_time: 0.011, memory: 37111, loss_mask: 0.0958, loss_texture: 0.0419, iou: 0.8536, loss: 0.1377
2026-04-30 10:51:09,525 - mmdet - INFO - Iter [22700/30000]	lr: 5.000e-05, eta: 2:52:19, time: 1.102, data_time: 0.012, memory: 37111, loss_mask: 0.0896, loss_texture: 0.0385, iou: 0.8595, loss: 0.1281
2026-04-30 10:51:37,171 - mmdet - INFO - Iter [22725/30000]	lr: 5.000e-05, eta: 2:51:41, time: 1.106, data_time: 0.012, memory: 37111, loss_mask: 0.0893, loss_texture: 0.0392, iou: 0.8639, loss: 0.1285
2026-04-30 10:52:04,876 - mmdet - INFO - Iter [22750/30000]	lr: 5.000e-05, eta: 2:51:03, time: 1.108, data_time: 0.012, memory: 37111, loss_mask: 0.1086, loss_texture: 0.0454, iou: 0.8433, loss: 0.1539
2026-04-30 10:52:32,484 - mmdet - INFO - Iter [22775/30000]	lr: 5.000e-05, eta: 2:50:26, time: 1.104, data_time: 0.011, memory: 37111, loss_mask: 0.1060, loss_texture: 0.0439, iou: 0.8404, loss: 0.1500
2026-04-30 10:53:00,032 - mmdet - INFO - Iter [22800/30000]	lr: 5.000e-05, eta: 2:49:48, time: 1.102, data_time: 0.012, memory: 37111, loss_mask: 0.0943, loss_texture: 0.0418, iou: 0.8605, loss: 0.1361
2026-04-30 10:53:27,627 - mmdet - INFO - Iter [22825/30000]	lr: 5.000e-05, eta: 2:49:10, time: 1.104, data_time: 0.012, memory: 37111, loss_mask: 0.1116, loss_texture: 0.0459, iou: 0.8323, loss: 0.1576
2026-04-30 10:53:55,180 - mmdet - INFO - Iter [22850/30000]	lr: 5.000e-05, eta: 2:48:32, time: 1.102, data_time: 0.011, memory: 37111, loss_mask: 0.0924, loss_texture: 0.0413, iou: 0.8710, loss: 0.1337
2026-04-30 10:54:22,596 - mmdet - INFO - Iter [22875/30000]	lr: 5.000e-05, eta: 2:47:54, time: 1.097, data_time: 0.011, memory: 37111, loss_mask: 0.0857, loss_texture: 0.0369, iou: 0.8574, loss: 0.1226
2026-04-30 10:54:50,197 - mmdet - INFO - Iter [22900/30000]	lr: 5.000e-05, eta: 2:47:17, time: 1.104, data_time: 0.012, memory: 37111, loss_mask: 0.0998, loss_texture: 0.0428, iou: 0.8569, loss: 0.1427
2026-04-30 10:55:17,834 - mmdet - INFO - Iter [22925/30000]	lr: 5.000e-05, eta: 2:46:39, time: 1.105, data_time: 0.012, memory: 37111, loss_mask: 0.0895, loss_texture: 0.0396, iou: 0.8499, loss: 0.1291
2026-04-30 10:55:45,561 - mmdet - INFO - Iter [22950/30000]	lr: 5.000e-05, eta: 2:46:01, time: 1.109, data_time: 0.011, memory: 37111, loss_mask: 0.1046, loss_texture: 0.0444, iou: 0.8668, loss: 0.1490
2026-04-30 10:56:13,244 - mmdet - INFO - Iter [22975/30000]	lr: 5.000e-05, eta: 2:45:23, time: 1.107, data_time: 0.011, memory: 37111, loss_mask: 0.0950, loss_texture: 0.0401, iou: 0.8636, loss: 0.1351
2026-04-30 10:56:40,805 - mmdet - INFO - 
--- Val evaluation at iter 23000 ---
2026-04-30 10:59:16,634 - mmdet - INFO - 
+------------+-------------+-------------+
| Class      | Val IoU     | Pseudo IoU  |
+------------+-------------+-------------+
| background | 92.26       | 92.68       |
| building   | 66.94       | 69.14       |
| Summary    | mIoU: 79.60 | mIoU: 80.91 |
+------------+-------------+-------------+
Images evaluated: 218
2026-04-30 10:59:17,974 - mmdet - INFO - Exp name: exp8_all.py
2026-04-30 10:59:17,974 - mmdet - INFO - Iter [23000/30000]	lr: 5.000e-05, eta: 2:44:46, time: 1.102, data_time: 0.012, memory: 37111, val/mIoU: 0.7960, val/IoU.building: 0.6694, val/IoU.background: 0.9226, val/Pseudo_mIoU: 0.8091, loss_mask: 0.0991, loss_texture: 0.0422, iou: 0.8420, loss: 0.1413
2026-04-30 10:59:45,639 - mmdet - INFO - Iter [23025/30000]	lr: 5.000e-05, eta: 2:44:56, time: 7.393, data_time: 6.299, memory: 37111, loss_mask: 0.0917, loss_texture: 0.0406, iou: 0.8487, loss: 0.1323
2026-04-30 11:00:13,194 - mmdet - INFO - Iter [23050/30000]	lr: 5.000e-05, eta: 2:44:18, time: 1.102, data_time: 0.011, memory: 37111, loss_mask: 0.0896, loss_texture: 0.0383, iou: 0.8582, loss: 0.1279
2026-04-30 11:00:40,783 - mmdet - INFO - Iter [23075/30000]	lr: 5.000e-05, eta: 2:43:40, time: 1.104, data_time: 0.011, memory: 37111, loss_mask: 0.0855, loss_texture: 0.0385, iou: 0.8514, loss: 0.1240
2026-04-30 11:01:08,595 - mmdet - INFO - Iter [23100/30000]	lr: 5.000e-05, eta: 2:43:02, time: 1.112, data_time: 0.012, memory: 37111, loss_mask: 0.1071, loss_texture: 0.0472, iou: 0.8462, loss: 0.1543
2026-04-30 11:01:36,202 - mmdet - INFO - Iter [23125/30000]	lr: 5.000e-05, eta: 2:42:25, time: 1.104, data_time: 0.012, memory: 37111, loss_mask: 0.0821, loss_texture: 0.0370, iou: 0.8764, loss: 0.1191
2026-04-30 11:02:03,790 - mmdet - INFO - Iter [23150/30000]	lr: 5.000e-05, eta: 2:41:47, time: 1.104, data_time: 0.011, memory: 37111, loss_mask: 0.1044, loss_texture: 0.0446, iou: 0.8604, loss: 0.1490
2026-04-30 11:02:31,410 - mmdet - INFO - Iter [23175/30000]	lr: 5.000e-05, eta: 2:41:09, time: 1.105, data_time: 0.012, memory: 37111, loss_mask: 0.1066, loss_texture: 0.0425, iou: 0.8649, loss: 0.1491
2026-04-30 11:02:59,086 - mmdet - INFO - Iter [23200/30000]	lr: 5.000e-05, eta: 2:40:31, time: 1.107, data_time: 0.012, memory: 37111, loss_mask: 0.1007, loss_texture: 0.0421, iou: 0.8477, loss: 0.1427
2026-04-30 11:03:26,579 - mmdet - INFO - Iter [23225/30000]	lr: 5.000e-05, eta: 2:39:54, time: 1.100, data_time: 0.012, memory: 37111, loss_mask: 0.0950, loss_texture: 0.0404, iou: 0.8576, loss: 0.1355
2026-04-30 11:03:54,057 - mmdet - INFO - Iter [23250/30000]	lr: 5.000e-05, eta: 2:39:16, time: 1.099, data_time: 0.012, memory: 37111, loss_mask: 0.0932, loss_texture: 0.0395, iou: 0.8525, loss: 0.1327
2026-04-30 11:04:21,715 - mmdet - INFO - Iter [23275/30000]	lr: 5.000e-05, eta: 2:38:38, time: 1.106, data_time: 0.011, memory: 37111, loss_mask: 0.0933, loss_texture: 0.0426, iou: 0.8722, loss: 0.1359
2026-04-30 11:04:49,251 - mmdet - INFO - Iter [23300/30000]	lr: 5.000e-05, eta: 2:38:01, time: 1.101, data_time: 0.012, memory: 37111, loss_mask: 0.0994, loss_texture: 0.0425, iou: 0.8512, loss: 0.1419
2026-04-30 11:05:16,881 - mmdet - INFO - Iter [23325/30000]	lr: 5.000e-05, eta: 2:37:23, time: 1.105, data_time: 0.012, memory: 37111, loss_mask: 0.1077, loss_texture: 0.0462, iou: 0.8674, loss: 0.1539
2026-04-30 11:05:44,533 - mmdet - INFO - Iter [23350/30000]	lr: 5.000e-05, eta: 2:36:46, time: 1.106, data_time: 0.011, memory: 37111, loss_mask: 0.0971, loss_texture: 0.0426, iou: 0.8696, loss: 0.1396
2026-04-30 11:06:12,186 - mmdet - INFO - Iter [23375/30000]	lr: 5.000e-05, eta: 2:36:08, time: 1.106, data_time: 0.011, memory: 37111, loss_mask: 0.0839, loss_texture: 0.0379, iou: 0.8602, loss: 0.1218
2026-04-30 11:06:39,661 - mmdet - INFO - Iter [23400/30000]	lr: 5.000e-05, eta: 2:35:30, time: 1.099, data_time: 0.012, memory: 37111, loss_mask: 0.0929, loss_texture: 0.0402, iou: 0.8595, loss: 0.1331
2026-04-30 11:07:07,171 - mmdet - INFO - Iter [23425/30000]	lr: 5.000e-05, eta: 2:34:53, time: 1.100, data_time: 0.012, memory: 37111, loss_mask: 0.0951, loss_texture: 0.0427, iou: 0.8592, loss: 0.1378
2026-04-30 11:07:34,767 - mmdet - INFO - Iter [23450/30000]	lr: 5.000e-05, eta: 2:34:15, time: 1.104, data_time: 0.011, memory: 37111, loss_mask: 0.0925, loss_texture: 0.0382, iou: 0.8477, loss: 0.1306
2026-04-30 11:08:02,496 - mmdet - INFO - Iter [23475/30000]	lr: 5.000e-05, eta: 2:33:38, time: 1.109, data_time: 0.011, memory: 37111, loss_mask: 0.0984, loss_texture: 0.0401, iou: 0.8476, loss: 0.1385
2026-04-30 11:08:30,132 - mmdet - INFO - 
--- Val evaluation at iter 23500 ---
2026-04-30 11:11:07,187 - mmdet - INFO - 
+------------+-------------+-------------+
| Class      | Val IoU     | Pseudo IoU  |
+------------+-------------+-------------+
| background | 91.86       | 92.68       |
| building   | 64.35       | 69.14       |
| Summary    | mIoU: 78.10 | mIoU: 80.91 |
+------------+-------------+-------------+
Images evaluated: 218
2026-04-30 11:11:08,549 - mmdet - INFO - Iter [23500/30000]	lr: 5.000e-05, eta: 2:33:01, time: 1.105, data_time: 0.012, memory: 37111, val/mIoU: 0.7810, val/IoU.building: 0.6435, val/IoU.background: 0.9186, val/Pseudo_mIoU: 0.8091, loss_mask: 0.0996, loss_texture: 0.0427, iou: 0.8635, loss: 0.1422
2026-04-30 11:11:36,326 - mmdet - INFO - Iter [23525/30000]	lr: 5.000e-05, eta: 2:33:07, time: 7.448, data_time: 6.349, memory: 37111, loss_mask: 0.0975, loss_texture: 0.0414, iou: 0.8546, loss: 0.1389
2026-04-30 11:12:03,781 - mmdet - INFO - Iter [23550/30000]	lr: 5.000e-05, eta: 2:32:29, time: 1.098, data_time: 0.012, memory: 37111, loss_mask: 0.0892, loss_texture: 0.0380, iou: 0.8589, loss: 0.1272
2026-04-30 11:12:31,327 - mmdet - INFO - Iter [23575/30000]	lr: 5.000e-05, eta: 2:31:51, time: 1.102, data_time: 0.012, memory: 37111, loss_mask: 0.0984, loss_texture: 0.0439, iou: 0.8409, loss: 0.1423
2026-04-30 11:12:58,938 - mmdet - INFO - Iter [23600/30000]	lr: 5.000e-05, eta: 2:31:14, time: 1.104, data_time: 0.012, memory: 37111, loss_mask: 0.0987, loss_texture: 0.0437, iou: 0.8604, loss: 0.1424
2026-04-30 11:13:26,398 - mmdet - INFO - Iter [23625/30000]	lr: 5.000e-05, eta: 2:30:36, time: 1.098, data_time: 0.011, memory: 37111, loss_mask: 0.0934, loss_texture: 0.0396, iou: 0.8775, loss: 0.1330
2026-04-30 11:13:53,830 - mmdet - INFO - Iter [23650/30000]	lr: 5.000e-05, eta: 2:29:59, time: 1.097, data_time: 0.011, memory: 37111, loss_mask: 0.1024, loss_texture: 0.0437, iou: 0.8544, loss: 0.1461
2026-04-30 11:14:21,549 - mmdet - INFO - Iter [23675/30000]	lr: 5.000e-05, eta: 2:29:21, time: 1.109, data_time: 0.011, memory: 37111, loss_mask: 0.0921, loss_texture: 0.0408, iou: 0.8642, loss: 0.1330
2026-04-30 11:14:49,319 - mmdet - INFO - Iter [23700/30000]	lr: 5.000e-05, eta: 2:28:44, time: 1.111, data_time: 0.012, memory: 37111, loss_mask: 0.0928, loss_texture: 0.0411, iou: 0.8591, loss: 0.1339
2026-04-30 11:15:16,990 - mmdet - INFO - Iter [23725/30000]	lr: 5.000e-05, eta: 2:28:06, time: 1.107, data_time: 0.012, memory: 37111, loss_mask: 0.0927, loss_texture: 0.0412, iou: 0.8600, loss: 0.1338
2026-04-30 11:15:44,512 - mmdet - INFO - Iter [23750/30000]	lr: 5.000e-05, eta: 2:27:29, time: 1.101, data_time: 0.011, memory: 37111, loss_mask: 0.0859, loss_texture: 0.0376, iou: 0.8703, loss: 0.1235
2026-04-30 11:16:12,108 - mmdet - INFO - Iter [23775/30000]	lr: 5.000e-05, eta: 2:26:51, time: 1.104, data_time: 0.011, memory: 37111, loss_mask: 0.0975, loss_texture: 0.0419, iou: 0.8597, loss: 0.1394
2026-04-30 11:16:39,712 - mmdet - INFO - Iter [23800/30000]	lr: 5.000e-05, eta: 2:26:14, time: 1.104, data_time: 0.012, memory: 37111, loss_mask: 0.1084, loss_texture: 0.0457, iou: 0.8381, loss: 0.1541
2026-04-30 11:17:07,351 - mmdet - INFO - Iter [23825/30000]	lr: 5.000e-05, eta: 2:25:37, time: 1.106, data_time: 0.012, memory: 37111, loss_mask: 0.0955, loss_texture: 0.0422, iou: 0.8532, loss: 0.1377
2026-04-30 11:17:35,031 - mmdet - INFO - Iter [23850/30000]	lr: 5.000e-05, eta: 2:24:59, time: 1.107, data_time: 0.011, memory: 37111, loss_mask: 0.1041, loss_texture: 0.0448, iou: 0.8500, loss: 0.1488
2026-04-30 11:18:02,691 - mmdet - INFO - Iter [23875/30000]	lr: 5.000e-05, eta: 2:24:22, time: 1.106, data_time: 0.011, memory: 37111, loss_mask: 0.0975, loss_texture: 0.0426, iou: 0.8569, loss: 0.1401
2026-04-30 11:18:30,218 - mmdet - INFO - Iter [23900/30000]	lr: 5.000e-05, eta: 2:23:44, time: 1.101, data_time: 0.012, memory: 37111, loss_mask: 0.0884, loss_texture: 0.0395, iou: 0.8704, loss: 0.1279
2026-04-30 11:18:57,769 - mmdet - INFO - Iter [23925/30000]	lr: 5.000e-05, eta: 2:23:07, time: 1.102, data_time: 0.012, memory: 37111, loss_mask: 0.0902, loss_texture: 0.0408, iou: 0.8607, loss: 0.1310
2026-04-30 11:19:25,354 - mmdet - INFO - Iter [23950/30000]	lr: 5.000e-05, eta: 2:22:30, time: 1.103, data_time: 0.011, memory: 37111, loss_mask: 0.1027, loss_texture: 0.0440, iou: 0.8464, loss: 0.1468
2026-04-30 11:19:53,076 - mmdet - INFO - Iter [23975/30000]	lr: 5.000e-05, eta: 2:21:53, time: 1.109, data_time: 0.011, memory: 37111, loss_mask: 0.0873, loss_texture: 0.0401, iou: 0.8661, loss: 0.1273
2026-04-30 11:20:20,721 - mmdet - INFO - 
--- Val evaluation at iter 24000 ---
2026-04-30 11:22:55,988 - mmdet - INFO - 
+------------+-------------+-------------+
| Class      | Val IoU     | Pseudo IoU  |
+------------+-------------+-------------+
| background | 92.22       | 92.68       |
| building   | 66.88       | 69.14       |
| Summary    | mIoU: 79.55 | mIoU: 80.91 |
+------------+-------------+-------------+
Images evaluated: 218
2026-04-30 11:22:57,348 - mmdet - INFO - Exp name: exp8_all.py
2026-04-30 11:22:57,348 - mmdet - INFO - Iter [24000/30000]	lr: 5.000e-05, eta: 2:21:15, time: 1.106, data_time: 0.012, memory: 37111, val/mIoU: 0.7955, val/IoU.building: 0.6688, val/IoU.background: 0.9222, val/Pseudo_mIoU: 0.8091, loss_mask: 0.0846, loss_texture: 0.0358, iou: 0.8498, loss: 0.1204
2026-04-30 11:23:24,786 - mmdet - INFO - Iter [24025/30000]	lr: 5.000e-05, eta: 2:21:17, time: 7.363, data_time: 6.277, memory: 37111, loss_mask: 0.0951, loss_texture: 0.0434, iou: 0.8736, loss: 0.1385
2026-04-30 11:23:52,232 - mmdet - INFO - Iter [24050/30000]	lr: 5.000e-05, eta: 2:20:40, time: 1.098, data_time: 0.012, memory: 37111, loss_mask: 0.0941, loss_texture: 0.0405, iou: 0.8516, loss: 0.1346
2026-04-30 11:24:19,800 - mmdet - INFO - Iter [24075/30000]	lr: 5.000e-05, eta: 2:20:02, time: 1.103, data_time: 0.012, memory: 37111, loss_mask: 0.1064, loss_texture: 0.0443, iou: 0.8391, loss: 0.1507
2026-04-30 11:24:47,302 - mmdet - INFO - Iter [24100/30000]	lr: 5.000e-05, eta: 2:19:25, time: 1.100, data_time: 0.012, memory: 37111, loss_mask: 0.0963, loss_texture: 0.0424, iou: 0.8481, loss: 0.1387
2026-04-30 11:25:14,742 - mmdet - INFO - Iter [24125/30000]	lr: 5.000e-05, eta: 2:18:47, time: 1.098, data_time: 0.012, memory: 37111, loss_mask: 0.1057, loss_texture: 0.0429, iou: 0.8618, loss: 0.1486
2026-04-30 11:25:42,311 - mmdet - INFO - Iter [24150/30000]	lr: 5.000e-05, eta: 2:18:10, time: 1.103, data_time: 0.012, memory: 37111, loss_mask: 0.0900, loss_texture: 0.0382, iou: 0.8665, loss: 0.1282
2026-04-30 11:26:10,017 - mmdet - INFO - Iter [24175/30000]	lr: 5.000e-05, eta: 2:17:33, time: 1.108, data_time: 0.011, memory: 37111, loss_mask: 0.0893, loss_texture: 0.0398, iou: 0.8564, loss: 0.1292
2026-04-30 11:26:37,517 - mmdet - INFO - Iter [24200/30000]	lr: 5.000e-05, eta: 2:16:55, time: 1.100, data_time: 0.012, memory: 37111, loss_mask: 0.0915, loss_texture: 0.0382, iou: 0.8541, loss: 0.1297
2026-04-30 11:27:05,005 - mmdet - INFO - Iter [24225/30000]	lr: 5.000e-05, eta: 2:16:18, time: 1.100, data_time: 0.012, memory: 37111, loss_mask: 0.0896, loss_texture: 0.0390, iou: 0.8562, loss: 0.1286
2026-04-30 11:27:32,544 - mmdet - INFO - Iter [24250/30000]	lr: 5.000e-05, eta: 2:15:41, time: 1.102, data_time: 0.011, memory: 37111, loss_mask: 0.1015, loss_texture: 0.0449, iou: 0.8610, loss: 0.1464
2026-04-30 11:28:00,088 - mmdet - INFO - Iter [24275/30000]	lr: 5.000e-05, eta: 2:15:04, time: 1.102, data_time: 0.011, memory: 37111, loss_mask: 0.0929, loss_texture: 0.0417, iou: 0.8473, loss: 0.1347
2026-04-30 11:28:27,663 - mmdet - INFO - Iter [24300/30000]	lr: 5.000e-05, eta: 2:14:26, time: 1.103, data_time: 0.012, memory: 37111, loss_mask: 0.0928, loss_texture: 0.0410, iou: 0.8459, loss: 0.1338
2026-04-30 11:28:55,176 - mmdet - INFO - Iter [24325/30000]	lr: 5.000e-05, eta: 2:13:49, time: 1.101, data_time: 0.012, memory: 37111, loss_mask: 0.0966, loss_texture: 0.0425, iou: 0.8646, loss: 0.1390
2026-04-30 11:29:22,682 - mmdet - INFO - Iter [24350/30000]	lr: 5.000e-05, eta: 2:13:12, time: 1.100, data_time: 0.011, memory: 37111, loss_mask: 0.0903, loss_texture: 0.0386, iou: 0.8532, loss: 0.1288
2026-04-30 11:29:50,421 - mmdet - INFO - Iter [24375/30000]	lr: 5.000e-05, eta: 2:12:35, time: 1.110, data_time: 0.011, memory: 37111, loss_mask: 0.0993, loss_texture: 0.0422, iou: 0.8710, loss: 0.1414
2026-04-30 11:30:18,036 - mmdet - INFO - Iter [24400/30000]	lr: 5.000e-05, eta: 2:11:58, time: 1.105, data_time: 0.012, memory: 37111, loss_mask: 0.0984, loss_texture: 0.0418, iou: 0.8641, loss: 0.1402
2026-04-30 11:30:45,581 - mmdet - INFO - Iter [24425/30000]	lr: 5.000e-05, eta: 2:11:21, time: 1.102, data_time: 0.012, memory: 37111, loss_mask: 0.0883, loss_texture: 0.0389, iou: 0.8506, loss: 0.1272
2026-04-30 11:31:13,124 - mmdet - INFO - Iter [24450/30000]	lr: 5.000e-05, eta: 2:10:43, time: 1.102, data_time: 0.011, memory: 37111, loss_mask: 0.0987, loss_texture: 0.0433, iou: 0.8680, loss: 0.1419
2026-04-30 11:31:40,676 - mmdet - INFO - Iter [24475/30000]	lr: 5.000e-05, eta: 2:10:06, time: 1.102, data_time: 0.011, memory: 37111, loss_mask: 0.0878, loss_texture: 0.0379, iou: 0.8535, loss: 0.1258
2026-04-30 11:32:08,309 - mmdet - INFO - 
--- Val evaluation at iter 24500 ---
2026-04-30 11:34:43,350 - mmdet - INFO - 
+------------+-------------+-------------+
| Class      | Val IoU     | Pseudo IoU  |
+------------+-------------+-------------+
| background | 92.15       | 92.68       |
| building   | 66.08       | 69.14       |
| Summary    | mIoU: 79.11 | mIoU: 80.91 |
+------------+-------------+-------------+
Images evaluated: 218
2026-04-30 11:34:44,680 - mmdet - INFO - Iter [24500/30000]	lr: 5.000e-05, eta: 2:09:29, time: 1.105, data_time: 0.012, memory: 37111, val/mIoU: 0.7911, val/IoU.building: 0.6608, val/IoU.background: 0.9215, val/Pseudo_mIoU: 0.8091, loss_mask: 0.0822, loss_texture: 0.0370, iou: 0.8690, loss: 0.1192
2026-04-30 11:35:12,049 - mmdet - INFO - Iter [24525/30000]	lr: 5.000e-05, eta: 2:09:27, time: 7.350, data_time: 6.267, memory: 37111, loss_mask: 0.0853, loss_texture: 0.0356, iou: 0.8463, loss: 0.1209
2026-04-30 11:35:39,698 - mmdet - INFO - Iter [24550/30000]	lr: 5.000e-05, eta: 2:08:50, time: 1.106, data_time: 0.011, memory: 37111, loss_mask: 0.0961, loss_texture: 0.0430, iou: 0.8613, loss: 0.1391
2026-04-30 11:36:07,183 - mmdet - INFO - Iter [24575/30000]	lr: 5.000e-05, eta: 2:08:13, time: 1.099, data_time: 0.011, memory: 37111, loss_mask: 0.0925, loss_texture: 0.0397, iou: 0.8726, loss: 0.1322
2026-04-30 11:36:34,814 - mmdet - INFO - Iter [24600/30000]	lr: 5.000e-05, eta: 2:07:36, time: 1.105, data_time: 0.012, memory: 37111, loss_mask: 0.1015, loss_texture: 0.0430, iou: 0.8549, loss: 0.1445
2026-04-30 11:37:02,219 - mmdet - INFO - Iter [24625/30000]	lr: 5.000e-05, eta: 2:06:58, time: 1.096, data_time: 0.012, memory: 37111, loss_mask: 0.0995, loss_texture: 0.0394, iou: 0.8757, loss: 0.1389
2026-04-30 11:37:29,653 - mmdet - INFO - Iter [24650/30000]	lr: 5.000e-05, eta: 2:06:21, time: 1.097, data_time: 0.011, memory: 37111, loss_mask: 0.0898, loss_texture: 0.0382, iou: 0.8655, loss: 0.1280
2026-04-30 11:37:57,048 - mmdet - INFO - Iter [24675/30000]	lr: 5.000e-05, eta: 2:05:44, time: 1.096, data_time: 0.011, memory: 37111, loss_mask: 0.0907, loss_texture: 0.0385, iou: 0.8538, loss: 0.1293
2026-04-30 11:38:24,675 - mmdet - INFO - Iter [24700/30000]	lr: 5.000e-05, eta: 2:05:07, time: 1.105, data_time: 0.012, memory: 37111, loss_mask: 0.0868, loss_texture: 0.0394, iou: 0.8579, loss: 0.1262
2026-04-30 11:38:52,275 - mmdet - INFO - Iter [24725/30000]	lr: 5.000e-05, eta: 2:04:30, time: 1.104, data_time: 0.012, memory: 37111, loss_mask: 0.0923, loss_texture: 0.0394, iou: 0.8595, loss: 0.1316
2026-04-30 11:39:19,815 - mmdet - INFO - Iter [24750/30000]	lr: 5.000e-05, eta: 2:03:53, time: 1.102, data_time: 0.012, memory: 37111, loss_mask: 0.0948, loss_texture: 0.0429, iou: 0.8657, loss: 0.1377
2026-04-30 11:39:47,491 - mmdet - INFO - Iter [24775/30000]	lr: 5.000e-05, eta: 2:03:16, time: 1.107, data_time: 0.011, memory: 37111, loss_mask: 0.0895, loss_texture: 0.0395, iou: 0.8737, loss: 0.1290
2026-04-30 11:40:15,155 - mmdet - INFO - Iter [24800/30000]	lr: 5.000e-05, eta: 2:02:39, time: 1.107, data_time: 0.012, memory: 37111, loss_mask: 0.0976, loss_texture: 0.0428, iou: 0.8680, loss: 0.1404
2026-04-30 11:40:42,698 - mmdet - INFO - Iter [24825/30000]	lr: 5.000e-05, eta: 2:02:02, time: 1.102, data_time: 0.012, memory: 37111, loss_mask: 0.0868, loss_texture: 0.0385, iou: 0.8520, loss: 0.1253
2026-04-30 11:41:10,228 - mmdet - INFO - Iter [24850/30000]	lr: 5.000e-05, eta: 2:01:25, time: 1.101, data_time: 0.011, memory: 37111, loss_mask: 0.0987, loss_texture: 0.0432, iou: 0.8493, loss: 0.1419
2026-04-30 11:41:37,763 - mmdet - INFO - Iter [24875/30000]	lr: 5.000e-05, eta: 2:00:48, time: 1.101, data_time: 0.011, memory: 37111, loss_mask: 0.0939, loss_texture: 0.0406, iou: 0.8783, loss: 0.1345
2026-04-30 11:42:05,317 - mmdet - INFO - Iter [24900/30000]	lr: 5.000e-05, eta: 2:00:11, time: 1.102, data_time: 0.011, memory: 37111, loss_mask: 0.0887, loss_texture: 0.0390, iou: 0.8583, loss: 0.1277
2026-04-30 11:42:32,898 - mmdet - INFO - Iter [24925/30000]	lr: 5.000e-05, eta: 1:59:34, time: 1.103, data_time: 0.012, memory: 37111, loss_mask: 0.0911, loss_texture: 0.0403, iou: 0.8662, loss: 0.1314
2026-04-30 11:43:00,564 - mmdet - INFO - Iter [24950/30000]	lr: 5.000e-05, eta: 1:58:57, time: 1.107, data_time: 0.011, memory: 37111, loss_mask: 0.0848, loss_texture: 0.0381, iou: 0.8391, loss: 0.1229
2026-04-30 11:43:28,171 - mmdet - INFO - Iter [24975/30000]	lr: 5.000e-05, eta: 1:58:20, time: 1.104, data_time: 0.011, memory: 37111, loss_mask: 0.1006, loss_texture: 0.0429, iou: 0.8600, loss: 0.1434
2026-04-30 11:43:55,668 - mmdet - INFO - 
--- Val evaluation at iter 25000 ---
2026-04-30 11:46:30,636 - mmdet - INFO - 
+------------+-------------+-------------+
| Class      | Val IoU     | Pseudo IoU  |
+------------+-------------+-------------+
| background | 92.49       | 92.68       |
| building   | 68.21       | 69.14       |
| Summary    | mIoU: 80.35 | mIoU: 80.91 |
+------------+-------------+-------------+
Images evaluated: 218
2026-04-30 11:46:33,378 - mmdet - INFO - ★ New best mIoU: 80.35% (prev: 79.68%, Δ=+0.66%) → saved to /home/ubuntu/vy/Denoiser/SegRefiner/work_dirs/exp8_all/best_model.pth
2026-04-30 11:46:33,382 - mmdet - INFO - Exp name: exp8_all.py
2026-04-30 11:46:33,382 - mmdet - INFO - Iter [25000/30000]	lr: 5.000e-05, eta: 1:57:43, time: 1.100, data_time: 0.012, memory: 37111, val/mIoU: 0.8035, val/IoU.building: 0.6821, val/IoU.background: 0.9249, val/Pseudo_mIoU: 0.8091, loss_mask: 0.0921, loss_texture: 0.0401, iou: 0.8598, loss: 0.1322
2026-04-30 11:47:00,765 - mmdet - INFO - Iter [25025/30000]	lr: 2.500e-05, eta: 1:57:38, time: 7.404, data_time: 6.321, memory: 37111, loss_mask: 0.0874, loss_texture: 0.0385, iou: 0.8555, loss: 0.1259
2026-04-30 11:47:28,232 - mmdet - INFO - Iter [25050/30000]	lr: 2.500e-05, eta: 1:57:01, time: 1.099, data_time: 0.011, memory: 37111, loss_mask: 0.0857, loss_texture: 0.0367, iou: 0.8522, loss: 0.1224
2026-04-30 11:47:55,737 - mmdet - INFO - Iter [25075/30000]	lr: 2.500e-05, eta: 1:56:24, time: 1.100, data_time: 0.011, memory: 37111, loss_mask: 0.0871, loss_texture: 0.0385, iou: 0.8624, loss: 0.1256
2026-04-30 11:48:23,256 - mmdet - INFO - Iter [25100/30000]	lr: 2.500e-05, eta: 1:55:47, time: 1.101, data_time: 0.012, memory: 37111, loss_mask: 0.0934, loss_texture: 0.0412, iou: 0.8615, loss: 0.1345
2026-04-30 11:48:51,460 - mmdet - INFO - Iter [25125/30000]	lr: 2.500e-05, eta: 1:55:10, time: 1.128, data_time: 0.013, memory: 37111, loss_mask: 0.0984, loss_texture: 0.0447, iou: 0.8666, loss: 0.1431
2026-04-30 11:49:19,168 - mmdet - INFO - Iter [25150/30000]	lr: 2.500e-05, eta: 1:54:33, time: 1.108, data_time: 0.012, memory: 37111, loss_mask: 0.0996, loss_texture: 0.0445, iou: 0.8524, loss: 0.1441
2026-04-30 11:49:46,752 - mmdet - INFO - Iter [25175/30000]	lr: 2.500e-05, eta: 1:53:56, time: 1.103, data_time: 0.012, memory: 37111, loss_mask: 0.0931, loss_texture: 0.0390, iou: 0.8659, loss: 0.1320
2026-04-30 11:50:14,432 - mmdet - INFO - Iter [25200/30000]	lr: 2.500e-05, eta: 1:53:19, time: 1.107, data_time: 0.012, memory: 37111, loss_mask: 0.0911, loss_texture: 0.0400, iou: 0.8704, loss: 0.1311
2026-04-30 11:50:42,077 - mmdet - INFO - Iter [25225/30000]	lr: 2.500e-05, eta: 1:52:42, time: 1.106, data_time: 0.012, memory: 37111, loss_mask: 0.0876, loss_texture: 0.0399, iou: 0.8576, loss: 0.1275
2026-04-30 11:51:09,578 - mmdet - INFO - Iter [25250/30000]	lr: 2.500e-05, eta: 1:52:05, time: 1.100, data_time: 0.011, memory: 37111, loss_mask: 0.0896, loss_texture: 0.0409, iou: 0.8623, loss: 0.1305
2026-04-30 11:51:36,959 - mmdet - INFO - Iter [25275/30000]	lr: 2.500e-05, eta: 1:51:28, time: 1.095, data_time: 0.011, memory: 37111, loss_mask: 0.0815, loss_texture: 0.0347, iou: 0.8581, loss: 0.1161
2026-04-30 11:52:04,515 - mmdet - INFO - Iter [25300/30000]	lr: 2.500e-05, eta: 1:50:51, time: 1.102, data_time: 0.011, memory: 37111, loss_mask: 0.0987, loss_texture: 0.0438, iou: 0.8473, loss: 0.1426
2026-04-30 11:52:32,125 - mmdet - INFO - Iter [25325/30000]	lr: 2.500e-05, eta: 1:50:15, time: 1.104, data_time: 0.012, memory: 37111, loss_mask: 0.0958, loss_texture: 0.0415, iou: 0.8482, loss: 0.1373
2026-04-30 11:52:59,722 - mmdet - INFO - Iter [25350/30000]	lr: 2.500e-05, eta: 1:49:38, time: 1.104, data_time: 0.012, memory: 37111, loss_mask: 0.1041, loss_texture: 0.0441, iou: 0.8577, loss: 0.1482
2026-04-30 11:53:27,996 - mmdet - INFO - Iter [25375/30000]	lr: 2.500e-05, eta: 1:49:01, time: 1.131, data_time: 0.013, memory: 37111, loss_mask: 0.0867, loss_texture: 0.0404, iou: 0.8784, loss: 0.1271
2026-04-30 11:53:55,727 - mmdet - INFO - Iter [25400/30000]	lr: 2.500e-05, eta: 1:48:24, time: 1.109, data_time: 0.012, memory: 37111, loss_mask: 0.0852, loss_texture: 0.0376, iou: 0.8837, loss: 0.1228
2026-04-30 11:54:23,479 - mmdet - INFO - Iter [25425/30000]	lr: 2.500e-05, eta: 1:47:48, time: 1.110, data_time: 0.012, memory: 37111, loss_mask: 0.0856, loss_texture: 0.0390, iou: 0.8534, loss: 0.1246
2026-04-30 11:54:51,036 - mmdet - INFO - Iter [25450/30000]	lr: 2.500e-05, eta: 1:47:11, time: 1.102, data_time: 0.011, memory: 37111, loss_mask: 0.0875, loss_texture: 0.0389, iou: 0.8740, loss: 0.1264
2026-04-30 11:55:18,661 - mmdet - INFO - Iter [25475/30000]	lr: 2.500e-05, eta: 1:46:34, time: 1.105, data_time: 0.011, memory: 37111, loss_mask: 0.0910, loss_texture: 0.0401, iou: 0.8549, loss: 0.1311
2026-04-30 11:55:46,430 - mmdet - INFO - 
--- Val evaluation at iter 25500 ---
2026-04-30 11:58:23,358 - mmdet - INFO - 
+------------+-------------+-------------+
| Class      | Val IoU     | Pseudo IoU  |
+------------+-------------+-------------+
| background | 92.19       | 92.68       |
| building   | 66.15       | 69.14       |
| Summary    | mIoU: 79.17 | mIoU: 80.91 |
+------------+-------------+-------------+
Images evaluated: 218
2026-04-30 11:58:24,722 - mmdet - INFO - Iter [25500/30000]	lr: 2.500e-05, eta: 1:45:58, time: 1.111, data_time: 0.012, memory: 37111, val/mIoU: 0.7917, val/IoU.building: 0.6615, val/IoU.background: 0.9219, val/Pseudo_mIoU: 0.8091, loss_mask: 0.0943, loss_texture: 0.0402, iou: 0.8694, loss: 0.1346
2026-04-30 11:58:52,283 - mmdet - INFO - Iter [25525/30000]	lr: 2.500e-05, eta: 1:45:49, time: 7.434, data_time: 6.344, memory: 37111, loss_mask: 0.0828, loss_texture: 0.0377, iou: 0.8788, loss: 0.1205
2026-04-30 11:59:19,889 - mmdet - INFO - Iter [25550/30000]	lr: 2.500e-05, eta: 1:45:12, time: 1.104, data_time: 0.012, memory: 37111, loss_mask: 0.0880, loss_texture: 0.0389, iou: 0.8587, loss: 0.1269
2026-04-30 11:59:47,432 - mmdet - INFO - Iter [25575/30000]	lr: 2.500e-05, eta: 1:44:35, time: 1.102, data_time: 0.012, memory: 37111, loss_mask: 0.0871, loss_texture: 0.0391, iou: 0.8533, loss: 0.1262
2026-04-30 12:00:15,070 - mmdet - INFO - Iter [25600/30000]	lr: 2.500e-05, eta: 1:43:58, time: 1.106, data_time: 0.012, memory: 37111, loss_mask: 0.0928, loss_texture: 0.0410, iou: 0.8678, loss: 0.1337
2026-04-30 12:00:42,809 - mmdet - INFO - Iter [25625/30000]	lr: 2.500e-05, eta: 1:43:21, time: 1.110, data_time: 0.012, memory: 37111, loss_mask: 0.0877, loss_texture: 0.0401, iou: 0.8515, loss: 0.1278
2026-04-30 12:01:10,577 - mmdet - INFO - Iter [25650/30000]	lr: 2.500e-05, eta: 1:42:45, time: 1.111, data_time: 0.011, memory: 37111, loss_mask: 0.0904, loss_texture: 0.0397, iou: 0.8608, loss: 0.1301
2026-04-30 12:01:38,057 - mmdet - INFO - Iter [25675/30000]	lr: 2.500e-05, eta: 1:42:08, time: 1.099, data_time: 0.011, memory: 37111, loss_mask: 0.0802, loss_texture: 0.0364, iou: 0.8554, loss: 0.1166
2026-04-30 12:02:05,569 - mmdet - INFO - Iter [25700/30000]	lr: 2.500e-05, eta: 1:41:31, time: 1.100, data_time: 0.012, memory: 37111, loss_mask: 0.0848, loss_texture: 0.0375, iou: 0.8566, loss: 0.1223
2026-04-30 12:02:33,125 - mmdet - INFO - Iter [25725/30000]	lr: 2.500e-05, eta: 1:40:54, time: 1.102, data_time: 0.011, memory: 37111, loss_mask: 0.0910, loss_texture: 0.0415, iou: 0.8428, loss: 0.1326
2026-04-30 12:03:00,776 - mmdet - INFO - Iter [25750/30000]	lr: 2.500e-05, eta: 1:40:18, time: 1.106, data_time: 0.011, memory: 37111, loss_mask: 0.0853, loss_texture: 0.0392, iou: 0.8723, loss: 0.1245
2026-04-30 12:03:28,487 - mmdet - INFO - Iter [25775/30000]	lr: 2.500e-05, eta: 1:39:41, time: 1.108, data_time: 0.012, memory: 37111, loss_mask: 0.0912, loss_texture: 0.0417, iou: 0.8771, loss: 0.1329
2026-04-30 12:03:56,199 - mmdet - INFO - Iter [25800/30000]	lr: 2.500e-05, eta: 1:39:04, time: 1.108, data_time: 0.012, memory: 37111, loss_mask: 0.0909, loss_texture: 0.0395, iou: 0.8696, loss: 0.1304
2026-04-30 12:04:23,852 - mmdet - INFO - Iter [25825/30000]	lr: 2.500e-05, eta: 1:38:28, time: 1.106, data_time: 0.012, memory: 37111, loss_mask: 0.0856, loss_texture: 0.0383, iou: 0.8707, loss: 0.1240
2026-04-30 12:04:51,414 - mmdet - INFO - Iter [25850/30000]	lr: 2.500e-05, eta: 1:37:51, time: 1.102, data_time: 0.012, memory: 37111, loss_mask: 0.0935, loss_texture: 0.0422, iou: 0.8657, loss: 0.1357
2026-04-30 12:05:18,940 - mmdet - INFO - Iter [25875/30000]	lr: 2.500e-05, eta: 1:37:15, time: 1.101, data_time: 0.012, memory: 37111, loss_mask: 0.0928, loss_texture: 0.0408, iou: 0.8515, loss: 0.1336
2026-04-30 12:05:46,408 - mmdet - INFO - Iter [25900/30000]	lr: 2.500e-05, eta: 1:36:38, time: 1.099, data_time: 0.012, memory: 37111, loss_mask: 0.0972, loss_texture: 0.0429, iou: 0.8479, loss: 0.1401
2026-04-30 12:06:13,994 - mmdet - INFO - Iter [25925/30000]	lr: 2.500e-05, eta: 1:36:01, time: 1.103, data_time: 0.012, memory: 37111, loss_mask: 0.0915, loss_texture: 0.0394, iou: 0.8669, loss: 0.1310
2026-04-30 12:06:41,562 - mmdet - INFO - Iter [25950/30000]	lr: 2.500e-05, eta: 1:35:25, time: 1.103, data_time: 0.012, memory: 37111, loss_mask: 0.0803, loss_texture: 0.0363, iou: 0.8631, loss: 0.1166
2026-04-30 12:07:09,189 - mmdet - INFO - Iter [25975/30000]	lr: 2.500e-05, eta: 1:34:48, time: 1.105, data_time: 0.012, memory: 37111, loss_mask: 0.0958, loss_texture: 0.0415, iou: 0.8688, loss: 0.1373
2026-04-30 12:07:36,746 - mmdet - INFO - 
--- Val evaluation at iter 26000 ---
2026-04-30 12:10:12,525 - mmdet - INFO - 
+------------+-------------+-------------+
| Class      | Val IoU     | Pseudo IoU  |
+------------+-------------+-------------+
| background | 92.31       | 92.68       |
| building   | 67.32       | 69.14       |
| Summary    | mIoU: 79.82 | mIoU: 80.91 |
+------------+-------------+-------------+
Images evaluated: 218
2026-04-30 12:10:13,866 - mmdet - INFO - Exp name: exp8_all.py
2026-04-30 12:10:13,866 - mmdet - INFO - Iter [26000/30000]	lr: 2.500e-05, eta: 1:34:12, time: 1.102, data_time: 0.012, memory: 37111, val/mIoU: 0.7982, val/IoU.building: 0.6732, val/IoU.background: 0.9231, val/Pseudo_mIoU: 0.8091, loss_mask: 0.0826, loss_texture: 0.0368, iou: 0.8716, loss: 0.1193
2026-04-30 12:10:41,350 - mmdet - INFO - Iter [26025/30000]	lr: 2.500e-05, eta: 1:33:59, time: 7.384, data_time: 6.296, memory: 37111, loss_mask: 0.0883, loss_texture: 0.0396, iou: 0.8723, loss: 0.1278
2026-04-30 12:11:08,964 - mmdet - INFO - Iter [26050/30000]	lr: 2.500e-05, eta: 1:33:23, time: 1.105, data_time: 0.012, memory: 37111, loss_mask: 0.0912, loss_texture: 0.0413, iou: 0.8618, loss: 0.1325
2026-04-30 12:11:36,424 - mmdet - INFO - Iter [26075/30000]	lr: 2.500e-05, eta: 1:32:46, time: 1.098, data_time: 0.012, memory: 37111, loss_mask: 0.0855, loss_texture: 0.0388, iou: 0.8703, loss: 0.1243
2026-04-30 12:12:03,911 - mmdet - INFO - Iter [26100/30000]	lr: 2.500e-05, eta: 1:32:09, time: 1.099, data_time: 0.012, memory: 37111, loss_mask: 0.0893, loss_texture: 0.0406, iou: 0.8624, loss: 0.1299
2026-04-30 12:12:31,391 - mmdet - INFO - Iter [26125/30000]	lr: 2.500e-05, eta: 1:31:33, time: 1.099, data_time: 0.011, memory: 37111, loss_mask: 0.0968, loss_texture: 0.0427, iou: 0.8564, loss: 0.1395
2026-04-30 12:12:59,128 - mmdet - INFO - Iter [26150/30000]	lr: 2.500e-05, eta: 1:30:56, time: 1.109, data_time: 0.012, memory: 37111, loss_mask: 0.0950, loss_texture: 0.0430, iou: 0.8602, loss: 0.1379
2026-04-30 12:13:26,759 - mmdet - INFO - Iter [26175/30000]	lr: 2.500e-05, eta: 1:30:19, time: 1.105, data_time: 0.012, memory: 37111, loss_mask: 0.0798, loss_texture: 0.0371, iou: 0.8644, loss: 0.1170
2026-04-30 12:13:54,503 - mmdet - INFO - Iter [26200/30000]	lr: 2.500e-05, eta: 1:29:43, time: 1.110, data_time: 0.012, memory: 37111, loss_mask: 0.0909, loss_texture: 0.0413, iou: 0.8654, loss: 0.1322
2026-04-30 12:14:22,124 - mmdet - INFO - Iter [26225/30000]	lr: 2.500e-05, eta: 1:29:06, time: 1.105, data_time: 0.011, memory: 37111, loss_mask: 0.0959, loss_texture: 0.0424, iou: 0.8613, loss: 0.1383
2026-04-30 12:14:50,571 - mmdet - INFO - Iter [26250/30000]	lr: 2.500e-05, eta: 1:28:30, time: 1.138, data_time: 0.013, memory: 37111, loss_mask: 0.0928, loss_texture: 0.0402, iou: 0.8493, loss: 0.1330
2026-04-30 12:15:18,174 - mmdet - INFO - Iter [26275/30000]	lr: 2.500e-05, eta: 1:27:53, time: 1.104, data_time: 0.012, memory: 37111, loss_mask: 0.0910, loss_texture: 0.0385, iou: 0.8539, loss: 0.1295
2026-04-30 12:15:45,759 - mmdet - INFO - Iter [26300/30000]	lr: 2.500e-05, eta: 1:27:17, time: 1.103, data_time: 0.011, memory: 37111, loss_mask: 0.0909, loss_texture: 0.0397, iou: 0.8628, loss: 0.1306
2026-04-30 12:16:13,523 - mmdet - INFO - Iter [26325/30000]	lr: 2.500e-05, eta: 1:26:41, time: 1.111, data_time: 0.012, memory: 37111, loss_mask: 0.0858, loss_texture: 0.0381, iou: 0.8750, loss: 0.1239
2026-04-30 12:16:41,260 - mmdet - INFO - Iter [26350/30000]	lr: 2.500e-05, eta: 1:26:04, time: 1.109, data_time: 0.012, memory: 37111, loss_mask: 0.0993, loss_texture: 0.0428, iou: 0.8679, loss: 0.1421
2026-04-30 12:17:09,018 - mmdet - INFO - Iter [26375/30000]	lr: 2.500e-05, eta: 1:25:28, time: 1.110, data_time: 0.012, memory: 37111, loss_mask: 0.0901, loss_texture: 0.0402, iou: 0.8693, loss: 0.1303
2026-04-30 12:17:36,699 - mmdet - INFO - Iter [26400/30000]	lr: 2.500e-05, eta: 1:24:51, time: 1.107, data_time: 0.011, memory: 37111, loss_mask: 0.0936, loss_texture: 0.0416, iou: 0.8621, loss: 0.1353
2026-04-30 12:18:04,285 - mmdet - INFO - Iter [26425/30000]	lr: 2.500e-05, eta: 1:24:15, time: 1.103, data_time: 0.012, memory: 37111, loss_mask: 0.0872, loss_texture: 0.0381, iou: 0.8613, loss: 0.1254
2026-04-30 12:18:31,937 - mmdet - INFO - Iter [26450/30000]	lr: 2.500e-05, eta: 1:23:38, time: 1.106, data_time: 0.012, memory: 37111, loss_mask: 0.0998, loss_texture: 0.0439, iou: 0.8497, loss: 0.1438
2026-04-30 12:18:59,580 - mmdet - INFO - Iter [26475/30000]	lr: 2.500e-05, eta: 1:23:02, time: 1.106, data_time: 0.012, memory: 37111, loss_mask: 0.0888, loss_texture: 0.0386, iou: 0.8608, loss: 0.1274
2026-04-30 12:19:27,293 - mmdet - INFO - 
--- Val evaluation at iter 26500 ---
2026-04-30 12:22:02,637 - mmdet - INFO - 
+------------+-------------+-------------+
| Class      | Val IoU     | Pseudo IoU  |
+------------+-------------+-------------+
| background | 92.35       | 92.68       |
| building   | 67.18       | 69.14       |
| Summary    | mIoU: 79.76 | mIoU: 80.91 |
+------------+-------------+-------------+
Images evaluated: 218
2026-04-30 12:22:04,000 - mmdet - INFO - Iter [26500/30000]	lr: 2.500e-05, eta: 1:22:26, time: 1.109, data_time: 0.012, memory: 37111, val/mIoU: 0.7976, val/IoU.building: 0.6718, val/IoU.background: 0.9235, val/Pseudo_mIoU: 0.8091, loss_mask: 0.0966, loss_texture: 0.0424, iou: 0.8588, loss: 0.1390
2026-04-30 12:22:31,651 - mmdet - INFO - Iter [26525/30000]	lr: 2.500e-05, eta: 1:22:10, time: 7.374, data_time: 6.280, memory: 37111, loss_mask: 0.0951, loss_texture: 0.0416, iou: 0.8632, loss: 0.1367
2026-04-30 12:22:59,367 - mmdet - INFO - Iter [26550/30000]	lr: 2.500e-05, eta: 1:21:33, time: 1.109, data_time: 0.012, memory: 37111, loss_mask: 0.0954, loss_texture: 0.0432, iou: 0.8556, loss: 0.1386
2026-04-30 12:23:26,841 - mmdet - INFO - Iter [26575/30000]	lr: 2.500e-05, eta: 1:20:57, time: 1.099, data_time: 0.012, memory: 37111, loss_mask: 0.0889, loss_texture: 0.0407, iou: 0.8656, loss: 0.1296
2026-04-30 12:23:54,425 - mmdet - INFO - Iter [26600/30000]	lr: 2.500e-05, eta: 1:20:20, time: 1.103, data_time: 0.012, memory: 37111, loss_mask: 0.0932, loss_texture: 0.0407, iou: 0.8619, loss: 0.1340
2026-04-30 12:24:21,981 - mmdet - INFO - Iter [26625/30000]	lr: 2.500e-05, eta: 1:19:44, time: 1.102, data_time: 0.012, memory: 37111, loss_mask: 0.0919, loss_texture: 0.0414, iou: 0.8571, loss: 0.1333
2026-04-30 12:24:49,588 - mmdet - INFO - Iter [26650/30000]	lr: 2.500e-05, eta: 1:19:08, time: 1.104, data_time: 0.011, memory: 37111, loss_mask: 0.0931, loss_texture: 0.0406, iou: 0.8561, loss: 0.1337
2026-04-30 12:25:16,987 - mmdet - INFO - Iter [26675/30000]	lr: 2.500e-05, eta: 1:18:31, time: 1.096, data_time: 0.011, memory: 37111, loss_mask: 0.0974, loss_texture: 0.0405, iou: 0.8709, loss: 0.1378
2026-04-30 12:25:44,691 - mmdet - INFO - Iter [26700/30000]	lr: 2.500e-05, eta: 1:17:55, time: 1.108, data_time: 0.011, memory: 37111, loss_mask: 0.0970, loss_texture: 0.0420, iou: 0.8599, loss: 0.1390
2026-04-30 12:26:13,272 - mmdet - INFO - Iter [26725/30000]	lr: 2.500e-05, eta: 1:17:19, time: 1.143, data_time: 0.013, memory: 37111, loss_mask: 0.0874, loss_texture: 0.0397, iou: 0.8478, loss: 0.1271
2026-04-30 12:26:40,808 - mmdet - INFO - Iter [26750/30000]	lr: 2.500e-05, eta: 1:16:42, time: 1.101, data_time: 0.012, memory: 37111, loss_mask: 0.0763, loss_texture: 0.0351, iou: 0.8736, loss: 0.1115
2026-04-30 12:27:08,580 - mmdet - INFO - Iter [26775/30000]	lr: 2.500e-05, eta: 1:16:06, time: 1.111, data_time: 0.012, memory: 37111, loss_mask: 0.0878, loss_texture: 0.0399, iou: 0.8655, loss: 0.1276
2026-04-30 12:27:36,188 - mmdet - INFO - Iter [26800/30000]	lr: 2.500e-05, eta: 1:15:30, time: 1.104, data_time: 0.011, memory: 37111, loss_mask: 0.0899, loss_texture: 0.0390, iou: 0.8660, loss: 0.1290
2026-04-30 12:28:03,865 - mmdet - INFO - Iter [26825/30000]	lr: 2.500e-05, eta: 1:14:53, time: 1.107, data_time: 0.012, memory: 37111, loss_mask: 0.0797, loss_texture: 0.0357, iou: 0.8730, loss: 0.1154
2026-04-30 12:28:31,401 - mmdet - INFO - Iter [26850/30000]	lr: 2.500e-05, eta: 1:14:17, time: 1.101, data_time: 0.011, memory: 37111, loss_mask: 0.0890, loss_texture: 0.0392, iou: 0.8762, loss: 0.1281
2026-04-30 12:28:59,091 - mmdet - INFO - Iter [26875/30000]	lr: 2.500e-05, eta: 1:13:41, time: 1.108, data_time: 0.012, memory: 37111, loss_mask: 0.0852, loss_texture: 0.0383, iou: 0.8560, loss: 0.1235
2026-04-30 12:29:26,605 - mmdet - INFO - Iter [26900/30000]	lr: 2.500e-05, eta: 1:13:04, time: 1.101, data_time: 0.011, memory: 37111, loss_mask: 0.0851, loss_texture: 0.0377, iou: 0.8480, loss: 0.1228
2026-04-30 12:29:54,160 - mmdet - INFO - Iter [26925/30000]	lr: 2.500e-05, eta: 1:12:28, time: 1.102, data_time: 0.012, memory: 37111, loss_mask: 0.0982, loss_texture: 0.0419, iou: 0.8626, loss: 0.1401
2026-04-30 12:30:21,772 - mmdet - INFO - Iter [26950/30000]	lr: 2.500e-05, eta: 1:11:52, time: 1.104, data_time: 0.011, memory: 37111, loss_mask: 0.0973, loss_texture: 0.0413, iou: 0.8676, loss: 0.1386
2026-04-30 12:30:49,298 - mmdet - INFO - Iter [26975/30000]	lr: 2.500e-05, eta: 1:11:16, time: 1.101, data_time: 0.012, memory: 37111, loss_mask: 0.0852, loss_texture: 0.0379, iou: 0.8598, loss: 0.1230
2026-04-30 12:31:16,863 - mmdet - INFO - 
--- Val evaluation at iter 27000 ---
2026-04-30 12:33:51,629 - mmdet - INFO - 
+------------+-------------+-------------+
| Class      | Val IoU     | Pseudo IoU  |
+------------+-------------+-------------+
| background | 92.30       | 92.68       |
| building   | 67.35       | 69.14       |
| Summary    | mIoU: 79.82 | mIoU: 80.91 |
+------------+-------------+-------------+
Images evaluated: 218
2026-04-30 12:33:52,972 - mmdet - INFO - Exp name: exp8_all.py
2026-04-30 12:33:52,973 - mmdet - INFO - Iter [27000/30000]	lr: 2.500e-05, eta: 1:10:39, time: 1.103, data_time: 0.011, memory: 37111, val/mIoU: 0.7982, val/IoU.building: 0.6735, val/IoU.background: 0.9230, val/Pseudo_mIoU: 0.8091, loss_mask: 0.0890, loss_texture: 0.0401, iou: 0.8683, loss: 0.1291
2026-04-30 12:34:20,498 - mmdet - INFO - Iter [27025/30000]	lr: 2.500e-05, eta: 1:10:20, time: 7.345, data_time: 6.258, memory: 37111, loss_mask: 0.0897, loss_texture: 0.0390, iou: 0.8539, loss: 0.1287
2026-04-30 12:34:48,012 - mmdet - INFO - Iter [27050/30000]	lr: 2.500e-05, eta: 1:09:44, time: 1.101, data_time: 0.012, memory: 37111, loss_mask: 0.0987, loss_texture: 0.0447, iou: 0.8719, loss: 0.1433
2026-04-30 12:35:15,589 - mmdet - INFO - Iter [27075/30000]	lr: 2.500e-05, eta: 1:09:08, time: 1.103, data_time: 0.012, memory: 37111, loss_mask: 0.0853, loss_texture: 0.0382, iou: 0.8849, loss: 0.1235
2026-04-30 12:35:43,112 - mmdet - INFO - Iter [27100/30000]	lr: 2.500e-05, eta: 1:08:31, time: 1.101, data_time: 0.011, memory: 37111, loss_mask: 0.0881, loss_texture: 0.0395, iou: 0.8643, loss: 0.1276
2026-04-30 12:36:10,584 - mmdet - INFO - Iter [27125/30000]	lr: 2.500e-05, eta: 1:07:55, time: 1.099, data_time: 0.012, memory: 37111, loss_mask: 0.0837, loss_texture: 0.0361, iou: 0.8551, loss: 0.1198
2026-04-30 12:36:38,074 - mmdet - INFO - Iter [27150/30000]	lr: 2.500e-05, eta: 1:07:19, time: 1.100, data_time: 0.011, memory: 37111, loss_mask: 0.0956, loss_texture: 0.0403, iou: 0.8535, loss: 0.1360
2026-04-30 12:37:05,665 - mmdet - INFO - Iter [27175/30000]	lr: 2.500e-05, eta: 1:06:43, time: 1.104, data_time: 0.012, memory: 37111, loss_mask: 0.0867, loss_texture: 0.0397, iou: 0.8811, loss: 0.1264
2026-04-30 12:37:33,490 - mmdet - INFO - Iter [27200/30000]	lr: 2.500e-05, eta: 1:06:06, time: 1.113, data_time: 0.012, memory: 37111, loss_mask: 0.0968, loss_texture: 0.0428, iou: 0.8606, loss: 0.1396
2026-04-30 12:38:01,056 - mmdet - INFO - Iter [27225/30000]	lr: 2.500e-05, eta: 1:05:30, time: 1.103, data_time: 0.012, memory: 37111, loss_mask: 0.0919, loss_texture: 0.0413, iou: 0.8689, loss: 0.1332
2026-04-30 12:38:28,475 - mmdet - INFO - Iter [27250/30000]	lr: 2.500e-05, eta: 1:04:54, time: 1.097, data_time: 0.012, memory: 37111, loss_mask: 0.0839, loss_texture: 0.0363, iou: 0.8536, loss: 0.1201
2026-04-30 12:38:56,052 - mmdet - INFO - Iter [27275/30000]	lr: 2.500e-05, eta: 1:04:18, time: 1.103, data_time: 0.012, memory: 37111, loss_mask: 0.0869, loss_texture: 0.0379, iou: 0.8695, loss: 0.1249
2026-04-30 12:39:23,616 - mmdet - INFO - Iter [27300/30000]	lr: 2.500e-05, eta: 1:03:42, time: 1.103, data_time: 0.011, memory: 37111, loss_mask: 0.0981, loss_texture: 0.0424, iou: 0.8577, loss: 0.1405
2026-04-30 12:39:51,167 - mmdet - INFO - Iter [27325/30000]	lr: 2.500e-05, eta: 1:03:06, time: 1.102, data_time: 0.012, memory: 37111, loss_mask: 0.0875, loss_texture: 0.0386, iou: 0.8620, loss: 0.1261
2026-04-30 12:40:18,807 - mmdet - INFO - Iter [27350/30000]	lr: 2.500e-05, eta: 1:02:29, time: 1.106, data_time: 0.011, memory: 37111, loss_mask: 0.0960, loss_texture: 0.0436, iou: 0.8636, loss: 0.1395
2026-04-30 12:40:46,324 - mmdet - INFO - Iter [27375/30000]	lr: 2.500e-05, eta: 1:01:53, time: 1.101, data_time: 0.012, memory: 37111, loss_mask: 0.0900, loss_texture: 0.0392, iou: 0.8606, loss: 0.1292
2026-04-30 12:41:14,186 - mmdet - INFO - Iter [27400/30000]	lr: 2.500e-05, eta: 1:01:17, time: 1.114, data_time: 0.014, memory: 37111, loss_mask: 0.0872, loss_texture: 0.0386, iou: 0.8571, loss: 0.1258
2026-04-30 12:41:41,812 - mmdet - INFO - Iter [27425/30000]	lr: 2.500e-05, eta: 1:00:41, time: 1.105, data_time: 0.011, memory: 37111, loss_mask: 0.0945, loss_texture: 0.0424, iou: 0.8646, loss: 0.1369
2026-04-30 12:42:09,531 - mmdet - INFO - Iter [27450/30000]	lr: 2.500e-05, eta: 1:00:05, time: 1.109, data_time: 0.012, memory: 37111, loss_mask: 0.0863, loss_texture: 0.0370, iou: 0.8686, loss: 0.1233
2026-04-30 12:42:37,512 - mmdet - INFO - Iter [27475/30000]	lr: 2.500e-05, eta: 0:59:29, time: 1.119, data_time: 0.013, memory: 37111, loss_mask: 0.0968, loss_texture: 0.0419, iou: 0.8530, loss: 0.1387
2026-04-30 12:43:05,532 - mmdet - INFO - 
--- Val evaluation at iter 27500 ---
