2026-05-03 17:25:43,169 - mmdet - INFO - Environment info:
------------------------------------------------------------
sys.platform: linux
Python: 3.8.20 (default, Oct  3 2024, 15:24:27) [GCC 11.2.0]
CUDA available: True
GPU 0: NVIDIA L40S
CUDA_HOME: /usr
NVCC: Cuda compilation tools, release 12.0, V12.0.140
GCC: gcc (Ubuntu 13.3.0-6ubuntu2~24.04.1) 13.3.0
PyTorch: 1.10.1+cu111
PyTorch compiling details: PyTorch built with:
  - GCC 7.3
  - C++ Version: 201402
  - Intel(R) Math Kernel Library Version 2020.0.0 Product Build 20191122 for Intel(R) 64 architecture applications
  - Intel(R) MKL-DNN v2.2.3 (Git Hash 7336ca9f055cf1bfa13efb658fe15dc9b41f0740)
  - OpenMP 201511 (a.k.a. OpenMP 4.5)
  - LAPACK is enabled (usually provided by MKL)
  - NNPACK is enabled
  - CPU capability usage: AVX2
  - CUDA Runtime 11.1
  - NVCC architecture flags: -gencode;arch=compute_37,code=sm_37;-gencode;arch=compute_50,code=sm_50;-gencode;arch=compute_60,code=sm_60;-gencode;arch=compute_70,code=sm_70;-gencode;arch=compute_75,code=sm_75;-gencode;arch=compute_80,code=sm_80;-gencode;arch=compute_86,code=sm_86
  - CuDNN 8.0.5
  - Magma 2.5.2
  - Build settings: BLAS_INFO=mkl, BUILD_TYPE=Release, CUDA_VERSION=11.1, CUDNN_VERSION=8.0.5, CXX_COMPILER=/opt/rh/devtoolset-7/root/usr/bin/c++, CXX_FLAGS= -Wno-deprecated -fvisibility-inlines-hidden -DUSE_PTHREADPOOL -fopenmp -DNDEBUG -DUSE_KINETO -DUSE_FBGEMM -DUSE_QNNPACK -DUSE_PYTORCH_QNNPACK -DUSE_XNNPACK -DSYMBOLICATE_MOBILE_DEBUG_HANDLE -DEDGE_PROFILER_USE_KINETO -O2 -fPIC -Wno-narrowing -Wall -Wextra -Werror=return-type -Wno-missing-field-initializers -Wno-type-limits -Wno-array-bounds -Wno-unknown-pragmas -Wno-sign-compare -Wno-unused-parameter -Wno-unused-variable -Wno-unused-function -Wno-unused-result -Wno-unused-local-typedefs -Wno-strict-overflow -Wno-strict-aliasing -Wno-error=deprecated-declarations -Wno-stringop-overflow -Wno-psabi -Wno-error=pedantic -Wno-error=redundant-decls -Wno-error=old-style-cast -fdiagnostics-color=always -faligned-new -Wno-unused-but-set-variable -Wno-maybe-uninitialized -fno-math-errno -fno-trapping-math -Werror=format -Wno-stringop-overflow, LAPACK_INFO=mkl, PERF_WITH_AVX=1, PERF_WITH_AVX2=1, PERF_WITH_AVX512=1, TORCH_VERSION=1.10.1, USE_CUDA=ON, USE_CUDNN=ON, USE_EXCEPTION_PTR=1, USE_GFLAGS=OFF, USE_GLOG=OFF, USE_MKL=ON, USE_MKLDNN=ON, USE_MPI=OFF, USE_NCCL=ON, USE_NNPACK=ON, USE_OPENMP=ON, 

TorchVision: 0.11.2+cu111
OpenCV: 4.13.0
MMCV: 1.5.0
MMCV Compiler: GCC 7.3
MMCV CUDA Compiler: 11.1
MMDetection: 2.28.1+24ef48c
------------------------------------------------------------

2026-05-03 17:25:43,735 - mmdet - INFO - Distributed training: False
2026-05-03 17:25:44,336 - mmdet - INFO - Config:
checkpoint_config = dict(interval=0, by_epoch=False)
log_config = dict(
    interval=25, hooks=[dict(type='TextLoggerHook', by_epoch=False)])
dist_params = dict(backend='nccl')
log_level = 'INFO'
load_from = None
resume_from = None
workflow = [('train', 1)]
opencv_num_threads = 0
mp_start_method = 'spawn'
auto_scale_lr = dict(enable=False, base_batch_size=16)
object_size = 256
task = 'semantic'
model = dict(
    type='SegRefinerSemantic',
    task='semantic',
    step=6,
    denoise_model=dict(
        type='DenoiseUNet',
        in_channels=4,
        out_channels=1,
        model_channels=128,
        num_res_blocks=2,
        num_heads=4,
        num_heads_upsample=-1,
        attention_strides=(16, 32),
        learn_time_embd=True,
        num_timesteps=6,
        channel_mult=(1, 1, 2, 2, 4, 4),
        dropout=0.0),
    diffusion_cfg=dict(
        betas=dict(type='linear', start=0.8, stop=0.0, num_timesteps=6),
        diff_iter=False,
        noise_components=dict(use_obj=True, use_bnd=True, use_unc=True)),
    test_cfg=dict(
        model_size=1024,
        fine_prob_thr=0.5,
        batch_max=32,
        iou_thr=0.15,
        max_local_patches=16,
        nms_iou_thr=0.5))
img_norm_cfg = dict(
    mean=[123.675, 116.28, 103.53], std=[58.395, 57.12, 57.375], to_rgb=True)
train_pipeline = [
    dict(type='LoadImageFromFile'),
    dict(
        type='LoadAnnotations',
        with_bbox=False,
        with_label=False,
        with_mask=False,
        with_seg=True),
    dict(
        type='LoadOEMCoarseMasks',
        use_obj=False,
        use_bnd=False,
        use_unc=False,
        obj_unc_threshold=0.3,
        test_mode=False),
    dict(type='AddGlobalView', size=256),
    dict(type='RandomCropAll', crop_size=256),
    dict(type='RandomFlip', flip_ratio=0.5),
    dict(
        type='Normalize',
        mean=[123.675, 116.28, 103.53],
        std=[58.395, 57.12, 57.375],
        to_rgb=True),
    dict(type='DefaultFormatBundle'),
    dict(
        type='Collect',
        keys=[
            'img', 'gt_masks', 'coarse_masks', 'unc_map', 'edge_map',
            'global_img', 'global_gt_np', 'global_coarse_np', 'global_unc_np',
            'global_edge_np'
        ])
]
val_data_root = '/home/ubuntu/vy/Denoiser/OEM_v2_Building'
val_pipeline = [
    dict(type='LoadImageFromFile'),
    dict(
        type='LoadAnnotations',
        with_bbox=False,
        with_label=False,
        with_mask=False,
        with_seg=True),
    dict(
        type='LoadOEMCoarseMasks',
        test_mode=True,
        pseudolabel_dir='/home/ubuntu/vy/Denoiser/OEM_v2_Building/pseudolabels'
    ),
    dict(type='Resize', img_scale=(1024, 1024), keep_ratio=False),
    dict(
        type='Normalize',
        mean=[123.675, 116.28, 103.53],
        std=[58.395, 57.12, 57.375],
        to_rgb=True),
    dict(type='DefaultFormatBundle'),
    dict(
        type='Collect',
        keys=['img', 'gt_masks', 'coarse_masks'],
        meta_keys=[
            'filename', 'ori_filename', 'ori_shape', 'img_shape', 'pad_shape',
            'scale_factor', 'flip', 'flip_direction', 'img_norm_cfg',
            'crop_bbox'
        ])
]
data_root = '/home/ubuntu/vy/Denoiser/OpenEarthMap_wo_xBD'
dataset_type = 'OEMBuildingDataset'
data = dict(
    train=dict(
        type='OEMBuildingDataset',
        data_root='/home/ubuntu/vy/Denoiser/OpenEarthMap_wo_xBD',
        split_file='/home/ubuntu/vy/Denoiser/OpenEarthMap_wo_xBD/train.txt',
        pipeline=[
            dict(type='LoadImageFromFile'),
            dict(
                type='LoadAnnotations',
                with_bbox=False,
                with_label=False,
                with_mask=False,
                with_seg=True),
            dict(
                type='LoadOEMCoarseMasks',
                use_obj=True,
                use_bnd=True,
                use_unc=True,
                test_mode=False),
            dict(type='AddGlobalView', size=256),
            dict(type='RandomCropAll', crop_size=256),
            dict(type='RandomFlip', flip_ratio=0.5),
            dict(
                type='Normalize',
                mean=[123.675, 116.28, 103.53],
                std=[58.395, 57.12, 57.375],
                to_rgb=True),
            dict(type='DefaultFormatBundle'),
            dict(
                type='Collect',
                keys=[
                    'img', 'gt_masks', 'coarse_masks', 'unc_map', 'edge_map',
                    'global_img', 'global_gt_np', 'global_coarse_np',
                    'global_unc_np', 'global_edge_np'
                ])
        ],
        test_mode=False),
    val=dict(
        type='OEMv2BuildingDataset',
        data_root='/home/ubuntu/vy/Denoiser/OEM_v2_Building',
        split_file='/home/ubuntu/vy/Denoiser/OEM_v2_Building/val.txt',
        pipeline=[
            dict(type='LoadImageFromFile'),
            dict(
                type='LoadAnnotations',
                with_bbox=False,
                with_label=False,
                with_mask=False,
                with_seg=True),
            dict(
                type='LoadOEMCoarseMasks',
                test_mode=True,
                pseudolabel_dir=
                '/home/ubuntu/vy/Denoiser/OEM_v2_Building/pseudolabels'),
            dict(type='Resize', img_scale=(1024, 1024), keep_ratio=False),
            dict(
                type='Normalize',
                mean=[123.675, 116.28, 103.53],
                std=[58.395, 57.12, 57.375],
                to_rgb=True),
            dict(type='DefaultFormatBundle'),
            dict(
                type='Collect',
                keys=['img', 'gt_masks', 'coarse_masks'],
                meta_keys=[
                    'filename', 'ori_filename', 'ori_shape', 'img_shape',
                    'pad_shape', 'scale_factor', 'flip', 'flip_direction',
                    'img_norm_cfg', 'crop_bbox'
                ])
        ],
        test_mode=True),
    test=dict(
        type='OEMv2BuildingDataset',
        data_root='/home/ubuntu/vy/Denoiser/OEM_v2_Building',
        split_file='/home/ubuntu/vy/Denoiser/OEM_v2_Building/test.txt',
        pipeline=[
            dict(type='LoadImageFromFile'),
            dict(
                type='LoadAnnotations',
                with_bbox=False,
                with_label=False,
                with_mask=False,
                with_seg=True),
            dict(
                type='LoadOEMCoarseMasks',
                test_mode=True,
                pseudolabel_dir=
                '/home/ubuntu/vy/Denoiser/OEM_v2_Building/pseudolabels'),
            dict(type='Resize', img_scale=(1024, 1024), keep_ratio=False),
            dict(
                type='Normalize',
                mean=[123.675, 116.28, 103.53],
                std=[58.395, 57.12, 57.375],
                to_rgb=True),
            dict(type='DefaultFormatBundle'),
            dict(
                type='Collect',
                keys=['img', 'gt_masks', 'coarse_masks'],
                meta_keys=[
                    'filename', 'ori_filename', 'ori_shape', 'img_shape',
                    'pad_shape', 'scale_factor', 'flip', 'flip_direction',
                    'img_norm_cfg', 'crop_bbox'
                ])
        ],
        test_mode=True),
    train_dataloader=dict(samples_per_gpu=8, workers_per_gpu=4),
    val_dataloader=dict(samples_per_gpu=1, workers_per_gpu=4))
optimizer = dict(
    type='AdamW', lr=0.0001, weight_decay=0, eps=1e-08, betas=(0.9, 0.999))
optimizer_config = dict(grad_clip=None)
max_iters = 120000
runner = dict(type='IterBasedRunner', max_iters=120000)
lr_config = dict(
    policy='step',
    gamma=0.5,
    by_epoch=False,
    step=[85000, 110000],
    warmup='linear',
    warmup_by_epoch=False,
    warmup_ratio=0.001,
    warmup_iters=500)
oem_eval = dict(interval=500, save_best=True)
interval = 1
work_dir = 'work_dirs/exp8_all'
auto_resume = False
gpu_ids = [0]

2026-05-03 17:25:44,336 - mmdet - INFO - Set random seed to 1837217888, deterministic: False
Name of parameter - Initialization information

denoise_model.time_embed.weight - torch.Size([6, 512]): 
The value is the same before and after calling `init_weights` of SegRefinerSemantic  

denoise_model.input_blocks.0.0.weight - torch.Size([128, 4, 3, 3]): 
The value is the same before and after calling `init_weights` of SegRefinerSemantic  

denoise_model.input_blocks.0.0.bias - torch.Size([128]): 
The value is the same before and after calling `init_weights` of SegRefinerSemantic  

denoise_model.input_blocks.1.0.in_layers.0.weight - torch.Size([128]): 
The value is the same before and after calling `init_weights` of SegRefinerSemantic  

denoise_model.input_blocks.1.0.in_layers.0.bias - torch.Size([128]): 
The value is the same before and after calling `init_weights` of SegRefinerSemantic  

denoise_model.input_blocks.1.0.in_layers.2.weight - torch.Size([128, 128, 3, 3]): 
The value is the same before and after calling `init_weights` of SegRefinerSemantic  

denoise_model.input_blocks.1.0.in_layers.2.bias - torch.Size([128]): 
The value is the same before and after calling `init_weights` of SegRefinerSemantic  

denoise_model.input_blocks.1.0.emb_layers.1.weight - torch.Size([128, 512]): 
The value is the same before and after calling `init_weights` of SegRefinerSemantic  

denoise_model.input_blocks.1.0.emb_layers.1.bias - torch.Size([128]): 
The value is the same before and after calling `init_weights` of SegRefinerSemantic  

denoise_model.input_blocks.1.0.out_layers.0.weight - torch.Size([128]): 
The value is the same before and after calling `init_weights` of SegRefinerSemantic  

denoise_model.input_blocks.1.0.out_layers.0.bias - torch.Size([128]): 
The value is the same before and after calling `init_weights` of SegRefinerSemantic  

denoise_model.input_blocks.1.0.out_layers.3.weight - torch.Size([128, 128, 3, 3]): 
The value is the same before and after calling `init_weights` of SegRefinerSemantic  

denoise_model.input_blocks.1.0.out_layers.3.bias - torch.Size([128]): 
The value is the same before and after calling `init_weights` of SegRefinerSemantic  

denoise_model.input_blocks.2.0.in_layers.0.weight - torch.Size([128]): 
The value is the same before and after calling `init_weights` of SegRefinerSemantic  

denoise_model.input_blocks.2.0.in_layers.0.bias - torch.Size([128]): 
The value is the same before and after calling `init_weights` of SegRefinerSemantic  

denoise_model.input_blocks.2.0.in_layers.2.weight - torch.Size([128, 128, 3, 3]): 
The value is the same before and after calling `init_weights` of SegRefinerSemantic  

denoise_model.input_blocks.2.0.in_layers.2.bias - torch.Size([128]): 
The value is the same before and after calling `init_weights` of SegRefinerSemantic  

denoise_model.input_blocks.2.0.emb_layers.1.weight - torch.Size([128, 512]): 
The value is the same before and after calling `init_weights` of SegRefinerSemantic  

denoise_model.input_blocks.2.0.emb_layers.1.bias - torch.Size([128]): 
The value is the same before and after calling `init_weights` of SegRefinerSemantic  

denoise_model.input_blocks.2.0.out_layers.0.weight - torch.Size([128]): 
The value is the same before and after calling `init_weights` of SegRefinerSemantic  

denoise_model.input_blocks.2.0.out_layers.0.bias - torch.Size([128]): 
The value is the same before and after calling `init_weights` of SegRefinerSemantic  

denoise_model.input_blocks.2.0.out_layers.3.weight - torch.Size([128, 128, 3, 3]): 
The value is the same before and after calling `init_weights` of SegRefinerSemantic  

denoise_model.input_blocks.2.0.out_layers.3.bias - torch.Size([128]): 
The value is the same before and after calling `init_weights` of SegRefinerSemantic  

denoise_model.input_blocks.3.0.op.weight - torch.Size([128, 128, 3, 3]): 
The value is the same before and after calling `init_weights` of SegRefinerSemantic  

denoise_model.input_blocks.3.0.op.bias - torch.Size([128]): 
The value is the same before and after calling `init_weights` of SegRefinerSemantic  

denoise_model.input_blocks.4.0.in_layers.0.weight - torch.Size([128]): 
The value is the same before and after calling `init_weights` of SegRefinerSemantic  

denoise_model.input_blocks.4.0.in_layers.0.bias - torch.Size([128]): 
The value is the same before and after calling `init_weights` of SegRefinerSemantic  

denoise_model.input_blocks.4.0.in_layers.2.weight - torch.Size([128, 128, 3, 3]): 
The value is the same before and after calling `init_weights` of SegRefinerSemantic  

denoise_model.input_blocks.4.0.in_layers.2.bias - torch.Size([128]): 
The value is the same before and after calling `init_weights` of SegRefinerSemantic  

denoise_model.input_blocks.4.0.emb_layers.1.weight - torch.Size([128, 512]): 
The value is the same before and after calling `init_weights` of SegRefinerSemantic  

denoise_model.input_blocks.4.0.emb_layers.1.bias - torch.Size([128]): 
The value is the same before and after calling `init_weights` of SegRefinerSemantic  

denoise_model.input_blocks.4.0.out_layers.0.weight - torch.Size([128]): 
The value is the same before and after calling `init_weights` of SegRefinerSemantic  

denoise_model.input_blocks.4.0.out_layers.0.bias - torch.Size([128]): 
The value is the same before and after calling `init_weights` of SegRefinerSemantic  

denoise_model.input_blocks.4.0.out_layers.3.weight - torch.Size([128, 128, 3, 3]): 
The value is the same before and after calling `init_weights` of SegRefinerSemantic  

denoise_model.input_blocks.4.0.out_layers.3.bias - torch.Size([128]): 
The value is the same before and after calling `init_weights` of SegRefinerSemantic  

denoise_model.input_blocks.5.0.in_layers.0.weight - torch.Size([128]): 
The value is the same before and after calling `init_weights` of SegRefinerSemantic  

denoise_model.input_blocks.5.0.in_layers.0.bias - torch.Size([128]): 
The value is the same before and after calling `init_weights` of SegRefinerSemantic  

denoise_model.input_blocks.5.0.in_layers.2.weight - torch.Size([128, 128, 3, 3]): 
The value is the same before and after calling `init_weights` of SegRefinerSemantic  

denoise_model.input_blocks.5.0.in_layers.2.bias - torch.Size([128]): 
The value is the same before and after calling `init_weights` of SegRefinerSemantic  

denoise_model.input_blocks.5.0.emb_layers.1.weight - torch.Size([128, 512]): 
The value is the same before and after calling `init_weights` of SegRefinerSemantic  

denoise_model.input_blocks.5.0.emb_layers.1.bias - torch.Size([128]): 
The value is the same before and after calling `init_weights` of SegRefinerSemantic  

denoise_model.input_blocks.5.0.out_layers.0.weight - torch.Size([128]): 
The value is the same before and after calling `init_weights` of SegRefinerSemantic  

denoise_model.input_blocks.5.0.out_layers.0.bias - torch.Size([128]): 
The value is the same before and after calling `init_weights` of SegRefinerSemantic  

denoise_model.input_blocks.5.0.out_layers.3.weight - torch.Size([128, 128, 3, 3]): 
The value is the same before and after calling `init_weights` of SegRefinerSemantic  

denoise_model.input_blocks.5.0.out_layers.3.bias - torch.Size([128]): 
The value is the same before and after calling `init_weights` of SegRefinerSemantic  

denoise_model.input_blocks.6.0.op.weight - torch.Size([128, 128, 3, 3]): 
The value is the same before and after calling `init_weights` of SegRefinerSemantic  

denoise_model.input_blocks.6.0.op.bias - torch.Size([128]): 
The value is the same before and after calling `init_weights` of SegRefinerSemantic  

denoise_model.input_blocks.7.0.in_layers.0.weight - torch.Size([128]): 
The value is the same before and after calling `init_weights` of SegRefinerSemantic  

denoise_model.input_blocks.7.0.in_layers.0.bias - torch.Size([128]): 
The value is the same before and after calling `init_weights` of SegRefinerSemantic  

denoise_model.input_blocks.7.0.in_layers.2.weight - torch.Size([256, 128, 3, 3]): 
The value is the same before and after calling `init_weights` of SegRefinerSemantic  

denoise_model.input_blocks.7.0.in_layers.2.bias - torch.Size([256]): 
The value is the same before and after calling `init_weights` of SegRefinerSemantic  

denoise_model.input_blocks.7.0.emb_layers.1.weight - torch.Size([256, 512]): 
The value is the same before and after calling `init_weights` of SegRefinerSemantic  

denoise_model.input_blocks.7.0.emb_layers.1.bias - torch.Size([256]): 
The value is the same before and after calling `init_weights` of SegRefinerSemantic  

denoise_model.input_blocks.7.0.out_layers.0.weight - torch.Size([256]): 
The value is the same before and after calling `init_weights` of SegRefinerSemantic  

denoise_model.input_blocks.7.0.out_layers.0.bias - torch.Size([256]): 
The value is the same before and after calling `init_weights` of SegRefinerSemantic  

denoise_model.input_blocks.7.0.out_layers.3.weight - torch.Size([256, 256, 3, 3]): 
The value is the same before and after calling `init_weights` of SegRefinerSemantic  

denoise_model.input_blocks.7.0.out_layers.3.bias - torch.Size([256]): 
The value is the same before and after calling `init_weights` of SegRefinerSemantic  

denoise_model.input_blocks.7.0.skip_connection.weight - torch.Size([256, 128, 1, 1]): 
The value is the same before and after calling `init_weights` of SegRefinerSemantic  

denoise_model.input_blocks.7.0.skip_connection.bias - torch.Size([256]): 
The value is the same before and after calling `init_weights` of SegRefinerSemantic  

denoise_model.input_blocks.8.0.in_layers.0.weight - torch.Size([256]): 
The value is the same before and after calling `init_weights` of SegRefinerSemantic  

denoise_model.input_blocks.8.0.in_layers.0.bias - torch.Size([256]): 
The value is the same before and after calling `init_weights` of SegRefinerSemantic  

denoise_model.input_blocks.8.0.in_layers.2.weight - torch.Size([256, 256, 3, 3]): 
The value is the same before and after calling `init_weights` of SegRefinerSemantic  

denoise_model.input_blocks.8.0.in_layers.2.bias - torch.Size([256]): 
The value is the same before and after calling `init_weights` of SegRefinerSemantic  

denoise_model.input_blocks.8.0.emb_layers.1.weight - torch.Size([256, 512]): 
The value is the same before and after calling `init_weights` of SegRefinerSemantic  

denoise_model.input_blocks.8.0.emb_layers.1.bias - torch.Size([256]): 
The value is the same before and after calling `init_weights` of SegRefinerSemantic  

denoise_model.input_blocks.8.0.out_layers.0.weight - torch.Size([256]): 
The value is the same before and after calling `init_weights` of SegRefinerSemantic  

denoise_model.input_blocks.8.0.out_layers.0.bias - torch.Size([256]): 
The value is the same before and after calling `init_weights` of SegRefinerSemantic  

denoise_model.input_blocks.8.0.out_layers.3.weight - torch.Size([256, 256, 3, 3]): 
The value is the same before and after calling `init_weights` of SegRefinerSemantic  

denoise_model.input_blocks.8.0.out_layers.3.bias - torch.Size([256]): 
The value is the same before and after calling `init_weights` of SegRefinerSemantic  

denoise_model.input_blocks.9.0.op.weight - torch.Size([256, 256, 3, 3]): 
The value is the same before and after calling `init_weights` of SegRefinerSemantic  

denoise_model.input_blocks.9.0.op.bias - torch.Size([256]): 
The value is the same before and after calling `init_weights` of SegRefinerSemantic  

denoise_model.input_blocks.10.0.in_layers.0.weight - torch.Size([256]): 
The value is the same before and after calling `init_weights` of SegRefinerSemantic  

denoise_model.input_blocks.10.0.in_layers.0.bias - torch.Size([256]): 
The value is the same before and after calling `init_weights` of SegRefinerSemantic  

denoise_model.input_blocks.10.0.in_layers.2.weight - torch.Size([256, 256, 3, 3]): 
The value is the same before and after calling `init_weights` of SegRefinerSemantic  

denoise_model.input_blocks.10.0.in_layers.2.bias - torch.Size([256]): 
The value is the same before and after calling `init_weights` of SegRefinerSemantic  

denoise_model.input_blocks.10.0.emb_layers.1.weight - torch.Size([256, 512]): 
The value is the same before and after calling `init_weights` of SegRefinerSemantic  

denoise_model.input_blocks.10.0.emb_layers.1.bias - torch.Size([256]): 
The value is the same before and after calling `init_weights` of SegRefinerSemantic  

denoise_model.input_blocks.10.0.out_layers.0.weight - torch.Size([256]): 
The value is the same before and after calling `init_weights` of SegRefinerSemantic  

denoise_model.input_blocks.10.0.out_layers.0.bias - torch.Size([256]): 
The value is the same before and after calling `init_weights` of SegRefinerSemantic  

denoise_model.input_blocks.10.0.out_layers.3.weight - torch.Size([256, 256, 3, 3]): 
The value is the same before and after calling `init_weights` of SegRefinerSemantic  

denoise_model.input_blocks.10.0.out_layers.3.bias - torch.Size([256]): 
The value is the same before and after calling `init_weights` of SegRefinerSemantic  

denoise_model.input_blocks.11.0.in_layers.0.weight - torch.Size([256]): 
The value is the same before and after calling `init_weights` of SegRefinerSemantic  

denoise_model.input_blocks.11.0.in_layers.0.bias - torch.Size([256]): 
The value is the same before and after calling `init_weights` of SegRefinerSemantic  

denoise_model.input_blocks.11.0.in_layers.2.weight - torch.Size([256, 256, 3, 3]): 
The value is the same before and after calling `init_weights` of SegRefinerSemantic  

denoise_model.input_blocks.11.0.in_layers.2.bias - torch.Size([256]): 
The value is the same before and after calling `init_weights` of SegRefinerSemantic  

denoise_model.input_blocks.11.0.emb_layers.1.weight - torch.Size([256, 512]): 
The value is the same before and after calling `init_weights` of SegRefinerSemantic  

denoise_model.input_blocks.11.0.emb_layers.1.bias - torch.Size([256]): 
The value is the same before and after calling `init_weights` of SegRefinerSemantic  

denoise_model.input_blocks.11.0.out_layers.0.weight - torch.Size([256]): 
The value is the same before and after calling `init_weights` of SegRefinerSemantic  

denoise_model.input_blocks.11.0.out_layers.0.bias - torch.Size([256]): 
The value is the same before and after calling `init_weights` of SegRefinerSemantic  

denoise_model.input_blocks.11.0.out_layers.3.weight - torch.Size([256, 256, 3, 3]): 
The value is the same before and after calling `init_weights` of SegRefinerSemantic  

denoise_model.input_blocks.11.0.out_layers.3.bias - torch.Size([256]): 
The value is the same before and after calling `init_weights` of SegRefinerSemantic  

denoise_model.input_blocks.12.0.op.weight - torch.Size([256, 256, 3, 3]): 
The value is the same before and after calling `init_weights` of SegRefinerSemantic  

denoise_model.input_blocks.12.0.op.bias - torch.Size([256]): 
The value is the same before and after calling `init_weights` of SegRefinerSemantic  

denoise_model.input_blocks.13.0.in_layers.0.weight - torch.Size([256]): 
The value is the same before and after calling `init_weights` of SegRefinerSemantic  

denoise_model.input_blocks.13.0.in_layers.0.bias - torch.Size([256]): 
The value is the same before and after calling `init_weights` of SegRefinerSemantic  

denoise_model.input_blocks.13.0.in_layers.2.weight - torch.Size([512, 256, 3, 3]): 
The value is the same before and after calling `init_weights` of SegRefinerSemantic  

denoise_model.input_blocks.13.0.in_layers.2.bias - torch.Size([512]): 
The value is the same before and after calling `init_weights` of SegRefinerSemantic  

denoise_model.input_blocks.13.0.emb_layers.1.weight - torch.Size([512, 512]): 
The value is the same before and after calling `init_weights` of SegRefinerSemantic  

denoise_model.input_blocks.13.0.emb_layers.1.bias - torch.Size([512]): 
The value is the same before and after calling `init_weights` of SegRefinerSemantic  

denoise_model.input_blocks.13.0.out_layers.0.weight - torch.Size([512]): 
The value is the same before and after calling `init_weights` of SegRefinerSemantic  

denoise_model.input_blocks.13.0.out_layers.0.bias - torch.Size([512]): 
The value is the same before and after calling `init_weights` of SegRefinerSemantic  

denoise_model.input_blocks.13.0.out_layers.3.weight - torch.Size([512, 512, 3, 3]): 
The value is the same before and after calling `init_weights` of SegRefinerSemantic  

denoise_model.input_blocks.13.0.out_layers.3.bias - torch.Size([512]): 
The value is the same before and after calling `init_weights` of SegRefinerSemantic  

denoise_model.input_blocks.13.0.skip_connection.weight - torch.Size([512, 256, 1, 1]): 
The value is the same before and after calling `init_weights` of SegRefinerSemantic  

denoise_model.input_blocks.13.0.skip_connection.bias - torch.Size([512]): 
The value is the same before and after calling `init_weights` of SegRefinerSemantic  

denoise_model.input_blocks.13.1.norm.weight - torch.Size([512]): 
The value is the same before and after calling `init_weights` of SegRefinerSemantic  

denoise_model.input_blocks.13.1.norm.bias - torch.Size([512]): 
The value is the same before and after calling `init_weights` of SegRefinerSemantic  

denoise_model.input_blocks.13.1.qkv.weight - torch.Size([1536, 512, 1]): 
The value is the same before and after calling `init_weights` of SegRefinerSemantic  

denoise_model.input_blocks.13.1.qkv.bias - torch.Size([1536]): 
The value is the same before and after calling `init_weights` of SegRefinerSemantic  

denoise_model.input_blocks.13.1.proj_out.weight - torch.Size([512, 512, 1]): 
The value is the same before and after calling `init_weights` of SegRefinerSemantic  

denoise_model.input_blocks.13.1.proj_out.bias - torch.Size([512]): 
The value is the same before and after calling `init_weights` of SegRefinerSemantic  

denoise_model.input_blocks.14.0.in_layers.0.weight - torch.Size([512]): 
The value is the same before and after calling `init_weights` of SegRefinerSemantic  

denoise_model.input_blocks.14.0.in_layers.0.bias - torch.Size([512]): 
The value is the same before and after calling `init_weights` of SegRefinerSemantic  

denoise_model.input_blocks.14.0.in_layers.2.weight - torch.Size([512, 512, 3, 3]): 
The value is the same before and after calling `init_weights` of SegRefinerSemantic  

denoise_model.input_blocks.14.0.in_layers.2.bias - torch.Size([512]): 
The value is the same before and after calling `init_weights` of SegRefinerSemantic  

denoise_model.input_blocks.14.0.emb_layers.1.weight - torch.Size([512, 512]): 
The value is the same before and after calling `init_weights` of SegRefinerSemantic  

denoise_model.input_blocks.14.0.emb_layers.1.bias - torch.Size([512]): 
The value is the same before and after calling `init_weights` of SegRefinerSemantic  

denoise_model.input_blocks.14.0.out_layers.0.weight - torch.Size([512]): 
The value is the same before and after calling `init_weights` of SegRefinerSemantic  

denoise_model.input_blocks.14.0.out_layers.0.bias - torch.Size([512]): 
The value is the same before and after calling `init_weights` of SegRefinerSemantic  

denoise_model.input_blocks.14.0.out_layers.3.weight - torch.Size([512, 512, 3, 3]): 
The value is the same before and after calling `init_weights` of SegRefinerSemantic  

denoise_model.input_blocks.14.0.out_layers.3.bias - torch.Size([512]): 
The value is the same before and after calling `init_weights` of SegRefinerSemantic  

denoise_model.input_blocks.14.1.norm.weight - torch.Size([512]): 
The value is the same before and after calling `init_weights` of SegRefinerSemantic  

denoise_model.input_blocks.14.1.norm.bias - torch.Size([512]): 
The value is the same before and after calling `init_weights` of SegRefinerSemantic  

denoise_model.input_blocks.14.1.qkv.weight - torch.Size([1536, 512, 1]): 
The value is the same before and after calling `init_weights` of SegRefinerSemantic  

denoise_model.input_blocks.14.1.qkv.bias - torch.Size([1536]): 
The value is the same before and after calling `init_weights` of SegRefinerSemantic  

denoise_model.input_blocks.14.1.proj_out.weight - torch.Size([512, 512, 1]): 
The value is the same before and after calling `init_weights` of SegRefinerSemantic  

denoise_model.input_blocks.14.1.proj_out.bias - torch.Size([512]): 
The value is the same before and after calling `init_weights` of SegRefinerSemantic  

denoise_model.input_blocks.15.0.op.weight - torch.Size([512, 512, 3, 3]): 
The value is the same before and after calling `init_weights` of SegRefinerSemantic  

denoise_model.input_blocks.15.0.op.bias - torch.Size([512]): 
The value is the same before and after calling `init_weights` of SegRefinerSemantic  

denoise_model.input_blocks.16.0.in_layers.0.weight - torch.Size([512]): 
The value is the same before and after calling `init_weights` of SegRefinerSemantic  

denoise_model.input_blocks.16.0.in_layers.0.bias - torch.Size([512]): 
The value is the same before and after calling `init_weights` of SegRefinerSemantic  

denoise_model.input_blocks.16.0.in_layers.2.weight - torch.Size([512, 512, 3, 3]): 
The value is the same before and after calling `init_weights` of SegRefinerSemantic  

denoise_model.input_blocks.16.0.in_layers.2.bias - torch.Size([512]): 
The value is the same before and after calling `init_weights` of SegRefinerSemantic  

denoise_model.input_blocks.16.0.emb_layers.1.weight - torch.Size([512, 512]): 
The value is the same before and after calling `init_weights` of SegRefinerSemantic  

denoise_model.input_blocks.16.0.emb_layers.1.bias - torch.Size([512]): 
The value is the same before and after calling `init_weights` of SegRefinerSemantic  

denoise_model.input_blocks.16.0.out_layers.0.weight - torch.Size([512]): 
The value is the same before and after calling `init_weights` of SegRefinerSemantic  

denoise_model.input_blocks.16.0.out_layers.0.bias - torch.Size([512]): 
The value is the same before and after calling `init_weights` of SegRefinerSemantic  

denoise_model.input_blocks.16.0.out_layers.3.weight - torch.Size([512, 512, 3, 3]): 
The value is the same before and after calling `init_weights` of SegRefinerSemantic  

denoise_model.input_blocks.16.0.out_layers.3.bias - torch.Size([512]): 
The value is the same before and after calling `init_weights` of SegRefinerSemantic  

denoise_model.input_blocks.16.1.norm.weight - torch.Size([512]): 
The value is the same before and after calling `init_weights` of SegRefinerSemantic  

denoise_model.input_blocks.16.1.norm.bias - torch.Size([512]): 
The value is the same before and after calling `init_weights` of SegRefinerSemantic  

denoise_model.input_blocks.16.1.qkv.weight - torch.Size([1536, 512, 1]): 
The value is the same before and after calling `init_weights` of SegRefinerSemantic  

denoise_model.input_blocks.16.1.qkv.bias - torch.Size([1536]): 
The value is the same before and after calling `init_weights` of SegRefinerSemantic  

denoise_model.input_blocks.16.1.proj_out.weight - torch.Size([512, 512, 1]): 
The value is the same before and after calling `init_weights` of SegRefinerSemantic  

denoise_model.input_blocks.16.1.proj_out.bias - torch.Size([512]): 
The value is the same before and after calling `init_weights` of SegRefinerSemantic  

denoise_model.input_blocks.17.0.in_layers.0.weight - torch.Size([512]): 
The value is the same before and after calling `init_weights` of SegRefinerSemantic  

denoise_model.input_blocks.17.0.in_layers.0.bias - torch.Size([512]): 
The value is the same before and after calling `init_weights` of SegRefinerSemantic  

denoise_model.input_blocks.17.0.in_layers.2.weight - torch.Size([512, 512, 3, 3]): 
The value is the same before and after calling `init_weights` of SegRefinerSemantic  

denoise_model.input_blocks.17.0.in_layers.2.bias - torch.Size([512]): 
The value is the same before and after calling `init_weights` of SegRefinerSemantic  

denoise_model.input_blocks.17.0.emb_layers.1.weight - torch.Size([512, 512]): 
The value is the same before and after calling `init_weights` of SegRefinerSemantic  

denoise_model.input_blocks.17.0.emb_layers.1.bias - torch.Size([512]): 
The value is the same before and after calling `init_weights` of SegRefinerSemantic  

denoise_model.input_blocks.17.0.out_layers.0.weight - torch.Size([512]): 
The value is the same before and after calling `init_weights` of SegRefinerSemantic  

denoise_model.input_blocks.17.0.out_layers.0.bias - torch.Size([512]): 
The value is the same before and after calling `init_weights` of SegRefinerSemantic  

denoise_model.input_blocks.17.0.out_layers.3.weight - torch.Size([512, 512, 3, 3]): 
The value is the same before and after calling `init_weights` of SegRefinerSemantic  

denoise_model.input_blocks.17.0.out_layers.3.bias - torch.Size([512]): 
The value is the same before and after calling `init_weights` of SegRefinerSemantic  

denoise_model.input_blocks.17.1.norm.weight - torch.Size([512]): 
The value is the same before and after calling `init_weights` of SegRefinerSemantic  

denoise_model.input_blocks.17.1.norm.bias - torch.Size([512]): 
The value is the same before and after calling `init_weights` of SegRefinerSemantic  

denoise_model.input_blocks.17.1.qkv.weight - torch.Size([1536, 512, 1]): 
The value is the same before and after calling `init_weights` of SegRefinerSemantic  

denoise_model.input_blocks.17.1.qkv.bias - torch.Size([1536]): 
The value is the same before and after calling `init_weights` of SegRefinerSemantic  

denoise_model.input_blocks.17.1.proj_out.weight - torch.Size([512, 512, 1]): 
The value is the same before and after calling `init_weights` of SegRefinerSemantic  

denoise_model.input_blocks.17.1.proj_out.bias - torch.Size([512]): 
The value is the same before and after calling `init_weights` of SegRefinerSemantic  

denoise_model.middle_block.0.in_layers.0.weight - torch.Size([512]): 
The value is the same before and after calling `init_weights` of SegRefinerSemantic  

denoise_model.middle_block.0.in_layers.0.bias - torch.Size([512]): 
The value is the same before and after calling `init_weights` of SegRefinerSemantic  

denoise_model.middle_block.0.in_layers.2.weight - torch.Size([512, 512, 3, 3]): 
The value is the same before and after calling `init_weights` of SegRefinerSemantic  

denoise_model.middle_block.0.in_layers.2.bias - torch.Size([512]): 
The value is the same before and after calling `init_weights` of SegRefinerSemantic  

denoise_model.middle_block.0.emb_layers.1.weight - torch.Size([512, 512]): 
The value is the same before and after calling `init_weights` of SegRefinerSemantic  

denoise_model.middle_block.0.emb_layers.1.bias - torch.Size([512]): 
The value is the same before and after calling `init_weights` of SegRefinerSemantic  

denoise_model.middle_block.0.out_layers.0.weight - torch.Size([512]): 
The value is the same before and after calling `init_weights` of SegRefinerSemantic  

denoise_model.middle_block.0.out_layers.0.bias - torch.Size([512]): 
The value is the same before and after calling `init_weights` of SegRefinerSemantic  

denoise_model.middle_block.0.out_layers.3.weight - torch.Size([512, 512, 3, 3]): 
The value is the same before and after calling `init_weights` of SegRefinerSemantic  

denoise_model.middle_block.0.out_layers.3.bias - torch.Size([512]): 
The value is the same before and after calling `init_weights` of SegRefinerSemantic  

denoise_model.middle_block.1.norm.weight - torch.Size([512]): 
The value is the same before and after calling `init_weights` of SegRefinerSemantic  

denoise_model.middle_block.1.norm.bias - torch.Size([512]): 
The value is the same before and after calling `init_weights` of SegRefinerSemantic  

denoise_model.middle_block.1.qkv.weight - torch.Size([1536, 512, 1]): 
The value is the same before and after calling `init_weights` of SegRefinerSemantic  

denoise_model.middle_block.1.qkv.bias - torch.Size([1536]): 
The value is the same before and after calling `init_weights` of SegRefinerSemantic  

denoise_model.middle_block.1.proj_out.weight - torch.Size([512, 512, 1]): 
The value is the same before and after calling `init_weights` of SegRefinerSemantic  

denoise_model.middle_block.1.proj_out.bias - torch.Size([512]): 
The value is the same before and after calling `init_weights` of SegRefinerSemantic  

denoise_model.middle_block.2.in_layers.0.weight - torch.Size([512]): 
The value is the same before and after calling `init_weights` of SegRefinerSemantic  

denoise_model.middle_block.2.in_layers.0.bias - torch.Size([512]): 
The value is the same before and after calling `init_weights` of SegRefinerSemantic  

denoise_model.middle_block.2.in_layers.2.weight - torch.Size([512, 512, 3, 3]): 
The value is the same before and after calling `init_weights` of SegRefinerSemantic  

denoise_model.middle_block.2.in_layers.2.bias - torch.Size([512]): 
The value is the same before and after calling `init_weights` of SegRefinerSemantic  

denoise_model.middle_block.2.emb_layers.1.weight - torch.Size([512, 512]): 
The value is the same before and after calling `init_weights` of SegRefinerSemantic  

denoise_model.middle_block.2.emb_layers.1.bias - torch.Size([512]): 
The value is the same before and after calling `init_weights` of SegRefinerSemantic  

denoise_model.middle_block.2.out_layers.0.weight - torch.Size([512]): 
The value is the same before and after calling `init_weights` of SegRefinerSemantic  

denoise_model.middle_block.2.out_layers.0.bias - torch.Size([512]): 
The value is the same before and after calling `init_weights` of SegRefinerSemantic  

denoise_model.middle_block.2.out_layers.3.weight - torch.Size([512, 512, 3, 3]): 
The value is the same before and after calling `init_weights` of SegRefinerSemantic  

denoise_model.middle_block.2.out_layers.3.bias - torch.Size([512]): 
The value is the same before and after calling `init_weights` of SegRefinerSemantic  

denoise_model.output_blocks.0.0.in_layers.0.weight - torch.Size([1024]): 
The value is the same before and after calling `init_weights` of SegRefinerSemantic  

denoise_model.output_blocks.0.0.in_layers.0.bias - torch.Size([1024]): 
The value is the same before and after calling `init_weights` of SegRefinerSemantic  

denoise_model.output_blocks.0.0.in_layers.2.weight - torch.Size([512, 1024, 3, 3]): 
The value is the same before and after calling `init_weights` of SegRefinerSemantic  

denoise_model.output_blocks.0.0.in_layers.2.bias - torch.Size([512]): 
The value is the same before and after calling `init_weights` of SegRefinerSemantic  

denoise_model.output_blocks.0.0.emb_layers.1.weight - torch.Size([512, 512]): 
The value is the same before and after calling `init_weights` of SegRefinerSemantic  

denoise_model.output_blocks.0.0.emb_layers.1.bias - torch.Size([512]): 
The value is the same before and after calling `init_weights` of SegRefinerSemantic  

denoise_model.output_blocks.0.0.out_layers.0.weight - torch.Size([512]): 
The value is the same before and after calling `init_weights` of SegRefinerSemantic  

denoise_model.output_blocks.0.0.out_layers.0.bias - torch.Size([512]): 
The value is the same before and after calling `init_weights` of SegRefinerSemantic  

denoise_model.output_blocks.0.0.out_layers.3.weight - torch.Size([512, 512, 3, 3]): 
The value is the same before and after calling `init_weights` of SegRefinerSemantic  

denoise_model.output_blocks.0.0.out_layers.3.bias - torch.Size([512]): 
The value is the same before and after calling `init_weights` of SegRefinerSemantic  

denoise_model.output_blocks.0.0.skip_connection.weight - torch.Size([512, 1024, 1, 1]): 
The value is the same before and after calling `init_weights` of SegRefinerSemantic  

denoise_model.output_blocks.0.0.skip_connection.bias - torch.Size([512]): 
The value is the same before and after calling `init_weights` of SegRefinerSemantic  

denoise_model.output_blocks.0.1.norm.weight - torch.Size([512]): 
The value is the same before and after calling `init_weights` of SegRefinerSemantic  

denoise_model.output_blocks.0.1.norm.bias - torch.Size([512]): 
The value is the same before and after calling `init_weights` of SegRefinerSemantic  

denoise_model.output_blocks.0.1.qkv.weight - torch.Size([1536, 512, 1]): 
The value is the same before and after calling `init_weights` of SegRefinerSemantic  

denoise_model.output_blocks.0.1.qkv.bias - torch.Size([1536]): 
The value is the same before and after calling `init_weights` of SegRefinerSemantic  

denoise_model.output_blocks.0.1.proj_out.weight - torch.Size([512, 512, 1]): 
The value is the same before and after calling `init_weights` of SegRefinerSemantic  

denoise_model.output_blocks.0.1.proj_out.bias - torch.Size([512]): 
The value is the same before and after calling `init_weights` of SegRefinerSemantic  

denoise_model.output_blocks.1.0.in_layers.0.weight - torch.Size([1024]): 
The value is the same before and after calling `init_weights` of SegRefinerSemantic  

denoise_model.output_blocks.1.0.in_layers.0.bias - torch.Size([1024]): 
The value is the same before and after calling `init_weights` of SegRefinerSemantic  

denoise_model.output_blocks.1.0.in_layers.2.weight - torch.Size([512, 1024, 3, 3]): 
The value is the same before and after calling `init_weights` of SegRefinerSemantic  

denoise_model.output_blocks.1.0.in_layers.2.bias - torch.Size([512]): 
The value is the same before and after calling `init_weights` of SegRefinerSemantic  

denoise_model.output_blocks.1.0.emb_layers.1.weight - torch.Size([512, 512]): 
The value is the same before and after calling `init_weights` of SegRefinerSemantic  

denoise_model.output_blocks.1.0.emb_layers.1.bias - torch.Size([512]): 
The value is the same before and after calling `init_weights` of SegRefinerSemantic  

denoise_model.output_blocks.1.0.out_layers.0.weight - torch.Size([512]): 
The value is the same before and after calling `init_weights` of SegRefinerSemantic  

denoise_model.output_blocks.1.0.out_layers.0.bias - torch.Size([512]): 
The value is the same before and after calling `init_weights` of SegRefinerSemantic  

denoise_model.output_blocks.1.0.out_layers.3.weight - torch.Size([512, 512, 3, 3]): 
The value is the same before and after calling `init_weights` of SegRefinerSemantic  

denoise_model.output_blocks.1.0.out_layers.3.bias - torch.Size([512]): 
The value is the same before and after calling `init_weights` of SegRefinerSemantic  

denoise_model.output_blocks.1.0.skip_connection.weight - torch.Size([512, 1024, 1, 1]): 
The value is the same before and after calling `init_weights` of SegRefinerSemantic  

denoise_model.output_blocks.1.0.skip_connection.bias - torch.Size([512]): 
The value is the same before and after calling `init_weights` of SegRefinerSemantic  

denoise_model.output_blocks.1.1.norm.weight - torch.Size([512]): 
The value is the same before and after calling `init_weights` of SegRefinerSemantic  

denoise_model.output_blocks.1.1.norm.bias - torch.Size([512]): 
The value is the same before and after calling `init_weights` of SegRefinerSemantic  

denoise_model.output_blocks.1.1.qkv.weight - torch.Size([1536, 512, 1]): 
The value is the same before and after calling `init_weights` of SegRefinerSemantic  

denoise_model.output_blocks.1.1.qkv.bias - torch.Size([1536]): 
The value is the same before and after calling `init_weights` of SegRefinerSemantic  

denoise_model.output_blocks.1.1.proj_out.weight - torch.Size([512, 512, 1]): 
The value is the same before and after calling `init_weights` of SegRefinerSemantic  

denoise_model.output_blocks.1.1.proj_out.bias - torch.Size([512]): 
The value is the same before and after calling `init_weights` of SegRefinerSemantic  

denoise_model.output_blocks.2.0.in_layers.0.weight - torch.Size([1024]): 
The value is the same before and after calling `init_weights` of SegRefinerSemantic  

denoise_model.output_blocks.2.0.in_layers.0.bias - torch.Size([1024]): 
The value is the same before and after calling `init_weights` of SegRefinerSemantic  

denoise_model.output_blocks.2.0.in_layers.2.weight - torch.Size([512, 1024, 3, 3]): 
The value is the same before and after calling `init_weights` of SegRefinerSemantic  

denoise_model.output_blocks.2.0.in_layers.2.bias - torch.Size([512]): 
The value is the same before and after calling `init_weights` of SegRefinerSemantic  

denoise_model.output_blocks.2.0.emb_layers.1.weight - torch.Size([512, 512]): 
The value is the same before and after calling `init_weights` of SegRefinerSemantic  

denoise_model.output_blocks.2.0.emb_layers.1.bias - torch.Size([512]): 
The value is the same before and after calling `init_weights` of SegRefinerSemantic  

denoise_model.output_blocks.2.0.out_layers.0.weight - torch.Size([512]): 
The value is the same before and after calling `init_weights` of SegRefinerSemantic  

denoise_model.output_blocks.2.0.out_layers.0.bias - torch.Size([512]): 
The value is the same before and after calling `init_weights` of SegRefinerSemantic  

denoise_model.output_blocks.2.0.out_layers.3.weight - torch.Size([512, 512, 3, 3]): 
The value is the same before and after calling `init_weights` of SegRefinerSemantic  

denoise_model.output_blocks.2.0.out_layers.3.bias - torch.Size([512]): 
The value is the same before and after calling `init_weights` of SegRefinerSemantic  

denoise_model.output_blocks.2.0.skip_connection.weight - torch.Size([512, 1024, 1, 1]): 
The value is the same before and after calling `init_weights` of SegRefinerSemantic  

denoise_model.output_blocks.2.0.skip_connection.bias - torch.Size([512]): 
The value is the same before and after calling `init_weights` of SegRefinerSemantic  

denoise_model.output_blocks.2.1.norm.weight - torch.Size([512]): 
The value is the same before and after calling `init_weights` of SegRefinerSemantic  

denoise_model.output_blocks.2.1.norm.bias - torch.Size([512]): 
The value is the same before and after calling `init_weights` of SegRefinerSemantic  

denoise_model.output_blocks.2.1.qkv.weight - torch.Size([1536, 512, 1]): 
The value is the same before and after calling `init_weights` of SegRefinerSemantic  

denoise_model.output_blocks.2.1.qkv.bias - torch.Size([1536]): 
The value is the same before and after calling `init_weights` of SegRefinerSemantic  

denoise_model.output_blocks.2.1.proj_out.weight - torch.Size([512, 512, 1]): 
The value is the same before and after calling `init_weights` of SegRefinerSemantic  

denoise_model.output_blocks.2.1.proj_out.bias - torch.Size([512]): 
The value is the same before and after calling `init_weights` of SegRefinerSemantic  

denoise_model.output_blocks.2.2.conv.weight - torch.Size([512, 512, 3, 3]): 
The value is the same before and after calling `init_weights` of SegRefinerSemantic  

denoise_model.output_blocks.2.2.conv.bias - torch.Size([512]): 
The value is the same before and after calling `init_weights` of SegRefinerSemantic  

denoise_model.output_blocks.3.0.in_layers.0.weight - torch.Size([1024]): 
The value is the same before and after calling `init_weights` of SegRefinerSemantic  

denoise_model.output_blocks.3.0.in_layers.0.bias - torch.Size([1024]): 
The value is the same before and after calling `init_weights` of SegRefinerSemantic  

denoise_model.output_blocks.3.0.in_layers.2.weight - torch.Size([512, 1024, 3, 3]): 
The value is the same before and after calling `init_weights` of SegRefinerSemantic  

denoise_model.output_blocks.3.0.in_layers.2.bias - torch.Size([512]): 
The value is the same before and after calling `init_weights` of SegRefinerSemantic  

denoise_model.output_blocks.3.0.emb_layers.1.weight - torch.Size([512, 512]): 
The value is the same before and after calling `init_weights` of SegRefinerSemantic  

denoise_model.output_blocks.3.0.emb_layers.1.bias - torch.Size([512]): 
The value is the same before and after calling `init_weights` of SegRefinerSemantic  

denoise_model.output_blocks.3.0.out_layers.0.weight - torch.Size([512]): 
The value is the same before and after calling `init_weights` of SegRefinerSemantic  

denoise_model.output_blocks.3.0.out_layers.0.bias - torch.Size([512]): 
The value is the same before and after calling `init_weights` of SegRefinerSemantic  

denoise_model.output_blocks.3.0.out_layers.3.weight - torch.Size([512, 512, 3, 3]): 
The value is the same before and after calling `init_weights` of SegRefinerSemantic  

denoise_model.output_blocks.3.0.out_layers.3.bias - torch.Size([512]): 
The value is the same before and after calling `init_weights` of SegRefinerSemantic  

denoise_model.output_blocks.3.0.skip_connection.weight - torch.Size([512, 1024, 1, 1]): 
The value is the same before and after calling `init_weights` of SegRefinerSemantic  

denoise_model.output_blocks.3.0.skip_connection.bias - torch.Size([512]): 
The value is the same before and after calling `init_weights` of SegRefinerSemantic  

denoise_model.output_blocks.3.1.norm.weight - torch.Size([512]): 
The value is the same before and after calling `init_weights` of SegRefinerSemantic  

denoise_model.output_blocks.3.1.norm.bias - torch.Size([512]): 
The value is the same before and after calling `init_weights` of SegRefinerSemantic  

denoise_model.output_blocks.3.1.qkv.weight - torch.Size([1536, 512, 1]): 
The value is the same before and after calling `init_weights` of SegRefinerSemantic  

denoise_model.output_blocks.3.1.qkv.bias - torch.Size([1536]): 
The value is the same before and after calling `init_weights` of SegRefinerSemantic  

denoise_model.output_blocks.3.1.proj_out.weight - torch.Size([512, 512, 1]): 
The value is the same before and after calling `init_weights` of SegRefinerSemantic  

denoise_model.output_blocks.3.1.proj_out.bias - torch.Size([512]): 
The value is the same before and after calling `init_weights` of SegRefinerSemantic  

denoise_model.output_blocks.4.0.in_layers.0.weight - torch.Size([1024]): 
The value is the same before and after calling `init_weights` of SegRefinerSemantic  

denoise_model.output_blocks.4.0.in_layers.0.bias - torch.Size([1024]): 
The value is the same before and after calling `init_weights` of SegRefinerSemantic  

denoise_model.output_blocks.4.0.in_layers.2.weight - torch.Size([512, 1024, 3, 3]): 
The value is the same before and after calling `init_weights` of SegRefinerSemantic  

denoise_model.output_blocks.4.0.in_layers.2.bias - torch.Size([512]): 
The value is the same before and after calling `init_weights` of SegRefinerSemantic  

denoise_model.output_blocks.4.0.emb_layers.1.weight - torch.Size([512, 512]): 
The value is the same before and after calling `init_weights` of SegRefinerSemantic  

denoise_model.output_blocks.4.0.emb_layers.1.bias - torch.Size([512]): 
The value is the same before and after calling `init_weights` of SegRefinerSemantic  

denoise_model.output_blocks.4.0.out_layers.0.weight - torch.Size([512]): 
The value is the same before and after calling `init_weights` of SegRefinerSemantic  

denoise_model.output_blocks.4.0.out_layers.0.bias - torch.Size([512]): 
The value is the same before and after calling `init_weights` of SegRefinerSemantic  

denoise_model.output_blocks.4.0.out_layers.3.weight - torch.Size([512, 512, 3, 3]): 
The value is the same before and after calling `init_weights` of SegRefinerSemantic  

denoise_model.output_blocks.4.0.out_layers.3.bias - torch.Size([512]): 
The value is the same before and after calling `init_weights` of SegRefinerSemantic  

denoise_model.output_blocks.4.0.skip_connection.weight - torch.Size([512, 1024, 1, 1]): 
The value is the same before and after calling `init_weights` of SegRefinerSemantic  

denoise_model.output_blocks.4.0.skip_connection.bias - torch.Size([512]): 
The value is the same before and after calling `init_weights` of SegRefinerSemantic  

denoise_model.output_blocks.4.1.norm.weight - torch.Size([512]): 
The value is the same before and after calling `init_weights` of SegRefinerSemantic  

denoise_model.output_blocks.4.1.norm.bias - torch.Size([512]): 
The value is the same before and after calling `init_weights` of SegRefinerSemantic  

denoise_model.output_blocks.4.1.qkv.weight - torch.Size([1536, 512, 1]): 
The value is the same before and after calling `init_weights` of SegRefinerSemantic  

denoise_model.output_blocks.4.1.qkv.bias - torch.Size([1536]): 
The value is the same before and after calling `init_weights` of SegRefinerSemantic  

denoise_model.output_blocks.4.1.proj_out.weight - torch.Size([512, 512, 1]): 
The value is the same before and after calling `init_weights` of SegRefinerSemantic  

denoise_model.output_blocks.4.1.proj_out.bias - torch.Size([512]): 
The value is the same before and after calling `init_weights` of SegRefinerSemantic  

denoise_model.output_blocks.5.0.in_layers.0.weight - torch.Size([768]): 
The value is the same before and after calling `init_weights` of SegRefinerSemantic  

denoise_model.output_blocks.5.0.in_layers.0.bias - torch.Size([768]): 
The value is the same before and after calling `init_weights` of SegRefinerSemantic  

denoise_model.output_blocks.5.0.in_layers.2.weight - torch.Size([512, 768, 3, 3]): 
The value is the same before and after calling `init_weights` of SegRefinerSemantic  

denoise_model.output_blocks.5.0.in_layers.2.bias - torch.Size([512]): 
The value is the same before and after calling `init_weights` of SegRefinerSemantic  

denoise_model.output_blocks.5.0.emb_layers.1.weight - torch.Size([512, 512]): 
The value is the same before and after calling `init_weights` of SegRefinerSemantic  

denoise_model.output_blocks.5.0.emb_layers.1.bias - torch.Size([512]): 
The value is the same before and after calling `init_weights` of SegRefinerSemantic  

denoise_model.output_blocks.5.0.out_layers.0.weight - torch.Size([512]): 
The value is the same before and after calling `init_weights` of SegRefinerSemantic  

denoise_model.output_blocks.5.0.out_layers.0.bias - torch.Size([512]): 
The value is the same before and after calling `init_weights` of SegRefinerSemantic  

denoise_model.output_blocks.5.0.out_layers.3.weight - torch.Size([512, 512, 3, 3]): 
The value is the same before and after calling `init_weights` of SegRefinerSemantic  

denoise_model.output_blocks.5.0.out_layers.3.bias - torch.Size([512]): 
The value is the same before and after calling `init_weights` of SegRefinerSemantic  

denoise_model.output_blocks.5.0.skip_connection.weight - torch.Size([512, 768, 1, 1]): 
The value is the same before and after calling `init_weights` of SegRefinerSemantic  

denoise_model.output_blocks.5.0.skip_connection.bias - torch.Size([512]): 
The value is the same before and after calling `init_weights` of SegRefinerSemantic  

denoise_model.output_blocks.5.1.norm.weight - torch.Size([512]): 
The value is the same before and after calling `init_weights` of SegRefinerSemantic  

denoise_model.output_blocks.5.1.norm.bias - torch.Size([512]): 
The value is the same before and after calling `init_weights` of SegRefinerSemantic  

denoise_model.output_blocks.5.1.qkv.weight - torch.Size([1536, 512, 1]): 
The value is the same before and after calling `init_weights` of SegRefinerSemantic  

denoise_model.output_blocks.5.1.qkv.bias - torch.Size([1536]): 
The value is the same before and after calling `init_weights` of SegRefinerSemantic  

denoise_model.output_blocks.5.1.proj_out.weight - torch.Size([512, 512, 1]): 
The value is the same before and after calling `init_weights` of SegRefinerSemantic  

denoise_model.output_blocks.5.1.proj_out.bias - torch.Size([512]): 
The value is the same before and after calling `init_weights` of SegRefinerSemantic  

denoise_model.output_blocks.5.2.conv.weight - torch.Size([512, 512, 3, 3]): 
The value is the same before and after calling `init_weights` of SegRefinerSemantic  

denoise_model.output_blocks.5.2.conv.bias - torch.Size([512]): 
The value is the same before and after calling `init_weights` of SegRefinerSemantic  

denoise_model.output_blocks.6.0.in_layers.0.weight - torch.Size([768]): 
The value is the same before and after calling `init_weights` of SegRefinerSemantic  

denoise_model.output_blocks.6.0.in_layers.0.bias - torch.Size([768]): 
The value is the same before and after calling `init_weights` of SegRefinerSemantic  

denoise_model.output_blocks.6.0.in_layers.2.weight - torch.Size([256, 768, 3, 3]): 
The value is the same before and after calling `init_weights` of SegRefinerSemantic  

denoise_model.output_blocks.6.0.in_layers.2.bias - torch.Size([256]): 
The value is the same before and after calling `init_weights` of SegRefinerSemantic  

denoise_model.output_blocks.6.0.emb_layers.1.weight - torch.Size([256, 512]): 
The value is the same before and after calling `init_weights` of SegRefinerSemantic  

denoise_model.output_blocks.6.0.emb_layers.1.bias - torch.Size([256]): 
The value is the same before and after calling `init_weights` of SegRefinerSemantic  

denoise_model.output_blocks.6.0.out_layers.0.weight - torch.Size([256]): 
The value is the same before and after calling `init_weights` of SegRefinerSemantic  

denoise_model.output_blocks.6.0.out_layers.0.bias - torch.Size([256]): 
The value is the same before and after calling `init_weights` of SegRefinerSemantic  

denoise_model.output_blocks.6.0.out_layers.3.weight - torch.Size([256, 256, 3, 3]): 
The value is the same before and after calling `init_weights` of SegRefinerSemantic  

denoise_model.output_blocks.6.0.out_layers.3.bias - torch.Size([256]): 
The value is the same before and after calling `init_weights` of SegRefinerSemantic  

denoise_model.output_blocks.6.0.skip_connection.weight - torch.Size([256, 768, 1, 1]): 
The value is the same before and after calling `init_weights` of SegRefinerSemantic  

denoise_model.output_blocks.6.0.skip_connection.bias - torch.Size([256]): 
The value is the same before and after calling `init_weights` of SegRefinerSemantic  

denoise_model.output_blocks.7.0.in_layers.0.weight - torch.Size([512]): 
The value is the same before and after calling `init_weights` of SegRefinerSemantic  

denoise_model.output_blocks.7.0.in_layers.0.bias - torch.Size([512]): 
The value is the same before and after calling `init_weights` of SegRefinerSemantic  

denoise_model.output_blocks.7.0.in_layers.2.weight - torch.Size([256, 512, 3, 3]): 
The value is the same before and after calling `init_weights` of SegRefinerSemantic  

denoise_model.output_blocks.7.0.in_layers.2.bias - torch.Size([256]): 
The value is the same before and after calling `init_weights` of SegRefinerSemantic  

denoise_model.output_blocks.7.0.emb_layers.1.weight - torch.Size([256, 512]): 
The value is the same before and after calling `init_weights` of SegRefinerSemantic  

denoise_model.output_blocks.7.0.emb_layers.1.bias - torch.Size([256]): 
The value is the same before and after calling `init_weights` of SegRefinerSemantic  

denoise_model.output_blocks.7.0.out_layers.0.weight - torch.Size([256]): 
The value is the same before and after calling `init_weights` of SegRefinerSemantic  

denoise_model.output_blocks.7.0.out_layers.0.bias - torch.Size([256]): 
The value is the same before and after calling `init_weights` of SegRefinerSemantic  

denoise_model.output_blocks.7.0.out_layers.3.weight - torch.Size([256, 256, 3, 3]): 
The value is the same before and after calling `init_weights` of SegRefinerSemantic  

denoise_model.output_blocks.7.0.out_layers.3.bias - torch.Size([256]): 
The value is the same before and after calling `init_weights` of SegRefinerSemantic  

denoise_model.output_blocks.7.0.skip_connection.weight - torch.Size([256, 512, 1, 1]): 
The value is the same before and after calling `init_weights` of SegRefinerSemantic  

denoise_model.output_blocks.7.0.skip_connection.bias - torch.Size([256]): 
The value is the same before and after calling `init_weights` of SegRefinerSemantic  

denoise_model.output_blocks.8.0.in_layers.0.weight - torch.Size([512]): 
The value is the same before and after calling `init_weights` of SegRefinerSemantic  

denoise_model.output_blocks.8.0.in_layers.0.bias - torch.Size([512]): 
The value is the same before and after calling `init_weights` of SegRefinerSemantic  

denoise_model.output_blocks.8.0.in_layers.2.weight - torch.Size([256, 512, 3, 3]): 
The value is the same before and after calling `init_weights` of SegRefinerSemantic  

denoise_model.output_blocks.8.0.in_layers.2.bias - torch.Size([256]): 
The value is the same before and after calling `init_weights` of SegRefinerSemantic  

denoise_model.output_blocks.8.0.emb_layers.1.weight - torch.Size([256, 512]): 
The value is the same before and after calling `init_weights` of SegRefinerSemantic  

denoise_model.output_blocks.8.0.emb_layers.1.bias - torch.Size([256]): 
The value is the same before and after calling `init_weights` of SegRefinerSemantic  

denoise_model.output_blocks.8.0.out_layers.0.weight - torch.Size([256]): 
The value is the same before and after calling `init_weights` of SegRefinerSemantic  

denoise_model.output_blocks.8.0.out_layers.0.bias - torch.Size([256]): 
The value is the same before and after calling `init_weights` of SegRefinerSemantic  

denoise_model.output_blocks.8.0.out_layers.3.weight - torch.Size([256, 256, 3, 3]): 
The value is the same before and after calling `init_weights` of SegRefinerSemantic  

denoise_model.output_blocks.8.0.out_layers.3.bias - torch.Size([256]): 
The value is the same before and after calling `init_weights` of SegRefinerSemantic  

denoise_model.output_blocks.8.0.skip_connection.weight - torch.Size([256, 512, 1, 1]): 
The value is the same before and after calling `init_weights` of SegRefinerSemantic  

denoise_model.output_blocks.8.0.skip_connection.bias - torch.Size([256]): 
The value is the same before and after calling `init_weights` of SegRefinerSemantic  

denoise_model.output_blocks.8.1.conv.weight - torch.Size([256, 256, 3, 3]): 
The value is the same before and after calling `init_weights` of SegRefinerSemantic  

denoise_model.output_blocks.8.1.conv.bias - torch.Size([256]): 
The value is the same before and after calling `init_weights` of SegRefinerSemantic  

denoise_model.output_blocks.9.0.in_layers.0.weight - torch.Size([512]): 
The value is the same before and after calling `init_weights` of SegRefinerSemantic  

denoise_model.output_blocks.9.0.in_layers.0.bias - torch.Size([512]): 
The value is the same before and after calling `init_weights` of SegRefinerSemantic  

denoise_model.output_blocks.9.0.in_layers.2.weight - torch.Size([256, 512, 3, 3]): 
The value is the same before and after calling `init_weights` of SegRefinerSemantic  

denoise_model.output_blocks.9.0.in_layers.2.bias - torch.Size([256]): 
The value is the same before and after calling `init_weights` of SegRefinerSemantic  

denoise_model.output_blocks.9.0.emb_layers.1.weight - torch.Size([256, 512]): 
The value is the same before and after calling `init_weights` of SegRefinerSemantic  

denoise_model.output_blocks.9.0.emb_layers.1.bias - torch.Size([256]): 
The value is the same before and after calling `init_weights` of SegRefinerSemantic  

denoise_model.output_blocks.9.0.out_layers.0.weight - torch.Size([256]): 
The value is the same before and after calling `init_weights` of SegRefinerSemantic  

denoise_model.output_blocks.9.0.out_layers.0.bias - torch.Size([256]): 
The value is the same before and after calling `init_weights` of SegRefinerSemantic  

denoise_model.output_blocks.9.0.out_layers.3.weight - torch.Size([256, 256, 3, 3]): 
The value is the same before and after calling `init_weights` of SegRefinerSemantic  

denoise_model.output_blocks.9.0.out_layers.3.bias - torch.Size([256]): 
The value is the same before and after calling `init_weights` of SegRefinerSemantic  

denoise_model.output_blocks.9.0.skip_connection.weight - torch.Size([256, 512, 1, 1]): 
The value is the same before and after calling `init_weights` of SegRefinerSemantic  

denoise_model.output_blocks.9.0.skip_connection.bias - torch.Size([256]): 
The value is the same before and after calling `init_weights` of SegRefinerSemantic  

denoise_model.output_blocks.10.0.in_layers.0.weight - torch.Size([512]): 
The value is the same before and after calling `init_weights` of SegRefinerSemantic  

denoise_model.output_blocks.10.0.in_layers.0.bias - torch.Size([512]): 
The value is the same before and after calling `init_weights` of SegRefinerSemantic  

denoise_model.output_blocks.10.0.in_layers.2.weight - torch.Size([256, 512, 3, 3]): 
The value is the same before and after calling `init_weights` of SegRefinerSemantic  

denoise_model.output_blocks.10.0.in_layers.2.bias - torch.Size([256]): 
The value is the same before and after calling `init_weights` of SegRefinerSemantic  

denoise_model.output_blocks.10.0.emb_layers.1.weight - torch.Size([256, 512]): 
The value is the same before and after calling `init_weights` of SegRefinerSemantic  

denoise_model.output_blocks.10.0.emb_layers.1.bias - torch.Size([256]): 
The value is the same before and after calling `init_weights` of SegRefinerSemantic  

denoise_model.output_blocks.10.0.out_layers.0.weight - torch.Size([256]): 
The value is the same before and after calling `init_weights` of SegRefinerSemantic  

denoise_model.output_blocks.10.0.out_layers.0.bias - torch.Size([256]): 
The value is the same before and after calling `init_weights` of SegRefinerSemantic  

denoise_model.output_blocks.10.0.out_layers.3.weight - torch.Size([256, 256, 3, 3]): 
The value is the same before and after calling `init_weights` of SegRefinerSemantic  

denoise_model.output_blocks.10.0.out_layers.3.bias - torch.Size([256]): 
The value is the same before and after calling `init_weights` of SegRefinerSemantic  

denoise_model.output_blocks.10.0.skip_connection.weight - torch.Size([256, 512, 1, 1]): 
The value is the same before and after calling `init_weights` of SegRefinerSemantic  

denoise_model.output_blocks.10.0.skip_connection.bias - torch.Size([256]): 
The value is the same before and after calling `init_weights` of SegRefinerSemantic  

denoise_model.output_blocks.11.0.in_layers.0.weight - torch.Size([384]): 
The value is the same before and after calling `init_weights` of SegRefinerSemantic  

denoise_model.output_blocks.11.0.in_layers.0.bias - torch.Size([384]): 
The value is the same before and after calling `init_weights` of SegRefinerSemantic  

denoise_model.output_blocks.11.0.in_layers.2.weight - torch.Size([256, 384, 3, 3]): 
The value is the same before and after calling `init_weights` of SegRefinerSemantic  

denoise_model.output_blocks.11.0.in_layers.2.bias - torch.Size([256]): 
The value is the same before and after calling `init_weights` of SegRefinerSemantic  

denoise_model.output_blocks.11.0.emb_layers.1.weight - torch.Size([256, 512]): 
The value is the same before and after calling `init_weights` of SegRefinerSemantic  

denoise_model.output_blocks.11.0.emb_layers.1.bias - torch.Size([256]): 
The value is the same before and after calling `init_weights` of SegRefinerSemantic  

denoise_model.output_blocks.11.0.out_layers.0.weight - torch.Size([256]): 
The value is the same before and after calling `init_weights` of SegRefinerSemantic  

denoise_model.output_blocks.11.0.out_layers.0.bias - torch.Size([256]): 
The value is the same before and after calling `init_weights` of SegRefinerSemantic  

denoise_model.output_blocks.11.0.out_layers.3.weight - torch.Size([256, 256, 3, 3]): 
The value is the same before and after calling `init_weights` of SegRefinerSemantic  

denoise_model.output_blocks.11.0.out_layers.3.bias - torch.Size([256]): 
The value is the same before and after calling `init_weights` of SegRefinerSemantic  

denoise_model.output_blocks.11.0.skip_connection.weight - torch.Size([256, 384, 1, 1]): 
The value is the same before and after calling `init_weights` of SegRefinerSemantic  

denoise_model.output_blocks.11.0.skip_connection.bias - torch.Size([256]): 
The value is the same before and after calling `init_weights` of SegRefinerSemantic  

denoise_model.output_blocks.11.1.conv.weight - torch.Size([256, 256, 3, 3]): 
The value is the same before and after calling `init_weights` of SegRefinerSemantic  

denoise_model.output_blocks.11.1.conv.bias - torch.Size([256]): 
The value is the same before and after calling `init_weights` of SegRefinerSemantic  

denoise_model.output_blocks.12.0.in_layers.0.weight - torch.Size([384]): 
The value is the same before and after calling `init_weights` of SegRefinerSemantic  

denoise_model.output_blocks.12.0.in_layers.0.bias - torch.Size([384]): 
The value is the same before and after calling `init_weights` of SegRefinerSemantic  

denoise_model.output_blocks.12.0.in_layers.2.weight - torch.Size([128, 384, 3, 3]): 
The value is the same before and after calling `init_weights` of SegRefinerSemantic  

denoise_model.output_blocks.12.0.in_layers.2.bias - torch.Size([128]): 
The value is the same before and after calling `init_weights` of SegRefinerSemantic  

denoise_model.output_blocks.12.0.emb_layers.1.weight - torch.Size([128, 512]): 
The value is the same before and after calling `init_weights` of SegRefinerSemantic  

denoise_model.output_blocks.12.0.emb_layers.1.bias - torch.Size([128]): 
The value is the same before and after calling `init_weights` of SegRefinerSemantic  

denoise_model.output_blocks.12.0.out_layers.0.weight - torch.Size([128]): 
The value is the same before and after calling `init_weights` of SegRefinerSemantic  

denoise_model.output_blocks.12.0.out_layers.0.bias - torch.Size([128]): 
The value is the same before and after calling `init_weights` of SegRefinerSemantic  

denoise_model.output_blocks.12.0.out_layers.3.weight - torch.Size([128, 128, 3, 3]): 
The value is the same before and after calling `init_weights` of SegRefinerSemantic  

denoise_model.output_blocks.12.0.out_layers.3.bias - torch.Size([128]): 
The value is the same before and after calling `init_weights` of SegRefinerSemantic  

denoise_model.output_blocks.12.0.skip_connection.weight - torch.Size([128, 384, 1, 1]): 
The value is the same before and after calling `init_weights` of SegRefinerSemantic  

denoise_model.output_blocks.12.0.skip_connection.bias - torch.Size([128]): 
The value is the same before and after calling `init_weights` of SegRefinerSemantic  

denoise_model.output_blocks.13.0.in_layers.0.weight - torch.Size([256]): 
The value is the same before and after calling `init_weights` of SegRefinerSemantic  

denoise_model.output_blocks.13.0.in_layers.0.bias - torch.Size([256]): 
The value is the same before and after calling `init_weights` of SegRefinerSemantic  

denoise_model.output_blocks.13.0.in_layers.2.weight - torch.Size([128, 256, 3, 3]): 
The value is the same before and after calling `init_weights` of SegRefinerSemantic  

denoise_model.output_blocks.13.0.in_layers.2.bias - torch.Size([128]): 
The value is the same before and after calling `init_weights` of SegRefinerSemantic  

denoise_model.output_blocks.13.0.emb_layers.1.weight - torch.Size([128, 512]): 
The value is the same before and after calling `init_weights` of SegRefinerSemantic  

denoise_model.output_blocks.13.0.emb_layers.1.bias - torch.Size([128]): 
The value is the same before and after calling `init_weights` of SegRefinerSemantic  

denoise_model.output_blocks.13.0.out_layers.0.weight - torch.Size([128]): 
The value is the same before and after calling `init_weights` of SegRefinerSemantic  

denoise_model.output_blocks.13.0.out_layers.0.bias - torch.Size([128]): 
The value is the same before and after calling `init_weights` of SegRefinerSemantic  

denoise_model.output_blocks.13.0.out_layers.3.weight - torch.Size([128, 128, 3, 3]): 
The value is the same before and after calling `init_weights` of SegRefinerSemantic  

denoise_model.output_blocks.13.0.out_layers.3.bias - torch.Size([128]): 
The value is the same before and after calling `init_weights` of SegRefinerSemantic  

denoise_model.output_blocks.13.0.skip_connection.weight - torch.Size([128, 256, 1, 1]): 
The value is the same before and after calling `init_weights` of SegRefinerSemantic  

denoise_model.output_blocks.13.0.skip_connection.bias - torch.Size([128]): 
The value is the same before and after calling `init_weights` of SegRefinerSemantic  

denoise_model.output_blocks.14.0.in_layers.0.weight - torch.Size([256]): 
The value is the same before and after calling `init_weights` of SegRefinerSemantic  

denoise_model.output_blocks.14.0.in_layers.0.bias - torch.Size([256]): 
The value is the same before and after calling `init_weights` of SegRefinerSemantic  

denoise_model.output_blocks.14.0.in_layers.2.weight - torch.Size([128, 256, 3, 3]): 
The value is the same before and after calling `init_weights` of SegRefinerSemantic  

denoise_model.output_blocks.14.0.in_layers.2.bias - torch.Size([128]): 
The value is the same before and after calling `init_weights` of SegRefinerSemantic  

denoise_model.output_blocks.14.0.emb_layers.1.weight - torch.Size([128, 512]): 
The value is the same before and after calling `init_weights` of SegRefinerSemantic  

denoise_model.output_blocks.14.0.emb_layers.1.bias - torch.Size([128]): 
The value is the same before and after calling `init_weights` of SegRefinerSemantic  

denoise_model.output_blocks.14.0.out_layers.0.weight - torch.Size([128]): 
The value is the same before and after calling `init_weights` of SegRefinerSemantic  

denoise_model.output_blocks.14.0.out_layers.0.bias - torch.Size([128]): 
The value is the same before and after calling `init_weights` of SegRefinerSemantic  

denoise_model.output_blocks.14.0.out_layers.3.weight - torch.Size([128, 128, 3, 3]): 
The value is the same before and after calling `init_weights` of SegRefinerSemantic  

denoise_model.output_blocks.14.0.out_layers.3.bias - torch.Size([128]): 
The value is the same before and after calling `init_weights` of SegRefinerSemantic  

denoise_model.output_blocks.14.0.skip_connection.weight - torch.Size([128, 256, 1, 1]): 
The value is the same before and after calling `init_weights` of SegRefinerSemantic  

denoise_model.output_blocks.14.0.skip_connection.bias - torch.Size([128]): 
The value is the same before and after calling `init_weights` of SegRefinerSemantic  

denoise_model.output_blocks.14.1.conv.weight - torch.Size([128, 128, 3, 3]): 
The value is the same before and after calling `init_weights` of SegRefinerSemantic  

denoise_model.output_blocks.14.1.conv.bias - torch.Size([128]): 
The value is the same before and after calling `init_weights` of SegRefinerSemantic  

denoise_model.output_blocks.15.0.in_layers.0.weight - torch.Size([256]): 
The value is the same before and after calling `init_weights` of SegRefinerSemantic  

denoise_model.output_blocks.15.0.in_layers.0.bias - torch.Size([256]): 
The value is the same before and after calling `init_weights` of SegRefinerSemantic  

denoise_model.output_blocks.15.0.in_layers.2.weight - torch.Size([128, 256, 3, 3]): 
The value is the same before and after calling `init_weights` of SegRefinerSemantic  

denoise_model.output_blocks.15.0.in_layers.2.bias - torch.Size([128]): 
The value is the same before and after calling `init_weights` of SegRefinerSemantic  

denoise_model.output_blocks.15.0.emb_layers.1.weight - torch.Size([128, 512]): 
The value is the same before and after calling `init_weights` of SegRefinerSemantic  

denoise_model.output_blocks.15.0.emb_layers.1.bias - torch.Size([128]): 
The value is the same before and after calling `init_weights` of SegRefinerSemantic  

denoise_model.output_blocks.15.0.out_layers.0.weight - torch.Size([128]): 
The value is the same before and after calling `init_weights` of SegRefinerSemantic  

denoise_model.output_blocks.15.0.out_layers.0.bias - torch.Size([128]): 
The value is the same before and after calling `init_weights` of SegRefinerSemantic  

denoise_model.output_blocks.15.0.out_layers.3.weight - torch.Size([128, 128, 3, 3]): 
The value is the same before and after calling `init_weights` of SegRefinerSemantic  

denoise_model.output_blocks.15.0.out_layers.3.bias - torch.Size([128]): 
The value is the same before and after calling `init_weights` of SegRefinerSemantic  

denoise_model.output_blocks.15.0.skip_connection.weight - torch.Size([128, 256, 1, 1]): 
The value is the same before and after calling `init_weights` of SegRefinerSemantic  

denoise_model.output_blocks.15.0.skip_connection.bias - torch.Size([128]): 
The value is the same before and after calling `init_weights` of SegRefinerSemantic  

denoise_model.output_blocks.16.0.in_layers.0.weight - torch.Size([256]): 
The value is the same before and after calling `init_weights` of SegRefinerSemantic  

denoise_model.output_blocks.16.0.in_layers.0.bias - torch.Size([256]): 
The value is the same before and after calling `init_weights` of SegRefinerSemantic  

denoise_model.output_blocks.16.0.in_layers.2.weight - torch.Size([128, 256, 3, 3]): 
The value is the same before and after calling `init_weights` of SegRefinerSemantic  

denoise_model.output_blocks.16.0.in_layers.2.bias - torch.Size([128]): 
The value is the same before and after calling `init_weights` of SegRefinerSemantic  

denoise_model.output_blocks.16.0.emb_layers.1.weight - torch.Size([128, 512]): 
The value is the same before and after calling `init_weights` of SegRefinerSemantic  

denoise_model.output_blocks.16.0.emb_layers.1.bias - torch.Size([128]): 
The value is the same before and after calling `init_weights` of SegRefinerSemantic  

denoise_model.output_blocks.16.0.out_layers.0.weight - torch.Size([128]): 
The value is the same before and after calling `init_weights` of SegRefinerSemantic  

denoise_model.output_blocks.16.0.out_layers.0.bias - torch.Size([128]): 
The value is the same before and after calling `init_weights` of SegRefinerSemantic  

denoise_model.output_blocks.16.0.out_layers.3.weight - torch.Size([128, 128, 3, 3]): 
The value is the same before and after calling `init_weights` of SegRefinerSemantic  

denoise_model.output_blocks.16.0.out_layers.3.bias - torch.Size([128]): 
The value is the same before and after calling `init_weights` of SegRefinerSemantic  

denoise_model.output_blocks.16.0.skip_connection.weight - torch.Size([128, 256, 1, 1]): 
The value is the same before and after calling `init_weights` of SegRefinerSemantic  

denoise_model.output_blocks.16.0.skip_connection.bias - torch.Size([128]): 
The value is the same before and after calling `init_weights` of SegRefinerSemantic  

denoise_model.output_blocks.17.0.in_layers.0.weight - torch.Size([256]): 
The value is the same before and after calling `init_weights` of SegRefinerSemantic  

denoise_model.output_blocks.17.0.in_layers.0.bias - torch.Size([256]): 
The value is the same before and after calling `init_weights` of SegRefinerSemantic  

denoise_model.output_blocks.17.0.in_layers.2.weight - torch.Size([128, 256, 3, 3]): 
The value is the same before and after calling `init_weights` of SegRefinerSemantic  

denoise_model.output_blocks.17.0.in_layers.2.bias - torch.Size([128]): 
The value is the same before and after calling `init_weights` of SegRefinerSemantic  

denoise_model.output_blocks.17.0.emb_layers.1.weight - torch.Size([128, 512]): 
The value is the same before and after calling `init_weights` of SegRefinerSemantic  

denoise_model.output_blocks.17.0.emb_layers.1.bias - torch.Size([128]): 
The value is the same before and after calling `init_weights` of SegRefinerSemantic  

denoise_model.output_blocks.17.0.out_layers.0.weight - torch.Size([128]): 
The value is the same before and after calling `init_weights` of SegRefinerSemantic  

denoise_model.output_blocks.17.0.out_layers.0.bias - torch.Size([128]): 
The value is the same before and after calling `init_weights` of SegRefinerSemantic  

denoise_model.output_blocks.17.0.out_layers.3.weight - torch.Size([128, 128, 3, 3]): 
The value is the same before and after calling `init_weights` of SegRefinerSemantic  

denoise_model.output_blocks.17.0.out_layers.3.bias - torch.Size([128]): 
The value is the same before and after calling `init_weights` of SegRefinerSemantic  

denoise_model.output_blocks.17.0.skip_connection.weight - torch.Size([128, 256, 1, 1]): 
The value is the same before and after calling `init_weights` of SegRefinerSemantic  

denoise_model.output_blocks.17.0.skip_connection.bias - torch.Size([128]): 
The value is the same before and after calling `init_weights` of SegRefinerSemantic  

denoise_model.out.0.weight - torch.Size([128]): 
The value is the same before and after calling `init_weights` of SegRefinerSemantic  

denoise_model.out.0.bias - torch.Size([128]): 
The value is the same before and after calling `init_weights` of SegRefinerSemantic  

denoise_model.out.2.weight - torch.Size([1, 128, 3, 3]): 
The value is the same before and after calling `init_weights` of SegRefinerSemantic  

denoise_model.out.2.bias - torch.Size([1]): 
The value is the same before and after calling `init_weights` of SegRefinerSemantic  

loss_texture.sobel.conv_x.weight - torch.Size([1, 1, 3, 3]): 
The value is the same before and after calling `init_weights` of SegRefinerSemantic  

loss_texture.sobel.conv_y.weight - torch.Size([1, 1, 3, 3]): 
The value is the same before and after calling `init_weights` of SegRefinerSemantic  
2026-05-03 17:25:49,014 - mmdet - INFO - Automatic scaling of learning rate (LR) has been disabled.
2026-05-03 17:25:49,017 - mmdet - INFO - Start running, host: ubuntu@ip-172-31-22-110, work_dir: /home/ubuntu/vy/Denoiser/SegRefiner/work_dirs/exp8_all
2026-05-03 17:25:49,017 - mmdet - INFO - Hooks will be executed in the following order:
before_run:
(VERY_HIGH   ) StepLrUpdaterHook                  
(NORMAL      ) CheckpointHook                     
(VERY_LOW    ) TextLoggerHook                     
 -------------------- 
before_train_epoch:
(VERY_HIGH   ) StepLrUpdaterHook                  
(LOW         ) IterTimerHook                      
(VERY_LOW    ) TextLoggerHook                     
 -------------------- 
before_train_iter:
(VERY_HIGH   ) StepLrUpdaterHook                  
(LOW         ) IterTimerHook                      
 -------------------- 
after_train_iter:
(ABOVE_NORMAL) OptimizerHook                      
(NORMAL      ) CheckpointHook                     
(LOW         ) IterTimerHook                      
(LOW         ) OEMBuildingEvalHook                
(VERY_LOW    ) TextLoggerHook                     
 -------------------- 
after_train_epoch:
(NORMAL      ) CheckpointHook                     
(VERY_LOW    ) TextLoggerHook                     
 -------------------- 
before_val_epoch:
(LOW         ) IterTimerHook                      
(VERY_LOW    ) TextLoggerHook                     
 -------------------- 
before_val_iter:
(LOW         ) IterTimerHook                      
 -------------------- 
after_val_iter:
(LOW         ) IterTimerHook                      
 -------------------- 
after_val_epoch:
(VERY_LOW    ) TextLoggerHook                     
 -------------------- 
after_run:
(VERY_LOW    ) TextLoggerHook                     
 -------------------- 
2026-05-03 17:25:49,017 - mmdet - INFO - workflow: [('train', 1)], max: 120000 iters
2026-05-03 17:25:49,017 - mmdet - INFO - Checkpoints will be saved to /home/ubuntu/vy/Denoiser/SegRefiner/work_dirs/exp8_all by HardDiskBackend.
2026-05-03 17:26:25,281 - mmdet - INFO - Iter [25/120000]	lr: 4.895e-06, eta: 1 day, 13:33:13, time: 1.127, data_time: 0.032, memory: 37109, loss_mask: 1.2643, loss_texture: 0.0180, iou: 0.1901, iou_t0: 0.2213, iou_t1: 0.1462, iou_t2: 0.1619, iou_t3: 0.1568, iou_t4: 0.1580, iou_t5: 0.1824, loss: 1.2823
2026-05-03 17:26:52,872 - mmdet - INFO - Iter [50/120000]	lr: 9.890e-06, eta: 1 day, 13:09:33, time: 1.104, data_time: 0.012, memory: 37109, loss_mask: 0.8622, loss_texture: 0.0176, iou: 0.3290, iou_t0: 0.4307, iou_t1: 0.2959, iou_t2: 0.2621, iou_t3: 0.2487, iou_t4: 0.2211, iou_t5: 0.1710, loss: 0.8798
2026-05-03 17:27:20,494 - mmdet - INFO - Iter [75/120000]	lr: 1.489e-05, eta: 1 day, 13:02:10, time: 1.105, data_time: 0.012, memory: 37109, loss_mask: 0.5232, loss_texture: 0.0139, iou: 0.4617, iou_t0: 0.5841, iou_t1: 0.4800, iou_t2: 0.4659, iou_t3: 0.3957, iou_t4: 0.3064, iou_t5: 0.1629, loss: 0.5371
2026-05-03 17:27:48,046 - mmdet - INFO - Iter [100/120000]	lr: 1.988e-05, eta: 1 day, 12:56:51, time: 1.102, data_time: 0.012, memory: 37109, loss_mask: 0.3868, loss_texture: 0.0135, iou: 0.5425, iou_t0: 0.6327, iou_t1: 0.6380, iou_t2: 0.6233, iou_t3: 0.4949, iou_t4: 0.3882, iou_t5: 0.2379, loss: 0.4003
2026-05-03 17:28:15,508 - mmdet - INFO - Iter [125/120000]	lr: 2.488e-05, eta: 1 day, 12:52:03, time: 1.098, data_time: 0.013, memory: 37109, loss_mask: 0.3457, loss_texture: 0.0124, iou: 0.5748, iou_t0: 0.6840, iou_t1: 0.6977, iou_t2: 0.6508, iou_t3: 0.5216, iou_t4: 0.3613, iou_t5: 0.2386, loss: 0.3581
2026-05-03 17:28:42,988 - mmdet - INFO - Iter [150/120000]	lr: 2.987e-05, eta: 1 day, 12:48:55, time: 1.099, data_time: 0.012, memory: 37109, loss_mask: 0.2897, loss_texture: 0.0117, iou: 0.5896, iou_t0: 0.6857, iou_t1: 0.6948, iou_t2: 0.6537, iou_t3: 0.5934, iou_t4: 0.3674, iou_t5: 0.2545, loss: 0.3015
2026-05-03 17:29:10,689 - mmdet - INFO - Iter [175/120000]	lr: 3.487e-05, eta: 1 day, 12:49:05, time: 1.108, data_time: 0.013, memory: 37109, loss_mask: 0.2719, loss_texture: 0.0120, iou: 0.6133, iou_t0: 0.6880, iou_t1: 0.7379, iou_t2: 0.7036, iou_t3: 0.5602, iou_t4: 0.3754, iou_t5: 0.3345, loss: 0.2839
2026-05-03 17:29:38,146 - mmdet - INFO - Iter [200/120000]	lr: 3.986e-05, eta: 1 day, 12:46:40, time: 1.098, data_time: 0.012, memory: 37109, loss_mask: 0.2620, loss_texture: 0.0112, iou: 0.5951, iou_t0: 0.6660, iou_t1: 0.7163, iou_t2: 0.6734, iou_t3: 0.6163, iou_t4: 0.4245, iou_t5: 0.1885, loss: 0.2732
2026-05-03 17:30:05,522 - mmdet - INFO - Iter [225/120000]	lr: 4.486e-05, eta: 1 day, 12:43:57, time: 1.095, data_time: 0.013, memory: 37109, loss_mask: 0.2493, loss_texture: 0.0102, iou: 0.6045, iou_t0: 0.6853, iou_t1: 0.7371, iou_t2: 0.7389, iou_t3: 0.5440, iou_t4: 0.4185, iou_t5: 0.2176, loss: 0.2595
2026-05-03 17:30:32,947 - mmdet - INFO - Iter [250/120000]	lr: 4.985e-05, eta: 1 day, 12:42:05, time: 1.097, data_time: 0.012, memory: 37109, loss_mask: 0.2365, loss_texture: 0.0106, iou: 0.6229, iou_t0: 0.7143, iou_t1: 0.7739, iou_t2: 0.6952, iou_t3: 0.6037, iou_t4: 0.3584, iou_t5: 0.2767, loss: 0.2472
2026-05-03 17:31:00,347 - mmdet - INFO - Iter [275/120000]	lr: 5.485e-05, eta: 1 day, 12:40:17, time: 1.096, data_time: 0.012, memory: 37109, loss_mask: 0.2110, loss_texture: 0.0093, iou: 0.6013, iou_t0: 0.6348, iou_t1: 0.7472, iou_t2: 0.7345, iou_t3: 0.6140, iou_t4: 0.4148, iou_t5: 0.3294, loss: 0.2203
2026-05-03 17:31:27,920 - mmdet - INFO - Iter [300/120000]	lr: 5.984e-05, eta: 1 day, 12:39:52, time: 1.103, data_time: 0.012, memory: 37109, loss_mask: 0.1987, loss_texture: 0.0092, iou: 0.6159, iou_t0: 0.6660, iou_t1: 0.7842, iou_t2: 0.6857, iou_t3: 0.6402, iou_t4: 0.4461, iou_t5: 0.2687, loss: 0.2080
2026-05-03 17:31:55,479 - mmdet - INFO - Iter [325/120000]	lr: 6.484e-05, eta: 1 day, 12:39:21, time: 1.102, data_time: 0.013, memory: 37109, loss_mask: 0.1947, loss_texture: 0.0092, iou: 0.6372, iou_t0: 0.6927, iou_t1: 0.7630, iou_t2: 0.7577, iou_t3: 0.6761, iou_t4: 0.4038, iou_t5: 0.3955, loss: 0.2038
2026-05-03 17:32:23,021 - mmdet - INFO - Iter [350/120000]	lr: 6.983e-05, eta: 1 day, 12:38:45, time: 1.102, data_time: 0.012, memory: 37109, loss_mask: 0.2082, loss_texture: 0.0099, iou: 0.6063, iou_t0: 0.6674, iou_t1: 0.7509, iou_t2: 0.6926, iou_t3: 0.5273, iou_t4: 0.4682, iou_t5: 0.3262, loss: 0.2181
2026-05-03 17:32:50,392 - mmdet - INFO - Iter [375/120000]	lr: 7.483e-05, eta: 1 day, 12:37:16, time: 1.095, data_time: 0.012, memory: 37109, loss_mask: 0.1901, loss_texture: 0.0088, iou: 0.6230, iou_t0: 0.7002, iou_t1: 0.6942, iou_t2: 0.6947, iou_t3: 0.5872, iou_t4: 0.3964, iou_t5: 0.3557, loss: 0.1989
2026-05-03 17:33:17,918 - mmdet - INFO - Iter [400/120000]	lr: 7.982e-05, eta: 1 day, 12:36:40, time: 1.101, data_time: 0.013, memory: 37109, loss_mask: 0.2167, loss_texture: 0.0106, iou: 0.6543, iou_t0: 0.7171, iou_t1: 0.7779, iou_t2: 0.7605, iou_t3: 0.6463, iou_t4: 0.4291, iou_t5: 0.3723, loss: 0.2273
2026-05-03 17:33:45,358 - mmdet - INFO - Iter [425/120000]	lr: 8.482e-05, eta: 1 day, 12:35:42, time: 1.098, data_time: 0.013, memory: 37109, loss_mask: 0.1870, loss_texture: 0.0091, iou: 0.6352, iou_t0: 0.6825, iou_t1: 0.7487, iou_t2: 0.7424, iou_t3: 0.6178, iou_t4: 0.4596, iou_t5: 0.3467, loss: 0.1961
2026-05-03 17:34:12,893 - mmdet - INFO - Iter [450/120000]	lr: 8.981e-05, eta: 1 day, 12:35:12, time: 1.101, data_time: 0.012, memory: 37109, loss_mask: 0.2152, loss_texture: 0.0101, iou: 0.6572, iou_t0: 0.7031, iou_t1: 0.8496, iou_t2: 0.7634, iou_t3: 0.6514, iou_t4: 0.4529, iou_t5: 0.3282, loss: 0.2253
2026-05-03 17:34:40,360 - mmdet - INFO - Iter [475/120000]	lr: 9.481e-05, eta: 1 day, 12:34:25, time: 1.099, data_time: 0.012, memory: 37109, loss_mask: 0.2254, loss_texture: 0.0101, iou: 0.5853, iou_t0: 0.6539, iou_t1: 0.7324, iou_t2: 0.7097, iou_t3: 0.5300, iou_t4: 0.3942, iou_t5: 0.3034, loss: 0.2355
2026-05-03 17:35:07,944 - mmdet - INFO - Validation set: 218 images
2026-05-03 17:35:07,944 - mmdet - INFO - 
--- Val evaluation at iter 500 ---
2026-05-03 17:37:33,937 - mmdet - INFO - 
+------------+-------------+-------------+
| Class      | Val IoU     | Pseudo IoU  |
+------------+-------------+-------------+
| background | 92.15       | 92.68       |
| building   | 67.07       | 69.14       |
| Summary    | mIoU: 79.61 | mIoU: 80.91 |
+------------+-------------+-------------+
Images evaluated: 218
2026-05-03 17:37:35,476 - mmdet - INFO - ★ New best mIoU: 79.61% (prev: 0.00%, Δ=+79.61%) → saved to /home/ubuntu/vy/Denoiser/SegRefiner/work_dirs/exp8_all/best_model.pth
2026-05-03 17:37:35,481 - mmdet - INFO - Iter [500/120000]	lr: 9.980e-05, eta: 1 day, 12:34:08, time: 1.103, data_time: 0.012, memory: 37109, val/mIoU: 0.7961, val/IoU.building: 0.6707, val/IoU.background: 0.9215, val/Pseudo_mIoU: 0.8091, loss_mask: 0.2009, loss_texture: 0.0093, iou: 0.6217, iou_t0: 0.6889, iou_t1: 0.8220, iou_t2: 0.6996, iou_t3: 0.6223, iou_t4: 0.4300, iou_t5: 0.3192, loss: 0.2102
2026-05-03 17:38:03,263 - mmdet - INFO - Iter [525/120000]	lr: 1.000e-04, eta: 1 day, 21:54:11, time: 7.013, data_time: 5.916, memory: 37109, loss_mask: 0.1992, loss_texture: 0.0100, iou: 0.6653, iou_t0: 0.7344, iou_t1: 0.8002, iou_t2: 0.7573, iou_t3: 0.6259, iou_t4: 0.5031, iou_t5: 0.3442, loss: 0.2092
2026-05-03 17:38:30,899 - mmdet - INFO - Iter [550/120000]	lr: 1.000e-04, eta: 1 day, 21:28:28, time: 1.105, data_time: 0.012, memory: 37109, loss_mask: 0.2022, loss_texture: 0.0098, iou: 0.6673, iou_t0: 0.7376, iou_t1: 0.7884, iou_t2: 0.7759, iou_t3: 0.6640, iou_t4: 0.4797, iou_t5: 0.3254, loss: 0.2120
2026-05-03 17:38:58,612 - mmdet - INFO - Iter [575/120000]	lr: 1.000e-04, eta: 1 day, 21:05:14, time: 1.109, data_time: 0.013, memory: 37109, loss_mask: 0.1786, loss_texture: 0.0087, iou: 0.6610, iou_t0: 0.6962, iou_t1: 0.8402, iou_t2: 0.7592, iou_t3: 0.6204, iou_t4: 0.5026, iou_t5: 0.3686, loss: 0.1873
2026-05-03 17:39:26,072 - mmdet - INFO - Iter [600/120000]	lr: 1.000e-04, eta: 1 day, 20:43:02, time: 1.098, data_time: 0.012, memory: 37109, loss_mask: 0.1823, loss_texture: 0.0087, iou: 0.6474, iou_t0: 0.6993, iou_t1: 0.7837, iou_t2: 0.7595, iou_t3: 0.6411, iou_t4: 0.4268, iou_t5: 0.3227, loss: 0.1909
2026-05-03 17:39:53,558 - mmdet - INFO - Iter [625/120000]	lr: 1.000e-04, eta: 1 day, 20:22:40, time: 1.099, data_time: 0.013, memory: 37109, loss_mask: 0.1818, loss_texture: 0.0085, iou: 0.6498, iou_t0: 0.6933, iou_t1: 0.8228, iou_t2: 0.7685, iou_t3: 0.6675, iou_t4: 0.4125, iou_t5: 0.3597, loss: 0.1903
2026-05-03 17:40:21,078 - mmdet - INFO - Iter [650/120000]	lr: 1.000e-04, eta: 1 day, 20:03:57, time: 1.101, data_time: 0.012, memory: 37109, loss_mask: 0.1460, loss_texture: 0.0075, iou: 0.6761, iou_t0: 0.7364, iou_t1: 0.8137, iou_t2: 0.7995, iou_t3: 0.6997, iou_t4: 0.4915, iou_t5: 0.3301, loss: 0.1535
2026-05-03 17:40:48,629 - mmdet - INFO - Iter [675/120000]	lr: 1.000e-04, eta: 1 day, 19:46:40, time: 1.102, data_time: 0.012, memory: 37109, loss_mask: 0.1921, loss_texture: 0.0087, iou: 0.6424, iou_t0: 0.7037, iou_t1: 0.8394, iou_t2: 0.7845, iou_t3: 0.6569, iou_t4: 0.4558, iou_t5: 0.3187, loss: 0.2009
2026-05-03 17:41:16,123 - mmdet - INFO - Iter [700/120000]	lr: 1.000e-04, eta: 1 day, 19:30:25, time: 1.100, data_time: 0.012, memory: 37109, loss_mask: 0.1854, loss_texture: 0.0090, iou: 0.6433, iou_t0: 0.6884, iou_t1: 0.7984, iou_t2: 0.8108, iou_t3: 0.5990, iou_t4: 0.4469, iou_t5: 0.4064, loss: 0.1943
2026-05-03 17:41:43,472 - mmdet - INFO - Iter [725/120000]	lr: 1.000e-04, eta: 1 day, 19:14:52, time: 1.094, data_time: 0.013, memory: 37109, loss_mask: 0.1625, loss_texture: 0.0069, iou: 0.6124, iou_t0: 0.6176, iou_t1: 0.7751, iou_t2: 0.6812, iou_t3: 0.6684, iou_t4: 0.5059, iou_t5: 0.4533, loss: 0.1694
2026-05-03 17:42:11,036 - mmdet - INFO - Iter [750/120000]	lr: 1.000e-04, eta: 1 day, 19:00:53, time: 1.103, data_time: 0.012, memory: 37109, loss_mask: 0.1611, loss_texture: 0.0086, iou: 0.6540, iou_t0: 0.7269, iou_t1: 0.7773, iou_t2: 0.7417, iou_t3: 0.6941, iou_t4: 0.5076, iou_t5: 0.2830, loss: 0.1697
2026-05-03 17:42:38,516 - mmdet - INFO - Iter [775/120000]	lr: 1.000e-04, eta: 1 day, 18:47:34, time: 1.099, data_time: 0.012, memory: 37109, loss_mask: 0.1662, loss_texture: 0.0085, iou: 0.6799, iou_t0: 0.7189, iou_t1: 0.8429, iou_t2: 0.8140, iou_t3: 0.6865, iou_t4: 0.5651, iou_t5: 0.4080, loss: 0.1748
2026-05-03 17:43:05,825 - mmdet - INFO - Iter [800/120000]	lr: 1.000e-04, eta: 1 day, 18:34:37, time: 1.092, data_time: 0.012, memory: 37109, loss_mask: 0.1571, loss_texture: 0.0075, iou: 0.6241, iou_t0: 0.6733, iou_t1: 0.7067, iou_t2: 0.8170, iou_t3: 0.6670, iou_t4: 0.4628, iou_t5: 0.3335, loss: 0.1645
2026-05-03 17:43:33,418 - mmdet - INFO - Iter [825/120000]	lr: 1.000e-04, eta: 1 day, 18:23:07, time: 1.104, data_time: 0.013, memory: 37109, loss_mask: 0.1789, loss_texture: 0.0086, iou: 0.6654, iou_t0: 0.7088, iou_t1: 0.8574, iou_t2: 0.7815, iou_t3: 0.5938, iou_t4: 0.5154, iou_t5: 0.3918, loss: 0.1875
2026-05-03 17:44:00,945 - mmdet - INFO - Iter [850/120000]	lr: 1.000e-04, eta: 1 day, 18:12:07, time: 1.101, data_time: 0.012, memory: 37109, loss_mask: 0.1664, loss_texture: 0.0086, iou: 0.6333, iou_t0: 0.6781, iou_t1: 0.8155, iou_t2: 0.7094, iou_t3: 0.6129, iou_t4: 0.4710, iou_t5: 0.4092, loss: 0.1751
2026-05-03 17:44:28,474 - mmdet - INFO - Iter [875/120000]	lr: 1.000e-04, eta: 1 day, 18:01:43, time: 1.101, data_time: 0.012, memory: 37109, loss_mask: 0.1513, loss_texture: 0.0077, iou: 0.6700, iou_t0: 0.6937, iou_t1: 0.8661, iou_t2: 0.8058, iou_t3: 0.7416, iou_t4: 0.5205, iou_t5: 0.3352, loss: 0.1590
2026-05-03 17:44:55,826 - mmdet - INFO - Iter [900/120000]	lr: 1.000e-04, eta: 1 day, 17:51:29, time: 1.094, data_time: 0.012, memory: 37109, loss_mask: 0.1675, loss_texture: 0.0077, iou: 0.6748, iou_t0: 0.7444, iou_t1: 0.8415, iou_t2: 0.7538, iou_t3: 0.6998, iou_t4: 0.4573, iou_t5: 0.3574, loss: 0.1752
2026-05-03 17:45:23,178 - mmdet - INFO - Iter [925/120000]	lr: 1.000e-04, eta: 1 day, 17:41:47, time: 1.094, data_time: 0.013, memory: 37109, loss_mask: 0.1451, loss_texture: 0.0077, iou: 0.6763, iou_t0: 0.6956, iou_t1: 0.8409, iou_t2: 0.8011, iou_t3: 0.7017, iou_t4: 0.4846, iou_t5: 0.4397, loss: 0.1528
2026-05-03 17:45:50,506 - mmdet - INFO - Iter [950/120000]	lr: 1.000e-04, eta: 1 day, 17:32:30, time: 1.093, data_time: 0.012, memory: 37109, loss_mask: 0.1976, loss_texture: 0.0085, iou: 0.6102, iou_t0: 0.6644, iou_t1: 0.7388, iou_t2: 0.7242, iou_t3: 0.6064, iou_t4: 0.4329, iou_t5: 0.3044, loss: 0.2061
2026-05-03 17:46:17,843 - mmdet - INFO - Iter [975/120000]	lr: 1.000e-04, eta: 1 day, 17:23:42, time: 1.093, data_time: 0.012, memory: 37109, loss_mask: 0.1535, loss_texture: 0.0070, iou: 0.6158, iou_t0: 0.6386, iou_t1: 0.7782, iou_t2: 0.7639, iou_t3: 0.6906, iou_t4: 0.4822, iou_t5: 0.3387, loss: 0.1606
2026-05-03 17:46:45,252 - mmdet - INFO - 
--- Val evaluation at iter 1000 ---
2026-05-03 17:49:11,192 - mmdet - INFO - 
+------------+-------------+-------------+
| Class      | Val IoU     | Pseudo IoU  |
+------------+-------------+-------------+
| background | 92.17       | 92.68       |
| building   | 67.13       | 69.14       |
| Summary    | mIoU: 79.65 | mIoU: 80.91 |
+------------+-------------+-------------+
Images evaluated: 218
2026-05-03 17:49:14,231 - mmdet - INFO - ★ New best mIoU: 79.65% (prev: 79.61%, Δ=+0.05%) → saved to /home/ubuntu/vy/Denoiser/SegRefiner/work_dirs/exp8_all/best_model.pth
2026-05-03 17:49:14,236 - mmdet - INFO - Exp name: exp8_all.py
2026-05-03 17:49:14,236 - mmdet - INFO - Iter [1000/120000]	lr: 1.000e-04, eta: 1 day, 17:15:28, time: 1.096, data_time: 0.012, memory: 37109, val/mIoU: 0.7965, val/IoU.building: 0.6713, val/IoU.background: 0.9217, val/Pseudo_mIoU: 0.8091, loss_mask: 0.1693, loss_texture: 0.0077, iou: 0.6727, iou_t0: 0.7400, iou_t1: 0.8423, iou_t2: 0.7594, iou_t3: 0.6572, iou_t4: 0.5185, iou_t5: 0.3695, loss: 0.1770
2026-05-03 17:49:41,955 - mmdet - INFO - Iter [1025/120000]	lr: 1.000e-04, eta: 1 day, 21:56:25, time: 7.068, data_time: 5.974, memory: 37109, loss_mask: 0.1560, loss_texture: 0.0087, iou: 0.7189, iou_t0: 0.7612, iou_t1: 0.8241, iou_t2: 0.8074, iou_t3: 0.7246, iou_t4: 0.5101, iou_t5: 0.4582, loss: 0.1647
2026-05-03 17:50:09,404 - mmdet - INFO - Iter [1050/120000]	lr: 1.000e-04, eta: 1 day, 21:42:03, time: 1.098, data_time: 0.012, memory: 37109, loss_mask: 0.1605, loss_texture: 0.0080, iou: 0.6685, iou_t0: 0.6921, iou_t1: 0.8267, iou_t2: 0.7231, iou_t3: 0.7164, iou_t4: 0.5397, iou_t5: 0.4665, loss: 0.1685
2026-05-03 17:50:36,770 - mmdet - INFO - Iter [1075/120000]	lr: 1.000e-04, eta: 1 day, 21:28:11, time: 1.095, data_time: 0.013, memory: 37109, loss_mask: 0.1565, loss_texture: 0.0078, iou: 0.6521, iou_t0: 0.6823, iou_t1: 0.8214, iou_t2: 0.7240, iou_t3: 0.6642, iou_t4: 0.4494, iou_t5: 0.4941, loss: 0.1642
2026-05-03 17:51:04,281 - mmdet - INFO - Iter [1100/120000]	lr: 1.000e-04, eta: 1 day, 21:15:10, time: 1.100, data_time: 0.012, memory: 37109, loss_mask: 0.1671, loss_texture: 0.0085, iou: 0.6952, iou_t0: 0.7437, iou_t1: 0.7804, iou_t2: 0.7766, iou_t3: 0.6456, iou_t4: 0.5603, iou_t5: 0.4234, loss: 0.1756
2026-05-03 17:51:31,912 - mmdet - INFO - Iter [1125/120000]	lr: 1.000e-04, eta: 1 day, 21:02:56, time: 1.105, data_time: 0.013, memory: 37109, loss_mask: 0.1644, loss_texture: 0.0085, iou: 0.6787, iou_t0: 0.7304, iou_t1: 0.8372, iou_t2: 0.7076, iou_t3: 0.7151, iou_t4: 0.5230, iou_t5: 0.4579, loss: 0.1729
2026-05-03 17:51:59,471 - mmdet - INFO - Iter [1150/120000]	lr: 1.000e-04, eta: 1 day, 20:51:06, time: 1.102, data_time: 0.012, memory: 37109, loss_mask: 0.1576, loss_texture: 0.0087, iou: 0.6750, iou_t0: 0.7100, iou_t1: 0.7669, iou_t2: 0.7545, iou_t3: 0.6966, iou_t4: 0.5453, iou_t5: 0.3867, loss: 0.1663
2026-05-03 17:52:26,822 - mmdet - INFO - Iter [1175/120000]	lr: 1.000e-04, eta: 1 day, 20:39:23, time: 1.094, data_time: 0.012, memory: 37109, loss_mask: 0.1321, loss_texture: 0.0069, iou: 0.6678, iou_t0: 0.6759, iou_t1: 0.8316, iou_t2: 0.7733, iou_t3: 0.6352, iou_t4: 0.5467, iou_t5: 0.5580, loss: 0.1390
2026-05-03 17:52:54,319 - mmdet - INFO - Iter [1200/120000]	lr: 1.000e-04, eta: 1 day, 20:28:23, time: 1.100, data_time: 0.012, memory: 37109, loss_mask: 0.1601, loss_texture: 0.0078, iou: 0.6665, iou_t0: 0.7060, iou_t1: 0.8520, iou_t2: 0.7513, iou_t3: 0.6656, iou_t4: 0.5278, iou_t5: 0.3703, loss: 0.1679
2026-05-03 17:53:21,932 - mmdet - INFO - Iter [1225/120000]	lr: 1.000e-04, eta: 1 day, 20:17:59, time: 1.105, data_time: 0.013, memory: 37109, loss_mask: 0.1689, loss_texture: 0.0090, iou: 0.6816, iou_t0: 0.7243, iou_t1: 0.8477, iou_t2: 0.8097, iou_t3: 0.6088, iou_t4: 0.5608, iou_t5: 0.4237, loss: 0.1778
2026-05-03 17:53:49,278 - mmdet - INFO - Iter [1250/120000]	lr: 1.000e-04, eta: 1 day, 20:07:35, time: 1.094, data_time: 0.012, memory: 37109, loss_mask: 0.1396, loss_texture: 0.0074, iou: 0.6484, iou_t0: 0.6735, iou_t1: 0.8607, iou_t2: 0.7543, iou_t3: 0.6740, iou_t4: 0.4986, iou_t5: 0.4563, loss: 0.1470
2026-05-03 17:54:16,740 - mmdet - INFO - Iter [1275/120000]	lr: 1.000e-04, eta: 1 day, 19:57:44, time: 1.098, data_time: 0.012, memory: 37109, loss_mask: 0.1744, loss_texture: 0.0087, iou: 0.6805, iou_t0: 0.7132, iou_t1: 0.7999, iou_t2: 0.7707, iou_t3: 0.7347, iou_t4: 0.5505, iou_t5: 0.4370, loss: 0.1831
2026-05-03 17:54:44,178 - mmdet - INFO - Iter [1300/120000]	lr: 1.000e-04, eta: 1 day, 19:48:13, time: 1.098, data_time: 0.012, memory: 37109, loss_mask: 0.1470, loss_texture: 0.0079, iou: 0.7217, iou_t0: 0.7739, iou_t1: 0.8185, iou_t2: 0.7999, iou_t3: 0.7366, iou_t4: 0.5404, iou_t5: 0.4955, loss: 0.1549
2026-05-03 17:55:11,436 - mmdet - INFO - Iter [1325/120000]	lr: 1.000e-04, eta: 1 day, 19:38:47, time: 1.090, data_time: 0.013, memory: 37109, loss_mask: 0.1468, loss_texture: 0.0071, iou: 0.6655, iou_t0: 0.6772, iou_t1: 0.7854, iou_t2: 0.7960, iou_t3: 0.6905, iou_t4: 0.5498, iou_t5: 0.3708, loss: 0.1538
2026-05-03 17:55:38,719 - mmdet - INFO - Iter [1350/120000]	lr: 1.000e-04, eta: 1 day, 19:29:42, time: 1.091, data_time: 0.012, memory: 37109, loss_mask: 0.1266, loss_texture: 0.0072, iou: 0.6891, iou_t0: 0.7124, iou_t1: 0.8782, iou_t2: 0.7924, iou_t3: 0.7068, iou_t4: 0.5796, iou_t5: 0.4030, loss: 0.1338
2026-05-03 17:56:06,055 - mmdet - INFO - Iter [1375/120000]	lr: 1.000e-04, eta: 1 day, 19:21:02, time: 1.093, data_time: 0.012, memory: 37109, loss_mask: 0.1428, loss_texture: 0.0073, iou: 0.6474, iou_t0: 0.6497, iou_t1: 0.8382, iou_t2: 0.7546, iou_t3: 0.6936, iou_t4: 0.5844, iou_t5: 0.3949, loss: 0.1502
2026-05-03 17:56:33,494 - mmdet - INFO - Iter [1400/120000]	lr: 1.000e-04, eta: 1 day, 19:12:47, time: 1.098, data_time: 0.012, memory: 37109, loss_mask: 0.1319, loss_texture: 0.0072, iou: 0.7046, iou_t0: 0.7386, iou_t1: 0.8771, iou_t2: 0.7834, iou_t3: 0.6558, iou_t4: 0.5942, iou_t5: 0.4385, loss: 0.1391
2026-05-03 17:57:00,783 - mmdet - INFO - Iter [1425/120000]	lr: 1.000e-04, eta: 1 day, 19:04:36, time: 1.092, data_time: 0.013, memory: 37109, loss_mask: 0.1273, loss_texture: 0.0062, iou: 0.6517, iou_t0: 0.6421, iou_t1: 0.8569, iou_t2: 0.7842, iou_t3: 0.7187, iou_t4: 0.5766, iou_t5: 0.4191, loss: 0.1335
2026-05-03 17:57:28,146 - mmdet - INFO - Iter [1450/120000]	lr: 1.000e-04, eta: 1 day, 18:56:47, time: 1.095, data_time: 0.012, memory: 37109, loss_mask: 0.1545, loss_texture: 0.0078, iou: 0.6900, iou_t0: 0.7246, iou_t1: 0.8487, iou_t2: 0.7549, iou_t3: 0.6718, iou_t4: 0.5671, iou_t5: 0.4565, loss: 0.1623
2026-05-03 17:57:55,551 - mmdet - INFO - Iter [1475/120000]	lr: 1.000e-04, eta: 1 day, 18:49:17, time: 1.096, data_time: 0.012, memory: 37109, loss_mask: 0.1422, loss_texture: 0.0073, iou: 0.6751, iou_t0: 0.6824, iou_t1: 0.7978, iou_t2: 0.8142, iou_t3: 0.6654, iou_t4: 0.6181, iou_t5: 0.4319, loss: 0.1495
2026-05-03 17:58:22,962 - mmdet - INFO - 
--- Val evaluation at iter 1500 ---
2026-05-03 18:00:45,483 - mmdet - INFO - 
+------------+-------------+-------------+
| Class      | Val IoU     | Pseudo IoU  |
+------------+-------------+-------------+
| background | 92.17       | 92.68       |
| building   | 67.25       | 69.14       |
| Summary    | mIoU: 79.71 | mIoU: 80.91 |
+------------+-------------+-------------+
Images evaluated: 218
2026-05-03 18:00:48,242 - mmdet - INFO - ★ New best mIoU: 79.71% (prev: 79.65%, Δ=+0.06%) → saved to /home/ubuntu/vy/Denoiser/SegRefiner/work_dirs/exp8_all/best_model.pth
2026-05-03 18:00:48,247 - mmdet - INFO - Iter [1500/120000]	lr: 1.000e-04, eta: 1 day, 18:42:01, time: 1.096, data_time: 0.012, memory: 37109, val/mIoU: 0.7971, val/IoU.building: 0.6725, val/IoU.background: 0.9217, val/Pseudo_mIoU: 0.8091, loss_mask: 0.1545, loss_texture: 0.0075, iou: 0.6907, iou_t0: 0.7401, iou_t1: 0.8493, iou_t2: 0.7695, iou_t3: 0.7109, iou_t4: 0.5700, iou_t5: 0.3892, loss: 0.1620
2026-05-03 18:01:15,860 - mmdet - INFO - Iter [1525/120000]	lr: 1.000e-04, eta: 1 day, 21:43:21, time: 6.916, data_time: 5.825, memory: 37109, loss_mask: 0.1772, loss_texture: 0.0092, iou: 0.6596, iou_t0: 0.7194, iou_t1: 0.8190, iou_t2: 0.6970, iou_t3: 0.7212, iou_t4: 0.5471, iou_t5: 0.3813, loss: 0.1865
2026-05-03 18:01:43,238 - mmdet - INFO - Iter [1550/120000]	lr: 1.000e-04, eta: 1 day, 21:33:25, time: 1.095, data_time: 0.012, memory: 37109, loss_mask: 0.1519, loss_texture: 0.0075, iou: 0.6682, iou_t0: 0.6890, iou_t1: 0.8622, iou_t2: 0.7674, iou_t3: 0.6762, iou_t4: 0.5170, iou_t5: 0.3825, loss: 0.1594
2026-05-03 18:02:10,455 - mmdet - INFO - Iter [1575/120000]	lr: 1.000e-04, eta: 1 day, 21:23:34, time: 1.089, data_time: 0.012, memory: 37109, loss_mask: 0.1406, loss_texture: 0.0068, iou: 0.6628, iou_t0: 0.7015, iou_t1: 0.7313, iou_t2: 0.8293, iou_t3: 0.7038, iou_t4: 0.5353, iou_t5: 0.4060, loss: 0.1474
2026-05-03 18:02:37,819 - mmdet - INFO - Iter [1600/120000]	lr: 1.000e-04, eta: 1 day, 21:14:11, time: 1.095, data_time: 0.012, memory: 37109, loss_mask: 0.1454, loss_texture: 0.0077, iou: 0.7101, iou_t0: 0.7296, iou_t1: 0.8669, iou_t2: 0.8262, iou_t3: 0.7042, iou_t4: 0.6034, iou_t5: 0.4782, loss: 0.1532
2026-05-03 18:03:05,075 - mmdet - INFO - Iter [1625/120000]	lr: 1.000e-04, eta: 1 day, 21:04:58, time: 1.090, data_time: 0.013, memory: 37109, loss_mask: 0.1115, loss_texture: 0.0064, iou: 0.6731, iou_t0: 0.6721, iou_t1: 0.8274, iou_t2: 0.8325, iou_t3: 0.7019, iou_t4: 0.5548, iou_t5: 0.4555, loss: 0.1178
2026-05-03 18:03:32,441 - mmdet - INFO - Iter [1650/120000]	lr: 1.000e-04, eta: 1 day, 20:56:08, time: 1.095, data_time: 0.012, memory: 37109, loss_mask: 0.1487, loss_texture: 0.0081, iou: 0.7002, iou_t0: 0.7202, iou_t1: 0.8335, iou_t2: 0.7902, iou_t3: 0.6764, iou_t4: 0.5964, iou_t5: 0.5321, loss: 0.1567
2026-05-03 18:03:59,740 - mmdet - INFO - Iter [1675/120000]	lr: 1.000e-04, eta: 1 day, 20:47:28, time: 1.092, data_time: 0.012, memory: 37109, loss_mask: 0.1522, loss_texture: 0.0074, iou: 0.6726, iou_t0: 0.7253, iou_t1: 0.8172, iou_t2: 0.7510, iou_t3: 0.6732, iou_t4: 0.4907, iou_t5: 0.4430, loss: 0.1597
2026-05-03 18:04:27,081 - mmdet - INFO - Iter [1700/120000]	lr: 1.000e-04, eta: 1 day, 20:39:06, time: 1.094, data_time: 0.012, memory: 37109, loss_mask: 0.1285, loss_texture: 0.0069, iou: 0.6398, iou_t0: 0.6509, iou_t1: 0.7840, iou_t2: 0.7273, iou_t3: 0.6740, iou_t4: 0.5190, iou_t5: 0.4726, loss: 0.1355
2026-05-03 18:04:54,407 - mmdet - INFO - Iter [1725/120000]	lr: 1.000e-04, eta: 1 day, 20:30:56, time: 1.093, data_time: 0.013, memory: 37109, loss_mask: 0.1306, loss_texture: 0.0073, iou: 0.6763, iou_t0: 0.6802, iou_t1: 0.8277, iou_t2: 0.8263, iou_t3: 0.7069, iou_t4: 0.5822, iou_t5: 0.4970, loss: 0.1379
2026-05-03 18:05:21,728 - mmdet - INFO - Iter [1750/120000]	lr: 1.000e-04, eta: 1 day, 20:22:59, time: 1.093, data_time: 0.012, memory: 37109, loss_mask: 0.1123, loss_texture: 0.0063, iou: 0.6820, iou_t0: 0.6842, iou_t1: 0.8361, iou_t2: 0.8431, iou_t3: 0.7033, iou_t4: 0.5525, iou_t5: 0.4682, loss: 0.1186
2026-05-03 18:05:49,136 - mmdet - INFO - Iter [1775/120000]	lr: 1.000e-04, eta: 1 day, 20:15:21, time: 1.096, data_time: 0.012, memory: 37109, loss_mask: 0.1474, loss_texture: 0.0077, iou: 0.7165, iou_t0: 0.7628, iou_t1: 0.8126, iou_t2: 0.8375, iou_t3: 0.6556, iou_t4: 0.5856, iou_t5: 0.4833, loss: 0.1550
2026-05-03 18:06:16,485 - mmdet - INFO - Iter [1800/120000]	lr: 1.000e-04, eta: 1 day, 20:07:51, time: 1.094, data_time: 0.012, memory: 37109, loss_mask: 0.1390, loss_texture: 0.0081, iou: 0.7213, iou_t0: 0.7585, iou_t1: 0.8498, iou_t2: 0.8263, iou_t3: 0.7119, iou_t4: 0.6308, iou_t5: 0.4961, loss: 0.1472
2026-05-03 18:06:43,954 - mmdet - INFO - Iter [1825/120000]	lr: 1.000e-04, eta: 1 day, 20:00:40, time: 1.099, data_time: 0.013, memory: 37109, loss_mask: 0.1310, loss_texture: 0.0075, iou: 0.6907, iou_t0: 0.7039, iou_t1: 0.8325, iou_t2: 0.7703, iou_t3: 0.7443, iou_t4: 0.5609, iou_t5: 0.4794, loss: 0.1385
2026-05-03 18:07:11,364 - mmdet - INFO - Iter [1850/120000]	lr: 1.000e-04, eta: 1 day, 19:53:37, time: 1.096, data_time: 0.012, memory: 37109, loss_mask: 0.1451, loss_texture: 0.0077, iou: 0.6827, iou_t0: 0.7104, iou_t1: 0.8032, iou_t2: 0.7756, iou_t3: 0.6889, iou_t4: 0.5518, iou_t5: 0.4643, loss: 0.1528
2026-05-03 18:07:38,802 - mmdet - INFO - Iter [1875/120000]	lr: 1.000e-04, eta: 1 day, 19:46:46, time: 1.098, data_time: 0.013, memory: 37109, loss_mask: 0.1455, loss_texture: 0.0070, iou: 0.7232, iou_t0: 0.7611, iou_t1: 0.8292, iou_t2: 0.7839, iou_t3: 0.7561, iou_t4: 0.5744, iou_t5: 0.4948, loss: 0.1525
2026-05-03 18:08:06,235 - mmdet - INFO - Iter [1900/120000]	lr: 1.000e-04, eta: 1 day, 19:40:04, time: 1.097, data_time: 0.012, memory: 37109, loss_mask: 0.1405, loss_texture: 0.0080, iou: 0.6964, iou_t0: 0.7067, iou_t1: 0.8507, iou_t2: 0.8108, iou_t3: 0.6795, iou_t4: 0.6016, iou_t5: 0.4952, loss: 0.1484
2026-05-03 18:08:33,550 - mmdet - INFO - Iter [1925/120000]	lr: 1.000e-04, eta: 1 day, 19:33:25, time: 1.093, data_time: 0.013, memory: 37109, loss_mask: 0.1300, loss_texture: 0.0067, iou: 0.6575, iou_t0: 0.6619, iou_t1: 0.7535, iou_t2: 0.7612, iou_t3: 0.7549, iou_t4: 0.6208, iou_t5: 0.4148, loss: 0.1367
2026-05-03 18:09:00,846 - mmdet - INFO - Iter [1950/120000]	lr: 1.000e-04, eta: 1 day, 19:26:54, time: 1.092, data_time: 0.012, memory: 37109, loss_mask: 0.1339, loss_texture: 0.0071, iou: 0.6575, iou_t0: 0.6746, iou_t1: 0.7949, iou_t2: 0.7536, iou_t3: 0.7003, iou_t4: 0.5941, iou_t5: 0.4056, loss: 0.1410
2026-05-03 18:09:28,090 - mmdet - INFO - Iter [1975/120000]	lr: 1.000e-04, eta: 1 day, 19:20:30, time: 1.090, data_time: 0.012, memory: 37109, loss_mask: 0.1308, loss_texture: 0.0066, iou: 0.6820, iou_t0: 0.6629, iou_t1: 0.8680, iou_t2: 0.8126, iou_t3: 0.6896, iou_t4: 0.5744, iou_t5: 0.5045, loss: 0.1374
2026-05-03 18:09:55,524 - mmdet - INFO - 
--- Val evaluation at iter 2000 ---
2026-05-03 18:12:18,180 - mmdet - INFO - 
+------------+-------------+-------------+
| Class      | Val IoU     | Pseudo IoU  |
+------------+-------------+-------------+
| background | 92.17       | 92.68       |
| building   | 67.26       | 69.14       |
| Summary    | mIoU: 79.71 | mIoU: 80.91 |
+------------+-------------+-------------+
Images evaluated: 218
2026-05-03 18:12:21,074 - mmdet - INFO - ★ New best mIoU: 79.71% (prev: 79.71%, Δ=+0.00%) → saved to /home/ubuntu/vy/Denoiser/SegRefiner/work_dirs/exp8_all/best_model.pth
2026-05-03 18:12:21,078 - mmdet - INFO - Exp name: exp8_all.py
2026-05-03 18:12:21,079 - mmdet - INFO - Iter [2000/120000]	lr: 1.000e-04, eta: 1 day, 19:14:25, time: 1.097, data_time: 0.012, memory: 37109, val/mIoU: 0.7971, val/IoU.building: 0.6726, val/IoU.background: 0.9217, val/Pseudo_mIoU: 0.8091, loss_mask: 0.1444, loss_texture: 0.0075, iou: 0.6947, iou_t0: 0.7112, iou_t1: 0.8540, iou_t2: 0.8250, iou_t3: 0.7329, iou_t4: 0.5750, iou_t5: 0.4048, loss: 0.1519
2026-05-03 18:12:48,533 - mmdet - INFO - Iter [2025/120000]	lr: 1.000e-04, eta: 1 day, 21:29:50, time: 6.920, data_time: 5.837, memory: 37109, loss_mask: 0.1318, loss_texture: 0.0070, iou: 0.6837, iou_t0: 0.6751, iou_t1: 0.8682, iou_t2: 0.7772, iou_t3: 0.7026, iou_t4: 0.5785, iou_t5: 0.5011, loss: 0.1388
2026-05-03 18:13:15,947 - mmdet - INFO - Iter [2050/120000]	lr: 1.000e-04, eta: 1 day, 21:22:16, time: 1.097, data_time: 0.012, memory: 37109, loss_mask: 0.1261, loss_texture: 0.0073, iou: 0.7221, iou_t0: 0.7406, iou_t1: 0.8098, iou_t2: 0.8196, iou_t3: 0.7686, iou_t4: 0.6078, iou_t5: 0.5034, loss: 0.1334
2026-05-03 18:13:43,236 - mmdet - INFO - Iter [2075/120000]	lr: 1.000e-04, eta: 1 day, 21:14:45, time: 1.092, data_time: 0.012, memory: 37109, loss_mask: 0.1008, loss_texture: 0.0060, iou: 0.6767, iou_t0: 0.6710, iou_t1: 0.8197, iou_t2: 0.7633, iou_t3: 0.6980, iou_t4: 0.5492, iou_t5: 0.5740, loss: 0.1068
2026-05-03 18:14:10,584 - mmdet - INFO - Iter [2100/120000]	lr: 1.000e-04, eta: 1 day, 21:07:27, time: 1.094, data_time: 0.012, memory: 37109, loss_mask: 0.1225, loss_texture: 0.0067, iou: 0.6820, iou_t0: 0.6834, iou_t1: 0.8073, iou_t2: 0.8555, iou_t3: 0.7044, iou_t4: 0.5183, iou_t5: 0.4717, loss: 0.1292
2026-05-03 18:14:37,867 - mmdet - INFO - Iter [2125/120000]	lr: 1.000e-04, eta: 1 day, 21:00:15, time: 1.091, data_time: 0.013, memory: 37109, loss_mask: 0.1379, loss_texture: 0.0070, iou: 0.6863, iou_t0: 0.7090, iou_t1: 0.8313, iou_t2: 0.7766, iou_t3: 0.6171, iou_t4: 0.5605, iou_t5: 0.4941, loss: 0.1449
2026-05-03 18:15:05,263 - mmdet - INFO - Iter [2150/120000]	lr: 1.000e-04, eta: 1 day, 20:53:19, time: 1.096, data_time: 0.012, memory: 37109, loss_mask: 0.1446, loss_texture: 0.0079, iou: 0.6866, iou_t0: 0.7068, iou_t1: 0.8600, iou_t2: 0.7495, iou_t3: 0.7055, iou_t4: 0.5445, iou_t5: 0.5332, loss: 0.1525
2026-05-03 18:15:32,703 - mmdet - INFO - Iter [2175/120000]	lr: 1.000e-04, eta: 1 day, 20:46:34, time: 1.098, data_time: 0.013, memory: 37109, loss_mask: 0.1191, loss_texture: 0.0069, iou: 0.6903, iou_t0: 0.6898, iou_t1: 0.8287, iou_t2: 0.8112, iou_t3: 0.6781, iou_t4: 0.5893, iou_t5: 0.5147, loss: 0.1260
2026-05-03 18:16:00,096 - mmdet - INFO - Iter [2200/120000]	lr: 1.000e-04, eta: 1 day, 20:39:55, time: 1.096, data_time: 0.012, memory: 37109, loss_mask: 0.1223, loss_texture: 0.0070, iou: 0.6691, iou_t0: 0.6631, iou_t1: 0.8111, iou_t2: 0.7858, iou_t3: 0.7036, iou_t4: 0.5936, iou_t5: 0.4842, loss: 0.1294
2026-05-03 18:16:27,435 - mmdet - INFO - Iter [2225/120000]	lr: 1.000e-04, eta: 1 day, 20:33:22, time: 1.094, data_time: 0.013, memory: 37109, loss_mask: 0.1393, loss_texture: 0.0073, iou: 0.7081, iou_t0: 0.7436, iou_t1: 0.8084, iou_t2: 0.7753, iou_t3: 0.7639, iou_t4: 0.5820, iou_t5: 0.5234, loss: 0.1467
2026-05-03 18:16:54,730 - mmdet - INFO - Iter [2250/120000]	lr: 1.000e-04, eta: 1 day, 20:26:54, time: 1.092, data_time: 0.012, memory: 37109, loss_mask: 0.1245, loss_texture: 0.0071, iou: 0.7024, iou_t0: 0.6870, iou_t1: 0.8674, iou_t2: 0.7606, iou_t3: 0.7083, iou_t4: 0.6012, iou_t5: 0.5951, loss: 0.1316
2026-05-03 18:17:22,071 - mmdet - INFO - Iter [2275/120000]	lr: 1.000e-04, eta: 1 day, 20:20:37, time: 1.094, data_time: 0.012, memory: 37109, loss_mask: 0.1215, loss_texture: 0.0072, iou: 0.6929, iou_t0: 0.7065, iou_t1: 0.8260, iou_t2: 0.7736, iou_t3: 0.7345, iou_t4: 0.5980, iou_t5: 0.4781, loss: 0.1286
2026-05-03 18:17:49,426 - mmdet - INFO - Iter [2300/120000]	lr: 1.000e-04, eta: 1 day, 20:14:28, time: 1.094, data_time: 0.012, memory: 37109, loss_mask: 0.1158, loss_texture: 0.0062, iou: 0.7018, iou_t0: 0.6975, iou_t1: 0.8411, iou_t2: 0.7994, iou_t3: 0.7531, iou_t4: 0.6030, iou_t5: 0.5253, loss: 0.1221
2026-05-03 18:18:16,708 - mmdet - INFO - Iter [2325/120000]	lr: 1.000e-04, eta: 1 day, 20:08:23, time: 1.091, data_time: 0.013, memory: 37109, loss_mask: 0.1105, loss_texture: 0.0064, iou: 0.7394, iou_t0: 0.7422, iou_t1: 0.8787, iou_t2: 0.8056, iou_t3: 0.6877, iou_t4: 0.6015, iou_t5: 0.6072, loss: 0.1169
2026-05-03 18:18:44,217 - mmdet - INFO - Iter [2350/120000]	lr: 1.000e-04, eta: 1 day, 20:02:36, time: 1.100, data_time: 0.012, memory: 37109, loss_mask: 0.1135, loss_texture: 0.0071, iou: 0.6901, iou_t0: 0.6882, iou_t1: 0.8251, iou_t2: 0.8031, iou_t3: 0.7443, iou_t4: 0.5923, iou_t5: 0.4834, loss: 0.1206
2026-05-03 18:19:11,735 - mmdet - INFO - Iter [2375/120000]	lr: 1.000e-04, eta: 1 day, 19:56:57, time: 1.101, data_time: 0.012, memory: 37109, loss_mask: 0.1361, loss_texture: 0.0077, iou: 0.7037, iou_t0: 0.7219, iou_t1: 0.8663, iou_t2: 0.7918, iou_t3: 0.7111, iou_t4: 0.5709, iou_t5: 0.5037, loss: 0.1438
2026-05-03 18:19:39,273 - mmdet - INFO - Iter [2400/120000]	lr: 1.000e-04, eta: 1 day, 19:51:25, time: 1.102, data_time: 0.012, memory: 37109, loss_mask: 0.1468, loss_texture: 0.0075, iou: 0.7304, iou_t0: 0.7627, iou_t1: 0.8677, iou_t2: 0.8412, iou_t3: 0.7645, iou_t4: 0.6654, iou_t5: 0.5155, loss: 0.1544
2026-05-03 18:20:06,688 - mmdet - INFO - Iter [2425/120000]	lr: 1.000e-04, eta: 1 day, 19:45:53, time: 1.097, data_time: 0.013, memory: 37109, loss_mask: 0.1301, loss_texture: 0.0071, iou: 0.6894, iou_t0: 0.6969, iou_t1: 0.9031, iou_t2: 0.7759, iou_t3: 0.6637, iou_t4: 0.6232, iou_t5: 0.4509, loss: 0.1371
2026-05-03 18:20:34,128 - mmdet - INFO - Iter [2450/120000]	lr: 1.000e-04, eta: 1 day, 19:40:29, time: 1.098, data_time: 0.012, memory: 37109, loss_mask: 0.1231, loss_texture: 0.0068, iou: 0.7286, iou_t0: 0.7441, iou_t1: 0.8313, iou_t2: 0.8671, iou_t3: 0.7591, iou_t4: 0.6281, iou_t5: 0.5284, loss: 0.1299
2026-05-03 18:21:01,661 - mmdet - INFO - Iter [2475/120000]	lr: 1.000e-04, eta: 1 day, 19:35:15, time: 1.101, data_time: 0.012, memory: 37109, loss_mask: 0.1202, loss_texture: 0.0071, iou: 0.7285, iou_t0: 0.7431, iou_t1: 0.8637, iou_t2: 0.8263, iou_t3: 0.7196, iou_t4: 0.6657, iou_t5: 0.5149, loss: 0.1273
2026-05-03 18:21:29,215 - mmdet - INFO - 
--- Val evaluation at iter 2500 ---
2026-05-03 18:23:51,779 - mmdet - INFO - 
+------------+-------------+-------------+
| Class      | Val IoU     | Pseudo IoU  |
+------------+-------------+-------------+
| background | 92.18       | 92.68       |
| building   | 67.25       | 69.14       |
| Summary    | mIoU: 79.71 | mIoU: 80.91 |
+------------+-------------+-------------+
Images evaluated: 218
2026-05-03 18:23:53,258 - mmdet - INFO - Iter [2500/120000]	lr: 1.000e-04, eta: 1 day, 19:30:08, time: 1.102, data_time: 0.012, memory: 37109, val/mIoU: 0.7971, val/IoU.building: 0.6725, val/IoU.background: 0.9218, val/Pseudo_mIoU: 0.8091, loss_mask: 0.1348, loss_texture: 0.0073, iou: 0.6945, iou_t0: 0.6984, iou_t1: 0.8496, iou_t2: 0.8095, iou_t3: 0.7161, iou_t4: 0.6305, iou_t5: 0.5083, loss: 0.1421
2026-05-03 18:24:20,704 - mmdet - INFO - Iter [2525/120000]	lr: 1.000e-04, eta: 1 day, 21:16:43, time: 6.860, data_time: 5.775, memory: 37109, loss_mask: 0.1122, loss_texture: 0.0070, iou: 0.6708, iou_t0: 0.6390, iou_t1: 0.8780, iou_t2: 0.8086, iou_t3: 0.6625, iou_t4: 0.5908, iou_t5: 0.4923, loss: 0.1192
2026-05-03 18:24:48,034 - mmdet - INFO - Iter [2550/120000]	lr: 1.000e-04, eta: 1 day, 21:10:29, time: 1.093, data_time: 0.012, memory: 37109, loss_mask: 0.1151, loss_texture: 0.0061, iou: 0.6942, iou_t0: 0.6790, iou_t1: 0.8616, iou_t2: 0.8331, iou_t3: 0.6635, iou_t4: 0.6421, iou_t5: 0.4677, loss: 0.1213
2026-05-03 18:25:15,331 - mmdet - INFO - Iter [2575/120000]	lr: 1.000e-04, eta: 1 day, 21:04:21, time: 1.092, data_time: 0.012, memory: 37109, loss_mask: 0.1243, loss_texture: 0.0069, iou: 0.7004, iou_t0: 0.6924, iou_t1: 0.8863, iou_t2: 0.8002, iou_t3: 0.7287, iou_t4: 0.6718, iou_t5: 0.4966, loss: 0.1311
2026-05-03 18:25:42,698 - mmdet - INFO - Iter [2600/120000]	lr: 1.000e-04, eta: 1 day, 20:58:22, time: 1.095, data_time: 0.012, memory: 37109, loss_mask: 0.1165, loss_texture: 0.0066, iou: 0.7064, iou_t0: 0.6972, iou_t1: 0.8645, iou_t2: 0.7817, iou_t3: 0.7551, iou_t4: 0.6411, iou_t5: 0.4882, loss: 0.1231
2026-05-03 18:26:10,173 - mmdet - INFO - Iter [2625/120000]	lr: 1.000e-04, eta: 1 day, 20:52:34, time: 1.099, data_time: 0.013, memory: 37109, loss_mask: 0.1169, loss_texture: 0.0069, iou: 0.6939, iou_t0: 0.6983, iou_t1: 0.8262, iou_t2: 0.7956, iou_t3: 0.6985, iou_t4: 0.5915, iou_t5: 0.5370, loss: 0.1238
2026-05-03 18:26:37,703 - mmdet - INFO - Iter [2650/120000]	lr: 1.000e-04, eta: 1 day, 20:46:55, time: 1.101, data_time: 0.012, memory: 37109, loss_mask: 0.1372, loss_texture: 0.0076, iou: 0.7116, iou_t0: 0.7258, iou_t1: 0.8308, iou_t2: 0.7568, iou_t3: 0.7185, iou_t4: 0.6040, iou_t5: 0.5691, loss: 0.1448
2026-05-03 18:27:05,070 - mmdet - INFO - Iter [2675/120000]	lr: 1.000e-04, eta: 1 day, 20:41:15, time: 1.095, data_time: 0.012, memory: 37109, loss_mask: 0.1204, loss_texture: 0.0070, iou: 0.7080, iou_t0: 0.7343, iou_t1: 0.8273, iou_t2: 0.7666, iou_t3: 0.7536, iou_t4: 0.5957, iou_t5: 0.5004, loss: 0.1274
2026-05-03 18:27:32,576 - mmdet - INFO - Iter [2700/120000]	lr: 1.000e-04, eta: 1 day, 20:35:46, time: 1.100, data_time: 0.012, memory: 37109, loss_mask: 0.1165, loss_texture: 0.0075, iou: 0.7262, iou_t0: 0.7408, iou_t1: 0.8343, iou_t2: 0.7909, iou_t3: 0.6981, iou_t4: 0.6462, iou_t5: 0.5416, loss: 0.1240
2026-05-03 18:27:59,924 - mmdet - INFO - Iter [2725/120000]	lr: 1.000e-04, eta: 1 day, 20:30:17, time: 1.094, data_time: 0.013, memory: 37109, loss_mask: 0.1093, loss_texture: 0.0067, iou: 0.6773, iou_t0: 0.6579, iou_t1: 0.8223, iou_t2: 0.8375, iou_t3: 0.7204, iou_t4: 0.6136, iou_t5: 0.4662, loss: 0.1160
2026-05-03 18:28:27,245 - mmdet - INFO - Iter [2750/120000]	lr: 1.000e-04, eta: 1 day, 20:24:51, time: 1.093, data_time: 0.012, memory: 37109, loss_mask: 0.1241, loss_texture: 0.0068, iou: 0.7213, iou_t0: 0.7369, iou_t1: 0.8512, iou_t2: 0.8010, iou_t3: 0.7389, iou_t4: 0.6308, iou_t5: 0.5330, loss: 0.1309
2026-05-03 18:28:54,626 - mmdet - INFO - Iter [2775/120000]	lr: 1.000e-04, eta: 1 day, 20:19:33, time: 1.095, data_time: 0.012, memory: 37109, loss_mask: 0.1002, loss_texture: 0.0063, iou: 0.7206, iou_t0: 0.7162, iou_t1: 0.8813, iou_t2: 0.8234, iou_t3: 0.7705, iou_t4: 0.6095, iou_t5: 0.5187, loss: 0.1065
2026-05-03 18:29:21,918 - mmdet - INFO - Iter [2800/120000]	lr: 1.000e-04, eta: 1 day, 20:14:17, time: 1.092, data_time: 0.012, memory: 37109, loss_mask: 0.1080, loss_texture: 0.0063, iou: 0.6864, iou_t0: 0.6955, iou_t1: 0.8195, iou_t2: 0.7402, iou_t3: 0.7342, iou_t4: 0.6038, iou_t5: 0.5250, loss: 0.1143
2026-05-03 18:29:49,238 - mmdet - INFO - Iter [2825/120000]	lr: 1.000e-04, eta: 1 day, 20:09:07, time: 1.093, data_time: 0.013, memory: 37109, loss_mask: 0.1294, loss_texture: 0.0073, iou: 0.6963, iou_t0: 0.6877, iou_t1: 0.8275, iou_t2: 0.7586, iou_t3: 0.7500, iou_t4: 0.6763, iou_t5: 0.4850, loss: 0.1367
2026-05-03 18:30:16,677 - mmdet - INFO - Iter [2850/120000]	lr: 1.000e-04, eta: 1 day, 20:04:07, time: 1.098, data_time: 0.012, memory: 37109, loss_mask: 0.1419, loss_texture: 0.0074, iou: 0.6974, iou_t0: 0.7046, iou_t1: 0.8679, iou_t2: 0.7866, iou_t3: 0.7441, iou_t4: 0.6032, iou_t5: 0.4448, loss: 0.1494
2026-05-03 18:30:43,932 - mmdet - INFO - Iter [2875/120000]	lr: 1.000e-04, eta: 1 day, 19:59:05, time: 1.090, data_time: 0.013, memory: 37109, loss_mask: 0.1207, loss_texture: 0.0065, iou: 0.6981, iou_t0: 0.7143, iou_t1: 0.7488, iou_t2: 0.8257, iou_t3: 0.7819, iou_t4: 0.5573, iou_t5: 0.5102, loss: 0.1272
2026-05-03 18:31:11,383 - mmdet - INFO - Iter [2900/120000]	lr: 1.000e-04, eta: 1 day, 19:54:15, time: 1.098, data_time: 0.012, memory: 37109, loss_mask: 0.1066, loss_texture: 0.0065, iou: 0.7352, iou_t0: 0.7403, iou_t1: 0.8739, iou_t2: 0.8187, iou_t3: 0.7368, iou_t4: 0.6744, iou_t5: 0.5268, loss: 0.1131
2026-05-03 18:31:38,745 - mmdet - INFO - Iter [2925/120000]	lr: 1.000e-04, eta: 1 day, 19:49:25, time: 1.094, data_time: 0.013, memory: 37109, loss_mask: 0.1177, loss_texture: 0.0068, iou: 0.6915, iou_t0: 0.6716, iou_t1: 0.8326, iou_t2: 0.8022, iou_t3: 0.7482, iou_t4: 0.6580, iou_t5: 0.5891, loss: 0.1245
2026-05-03 18:32:06,201 - mmdet - INFO - Iter [2950/120000]	lr: 1.000e-04, eta: 1 day, 19:44:44, time: 1.098, data_time: 0.012, memory: 37109, loss_mask: 0.1025, loss_texture: 0.0063, iou: 0.7167, iou_t0: 0.7011, iou_t1: 0.8305, iou_t2: 0.8226, iou_t3: 0.7547, iou_t4: 0.5950, iou_t5: 0.5859, loss: 0.1089
2026-05-03 18:32:33,537 - mmdet - INFO - Iter [2975/120000]	lr: 1.000e-04, eta: 1 day, 19:40:03, time: 1.093, data_time: 0.012, memory: 37109, loss_mask: 0.1081, loss_texture: 0.0064, iou: 0.6844, iou_t0: 0.6842, iou_t1: 0.8479, iou_t2: 0.8183, iou_t3: 0.6776, iou_t4: 0.6209, iou_t5: 0.4576, loss: 0.1145
2026-05-03 18:33:00,929 - mmdet - INFO - 
--- Val evaluation at iter 3000 ---
2026-05-03 18:35:23,610 - mmdet - INFO - 
+------------+-------------+-------------+
| Class      | Val IoU     | Pseudo IoU  |
+------------+-------------+-------------+
| background | 92.18       | 92.68       |
| building   | 67.29       | 69.14       |
| Summary    | mIoU: 79.73 | mIoU: 80.91 |
+------------+-------------+-------------+
Images evaluated: 218
2026-05-03 18:35:26,489 - mmdet - INFO - ★ New best mIoU: 79.73% (prev: 79.71%, Δ=+0.02%) → saved to /home/ubuntu/vy/Denoiser/SegRefiner/work_dirs/exp8_all/best_model.pth
2026-05-03 18:35:26,494 - mmdet - INFO - Exp name: exp8_all.py
2026-05-03 18:35:26,494 - mmdet - INFO - Iter [3000/120000]	lr: 1.000e-04, eta: 1 day, 19:35:28, time: 1.096, data_time: 0.012, memory: 37109, val/mIoU: 0.7973, val/IoU.building: 0.6729, val/IoU.background: 0.9218, val/Pseudo_mIoU: 0.8091, loss_mask: 0.1102, loss_texture: 0.0062, iou: 0.6916, iou_t0: 0.7037, iou_t1: 0.8357, iou_t2: 0.7761, iou_t3: 0.7291, iou_t4: 0.5871, iou_t5: 0.4359, loss: 0.1164
2026-05-03 18:35:53,860 - mmdet - INFO - Iter [3025/120000]	lr: 1.000e-04, eta: 1 day, 21:04:45, time: 6.917, data_time: 5.836, memory: 37109, loss_mask: 0.1161, loss_texture: 0.0070, iou: 0.7357, iou_t0: 0.7724, iou_t1: 0.8787, iou_t2: 0.7713, iou_t3: 0.6966, iou_t4: 0.6061, iou_t5: 0.5532, loss: 0.1231
2026-05-03 18:36:21,281 - mmdet - INFO - Iter [3050/120000]	lr: 1.000e-04, eta: 1 day, 20:59:32, time: 1.097, data_time: 0.012, memory: 37109, loss_mask: 0.1301, loss_texture: 0.0075, iou: 0.7219, iou_t0: 0.7469, iou_t1: 0.8807, iou_t2: 0.8083, iou_t3: 0.6864, iou_t4: 0.6064, iou_t5: 0.5001, loss: 0.1376
2026-05-03 18:36:48,577 - mmdet - INFO - Iter [3075/120000]	lr: 1.000e-04, eta: 1 day, 20:54:18, time: 1.092, data_time: 0.012, memory: 37109, loss_mask: 0.0919, loss_texture: 0.0057, iou: 0.7164, iou_t0: 0.6937, iou_t1: 0.8990, iou_t2: 0.8081, iou_t3: 0.7822, iou_t4: 0.6352, iou_t5: 0.4683, loss: 0.0975
2026-05-03 18:37:15,893 - mmdet - INFO - Iter [3100/120000]	lr: 1.000e-04, eta: 1 day, 20:49:10, time: 1.093, data_time: 0.012, memory: 37109, loss_mask: 0.1188, loss_texture: 0.0063, iou: 0.7257, iou_t0: 0.7366, iou_t1: 0.8937, iou_t2: 0.8458, iou_t3: 0.7195, iou_t4: 0.6074, iou_t5: 0.5044, loss: 0.1252
2026-05-03 18:37:43,332 - mmdet - INFO - Iter [3125/120000]	lr: 1.000e-04, eta: 1 day, 20:44:12, time: 1.098, data_time: 0.013, memory: 37109, loss_mask: 0.1163, loss_texture: 0.0069, iou: 0.7123, iou_t0: 0.7095, iou_t1: 0.8521, iou_t2: 0.8222, iou_t3: 0.7540, iou_t4: 0.6043, iou_t5: 0.5413, loss: 0.1231
2026-05-03 18:38:10,782 - mmdet - INFO - Iter [3150/120000]	lr: 1.000e-04, eta: 1 day, 20:39:18, time: 1.098, data_time: 0.012, memory: 37109, loss_mask: 0.1323, loss_texture: 0.0073, iou: 0.7054, iou_t0: 0.7189, iou_t1: 0.7840, iou_t2: 0.7950, iou_t3: 0.7624, iou_t4: 0.6353, iou_t5: 0.5248, loss: 0.1395
2026-05-03 18:38:38,123 - mmdet - INFO - Iter [3175/120000]	lr: 1.000e-04, eta: 1 day, 20:34:24, time: 1.094, data_time: 0.012, memory: 37109, loss_mask: 0.1234, loss_texture: 0.0069, iou: 0.6669, iou_t0: 0.6435, iou_t1: 0.7949, iou_t2: 0.7733, iou_t3: 0.7303, iou_t4: 0.6343, iou_t5: 0.4862, loss: 0.1303
2026-05-03 18:39:05,643 - mmdet - INFO - Iter [3200/120000]	lr: 1.000e-04, eta: 1 day, 20:29:40, time: 1.101, data_time: 0.012, memory: 37109, loss_mask: 0.1293, loss_texture: 0.0082, iou: 0.7093, iou_t0: 0.7112, iou_t1: 0.8210, iou_t2: 0.8260, iou_t3: 0.6908, iou_t4: 0.6172, iou_t5: 0.5403, loss: 0.1376
2026-05-03 18:39:32,953 - mmdet - INFO - Iter [3225/120000]	lr: 1.000e-04, eta: 1 day, 20:24:54, time: 1.092, data_time: 0.013, memory: 37109, loss_mask: 0.1134, loss_texture: 0.0064, iou: 0.7126, iou_t0: 0.7331, iou_t1: 0.8673, iou_t2: 0.7434, iou_t3: 0.6671, iou_t4: 0.6377, iou_t5: 0.5647, loss: 0.1199
2026-05-03 18:40:00,232 - mmdet - INFO - Iter [3250/120000]	lr: 1.000e-04, eta: 1 day, 20:20:10, time: 1.091, data_time: 0.012, memory: 37109, loss_mask: 0.1171, loss_texture: 0.0065, iou: 0.7249, iou_t0: 0.7130, iou_t1: 0.8616, iou_t2: 0.8369, iou_t3: 0.7607, iou_t4: 0.6447, iou_t5: 0.5592, loss: 0.1237
2026-05-03 18:40:27,593 - mmdet - INFO - Iter [3275/120000]	lr: 1.000e-04, eta: 1 day, 20:15:32, time: 1.094, data_time: 0.012, memory: 37109, loss_mask: 0.1180, loss_texture: 0.0073, iou: 0.7038, iou_t0: 0.7080, iou_t1: 0.8378, iou_t2: 0.8028, iou_t3: 0.7146, iou_t4: 0.6368, iou_t5: 0.4796, loss: 0.1253
2026-05-03 18:40:55,018 - mmdet - INFO - Iter [3300/120000]	lr: 1.000e-04, eta: 1 day, 20:11:01, time: 1.097, data_time: 0.012, memory: 37109, loss_mask: 0.1027, loss_texture: 0.0063, iou: 0.7154, iou_t0: 0.7055, iou_t1: 0.8547, iou_t2: 0.8136, iou_t3: 0.6948, iou_t4: 0.6403, iou_t5: 0.5978, loss: 0.1090
2026-05-03 18:41:22,490 - mmdet - INFO - Iter [3325/120000]	lr: 1.000e-04, eta: 1 day, 20:06:36, time: 1.099, data_time: 0.013, memory: 37109, loss_mask: 0.0942, loss_texture: 0.0061, iou: 0.7077, iou_t0: 0.6990, iou_t1: 0.8351, iou_t2: 0.8112, iou_t3: 0.6773, iou_t4: 0.6296, iou_t5: 0.5759, loss: 0.1003
2026-05-03 18:41:49,840 - mmdet - INFO - Iter [3350/120000]	lr: 1.000e-04, eta: 1 day, 20:02:09, time: 1.094, data_time: 0.012, memory: 37109, loss_mask: 0.1181, loss_texture: 0.0066, iou: 0.7159, iou_t0: 0.7339, iou_t1: 0.8538, iou_t2: 0.7710, iou_t3: 0.7450, iou_t4: 0.6009, iou_t5: 0.5453, loss: 0.1248
2026-05-03 18:42:17,337 - mmdet - INFO - Iter [3375/120000]	lr: 1.000e-04, eta: 1 day, 19:57:51, time: 1.100, data_time: 0.012, memory: 37109, loss_mask: 0.1331, loss_texture: 0.0077, iou: 0.7218, iou_t0: 0.7577, iou_t1: 0.7994, iou_t2: 0.7817, iou_t3: 0.6885, iou_t4: 0.5698, iou_t5: 0.5285, loss: 0.1407
2026-05-03 18:42:44,807 - mmdet - INFO - Iter [3400/120000]	lr: 1.000e-04, eta: 1 day, 19:53:36, time: 1.099, data_time: 0.012, memory: 37109, loss_mask: 0.1125, loss_texture: 0.0071, iou: 0.7137, iou_t0: 0.7064, iou_t1: 0.8330, iou_t2: 0.7804, iou_t3: 0.7906, iou_t4: 0.6262, iou_t5: 0.5560, loss: 0.1196
2026-05-03 18:43:12,107 - mmdet - INFO - Iter [3425/120000]	lr: 1.000e-04, eta: 1 day, 19:49:18, time: 1.092, data_time: 0.013, memory: 37109, loss_mask: 0.1170, loss_texture: 0.0061, iou: 0.6633, iou_t0: 0.6489, iou_t1: 0.7753, iou_t2: 0.8092, iou_t3: 0.7028, iou_t4: 0.5823, iou_t5: 0.4664, loss: 0.1231
2026-05-03 18:43:39,469 - mmdet - INFO - Iter [3450/120000]	lr: 1.000e-04, eta: 1 day, 19:45:06, time: 1.095, data_time: 0.012, memory: 37109, loss_mask: 0.1098, loss_texture: 0.0067, iou: 0.7051, iou_t0: 0.7011, iou_t1: 0.8291, iou_t2: 0.7790, iou_t3: 0.7862, iou_t4: 0.6120, iou_t5: 0.5212, loss: 0.1165
2026-05-03 18:44:06,759 - mmdet - INFO - Iter [3475/120000]	lr: 1.000e-04, eta: 1 day, 19:40:54, time: 1.092, data_time: 0.012, memory: 37109, loss_mask: 0.0999, loss_texture: 0.0064, iou: 0.7084, iou_t0: 0.6819, iou_t1: 0.8531, iou_t2: 0.7964, iou_t3: 0.7830, iou_t4: 0.6828, iou_t5: 0.5146, loss: 0.1063
2026-05-03 18:44:34,109 - mmdet - INFO - 
--- Val evaluation at iter 3500 ---
2026-05-03 18:46:56,847 - mmdet - INFO - 
+------------+-------------+-------------+
| Class      | Val IoU     | Pseudo IoU  |
+------------+-------------+-------------+
| background | 92.18       | 92.68       |
| building   | 67.24       | 69.14       |
| Summary    | mIoU: 79.71 | mIoU: 80.91 |
+------------+-------------+-------------+
Images evaluated: 218
2026-05-03 18:46:58,233 - mmdet - INFO - Iter [3500/120000]	lr: 1.000e-04, eta: 1 day, 19:36:48, time: 1.094, data_time: 0.012, memory: 37109, val/mIoU: 0.7971, val/IoU.building: 0.6724, val/IoU.background: 0.9218, val/Pseudo_mIoU: 0.8091, loss_mask: 0.0999, loss_texture: 0.0064, iou: 0.7227, iou_t0: 0.7207, iou_t1: 0.8720, iou_t2: 0.8412, iou_t3: 0.7457, iou_t4: 0.6383, iou_t5: 0.5512, loss: 0.1063
2026-05-03 18:47:25,528 - mmdet - INFO - Iter [3525/120000]	lr: 1.000e-04, eta: 1 day, 20:52:05, time: 6.857, data_time: 5.778, memory: 37109, loss_mask: 0.1171, loss_texture: 0.0070, iou: 0.6967, iou_t0: 0.6830, iou_t1: 0.8328, iou_t2: 0.8313, iou_t3: 0.7301, iou_t4: 0.6105, iou_t5: 0.5550, loss: 0.1241
2026-05-03 18:47:52,818 - mmdet - INFO - Iter [3550/120000]	lr: 1.000e-04, eta: 1 day, 20:47:28, time: 1.092, data_time: 0.013, memory: 37109, loss_mask: 0.1077, loss_texture: 0.0063, iou: 0.7107, iou_t0: 0.6972, iou_t1: 0.8791, iou_t2: 0.8486, iou_t3: 0.7401, iou_t4: 0.6757, iou_t5: 0.5772, loss: 0.1140
2026-05-03 18:48:20,150 - mmdet - INFO - Iter [3575/120000]	lr: 1.000e-04, eta: 1 day, 20:42:56, time: 1.093, data_time: 0.012, memory: 37109, loss_mask: 0.1163, loss_texture: 0.0067, iou: 0.6835, iou_t0: 0.6676, iou_t1: 0.8658, iou_t2: 0.8236, iou_t3: 0.6816, iou_t4: 0.6197, iou_t5: 0.5228, loss: 0.1230
2026-05-03 18:48:47,550 - mmdet - INFO - Iter [3600/120000]	lr: 1.000e-04, eta: 1 day, 20:38:30, time: 1.096, data_time: 0.012, memory: 37109, loss_mask: 0.1218, loss_texture: 0.0071, iou: 0.7442, iou_t0: 0.7562, iou_t1: 0.8694, iou_t2: 0.7896, iou_t3: 0.7961, iou_t4: 0.6580, iou_t5: 0.5395, loss: 0.1289
2026-05-03 18:49:15,013 - mmdet - INFO - Iter [3625/120000]	lr: 1.000e-04, eta: 1 day, 20:34:09, time: 1.099, data_time: 0.013, memory: 37109, loss_mask: 0.0905, loss_texture: 0.0063, iou: 0.7147, iou_t0: 0.6891, iou_t1: 0.8977, iou_t2: 0.8458, iou_t3: 0.7247, iou_t4: 0.6742, iou_t5: 0.5159, loss: 0.0968
2026-05-03 18:49:42,349 - mmdet - INFO - Iter [3650/120000]	lr: 1.000e-04, eta: 1 day, 20:29:47, time: 1.093, data_time: 0.012, memory: 37109, loss_mask: 0.1034, loss_texture: 0.0065, iou: 0.7238, iou_t0: 0.7180, iou_t1: 0.8642, iou_t2: 0.8412, iou_t3: 0.7490, iou_t4: 0.6427, iou_t5: 0.5824, loss: 0.1099
2026-05-03 18:50:09,683 - mmdet - INFO - Iter [3675/120000]	lr: 1.000e-04, eta: 1 day, 20:25:28, time: 1.093, data_time: 0.012, memory: 37109, loss_mask: 0.1093, loss_texture: 0.0065, iou: 0.7155, iou_t0: 0.7121, iou_t1: 0.8666, iou_t2: 0.8196, iou_t3: 0.7569, iou_t4: 0.6339, iou_t5: 0.5285, loss: 0.1158
2026-05-03 18:50:37,179 - mmdet - INFO - Iter [3700/120000]	lr: 1.000e-04, eta: 1 day, 20:21:18, time: 1.100, data_time: 0.012, memory: 37109, loss_mask: 0.1146, loss_texture: 0.0069, iou: 0.7322, iou_t0: 0.7377, iou_t1: 0.8456, iou_t2: 0.8109, iou_t3: 0.7487, iou_t4: 0.6744, iou_t5: 0.5595, loss: 0.1216
2026-05-03 18:51:04,572 - mmdet - INFO - Iter [3725/120000]	lr: 1.000e-04, eta: 1 day, 20:17:07, time: 1.096, data_time: 0.013, memory: 37109, loss_mask: 0.1147, loss_texture: 0.0069, iou: 0.7260, iou_t0: 0.7476, iou_t1: 0.8249, iou_t2: 0.8172, iou_t3: 0.7372, iou_t4: 0.6272, iou_t5: 0.6031, loss: 0.1216
2026-05-03 18:51:31,977 - mmdet - INFO - Iter [3750/120000]	lr: 1.000e-04, eta: 1 day, 20:13:00, time: 1.096, data_time: 0.012, memory: 37109, loss_mask: 0.1144, loss_texture: 0.0073, iou: 0.7337, iou_t0: 0.7394, iou_t1: 0.8397, iou_t2: 0.8307, iou_t3: 0.7231, iou_t4: 0.6720, iou_t5: 0.5612, loss: 0.1217
2026-05-03 18:51:59,420 - mmdet - INFO - Iter [3775/120000]	lr: 1.000e-04, eta: 1 day, 20:08:57, time: 1.098, data_time: 0.012, memory: 37109, loss_mask: 0.1049, loss_texture: 0.0068, iou: 0.7364, iou_t0: 0.7522, iou_t1: 0.8613, iou_t2: 0.7985, iou_t3: 0.7569, iou_t4: 0.6225, iou_t5: 0.5133, loss: 0.1117
2026-05-03 18:52:26,851 - mmdet - INFO - Iter [3800/120000]	lr: 1.000e-04, eta: 1 day, 20:04:56, time: 1.097, data_time: 0.012, memory: 37109, loss_mask: 0.1353, loss_texture: 0.0076, iou: 0.6964, iou_t0: 0.7132, iou_t1: 0.7979, iou_t2: 0.7625, iou_t3: 0.7397, iou_t4: 0.5998, iou_t5: 0.5625, loss: 0.1429
2026-05-03 18:52:54,201 - mmdet - INFO - Iter [3825/120000]	lr: 1.000e-04, eta: 1 day, 20:00:55, time: 1.094, data_time: 0.013, memory: 37109, loss_mask: 0.1214, loss_texture: 0.0072, iou: 0.7333, iou_t0: 0.7373, iou_t1: 0.8272, iou_t2: 0.8213, iou_t3: 0.7586, iou_t4: 0.6617, iou_t5: 0.5547, loss: 0.1287
2026-05-03 18:53:21,482 - mmdet - INFO - Iter [3850/120000]	lr: 1.000e-04, eta: 1 day, 19:56:56, time: 1.091, data_time: 0.012, memory: 37109, loss_mask: 0.0859, loss_texture: 0.0053, iou: 0.7159, iou_t0: 0.6970, iou_t1: 0.8821, iou_t2: 0.8672, iou_t3: 0.7469, iou_t4: 0.6086, iou_t5: 0.5242, loss: 0.0911
2026-05-03 18:53:48,833 - mmdet - INFO - Iter [3875/120000]	lr: 1.000e-04, eta: 1 day, 19:53:01, time: 1.094, data_time: 0.012, memory: 37109, loss_mask: 0.1104, loss_texture: 0.0068, iou: 0.6978, iou_t0: 0.6642, iou_t1: 0.8769, iou_t2: 0.7628, iou_t3: 0.7596, iou_t4: 0.6867, iou_t5: 0.5664, loss: 0.1173
2026-05-03 18:54:16,146 - mmdet - INFO - Iter [3900/120000]	lr: 1.000e-04, eta: 1 day, 19:49:07, time: 1.093, data_time: 0.012, memory: 37109, loss_mask: 0.0949, loss_texture: 0.0058, iou: 0.6775, iou_t0: 0.6437, iou_t1: 0.7907, iou_t2: 0.8709, iou_t3: 0.6597, iou_t4: 0.6503, iou_t5: 0.5288, loss: 0.1007
2026-05-03 18:54:43,615 - mmdet - INFO - Iter [3925/120000]	lr: 1.000e-04, eta: 1 day, 19:45:21, time: 1.099, data_time: 0.013, memory: 37109, loss_mask: 0.0987, loss_texture: 0.0066, iou: 0.7434, iou_t0: 0.7291, iou_t1: 0.8871, iou_t2: 0.8534, iou_t3: 0.7686, iou_t4: 0.6996, iou_t5: 0.5995, loss: 0.1052
2026-05-03 18:55:11,001 - mmdet - INFO - Iter [3950/120000]	lr: 1.000e-04, eta: 1 day, 19:41:35, time: 1.095, data_time: 0.012, memory: 37109, loss_mask: 0.1204, loss_texture: 0.0066, iou: 0.7149, iou_t0: 0.7344, iou_t1: 0.8492, iou_t2: 0.8001, iou_t3: 0.7546, iou_t4: 0.6523, iou_t5: 0.4722, loss: 0.1270
2026-05-03 18:55:38,451 - mmdet - INFO - Iter [3975/120000]	lr: 1.000e-04, eta: 1 day, 19:37:53, time: 1.098, data_time: 0.013, memory: 37109, loss_mask: 0.1027, loss_texture: 0.0061, iou: 0.6767, iou_t0: 0.6481, iou_t1: 0.8518, iou_t2: 0.7423, iou_t3: 0.6828, iou_t4: 0.6541, iou_t5: 0.4879, loss: 0.1087
2026-05-03 18:56:05,919 - mmdet - INFO - 
--- Val evaluation at iter 4000 ---
2026-05-03 18:58:28,669 - mmdet - INFO - 
+------------+-------------+-------------+
| Class      | Val IoU     | Pseudo IoU  |
+------------+-------------+-------------+
| background | 92.18       | 92.68       |
| building   | 67.29       | 69.14       |
| Summary    | mIoU: 79.74 | mIoU: 80.91 |
+------------+-------------+-------------+
Images evaluated: 218
2026-05-03 18:58:31,333 - mmdet - INFO - ★ New best mIoU: 79.74% (prev: 79.73%, Δ=+0.00%) → saved to /home/ubuntu/vy/Denoiser/SegRefiner/work_dirs/exp8_all/best_model.pth
2026-05-03 18:58:31,337 - mmdet - INFO - Exp name: exp8_all.py
2026-05-03 18:58:31,337 - mmdet - INFO - Iter [4000/120000]	lr: 1.000e-04, eta: 1 day, 19:34:14, time: 1.099, data_time: 0.012, memory: 37109, val/mIoU: 0.7974, val/IoU.building: 0.6729, val/IoU.background: 0.9218, val/Pseudo_mIoU: 0.8091, loss_mask: 0.0986, loss_texture: 0.0060, iou: 0.7197, iou_t0: 0.7046, iou_t1: 0.8491, iou_t2: 0.8473, iou_t3: 0.7199, iou_t4: 0.6673, iou_t5: 0.5863, loss: 0.1046
2026-05-03 18:58:58,763 - mmdet - INFO - Iter [4025/120000]	lr: 1.000e-04, eta: 1 day, 20:40:27, time: 6.914, data_time: 5.831, memory: 37109, loss_mask: 0.1003, loss_texture: 0.0063, iou: 0.7160, iou_t0: 0.7044, iou_t1: 0.8965, iou_t2: 0.7824, iou_t3: 0.7331, iou_t4: 0.6601, iou_t5: 0.5692, loss: 0.1066
2026-05-03 18:59:26,389 - mmdet - INFO - Iter [4050/120000]	lr: 1.000e-04, eta: 1 day, 20:36:31, time: 1.105, data_time: 0.012, memory: 37109, loss_mask: 0.1050, loss_texture: 0.0070, iou: 0.7393, iou_t0: 0.7422, iou_t1: 0.8890, iou_t2: 0.8207, iou_t3: 0.7770, iou_t4: 0.7111, iou_t5: 0.5005, loss: 0.1119
2026-05-03 18:59:53,749 - mmdet - INFO - Iter [4075/120000]	lr: 1.000e-04, eta: 1 day, 20:32:29, time: 1.094, data_time: 0.012, memory: 37109, loss_mask: 0.0904, loss_texture: 0.0058, iou: 0.7312, iou_t0: 0.7243, iou_t1: 0.8190, iou_t2: 0.8130, iou_t3: 0.7656, iou_t4: 0.6648, iou_t5: 0.5908, loss: 0.0962
2026-05-03 19:00:21,204 - mmdet - INFO - Iter [4100/120000]	lr: 1.000e-04, eta: 1 day, 20:28:33, time: 1.098, data_time: 0.012, memory: 37109, loss_mask: 0.0919, loss_texture: 0.0060, iou: 0.7082, iou_t0: 0.6588, iou_t1: 0.8585, iou_t2: 0.8363, iou_t3: 0.7825, iou_t4: 0.6781, iou_t5: 0.6015, loss: 0.0979
2026-05-03 19:00:48,820 - mmdet - INFO - Iter [4125/120000]	lr: 1.000e-04, eta: 1 day, 20:24:44, time: 1.105, data_time: 0.013, memory: 37109, loss_mask: 0.1036, loss_texture: 0.0065, iou: 0.7065, iou_t0: 0.6916, iou_t1: 0.8263, iou_t2: 0.8199, iou_t3: 0.6754, iou_t4: 0.6921, iou_t5: 0.5890, loss: 0.1101
2026-05-03 19:01:16,188 - mmdet - INFO - Iter [4150/120000]	lr: 1.000e-04, eta: 1 day, 20:20:51, time: 1.095, data_time: 0.012, memory: 37109, loss_mask: 0.0944, loss_texture: 0.0058, iou: 0.7386, iou_t0: 0.7346, iou_t1: 0.8901, iou_t2: 0.8436, iou_t3: 0.7629, iou_t4: 0.6886, iou_t5: 0.5566, loss: 0.1002
2026-05-03 19:01:43,605 - mmdet - INFO - Iter [4175/120000]	lr: 1.000e-04, eta: 1 day, 20:17:01, time: 1.097, data_time: 0.013, memory: 37109, loss_mask: 0.1035, loss_texture: 0.0065, iou: 0.7359, iou_t0: 0.7144, iou_t1: 0.8600, iou_t2: 0.8244, iou_t3: 0.7493, iou_t4: 0.7063, iou_t5: 0.6227, loss: 0.1100
2026-05-03 19:02:11,047 - mmdet - INFO - Iter [4200/120000]	lr: 1.000e-04, eta: 1 day, 20:13:15, time: 1.098, data_time: 0.012, memory: 37109, loss_mask: 0.1182, loss_texture: 0.0069, iou: 0.7320, iou_t0: 0.7349, iou_t1: 0.8924, iou_t2: 0.8253, iou_t3: 0.7511, iou_t4: 0.6765, iou_t5: 0.4997, loss: 0.1251
2026-05-03 19:02:38,529 - mmdet - INFO - Iter [4225/120000]	lr: 1.000e-04, eta: 1 day, 20:09:32, time: 1.099, data_time: 0.013, memory: 37109, loss_mask: 0.1057, loss_texture: 0.0069, iou: 0.7172, iou_t0: 0.6893, iou_t1: 0.9144, iou_t2: 0.8145, iou_t3: 0.7486, iou_t4: 0.6520, iou_t5: 0.5602, loss: 0.1126
2026-05-03 19:03:06,067 - mmdet - INFO - Iter [4250/120000]	lr: 1.000e-04, eta: 1 day, 20:05:52, time: 1.101, data_time: 0.012, memory: 37109, loss_mask: 0.1110, loss_texture: 0.0062, iou: 0.7147, iou_t0: 0.7080, iou_t1: 0.8847, iou_t2: 0.7932, iou_t3: 0.7280, iou_t4: 0.6592, iou_t5: 0.4811, loss: 0.1171
2026-05-03 19:03:33,512 - mmdet - INFO - Iter [4275/120000]	lr: 1.000e-04, eta: 1 day, 20:02:13, time: 1.098, data_time: 0.012, memory: 37109, loss_mask: 0.1245, loss_texture: 0.0070, iou: 0.6985, iou_t0: 0.6964, iou_t1: 0.8527, iou_t2: 0.7752, iou_t3: 0.7509, iou_t4: 0.6546, iou_t5: 0.5009, loss: 0.1315
2026-05-03 19:04:00,822 - mmdet - INFO - Iter [4300/120000]	lr: 1.000e-04, eta: 1 day, 19:58:32, time: 1.092, data_time: 0.012, memory: 37109, loss_mask: 0.1169, loss_texture: 0.0064, iou: 0.6987, iou_t0: 0.6834, iou_t1: 0.8492, iou_t2: 0.7621, iou_t3: 0.7377, iou_t4: 0.6485, iou_t5: 0.5840, loss: 0.1232
2026-05-03 19:04:28,270 - mmdet - INFO - Iter [4325/120000]	lr: 1.000e-04, eta: 1 day, 19:54:57, time: 1.098, data_time: 0.013, memory: 37109, loss_mask: 0.1039, loss_texture: 0.0068, iou: 0.7414, iou_t0: 0.7330, iou_t1: 0.8877, iou_t2: 0.8117, iou_t3: 0.7458, iou_t4: 0.6965, iou_t5: 0.5952, loss: 0.1107
2026-05-03 19:04:55,597 - mmdet - INFO - Iter [4350/120000]	lr: 1.000e-04, eta: 1 day, 19:51:21, time: 1.093, data_time: 0.012, memory: 37109, loss_mask: 0.0975, loss_texture: 0.0058, iou: 0.7230, iou_t0: 0.7136, iou_t1: 0.8892, iou_t2: 0.8068, iou_t3: 0.7550, iou_t4: 0.5925, iou_t5: 0.5999, loss: 0.1033
2026-05-03 19:05:23,088 - mmdet - INFO - Iter [4375/120000]	lr: 1.000e-04, eta: 1 day, 19:47:51, time: 1.100, data_time: 0.013, memory: 37109, loss_mask: 0.1229, loss_texture: 0.0072, iou: 0.7247, iou_t0: 0.7200, iou_t1: 0.8997, iou_t2: 0.8102, iou_t3: 0.7353, iou_t4: 0.6455, iou_t5: 0.5813, loss: 0.1300
2026-05-03 19:05:50,532 - mmdet - INFO - Iter [4400/120000]	lr: 1.000e-04, eta: 1 day, 19:44:22, time: 1.098, data_time: 0.012, memory: 37109, loss_mask: 0.1019, loss_texture: 0.0061, iou: 0.6982, iou_t0: 0.6994, iou_t1: 0.8698, iou_t2: 0.7424, iou_t3: 0.6937, iou_t4: 0.6049, iou_t5: 0.5591, loss: 0.1080
2026-05-03 19:06:18,081 - mmdet - INFO - Iter [4425/120000]	lr: 1.000e-04, eta: 1 day, 19:40:59, time: 1.102, data_time: 0.013, memory: 37109, loss_mask: 0.0953, loss_texture: 0.0063, iou: 0.7024, iou_t0: 0.6829, iou_t1: 0.8332, iou_t2: 0.7862, iou_t3: 0.7937, iou_t4: 0.7103, iou_t5: 0.5345, loss: 0.1016
2026-05-03 19:06:45,468 - mmdet - INFO - Iter [4450/120000]	lr: 1.000e-04, eta: 1 day, 19:37:32, time: 1.095, data_time: 0.012, memory: 37109, loss_mask: 0.0975, loss_texture: 0.0061, iou: 0.7256, iou_t0: 0.7242, iou_t1: 0.8530, iou_t2: 0.8202, iou_t3: 0.7551, iou_t4: 0.6906, iou_t5: 0.5406, loss: 0.1036
2026-05-03 19:07:12,834 - mmdet - INFO - Iter [4475/120000]	lr: 1.000e-04, eta: 1 day, 19:34:08, time: 1.095, data_time: 0.012, memory: 37109, loss_mask: 0.1051, loss_texture: 0.0067, iou: 0.7238, iou_t0: 0.7182, iou_t1: 0.8919, iou_t2: 0.8600, iou_t3: 0.7342, iou_t4: 0.6574, iou_t5: 0.5558, loss: 0.1118
2026-05-03 19:07:40,256 - mmdet - INFO - 
--- Val evaluation at iter 4500 ---
2026-05-03 19:10:04,166 - mmdet - INFO - 
+------------+-------------+-------------+
| Class      | Val IoU     | Pseudo IoU  |
+------------+-------------+-------------+
| background | 92.18       | 92.68       |
| building   | 67.28       | 69.14       |
| Summary    | mIoU: 79.73 | mIoU: 80.91 |
+------------+-------------+-------------+
Images evaluated: 218
2026-05-03 19:10:05,533 - mmdet - INFO - Iter [4500/120000]	lr: 1.000e-04, eta: 1 day, 19:30:46, time: 1.097, data_time: 0.012, memory: 37109, val/mIoU: 0.7973, val/IoU.building: 0.6728, val/IoU.background: 0.9218, val/Pseudo_mIoU: 0.8091, loss_mask: 0.0855, loss_texture: 0.0058, iou: 0.7264, iou_t0: 0.7140, iou_t1: 0.8877, iou_t2: 0.7960, iou_t3: 0.7785, iou_t4: 0.6858, iou_t5: 0.5210, loss: 0.0914
2026-05-03 19:10:33,133 - mmdet - INFO - Iter [4525/120000]	lr: 1.000e-04, eta: 1 day, 20:29:19, time: 6.915, data_time: 5.825, memory: 37109, loss_mask: 0.1025, loss_texture: 0.0065, iou: 0.7505, iou_t0: 0.7682, iou_t1: 0.8811, iou_t2: 0.8141, iou_t3: 0.7814, iou_t4: 0.6651, iou_t5: 0.5517, loss: 0.1090
2026-05-03 19:11:00,688 - mmdet - INFO - Iter [4550/120000]	lr: 1.000e-04, eta: 1 day, 20:25:44, time: 1.102, data_time: 0.012, memory: 37109, loss_mask: 0.1104, loss_texture: 0.0070, iou: 0.7053, iou_t0: 0.6953, iou_t1: 0.8393, iou_t2: 0.7987, iou_t3: 0.7092, iou_t4: 0.6090, iou_t5: 0.5689, loss: 0.1174
2026-05-03 19:11:28,321 - mmdet - INFO - Iter [4575/120000]	lr: 1.000e-04, eta: 1 day, 20:22:12, time: 1.105, data_time: 0.012, memory: 37109, loss_mask: 0.1092, loss_texture: 0.0069, iou: 0.7295, iou_t0: 0.7212, iou_t1: 0.8635, iou_t2: 0.7918, iou_t3: 0.7650, iou_t4: 0.6789, iou_t5: 0.5992, loss: 0.1161
2026-05-03 19:11:55,716 - mmdet - INFO - Iter [4600/120000]	lr: 1.000e-04, eta: 1 day, 20:18:37, time: 1.096, data_time: 0.012, memory: 37109, loss_mask: 0.1025, loss_texture: 0.0065, iou: 0.7258, iou_t0: 0.7305, iou_t1: 0.8352, iou_t2: 0.7817, iou_t3: 0.7420, iou_t4: 0.6762, iou_t5: 0.5633, loss: 0.1089
2026-05-03 19:12:23,127 - mmdet - INFO - Iter [4625/120000]	lr: 1.000e-04, eta: 1 day, 20:15:04, time: 1.096, data_time: 0.013, memory: 37109, loss_mask: 0.0976, loss_texture: 0.0062, iou: 0.7709, iou_t0: 0.7786, iou_t1: 0.9012, iou_t2: 0.8031, iou_t3: 0.7805, iou_t4: 0.6970, iou_t5: 0.5995, loss: 0.1037
2026-05-03 19:12:50,540 - mmdet - INFO - Iter [4650/120000]	lr: 1.000e-04, eta: 1 day, 20:11:33, time: 1.097, data_time: 0.012, memory: 37109, loss_mask: 0.0852, loss_texture: 0.0059, iou: 0.7336, iou_t0: 0.7096, iou_t1: 0.8811, iou_t2: 0.8114, iou_t3: 0.7963, iou_t4: 0.6744, iou_t5: 0.6014, loss: 0.0911
2026-05-03 19:13:17,921 - mmdet - INFO - Iter [4675/120000]	lr: 1.000e-04, eta: 1 day, 20:08:04, time: 1.095, data_time: 0.012, memory: 37109, loss_mask: 0.1018, loss_texture: 0.0061, iou: 0.6987, iou_t0: 0.6728, iou_t1: 0.8059, iou_t2: 0.7810, iou_t3: 0.7807, iou_t4: 0.6864, iou_t5: 0.5044, loss: 0.1080
2026-05-03 19:13:45,569 - mmdet - INFO - Iter [4700/120000]	lr: 1.000e-04, eta: 1 day, 20:04:43, time: 1.106, data_time: 0.012, memory: 37109, loss_mask: 0.1020, loss_texture: 0.0069, iou: 0.7455, iou_t0: 0.7441, iou_t1: 0.8859, iou_t2: 0.8092, iou_t3: 0.7511, iou_t4: 0.7099, iou_t5: 0.5869, loss: 0.1089
2026-05-03 19:14:13,092 - mmdet - INFO - Iter [4725/120000]	lr: 1.000e-04, eta: 1 day, 20:01:20, time: 1.101, data_time: 0.013, memory: 37109, loss_mask: 0.0965, loss_texture: 0.0064, iou: 0.7218, iou_t0: 0.7049, iou_t1: 0.8568, iou_t2: 0.8327, iou_t3: 0.7663, iou_t4: 0.6386, iou_t5: 0.5257, loss: 0.1029
2026-05-03 19:14:40,569 - mmdet - INFO - Iter [4750/120000]	lr: 1.000e-04, eta: 1 day, 19:57:59, time: 1.099, data_time: 0.012, memory: 37109, loss_mask: 0.0926, loss_texture: 0.0059, iou: 0.7478, iou_t0: 0.7541, iou_t1: 0.8292, iou_t2: 0.8326, iou_t3: 0.7642, iou_t4: 0.6922, iou_t5: 0.5340, loss: 0.0985
2026-05-03 19:15:08,172 - mmdet - INFO - Iter [4775/120000]	lr: 1.000e-04, eta: 1 day, 19:54:42, time: 1.104, data_time: 0.012, memory: 37109, loss_mask: 0.1104, loss_texture: 0.0069, iou: 0.7251, iou_t0: 0.7467, iou_t1: 0.8875, iou_t2: 0.8136, iou_t3: 0.6914, iou_t4: 0.6655, iou_t5: 0.5216, loss: 0.1174
2026-05-03 19:15:35,759 - mmdet - INFO - Iter [4800/120000]	lr: 1.000e-04, eta: 1 day, 19:51:27, time: 1.103, data_time: 0.012, memory: 37109, loss_mask: 0.1218, loss_texture: 0.0072, iou: 0.6971, iou_t0: 0.6685, iou_t1: 0.8740, iou_t2: 0.7461, iou_t3: 0.7712, iou_t4: 0.6581, iou_t5: 0.5873, loss: 0.1291
2026-05-03 19:16:03,283 - mmdet - INFO - Iter [4825/120000]	lr: 1.000e-04, eta: 1 day, 19:48:11, time: 1.101, data_time: 0.013, memory: 37109, loss_mask: 0.0887, loss_texture: 0.0057, iou: 0.7024, iou_t0: 0.6698, iou_t1: 0.8694, iou_t2: 0.8452, iou_t3: 0.7531, iou_t4: 0.5743, iou_t5: 0.5224, loss: 0.0944
2026-05-03 19:16:30,679 - mmdet - INFO - Iter [4850/120000]	lr: 1.000e-04, eta: 1 day, 19:44:55, time: 1.096, data_time: 0.012, memory: 37109, loss_mask: 0.1098, loss_texture: 0.0066, iou: 0.7367, iou_t0: 0.7260, iou_t1: 0.8821, iou_t2: 0.8336, iou_t3: 0.7768, iou_t4: 0.6809, iou_t5: 0.5638, loss: 0.1164
2026-05-03 19:16:58,216 - mmdet - INFO - Iter [4875/120000]	lr: 1.000e-04, eta: 1 day, 19:41:44, time: 1.101, data_time: 0.013, memory: 37109, loss_mask: 0.1027, loss_texture: 0.0063, iou: 0.7046, iou_t0: 0.6947, iou_t1: 0.8804, iou_t2: 0.7993, iou_t3: 0.7298, iou_t4: 0.6457, iou_t5: 0.5783, loss: 0.1090
2026-05-03 19:17:25,673 - mmdet - INFO - Iter [4900/120000]	lr: 1.000e-04, eta: 1 day, 19:38:32, time: 1.098, data_time: 0.012, memory: 37109, loss_mask: 0.1044, loss_texture: 0.0062, iou: 0.7049, iou_t0: 0.6834, iou_t1: 0.8318, iou_t2: 0.8390, iou_t3: 0.7403, iou_t4: 0.6552, iou_t5: 0.5462, loss: 0.1106
2026-05-03 19:17:53,137 - mmdet - INFO - Iter [4925/120000]	lr: 1.000e-04, eta: 1 day, 19:35:22, time: 1.099, data_time: 0.013, memory: 37109, loss_mask: 0.0952, loss_texture: 0.0054, iou: 0.6909, iou_t0: 0.6622, iou_t1: 0.8603, iou_t2: 0.8466, iou_t3: 0.6895, iou_t4: 0.6128, iou_t5: 0.5636, loss: 0.1006
2026-05-03 19:18:20,769 - mmdet - INFO - Iter [4950/120000]	lr: 1.000e-04, eta: 1 day, 19:32:18, time: 1.105, data_time: 0.012, memory: 37109, loss_mask: 0.0962, loss_texture: 0.0066, iou: 0.7470, iou_t0: 0.7387, iou_t1: 0.8604, iou_t2: 0.8216, iou_t3: 0.7730, iou_t4: 0.7049, iou_t5: 0.6444, loss: 0.1028
2026-05-03 19:18:48,268 - mmdet - INFO - Iter [4975/120000]	lr: 1.000e-04, eta: 1 day, 19:29:12, time: 1.100, data_time: 0.012, memory: 37109, loss_mask: 0.1051, loss_texture: 0.0054, iou: 0.7063, iou_t0: 0.6717, iou_t1: 0.8217, iou_t2: 0.8519, iou_t3: 0.7456, iou_t4: 0.6383, iou_t5: 0.5534, loss: 0.1105
2026-05-03 19:19:15,897 - mmdet - INFO - 
--- Val evaluation at iter 5000 ---
2026-05-03 19:21:38,918 - mmdet - INFO - 
+------------+-------------+-------------+
| Class      | Val IoU     | Pseudo IoU  |
+------------+-------------+-------------+
| background | 92.19       | 92.68       |
| building   | 67.28       | 69.14       |
| Summary    | mIoU: 79.74 | mIoU: 80.91 |
+------------+-------------+-------------+
Images evaluated: 218
2026-05-03 19:21:40,296 - mmdet - INFO - Exp name: exp8_all.py
2026-05-03 19:21:40,296 - mmdet - INFO - Iter [5000/120000]	lr: 1.000e-04, eta: 1 day, 19:26:11, time: 1.105, data_time: 0.012, memory: 37109, val/mIoU: 0.7974, val/IoU.building: 0.6728, val/IoU.background: 0.9219, val/Pseudo_mIoU: 0.8091, loss_mask: 0.1205, loss_texture: 0.0071, iou: 0.7092, iou_t0: 0.7130, iou_t1: 0.8248, iou_t2: 0.7829, iou_t3: 0.7371, iou_t4: 0.6405, iou_t5: 0.5255, loss: 0.1276
2026-05-03 19:22:07,682 - mmdet - INFO - Iter [5025/120000]	lr: 1.000e-04, eta: 1 day, 20:18:10, time: 6.871, data_time: 5.789, memory: 37109, loss_mask: 0.0853, loss_texture: 0.0056, iou: 0.6917, iou_t0: 0.6394, iou_t1: 0.8494, iou_t2: 0.8138, iou_t3: 0.7606, iou_t4: 0.6676, iou_t5: 0.5808, loss: 0.0910
2026-05-03 19:22:35,293 - mmdet - INFO - Iter [5050/120000]	lr: 1.000e-04, eta: 1 day, 20:14:54, time: 1.104, data_time: 0.012, memory: 37109, loss_mask: 0.1012, loss_texture: 0.0067, iou: 0.7308, iou_t0: 0.7196, iou_t1: 0.8641, iou_t2: 0.7982, iou_t3: 0.7530, iou_t4: 0.6501, iou_t5: 0.6133, loss: 0.1078
2026-05-03 19:23:02,794 - mmdet - INFO - Iter [5075/120000]	lr: 1.000e-04, eta: 1 day, 20:11:38, time: 1.100, data_time: 0.013, memory: 37109, loss_mask: 0.1020, loss_texture: 0.0065, iou: 0.7051, iou_t0: 0.6642, iou_t1: 0.8354, iou_t2: 0.8415, iou_t3: 0.7916, iou_t4: 0.6736, iou_t5: 0.5995, loss: 0.1085
2026-05-03 19:23:30,182 - mmdet - INFO - Iter [5100/120000]	lr: 1.000e-04, eta: 1 day, 20:08:21, time: 1.096, data_time: 0.012, memory: 37109, loss_mask: 0.0797, loss_texture: 0.0055, iou: 0.7027, iou_t0: 0.6753, iou_t1: 0.8251, iou_t2: 0.8343, iou_t3: 0.7474, iou_t4: 0.6663, iou_t5: 0.5346, loss: 0.0851
2026-05-03 19:23:57,726 - mmdet - INFO - Iter [5125/120000]	lr: 1.000e-04, eta: 1 day, 20:05:08, time: 1.102, data_time: 0.013, memory: 37109, loss_mask: 0.1037, loss_texture: 0.0067, iou: 0.7446, iou_t0: 0.7406, iou_t1: 0.8545, iou_t2: 0.8208, iou_t3: 0.7817, iou_t4: 0.7098, iou_t5: 0.5303, loss: 0.1103
2026-05-03 19:24:25,234 - mmdet - INFO - Iter [5150/120000]	lr: 1.000e-04, eta: 1 day, 20:01:57, time: 1.100, data_time: 0.012, memory: 37109, loss_mask: 0.0987, loss_texture: 0.0066, iou: 0.7410, iou_t0: 0.7480, iou_t1: 0.8363, iou_t2: 0.8526, iou_t3: 0.7550, iou_t4: 0.6524, iou_t5: 0.6090, loss: 0.1053
2026-05-03 19:24:52,670 - mmdet - INFO - Iter [5175/120000]	lr: 1.000e-04, eta: 1 day, 19:58:46, time: 1.097, data_time: 0.012, memory: 37109, loss_mask: 0.0791, loss_texture: 0.0057, iou: 0.7498, iou_t0: 0.7136, iou_t1: 0.8856, iou_t2: 0.8247, iou_t3: 0.7792, iou_t4: 0.7006, iou_t5: 0.6715, loss: 0.0849
2026-05-03 19:25:20,183 - mmdet - INFO - Iter [5200/120000]	lr: 1.000e-04, eta: 1 day, 19:55:38, time: 1.100, data_time: 0.012, memory: 37109, loss_mask: 0.1086, loss_texture: 0.0066, iou: 0.7271, iou_t0: 0.7108, iou_t1: 0.8661, iou_t2: 0.7712, iou_t3: 0.7735, iou_t4: 0.6966, iou_t5: 0.6052, loss: 0.1153
2026-05-03 19:25:47,565 - mmdet - INFO - Iter [5225/120000]	lr: 1.000e-04, eta: 1 day, 19:52:28, time: 1.095, data_time: 0.013, memory: 37109, loss_mask: 0.1061, loss_texture: 0.0061, iou: 0.7290, iou_t0: 0.7376, iou_t1: 0.8846, iou_t2: 0.7467, iou_t3: 0.7396, iou_t4: 0.6396, iou_t5: 0.5891, loss: 0.1123
2026-05-03 19:26:14,901 - mmdet - INFO - Iter [5250/120000]	lr: 1.000e-04, eta: 1 day, 19:49:19, time: 1.093, data_time: 0.012, memory: 37109, loss_mask: 0.1103, loss_texture: 0.0067, iou: 0.7339, iou_t0: 0.7451, iou_t1: 0.8457, iou_t2: 0.8304, iou_t3: 0.7383, iou_t4: 0.5787, iou_t5: 0.6049, loss: 0.1170
2026-05-03 19:26:42,179 - mmdet - INFO - Iter [5275/120000]	lr: 1.000e-04, eta: 1 day, 19:46:11, time: 1.091, data_time: 0.012, memory: 37109, loss_mask: 0.1055, loss_texture: 0.0064, iou: 0.7165, iou_t0: 0.7130, iou_t1: 0.8607, iou_t2: 0.7720, iou_t3: 0.6855, iou_t4: 0.6610, iou_t5: 0.6184, loss: 0.1119
2026-05-03 19:27:09,509 - mmdet - INFO - Iter [5300/120000]	lr: 1.000e-04, eta: 1 day, 19:43:05, time: 1.093, data_time: 0.012, memory: 37109, loss_mask: 0.0966, loss_texture: 0.0063, iou: 0.7345, iou_t0: 0.7034, iou_t1: 0.9083, iou_t2: 0.7834, iou_t3: 0.8077, iou_t4: 0.6793, iou_t5: 0.6004, loss: 0.1029
2026-05-03 19:27:36,908 - mmdet - INFO - Iter [5325/120000]	lr: 1.000e-04, eta: 1 day, 19:40:02, time: 1.096, data_time: 0.013, memory: 37109, loss_mask: 0.0935, loss_texture: 0.0061, iou: 0.7422, iou_t0: 0.7279, iou_t1: 0.8662, iou_t2: 0.8517, iou_t3: 0.7682, iou_t4: 0.6864, iou_t5: 0.5960, loss: 0.0996
2026-05-03 19:28:04,303 - mmdet - INFO - Iter [5350/120000]	lr: 1.000e-04, eta: 1 day, 19:37:00, time: 1.096, data_time: 0.012, memory: 37109, loss_mask: 0.0928, loss_texture: 0.0066, iou: 0.7536, iou_t0: 0.7323, iou_t1: 0.8303, iou_t2: 0.8539, iou_t3: 0.7831, iou_t4: 0.7474, iou_t5: 0.6559, loss: 0.0994
2026-05-03 19:28:31,674 - mmdet - INFO - Iter [5375/120000]	lr: 1.000e-04, eta: 1 day, 19:33:59, time: 1.095, data_time: 0.012, memory: 37109, loss_mask: 0.1022, loss_texture: 0.0066, iou: 0.7240, iou_t0: 0.7044, iou_t1: 0.8061, iou_t2: 0.8637, iou_t3: 0.7729, iou_t4: 0.6699, iou_t5: 0.6244, loss: 0.1088
2026-05-03 19:28:59,103 - mmdet - INFO - Iter [5400/120000]	lr: 1.000e-04, eta: 1 day, 19:31:01, time: 1.097, data_time: 0.012, memory: 37109, loss_mask: 0.1002, loss_texture: 0.0064, iou: 0.7524, iou_t0: 0.7406, iou_t1: 0.8633, iou_t2: 0.8342, iou_t3: 0.7646, iou_t4: 0.6843, iou_t5: 0.6703, loss: 0.1066
2026-05-03 19:29:26,617 - mmdet - INFO - Iter [5425/120000]	lr: 1.000e-04, eta: 1 day, 19:28:06, time: 1.101, data_time: 0.013, memory: 37109, loss_mask: 0.0880, loss_texture: 0.0063, iou: 0.7305, iou_t0: 0.7002, iou_t1: 0.8771, iou_t2: 0.8657, iou_t3: 0.7708, iou_t4: 0.6718, iou_t5: 0.6238, loss: 0.0942
2026-05-03 19:29:54,118 - mmdet - INFO - Iter [5450/120000]	lr: 1.000e-04, eta: 1 day, 19:25:13, time: 1.100, data_time: 0.012, memory: 37109, loss_mask: 0.0753, loss_texture: 0.0055, iou: 0.7542, iou_t0: 0.7245, iou_t1: 0.8659, iou_t2: 0.8756, iou_t3: 0.7677, iou_t4: 0.7125, iou_t5: 0.6173, loss: 0.0809
2026-05-03 19:30:21,742 - mmdet - INFO - Iter [5475/120000]	lr: 1.000e-04, eta: 1 day, 19:22:23, time: 1.105, data_time: 0.013, memory: 37109, loss_mask: 0.0926, loss_texture: 0.0063, iou: 0.7364, iou_t0: 0.7233, iou_t1: 0.8793, iou_t2: 0.8411, iou_t3: 0.7719, iou_t4: 0.7369, iou_t5: 0.5345, loss: 0.0989
2026-05-03 19:30:49,203 - mmdet - INFO - 
--- Val evaluation at iter 5500 ---
2026-05-03 19:33:12,823 - mmdet - INFO - 
+------------+-------------+-------------+
| Class      | Val IoU     | Pseudo IoU  |
+------------+-------------+-------------+
| background | 92.19       | 92.68       |
| building   | 67.25       | 69.14       |
| Summary    | mIoU: 79.72 | mIoU: 80.91 |
+------------+-------------+-------------+
Images evaluated: 218
2026-05-03 19:33:14,204 - mmdet - INFO - Iter [5500/120000]	lr: 1.000e-04, eta: 1 day, 19:19:31, time: 1.098, data_time: 0.012, memory: 37109, val/mIoU: 0.7972, val/IoU.building: 0.6725, val/IoU.background: 0.9219, val/Pseudo_mIoU: 0.8091, loss_mask: 0.1057, loss_texture: 0.0063, iou: 0.6935, iou_t0: 0.6923, iou_t1: 0.8479, iou_t2: 0.7417, iou_t3: 0.6947, iou_t4: 0.6615, iou_t5: 0.5840, loss: 0.1120
2026-05-03 19:33:41,598 - mmdet - INFO - Iter [5525/120000]	lr: 1.000e-04, eta: 1 day, 20:06:43, time: 6.896, data_time: 5.813, memory: 37109, loss_mask: 0.0987, loss_texture: 0.0064, iou: 0.7440, iou_t0: 0.7486, iou_t1: 0.8841, iou_t2: 0.8616, iou_t3: 0.7689, iou_t4: 0.6504, iou_t5: 0.5777, loss: 0.1051
2026-05-03 19:34:08,895 - mmdet - INFO - Iter [5550/120000]	lr: 1.000e-04, eta: 1 day, 20:03:36, time: 1.092, data_time: 0.012, memory: 37109, loss_mask: 0.0922, loss_texture: 0.0060, iou: 0.6849, iou_t0: 0.6548, iou_t1: 0.8815, iou_t2: 0.8052, iou_t3: 0.7297, iou_t4: 0.6108, iou_t5: 0.5658, loss: 0.0983
2026-05-03 19:34:36,199 - mmdet - INFO - Iter [5575/120000]	lr: 1.000e-04, eta: 1 day, 20:00:31, time: 1.092, data_time: 0.012, memory: 37109, loss_mask: 0.0973, loss_texture: 0.0059, iou: 0.7079, iou_t0: 0.6760, iou_t1: 0.8206, iou_t2: 0.8552, iou_t3: 0.7267, iou_t4: 0.6494, iou_t5: 0.5730, loss: 0.1032
2026-05-03 19:35:03,538 - mmdet - INFO - Iter [5600/120000]	lr: 1.000e-04, eta: 1 day, 19:57:27, time: 1.094, data_time: 0.012, memory: 37109, loss_mask: 0.1115, loss_texture: 0.0068, iou: 0.7075, iou_t0: 0.6997, iou_t1: 0.8502, iou_t2: 0.8074, iou_t3: 0.7556, iou_t4: 0.6342, iou_t5: 0.5331, loss: 0.1182
2026-05-03 19:35:30,983 - mmdet - INFO - Iter [5625/120000]	lr: 1.000e-04, eta: 1 day, 19:54:28, time: 1.098, data_time: 0.013, memory: 37109, loss_mask: 0.1040, loss_texture: 0.0071, iou: 0.7418, iou_t0: 0.7075, iou_t1: 0.8743, iou_t2: 0.8338, iou_t3: 0.7628, iou_t4: 0.7525, iou_t5: 0.6284, loss: 0.1110
2026-05-03 19:35:58,463 - mmdet - INFO - Iter [5650/120000]	lr: 1.000e-04, eta: 1 day, 19:51:30, time: 1.099, data_time: 0.012, memory: 37109, loss_mask: 0.0858, loss_texture: 0.0056, iou: 0.7182, iou_t0: 0.6820, iou_t1: 0.8827, iou_t2: 0.7958, iou_t3: 0.7809, iou_t4: 0.6980, iou_t5: 0.5789, loss: 0.0914
2026-05-03 19:36:26,000 - mmdet - INFO - Iter [5675/120000]	lr: 1.000e-04, eta: 1 day, 19:48:35, time: 1.102, data_time: 0.013, memory: 37109, loss_mask: 0.0915, loss_texture: 0.0065, iou: 0.7336, iou_t0: 0.7231, iou_t1: 0.8515, iou_t2: 0.8437, iou_t3: 0.6960, iou_t4: 0.6976, iou_t5: 0.6122, loss: 0.0980
2026-05-03 19:36:53,510 - mmdet - INFO - Iter [5700/120000]	lr: 1.000e-04, eta: 1 day, 19:45:40, time: 1.100, data_time: 0.012, memory: 37109, loss_mask: 0.1019, loss_texture: 0.0065, iou: 0.7430, iou_t0: 0.7333, iou_t1: 0.8788, iou_t2: 0.8379, iou_t3: 0.7736, iou_t4: 0.6967, iou_t5: 0.5718, loss: 0.1084
2026-05-03 19:37:20,995 - mmdet - INFO - Iter [5725/120000]	lr: 1.000e-04, eta: 1 day, 19:42:47, time: 1.099, data_time: 0.013, memory: 37109, loss_mask: 0.0848, loss_texture: 0.0056, iou: 0.7086, iou_t0: 0.6816, iou_t1: 0.8389, iou_t2: 0.8376, iou_t3: 0.7343, iou_t4: 0.6886, iou_t5: 0.5809, loss: 0.0904
2026-05-03 19:37:48,359 - mmdet - INFO - Iter [5750/120000]	lr: 1.000e-04, eta: 1 day, 19:39:52, time: 1.095, data_time: 0.012, memory: 37109, loss_mask: 0.0781, loss_texture: 0.0051, iou: 0.7284, iou_t0: 0.7149, iou_t1: 0.8423, iou_t2: 0.8044, iou_t3: 0.8079, iou_t4: 0.6569, iou_t5: 0.5819, loss: 0.0832
2026-05-03 19:38:15,870 - mmdet - INFO - Iter [5775/120000]	lr: 1.000e-04, eta: 1 day, 19:37:01, time: 1.100, data_time: 0.013, memory: 37109, loss_mask: 0.0990, loss_texture: 0.0069, iou: 0.7408, iou_t0: 0.7443, iou_t1: 0.8906, iou_t2: 0.8126, iou_t3: 0.7315, iou_t4: 0.6954, iou_t5: 0.5482, loss: 0.1059
2026-05-03 19:38:43,367 - mmdet - INFO - Iter [5800/120000]	lr: 1.000e-04, eta: 1 day, 19:34:12, time: 1.100, data_time: 0.012, memory: 37109, loss_mask: 0.0880, loss_texture: 0.0057, iou: 0.7019, iou_t0: 0.6491, iou_t1: 0.8319, iou_t2: 0.8655, iou_t3: 0.7337, iou_t4: 0.7006, iou_t5: 0.6313, loss: 0.0937
2026-05-03 19:39:10,956 - mmdet - INFO - Iter [5825/120000]	lr: 1.000e-04, eta: 1 day, 19:31:25, time: 1.104, data_time: 0.013, memory: 37109, loss_mask: 0.1087, loss_texture: 0.0066, iou: 0.7420, iou_t0: 0.7206, iou_t1: 0.8200, iou_t2: 0.8695, iou_t3: 0.7729, iou_t4: 0.7117, iou_t5: 0.6375, loss: 0.1153
2026-05-03 19:39:38,368 - mmdet - INFO - Iter [5850/120000]	lr: 1.000e-04, eta: 1 day, 19:28:36, time: 1.096, data_time: 0.012, memory: 37109, loss_mask: 0.1091, loss_texture: 0.0065, iou: 0.7284, iou_t0: 0.7069, iou_t1: 0.8065, iou_t2: 0.8508, iou_t3: 0.8052, iou_t4: 0.6699, iou_t5: 0.6054, loss: 0.1156
2026-05-03 19:40:05,664 - mmdet - INFO - Iter [5875/120000]	lr: 1.000e-04, eta: 1 day, 19:25:46, time: 1.092, data_time: 0.013, memory: 37109, loss_mask: 0.0922, loss_texture: 0.0059, iou: 0.7150, iou_t0: 0.6837, iou_t1: 0.8594, iou_t2: 0.8196, iou_t3: 0.7402, iou_t4: 0.6942, iou_t5: 0.5827, loss: 0.0981
2026-05-03 19:40:33,035 - mmdet - INFO - Iter [5900/120000]	lr: 1.000e-04, eta: 1 day, 19:22:59, time: 1.095, data_time: 0.012, memory: 37109, loss_mask: 0.0837, loss_texture: 0.0057, iou: 0.7155, iou_t0: 0.6755, iou_t1: 0.8838, iou_t2: 0.7625, iou_t3: 0.7551, iou_t4: 0.6587, iou_t5: 0.6322, loss: 0.0895
2026-05-03 19:41:00,428 - mmdet - INFO - Iter [5925/120000]	lr: 1.000e-04, eta: 1 day, 19:20:13, time: 1.096, data_time: 0.013, memory: 37109, loss_mask: 0.0858, loss_texture: 0.0059, iou: 0.7241, iou_t0: 0.6836, iou_t1: 0.8981, iou_t2: 0.8400, iou_t3: 0.7204, iou_t4: 0.7053, iou_t5: 0.6102, loss: 0.0917
2026-05-03 19:41:27,905 - mmdet - INFO - Iter [5950/120000]	lr: 1.000e-04, eta: 1 day, 19:17:31, time: 1.099, data_time: 0.012, memory: 37109, loss_mask: 0.0864, loss_texture: 0.0061, iou: 0.7143, iou_t0: 0.7017, iou_t1: 0.9041, iou_t2: 0.7837, iou_t3: 0.7660, iou_t4: 0.6315, iou_t5: 0.5583, loss: 0.0925
2026-05-03 19:41:55,457 - mmdet - INFO - Iter [5975/120000]	lr: 1.000e-04, eta: 1 day, 19:14:50, time: 1.102, data_time: 0.013, memory: 37109, loss_mask: 0.0956, loss_texture: 0.0067, iou: 0.7511, iou_t0: 0.7280, iou_t1: 0.8592, iou_t2: 0.8489, iou_t3: 0.7769, iou_t4: 0.7151, iou_t5: 0.6102, loss: 0.1023
2026-05-03 19:42:22,819 - mmdet - INFO - 
--- Val evaluation at iter 6000 ---
2026-05-03 19:44:46,564 - mmdet - INFO - 
+------------+-------------+-------------+
| Class      | Val IoU     | Pseudo IoU  |
+------------+-------------+-------------+
| background | 92.18       | 92.68       |
| building   | 67.25       | 69.14       |
| Summary    | mIoU: 79.71 | mIoU: 80.91 |
+------------+-------------+-------------+
Images evaluated: 218
2026-05-03 19:44:47,947 - mmdet - INFO - Exp name: exp8_all.py
2026-05-03 19:44:47,947 - mmdet - INFO - Iter [6000/120000]	lr: 1.000e-04, eta: 1 day, 19:12:07, time: 1.095, data_time: 0.012, memory: 37109, val/mIoU: 0.7971, val/IoU.building: 0.6725, val/IoU.background: 0.9218, val/Pseudo_mIoU: 0.8091, loss_mask: 0.0804, loss_texture: 0.0059, iou: 0.7489, iou_t0: 0.7231, iou_t1: 0.8915, iou_t2: 0.8464, iou_t3: 0.8008, iou_t4: 0.7332, iou_t5: 0.5767, loss: 0.0863
2026-05-03 19:45:15,475 - mmdet - INFO - Iter [6025/120000]	lr: 1.000e-04, eta: 1 day, 19:55:14, time: 6.906, data_time: 5.819, memory: 37109, loss_mask: 0.0967, loss_texture: 0.0060, iou: 0.7394, iou_t0: 0.7491, iou_t1: 0.8492, iou_t2: 0.8354, iou_t3: 0.7589, iou_t4: 0.6949, iou_t5: 0.5651, loss: 0.1027
2026-05-03 19:45:43,008 - mmdet - INFO - Iter [6050/120000]	lr: 1.000e-04, eta: 1 day, 19:52:25, time: 1.101, data_time: 0.012, memory: 37109, loss_mask: 0.0966, loss_texture: 0.0066, iou: 0.7337, iou_t0: 0.7228, iou_t1: 0.8816, iou_t2: 0.8234, iou_t3: 0.6868, iou_t4: 0.6734, iou_t5: 0.6536, loss: 0.1032
2026-05-03 19:46:10,312 - mmdet - INFO - Iter [6075/120000]	lr: 1.000e-04, eta: 1 day, 19:49:32, time: 1.092, data_time: 0.012, memory: 37109, loss_mask: 0.0896, loss_texture: 0.0057, iou: 0.7200, iou_t0: 0.6901, iou_t1: 0.8870, iou_t2: 0.8276, iou_t3: 0.7419, iou_t4: 0.7009, iou_t5: 0.5409, loss: 0.0953
2026-05-03 19:46:37,615 - mmdet - INFO - Iter [6100/120000]	lr: 1.000e-04, eta: 1 day, 19:46:41, time: 1.092, data_time: 0.012, memory: 37109, loss_mask: 0.0929, loss_texture: 0.0062, iou: 0.7358, iou_t0: 0.7055, iou_t1: 0.8500, iou_t2: 0.8334, iou_t3: 0.7741, iou_t4: 0.7197, iou_t5: 0.6082, loss: 0.0991
2026-05-03 19:47:04,981 - mmdet - INFO - Iter [6125/120000]	lr: 1.000e-04, eta: 1 day, 19:43:52, time: 1.095, data_time: 0.013, memory: 37109, loss_mask: 0.0902, loss_texture: 0.0060, iou: 0.7284, iou_t0: 0.7171, iou_t1: 0.8323, iou_t2: 0.8007, iou_t3: 0.7181, iou_t4: 0.7210, iou_t5: 0.6420, loss: 0.0962
2026-05-03 19:47:32,327 - mmdet - INFO - Iter [6150/120000]	lr: 1.000e-04, eta: 1 day, 19:41:04, time: 1.094, data_time: 0.012, memory: 37109, loss_mask: 0.0842, loss_texture: 0.0057, iou: 0.7047, iou_t0: 0.6512, iou_t1: 0.8426, iou_t2: 0.8165, iou_t3: 0.7711, iou_t4: 0.6992, iou_t5: 0.6305, loss: 0.0899
2026-05-03 19:47:59,708 - mmdet - INFO - Iter [6175/120000]	lr: 1.000e-04, eta: 1 day, 19:38:18, time: 1.095, data_time: 0.012, memory: 37109, loss_mask: 0.0938, loss_texture: 0.0062, iou: 0.7210, iou_t0: 0.7131, iou_t1: 0.8639, iou_t2: 0.8055, iou_t3: 0.7331, iou_t4: 0.6458, iou_t5: 0.5688, loss: 0.1000
2026-05-03 19:48:27,308 - mmdet - INFO - Iter [6200/120000]	lr: 1.000e-04, eta: 1 day, 19:35:36, time: 1.104, data_time: 0.012, memory: 37109, loss_mask: 0.0891, loss_texture: 0.0065, iou: 0.7492, iou_t0: 0.7202, iou_t1: 0.8994, iou_t2: 0.8466, iou_t3: 0.7918, iou_t4: 0.7184, iou_t5: 0.6201, loss: 0.0956
2026-05-03 19:48:54,652 - mmdet - INFO - Iter [6225/120000]	lr: 1.000e-04, eta: 1 day, 19:32:52, time: 1.094, data_time: 0.013, memory: 37109, loss_mask: 0.0941, loss_texture: 0.0059, iou: 0.6947, iou_t0: 0.6694, iou_t1: 0.7981, iou_t2: 0.7948, iou_t3: 0.7612, iou_t4: 0.6210, iou_t5: 0.5579, loss: 0.1000
2026-05-03 19:49:22,156 - mmdet - INFO - Iter [6250/120000]	lr: 1.000e-04, eta: 1 day, 19:30:11, time: 1.100, data_time: 0.012, memory: 37109, loss_mask: 0.0999, loss_texture: 0.0066, iou: 0.7582, iou_t0: 0.7539, iou_t1: 0.8628, iou_t2: 0.8464, iou_t3: 0.7878, iou_t4: 0.6991, iou_t5: 0.6284, loss: 0.1065
2026-05-03 19:49:49,776 - mmdet - INFO - Iter [6275/120000]	lr: 1.000e-04, eta: 1 day, 19:27:33, time: 1.105, data_time: 0.012, memory: 37109, loss_mask: 0.0910, loss_texture: 0.0059, iou: 0.7424, iou_t0: 0.7346, iou_t1: 0.8493, iou_t2: 0.7892, iou_t3: 0.7803, iou_t4: 0.7039, iou_t5: 0.5998, loss: 0.0969
2026-05-03 19:50:17,379 - mmdet - INFO - Iter [6300/120000]	lr: 1.000e-04, eta: 1 day, 19:24:56, time: 1.104, data_time: 0.012, memory: 37109, loss_mask: 0.1124, loss_texture: 0.0065, iou: 0.7425, iou_t0: 0.7489, iou_t1: 0.9071, iou_t2: 0.8194, iou_t3: 0.7440, iou_t4: 0.5832, iou_t5: 0.6203, loss: 0.1189
2026-05-03 19:50:44,961 - mmdet - INFO - Iter [6325/120000]	lr: 1.000e-04, eta: 1 day, 19:22:20, time: 1.103, data_time: 0.013, memory: 37109, loss_mask: 0.0947, loss_texture: 0.0059, iou: 0.7546, iou_t0: 0.7485, iou_t1: 0.8332, iou_t2: 0.8275, iou_t3: 0.7667, iou_t4: 0.6500, iou_t5: 0.6469, loss: 0.1006
2026-05-03 19:51:12,561 - mmdet - INFO - Iter [6350/120000]	lr: 1.000e-04, eta: 1 day, 19:19:45, time: 1.104, data_time: 0.012, memory: 37109, loss_mask: 0.0881, loss_texture: 0.0065, iou: 0.7518, iou_t0: 0.7338, iou_t1: 0.8841, iou_t2: 0.8295, iou_t3: 0.7466, iou_t4: 0.7180, iou_t5: 0.6566, loss: 0.0946
2026-05-03 19:51:39,963 - mmdet - INFO - Iter [6375/120000]	lr: 1.000e-04, eta: 1 day, 19:17:07, time: 1.096, data_time: 0.012, memory: 37109, loss_mask: 0.0889, loss_texture: 0.0059, iou: 0.7206, iou_t0: 0.6717, iou_t1: 0.8943, iou_t2: 0.8363, iou_t3: 0.7804, iou_t4: 0.7080, iou_t5: 0.6660, loss: 0.0948
2026-05-03 19:52:07,367 - mmdet - INFO - Iter [6400/120000]	lr: 1.000e-04, eta: 1 day, 19:14:31, time: 1.096, data_time: 0.012, memory: 37109, loss_mask: 0.1271, loss_texture: 0.0070, iou: 0.7176, iou_t0: 0.7232, iou_t1: 0.8719, iou_t2: 0.8248, iou_t3: 0.7426, iou_t4: 0.6768, iou_t5: 0.5506, loss: 0.1341
2026-05-03 19:52:34,967 - mmdet - INFO - Iter [6425/120000]	lr: 1.000e-04, eta: 1 day, 19:11:59, time: 1.104, data_time: 0.013, memory: 37109, loss_mask: 0.1171, loss_texture: 0.0069, iou: 0.7494, iou_t0: 0.7534, iou_t1: 0.8948, iou_t2: 0.8579, iou_t3: 0.7818, iou_t4: 0.6947, iou_t5: 0.5343, loss: 0.1240
2026-05-03 19:53:02,369 - mmdet - INFO - Iter [6450/120000]	lr: 1.000e-04, eta: 1 day, 19:09:25, time: 1.096, data_time: 0.012, memory: 37109, loss_mask: 0.0860, loss_texture: 0.0054, iou: 0.6983, iou_t0: 0.6750, iou_t1: 0.8065, iou_t2: 0.8456, iou_t3: 0.7518, iou_t4: 0.6655, iou_t5: 0.5428, loss: 0.0914
2026-05-03 19:53:29,787 - mmdet - INFO - Iter [6475/120000]	lr: 1.000e-04, eta: 1 day, 19:06:51, time: 1.097, data_time: 0.013, memory: 37109, loss_mask: 0.0840, loss_texture: 0.0058, iou: 0.7495, iou_t0: 0.7324, iou_t1: 0.8497, iou_t2: 0.8004, iou_t3: 0.8409, iou_t4: 0.7121, iou_t5: 0.6043, loss: 0.0898
2026-05-03 19:53:57,021 - mmdet - INFO - 
--- Val evaluation at iter 6500 ---
2026-05-03 19:56:20,195 - mmdet - INFO - 
+------------+-------------+-------------+
| Class      | Val IoU     | Pseudo IoU  |
+------------+-------------+-------------+
| background | 92.18       | 92.68       |
| building   | 67.24       | 69.14       |
| Summary    | mIoU: 79.71 | mIoU: 80.91 |
+------------+-------------+-------------+
Images evaluated: 218
2026-05-03 19:56:21,588 - mmdet - INFO - Iter [6500/120000]	lr: 1.000e-04, eta: 1 day, 19:04:16, time: 1.089, data_time: 0.012, memory: 37109, val/mIoU: 0.7971, val/IoU.building: 0.6724, val/IoU.background: 0.9218, val/Pseudo_mIoU: 0.8091, loss_mask: 0.0854, loss_texture: 0.0057, iou: 0.7127, iou_t0: 0.6967, iou_t1: 0.8803, iou_t2: 0.8222, iou_t3: 0.7762, iou_t4: 0.6666, iou_t5: 0.5453, loss: 0.0911
2026-05-03 19:56:49,167 - mmdet - INFO - Iter [6525/120000]	lr: 1.000e-04, eta: 1 day, 19:43:42, time: 6.886, data_time: 5.795, memory: 37109, loss_mask: 0.1002, loss_texture: 0.0066, iou: 0.7493, iou_t0: 0.7332, iou_t1: 0.8626, iou_t2: 0.8156, iou_t3: 0.8098, iou_t4: 0.7159, iou_t5: 0.6020, loss: 0.1068
2026-05-03 19:57:16,659 - mmdet - INFO - Iter [6550/120000]	lr: 1.000e-04, eta: 1 day, 19:41:02, time: 1.100, data_time: 0.012, memory: 37109, loss_mask: 0.0914, loss_texture: 0.0059, iou: 0.7321, iou_t0: 0.7282, iou_t1: 0.8268, iou_t2: 0.7968, iou_t3: 0.7991, iou_t4: 0.6553, iou_t5: 0.5828, loss: 0.0973
2026-05-03 19:57:44,153 - mmdet - INFO - Iter [6575/120000]	lr: 1.000e-04, eta: 1 day, 19:38:24, time: 1.100, data_time: 0.013, memory: 37109, loss_mask: 0.0962, loss_texture: 0.0058, iou: 0.7423, iou_t0: 0.7422, iou_t1: 0.8320, iou_t2: 0.8783, iou_t3: 0.7675, iou_t4: 0.7251, iou_t5: 0.5512, loss: 0.1020
2026-05-03 19:58:11,586 - mmdet - INFO - Iter [6600/120000]	lr: 1.000e-04, eta: 1 day, 19:35:46, time: 1.097, data_time: 0.012, memory: 37109, loss_mask: 0.0768, loss_texture: 0.0058, iou: 0.7580, iou_t0: 0.7276, iou_t1: 0.9045, iou_t2: 0.8631, iou_t3: 0.7440, iou_t4: 0.7509, iou_t5: 0.6117, loss: 0.0826
2026-05-03 19:58:39,042 - mmdet - INFO - Iter [6625/120000]	lr: 1.000e-04, eta: 1 day, 19:33:09, time: 1.098, data_time: 0.013, memory: 37109, loss_mask: 0.0831, loss_texture: 0.0054, iou: 0.7355, iou_t0: 0.6975, iou_t1: 0.8518, iou_t2: 0.8334, iou_t3: 0.8044, iou_t4: 0.7079, iou_t5: 0.6097, loss: 0.0885
2026-05-03 19:59:06,318 - mmdet - INFO - Iter [6650/120000]	lr: 1.000e-04, eta: 1 day, 19:30:30, time: 1.091, data_time: 0.012, memory: 37109, loss_mask: 0.0963, loss_texture: 0.0061, iou: 0.7005, iou_t0: 0.6610, iou_t1: 0.8455, iou_t2: 0.8128, iou_t3: 0.7462, iou_t4: 0.6805, iou_t5: 0.6235, loss: 0.1024
2026-05-03 19:59:33,700 - mmdet - INFO - Iter [6675/120000]	lr: 1.000e-04, eta: 1 day, 19:27:54, time: 1.095, data_time: 0.012, memory: 37109, loss_mask: 0.0908, loss_texture: 0.0063, iou: 0.7506, iou_t0: 0.7298, iou_t1: 0.8543, iou_t2: 0.8637, iou_t3: 0.8101, iou_t4: 0.7022, iou_t5: 0.6428, loss: 0.0972
2026-05-03 20:00:01,032 - mmdet - INFO - Iter [6700/120000]	lr: 1.000e-04, eta: 1 day, 19:25:18, time: 1.093, data_time: 0.012, memory: 37109, loss_mask: 0.0800, loss_texture: 0.0058, iou: 0.7114, iou_t0: 0.6605, iou_t1: 0.8962, iou_t2: 0.8502, iou_t3: 0.7505, iou_t4: 0.6605, iou_t5: 0.6471, loss: 0.0858
2026-05-03 20:00:28,617 - mmdet - INFO - Iter [6725/120000]	lr: 1.000e-04, eta: 1 day, 19:22:47, time: 1.103, data_time: 0.013, memory: 37109, loss_mask: 0.0813, loss_texture: 0.0054, iou: 0.7094, iou_t0: 0.6602, iou_t1: 0.9017, iou_t2: 0.8212, iou_t3: 0.7519, iou_t4: 0.7124, iou_t5: 0.5240, loss: 0.0868
2026-05-03 20:00:56,113 - mmdet - INFO - Iter [6750/120000]	lr: 1.000e-04, eta: 1 day, 19:20:16, time: 1.100, data_time: 0.012, memory: 37109, loss_mask: 0.0747, loss_texture: 0.0057, iou: 0.7509, iou_t0: 0.7229, iou_t1: 0.8526, iou_t2: 0.8484, iou_t3: 0.8221, iou_t4: 0.6897, iou_t5: 0.6508, loss: 0.0804
2026-05-03 20:01:23,657 - mmdet - INFO - Iter [6775/120000]	lr: 1.000e-04, eta: 1 day, 19:17:46, time: 1.102, data_time: 0.012, memory: 37109, loss_mask: 0.1097, loss_texture: 0.0069, iou: 0.7073, iou_t0: 0.6899, iou_t1: 0.8439, iou_t2: 0.8425, iou_t3: 0.7553, iou_t4: 0.6280, iou_t5: 0.5428, loss: 0.1167
2026-05-03 20:01:51,267 - mmdet - INFO - Iter [6800/120000]	lr: 1.000e-04, eta: 1 day, 19:15:18, time: 1.104, data_time: 0.012, memory: 37109, loss_mask: 0.1015, loss_texture: 0.0065, iou: 0.7532, iou_t0: 0.7482, iou_t1: 0.8879, iou_t2: 0.8428, iou_t3: 0.7807, iou_t4: 0.6684, iou_t5: 0.5702, loss: 0.1080
2026-05-03 20:02:18,941 - mmdet - INFO - Iter [6825/120000]	lr: 1.000e-04, eta: 1 day, 19:12:52, time: 1.107, data_time: 0.013, memory: 37109, loss_mask: 0.1087, loss_texture: 0.0071, iou: 0.7571, iou_t0: 0.7517, iou_t1: 0.9034, iou_t2: 0.8476, iou_t3: 0.7839, iou_t4: 0.6989, iou_t5: 0.5801, loss: 0.1157
2026-05-03 20:02:46,382 - mmdet - INFO - Iter [6850/120000]	lr: 1.000e-04, eta: 1 day, 19:10:24, time: 1.098, data_time: 0.012, memory: 37109, loss_mask: 0.0941, loss_texture: 0.0057, iou: 0.6917, iou_t0: 0.6575, iou_t1: 0.8240, iou_t2: 0.8311, iou_t3: 0.7400, iou_t4: 0.6431, iou_t5: 0.5545, loss: 0.0998
2026-05-03 20:03:13,917 - mmdet - INFO - Iter [6875/120000]	lr: 1.000e-04, eta: 1 day, 19:07:57, time: 1.101, data_time: 0.012, memory: 37109, loss_mask: 0.1147, loss_texture: 0.0071, iou: 0.7398, iou_t0: 0.7393, iou_t1: 0.8650, iou_t2: 0.8324, iou_t3: 0.7286, iou_t4: 0.7039, iou_t5: 0.5251, loss: 0.1218
2026-05-03 20:03:41,433 - mmdet - INFO - Iter [6900/120000]	lr: 1.000e-04, eta: 1 day, 19:05:32, time: 1.101, data_time: 0.012, memory: 37109, loss_mask: 0.0876, loss_texture: 0.0059, iou: 0.7217, iou_t0: 0.7125, iou_t1: 0.8240, iou_t2: 0.7940, iou_t3: 0.7949, iou_t4: 0.7327, iou_t5: 0.5466, loss: 0.0934
2026-05-03 20:04:09,123 - mmdet - INFO - Iter [6925/120000]	lr: 1.000e-04, eta: 1 day, 19:03:09, time: 1.108, data_time: 0.013, memory: 37109, loss_mask: 0.1052, loss_texture: 0.0071, iou: 0.7550, iou_t0: 0.7194, iou_t1: 0.8781, iou_t2: 0.8447, iou_t3: 0.7645, iou_t4: 0.7005, iou_t5: 0.7171, loss: 0.1123
2026-05-03 20:04:36,391 - mmdet - INFO - Iter [6950/120000]	lr: 1.000e-04, eta: 1 day, 19:00:41, time: 1.091, data_time: 0.012, memory: 37109, loss_mask: 0.0795, loss_texture: 0.0055, iou: 0.7109, iou_t0: 0.6551, iou_t1: 0.8715, iou_t2: 0.8315, iou_t3: 0.7931, iou_t4: 0.7066, iou_t5: 0.6171, loss: 0.0849
2026-05-03 20:05:03,647 - mmdet - INFO - Iter [6975/120000]	lr: 1.000e-04, eta: 1 day, 18:58:14, time: 1.090, data_time: 0.013, memory: 37109, loss_mask: 0.0914, loss_texture: 0.0057, iou: 0.7145, iou_t0: 0.6859, iou_t1: 0.8287, iou_t2: 0.8226, iou_t3: 0.7540, iou_t4: 0.6715, iou_t5: 0.6161, loss: 0.0971
2026-05-03 20:05:30,938 - mmdet - INFO - 
--- Val evaluation at iter 7000 ---
2026-05-03 20:07:54,508 - mmdet - INFO - 
+------------+-------------+-------------+
| Class      | Val IoU     | Pseudo IoU  |
+------------+-------------+-------------+
| background | 92.18       | 92.68       |
| building   | 67.27       | 69.14       |
| Summary    | mIoU: 79.73 | mIoU: 80.91 |
+------------+-------------+-------------+
Images evaluated: 218
2026-05-03 20:07:55,868 - mmdet - INFO - Exp name: exp8_all.py
2026-05-03 20:07:55,868 - mmdet - INFO - Iter [7000/120000]	lr: 1.000e-04, eta: 1 day, 18:55:48, time: 1.092, data_time: 0.012, memory: 37109, val/mIoU: 0.7973, val/IoU.building: 0.6727, val/IoU.background: 0.9218, val/Pseudo_mIoU: 0.8091, loss_mask: 0.0889, loss_texture: 0.0058, iou: 0.7010, iou_t0: 0.7042, iou_t1: 0.8745, iou_t2: 0.7380, iou_t3: 0.7422, iou_t4: 0.6842, iou_t5: 0.5069, loss: 0.0946
2026-05-03 20:08:23,416 - mmdet - INFO - Iter [7025/120000]	lr: 1.000e-04, eta: 1 day, 19:32:18, time: 6.899, data_time: 5.811, memory: 37109, loss_mask: 0.1042, loss_texture: 0.0067, iou: 0.7319, iou_t0: 0.7084, iou_t1: 0.8612, iou_t2: 0.8444, iou_t3: 0.7953, iou_t4: 0.6823, iou_t5: 0.6197, loss: 0.1109
2026-05-03 20:08:50,907 - mmdet - INFO - Iter [7050/120000]	lr: 1.000e-04, eta: 1 day, 19:29:48, time: 1.100, data_time: 0.012, memory: 37109, loss_mask: 0.0907, loss_texture: 0.0061, iou: 0.7475, iou_t0: 0.7357, iou_t1: 0.8604, iou_t2: 0.8395, iou_t3: 0.7907, iou_t4: 0.6657, iou_t5: 0.6019, loss: 0.0968
2026-05-03 20:09:18,259 - mmdet - INFO - Iter [7075/120000]	lr: 1.000e-04, eta: 1 day, 19:27:16, time: 1.094, data_time: 0.012, memory: 37109, loss_mask: 0.0903, loss_texture: 0.0060, iou: 0.7485, iou_t0: 0.7175, iou_t1: 0.8318, iou_t2: 0.8503, iou_t3: 0.7910, iou_t4: 0.7189, iou_t5: 0.6904, loss: 0.0963
2026-05-03 20:09:45,559 - mmdet - INFO - Iter [7100/120000]	lr: 1.000e-04, eta: 1 day, 19:24:45, time: 1.092, data_time: 0.012, memory: 37109, loss_mask: 0.0856, loss_texture: 0.0057, iou: 0.7173, iou_t0: 0.6773, iou_t1: 0.8637, iou_t2: 0.8228, iou_t3: 0.7857, iou_t4: 0.6990, iou_t5: 0.6222, loss: 0.0914
2026-05-03 20:10:12,889 - mmdet - INFO - Iter [7125/120000]	lr: 1.000e-04, eta: 1 day, 19:22:15, time: 1.093, data_time: 0.013, memory: 37109, loss_mask: 0.0890, loss_texture: 0.0060, iou: 0.7268, iou_t0: 0.6795, iou_t1: 0.8595, iou_t2: 0.8635, iou_t3: 0.7901, iou_t4: 0.7360, iou_t5: 0.5829, loss: 0.0949
2026-05-03 20:10:40,316 - mmdet - INFO - Iter [7150/120000]	lr: 1.000e-04, eta: 1 day, 19:19:48, time: 1.097, data_time: 0.012, memory: 37109, loss_mask: 0.0916, loss_texture: 0.0064, iou: 0.7318, iou_t0: 0.7108, iou_t1: 0.8686, iou_t2: 0.8172, iou_t3: 0.7211, iou_t4: 0.6906, iou_t5: 0.6179, loss: 0.0980
2026-05-03 20:11:07,669 - mmdet - INFO - Iter [7175/120000]	lr: 1.000e-04, eta: 1 day, 19:17:20, time: 1.094, data_time: 0.013, memory: 37109, loss_mask: 0.0856, loss_texture: 0.0056, iou: 0.7166, iou_t0: 0.6783, iou_t1: 0.8840, iou_t2: 0.8256, iou_t3: 0.7638, iou_t4: 0.6970, iou_t5: 0.6060, loss: 0.0912
2026-05-03 20:11:35,107 - mmdet - INFO - Iter [7200/120000]	lr: 1.000e-04, eta: 1 day, 19:14:54, time: 1.098, data_time: 0.012, memory: 37109, loss_mask: 0.0734, loss_texture: 0.0051, iou: 0.7060, iou_t0: 0.6632, iou_t1: 0.8896, iou_t2: 0.8324, iou_t3: 0.7082, iou_t4: 0.6677, iou_t5: 0.5788, loss: 0.0785
2026-05-03 20:12:02,585 - mmdet - INFO - Iter [7225/120000]	lr: 1.000e-04, eta: 1 day, 19:12:30, time: 1.099, data_time: 0.013, memory: 37109, loss_mask: 0.0927, loss_texture: 0.0058, iou: 0.7421, iou_t0: 0.7190, iou_t1: 0.8651, iou_t2: 0.8315, iou_t3: 0.8030, iou_t4: 0.7042, iou_t5: 0.6267, loss: 0.0985
2026-05-03 20:12:30,105 - mmdet - INFO - Iter [7250/120000]	lr: 1.000e-04, eta: 1 day, 19:10:07, time: 1.101, data_time: 0.012, memory: 37109, loss_mask: 0.0908, loss_texture: 0.0060, iou: 0.7631, iou_t0: 0.7440, iou_t1: 0.8610, iou_t2: 0.8595, iou_t3: 0.7738, iou_t4: 0.7620, iou_t5: 0.6070, loss: 0.0969
2026-05-03 20:12:57,739 - mmdet - INFO - Iter [7275/120000]	lr: 1.000e-04, eta: 1 day, 19:07:47, time: 1.105, data_time: 0.012, memory: 37109, loss_mask: 0.0850, loss_texture: 0.0065, iou: 0.7849, iou_t0: 0.7789, iou_t1: 0.8893, iou_t2: 0.8823, iou_t3: 0.8291, iou_t4: 0.7434, iou_t5: 0.6309, loss: 0.0915
2026-05-03 20:13:25,476 - mmdet - INFO - Iter [7300/120000]	lr: 1.000e-04, eta: 1 day, 19:05:29, time: 1.109, data_time: 0.012, memory: 37109, loss_mask: 0.0875, loss_texture: 0.0063, iou: 0.7481, iou_t0: 0.7170, iou_t1: 0.8912, iou_t2: 0.8641, iou_t3: 0.7789, iou_t4: 0.7468, iou_t5: 0.6154, loss: 0.0938
2026-05-03 20:13:53,059 - mmdet - INFO - Iter [7325/120000]	lr: 1.000e-04, eta: 1 day, 19:03:10, time: 1.103, data_time: 0.013, memory: 37109, loss_mask: 0.0951, loss_texture: 0.0066, iou: 0.7322, iou_t0: 0.7147, iou_t1: 0.8580, iou_t2: 0.8018, iou_t3: 0.6933, iou_t4: 0.7029, iou_t5: 0.5835, loss: 0.1016
2026-05-03 20:14:20,428 - mmdet - INFO - Iter [7350/120000]	lr: 1.000e-04, eta: 1 day, 19:00:48, time: 1.095, data_time: 0.012, memory: 37109, loss_mask: 0.1011, loss_texture: 0.0061, iou: 0.7488, iou_t0: 0.7305, iou_t1: 0.8710, iou_t2: 0.8317, iou_t3: 0.8012, iou_t4: 0.6917, iou_t5: 0.6247, loss: 0.1072
2026-05-03 20:14:47,692 - mmdet - INFO - Iter [7375/120000]	lr: 1.000e-04, eta: 1 day, 18:58:25, time: 1.091, data_time: 0.013, memory: 37109, loss_mask: 0.0969, loss_texture: 0.0060, iou: 0.7104, iou_t0: 0.6585, iou_t1: 0.9058, iou_t2: 0.8501, iou_t3: 0.7199, iou_t4: 0.6802, iou_t5: 0.5485, loss: 0.1029
2026-05-03 20:15:15,134 - mmdet - INFO - Iter [7400/120000]	lr: 1.000e-04, eta: 1 day, 18:56:06, time: 1.098, data_time: 0.012, memory: 37109, loss_mask: 0.1004, loss_texture: 0.0066, iou: 0.7521, iou_t0: 0.7423, iou_t1: 0.8776, iou_t2: 0.7742, iou_t3: 0.8284, iou_t4: 0.7042, iou_t5: 0.6080, loss: 0.1071
2026-05-03 20:15:42,557 - mmdet - INFO - Iter [7425/120000]	lr: 1.000e-04, eta: 1 day, 18:53:47, time: 1.097, data_time: 0.013, memory: 37109, loss_mask: 0.0763, loss_texture: 0.0054, iou: 0.7171, iou_t0: 0.6759, iou_t1: 0.8637, iou_t2: 0.8278, iou_t3: 0.7920, iou_t4: 0.6851, iou_t5: 0.6202, loss: 0.0818
2026-05-03 20:16:10,111 - mmdet - INFO - Iter [7450/120000]	lr: 1.000e-04, eta: 1 day, 18:51:31, time: 1.102, data_time: 0.012, memory: 37109, loss_mask: 0.0945, loss_texture: 0.0066, iou: 0.7832, iou_t0: 0.7964, iou_t1: 0.8900, iou_t2: 0.8568, iou_t3: 0.7847, iou_t4: 0.7217, iou_t5: 0.6287, loss: 0.1011
2026-05-03 20:16:37,724 - mmdet - INFO - Iter [7475/120000]	lr: 1.000e-04, eta: 1 day, 18:49:16, time: 1.105, data_time: 0.013, memory: 37109, loss_mask: 0.0897, loss_texture: 0.0059, iou: 0.7518, iou_t0: 0.7158, iou_t1: 0.9061, iou_t2: 0.8168, iou_t3: 0.8105, iou_t4: 0.7672, iou_t5: 0.6389, loss: 0.0955
2026-05-03 20:17:05,180 - mmdet - INFO - 
--- Val evaluation at iter 7500 ---
2026-05-03 20:19:28,242 - mmdet - INFO - 
+------------+-------------+-------------+
| Class      | Val IoU     | Pseudo IoU  |
+------------+-------------+-------------+
| background | 92.19       | 92.68       |
| building   | 67.29       | 69.14       |
| Summary    | mIoU: 79.74 | mIoU: 80.91 |
+------------+-------------+-------------+
Images evaluated: 218
2026-05-03 20:19:31,084 - mmdet - INFO - ★ New best mIoU: 79.74% (prev: 79.74%, Δ=+0.00%) → saved to /home/ubuntu/vy/Denoiser/SegRefiner/work_dirs/exp8_all/best_model.pth
2026-05-03 20:19:31,089 - mmdet - INFO - Iter [7500/120000]	lr: 1.000e-04, eta: 1 day, 18:47:00, time: 1.098, data_time: 0.012, memory: 37109, val/mIoU: 0.7974, val/IoU.building: 0.6729, val/IoU.background: 0.9219, val/Pseudo_mIoU: 0.8091, loss_mask: 0.0877, loss_texture: 0.0062, iou: 0.7267, iou_t0: 0.6891, iou_t1: 0.8937, iou_t2: 0.8229, iou_t3: 0.7803, iou_t4: 0.6657, iou_t5: 0.6281, loss: 0.0940
2026-05-03 20:19:58,710 - mmdet - INFO - Iter [7525/120000]	lr: 1.000e-04, eta: 1 day, 19:21:08, time: 6.941, data_time: 5.851, memory: 37109, loss_mask: 0.0815, loss_texture: 0.0059, iou: 0.7448, iou_t0: 0.7103, iou_t1: 0.8489, iou_t2: 0.8299, iou_t3: 0.7838, iou_t4: 0.7720, iou_t5: 0.6373, loss: 0.0875
2026-05-03 20:20:26,166 - mmdet - INFO - Iter [7550/120000]	lr: 1.000e-04, eta: 1 day, 19:18:46, time: 1.098, data_time: 0.012, memory: 37109, loss_mask: 0.0823, loss_texture: 0.0059, iou: 0.7472, iou_t0: 0.7270, iou_t1: 0.8750, iou_t2: 0.8231, iou_t3: 0.8195, iou_t4: 0.7390, iou_t5: 0.5709, loss: 0.0883
2026-05-03 20:20:53,683 - mmdet - INFO - Iter [7575/120000]	lr: 1.000e-04, eta: 1 day, 19:16:25, time: 1.101, data_time: 0.013, memory: 37109, loss_mask: 0.0945, loss_texture: 0.0065, iou: 0.7708, iou_t0: 0.7836, iou_t1: 0.8593, iou_t2: 0.8637, iou_t3: 0.7697, iou_t4: 0.7076, iou_t5: 0.5663, loss: 0.1010
2026-05-03 20:21:21,175 - mmdet - INFO - Iter [7600/120000]	lr: 1.000e-04, eta: 1 day, 19:14:04, time: 1.100, data_time: 0.012, memory: 37109, loss_mask: 0.0890, loss_texture: 0.0060, iou: 0.7333, iou_t0: 0.6940, iou_t1: 0.8533, iou_t2: 0.8213, iou_t3: 0.8340, iou_t4: 0.7072, iou_t5: 0.5949, loss: 0.0950
2026-05-03 20:21:48,672 - mmdet - INFO - Iter [7625/120000]	lr: 1.000e-04, eta: 1 day, 19:11:45, time: 1.100, data_time: 0.013, memory: 37109, loss_mask: 0.0965, loss_texture: 0.0058, iou: 0.7180, iou_t0: 0.7095, iou_t1: 0.8277, iou_t2: 0.8248, iou_t3: 0.7436, iou_t4: 0.6982, iou_t5: 0.5620, loss: 0.1023
2026-05-03 20:22:16,055 - mmdet - INFO - Iter [7650/120000]	lr: 1.000e-04, eta: 1 day, 19:09:24, time: 1.095, data_time: 0.012, memory: 37109, loss_mask: 0.0822, loss_texture: 0.0051, iou: 0.6638, iou_t0: 0.6142, iou_t1: 0.8617, iou_t2: 0.8333, iou_t3: 0.7703, iou_t4: 0.5894, iou_t5: 0.4618, loss: 0.0873
2026-05-03 20:22:43,537 - mmdet - INFO - Iter [7675/120000]	lr: 1.000e-04, eta: 1 day, 19:07:06, time: 1.099, data_time: 0.012, memory: 37109, loss_mask: 0.0916, loss_texture: 0.0060, iou: 0.6965, iou_t0: 0.6733, iou_t1: 0.8669, iou_t2: 0.8174, iou_t3: 0.7219, iou_t4: 0.6384, iou_t5: 0.5825, loss: 0.0977
2026-05-03 20:23:11,149 - mmdet - INFO - Iter [7700/120000]	lr: 1.000e-04, eta: 1 day, 19:04:50, time: 1.104, data_time: 0.012, memory: 37109, loss_mask: 0.0974, loss_texture: 0.0065, iou: 0.7502, iou_t0: 0.7353, iou_t1: 0.8681, iou_t2: 0.8581, iou_t3: 0.8097, iou_t4: 0.7247, iou_t5: 0.5779, loss: 0.1039
2026-05-03 20:23:38,592 - mmdet - INFO - Iter [7725/120000]	lr: 1.000e-04, eta: 1 day, 19:02:33, time: 1.098, data_time: 0.013, memory: 37109, loss_mask: 0.0857, loss_texture: 0.0060, iou: 0.7497, iou_t0: 0.7169, iou_t1: 0.8896, iou_t2: 0.8626, iou_t3: 0.7747, iou_t4: 0.6955, iou_t5: 0.6229, loss: 0.0917
2026-05-03 20:24:06,037 - mmdet - INFO - Iter [7750/120000]	lr: 1.000e-04, eta: 1 day, 19:00:16, time: 1.098, data_time: 0.012, memory: 37109, loss_mask: 0.0896, loss_texture: 0.0061, iou: 0.7192, iou_t0: 0.6829, iou_t1: 0.8819, iou_t2: 0.8436, iou_t3: 0.8094, iou_t4: 0.6818, iou_t5: 0.6137, loss: 0.0956
2026-05-03 20:24:33,556 - mmdet - INFO - Iter [7775/120000]	lr: 1.000e-04, eta: 1 day, 18:58:01, time: 1.101, data_time: 0.012, memory: 37109, loss_mask: 0.0778, loss_texture: 0.0052, iou: 0.7384, iou_t0: 0.7072, iou_t1: 0.8902, iou_t2: 0.7759, iou_t3: 0.8111, iou_t4: 0.7318, iou_t5: 0.6335, loss: 0.0830
2026-05-03 20:25:01,138 - mmdet - INFO - Iter [7800/120000]	lr: 1.000e-04, eta: 1 day, 18:55:48, time: 1.103, data_time: 0.012, memory: 37109, loss_mask: 0.0768, loss_texture: 0.0059, iou: 0.7495, iou_t0: 0.7244, iou_t1: 0.8970, iou_t2: 0.8397, iou_t3: 0.7773, iou_t4: 0.7696, iou_t5: 0.6032, loss: 0.0828
2026-05-03 20:25:28,528 - mmdet - INFO - Iter [7825/120000]	lr: 1.000e-04, eta: 1 day, 18:53:32, time: 1.096, data_time: 0.013, memory: 37109, loss_mask: 0.0791, loss_texture: 0.0054, iou: 0.7487, iou_t0: 0.7228, iou_t1: 0.8706, iou_t2: 0.8478, iou_t3: 0.8151, iou_t4: 0.7430, iou_t5: 0.6535, loss: 0.0844
2026-05-03 20:25:56,082 - mmdet - INFO - Iter [7850/120000]	lr: 1.000e-04, eta: 1 day, 18:51:20, time: 1.102, data_time: 0.012, memory: 37109, loss_mask: 0.0806, loss_texture: 0.0058, iou: 0.7269, iou_t0: 0.6949, iou_t1: 0.8935, iou_t2: 0.8170, iou_t3: 0.7699, iou_t4: 0.6743, iou_t5: 0.5920, loss: 0.0864
2026-05-03 20:26:23,600 - mmdet - INFO - Iter [7875/120000]	lr: 1.000e-04, eta: 1 day, 18:49:08, time: 1.101, data_time: 0.013, memory: 37109, loss_mask: 0.0843, loss_texture: 0.0060, iou: 0.7381, iou_t0: 0.7071, iou_t1: 0.8066, iou_t2: 0.7999, iou_t3: 0.8207, iou_t4: 0.7185, iou_t5: 0.6206, loss: 0.0903
2026-05-03 20:26:51,180 - mmdet - INFO - Iter [7900/120000]	lr: 1.000e-04, eta: 1 day, 18:46:57, time: 1.103, data_time: 0.012, memory: 37109, loss_mask: 0.0893, loss_texture: 0.0065, iou: 0.7486, iou_t0: 0.7218, iou_t1: 0.8853, iou_t2: 0.8518, iou_t3: 0.7631, iou_t4: 0.7049, iou_t5: 0.6446, loss: 0.0958
2026-05-03 20:27:18,588 - mmdet - INFO - Iter [7925/120000]	lr: 1.000e-04, eta: 1 day, 18:44:44, time: 1.096, data_time: 0.013, memory: 37109, loss_mask: 0.0841, loss_texture: 0.0059, iou: 0.7489, iou_t0: 0.7386, iou_t1: 0.8671, iou_t2: 0.8454, iou_t3: 0.7798, iou_t4: 0.7243, iou_t5: 0.5859, loss: 0.0900
2026-05-03 20:27:45,937 - mmdet - INFO - Iter [7950/120000]	lr: 1.000e-04, eta: 1 day, 18:42:32, time: 1.094, data_time: 0.012, memory: 37109, loss_mask: 0.0912, loss_texture: 0.0063, iou: 0.7114, iou_t0: 0.6951, iou_t1: 0.9042, iou_t2: 0.8556, iou_t3: 0.6870, iou_t4: 0.6112, iou_t5: 0.6070, loss: 0.0974
2026-05-03 20:28:13,288 - mmdet - INFO - Iter [7975/120000]	lr: 1.000e-04, eta: 1 day, 18:40:20, time: 1.094, data_time: 0.012, memory: 37109, loss_mask: 0.0805, loss_texture: 0.0058, iou: 0.7431, iou_t0: 0.6934, iou_t1: 0.8401, iou_t2: 0.8924, iou_t3: 0.8071, iou_t4: 0.7517, iou_t5: 0.6269, loss: 0.0864
2026-05-03 20:28:40,662 - mmdet - INFO - 
--- Val evaluation at iter 8000 ---
2026-05-03 20:31:04,805 - mmdet - INFO - 
+------------+-------------+-------------+
| Class      | Val IoU     | Pseudo IoU  |
+------------+-------------+-------------+
| background | 92.20       | 92.68       |
| building   | 67.30       | 69.14       |
| Summary    | mIoU: 79.75 | mIoU: 80.91 |
+------------+-------------+-------------+
Images evaluated: 218
2026-05-03 20:31:07,477 - mmdet - INFO - ★ New best mIoU: 79.75% (prev: 79.74%, Δ=+0.01%) → saved to /home/ubuntu/vy/Denoiser/SegRefiner/work_dirs/exp8_all/best_model.pth
2026-05-03 20:31:07,482 - mmdet - INFO - Exp name: exp8_all.py
2026-05-03 20:31:07,482 - mmdet - INFO - Iter [8000/120000]	lr: 1.000e-04, eta: 1 day, 18:38:09, time: 1.095, data_time: 0.012, memory: 37109, val/mIoU: 0.7975, val/IoU.building: 0.6730, val/IoU.background: 0.9220, val/Pseudo_mIoU: 0.8091, loss_mask: 0.0826, loss_texture: 0.0059, iou: 0.7457, iou_t0: 0.7307, iou_t1: 0.9129, iou_t2: 0.8530, iou_t3: 0.7684, iou_t4: 0.7147, iou_t5: 0.5926, loss: 0.0885
2026-05-03 20:31:35,019 - mmdet - INFO - Iter [8025/120000]	lr: 1.000e-04, eta: 1 day, 19:10:09, time: 6.974, data_time: 5.886, memory: 37109, loss_mask: 0.0790, loss_texture: 0.0054, iou: 0.7407, iou_t0: 0.7219, iou_t1: 0.8059, iou_t2: 0.8043, iou_t3: 0.8110, iou_t4: 0.7097, iou_t5: 0.6276, loss: 0.0844
2026-05-03 20:32:02,723 - mmdet - INFO - Iter [8050/120000]	lr: 1.000e-04, eta: 1 day, 19:07:57, time: 1.108, data_time: 0.012, memory: 37109, loss_mask: 0.1127, loss_texture: 0.0074, iou: 0.7750, iou_t0: 0.7868, iou_t1: 0.9227, iou_t2: 0.8207, iou_t3: 0.7989, iou_t4: 0.6395, iou_t5: 0.6361, loss: 0.1201
2026-05-03 20:32:30,198 - mmdet - INFO - Iter [8075/120000]	lr: 1.000e-04, eta: 1 day, 19:05:43, time: 1.099, data_time: 0.013, memory: 37109, loss_mask: 0.1134, loss_texture: 0.0059, iou: 0.7420, iou_t0: 0.7301, iou_t1: 0.8581, iou_t2: 0.8462, iou_t3: 0.7835, iou_t4: 0.6525, iou_t5: 0.5632, loss: 0.1193
2026-05-03 20:32:57,516 - mmdet - INFO - Iter [8100/120000]	lr: 1.000e-04, eta: 1 day, 19:03:27, time: 1.093, data_time: 0.012, memory: 37109, loss_mask: 0.1087, loss_texture: 0.0056, iou: 0.7149, iou_t0: 0.6940, iou_t1: 0.8662, iou_t2: 0.8492, iou_t3: 0.7887, iou_t4: 0.6802, iou_t5: 0.5221, loss: 0.1143
2026-05-03 20:33:24,876 - mmdet - INFO - Iter [8125/120000]	lr: 1.000e-04, eta: 1 day, 19:01:12, time: 1.094, data_time: 0.013, memory: 37109, loss_mask: 0.0888, loss_texture: 0.0057, iou: 0.6871, iou_t0: 0.6351, iou_t1: 0.8507, iou_t2: 0.8040, iou_t3: 0.7373, iou_t4: 0.6430, iou_t5: 0.5917, loss: 0.0946
2026-05-03 20:33:52,353 - mmdet - INFO - Iter [8150/120000]	lr: 1.000e-04, eta: 1 day, 18:59:00, time: 1.099, data_time: 0.012, memory: 37109, loss_mask: 0.1007, loss_texture: 0.0067, iou: 0.7842, iou_t0: 0.7823, iou_t1: 0.9377, iou_t2: 0.8401, iou_t3: 0.7933, iou_t4: 0.7641, iou_t5: 0.6404, loss: 0.1074
2026-05-03 20:34:19,835 - mmdet - INFO - Iter [8175/120000]	lr: 1.000e-04, eta: 1 day, 18:56:48, time: 1.099, data_time: 0.012, memory: 37109, loss_mask: 0.0877, loss_texture: 0.0060, iou: 0.7359, iou_t0: 0.7142, iou_t1: 0.9105, iou_t2: 0.8477, iou_t3: 0.8043, iou_t4: 0.6847, iou_t5: 0.5145, loss: 0.0937
2026-05-03 20:34:47,407 - mmdet - INFO - Iter [8200/120000]	lr: 1.000e-04, eta: 1 day, 18:54:38, time: 1.103, data_time: 0.012, memory: 37109, loss_mask: 0.0840, loss_texture: 0.0059, iou: 0.7818, iou_t0: 0.7796, iou_t1: 0.8786, iou_t2: 0.8303, iou_t3: 0.7774, iou_t4: 0.7515, iou_t5: 0.6398, loss: 0.0900
2026-05-03 20:35:14,837 - mmdet - INFO - Iter [8225/120000]	lr: 1.000e-04, eta: 1 day, 18:52:27, time: 1.097, data_time: 0.013, memory: 37109, loss_mask: 0.0837, loss_texture: 0.0057, iou: 0.7420, iou_t0: 0.7236, iou_t1: 0.8520, iou_t2: 0.8473, iou_t3: 0.7893, iou_t4: 0.6385, iou_t5: 0.6406, loss: 0.0894
2026-05-03 20:35:42,168 - mmdet - INFO - Iter [8250/120000]	lr: 1.000e-04, eta: 1 day, 18:50:15, time: 1.093, data_time: 0.012, memory: 37109, loss_mask: 0.0884, loss_texture: 0.0057, iou: 0.7371, iou_t0: 0.7247, iou_t1: 0.8119, iou_t2: 0.8483, iou_t3: 0.8032, iou_t4: 0.6794, iou_t5: 0.6239, loss: 0.0942
2026-05-03 20:36:09,511 - mmdet - INFO - Iter [8275/120000]	lr: 1.000e-04, eta: 1 day, 18:48:04, time: 1.094, data_time: 0.012, memory: 37109, loss_mask: 0.0802, loss_texture: 0.0056, iou: 0.7123, iou_t0: 0.6721, iou_t1: 0.8871, iou_t2: 0.8103, iou_t3: 0.7690, iou_t4: 0.6628, iou_t5: 0.5999, loss: 0.0858
2026-05-03 20:36:36,863 - mmdet - INFO - Iter [8300/120000]	lr: 1.000e-04, eta: 1 day, 18:45:53, time: 1.094, data_time: 0.012, memory: 37109, loss_mask: 0.0876, loss_texture: 0.0059, iou: 0.7265, iou_t0: 0.6982, iou_t1: 0.8439, iou_t2: 0.8598, iou_t3: 0.7542, iou_t4: 0.6895, iou_t5: 0.5712, loss: 0.0935
2026-05-03 20:37:04,157 - mmdet - INFO - Iter [8325/120000]	lr: 1.000e-04, eta: 1 day, 18:43:43, time: 1.092, data_time: 0.013, memory: 37109, loss_mask: 0.0830, loss_texture: 0.0056, iou: 0.7181, iou_t0: 0.6952, iou_t1: 0.8286, iou_t2: 0.8312, iou_t3: 0.6818, iou_t4: 0.7086, iou_t5: 0.6022, loss: 0.0886
2026-05-03 20:37:31,622 - mmdet - INFO - Iter [8350/120000]	lr: 1.000e-04, eta: 1 day, 18:41:35, time: 1.099, data_time: 0.012, memory: 37109, loss_mask: 0.1007, loss_texture: 0.0067, iou: 0.7393, iou_t0: 0.7239, iou_t1: 0.8809, iou_t2: 0.8049, iou_t3: 0.7929, iou_t4: 0.6594, iou_t5: 0.6397, loss: 0.1074
2026-05-03 20:37:59,093 - mmdet - INFO - Iter [8375/120000]	lr: 1.000e-04, eta: 1 day, 18:39:28, time: 1.099, data_time: 0.012, memory: 37109, loss_mask: 0.0839, loss_texture: 0.0060, iou: 0.7503, iou_t0: 0.7297, iou_t1: 0.8985, iou_t2: 0.8111, iou_t3: 0.7815, iou_t4: 0.6881, iou_t5: 0.6023, loss: 0.0899
2026-05-03 20:38:26,604 - mmdet - INFO - Iter [8400/120000]	lr: 1.000e-04, eta: 1 day, 18:37:22, time: 1.100, data_time: 0.012, memory: 37109, loss_mask: 0.0822, loss_texture: 0.0058, iou: 0.6965, iou_t0: 0.6498, iou_t1: 0.8596, iou_t2: 0.7921, iou_t3: 0.7593, iou_t4: 0.6719, iou_t5: 0.5747, loss: 0.0880
2026-05-03 20:38:54,114 - mmdet - INFO - Iter [8425/120000]	lr: 1.000e-04, eta: 1 day, 18:35:17, time: 1.100, data_time: 0.013, memory: 37109, loss_mask: 0.0915, loss_texture: 0.0057, iou: 0.7376, iou_t0: 0.7105, iou_t1: 0.9016, iou_t2: 0.8289, iou_t3: 0.7658, iou_t4: 0.7222, iou_t5: 0.6555, loss: 0.0972
2026-05-03 20:39:21,650 - mmdet - INFO - Iter [8450/120000]	lr: 1.000e-04, eta: 1 day, 18:33:13, time: 1.101, data_time: 0.012, memory: 37109, loss_mask: 0.0929, loss_texture: 0.0065, iou: 0.7570, iou_t0: 0.7478, iou_t1: 0.9124, iou_t2: 0.7868, iou_t3: 0.8455, iou_t4: 0.6956, iou_t5: 0.6455, loss: 0.0994
2026-05-03 20:39:49,011 - mmdet - INFO - Iter [8475/120000]	lr: 1.000e-04, eta: 1 day, 18:31:07, time: 1.094, data_time: 0.012, memory: 37109, loss_mask: 0.0705, loss_texture: 0.0050, iou: 0.7697, iou_t0: 0.7398, iou_t1: 0.8280, iou_t2: 0.8804, iou_t3: 0.8427, iou_t4: 0.7380, iou_t5: 0.7150, loss: 0.0756
2026-05-03 20:40:16,475 - mmdet - INFO - 
--- Val evaluation at iter 8500 ---
2026-05-03 20:42:39,956 - mmdet - INFO - 
+------------+-------------+-------------+
| Class      | Val IoU     | Pseudo IoU  |
+------------+-------------+-------------+
| background | 92.20       | 92.68       |
| building   | 67.30       | 69.14       |
| Summary    | mIoU: 79.75 | mIoU: 80.91 |
+------------+-------------+-------------+
Images evaluated: 218
2026-05-03 20:42:41,334 - mmdet - INFO - Iter [8500/120000]	lr: 1.000e-04, eta: 1 day, 18:29:02, time: 1.099, data_time: 0.012, memory: 37109, val/mIoU: 0.7975, val/IoU.building: 0.6730, val/IoU.background: 0.9220, val/Pseudo_mIoU: 0.8091, loss_mask: 0.0914, loss_texture: 0.0064, iou: 0.7312, iou_t0: 0.7059, iou_t1: 0.8669, iou_t2: 0.7945, iou_t3: 0.7850, iou_t4: 0.7071, iou_t5: 0.6106, loss: 0.0978
2026-05-03 20:43:08,813 - mmdet - INFO - Iter [8525/120000]	lr: 1.000e-04, eta: 1 day, 18:58:33, time: 6.894, data_time: 5.808, memory: 37109, loss_mask: 0.0797, loss_texture: 0.0058, iou: 0.7603, iou_t0: 0.7305, iou_t1: 0.8777, iou_t2: 0.8624, iou_t3: 0.8131, iou_t4: 0.7247, iou_t5: 0.6787, loss: 0.0855
2026-05-03 20:43:36,298 - mmdet - INFO - Iter [8550/120000]	lr: 1.000e-04, eta: 1 day, 18:56:25, time: 1.099, data_time: 0.012, memory: 37109, loss_mask: 0.0914, loss_texture: 0.0061, iou: 0.7309, iou_t0: 0.7045, iou_t1: 0.8253, iou_t2: 0.8122, iou_t3: 0.7802, iou_t4: 0.7418, iou_t5: 0.5955, loss: 0.0975
2026-05-03 20:44:03,974 - mmdet - INFO - Iter [8575/120000]	lr: 1.000e-04, eta: 1 day, 18:54:19, time: 1.107, data_time: 0.013, memory: 37109, loss_mask: 0.0932, loss_texture: 0.0062, iou: 0.7701, iou_t0: 0.7408, iou_t1: 0.9262, iou_t2: 0.8507, iou_t3: 0.7756, iou_t4: 0.7539, iou_t5: 0.6238, loss: 0.0993
2026-05-03 20:44:31,481 - mmdet - INFO - Iter [8600/120000]	lr: 1.000e-04, eta: 1 day, 18:52:12, time: 1.100, data_time: 0.012, memory: 37109, loss_mask: 0.0959, loss_texture: 0.0061, iou: 0.7471, iou_t0: 0.7133, iou_t1: 0.9096, iou_t2: 0.8782, iou_t3: 0.7880, iou_t4: 0.6682, iou_t5: 0.6670, loss: 0.1020
2026-05-03 20:44:59,020 - mmdet - INFO - Iter [8625/120000]	lr: 1.000e-04, eta: 1 day, 18:50:05, time: 1.102, data_time: 0.013, memory: 37109, loss_mask: 0.0919, loss_texture: 0.0063, iou: 0.7633, iou_t0: 0.7523, iou_t1: 0.8510, iou_t2: 0.8306, iou_t3: 0.7849, iou_t4: 0.7322, iou_t5: 0.6505, loss: 0.0982
2026-05-03 20:45:26,625 - mmdet - INFO - Iter [8650/120000]	lr: 1.000e-04, eta: 1 day, 18:48:01, time: 1.104, data_time: 0.012, memory: 37109, loss_mask: 0.0938, loss_texture: 0.0067, iou: 0.7460, iou_t0: 0.7535, iou_t1: 0.8254, iou_t2: 0.8198, iou_t3: 0.8213, iou_t4: 0.7143, iou_t5: 0.5974, loss: 0.1005
2026-05-03 20:45:54,113 - mmdet - INFO - Iter [8675/120000]	lr: 1.000e-04, eta: 1 day, 18:45:55, time: 1.100, data_time: 0.012, memory: 37109, loss_mask: 0.0756, loss_texture: 0.0052, iou: 0.7440, iou_t0: 0.7035, iou_t1: 0.8968, iou_t2: 0.8241, iou_t3: 0.7970, iou_t4: 0.7082, iou_t5: 0.6837, loss: 0.0808
2026-05-03 20:46:21,614 - mmdet - INFO - Iter [8700/120000]	lr: 1.000e-04, eta: 1 day, 18:43:50, time: 1.100, data_time: 0.012, memory: 37109, loss_mask: 0.0760, loss_texture: 0.0055, iou: 0.7306, iou_t0: 0.6660, iou_t1: 0.9037, iou_t2: 0.7816, iou_t3: 0.8444, iou_t4: 0.6999, iou_t5: 0.6963, loss: 0.0815
2026-05-03 20:46:49,195 - mmdet - INFO - Iter [8725/120000]	lr: 1.000e-04, eta: 1 day, 18:41:46, time: 1.103, data_time: 0.013, memory: 37109, loss_mask: 0.1020, loss_texture: 0.0067, iou: 0.7620, iou_t0: 0.7590, iou_t1: 0.8881, iou_t2: 0.8466, iou_t3: 0.7836, iou_t4: 0.6842, iou_t5: 0.6280, loss: 0.1088
2026-05-03 20:47:16,655 - mmdet - INFO - Iter [8750/120000]	lr: 1.000e-04, eta: 1 day, 18:39:42, time: 1.098, data_time: 0.012, memory: 37109, loss_mask: 0.0935, loss_texture: 0.0057, iou: 0.6995, iou_t0: 0.6704, iou_t1: 0.8430, iou_t2: 0.8105, iou_t3: 0.7401, iou_t4: 0.6763, iou_t5: 0.5675, loss: 0.0992
2026-05-03 20:47:44,201 - mmdet - INFO - Iter [8775/120000]	lr: 1.000e-04, eta: 1 day, 18:37:39, time: 1.102, data_time: 0.013, memory: 37109, loss_mask: 0.0953, loss_texture: 0.0065, iou: 0.7719, iou_t0: 0.7772, iou_t1: 0.8677, iou_t2: 0.8166, iou_t3: 0.8149, iou_t4: 0.7515, iou_t5: 0.6105, loss: 0.1018
2026-05-03 20:48:11,772 - mmdet - INFO - Iter [8800/120000]	lr: 1.000e-04, eta: 1 day, 18:35:37, time: 1.103, data_time: 0.012, memory: 37109, loss_mask: 0.0837, loss_texture: 0.0061, iou: 0.7474, iou_t0: 0.7200, iou_t1: 0.8517, iou_t2: 0.8551, iou_t3: 0.7720, iou_t4: 0.7131, iou_t5: 0.6576, loss: 0.0898
2026-05-03 20:48:39,350 - mmdet - INFO - Iter [8825/120000]	lr: 1.000e-04, eta: 1 day, 18:33:36, time: 1.103, data_time: 0.013, memory: 37109, loss_mask: 0.0818, loss_texture: 0.0060, iou: 0.7570, iou_t0: 0.7298, iou_t1: 0.8904, iou_t2: 0.8681, iou_t3: 0.7826, iou_t4: 0.6922, iou_t5: 0.5919, loss: 0.0878
2026-05-03 20:49:06,906 - mmdet - INFO - Iter [8850/120000]	lr: 1.000e-04, eta: 1 day, 18:31:35, time: 1.102, data_time: 0.012, memory: 37109, loss_mask: 0.0869, loss_texture: 0.0052, iou: 0.7349, iou_t0: 0.7024, iou_t1: 0.8968, iou_t2: 0.8096, iou_t3: 0.7749, iou_t4: 0.6887, iou_t5: 0.6642, loss: 0.0921
2026-05-03 20:49:34,484 - mmdet - INFO - Iter [8875/120000]	lr: 1.000e-04, eta: 1 day, 18:29:34, time: 1.103, data_time: 0.012, memory: 37109, loss_mask: 0.0901, loss_texture: 0.0067, iou: 0.7809, iou_t0: 0.7639, iou_t1: 0.8838, iou_t2: 0.8902, iou_t3: 0.8255, iou_t4: 0.7344, iou_t5: 0.6613, loss: 0.0967
2026-05-03 20:50:01,931 - mmdet - INFO - Iter [8900/120000]	lr: 1.000e-04, eta: 1 day, 18:27:33, time: 1.098, data_time: 0.012, memory: 37109, loss_mask: 0.0830, loss_texture: 0.0057, iou: 0.7611, iou_t0: 0.7349, iou_t1: 0.8759, iou_t2: 0.8321, iou_t3: 0.8040, iou_t4: 0.7229, iou_t5: 0.6461, loss: 0.0887
2026-05-03 20:50:29,500 - mmdet - INFO - Iter [8925/120000]	lr: 1.000e-04, eta: 1 day, 18:25:34, time: 1.103, data_time: 0.013, memory: 37109, loss_mask: 0.0867, loss_texture: 0.0059, iou: 0.7303, iou_t0: 0.7035, iou_t1: 0.9106, iou_t2: 0.7892, iou_t3: 0.7862, iou_t4: 0.7395, iou_t5: 0.5868, loss: 0.0926
2026-05-03 20:50:56,791 - mmdet - INFO - Iter [8950/120000]	lr: 1.000e-04, eta: 1 day, 18:23:31, time: 1.092, data_time: 0.012, memory: 37109, loss_mask: 0.0758, loss_texture: 0.0055, iou: 0.7252, iou_t0: 0.6952, iou_t1: 0.8067, iou_t2: 0.8241, iou_t3: 0.7590, iou_t4: 0.7204, iou_t5: 0.6367, loss: 0.0813
2026-05-03 20:51:24,188 - mmdet - INFO - Iter [8975/120000]	lr: 1.000e-04, eta: 1 day, 18:21:31, time: 1.096, data_time: 0.012, memory: 37109, loss_mask: 0.0828, loss_texture: 0.0058, iou: 0.7369, iou_t0: 0.7039, iou_t1: 0.8406, iou_t2: 0.8488, iou_t3: 0.7949, iou_t4: 0.7599, iou_t5: 0.6197, loss: 0.0887
2026-05-03 20:51:51,488 - mmdet - INFO - 
--- Val evaluation at iter 9000 ---
2026-05-03 20:54:14,925 - mmdet - INFO - 
+------------+-------------+-------------+
| Class      | Val IoU     | Pseudo IoU  |
+------------+-------------+-------------+
| background | 92.18       | 92.68       |
| building   | 67.27       | 69.14       |
| Summary    | mIoU: 79.72 | mIoU: 80.91 |
+------------+-------------+-------------+
Images evaluated: 218
2026-05-03 20:54:16,331 - mmdet - INFO - Exp name: exp8_all.py
2026-05-03 20:54:16,331 - mmdet - INFO - Iter [9000/120000]	lr: 1.000e-04, eta: 1 day, 18:19:30, time: 1.092, data_time: 0.012, memory: 37109, val/mIoU: 0.7972, val/IoU.building: 0.6727, val/IoU.background: 0.9218, val/Pseudo_mIoU: 0.8091, loss_mask: 0.0740, loss_texture: 0.0054, iou: 0.7246, iou_t0: 0.6929, iou_t1: 0.8289, iou_t2: 0.8306, iou_t3: 0.7564, iou_t4: 0.6540, iou_t5: 0.6775, loss: 0.0795
2026-05-03 20:54:43,677 - mmdet - INFO - Iter [9025/120000]	lr: 1.000e-04, eta: 1 day, 18:47:11, time: 6.888, data_time: 5.807, memory: 37109, loss_mask: 0.0757, loss_texture: 0.0057, iou: 0.7353, iou_t0: 0.6961, iou_t1: 0.8808, iou_t2: 0.7854, iou_t3: 0.7018, iou_t4: 0.7295, iou_t5: 0.6790, loss: 0.0814
2026-05-03 20:55:11,166 - mmdet - INFO - Iter [9050/120000]	lr: 1.000e-04, eta: 1 day, 18:45:08, time: 1.100, data_time: 0.012, memory: 37109, loss_mask: 0.0908, loss_texture: 0.0063, iou: 0.7579, iou_t0: 0.7297, iou_t1: 0.8538, iou_t2: 0.8661, iou_t3: 0.8223, iou_t4: 0.7341, iou_t5: 0.6282, loss: 0.0972
2026-05-03 20:55:38,595 - mmdet - INFO - Iter [9075/120000]	lr: 1.000e-04, eta: 1 day, 18:43:04, time: 1.097, data_time: 0.012, memory: 37109, loss_mask: 0.0801, loss_texture: 0.0058, iou: 0.7618, iou_t0: 0.7402, iou_t1: 0.8629, iou_t2: 0.8718, iou_t3: 0.7916, iou_t4: 0.7227, iou_t5: 0.6797, loss: 0.0858
2026-05-03 20:56:06,104 - mmdet - INFO - Iter [9100/120000]	lr: 1.000e-04, eta: 1 day, 18:41:02, time: 1.100, data_time: 0.012, memory: 37109, loss_mask: 0.0875, loss_texture: 0.0059, iou: 0.7385, iou_t0: 0.7136, iou_t1: 0.8162, iou_t2: 0.8330, iou_t3: 0.8110, iou_t4: 0.7209, iou_t5: 0.5974, loss: 0.0933
2026-05-03 20:56:33,535 - mmdet - INFO - Iter [9125/120000]	lr: 1.000e-04, eta: 1 day, 18:39:00, time: 1.097, data_time: 0.013, memory: 37109, loss_mask: 0.0895, loss_texture: 0.0059, iou: 0.7245, iou_t0: 0.7158, iou_t1: 0.8472, iou_t2: 0.8185, iou_t3: 0.7604, iou_t4: 0.6568, iou_t5: 0.6079, loss: 0.0954
2026-05-03 20:57:00,953 - mmdet - INFO - Iter [9150/120000]	lr: 1.000e-04, eta: 1 day, 18:36:58, time: 1.097, data_time: 0.012, memory: 37109, loss_mask: 0.0965, loss_texture: 0.0062, iou: 0.7128, iou_t0: 0.6695, iou_t1: 0.8460, iou_t2: 0.8366, iou_t3: 0.7985, iou_t4: 0.6623, iou_t5: 0.6369, loss: 0.1027
2026-05-03 20:57:28,673 - mmdet - INFO - Iter [9175/120000]	lr: 1.000e-04, eta: 1 day, 18:35:01, time: 1.109, data_time: 0.012, memory: 37109, loss_mask: 0.0897, loss_texture: 0.0068, iou: 0.7645, iou_t0: 0.7503, iou_t1: 0.8627, iou_t2: 0.8949, iou_t3: 0.7820, iou_t4: 0.7141, iou_t5: 0.6226, loss: 0.0965
2026-05-03 20:57:56,129 - mmdet - INFO - Iter [9200/120000]	lr: 1.000e-04, eta: 1 day, 18:33:00, time: 1.098, data_time: 0.012, memory: 37109, loss_mask: 0.0817, loss_texture: 0.0054, iou: 0.7450, iou_t0: 0.7128, iou_t1: 0.9096, iou_t2: 0.8172, iou_t3: 0.7843, iou_t4: 0.7284, iou_t5: 0.6423, loss: 0.0872
2026-05-03 20:58:23,765 - mmdet - INFO - Iter [9225/120000]	lr: 1.000e-04, eta: 1 day, 18:31:02, time: 1.105, data_time: 0.013, memory: 37109, loss_mask: 0.0905, loss_texture: 0.0061, iou: 0.7215, iou_t0: 0.6749, iou_t1: 0.8172, iou_t2: 0.8082, iou_t3: 0.7931, iou_t4: 0.6787, iou_t5: 0.6511, loss: 0.0967
2026-05-03 20:58:51,461 - mmdet - INFO - Iter [9250/120000]	lr: 1.000e-04, eta: 1 day, 18:29:06, time: 1.108, data_time: 0.012, memory: 37109, loss_mask: 0.1042, loss_texture: 0.0070, iou: 0.7376, iou_t0: 0.7286, iou_t1: 0.8226, iou_t2: 0.8081, iou_t3: 0.7805, iou_t4: 0.7152, iou_t5: 0.6144, loss: 0.1111
2026-05-03 20:59:19,007 - mmdet - INFO - Iter [9275/120000]	lr: 1.000e-04, eta: 1 day, 18:27:08, time: 1.102, data_time: 0.012, memory: 37109, loss_mask: 0.0874, loss_texture: 0.0063, iou: 0.7416, iou_t0: 0.7050, iou_t1: 0.8940, iou_t2: 0.8170, iou_t3: 0.7950, iou_t4: 0.7188, iou_t5: 0.6254, loss: 0.0937
2026-05-03 20:59:46,472 - mmdet - INFO - Iter [9300/120000]	lr: 1.000e-04, eta: 1 day, 18:25:10, time: 1.099, data_time: 0.012, memory: 37109, loss_mask: 0.0824, loss_texture: 0.0055, iou: 0.7465, iou_t0: 0.7175, iou_t1: 0.7716, iou_t2: 0.8905, iou_t3: 0.8121, iou_t4: 0.7200, iou_t5: 0.6170, loss: 0.0879
2026-05-03 21:00:13,910 - mmdet - INFO - Iter [9325/120000]	lr: 1.000e-04, eta: 1 day, 18:23:12, time: 1.098, data_time: 0.013, memory: 37109, loss_mask: 0.0977, loss_texture: 0.0060, iou: 0.7265, iou_t0: 0.7038, iou_t1: 0.8782, iou_t2: 0.8586, iou_t3: 0.8067, iou_t4: 0.6933, iou_t5: 0.5364, loss: 0.1038
2026-05-03 21:00:41,418 - mmdet - INFO - Iter [9350/120000]	lr: 1.000e-04, eta: 1 day, 18:21:15, time: 1.100, data_time: 0.012, memory: 37109, loss_mask: 0.0712, loss_texture: 0.0049, iou: 0.7242, iou_t0: 0.6717, iou_t1: 0.9040, iou_t2: 0.8534, iou_t3: 0.7680, iou_t4: 0.7313, iou_t5: 0.5928, loss: 0.0761
2026-05-03 21:01:08,753 - mmdet - INFO - Iter [9375/120000]	lr: 1.000e-04, eta: 1 day, 18:19:16, time: 1.093, data_time: 0.013, memory: 37109, loss_mask: 0.0828, loss_texture: 0.0055, iou: 0.7459, iou_t0: 0.7110, iou_t1: 0.8387, iou_t2: 0.8062, iou_t3: 0.8183, iou_t4: 0.7245, iou_t5: 0.6706, loss: 0.0883
2026-05-03 21:01:36,146 - mmdet - INFO - Iter [9400/120000]	lr: 1.000e-04, eta: 1 day, 18:17:19, time: 1.096, data_time: 0.012, memory: 37109, loss_mask: 0.0744, loss_texture: 0.0054, iou: 0.7168, iou_t0: 0.6548, iou_t1: 0.8763, iou_t2: 0.8357, iou_t3: 0.7688, iou_t4: 0.7149, iou_t5: 0.6489, loss: 0.0799
2026-05-03 21:02:03,552 - mmdet - INFO - Iter [9425/120000]	lr: 1.000e-04, eta: 1 day, 18:15:23, time: 1.096, data_time: 0.013, memory: 37109, loss_mask: 0.0942, loss_texture: 0.0062, iou: 0.7474, iou_t0: 0.7369, iou_t1: 0.9194, iou_t2: 0.8043, iou_t3: 0.8176, iou_t4: 0.6673, iou_t5: 0.5779, loss: 0.1004
2026-05-03 21:02:30,985 - mmdet - INFO - Iter [9450/120000]	lr: 1.000e-04, eta: 1 day, 18:13:27, time: 1.097, data_time: 0.012, memory: 37109, loss_mask: 0.0911, loss_texture: 0.0062, iou: 0.7212, iou_t0: 0.6940, iou_t1: 0.8736, iou_t2: 0.8175, iou_t3: 0.7447, iou_t4: 0.7047, iou_t5: 0.5864, loss: 0.0972
2026-05-03 21:02:58,454 - mmdet - INFO - Iter [9475/120000]	lr: 1.000e-04, eta: 1 day, 18:11:32, time: 1.099, data_time: 0.012, memory: 37109, loss_mask: 0.0952, loss_texture: 0.0062, iou: 0.7530, iou_t0: 0.7492, iou_t1: 0.8825, iou_t2: 0.8333, iou_t3: 0.7553, iou_t4: 0.7099, iou_t5: 0.6443, loss: 0.1014
2026-05-03 21:03:26,008 - mmdet - INFO - 
--- Val evaluation at iter 9500 ---
2026-05-03 21:05:49,291 - mmdet - INFO - 
+------------+-------------+-------------+
| Class      | Val IoU     | Pseudo IoU  |
+------------+-------------+-------------+
| background | 92.21       | 92.68       |
| building   | 67.30       | 69.14       |
| Summary    | mIoU: 79.76 | mIoU: 80.91 |
+------------+-------------+-------------+
Images evaluated: 218
2026-05-03 21:05:51,890 - mmdet - INFO - ★ New best mIoU: 79.76% (prev: 79.75%, Δ=+0.01%) → saved to /home/ubuntu/vy/Denoiser/SegRefiner/work_dirs/exp8_all/best_model.pth
2026-05-03 21:05:51,895 - mmdet - INFO - Iter [9500/120000]	lr: 1.000e-04, eta: 1 day, 18:09:38, time: 1.102, data_time: 0.012, memory: 37109, val/mIoU: 0.7976, val/IoU.building: 0.6730, val/IoU.background: 0.9221, val/Pseudo_mIoU: 0.8091, loss_mask: 0.0809, loss_texture: 0.0058, iou: 0.7372, iou_t0: 0.7206, iou_t1: 0.8732, iou_t2: 0.8556, iou_t3: 0.7843, iou_t4: 0.6782, iou_t5: 0.5936, loss: 0.0868
2026-05-03 21:06:19,239 - mmdet - INFO - Iter [9525/120000]	lr: 1.000e-04, eta: 1 day, 18:35:55, time: 6.929, data_time: 5.849, memory: 37109, loss_mask: 0.0752, loss_texture: 0.0052, iou: 0.7323, iou_t0: 0.6944, iou_t1: 0.8258, iou_t2: 0.8234, iou_t3: 0.7618, iou_t4: 0.7297, iou_t5: 0.6450, loss: 0.0804
2026-05-03 21:06:46,768 - mmdet - INFO - Iter [9550/120000]	lr: 1.000e-04, eta: 1 day, 18:33:57, time: 1.101, data_time: 0.012, memory: 37109, loss_mask: 0.0852, loss_texture: 0.0061, iou: 0.7729, iou_t0: 0.7474, iou_t1: 0.9168, iou_t2: 0.8774, iou_t3: 0.7930, iou_t4: 0.7287, iou_t5: 0.6662, loss: 0.0914
2026-05-03 21:07:14,406 - mmdet - INFO - Iter [9575/120000]	lr: 1.000e-04, eta: 1 day, 18:32:01, time: 1.106, data_time: 0.012, memory: 37109, loss_mask: 0.0928, loss_texture: 0.0067, iou: 0.7575, iou_t0: 0.7287, iou_t1: 0.8649, iou_t2: 0.7787, iou_t3: 0.8179, iou_t4: 0.7664, iou_t5: 0.6600, loss: 0.0995
2026-05-03 21:07:41,822 - mmdet - INFO - Iter [9600/120000]	lr: 1.000e-04, eta: 1 day, 18:30:03, time: 1.097, data_time: 0.012, memory: 37109, loss_mask: 0.0815, loss_texture: 0.0056, iou: 0.7135, iou_t0: 0.6709, iou_t1: 0.8712, iou_t2: 0.8182, iou_t3: 0.7730, iou_t4: 0.7137, iou_t5: 0.6267, loss: 0.0871
2026-05-03 21:08:09,309 - mmdet - INFO - Iter [9625/120000]	lr: 1.000e-04, eta: 1 day, 18:28:06, time: 1.099, data_time: 0.013, memory: 37109, loss_mask: 0.1191, loss_texture: 0.0061, iou: 0.7294, iou_t0: 0.7414, iou_t1: 0.8597, iou_t2: 0.8126, iou_t3: 0.7461, iou_t4: 0.6208, iou_t5: 0.5012, loss: 0.1252
2026-05-03 21:08:36,695 - mmdet - INFO - Iter [9650/120000]	lr: 1.000e-04, eta: 1 day, 18:26:09, time: 1.095, data_time: 0.012, memory: 37109, loss_mask: 0.0995, loss_texture: 0.0065, iou: 0.7698, iou_t0: 0.7623, iou_t1: 0.9013, iou_t2: 0.8440, iou_t3: 0.7982, iou_t4: 0.7001, iou_t5: 0.5981, loss: 0.1060
2026-05-03 21:09:04,073 - mmdet - INFO - Iter [9675/120000]	lr: 1.000e-04, eta: 1 day, 18:24:12, time: 1.095, data_time: 0.012, memory: 37109, loss_mask: 0.0898, loss_texture: 0.0062, iou: 0.7340, iou_t0: 0.6994, iou_t1: 0.8369, iou_t2: 0.8643, iou_t3: 0.7574, iou_t4: 0.7178, iou_t5: 0.6279, loss: 0.0960
2026-05-03 21:09:31,592 - mmdet - INFO - Iter [9700/120000]	lr: 1.000e-04, eta: 1 day, 18:22:17, time: 1.101, data_time: 0.012, memory: 37109, loss_mask: 0.0976, loss_texture: 0.0065, iou: 0.7681, iou_t0: 0.7614, iou_t1: 0.8680, iou_t2: 0.8686, iou_t3: 0.8169, iou_t4: 0.6933, iou_t5: 0.5897, loss: 0.1041
2026-05-03 21:09:59,024 - mmdet - INFO - Iter [9725/120000]	lr: 1.000e-04, eta: 1 day, 18:20:21, time: 1.097, data_time: 0.013, memory: 37109, loss_mask: 0.0711, loss_texture: 0.0053, iou: 0.7536, iou_t0: 0.7051, iou_t1: 0.8932, iou_t2: 0.8865, iou_t3: 0.8240, iou_t4: 0.7657, iou_t5: 0.6601, loss: 0.0764
2026-05-03 21:10:26,618 - mmdet - INFO - Iter [9750/120000]	lr: 1.000e-04, eta: 1 day, 18:18:28, time: 1.104, data_time: 0.012, memory: 37109, loss_mask: 0.0927, loss_texture: 0.0063, iou: 0.7602, iou_t0: 0.7409, iou_t1: 0.8827, iou_t2: 0.8159, iou_t3: 0.7882, iou_t4: 0.7642, iou_t5: 0.6374, loss: 0.0990
2026-05-03 21:10:54,089 - mmdet - INFO - Iter [9775/120000]	lr: 1.000e-04, eta: 1 day, 18:16:34, time: 1.099, data_time: 0.012, memory: 37109, loss_mask: 0.0733, loss_texture: 0.0054, iou: 0.7510, iou_t0: 0.7089, iou_t1: 0.8766, iou_t2: 0.8642, iou_t3: 0.8013, iou_t4: 0.7642, iou_t5: 0.5674, loss: 0.0787
2026-05-03 21:11:21,419 - mmdet - INFO - Iter [9800/120000]	lr: 1.000e-04, eta: 1 day, 18:14:38, time: 1.093, data_time: 0.012, memory: 37109, loss_mask: 0.0708, loss_texture: 0.0051, iou: 0.6966, iou_t0: 0.6129, iou_t1: 0.8406, iou_t2: 0.8496, iou_t3: 0.7603, iou_t4: 0.6919, iou_t5: 0.6094, loss: 0.0759
2026-05-03 21:11:48,842 - mmdet - INFO - Iter [9825/120000]	lr: 1.000e-04, eta: 1 day, 18:12:45, time: 1.097, data_time: 0.013, memory: 37109, loss_mask: 0.0656, loss_texture: 0.0049, iou: 0.7445, iou_t0: 0.7042, iou_t1: 0.9231, iou_t2: 0.8759, iou_t3: 0.7885, iou_t4: 0.7615, iou_t5: 0.5451, loss: 0.0705
2026-05-03 21:12:16,437 - mmdet - INFO - Iter [9850/120000]	lr: 1.000e-04, eta: 1 day, 18:10:53, time: 1.104, data_time: 0.012, memory: 37109, loss_mask: 0.0842, loss_texture: 0.0057, iou: 0.7516, iou_t0: 0.7281, iou_t1: 0.8988, iou_t2: 0.8768, iou_t3: 0.7557, iou_t4: 0.6610, iou_t5: 0.6039, loss: 0.0899
2026-05-03 21:12:44,056 - mmdet - INFO - Iter [9875/120000]	lr: 1.000e-04, eta: 1 day, 18:09:02, time: 1.105, data_time: 0.013, memory: 37109, loss_mask: 0.0789, loss_texture: 0.0059, iou: 0.7205, iou_t0: 0.6721, iou_t1: 0.8956, iou_t2: 0.8534, iou_t3: 0.8066, iou_t4: 0.6868, iou_t5: 0.6028, loss: 0.0848
2026-05-03 21:13:11,514 - mmdet - INFO - Iter [9900/120000]	lr: 1.000e-04, eta: 1 day, 18:07:10, time: 1.098, data_time: 0.012, memory: 37109, loss_mask: 0.0856, loss_texture: 0.0061, iou: 0.7026, iou_t0: 0.6532, iou_t1: 0.8309, iou_t2: 0.7536, iou_t3: 0.7656, iou_t4: 0.6661, iou_t5: 0.6294, loss: 0.0916
2026-05-03 21:13:39,101 - mmdet - INFO - Iter [9925/120000]	lr: 1.000e-04, eta: 1 day, 18:05:20, time: 1.103, data_time: 0.013, memory: 37109, loss_mask: 0.0796, loss_texture: 0.0058, iou: 0.7401, iou_t0: 0.6913, iou_t1: 0.9047, iou_t2: 0.8658, iou_t3: 0.8133, iou_t4: 0.7084, iou_t5: 0.6532, loss: 0.0854
2026-05-03 21:14:06,534 - mmdet - INFO - Iter [9950/120000]	lr: 1.000e-04, eta: 1 day, 18:03:28, time: 1.097, data_time: 0.012, memory: 37109, loss_mask: 0.0825, loss_texture: 0.0057, iou: 0.7648, iou_t0: 0.7396, iou_t1: 0.8462, iou_t2: 0.8783, iou_t3: 0.8150, iou_t4: 0.7521, iou_t5: 0.6447, loss: 0.0882
2026-05-03 21:14:34,016 - mmdet - INFO - Iter [9975/120000]	lr: 1.000e-04, eta: 1 day, 18:01:37, time: 1.099, data_time: 0.012, memory: 37109, loss_mask: 0.0796, loss_texture: 0.0063, iou: 0.7569, iou_t0: 0.7445, iou_t1: 0.8703, iou_t2: 0.8168, iou_t3: 0.7335, iou_t4: 0.7630, iou_t5: 0.5945, loss: 0.0859
2026-05-03 21:15:01,511 - mmdet - INFO - 
--- Val evaluation at iter 10000 ---
2026-05-03 21:17:25,063 - mmdet - INFO - 
+------------+-------------+-------------+
| Class      | Val IoU     | Pseudo IoU  |
+------------+-------------+-------------+
| background | 92.19       | 92.68       |
| building   | 67.27       | 69.14       |
| Summary    | mIoU: 79.73 | mIoU: 80.91 |
+------------+-------------+-------------+
Images evaluated: 218
2026-05-03 21:17:26,425 - mmdet - INFO - Exp name: exp8_all.py
2026-05-03 21:17:26,425 - mmdet - INFO - Iter [10000/120000]	lr: 1.000e-04, eta: 1 day, 17:59:47, time: 1.100, data_time: 0.012, memory: 37109, val/mIoU: 0.7973, val/IoU.building: 0.6727, val/IoU.background: 0.9219, val/Pseudo_mIoU: 0.8091, loss_mask: 0.0939, loss_texture: 0.0067, iou: 0.7531, iou_t0: 0.7241, iou_t1: 0.8848, iou_t2: 0.8545, iou_t3: 0.8128, iou_t4: 0.7057, iou_t5: 0.6502, loss: 0.1006
2026-05-03 21:17:53,853 - mmdet - INFO - Iter [10025/120000]	lr: 1.000e-04, eta: 1 day, 18:24:27, time: 6.894, data_time: 5.811, memory: 37109, loss_mask: 0.0718, loss_texture: 0.0054, iou: 0.7412, iou_t0: 0.6897, iou_t1: 0.8632, iou_t2: 0.8811, iou_t3: 0.7850, iou_t4: 0.7049, iou_t5: 0.6515, loss: 0.0772
2026-05-03 21:18:21,482 - mmdet - INFO - Iter [10050/120000]	lr: 1.000e-04, eta: 1 day, 18:22:35, time: 1.105, data_time: 0.012, memory: 37109, loss_mask: 0.0886, loss_texture: 0.0063, iou: 0.7749, iou_t0: 0.7618, iou_t1: 0.8640, iou_t2: 0.8482, iou_t3: 0.7637, iou_t4: 0.7783, iou_t5: 0.6428, loss: 0.0949
2026-05-03 21:18:48,922 - mmdet - INFO - Iter [10075/120000]	lr: 1.000e-04, eta: 1 day, 18:20:41, time: 1.098, data_time: 0.012, memory: 37109, loss_mask: 0.0805, loss_texture: 0.0058, iou: 0.7311, iou_t0: 0.6770, iou_t1: 0.8949, iou_t2: 0.8648, iou_t3: 0.7640, iou_t4: 0.6896, iou_t5: 0.6550, loss: 0.0864
2026-05-03 21:19:16,148 - mmdet - INFO - Iter [10100/120000]	lr: 1.000e-04, eta: 1 day, 18:18:45, time: 1.089, data_time: 0.012, memory: 37109, loss_mask: 0.0731, loss_texture: 0.0050, iou: 0.7235, iou_t0: 0.6891, iou_t1: 0.7774, iou_t2: 0.8562, iou_t3: 0.7834, iou_t4: 0.7408, iou_t5: 0.5855, loss: 0.0781
2026-05-03 21:19:43,630 - mmdet - INFO - Iter [10125/120000]	lr: 1.000e-04, eta: 1 day, 18:16:53, time: 1.099, data_time: 0.013, memory: 37109, loss_mask: 0.0841, loss_texture: 0.0065, iou: 0.7814, iou_t0: 0.7609, iou_t1: 0.9112, iou_t2: 0.8634, iou_t3: 0.8051, iou_t4: 0.7467, iou_t5: 0.6852, loss: 0.0906
2026-05-03 21:20:10,936 - mmdet - INFO - Iter [10150/120000]	lr: 1.000e-04, eta: 1 day, 18:14:59, time: 1.092, data_time: 0.012, memory: 37109, loss_mask: 0.0734, loss_texture: 0.0054, iou: 0.7550, iou_t0: 0.7146, iou_t1: 0.8758, iou_t2: 0.8652, iou_t3: 0.8069, iou_t4: 0.7657, iou_t5: 0.6051, loss: 0.0788
2026-05-03 21:20:38,321 - mmdet - INFO - Iter [10175/120000]	lr: 1.000e-04, eta: 1 day, 18:13:06, time: 1.095, data_time: 0.012, memory: 37109, loss_mask: 0.0820, loss_texture: 0.0056, iou: 0.7490, iou_t0: 0.7247, iou_t1: 0.8277, iou_t2: 0.8406, iou_t3: 0.7825, iou_t4: 0.7373, iou_t5: 0.6745, loss: 0.0876
2026-05-03 21:21:05,683 - mmdet - INFO - Iter [10200/120000]	lr: 1.000e-04, eta: 1 day, 18:11:14, time: 1.094, data_time: 0.012, memory: 37109, loss_mask: 0.0967, loss_texture: 0.0060, iou: 0.7446, iou_t0: 0.7202, iou_t1: 0.9115, iou_t2: 0.8271, iou_t3: 0.7857, iou_t4: 0.6849, iou_t5: 0.6285, loss: 0.1027
2026-05-03 21:21:33,171 - mmdet - INFO - Iter [10225/120000]	lr: 1.000e-04, eta: 1 day, 18:09:23, time: 1.100, data_time: 0.013, memory: 37109, loss_mask: 0.0880, loss_texture: 0.0058, iou: 0.7359, iou_t0: 0.7180, iou_t1: 0.8375, iou_t2: 0.8621, iou_t3: 0.7843, iou_t4: 0.6881, iou_t5: 0.5825, loss: 0.0938
2026-05-03 21:22:00,596 - mmdet - INFO - Iter [10250/120000]	lr: 1.000e-04, eta: 1 day, 18:07:32, time: 1.097, data_time: 0.012, memory: 37109, loss_mask: 0.0764, loss_texture: 0.0053, iou: 0.7044, iou_t0: 0.6504, iou_t1: 0.8107, iou_t2: 0.8640, iou_t3: 0.8009, iou_t4: 0.7185, iou_t5: 0.5929, loss: 0.0817
2026-05-03 21:22:28,020 - mmdet - INFO - Iter [10275/120000]	lr: 1.000e-04, eta: 1 day, 18:05:41, time: 1.097, data_time: 0.012, memory: 37109, loss_mask: 0.0765, loss_texture: 0.0056, iou: 0.7509, iou_t0: 0.7216, iou_t1: 0.9182, iou_t2: 0.8215, iou_t3: 0.7792, iou_t4: 0.7063, iou_t5: 0.6157, loss: 0.0821
2026-05-03 21:22:55,698 - mmdet - INFO - Iter [10300/120000]	lr: 1.000e-04, eta: 1 day, 18:03:54, time: 1.107, data_time: 0.012, memory: 37109, loss_mask: 0.0760, loss_texture: 0.0056, iou: 0.7706, iou_t0: 0.7608, iou_t1: 0.9055, iou_t2: 0.8149, iou_t3: 0.8270, iou_t4: 0.6950, iou_t5: 0.6515, loss: 0.0816
2026-05-03 21:23:23,331 - mmdet - INFO - Iter [10325/120000]	lr: 1.000e-04, eta: 1 day, 18:02:06, time: 1.105, data_time: 0.013, memory: 37109, loss_mask: 0.0971, loss_texture: 0.0066, iou: 0.7696, iou_t0: 0.7448, iou_t1: 0.9226, iou_t2: 0.8710, iou_t3: 0.8208, iou_t4: 0.7066, iou_t5: 0.5555, loss: 0.1037
2026-05-03 21:23:50,828 - mmdet - INFO - Iter [10350/120000]	lr: 1.000e-04, eta: 1 day, 18:00:18, time: 1.100, data_time: 0.012, memory: 37109, loss_mask: 0.0844, loss_texture: 0.0060, iou: 0.7313, iou_t0: 0.7004, iou_t1: 0.8773, iou_t2: 0.8594, iou_t3: 0.8174, iou_t4: 0.6811, iou_t5: 0.6129, loss: 0.0904
2026-05-03 21:24:18,135 - mmdet - INFO - Iter [10375/120000]	lr: 1.000e-04, eta: 1 day, 17:58:27, time: 1.092, data_time: 0.012, memory: 37109, loss_mask: 0.0829, loss_texture: 0.0060, iou: 0.7361, iou_t0: 0.7045, iou_t1: 0.8813, iou_t2: 0.8676, iou_t3: 0.7457, iou_t4: 0.6627, iou_t5: 0.6476, loss: 0.0889
2026-05-03 21:24:45,484 - mmdet - INFO - Iter [10400/120000]	lr: 1.000e-04, eta: 1 day, 17:56:38, time: 1.094, data_time: 0.012, memory: 37109, loss_mask: 0.0691, loss_texture: 0.0053, iou: 0.7239, iou_t0: 0.6581, iou_t1: 0.8599, iou_t2: 0.7755, iou_t3: 0.7992, iou_t4: 0.7665, iou_t5: 0.6319, loss: 0.0743
2026-05-03 21:25:12,838 - mmdet - INFO - Iter [10425/120000]	lr: 1.000e-04, eta: 1 day, 17:54:49, time: 1.094, data_time: 0.013, memory: 37109, loss_mask: 0.0730, loss_texture: 0.0053, iou: 0.7187, iou_t0: 0.6841, iou_t1: 0.8306, iou_t2: 0.8553, iou_t3: 0.7547, iou_t4: 0.6487, iou_t5: 0.6174, loss: 0.0783
2026-05-03 21:25:40,200 - mmdet - INFO - Iter [10450/120000]	lr: 1.000e-04, eta: 1 day, 17:53:01, time: 1.094, data_time: 0.012, memory: 37109, loss_mask: 0.0833, loss_texture: 0.0056, iou: 0.7238, iou_t0: 0.6743, iou_t1: 0.8785, iou_t2: 0.7885, iou_t3: 0.7928, iou_t4: 0.6632, iou_t5: 0.6680, loss: 0.0889
2026-05-03 21:26:07,693 - mmdet - INFO - Iter [10475/120000]	lr: 1.000e-04, eta: 1 day, 17:51:14, time: 1.100, data_time: 0.012, memory: 37109, loss_mask: 0.0807, loss_texture: 0.0058, iou: 0.7367, iou_t0: 0.7133, iou_t1: 0.8927, iou_t2: 0.8463, iou_t3: 0.7436, iou_t4: 0.7020, iou_t5: 0.5855, loss: 0.0865
2026-05-03 21:26:35,261 - mmdet - INFO - 
--- Val evaluation at iter 10500 ---
2026-05-03 21:28:58,330 - mmdet - INFO - 
+------------+-------------+-------------+
| Class      | Val IoU     | Pseudo IoU  |
+------------+-------------+-------------+
| background | 92.18       | 92.68       |
| building   | 67.24       | 69.14       |
| Summary    | mIoU: 79.71 | mIoU: 80.91 |
+------------+-------------+-------------+
Images evaluated: 218
2026-05-03 21:28:59,717 - mmdet - INFO - Iter [10500/120000]	lr: 1.000e-04, eta: 1 day, 17:49:28, time: 1.103, data_time: 0.012, memory: 37109, val/mIoU: 0.7971, val/IoU.building: 0.6724, val/IoU.background: 0.9218, val/Pseudo_mIoU: 0.8091, loss_mask: 0.0881, loss_texture: 0.0063, iou: 0.7476, iou_t0: 0.7073, iou_t1: 0.8896, iou_t2: 0.8610, iou_t3: 0.7972, iou_t4: 0.7176, iou_t5: 0.6523, loss: 0.0944
2026-05-03 21:29:26,994 - mmdet - INFO - Iter [10525/120000]	lr: 1.000e-04, eta: 1 day, 18:12:43, time: 6.869, data_time: 5.791, memory: 37109, loss_mask: 0.0601, loss_texture: 0.0045, iou: 0.7137, iou_t0: 0.6459, iou_t1: 0.8636, iou_t2: 0.8402, iou_t3: 0.7910, iou_t4: 0.6995, iou_t5: 0.6437, loss: 0.0646
2026-05-03 21:29:54,283 - mmdet - INFO - Iter [10550/120000]	lr: 1.000e-04, eta: 1 day, 18:10:51, time: 1.092, data_time: 0.012, memory: 37109, loss_mask: 0.0710, loss_texture: 0.0049, iou: 0.7299, iou_t0: 0.6782, iou_t1: 0.8846, iou_t2: 0.8502, iou_t3: 0.7281, iou_t4: 0.7452, iou_t5: 0.6537, loss: 0.0759
2026-05-03 21:30:21,763 - mmdet - INFO - Iter [10575/120000]	lr: 1.000e-04, eta: 1 day, 18:09:02, time: 1.099, data_time: 0.013, memory: 37109, loss_mask: 0.0819, loss_texture: 0.0061, iou: 0.7470, iou_t0: 0.7140, iou_t1: 0.8931, iou_t2: 0.8585, iou_t3: 0.7782, iou_t4: 0.7593, iou_t5: 0.6241, loss: 0.0880
2026-05-03 21:30:49,170 - mmdet - INFO - Iter [10600/120000]	lr: 1.000e-04, eta: 1 day, 18:07:12, time: 1.096, data_time: 0.012, memory: 37109, loss_mask: 0.0806, loss_texture: 0.0062, iou: 0.7421, iou_t0: 0.7089, iou_t1: 0.8239, iou_t2: 0.8457, iou_t3: 0.7773, iou_t4: 0.7066, iou_t5: 0.7018, loss: 0.0869
2026-05-03 21:31:16,592 - mmdet - INFO - Iter [10625/120000]	lr: 1.000e-04, eta: 1 day, 18:05:23, time: 1.097, data_time: 0.013, memory: 37109, loss_mask: 0.0798, loss_texture: 0.0058, iou: 0.7824, iou_t0: 0.7500, iou_t1: 0.9194, iou_t2: 0.8580, iou_t3: 0.7951, iou_t4: 0.7350, iou_t5: 0.6721, loss: 0.0856
2026-05-03 21:31:44,067 - mmdet - INFO - Iter [10650/120000]	lr: 1.000e-04, eta: 1 day, 18:03:35, time: 1.099, data_time: 0.012, memory: 37109, loss_mask: 0.0803, loss_texture: 0.0062, iou: 0.7891, iou_t0: 0.7778, iou_t1: 0.8850, iou_t2: 0.8274, iou_t3: 0.8122, iou_t4: 0.7665, iou_t5: 0.6700, loss: 0.0865
2026-05-03 21:32:11,426 - mmdet - INFO - Iter [10675/120000]	lr: 1.000e-04, eta: 1 day, 18:01:46, time: 1.094, data_time: 0.012, memory: 37109, loss_mask: 0.0678, loss_texture: 0.0050, iou: 0.7201, iou_t0: 0.6558, iou_t1: 0.8913, iou_t2: 0.8448, iou_t3: 0.8380, iou_t4: 0.7484, iou_t5: 0.6070, loss: 0.0727
2026-05-03 21:32:38,895 - mmdet - INFO - Iter [10700/120000]	lr: 1.000e-04, eta: 1 day, 17:59:59, time: 1.099, data_time: 0.012, memory: 37109, loss_mask: 0.0730, loss_texture: 0.0058, iou: 0.7562, iou_t0: 0.7245, iou_t1: 0.8988, iou_t2: 0.8431, iou_t3: 0.8185, iou_t4: 0.7512, iou_t5: 0.6309, loss: 0.0788
2026-05-03 21:33:06,396 - mmdet - INFO - Iter [10725/120000]	lr: 1.000e-04, eta: 1 day, 17:58:12, time: 1.100, data_time: 0.013, memory: 37109, loss_mask: 0.0912, loss_texture: 0.0062, iou: 0.7697, iou_t0: 0.7323, iou_t1: 0.8936, iou_t2: 0.8881, iou_t3: 0.7691, iou_t4: 0.7300, iou_t5: 0.7127, loss: 0.0974
2026-05-03 21:33:33,697 - mmdet - INFO - Iter [10750/120000]	lr: 1.000e-04, eta: 1 day, 17:56:23, time: 1.092, data_time: 0.012, memory: 37109, loss_mask: 0.0818, loss_texture: 0.0050, iou: 0.7155, iou_t0: 0.6747, iou_t1: 0.7646, iou_t2: 0.8737, iou_t3: 0.7921, iou_t4: 0.6731, iou_t5: 0.6117, loss: 0.0868
2026-05-03 21:34:01,149 - mmdet - INFO - Iter [10775/120000]	lr: 1.000e-04, eta: 1 day, 17:54:37, time: 1.098, data_time: 0.012, memory: 37109, loss_mask: 0.0828, loss_texture: 0.0057, iou: 0.7422, iou_t0: 0.6933, iou_t1: 0.8777, iou_t2: 0.8048, iou_t3: 0.8329, iou_t4: 0.7319, iou_t5: 0.6187, loss: 0.0884
2026-05-03 21:34:28,489 - mmdet - INFO - Iter [10800/120000]	lr: 1.000e-04, eta: 1 day, 17:52:50, time: 1.094, data_time: 0.012, memory: 37109, loss_mask: 0.0750, loss_texture: 0.0057, iou: 0.7607, iou_t0: 0.7173, iou_t1: 0.8699, iou_t2: 0.8766, iou_t3: 0.8187, iou_t4: 0.7105, iou_t5: 0.6888, loss: 0.0807
2026-05-03 21:34:56,030 - mmdet - INFO - Iter [10825/120000]	lr: 1.000e-04, eta: 1 day, 17:51:05, time: 1.102, data_time: 0.013, memory: 37109, loss_mask: 0.0758, loss_texture: 0.0056, iou: 0.7470, iou_t0: 0.7357, iou_t1: 0.8412, iou_t2: 0.8462, iou_t3: 0.7670, iou_t4: 0.7318, iou_t5: 0.6404, loss: 0.0815
2026-05-03 21:35:23,387 - mmdet - INFO - Iter [10850/120000]	lr: 1.000e-04, eta: 1 day, 17:49:18, time: 1.094, data_time: 0.012, memory: 37109, loss_mask: 0.0790, loss_texture: 0.0058, iou: 0.7434, iou_t0: 0.7102, iou_t1: 0.8284, iou_t2: 0.8143, iou_t3: 0.8102, iou_t4: 0.7149, iou_t5: 0.6630, loss: 0.0848
2026-05-03 21:35:50,795 - mmdet - INFO - Iter [10875/120000]	lr: 1.000e-04, eta: 1 day, 17:47:33, time: 1.096, data_time: 0.012, memory: 37109, loss_mask: 0.0815, loss_texture: 0.0060, iou: 0.7746, iou_t0: 0.7450, iou_t1: 0.9037, iou_t2: 0.8902, iou_t3: 0.8186, iou_t4: 0.7252, iou_t5: 0.6759, loss: 0.0875
2026-05-03 21:36:18,206 - mmdet - INFO - Iter [10900/120000]	lr: 1.000e-04, eta: 1 day, 17:45:48, time: 1.096, data_time: 0.012, memory: 37109, loss_mask: 0.0739, loss_texture: 0.0055, iou: 0.7470, iou_t0: 0.6983, iou_t1: 0.8745, iou_t2: 0.8549, iou_t3: 0.7632, iou_t4: 0.7641, iou_t5: 0.6473, loss: 0.0794
2026-05-03 21:36:45,600 - mmdet - INFO - Iter [10925/120000]	lr: 1.000e-04, eta: 1 day, 17:44:03, time: 1.096, data_time: 0.013, memory: 37109, loss_mask: 0.0819, loss_texture: 0.0058, iou: 0.7256, iou_t0: 0.6603, iou_t1: 0.8768, iou_t2: 0.8634, iou_t3: 0.8219, iou_t4: 0.6926, iou_t5: 0.6571, loss: 0.0877
2026-05-03 21:37:12,949 - mmdet - INFO - Iter [10950/120000]	lr: 1.000e-04, eta: 1 day, 17:42:18, time: 1.094, data_time: 0.012, memory: 37109, loss_mask: 0.0754, loss_texture: 0.0053, iou: 0.7324, iou_t0: 0.6856, iou_t1: 0.8250, iou_t2: 0.8330, iou_t3: 0.8085, iou_t4: 0.7222, iou_t5: 0.6740, loss: 0.0807
2026-05-03 21:37:40,427 - mmdet - INFO - Iter [10975/120000]	lr: 1.000e-04, eta: 1 day, 17:40:34, time: 1.099, data_time: 0.012, memory: 37109, loss_mask: 0.0819, loss_texture: 0.0059, iou: 0.7329, iou_t0: 0.7029, iou_t1: 0.8511, iou_t2: 0.8418, iou_t3: 0.7720, iou_t4: 0.7093, iou_t5: 0.5849, loss: 0.0878
2026-05-03 21:38:07,835 - mmdet - INFO - 
--- Val evaluation at iter 11000 ---
2026-05-03 21:40:30,452 - mmdet - INFO - 
+------------+-------------+-------------+
| Class      | Val IoU     | Pseudo IoU  |
+------------+-------------+-------------+
| background | 92.19       | 92.68       |
| building   | 67.28       | 69.14       |
| Summary    | mIoU: 79.74 | mIoU: 80.91 |
+------------+-------------+-------------+
Images evaluated: 218
2026-05-03 21:40:31,822 - mmdet - INFO - Exp name: exp8_all.py
2026-05-03 21:40:31,823 - mmdet - INFO - Iter [11000/120000]	lr: 1.000e-04, eta: 1 day, 17:38:51, time: 1.096, data_time: 0.012, memory: 37109, val/mIoU: 0.7974, val/IoU.building: 0.6728, val/IoU.background: 0.9219, val/Pseudo_mIoU: 0.8091, loss_mask: 0.0790, loss_texture: 0.0059, iou: 0.7560, iou_t0: 0.7310, iou_t1: 0.8841, iou_t2: 0.8339, iou_t3: 0.8247, iou_t4: 0.6940, iou_t5: 0.6664, loss: 0.0849
2026-05-03 21:40:59,161 - mmdet - INFO - Iter [11025/120000]	lr: 1.000e-04, eta: 1 day, 18:00:50, time: 6.853, data_time: 5.773, memory: 37109, loss_mask: 0.0778, loss_texture: 0.0057, iou: 0.7440, iou_t0: 0.7190, iou_t1: 0.8385, iou_t2: 0.8667, iou_t3: 0.7581, iou_t4: 0.7653, iou_t5: 0.5762, loss: 0.0836
2026-05-03 21:41:26,506 - mmdet - INFO - Iter [11050/120000]	lr: 1.000e-04, eta: 1 day, 17:59:03, time: 1.094, data_time: 0.012, memory: 37109, loss_mask: 0.0834, loss_texture: 0.0062, iou: 0.7505, iou_t0: 0.7249, iou_t1: 0.8433, iou_t2: 0.7929, iou_t3: 0.8135, iou_t4: 0.7299, iou_t5: 0.6410, loss: 0.0896
2026-05-03 21:41:53,980 - mmdet - INFO - Iter [11075/120000]	lr: 1.000e-04, eta: 1 day, 17:57:17, time: 1.099, data_time: 0.013, memory: 37109, loss_mask: 0.0777, loss_texture: 0.0057, iou: 0.7350, iou_t0: 0.6941, iou_t1: 0.8274, iou_t2: 0.8233, iou_t3: 0.7648, iou_t4: 0.7333, iou_t5: 0.6668, loss: 0.0834
2026-05-03 21:42:21,494 - mmdet - INFO - Iter [11100/120000]	lr: 1.000e-04, eta: 1 day, 17:55:32, time: 1.101, data_time: 0.012, memory: 37109, loss_mask: 0.0796, loss_texture: 0.0058, iou: 0.7745, iou_t0: 0.7542, iou_t1: 0.9025, iou_t2: 0.8627, iou_t3: 0.8287, iou_t4: 0.7564, iou_t5: 0.6532, loss: 0.0854
2026-05-03 21:42:48,924 - mmdet - INFO - Iter [11125/120000]	lr: 1.000e-04, eta: 1 day, 17:53:47, time: 1.097, data_time: 0.013, memory: 37109, loss_mask: 0.0818, loss_texture: 0.0057, iou: 0.7667, iou_t0: 0.7469, iou_t1: 0.8923, iou_t2: 0.8298, iou_t3: 0.7921, iou_t4: 0.6851, iou_t5: 0.6684, loss: 0.0876
2026-05-03 21:43:16,173 - mmdet - INFO - Iter [11150/120000]	lr: 1.000e-04, eta: 1 day, 17:52:00, time: 1.090, data_time: 0.012, memory: 37109, loss_mask: 0.0760, loss_texture: 0.0050, iou: 0.7203, iou_t0: 0.6493, iou_t1: 0.8821, iou_t2: 0.8427, iou_t3: 0.8027, iou_t4: 0.7568, iou_t5: 0.6394, loss: 0.0810
2026-05-03 21:43:43,586 - mmdet - INFO - Iter [11175/120000]	lr: 1.000e-04, eta: 1 day, 17:50:15, time: 1.097, data_time: 0.012, memory: 37109, loss_mask: 0.1061, loss_texture: 0.0064, iou: 0.6902, iou_t0: 0.6787, iou_t1: 0.8453, iou_t2: 0.7858, iou_t3: 0.7392, iou_t4: 0.5678, iou_t5: 0.5153, loss: 0.1125
2026-05-03 21:44:11,009 - mmdet - INFO - Iter [11200/120000]	lr: 1.000e-04, eta: 1 day, 17:48:31, time: 1.097, data_time: 0.012, memory: 37109, loss_mask: 0.0859, loss_texture: 0.0061, iou: 0.7432, iou_t0: 0.7291, iou_t1: 0.8891, iou_t2: 0.8723, iou_t3: 0.8114, iou_t4: 0.6402, iou_t5: 0.6453, loss: 0.0920
2026-05-03 21:44:38,449 - mmdet - INFO - Iter [11225/120000]	lr: 1.000e-04, eta: 1 day, 17:46:47, time: 1.098, data_time: 0.013, memory: 37109, loss_mask: 0.0854, loss_texture: 0.0063, iou: 0.7423, iou_t0: 0.7247, iou_t1: 0.8019, iou_t2: 0.8736, iou_t3: 0.7869, iou_t4: 0.7012, iou_t5: 0.6386, loss: 0.0917
2026-05-03 21:45:05,759 - mmdet - INFO - Iter [11250/120000]	lr: 1.000e-04, eta: 1 day, 17:45:03, time: 1.092, data_time: 0.012, memory: 37109, loss_mask: 0.0819, loss_texture: 0.0057, iou: 0.7555, iou_t0: 0.6906, iou_t1: 0.9206, iou_t2: 0.8411, iou_t3: 0.8060, iou_t4: 0.7388, iou_t5: 0.7051, loss: 0.0876
2026-05-03 21:45:33,305 - mmdet - INFO - Iter [11275/120000]	lr: 1.000e-04, eta: 1 day, 17:43:20, time: 1.102, data_time: 0.012, memory: 37109, loss_mask: 0.0876, loss_texture: 0.0058, iou: 0.7347, iou_t0: 0.7192, iou_t1: 0.8737, iou_t2: 0.8006, iou_t3: 0.7182, iou_t4: 0.6796, iou_t5: 0.5324, loss: 0.0934
2026-05-03 21:46:00,662 - mmdet - INFO - Iter [11300/120000]	lr: 1.000e-04, eta: 1 day, 17:41:37, time: 1.094, data_time: 0.012, memory: 37109, loss_mask: 0.0788, loss_texture: 0.0055, iou: 0.7042, iou_t0: 0.6450, iou_t1: 0.8726, iou_t2: 0.8143, iou_t3: 0.7636, iou_t4: 0.7263, iou_t5: 0.5676, loss: 0.0843
2026-05-03 21:46:28,107 - mmdet - INFO - Iter [11325/120000]	lr: 1.000e-04, eta: 1 day, 17:39:54, time: 1.098, data_time: 0.013, memory: 37109, loss_mask: 0.0831, loss_texture: 0.0060, iou: 0.7404, iou_t0: 0.7097, iou_t1: 0.8746, iou_t2: 0.8295, iou_t3: 0.7606, iou_t4: 0.7728, iou_t5: 0.6413, loss: 0.0891
2026-05-03 21:46:55,603 - mmdet - INFO - Iter [11350/120000]	lr: 1.000e-04, eta: 1 day, 17:38:13, time: 1.100, data_time: 0.012, memory: 37109, loss_mask: 0.0715, loss_texture: 0.0057, iou: 0.7737, iou_t0: 0.7444, iou_t1: 0.8891, iou_t2: 0.8265, iou_t3: 0.8036, iou_t4: 0.7171, iou_t5: 0.7204, loss: 0.0772
2026-05-03 21:47:23,016 - mmdet - INFO - Iter [11375/120000]	lr: 1.000e-04, eta: 1 day, 17:36:31, time: 1.097, data_time: 0.012, memory: 37109, loss_mask: 0.0837, loss_texture: 0.0061, iou: 0.7528, iou_t0: 0.7228, iou_t1: 0.8888, iou_t2: 0.8506, iou_t3: 0.7984, iou_t4: 0.7479, iou_t5: 0.6558, loss: 0.0898
2026-05-03 21:47:50,327 - mmdet - INFO - Iter [11400/120000]	lr: 1.000e-04, eta: 1 day, 17:34:48, time: 1.092, data_time: 0.012, memory: 37109, loss_mask: 0.0816, loss_texture: 0.0057, iou: 0.7408, iou_t0: 0.6954, iou_t1: 0.8493, iou_t2: 0.8785, iou_t3: 0.7844, iou_t4: 0.7223, iou_t5: 0.6828, loss: 0.0872
2026-05-03 21:48:17,886 - mmdet - INFO - Iter [11425/120000]	lr: 1.000e-04, eta: 1 day, 17:33:08, time: 1.102, data_time: 0.013, memory: 37109, loss_mask: 0.0788, loss_texture: 0.0060, iou: 0.7685, iou_t0: 0.7515, iou_t1: 0.9143, iou_t2: 0.8231, iou_t3: 0.7722, iou_t4: 0.7288, iou_t5: 0.6735, loss: 0.0848
2026-05-03 21:48:45,376 - mmdet - INFO - Iter [11450/120000]	lr: 1.000e-04, eta: 1 day, 17:31:28, time: 1.100, data_time: 0.012, memory: 37109, loss_mask: 0.0713, loss_texture: 0.0054, iou: 0.7257, iou_t0: 0.6698, iou_t1: 0.8453, iou_t2: 0.8522, iou_t3: 0.7910, iou_t4: 0.7484, iou_t5: 0.6146, loss: 0.0767
2026-05-03 21:49:12,702 - mmdet - INFO - Iter [11475/120000]	lr: 1.000e-04, eta: 1 day, 17:29:46, time: 1.093, data_time: 0.012, memory: 37109, loss_mask: 0.0775, loss_texture: 0.0055, iou: 0.7368, iou_t0: 0.7102, iou_t1: 0.8959, iou_t2: 0.8028, iou_t3: 0.7762, iou_t4: 0.7432, iou_t5: 0.6579, loss: 0.0830
2026-05-03 21:49:40,039 - mmdet - INFO - 
--- Val evaluation at iter 11500 ---
2026-05-03 21:52:03,117 - mmdet - INFO - 
+------------+-------------+-------------+
| Class      | Val IoU     | Pseudo IoU  |
+------------+-------------+-------------+
| background | 92.19       | 92.68       |
| building   | 67.27       | 69.14       |
| Summary    | mIoU: 79.73 | mIoU: 80.91 |
+------------+-------------+-------------+
Images evaluated: 218
2026-05-03 21:52:04,517 - mmdet - INFO - Iter [11500/120000]	lr: 1.000e-04, eta: 1 day, 17:28:05, time: 1.093, data_time: 0.012, memory: 37109, val/mIoU: 0.7973, val/IoU.building: 0.6727, val/IoU.background: 0.9219, val/Pseudo_mIoU: 0.8091, loss_mask: 0.0783, loss_texture: 0.0053, iou: 0.7310, iou_t0: 0.7004, iou_t1: 0.8538, iou_t2: 0.8717, iou_t3: 0.7513, iou_t4: 0.7420, iou_t5: 0.5939, loss: 0.0836
2026-05-03 21:52:31,946 - mmdet - INFO - Iter [11525/120000]	lr: 1.000e-04, eta: 1 day, 17:49:05, time: 6.876, data_time: 5.792, memory: 37109, loss_mask: 0.0724, loss_texture: 0.0055, iou: 0.7379, iou_t0: 0.7145, iou_t1: 0.8465, iou_t2: 0.8628, iou_t3: 0.8175, iou_t4: 0.7298, iou_t5: 0.5660, loss: 0.0778
2026-05-03 21:52:59,549 - mmdet - INFO - Iter [11550/120000]	lr: 1.000e-04, eta: 1 day, 17:47:23, time: 1.104, data_time: 0.012, memory: 37109, loss_mask: 0.0816, loss_texture: 0.0059, iou: 0.7741, iou_t0: 0.7597, iou_t1: 0.8846, iou_t2: 0.8234, iou_t3: 0.7978, iou_t4: 0.7443, iou_t5: 0.6712, loss: 0.0875
2026-05-03 21:53:26,972 - mmdet - INFO - Iter [11575/120000]	lr: 1.000e-04, eta: 1 day, 17:45:41, time: 1.097, data_time: 0.013, memory: 37109, loss_mask: 0.0776, loss_texture: 0.0055, iou: 0.7258, iou_t0: 0.6774, iou_t1: 0.8489, iou_t2: 0.8479, iou_t3: 0.8176, iou_t4: 0.6988, iou_t5: 0.5599, loss: 0.0831
2026-05-03 21:53:54,302 - mmdet - INFO - Iter [11600/120000]	lr: 1.000e-04, eta: 1 day, 17:43:58, time: 1.093, data_time: 0.012, memory: 37109, loss_mask: 0.0813, loss_texture: 0.0052, iou: 0.7327, iou_t0: 0.6954, iou_t1: 0.8429, iou_t2: 0.8263, iou_t3: 0.8282, iou_t4: 0.7420, iou_t5: 0.5669, loss: 0.0866
2026-05-03 21:54:21,667 - mmdet - INFO - Iter [11625/120000]	lr: 1.000e-04, eta: 1 day, 17:42:15, time: 1.095, data_time: 0.013, memory: 37109, loss_mask: 0.0818, loss_texture: 0.0054, iou: 0.7698, iou_t0: 0.7263, iou_t1: 0.9156, iou_t2: 0.8382, iou_t3: 0.7868, iou_t4: 0.7593, iou_t5: 0.6433, loss: 0.0872
2026-05-03 21:54:49,189 - mmdet - INFO - Iter [11650/120000]	lr: 1.000e-04, eta: 1 day, 17:40:34, time: 1.101, data_time: 0.012, memory: 37109, loss_mask: 0.0812, loss_texture: 0.0062, iou: 0.7397, iou_t0: 0.6966, iou_t1: 0.8927, iou_t2: 0.8594, iou_t3: 0.7838, iou_t4: 0.7219, iou_t5: 0.6479, loss: 0.0874
2026-05-03 21:55:16,854 - mmdet - INFO - Iter [11675/120000]	lr: 1.000e-04, eta: 1 day, 17:38:55, time: 1.107, data_time: 0.012, memory: 37109, loss_mask: 0.0770, loss_texture: 0.0057, iou: 0.7251, iou_t0: 0.6670, iou_t1: 0.8482, iou_t2: 0.8293, iou_t3: 0.7479, iou_t4: 0.7217, iou_t5: 0.6572, loss: 0.0827
2026-05-03 21:55:44,476 - mmdet - INFO - Iter [11700/120000]	lr: 1.000e-04, eta: 1 day, 17:37:16, time: 1.105, data_time: 0.012, memory: 37109, loss_mask: 0.0931, loss_texture: 0.0063, iou: 0.7532, iou_t0: 0.7147, iou_t1: 0.9042, iou_t2: 0.8459, iou_t3: 0.8410, iou_t4: 0.7130, iou_t5: 0.6019, loss: 0.0994
2026-05-03 21:56:11,971 - mmdet - INFO - Iter [11725/120000]	lr: 1.000e-04, eta: 1 day, 17:35:36, time: 1.100, data_time: 0.013, memory: 37109, loss_mask: 0.0882, loss_texture: 0.0059, iou: 0.7354, iou_t0: 0.7084, iou_t1: 0.9020, iou_t2: 0.8496, iou_t3: 0.7912, iou_t4: 0.6567, iou_t5: 0.6305, loss: 0.0941
2026-05-03 21:56:39,485 - mmdet - INFO - Iter [11750/120000]	lr: 1.000e-04, eta: 1 day, 17:33:56, time: 1.101, data_time: 0.012, memory: 37109, loss_mask: 0.0909, loss_texture: 0.0061, iou: 0.7539, iou_t0: 0.7299, iou_t1: 0.8920, iou_t2: 0.8494, iou_t3: 0.8181, iou_t4: 0.6815, iou_t5: 0.5959, loss: 0.0970
2026-05-03 21:57:07,115 - mmdet - INFO - Iter [11775/120000]	lr: 1.000e-04, eta: 1 day, 17:32:18, time: 1.105, data_time: 0.012, memory: 37109, loss_mask: 0.0876, loss_texture: 0.0064, iou: 0.7681, iou_t0: 0.7493, iou_t1: 0.8957, iou_t2: 0.8359, iou_t3: 0.8003, iou_t4: 0.7701, iou_t5: 0.6644, loss: 0.0940
2026-05-03 21:57:34,524 - mmdet - INFO - Iter [11800/120000]	lr: 1.000e-04, eta: 1 day, 17:30:38, time: 1.096, data_time: 0.012, memory: 37109, loss_mask: 0.0764, loss_texture: 0.0057, iou: 0.7694, iou_t0: 0.7391, iou_t1: 0.8821, iou_t2: 0.8661, iou_t3: 0.8189, iou_t4: 0.7071, iou_t5: 0.6753, loss: 0.0820
2026-05-03 21:58:02,098 - mmdet - INFO - Iter [11825/120000]	lr: 1.000e-04, eta: 1 day, 17:29:00, time: 1.103, data_time: 0.013, memory: 37109, loss_mask: 0.0832, loss_texture: 0.0059, iou: 0.7354, iou_t0: 0.6899, iou_t1: 0.8855, iou_t2: 0.8775, iou_t3: 0.7201, iou_t4: 0.7110, iou_t5: 0.5644, loss: 0.0891
2026-05-03 21:58:29,642 - mmdet - INFO - Iter [11850/120000]	lr: 1.000e-04, eta: 1 day, 17:27:22, time: 1.102, data_time: 0.012, memory: 37109, loss_mask: 0.0714, loss_texture: 0.0054, iou: 0.7613, iou_t0: 0.7248, iou_t1: 0.8566, iou_t2: 0.8494, iou_t3: 0.7844, iou_t4: 0.7639, iou_t5: 0.6491, loss: 0.0768
2026-05-03 21:58:56,992 - mmdet - INFO - Iter [11875/120000]	lr: 1.000e-04, eta: 1 day, 17:25:42, time: 1.094, data_time: 0.012, memory: 37109, loss_mask: 0.0664, loss_texture: 0.0050, iou: 0.7286, iou_t0: 0.6728, iou_t1: 0.9104, iou_t2: 0.8286, iou_t3: 0.7335, iou_t4: 0.7505, iou_t5: 0.6076, loss: 0.0714
2026-05-03 21:59:24,455 - mmdet - INFO - Iter [11900/120000]	lr: 1.000e-04, eta: 1 day, 17:24:04, time: 1.098, data_time: 0.012, memory: 37109, loss_mask: 0.0704, loss_texture: 0.0053, iou: 0.7321, iou_t0: 0.6806, iou_t1: 0.8653, iou_t2: 0.8594, iou_t3: 0.7884, iou_t4: 0.7158, iou_t5: 0.6506, loss: 0.0758
2026-05-03 21:59:52,012 - mmdet - INFO - Iter [11925/120000]	lr: 1.000e-04, eta: 1 day, 17:22:27, time: 1.102, data_time: 0.013, memory: 37109, loss_mask: 0.0846, loss_texture: 0.0059, iou: 0.7274, iou_t0: 0.6759, iou_t1: 0.8482, iou_t2: 0.8421, iou_t3: 0.7996, iou_t4: 0.7098, iou_t5: 0.6242, loss: 0.0904
2026-05-03 22:00:19,557 - mmdet - INFO - Iter [11950/120000]	lr: 1.000e-04, eta: 1 day, 17:20:50, time: 1.102, data_time: 0.012, memory: 37109, loss_mask: 0.0723, loss_texture: 0.0054, iou: 0.7707, iou_t0: 0.7329, iou_t1: 0.8819, iou_t2: 0.8394, iou_t3: 0.7961, iou_t4: 0.7479, iou_t5: 0.6896, loss: 0.0778
2026-05-03 22:00:46,961 - mmdet - INFO - Iter [11975/120000]	lr: 1.000e-04, eta: 1 day, 17:19:12, time: 1.096, data_time: 0.013, memory: 37109, loss_mask: 0.0645, loss_texture: 0.0052, iou: 0.7524, iou_t0: 0.6947, iou_t1: 0.9008, iou_t2: 0.8314, iou_t3: 0.7747, iou_t4: 0.7385, iou_t5: 0.6612, loss: 0.0697
2026-05-03 22:01:14,197 - mmdet - INFO - 
--- Val evaluation at iter 12000 ---
2026-05-03 22:03:37,250 - mmdet - INFO - 
+------------+-------------+-------------+
| Class      | Val IoU     | Pseudo IoU  |
+------------+-------------+-------------+
| background | 92.19       | 92.68       |
| building   | 67.28       | 69.14       |
| Summary    | mIoU: 79.73 | mIoU: 80.91 |
+------------+-------------+-------------+
Images evaluated: 218
2026-05-03 22:03:38,637 - mmdet - INFO - Exp name: exp8_all.py
2026-05-03 22:03:38,638 - mmdet - INFO - Iter [12000/120000]	lr: 1.000e-04, eta: 1 day, 17:17:33, time: 1.089, data_time: 0.012, memory: 37109, val/mIoU: 0.7973, val/IoU.building: 0.6728, val/IoU.background: 0.9219, val/Pseudo_mIoU: 0.8091, loss_mask: 0.0681, loss_texture: 0.0052, iou: 0.7417, iou_t0: 0.6809, iou_t1: 0.8954, iou_t2: 0.8131, iou_t3: 0.8560, iou_t4: 0.6955, iou_t5: 0.7037, loss: 0.0734
2026-05-03 22:04:06,093 - mmdet - INFO - Iter [12025/120000]	lr: 1.000e-04, eta: 1 day, 17:37:33, time: 6.876, data_time: 5.790, memory: 37109, loss_mask: 0.0858, loss_texture: 0.0063, iou: 0.7772, iou_t0: 0.7695, iou_t1: 0.8543, iou_t2: 0.7709, iou_t3: 0.8272, iou_t4: 0.7938, iou_t5: 0.6225, loss: 0.0921
2026-05-03 22:04:33,368 - mmdet - INFO - Iter [12050/120000]	lr: 1.000e-04, eta: 1 day, 17:35:52, time: 1.091, data_time: 0.012, memory: 37109, loss_mask: 0.0817, loss_texture: 0.0056, iou: 0.7358, iou_t0: 0.7188, iou_t1: 0.8212, iou_t2: 0.8602, iou_t3: 0.7784, iou_t4: 0.7008, iou_t5: 0.6210, loss: 0.0873
2026-05-03 22:05:00,722 - mmdet - INFO - Iter [12075/120000]	lr: 1.000e-04, eta: 1 day, 17:34:12, time: 1.094, data_time: 0.012, memory: 37109, loss_mask: 0.0723, loss_texture: 0.0052, iou: 0.7488, iou_t0: 0.7031, iou_t1: 0.8920, iou_t2: 0.8410, iou_t3: 0.8176, iou_t4: 0.7136, iou_t5: 0.6725, loss: 0.0775
2026-05-03 22:05:28,028 - mmdet - INFO - Iter [12100/120000]	lr: 1.000e-04, eta: 1 day, 17:32:31, time: 1.092, data_time: 0.012, memory: 37109, loss_mask: 0.0842, loss_texture: 0.0058, iou: 0.7380, iou_t0: 0.6912, iou_t1: 0.8002, iou_t2: 0.8318, iou_t3: 0.8302, iou_t4: 0.7594, iou_t5: 0.6898, loss: 0.0900
2026-05-03 22:05:55,460 - mmdet - INFO - Iter [12125/120000]	lr: 1.000e-04, eta: 1 day, 17:30:52, time: 1.097, data_time: 0.013, memory: 37109, loss_mask: 0.1019, loss_texture: 0.0066, iou: 0.7513, iou_t0: 0.7366, iou_t1: 0.8369, iou_t2: 0.8474, iou_t3: 0.7372, iou_t4: 0.7042, iou_t5: 0.6661, loss: 0.1085
2026-05-03 22:06:22,981 - mmdet - INFO - Iter [12150/120000]	lr: 1.000e-04, eta: 1 day, 17:29:15, time: 1.101, data_time: 0.012, memory: 37109, loss_mask: 0.0820, loss_texture: 0.0061, iou: 0.7621, iou_t0: 0.7339, iou_t1: 0.8976, iou_t2: 0.8505, iou_t3: 0.7893, iou_t4: 0.6726, iou_t5: 0.6490, loss: 0.0881
2026-05-03 22:06:50,586 - mmdet - INFO - Iter [12175/120000]	lr: 1.000e-04, eta: 1 day, 17:27:38, time: 1.104, data_time: 0.012, memory: 37109, loss_mask: 0.0760, loss_texture: 0.0057, iou: 0.7359, iou_t0: 0.6933, iou_t1: 0.8634, iou_t2: 0.8353, iou_t3: 0.7684, iou_t4: 0.7438, iou_t5: 0.6868, loss: 0.0817
2026-05-03 22:07:18,099 - mmdet - INFO - Iter [12200/120000]	lr: 1.000e-04, eta: 1 day, 17:26:01, time: 1.101, data_time: 0.012, memory: 37109, loss_mask: 0.0713, loss_texture: 0.0055, iou: 0.7645, iou_t0: 0.7165, iou_t1: 0.9011, iou_t2: 0.8612, iou_t3: 0.8174, iou_t4: 0.7504, iou_t5: 0.6374, loss: 0.0768
2026-05-03 22:07:45,538 - mmdet - INFO - Iter [12225/120000]	lr: 1.000e-04, eta: 1 day, 17:24:23, time: 1.098, data_time: 0.013, memory: 37109, loss_mask: 0.0823, loss_texture: 0.0060, iou: 0.7640, iou_t0: 0.7149, iou_t1: 0.9052, iou_t2: 0.9008, iou_t3: 0.8251, iou_t4: 0.7605, iou_t5: 0.6540, loss: 0.0883
2026-05-03 22:08:12,921 - mmdet - INFO - Iter [12250/120000]	lr: 1.000e-04, eta: 1 day, 17:22:45, time: 1.095, data_time: 0.012, memory: 37109, loss_mask: 0.0797, loss_texture: 0.0055, iou: 0.7423, iou_t0: 0.6990, iou_t1: 0.8933, iou_t2: 0.8091, iou_t3: 0.7841, iou_t4: 0.7696, iou_t5: 0.6457, loss: 0.0852
2026-05-03 22:08:40,459 - mmdet - INFO - Iter [12275/120000]	lr: 1.000e-04, eta: 1 day, 17:21:09, time: 1.102, data_time: 0.013, memory: 37109, loss_mask: 0.0858, loss_texture: 0.0062, iou: 0.7620, iou_t0: 0.7399, iou_t1: 0.9073, iou_t2: 0.8814, iou_t3: 0.7675, iou_t4: 0.7340, iou_t5: 0.6000, loss: 0.0919
2026-05-03 22:09:07,959 - mmdet - INFO - Iter [12300/120000]	lr: 1.000e-04, eta: 1 day, 17:19:33, time: 1.100, data_time: 0.012, memory: 37109, loss_mask: 0.0645, loss_texture: 0.0049, iou: 0.7464, iou_t0: 0.6912, iou_t1: 0.8702, iou_t2: 0.8631, iou_t3: 0.7721, iou_t4: 0.7363, iou_t5: 0.7146, loss: 0.0694
2026-05-03 22:09:35,350 - mmdet - INFO - Iter [12325/120000]	lr: 1.000e-04, eta: 1 day, 17:17:56, time: 1.096, data_time: 0.013, memory: 37109, loss_mask: 0.0804, loss_texture: 0.0058, iou: 0.7124, iou_t0: 0.6439, iou_t1: 0.8663, iou_t2: 0.8195, iou_t3: 0.8043, iou_t4: 0.7252, iou_t5: 0.6595, loss: 0.0863
2026-05-03 22:10:02,588 - mmdet - INFO - Iter [12350/120000]	lr: 1.000e-04, eta: 1 day, 17:16:18, time: 1.089, data_time: 0.012, memory: 37109, loss_mask: 0.0735, loss_texture: 0.0053, iou: 0.7401, iou_t0: 0.6902, iou_t1: 0.8816, iou_t2: 0.8773, iou_t3: 0.8053, iou_t4: 0.7138, iou_t5: 0.6678, loss: 0.0789
2026-05-03 22:10:30,033 - mmdet - INFO - Iter [12375/120000]	lr: 1.000e-04, eta: 1 day, 17:14:42, time: 1.098, data_time: 0.012, memory: 37109, loss_mask: 0.0706, loss_texture: 0.0057, iou: 0.7488, iou_t0: 0.7056, iou_t1: 0.8969, iou_t2: 0.8376, iou_t3: 0.8118, iou_t4: 0.7258, iou_t5: 0.6833, loss: 0.0763
2026-05-03 22:10:57,486 - mmdet - INFO - Iter [12400/120000]	lr: 1.000e-04, eta: 1 day, 17:13:06, time: 1.098, data_time: 0.012, memory: 37109, loss_mask: 0.0871, loss_texture: 0.0058, iou: 0.7575, iou_t0: 0.7312, iou_t1: 0.9138, iou_t2: 0.8217, iou_t3: 0.7634, iou_t4: 0.7497, iou_t5: 0.6689, loss: 0.0930
2026-05-03 22:11:24,864 - mmdet - INFO - Iter [12425/120000]	lr: 1.000e-04, eta: 1 day, 17:11:30, time: 1.095, data_time: 0.013, memory: 37109, loss_mask: 0.0760, loss_texture: 0.0057, iou: 0.7592, iou_t0: 0.7318, iou_t1: 0.8892, iou_t2: 0.8502, iou_t3: 0.7738, iou_t4: 0.7359, iou_t5: 0.6455, loss: 0.0817
2026-05-03 22:11:52,422 - mmdet - INFO - Iter [12450/120000]	lr: 1.000e-04, eta: 1 day, 17:09:56, time: 1.102, data_time: 0.012, memory: 37109, loss_mask: 0.0735, loss_texture: 0.0056, iou: 0.7759, iou_t0: 0.7392, iou_t1: 0.9043, iou_t2: 0.8739, iou_t3: 0.8150, iou_t4: 0.7229, iou_t5: 0.7195, loss: 0.0790
2026-05-03 22:12:19,946 - mmdet - INFO - Iter [12475/120000]	lr: 1.000e-04, eta: 1 day, 17:08:22, time: 1.101, data_time: 0.012, memory: 37109, loss_mask: 0.0814, loss_texture: 0.0061, iou: 0.7598, iou_t0: 0.7282, iou_t1: 0.8724, iou_t2: 0.8423, iou_t3: 0.7999, iou_t4: 0.7649, iou_t5: 0.6750, loss: 0.0875
2026-05-03 22:12:47,346 - mmdet - INFO - 
--- Val evaluation at iter 12500 ---
2026-05-03 22:15:10,085 - mmdet - INFO - 
+------------+-------------+-------------+
| Class      | Val IoU     | Pseudo IoU  |
+------------+-------------+-------------+
| background | 92.18       | 92.68       |
| building   | 67.25       | 69.14       |
| Summary    | mIoU: 79.72 | mIoU: 80.91 |
+------------+-------------+-------------+
Images evaluated: 218
2026-05-03 22:15:11,487 - mmdet - INFO - Iter [12500/120000]	lr: 1.000e-04, eta: 1 day, 17:06:47, time: 1.096, data_time: 0.012, memory: 37109, val/mIoU: 0.7972, val/IoU.building: 0.6725, val/IoU.background: 0.9218, val/Pseudo_mIoU: 0.8091, loss_mask: 0.0736, loss_texture: 0.0055, iou: 0.7475, iou_t0: 0.7037, iou_t1: 0.8700, iou_t2: 0.8458, iou_t3: 0.8193, iou_t4: 0.7274, iou_t5: 0.7256, loss: 0.0790
2026-05-03 22:15:38,896 - mmdet - INFO - Iter [12525/120000]	lr: 1.000e-04, eta: 1 day, 17:25:49, time: 6.862, data_time: 5.779, memory: 37109, loss_mask: 0.0783, loss_texture: 0.0055, iou: 0.7293, iou_t0: 0.6784, iou_t1: 0.8763, iou_t2: 0.8144, iou_t3: 0.7967, iou_t4: 0.6922, iou_t5: 0.6592, loss: 0.0839
2026-05-03 22:16:06,399 - mmdet - INFO - Iter [12550/120000]	lr: 1.000e-04, eta: 1 day, 17:24:13, time: 1.100, data_time: 0.012, memory: 37109, loss_mask: 0.0710, loss_texture: 0.0056, iou: 0.7765, iou_t0: 0.7454, iou_t1: 0.9151, iou_t2: 0.8362, iou_t3: 0.8379, iou_t4: 0.7398, iou_t5: 0.6924, loss: 0.0766
2026-05-03 22:16:33,970 - mmdet - INFO - Iter [12575/120000]	lr: 1.000e-04, eta: 1 day, 17:22:38, time: 1.103, data_time: 0.012, memory: 37109, loss_mask: 0.0840, loss_texture: 0.0066, iou: 0.7522, iou_t0: 0.7134, iou_t1: 0.9098, iou_t2: 0.8776, iou_t3: 0.7765, iou_t4: 0.6763, iou_t5: 0.6761, loss: 0.0906
2026-05-03 22:17:01,320 - mmdet - INFO - Iter [12600/120000]	lr: 1.000e-04, eta: 1 day, 17:21:01, time: 1.094, data_time: 0.012, memory: 37109, loss_mask: 0.0678, loss_texture: 0.0051, iou: 0.7212, iou_t0: 0.6806, iou_t1: 0.8798, iou_t2: 0.8156, iou_t3: 0.7988, iou_t4: 0.6976, iou_t5: 0.6409, loss: 0.0729
2026-05-03 22:17:28,613 - mmdet - INFO - Iter [12625/120000]	lr: 1.000e-04, eta: 1 day, 17:19:23, time: 1.092, data_time: 0.013, memory: 37109, loss_mask: 0.0745, loss_texture: 0.0054, iou: 0.7455, iou_t0: 0.7038, iou_t1: 0.8999, iou_t2: 0.8254, iou_t3: 0.8063, iou_t4: 0.7659, iou_t5: 0.5791, loss: 0.0799
2026-05-03 22:17:55,875 - mmdet - INFO - Iter [12650/120000]	lr: 1.000e-04, eta: 1 day, 17:17:46, time: 1.090, data_time: 0.012, memory: 37109, loss_mask: 0.0648, loss_texture: 0.0050, iou: 0.7451, iou_t0: 0.6895, iou_t1: 0.8984, iou_t2: 0.8804, iou_t3: 0.8164, iou_t4: 0.7135, iou_t5: 0.6585, loss: 0.0698
2026-05-03 22:18:23,325 - mmdet - INFO - Iter [12675/120000]	lr: 1.000e-04, eta: 1 day, 17:16:11, time: 1.098, data_time: 0.012, memory: 37109, loss_mask: 0.0708, loss_texture: 0.0056, iou: 0.7736, iou_t0: 0.7112, iou_t1: 0.9107, iou_t2: 0.8839, iou_t3: 0.8298, iou_t4: 0.7857, iou_t5: 0.6893, loss: 0.0764
2026-05-03 22:18:50,716 - mmdet - INFO - Iter [12700/120000]	lr: 1.000e-04, eta: 1 day, 17:14:35, time: 1.096, data_time: 0.012, memory: 37109, loss_mask: 0.0652, loss_texture: 0.0053, iou: 0.7624, iou_t0: 0.7219, iou_t1: 0.9056, iou_t2: 0.8654, iou_t3: 0.7856, iou_t4: 0.7539, iou_t5: 0.6434, loss: 0.0705
2026-05-03 22:19:18,130 - mmdet - INFO - Iter [12725/120000]	lr: 1.000e-04, eta: 1 day, 17:13:00, time: 1.097, data_time: 0.013, memory: 37109, loss_mask: 0.0623, loss_texture: 0.0048, iou: 0.7357, iou_t0: 0.6750, iou_t1: 0.8392, iou_t2: 0.8662, iou_t3: 0.7767, iou_t4: 0.7338, iou_t5: 0.6283, loss: 0.0671
2026-05-03 22:19:45,471 - mmdet - INFO - Iter [12750/120000]	lr: 1.000e-04, eta: 1 day, 17:11:25, time: 1.094, data_time: 0.012, memory: 37109, loss_mask: 0.0772, loss_texture: 0.0060, iou: 0.7558, iou_t0: 0.7068, iou_t1: 0.9205, iou_t2: 0.8608, iou_t3: 0.7820, iou_t4: 0.7401, iou_t5: 0.6636, loss: 0.0832
2026-05-03 22:20:12,911 - mmdet - INFO - Iter [12775/120000]	lr: 1.000e-04, eta: 1 day, 17:09:50, time: 1.098, data_time: 0.012, memory: 37109, loss_mask: 0.0812, loss_texture: 0.0062, iou: 0.7911, iou_t0: 0.7720, iou_t1: 0.8976, iou_t2: 0.8510, iou_t3: 0.8094, iou_t4: 0.7846, iou_t5: 0.6913, loss: 0.0874
2026-05-03 22:20:40,322 - mmdet - INFO - Iter [12800/120000]	lr: 1.000e-04, eta: 1 day, 17:08:16, time: 1.096, data_time: 0.012, memory: 37109, loss_mask: 0.0699, loss_texture: 0.0055, iou: 0.7483, iou_t0: 0.7093, iou_t1: 0.9033, iou_t2: 0.8748, iou_t3: 0.8217, iou_t4: 0.7078, iou_t5: 0.6338, loss: 0.0753
2026-05-03 22:21:07,676 - mmdet - INFO - Iter [12825/120000]	lr: 1.000e-04, eta: 1 day, 17:06:41, time: 1.094, data_time: 0.013, memory: 37109, loss_mask: 0.0831, loss_texture: 0.0057, iou: 0.7697, iou_t0: 0.7306, iou_t1: 0.8698, iou_t2: 0.9127, iou_t3: 0.8401, iou_t4: 0.7592, iou_t5: 0.6674, loss: 0.0888
2026-05-03 22:21:34,958 - mmdet - INFO - Iter [12850/120000]	lr: 1.000e-04, eta: 1 day, 17:05:06, time: 1.091, data_time: 0.012, memory: 37109, loss_mask: 0.0726, loss_texture: 0.0053, iou: 0.7374, iou_t0: 0.6969, iou_t1: 0.8928, iou_t2: 0.8165, iou_t3: 0.7792, iou_t4: 0.7415, iou_t5: 0.6580, loss: 0.0779
2026-05-03 22:22:02,338 - mmdet - INFO - Iter [12875/120000]	lr: 1.000e-04, eta: 1 day, 17:03:33, time: 1.095, data_time: 0.012, memory: 37109, loss_mask: 0.0767, loss_texture: 0.0056, iou: 0.7696, iou_t0: 0.7502, iou_t1: 0.8280, iou_t2: 0.8829, iou_t3: 0.8298, iou_t4: 0.7419, iou_t5: 0.6414, loss: 0.0823
2026-05-03 22:22:29,828 - mmdet - INFO - Iter [12900/120000]	lr: 1.000e-04, eta: 1 day, 17:02:00, time: 1.100, data_time: 0.012, memory: 37109, loss_mask: 0.0803, loss_texture: 0.0062, iou: 0.7497, iou_t0: 0.7240, iou_t1: 0.8378, iou_t2: 0.7968, iou_t3: 0.8140, iou_t4: 0.7244, iou_t5: 0.6670, loss: 0.0865
2026-05-03 22:22:57,218 - mmdet - INFO - Iter [12925/120000]	lr: 1.000e-04, eta: 1 day, 17:00:27, time: 1.096, data_time: 0.013, memory: 37109, loss_mask: 0.0614, loss_texture: 0.0047, iou: 0.7456, iou_t0: 0.6843, iou_t1: 0.9206, iou_t2: 0.8009, iou_t3: 0.7896, iou_t4: 0.7719, iou_t5: 0.6950, loss: 0.0661
2026-05-03 22:23:24,561 - mmdet - INFO - Iter [12950/120000]	lr: 1.000e-04, eta: 1 day, 16:58:53, time: 1.094, data_time: 0.012, memory: 37109, loss_mask: 0.0759, loss_texture: 0.0055, iou: 0.7129, iou_t0: 0.6648, iou_t1: 0.7917, iou_t2: 0.8515, iou_t3: 0.7716, iou_t4: 0.7535, iou_t5: 0.6499, loss: 0.0814
2026-05-03 22:23:51,994 - mmdet - INFO - Iter [12975/120000]	lr: 1.000e-04, eta: 1 day, 16:57:21, time: 1.097, data_time: 0.012, memory: 37109, loss_mask: 0.0790, loss_texture: 0.0059, iou: 0.7678, iou_t0: 0.7400, iou_t1: 0.8931, iou_t2: 0.8661, iou_t3: 0.8018, iou_t4: 0.7189, iou_t5: 0.6453, loss: 0.0850
2026-05-03 22:24:19,396 - mmdet - INFO - 
--- Val evaluation at iter 13000 ---
2026-05-03 22:26:42,292 - mmdet - INFO - 
+------------+-------------+-------------+
| Class      | Val IoU     | Pseudo IoU  |
+------------+-------------+-------------+
| background | 92.19       | 92.68       |
| building   | 67.29       | 69.14       |
| Summary    | mIoU: 79.74 | mIoU: 80.91 |
+------------+-------------+-------------+
Images evaluated: 218
2026-05-03 22:26:43,686 - mmdet - INFO - Exp name: exp8_all.py
2026-05-03 22:26:43,686 - mmdet - INFO - Iter [13000/120000]	lr: 1.000e-04, eta: 1 day, 16:55:49, time: 1.096, data_time: 0.012, memory: 37109, val/mIoU: 0.7974, val/IoU.building: 0.6729, val/IoU.background: 0.9219, val/Pseudo_mIoU: 0.8091, loss_mask: 0.0762, loss_texture: 0.0057, iou: 0.7671, iou_t0: 0.7457, iou_t1: 0.8471, iou_t2: 0.8747, iou_t3: 0.7382, iou_t4: 0.7565, iou_t5: 0.6629, loss: 0.0819
2026-05-03 22:27:10,986 - mmdet - INFO - Iter [13025/120000]	lr: 1.000e-04, eta: 1 day, 17:14:01, time: 6.864, data_time: 5.785, memory: 37109, loss_mask: 0.0678, loss_texture: 0.0050, iou: 0.7654, iou_t0: 0.7354, iou_t1: 0.8858, iou_t2: 0.8569, iou_t3: 0.7924, iou_t4: 0.7637, iou_t5: 0.6874, loss: 0.0728
2026-05-03 22:27:38,257 - mmdet - INFO - Iter [13050/120000]	lr: 1.000e-04, eta: 1 day, 17:12:25, time: 1.091, data_time: 0.012, memory: 37109, loss_mask: 0.0797, loss_texture: 0.0058, iou: 0.7626, iou_t0: 0.7443, iou_t1: 0.8642, iou_t2: 0.8579, iou_t3: 0.7877, iou_t4: 0.7570, iou_t5: 0.6423, loss: 0.0855
2026-05-03 22:28:05,622 - mmdet - INFO - Iter [13075/120000]	lr: 1.000e-04, eta: 1 day, 17:10:51, time: 1.095, data_time: 0.012, memory: 37109, loss_mask: 0.0849, loss_texture: 0.0062, iou: 0.7348, iou_t0: 0.7148, iou_t1: 0.8756, iou_t2: 0.8145, iou_t3: 0.7920, iou_t4: 0.7029, iou_t5: 0.6395, loss: 0.0910
2026-05-03 22:28:33,013 - mmdet - INFO - Iter [13100/120000]	lr: 1.000e-04, eta: 1 day, 17:09:17, time: 1.096, data_time: 0.012, memory: 37109, loss_mask: 0.0758, loss_texture: 0.0057, iou: 0.7511, iou_t0: 0.7204, iou_t1: 0.9203, iou_t2: 0.8428, iou_t3: 0.7966, iou_t4: 0.6698, iou_t5: 0.6289, loss: 0.0816
2026-05-03 22:29:00,388 - mmdet - INFO - Iter [13125/120000]	lr: 1.000e-04, eta: 1 day, 17:07:43, time: 1.095, data_time: 0.013, memory: 37109, loss_mask: 0.0697, loss_texture: 0.0054, iou: 0.7425, iou_t0: 0.7051, iou_t1: 0.9082, iou_t2: 0.8486, iou_t3: 0.8274, iou_t4: 0.7319, iou_t5: 0.6308, loss: 0.0751
2026-05-03 22:29:27,828 - mmdet - INFO - Iter [13150/120000]	lr: 1.000e-04, eta: 1 day, 17:06:10, time: 1.098, data_time: 0.012, memory: 37109, loss_mask: 0.0657, loss_texture: 0.0051, iou: 0.7775, iou_t0: 0.7349, iou_t1: 0.8849, iou_t2: 0.8533, iou_t3: 0.8237, iou_t4: 0.7647, iou_t5: 0.7048, loss: 0.0708
2026-05-03 22:29:55,150 - mmdet - INFO - Iter [13175/120000]	lr: 1.000e-04, eta: 1 day, 17:04:36, time: 1.093, data_time: 0.012, memory: 37109, loss_mask: 0.0792, loss_texture: 0.0055, iou: 0.7458, iou_t0: 0.7143, iou_t1: 0.8539, iou_t2: 0.8288, iou_t3: 0.7706, iou_t4: 0.7156, iou_t5: 0.6658, loss: 0.0847
2026-05-03 22:30:22,694 - mmdet - INFO - Iter [13200/120000]	lr: 1.000e-04, eta: 1 day, 17:03:04, time: 1.102, data_time: 0.012, memory: 37109, loss_mask: 0.0828, loss_texture: 0.0064, iou: 0.7567, iou_t0: 0.7351, iou_t1: 0.8870, iou_t2: 0.8425, iou_t3: 0.7810, iou_t4: 0.7478, iou_t5: 0.6445, loss: 0.0892
2026-05-03 22:30:50,107 - mmdet - INFO - Iter [13225/120000]	lr: 1.000e-04, eta: 1 day, 17:01:32, time: 1.097, data_time: 0.013, memory: 37109, loss_mask: 0.0774, loss_texture: 0.0058, iou: 0.7452, iou_t0: 0.6838, iou_t1: 0.9157, iou_t2: 0.8618, iou_t3: 0.8069, iou_t4: 0.7682, iou_t5: 0.6725, loss: 0.0831
2026-05-03 22:31:17,442 - mmdet - INFO - Iter [13250/120000]	lr: 1.000e-04, eta: 1 day, 16:59:59, time: 1.093, data_time: 0.012, memory: 37109, loss_mask: 0.0793, loss_texture: 0.0056, iou: 0.7483, iou_t0: 0.7138, iou_t1: 0.9000, iou_t2: 0.8161, iou_t3: 0.7348, iou_t4: 0.7594, iou_t5: 0.6670, loss: 0.0849
2026-05-03 22:31:44,805 - mmdet - INFO - Iter [13275/120000]	lr: 1.000e-04, eta: 1 day, 16:58:26, time: 1.094, data_time: 0.012, memory: 37109, loss_mask: 0.0725, loss_texture: 0.0053, iou: 0.7352, iou_t0: 0.6845, iou_t1: 0.9074, iou_t2: 0.8605, iou_t3: 0.8217, iou_t4: 0.6938, iou_t5: 0.6275, loss: 0.0778
2026-05-03 22:32:12,216 - mmdet - INFO - Iter [13300/120000]	lr: 1.000e-04, eta: 1 day, 16:56:54, time: 1.096, data_time: 0.012, memory: 37109, loss_mask: 0.0945, loss_texture: 0.0059, iou: 0.7351, iou_t0: 0.7352, iou_t1: 0.8139, iou_t2: 0.8468, iou_t3: 0.7754, iou_t4: 0.6872, iou_t5: 0.5598, loss: 0.1004
2026-05-03 22:32:39,724 - mmdet - INFO - Iter [13325/120000]	lr: 1.000e-04, eta: 1 day, 16:55:23, time: 1.100, data_time: 0.013, memory: 37109, loss_mask: 0.0933, loss_texture: 0.0062, iou: 0.7344, iou_t0: 0.7261, iou_t1: 0.8676, iou_t2: 0.8284, iou_t3: 0.7738, iou_t4: 0.6884, iou_t5: 0.5544, loss: 0.0995
2026-05-03 22:33:07,031 - mmdet - INFO - Iter [13350/120000]	lr: 1.000e-04, eta: 1 day, 16:53:51, time: 1.092, data_time: 0.012, memory: 37109, loss_mask: 0.0808, loss_texture: 0.0058, iou: 0.7418, iou_t0: 0.7145, iou_t1: 0.8343, iou_t2: 0.8434, iou_t3: 0.7930, iou_t4: 0.7090, iou_t5: 0.6480, loss: 0.0867
2026-05-03 22:33:34,287 - mmdet - INFO - Iter [13375/120000]	lr: 1.000e-04, eta: 1 day, 16:52:19, time: 1.090, data_time: 0.012, memory: 37109, loss_mask: 0.0814, loss_texture: 0.0053, iou: 0.7418, iou_t0: 0.7220, iou_t1: 0.9170, iou_t2: 0.8563, iou_t3: 0.7822, iou_t4: 0.6236, iou_t5: 0.5825, loss: 0.0867
2026-05-03 22:34:01,559 - mmdet - INFO - Iter [13400/120000]	lr: 1.000e-04, eta: 1 day, 16:50:47, time: 1.091, data_time: 0.012, memory: 37109, loss_mask: 0.0743, loss_texture: 0.0052, iou: 0.7341, iou_t0: 0.7102, iou_t1: 0.8525, iou_t2: 0.8357, iou_t3: 0.7418, iou_t4: 0.7327, iou_t5: 0.6193, loss: 0.0795
2026-05-03 22:34:29,122 - mmdet - INFO - Iter [13425/120000]	lr: 1.000e-04, eta: 1 day, 16:49:17, time: 1.103, data_time: 0.013, memory: 37109, loss_mask: 0.0814, loss_texture: 0.0062, iou: 0.7760, iou_t0: 0.7554, iou_t1: 0.8887, iou_t2: 0.8607, iou_t3: 0.8051, iou_t4: 0.7465, iou_t5: 0.6883, loss: 0.0875
2026-05-03 22:34:56,641 - mmdet - INFO - Iter [13450/120000]	lr: 1.000e-04, eta: 1 day, 16:47:48, time: 1.101, data_time: 0.012, memory: 37109, loss_mask: 0.0749, loss_texture: 0.0058, iou: 0.7764, iou_t0: 0.7350, iou_t1: 0.8658, iou_t2: 0.8678, iou_t3: 0.7911, iou_t4: 0.7504, iou_t5: 0.7004, loss: 0.0806
2026-05-03 22:35:24,140 - mmdet - INFO - Iter [13475/120000]	lr: 1.000e-04, eta: 1 day, 16:46:18, time: 1.100, data_time: 0.012, memory: 37109, loss_mask: 0.0753, loss_texture: 0.0053, iou: 0.7376, iou_t0: 0.6910, iou_t1: 0.9143, iou_t2: 0.8482, iou_t3: 0.7940, iou_t4: 0.7205, iou_t5: 0.6238, loss: 0.0806
2026-05-03 22:35:51,651 - mmdet - INFO - 
--- Val evaluation at iter 13500 ---
2026-05-03 22:38:15,149 - mmdet - INFO - 
+------------+-------------+-------------+
| Class      | Val IoU     | Pseudo IoU  |
+------------+-------------+-------------+
| background | 92.18       | 92.68       |
| building   | 67.24       | 69.14       |
| Summary    | mIoU: 79.71 | mIoU: 80.91 |
+------------+-------------+-------------+
Images evaluated: 218
2026-05-03 22:38:16,532 - mmdet - INFO - Iter [13500/120000]	lr: 1.000e-04, eta: 1 day, 16:44:49, time: 1.100, data_time: 0.012, memory: 37109, val/mIoU: 0.7971, val/IoU.building: 0.6724, val/IoU.background: 0.9218, val/Pseudo_mIoU: 0.8091, loss_mask: 0.0777, loss_texture: 0.0059, iou: 0.7612, iou_t0: 0.7285, iou_t1: 0.9071, iou_t2: 0.8542, iou_t3: 0.7878, iou_t4: 0.7612, iou_t5: 0.6623, loss: 0.0836
2026-05-03 22:38:43,909 - mmdet - INFO - Iter [13525/120000]	lr: 1.000e-04, eta: 1 day, 17:02:20, time: 6.890, data_time: 5.808, memory: 37109, loss_mask: 0.0788, loss_texture: 0.0057, iou: 0.7502, iou_t0: 0.6992, iou_t1: 0.9048, iou_t2: 0.8659, iou_t3: 0.8261, iou_t4: 0.7346, iou_t5: 0.6424, loss: 0.0846
2026-05-03 22:39:11,365 - mmdet - INFO - Iter [13550/120000]	lr: 1.000e-04, eta: 1 day, 17:00:48, time: 1.098, data_time: 0.012, memory: 37109, loss_mask: 0.0726, loss_texture: 0.0056, iou: 0.7311, iou_t0: 0.6757, iou_t1: 0.8176, iou_t2: 0.8198, iou_t3: 0.8178, iou_t4: 0.7146, iou_t5: 0.6849, loss: 0.0782
2026-05-03 22:39:39,012 - mmdet - INFO - Iter [13575/120000]	lr: 1.000e-04, eta: 1 day, 16:59:19, time: 1.106, data_time: 0.012, memory: 37109, loss_mask: 0.0730, loss_texture: 0.0057, iou: 0.7495, iou_t0: 0.7108, iou_t1: 0.8950, iou_t2: 0.9073, iou_t3: 0.7883, iou_t4: 0.7194, iou_t5: 0.6462, loss: 0.0787
2026-05-03 22:40:06,583 - mmdet - INFO - Iter [13600/120000]	lr: 1.000e-04, eta: 1 day, 16:57:48, time: 1.103, data_time: 0.012, memory: 37109, loss_mask: 0.0791, loss_texture: 0.0062, iou: 0.7323, iou_t0: 0.6802, iou_t1: 0.9035, iou_t2: 0.8592, iou_t3: 0.7081, iou_t4: 0.7350, iou_t5: 0.6568, loss: 0.0852
2026-05-03 22:40:34,068 - mmdet - INFO - Iter [13625/120000]	lr: 1.000e-04, eta: 1 day, 16:56:18, time: 1.099, data_time: 0.013, memory: 37109, loss_mask: 0.0689, loss_texture: 0.0054, iou: 0.7550, iou_t0: 0.7014, iou_t1: 0.8553, iou_t2: 0.8801, iou_t3: 0.7789, iou_t4: 0.7325, iou_t5: 0.6665, loss: 0.0743
2026-05-03 22:41:01,777 - mmdet - INFO - Iter [13650/120000]	lr: 1.000e-04, eta: 1 day, 16:54:49, time: 1.108, data_time: 0.012, memory: 37109, loss_mask: 0.0949, loss_texture: 0.0067, iou: 0.7762, iou_t0: 0.7399, iou_t1: 0.9112, iou_t2: 0.8771, iou_t3: 0.8119, iou_t4: 0.7271, iou_t5: 0.6872, loss: 0.1016
2026-05-03 22:41:29,266 - mmdet - INFO - Iter [13675/120000]	lr: 1.000e-04, eta: 1 day, 16:53:19, time: 1.100, data_time: 0.012, memory: 37109, loss_mask: 0.0801, loss_texture: 0.0057, iou: 0.7561, iou_t0: 0.7345, iou_t1: 0.8713, iou_t2: 0.8605, iou_t3: 0.7623, iou_t4: 0.7407, iou_t5: 0.6263, loss: 0.0859
2026-05-03 22:41:56,636 - mmdet - INFO - Iter [13700/120000]	lr: 1.000e-04, eta: 1 day, 16:51:48, time: 1.095, data_time: 0.012, memory: 37109, loss_mask: 0.0816, loss_texture: 0.0059, iou: 0.7495, iou_t0: 0.7099, iou_t1: 0.8747, iou_t2: 0.8492, iou_t3: 0.7904, iou_t4: 0.7745, iou_t5: 0.5945, loss: 0.0875
2026-05-03 22:42:24,205 - mmdet - INFO - Iter [13725/120000]	lr: 1.000e-04, eta: 1 day, 16:50:19, time: 1.103, data_time: 0.013, memory: 37109, loss_mask: 0.0887, loss_texture: 0.0064, iou: 0.7374, iou_t0: 0.7045, iou_t1: 0.8371, iou_t2: 0.8188, iou_t3: 0.8003, iou_t4: 0.7022, iou_t5: 0.6514, loss: 0.0950
2026-05-03 22:42:51,705 - mmdet - INFO - Iter [13750/120000]	lr: 1.000e-04, eta: 1 day, 16:48:50, time: 1.100, data_time: 0.012, memory: 37109, loss_mask: 0.0707, loss_texture: 0.0052, iou: 0.7388, iou_t0: 0.6958, iou_t1: 0.8195, iou_t2: 0.8685, iou_t3: 0.7538, iou_t4: 0.7360, iou_t5: 0.6553, loss: 0.0759
2026-05-03 22:43:19,245 - mmdet - INFO - Iter [13775/120000]	lr: 1.000e-04, eta: 1 day, 16:47:21, time: 1.102, data_time: 0.012, memory: 37109, loss_mask: 0.0655, loss_texture: 0.0054, iou: 0.7683, iou_t0: 0.7203, iou_t1: 0.9018, iou_t2: 0.8655, iou_t3: 0.8186, iou_t4: 0.7370, iou_t5: 0.6872, loss: 0.0709
2026-05-03 22:43:46,600 - mmdet - INFO - Iter [13800/120000]	lr: 1.000e-04, eta: 1 day, 16:45:51, time: 1.094, data_time: 0.012, memory: 37109, loss_mask: 0.0615, loss_texture: 0.0049, iou: 0.7752, iou_t0: 0.7401, iou_t1: 0.8719, iou_t2: 0.8766, iou_t3: 0.8239, iou_t4: 0.7578, iou_t5: 0.6876, loss: 0.0664
2026-05-03 22:44:14,019 - mmdet - INFO - Iter [13825/120000]	lr: 1.000e-04, eta: 1 day, 16:44:22, time: 1.097, data_time: 0.013, memory: 37109, loss_mask: 0.0761, loss_texture: 0.0056, iou: 0.7221, iou_t0: 0.6553, iou_t1: 0.8523, iou_t2: 0.8429, iou_t3: 0.7980, iou_t4: 0.7278, iou_t5: 0.6509, loss: 0.0817
2026-05-03 22:44:41,519 - mmdet - INFO - Iter [13850/120000]	lr: 1.000e-04, eta: 1 day, 16:42:53, time: 1.100, data_time: 0.012, memory: 37109, loss_mask: 0.0753, loss_texture: 0.0057, iou: 0.7658, iou_t0: 0.7351, iou_t1: 0.9380, iou_t2: 0.8093, iou_t3: 0.7982, iou_t4: 0.7537, iou_t5: 0.6609, loss: 0.0810
2026-05-03 22:45:08,802 - mmdet - INFO - Iter [13875/120000]	lr: 1.000e-04, eta: 1 day, 16:41:24, time: 1.091, data_time: 0.012, memory: 37109, loss_mask: 0.0781, loss_texture: 0.0052, iou: 0.7306, iou_t0: 0.6656, iou_t1: 0.9055, iou_t2: 0.7436, iou_t3: 0.7987, iou_t4: 0.7770, iou_t5: 0.6626, loss: 0.0833
2026-05-03 22:45:36,091 - mmdet - INFO - Iter [13900/120000]	lr: 1.000e-04, eta: 1 day, 16:39:54, time: 1.092, data_time: 0.012, memory: 37109, loss_mask: 0.0739, loss_texture: 0.0053, iou: 0.7272, iou_t0: 0.6797, iou_t1: 0.8877, iou_t2: 0.8239, iou_t3: 0.7443, iou_t4: 0.7455, iou_t5: 0.6763, loss: 0.0792
2026-05-03 22:46:03,259 - mmdet - INFO - Iter [13925/120000]	lr: 1.000e-04, eta: 1 day, 16:38:24, time: 1.087, data_time: 0.013, memory: 37109, loss_mask: 0.0719, loss_texture: 0.0052, iou: 0.7455, iou_t0: 0.7093, iou_t1: 0.8531, iou_t2: 0.8270, iou_t3: 0.8358, iou_t4: 0.7500, iou_t5: 0.6144, loss: 0.0771
2026-05-03 22:46:30,714 - mmdet - INFO - Iter [13950/120000]	lr: 1.000e-04, eta: 1 day, 16:36:56, time: 1.098, data_time: 0.012, memory: 37109, loss_mask: 0.0746, loss_texture: 0.0056, iou: 0.7580, iou_t0: 0.7384, iou_t1: 0.8954, iou_t2: 0.8889, iou_t3: 0.7533, iou_t4: 0.7284, iou_t5: 0.6422, loss: 0.0802
2026-05-03 22:46:58,361 - mmdet - INFO - Iter [13975/120000]	lr: 1.000e-04, eta: 1 day, 16:35:30, time: 1.106, data_time: 0.012, memory: 37109, loss_mask: 0.0695, loss_texture: 0.0054, iou: 0.7721, iou_t0: 0.7402, iou_t1: 0.8884, iou_t2: 0.8738, iou_t3: 0.8151, iou_t4: 0.7189, iou_t5: 0.6605, loss: 0.0749
2026-05-03 22:47:25,876 - mmdet - INFO - 
--- Val evaluation at iter 14000 ---
2026-05-03 22:49:49,284 - mmdet - INFO - 
+------------+-------------+-------------+
| Class      | Val IoU     | Pseudo IoU  |
+------------+-------------+-------------+
| background | 92.18       | 92.68       |
| building   | 67.31       | 69.14       |
| Summary    | mIoU: 79.74 | mIoU: 80.91 |
+------------+-------------+-------------+
Images evaluated: 218
2026-05-03 22:49:50,675 - mmdet - INFO - Exp name: exp8_all.py
2026-05-03 22:49:50,675 - mmdet - INFO - Iter [14000/120000]	lr: 1.000e-04, eta: 1 day, 16:34:03, time: 1.101, data_time: 0.012, memory: 37109, val/mIoU: 0.7974, val/IoU.building: 0.6731, val/IoU.background: 0.9218, val/Pseudo_mIoU: 0.8091, loss_mask: 0.0790, loss_texture: 0.0059, iou: 0.7640, iou_t0: 0.7198, iou_t1: 0.9064, iou_t2: 0.8569, iou_t3: 0.7879, iou_t4: 0.7732, iou_t5: 0.6708, loss: 0.0848
2026-05-03 22:50:18,152 - mmdet - INFO - Iter [14025/120000]	lr: 1.000e-04, eta: 1 day, 16:50:50, time: 6.891, data_time: 5.805, memory: 37109, loss_mask: 0.0705, loss_texture: 0.0054, iou: 0.7620, iou_t0: 0.7196, iou_t1: 0.9235, iou_t2: 0.8608, iou_t3: 0.7857, iou_t4: 0.7250, iou_t5: 0.6918, loss: 0.0759
2026-05-03 22:50:45,600 - mmdet - INFO - Iter [14050/120000]	lr: 1.000e-04, eta: 1 day, 16:49:20, time: 1.098, data_time: 0.012, memory: 37109, loss_mask: 0.0666, loss_texture: 0.0050, iou: 0.7276, iou_t0: 0.6739, iou_t1: 0.9276, iou_t2: 0.7651, iou_t3: 0.7549, iou_t4: 0.7396, iou_t5: 0.6498, loss: 0.0716
2026-05-03 22:51:13,159 - mmdet - INFO - Iter [14075/120000]	lr: 1.000e-04, eta: 1 day, 16:47:52, time: 1.102, data_time: 0.013, memory: 37109, loss_mask: 0.0765, loss_texture: 0.0059, iou: 0.7604, iou_t0: 0.7232, iou_t1: 0.9150, iou_t2: 0.8561, iou_t3: 0.8301, iou_t4: 0.7150, iou_t5: 0.6350, loss: 0.0823
2026-05-03 22:51:40,615 - mmdet - INFO - Iter [14100/120000]	lr: 1.000e-04, eta: 1 day, 16:46:23, time: 1.098, data_time: 0.012, memory: 37109, loss_mask: 0.0822, loss_texture: 0.0061, iou: 0.7647, iou_t0: 0.7598, iou_t1: 0.8627, iou_t2: 0.8420, iou_t3: 0.7871, iou_t4: 0.6710, iou_t5: 0.6763, loss: 0.0883
2026-05-03 22:52:07,952 - mmdet - INFO - Iter [14125/120000]	lr: 1.000e-04, eta: 1 day, 16:44:54, time: 1.093, data_time: 0.013, memory: 37109, loss_mask: 0.0687, loss_texture: 0.0053, iou: 0.7602, iou_t0: 0.7340, iou_t1: 0.9186, iou_t2: 0.8487, iou_t3: 0.8205, iou_t4: 0.7407, iou_t5: 0.6289, loss: 0.0740
2026-05-03 22:52:35,342 - mmdet - INFO - Iter [14150/120000]	lr: 1.000e-04, eta: 1 day, 16:43:25, time: 1.096, data_time: 0.012, memory: 37109, loss_mask: 0.0660, loss_texture: 0.0051, iou: 0.7605, iou_t0: 0.7099, iou_t1: 0.8579, iou_t2: 0.8619, iou_t3: 0.8316, iou_t4: 0.7462, iou_t5: 0.7254, loss: 0.0711
2026-05-03 22:53:02,682 - mmdet - INFO - Iter [14175/120000]	lr: 1.000e-04, eta: 1 day, 16:41:56, time: 1.094, data_time: 0.012, memory: 37109, loss_mask: 0.0784, loss_texture: 0.0057, iou: 0.7689, iou_t0: 0.7414, iou_t1: 0.8894, iou_t2: 0.8955, iou_t3: 0.7888, iou_t4: 0.7199, iou_t5: 0.6285, loss: 0.0842
2026-05-03 22:53:30,217 - mmdet - INFO - Iter [14200/120000]	lr: 1.000e-04, eta: 1 day, 16:40:28, time: 1.101, data_time: 0.012, memory: 37109, loss_mask: 0.0825, loss_texture: 0.0062, iou: 0.7529, iou_t0: 0.7086, iou_t1: 0.9118, iou_t2: 0.8428, iou_t3: 0.7676, iou_t4: 0.7662, iou_t5: 0.6987, loss: 0.0887
2026-05-03 22:53:57,771 - mmdet - INFO - Iter [14225/120000]	lr: 1.000e-04, eta: 1 day, 16:39:01, time: 1.102, data_time: 0.013, memory: 37109, loss_mask: 0.0640, loss_texture: 0.0049, iou: 0.7234, iou_t0: 0.6652, iou_t1: 0.8632, iou_t2: 0.8785, iou_t3: 0.7871, iou_t4: 0.7679, iou_t5: 0.5836, loss: 0.0689
2026-05-03 22:54:25,256 - mmdet - INFO - Iter [14250/120000]	lr: 1.000e-04, eta: 1 day, 16:37:34, time: 1.099, data_time: 0.012, memory: 37109, loss_mask: 0.0669, loss_texture: 0.0055, iou: 0.7618, iou_t0: 0.7200, iou_t1: 0.8886, iou_t2: 0.8396, iou_t3: 0.7919, iou_t4: 0.7757, iou_t5: 0.5794, loss: 0.0723
2026-05-03 22:54:52,817 - mmdet - INFO - Iter [14275/120000]	lr: 1.000e-04, eta: 1 day, 16:36:08, time: 1.102, data_time: 0.012, memory: 37109, loss_mask: 0.0779, loss_texture: 0.0060, iou: 0.7576, iou_t0: 0.7123, iou_t1: 0.8916, iou_t2: 0.8062, iou_t3: 0.8313, iou_t4: 0.7283, iou_t5: 0.6919, loss: 0.0839
2026-05-03 22:55:20,298 - mmdet - INFO - Iter [14300/120000]	lr: 1.000e-04, eta: 1 day, 16:34:41, time: 1.099, data_time: 0.012, memory: 37109, loss_mask: 0.0992, loss_texture: 0.0068, iou: 0.7453, iou_t0: 0.7206, iou_t1: 0.8611, iou_t2: 0.8911, iou_t3: 0.8144, iou_t4: 0.7369, iou_t5: 0.6235, loss: 0.1060
2026-05-03 22:55:47,928 - mmdet - INFO - Iter [14325/120000]	lr: 1.000e-04, eta: 1 day, 16:33:15, time: 1.105, data_time: 0.013, memory: 37109, loss_mask: 0.0707, loss_texture: 0.0055, iou: 0.7399, iou_t0: 0.7104, iou_t1: 0.8743, iou_t2: 0.8565, iou_t3: 0.7516, iou_t4: 0.7528, iou_t5: 0.6116, loss: 0.0762
2026-05-03 22:56:15,331 - mmdet - INFO - Iter [14350/120000]	lr: 1.000e-04, eta: 1 day, 16:31:48, time: 1.096, data_time: 0.012, memory: 37109, loss_mask: 0.0645, loss_texture: 0.0047, iou: 0.7195, iou_t0: 0.6514, iou_t1: 0.8393, iou_t2: 0.8452, iou_t3: 0.8319, iou_t4: 0.7510, iou_t5: 0.6581, loss: 0.0692
2026-05-03 22:56:42,798 - mmdet - INFO - Iter [14375/120000]	lr: 1.000e-04, eta: 1 day, 16:30:22, time: 1.099, data_time: 0.012, memory: 37109, loss_mask: 0.0697, loss_texture: 0.0050, iou: 0.7392, iou_t0: 0.6761, iou_t1: 0.9122, iou_t2: 0.8695, iou_t3: 0.8055, iou_t4: 0.7274, iou_t5: 0.6563, loss: 0.0748
2026-05-03 22:57:10,353 - mmdet - INFO - Iter [14400/120000]	lr: 1.000e-04, eta: 1 day, 16:28:56, time: 1.102, data_time: 0.012, memory: 37109, loss_mask: 0.0704, loss_texture: 0.0052, iou: 0.7291, iou_t0: 0.6755, iou_t1: 0.8669, iou_t2: 0.8173, iou_t3: 0.7951, iou_t4: 0.7320, iou_t5: 0.6295, loss: 0.0757
2026-05-03 22:57:37,824 - mmdet - INFO - Iter [14425/120000]	lr: 1.000e-04, eta: 1 day, 16:27:30, time: 1.099, data_time: 0.013, memory: 37109, loss_mask: 0.0751, loss_texture: 0.0057, iou: 0.7757, iou_t0: 0.7576, iou_t1: 0.8594, iou_t2: 0.8356, iou_t3: 0.7968, iou_t4: 0.7676, iou_t5: 0.6929, loss: 0.0808
2026-05-03 22:58:05,270 - mmdet - INFO - Iter [14450/120000]	lr: 1.000e-04, eta: 1 day, 16:26:04, time: 1.098, data_time: 0.012, memory: 37109, loss_mask: 0.0656, loss_texture: 0.0054, iou: 0.7684, iou_t0: 0.7300, iou_t1: 0.9255, iou_t2: 0.8587, iou_t3: 0.8309, iou_t4: 0.7528, iou_t5: 0.6358, loss: 0.0710
2026-05-03 22:58:32,618 - mmdet - INFO - Iter [14475/120000]	lr: 1.000e-04, eta: 1 day, 16:24:38, time: 1.094, data_time: 0.012, memory: 37109, loss_mask: 0.0683, loss_texture: 0.0053, iou: 0.7402, iou_t0: 0.6824, iou_t1: 0.8910, iou_t2: 0.8387, iou_t3: 0.7989, iou_t4: 0.7499, iou_t5: 0.6569, loss: 0.0736
2026-05-03 22:58:59,945 - mmdet - INFO - 
--- Val evaluation at iter 14500 ---
2026-05-03 23:01:23,574 - mmdet - INFO - 
+------------+-------------+-------------+
| Class      | Val IoU     | Pseudo IoU  |
+------------+-------------+-------------+
| background | 92.17       | 92.68       |
| building   | 67.25       | 69.14       |
| Summary    | mIoU: 79.71 | mIoU: 80.91 |
+------------+-------------+-------------+
Images evaluated: 218
2026-05-03 23:01:25,013 - mmdet - INFO - Iter [14500/120000]	lr: 1.000e-04, eta: 1 day, 16:23:11, time: 1.093, data_time: 0.012, memory: 37109, val/mIoU: 0.7971, val/IoU.building: 0.6725, val/IoU.background: 0.9217, val/Pseudo_mIoU: 0.8091, loss_mask: 0.0713, loss_texture: 0.0054, iou: 0.7598, iou_t0: 0.7382, iou_t1: 0.7979, iou_t2: 0.8816, iou_t3: 0.8000, iou_t4: 0.7477, iou_t5: 0.6769, loss: 0.0766
2026-05-03 23:01:52,480 - mmdet - INFO - Iter [14525/120000]	lr: 1.000e-04, eta: 1 day, 16:39:20, time: 6.901, data_time: 5.816, memory: 37109, loss_mask: 0.0556, loss_texture: 0.0045, iou: 0.7511, iou_t0: 0.6867, iou_t1: 0.9119, iou_t2: 0.8282, iou_t3: 0.8391, iou_t4: 0.7563, iou_t5: 0.6387, loss: 0.0601
2026-05-03 23:02:19,952 - mmdet - INFO - Iter [14550/120000]	lr: 1.000e-04, eta: 1 day, 16:37:53, time: 1.099, data_time: 0.012, memory: 37109, loss_mask: 0.0740, loss_texture: 0.0056, iou: 0.7256, iou_t0: 0.6717, iou_t1: 0.8834, iou_t2: 0.8058, iou_t3: 0.8086, iou_t4: 0.7402, iou_t5: 0.6330, loss: 0.0796
2026-05-03 23:02:47,497 - mmdet - INFO - Iter [14575/120000]	lr: 1.000e-04, eta: 1 day, 16:36:26, time: 1.102, data_time: 0.012, memory: 37109, loss_mask: 0.0730, loss_texture: 0.0054, iou: 0.7497, iou_t0: 0.7073, iou_t1: 0.8833, iou_t2: 0.8900, iou_t3: 0.7904, iou_t4: 0.7063, iou_t5: 0.6380, loss: 0.0783
2026-05-03 23:03:14,996 - mmdet - INFO - Iter [14600/120000]	lr: 1.000e-04, eta: 1 day, 16:35:00, time: 1.100, data_time: 0.012, memory: 37109, loss_mask: 0.0690, loss_texture: 0.0054, iou: 0.7273, iou_t0: 0.6892, iou_t1: 0.8710, iou_t2: 0.7782, iou_t3: 0.7495, iou_t4: 0.7342, iou_t5: 0.6640, loss: 0.0744
2026-05-03 23:03:42,618 - mmdet - INFO - Iter [14625/120000]	lr: 1.000e-04, eta: 1 day, 16:33:35, time: 1.105, data_time: 0.013, memory: 37109, loss_mask: 0.0761, loss_texture: 0.0061, iou: 0.7279, iou_t0: 0.6749, iou_t1: 0.8809, iou_t2: 0.8571, iou_t3: 0.8063, iou_t4: 0.6870, iou_t5: 0.6191, loss: 0.0822
2026-05-03 23:04:10,206 - mmdet - INFO - Iter [14650/120000]	lr: 1.000e-04, eta: 1 day, 16:32:09, time: 1.104, data_time: 0.012, memory: 37109, loss_mask: 0.0784, loss_texture: 0.0060, iou: 0.7692, iou_t0: 0.7302, iou_t1: 0.9236, iou_t2: 0.8366, iou_t3: 0.8036, iou_t4: 0.7650, iou_t5: 0.6605, loss: 0.0844
2026-05-03 23:04:37,871 - mmdet - INFO - Iter [14675/120000]	lr: 1.000e-04, eta: 1 day, 16:30:45, time: 1.107, data_time: 0.012, memory: 37109, loss_mask: 0.0666, loss_texture: 0.0055, iou: 0.7842, iou_t0: 0.7363, iou_t1: 0.9105, iou_t2: 0.9034, iou_t3: 0.8342, iou_t4: 0.7820, iou_t5: 0.6790, loss: 0.0721
2026-05-03 23:05:05,532 - mmdet - INFO - Iter [14700/120000]	lr: 1.000e-04, eta: 1 day, 16:29:20, time: 1.106, data_time: 0.012, memory: 37109, loss_mask: 0.0700, loss_texture: 0.0056, iou: 0.7350, iou_t0: 0.6758, iou_t1: 0.8828, iou_t2: 0.8762, iou_t3: 0.7603, iou_t4: 0.7649, iou_t5: 0.6489, loss: 0.0755
2026-05-03 23:05:32,892 - mmdet - INFO - Iter [14725/120000]	lr: 1.000e-04, eta: 1 day, 16:27:54, time: 1.094, data_time: 0.013, memory: 37109, loss_mask: 0.0773, loss_texture: 0.0058, iou: 0.7759, iou_t0: 0.7350, iou_t1: 0.8967, iou_t2: 0.8798, iou_t3: 0.8438, iou_t4: 0.7113, iou_t5: 0.7095, loss: 0.0830
2026-05-03 23:06:00,231 - mmdet - INFO - Iter [14750/120000]	lr: 1.000e-04, eta: 1 day, 16:26:27, time: 1.094, data_time: 0.012, memory: 37109, loss_mask: 0.0817, loss_texture: 0.0055, iou: 0.7606, iou_t0: 0.7339, iou_t1: 0.8960, iou_t2: 0.8924, iou_t3: 0.7702, iou_t4: 0.7582, iou_t5: 0.6562, loss: 0.0873
2026-05-03 23:06:27,491 - mmdet - INFO - Iter [14775/120000]	lr: 1.000e-04, eta: 1 day, 16:25:01, time: 1.090, data_time: 0.012, memory: 37109, loss_mask: 0.1040, loss_texture: 0.0064, iou: 0.7173, iou_t0: 0.6956, iou_t1: 0.8836, iou_t2: 0.8276, iou_t3: 0.7838, iou_t4: 0.6840, iou_t5: 0.5171, loss: 0.1104
2026-05-03 23:06:54,893 - mmdet - INFO - Iter [14800/120000]	lr: 1.000e-04, eta: 1 day, 16:23:35, time: 1.096, data_time: 0.012, memory: 37109, loss_mask: 0.0885, loss_texture: 0.0060, iou: 0.7577, iou_t0: 0.7429, iou_t1: 0.8730, iou_t2: 0.8067, iou_t3: 0.8013, iou_t4: 0.7249, iou_t5: 0.6320, loss: 0.0946
2026-05-03 23:07:22,269 - mmdet - INFO - Iter [14825/120000]	lr: 1.000e-04, eta: 1 day, 16:22:10, time: 1.095, data_time: 0.013, memory: 37109, loss_mask: 0.0763, loss_texture: 0.0055, iou: 0.7448, iou_t0: 0.7057, iou_t1: 0.8905, iou_t2: 0.8377, iou_t3: 0.7670, iou_t4: 0.7541, iou_t5: 0.6445, loss: 0.0818
2026-05-03 23:07:49,623 - mmdet - INFO - Iter [14850/120000]	lr: 1.000e-04, eta: 1 day, 16:20:44, time: 1.094, data_time: 0.012, memory: 37109, loss_mask: 0.0827, loss_texture: 0.0052, iou: 0.7236, iou_t0: 0.7031, iou_t1: 0.9124, iou_t2: 0.8281, iou_t3: 0.7889, iou_t4: 0.6840, iou_t5: 0.5127, loss: 0.0878
2026-05-03 23:08:17,005 - mmdet - INFO - Iter [14875/120000]	lr: 1.000e-04, eta: 1 day, 16:19:19, time: 1.095, data_time: 0.012, memory: 37109, loss_mask: 0.0799, loss_texture: 0.0053, iou: 0.7254, iou_t0: 0.6684, iou_t1: 0.8409, iou_t2: 0.8416, iou_t3: 0.8007, iou_t4: 0.7116, iou_t5: 0.6809, loss: 0.0852
2026-05-03 23:08:44,558 - mmdet - INFO - Iter [14900/120000]	lr: 1.000e-04, eta: 1 day, 16:17:55, time: 1.102, data_time: 0.012, memory: 37109, loss_mask: 0.0759, loss_texture: 0.0061, iou: 0.7593, iou_t0: 0.7257, iou_t1: 0.8716, iou_t2: 0.8008, iou_t3: 0.8281, iou_t4: 0.7137, iou_t5: 0.6841, loss: 0.0820
2026-05-03 23:09:12,015 - mmdet - INFO - Iter [14925/120000]	lr: 1.000e-04, eta: 1 day, 16:16:31, time: 1.098, data_time: 0.013, memory: 37109, loss_mask: 0.0774, loss_texture: 0.0055, iou: 0.7578, iou_t0: 0.7305, iou_t1: 0.8420, iou_t2: 0.8426, iou_t3: 0.7644, iou_t4: 0.7370, iou_t5: 0.6137, loss: 0.0829
2026-05-03 23:09:39,284 - mmdet - INFO - Iter [14950/120000]	lr: 1.000e-04, eta: 1 day, 16:15:06, time: 1.091, data_time: 0.012, memory: 37109, loss_mask: 0.0822, loss_texture: 0.0054, iou: 0.7363, iou_t0: 0.6841, iou_t1: 0.8263, iou_t2: 0.8829, iou_t3: 0.8235, iou_t4: 0.7185, iou_t5: 0.6825, loss: 0.0876
2026-05-03 23:10:06,607 - mmdet - INFO - Iter [14975/120000]	lr: 1.000e-04, eta: 1 day, 16:13:41, time: 1.093, data_time: 0.012, memory: 37109, loss_mask: 0.0726, loss_texture: 0.0053, iou: 0.7587, iou_t0: 0.7295, iou_t1: 0.8453, iou_t2: 0.8807, iou_t3: 0.7799, iou_t4: 0.7222, iou_t5: 0.6479, loss: 0.0779
2026-05-03 23:10:34,102 - mmdet - INFO - 
--- Val evaluation at iter 15000 ---
2026-05-03 23:12:57,462 - mmdet - INFO - 
+------------+-------------+-------------+
| Class      | Val IoU     | Pseudo IoU  |
+------------+-------------+-------------+
| background | 92.19       | 92.68       |
| building   | 67.32       | 69.14       |
| Summary    | mIoU: 79.76 | mIoU: 80.91 |
+------------+-------------+-------------+
Images evaluated: 218
2026-05-03 23:13:00,231 - mmdet - INFO - ★ New best mIoU: 79.76% (prev: 79.76%, Δ=+0.00%) → saved to /home/ubuntu/vy/Denoiser/SegRefiner/work_dirs/exp8_all/best_model.pth
2026-05-03 23:13:00,235 - mmdet - INFO - Exp name: exp8_all.py
2026-05-03 23:13:00,236 - mmdet - INFO - Iter [15000/120000]	lr: 1.000e-04, eta: 1 day, 16:12:18, time: 1.100, data_time: 0.012, memory: 37109, val/mIoU: 0.7976, val/IoU.building: 0.6732, val/IoU.background: 0.9219, val/Pseudo_mIoU: 0.8091, loss_mask: 0.0704, loss_texture: 0.0056, iou: 0.7452, iou_t0: 0.6937, iou_t1: 0.8527, iou_t2: 0.8355, iou_t3: 0.8192, iou_t4: 0.6910, iou_t5: 0.7141, loss: 0.0760
2026-05-03 23:13:27,763 - mmdet - INFO - Iter [15025/120000]	lr: 1.000e-04, eta: 1 day, 16:27:56, time: 6.946, data_time: 5.858, memory: 37109, loss_mask: 0.0777, loss_texture: 0.0057, iou: 0.7649, iou_t0: 0.7408, iou_t1: 0.8965, iou_t2: 0.8810, iou_t3: 0.8001, iou_t4: 0.7458, iou_t5: 0.6189, loss: 0.0834
2026-05-03 23:13:55,258 - mmdet - INFO - Iter [15050/120000]	lr: 1.000e-04, eta: 1 day, 16:26:31, time: 1.100, data_time: 0.012, memory: 37109, loss_mask: 0.0703, loss_texture: 0.0056, iou: 0.7307, iou_t0: 0.6810, iou_t1: 0.8503, iou_t2: 0.8937, iou_t3: 0.8048, iou_t4: 0.7228, iou_t5: 0.5894, loss: 0.0759
2026-05-03 23:14:22,681 - mmdet - INFO - Iter [15075/120000]	lr: 1.000e-04, eta: 1 day, 16:25:06, time: 1.097, data_time: 0.013, memory: 37109, loss_mask: 0.0650, loss_texture: 0.0050, iou: 0.7542, iou_t0: 0.6919, iou_t1: 0.8979, iou_t2: 0.8447, iou_t3: 0.8157, iou_t4: 0.7878, iou_t5: 0.6844, loss: 0.0701
2026-05-03 23:14:50,190 - mmdet - INFO - Iter [15100/120000]	lr: 1.000e-04, eta: 1 day, 16:23:42, time: 1.100, data_time: 0.012, memory: 37109, loss_mask: 0.0788, loss_texture: 0.0061, iou: 0.7483, iou_t0: 0.7030, iou_t1: 0.8744, iou_t2: 0.8470, iou_t3: 0.8026, iou_t4: 0.7242, iou_t5: 0.6690, loss: 0.0849
2026-05-03 23:15:17,801 - mmdet - INFO - Iter [15125/120000]	lr: 1.000e-04, eta: 1 day, 16:22:18, time: 1.104, data_time: 0.013, memory: 37109, loss_mask: 0.0833, loss_texture: 0.0063, iou: 0.7403, iou_t0: 0.7033, iou_t1: 0.8815, iou_t2: 0.8332, iou_t3: 0.7944, iou_t4: 0.7366, iou_t5: 0.6642, loss: 0.0896
2026-05-03 23:15:45,431 - mmdet - INFO - Iter [15150/120000]	lr: 1.000e-04, eta: 1 day, 16:20:55, time: 1.105, data_time: 0.012, memory: 37109, loss_mask: 0.0787, loss_texture: 0.0059, iou: 0.7686, iou_t0: 0.7140, iou_t1: 0.9135, iou_t2: 0.8663, iou_t3: 0.8376, iou_t4: 0.7548, iou_t5: 0.6969, loss: 0.0845
2026-05-03 23:16:12,886 - mmdet - INFO - Iter [15175/120000]	lr: 1.000e-04, eta: 1 day, 16:19:31, time: 1.098, data_time: 0.012, memory: 37109, loss_mask: 0.0642, loss_texture: 0.0049, iou: 0.7583, iou_t0: 0.7105, iou_t1: 0.8883, iou_t2: 0.8872, iou_t3: 0.8167, iou_t4: 0.6992, iou_t5: 0.7018, loss: 0.0691
2026-05-03 23:16:40,473 - mmdet - INFO - Iter [15200/120000]	lr: 1.000e-04, eta: 1 day, 16:18:07, time: 1.103, data_time: 0.012, memory: 37109, loss_mask: 0.0666, loss_texture: 0.0054, iou: 0.7242, iou_t0: 0.6474, iou_t1: 0.8322, iou_t2: 0.8501, iou_t3: 0.8060, iou_t4: 0.7638, iou_t5: 0.6619, loss: 0.0720
2026-05-03 23:17:07,984 - mmdet - INFO - Iter [15225/120000]	lr: 1.000e-04, eta: 1 day, 16:16:44, time: 1.100, data_time: 0.013, memory: 37109, loss_mask: 0.0657, loss_texture: 0.0052, iou: 0.7211, iou_t0: 0.6556, iou_t1: 0.8743, iou_t2: 0.8764, iou_t3: 0.7903, iou_t4: 0.7444, iou_t5: 0.6613, loss: 0.0709
2026-05-03 23:17:35,538 - mmdet - INFO - Iter [15250/120000]	lr: 1.000e-04, eta: 1 day, 16:15:21, time: 1.102, data_time: 0.012, memory: 37109, loss_mask: 0.0778, loss_texture: 0.0057, iou: 0.7559, iou_t0: 0.7225, iou_t1: 0.9140, iou_t2: 0.8447, iou_t3: 0.8259, iou_t4: 0.7233, iou_t5: 0.6376, loss: 0.0835
2026-05-03 23:18:03,096 - mmdet - INFO - Iter [15275/120000]	lr: 1.000e-04, eta: 1 day, 16:13:58, time: 1.102, data_time: 0.012, memory: 37109, loss_mask: 0.0696, loss_texture: 0.0056, iou: 0.7400, iou_t0: 0.6854, iou_t1: 0.9030, iou_t2: 0.8446, iou_t3: 0.7854, iou_t4: 0.7666, iou_t5: 0.6205, loss: 0.0751
2026-05-03 23:18:30,624 - mmdet - INFO - Iter [15300/120000]	lr: 1.000e-04, eta: 1 day, 16:12:35, time: 1.101, data_time: 0.012, memory: 37109, loss_mask: 0.0811, loss_texture: 0.0062, iou: 0.7455, iou_t0: 0.7242, iou_t1: 0.8563, iou_t2: 0.8279, iou_t3: 0.7761, iou_t4: 0.6940, iou_t5: 0.6638, loss: 0.0873
2026-05-03 23:18:57,976 - mmdet - INFO - Iter [15325/120000]	lr: 1.000e-04, eta: 1 day, 16:11:12, time: 1.094, data_time: 0.013, memory: 37109, loss_mask: 0.0707, loss_texture: 0.0050, iou: 0.7229, iou_t0: 0.6556, iou_t1: 0.8601, iou_t2: 0.8492, iou_t3: 0.8191, iou_t4: 0.7380, iou_t5: 0.6604, loss: 0.0757
2026-05-03 23:19:25,493 - mmdet - INFO - Iter [15350/120000]	lr: 1.000e-04, eta: 1 day, 16:09:49, time: 1.101, data_time: 0.012, memory: 37109, loss_mask: 0.0805, loss_texture: 0.0058, iou: 0.7552, iou_t0: 0.7288, iou_t1: 0.8998, iou_t2: 0.8684, iou_t3: 0.7923, iou_t4: 0.7548, iou_t5: 0.6423, loss: 0.0864
2026-05-03 23:19:52,890 - mmdet - INFO - Iter [15375/120000]	lr: 1.000e-04, eta: 1 day, 16:08:26, time: 1.096, data_time: 0.012, memory: 37109, loss_mask: 0.0620, loss_texture: 0.0047, iou: 0.7454, iou_t0: 0.6872, iou_t1: 0.9238, iou_t2: 0.8243, iou_t3: 0.8042, iou_t4: 0.7070, iou_t5: 0.6414, loss: 0.0667
2026-05-03 23:20:20,461 - mmdet - INFO - Iter [15400/120000]	lr: 1.000e-04, eta: 1 day, 16:07:04, time: 1.103, data_time: 0.012, memory: 37109, loss_mask: 0.0710, loss_texture: 0.0053, iou: 0.7480, iou_t0: 0.6953, iou_t1: 0.8855, iou_t2: 0.8660, iou_t3: 0.8078, iou_t4: 0.7445, iou_t5: 0.6622, loss: 0.0764
2026-05-03 23:20:47,974 - mmdet - INFO - Iter [15425/120000]	lr: 1.000e-04, eta: 1 day, 16:05:42, time: 1.101, data_time: 0.013, memory: 37109, loss_mask: 0.0724, loss_texture: 0.0054, iou: 0.7619, iou_t0: 0.7168, iou_t1: 0.9011, iou_t2: 0.8816, iou_t3: 0.8421, iou_t4: 0.7796, iou_t5: 0.6322, loss: 0.0778
2026-05-03 23:21:15,573 - mmdet - INFO - Iter [15450/120000]	lr: 1.000e-04, eta: 1 day, 16:04:21, time: 1.104, data_time: 0.012, memory: 37109, loss_mask: 0.0744, loss_texture: 0.0059, iou: 0.7675, iou_t0: 0.7055, iou_t1: 0.8874, iou_t2: 0.8712, iou_t3: 0.8470, iou_t4: 0.7595, iou_t5: 0.7256, loss: 0.0803
2026-05-03 23:21:43,054 - mmdet - INFO - Iter [15475/120000]	lr: 1.000e-04, eta: 1 day, 16:02:59, time: 1.099, data_time: 0.013, memory: 37109, loss_mask: 0.0709, loss_texture: 0.0054, iou: 0.7450, iou_t0: 0.6949, iou_t1: 0.8146, iou_t2: 0.9160, iou_t3: 0.8142, iou_t4: 0.7241, iou_t5: 0.6287, loss: 0.0763
2026-05-03 23:22:10,490 - mmdet - INFO - 
--- Val evaluation at iter 15500 ---
2026-05-03 23:24:33,951 - mmdet - INFO - 
+------------+-------------+-------------+
| Class      | Val IoU     | Pseudo IoU  |
+------------+-------------+-------------+
| background | 92.17       | 92.68       |
| building   | 67.23       | 69.14       |
| Summary    | mIoU: 79.70 | mIoU: 80.91 |
+------------+-------------+-------------+
Images evaluated: 218
2026-05-03 23:24:35,327 - mmdet - INFO - Iter [15500/120000]	lr: 1.000e-04, eta: 1 day, 16:01:37, time: 1.097, data_time: 0.012, memory: 37109, val/mIoU: 0.7970, val/IoU.building: 0.6723, val/IoU.background: 0.9217, val/Pseudo_mIoU: 0.8091, loss_mask: 0.0729, loss_texture: 0.0056, iou: 0.7378, iou_t0: 0.7104, iou_t1: 0.9094, iou_t2: 0.8114, iou_t3: 0.7953, iou_t4: 0.7180, iou_t5: 0.6154, loss: 0.0784
2026-05-03 23:25:02,851 - mmdet - INFO - Iter [15525/120000]	lr: 1.000e-04, eta: 1 day, 16:16:30, time: 6.894, data_time: 5.807, memory: 37109, loss_mask: 0.0738, loss_texture: 0.0058, iou: 0.7826, iou_t0: 0.7600, iou_t1: 0.8374, iou_t2: 0.8458, iou_t3: 0.8304, iou_t4: 0.7636, iou_t5: 0.6572, loss: 0.0796
2026-05-03 23:25:30,368 - mmdet - INFO - Iter [15550/120000]	lr: 1.000e-04, eta: 1 day, 16:15:07, time: 1.101, data_time: 0.012, memory: 37109, loss_mask: 0.0661, loss_texture: 0.0053, iou: 0.7700, iou_t0: 0.7354, iou_t1: 0.8791, iou_t2: 0.8629, iou_t3: 0.8024, iou_t4: 0.7627, iou_t5: 0.6944, loss: 0.0714
2026-05-03 23:25:57,938 - mmdet - INFO - Iter [15575/120000]	lr: 1.000e-04, eta: 1 day, 16:13:45, time: 1.103, data_time: 0.012, memory: 37109, loss_mask: 0.0700, loss_texture: 0.0054, iou: 0.7807, iou_t0: 0.7643, iou_t1: 0.9115, iou_t2: 0.8374, iou_t3: 0.8275, iou_t4: 0.7149, iou_t5: 0.6877, loss: 0.0754
2026-05-03 23:26:25,384 - mmdet - INFO - Iter [15600/120000]	lr: 1.000e-04, eta: 1 day, 16:12:22, time: 1.098, data_time: 0.012, memory: 37109, loss_mask: 0.0713, loss_texture: 0.0054, iou: 0.7477, iou_t0: 0.7056, iou_t1: 0.9294, iou_t2: 0.8740, iou_t3: 0.7908, iou_t4: 0.6826, iou_t5: 0.6168, loss: 0.0768
2026-05-03 23:26:52,831 - mmdet - INFO - Iter [15625/120000]	lr: 1.000e-04, eta: 1 day, 16:10:59, time: 1.098, data_time: 0.013, memory: 37109, loss_mask: 0.0698, loss_texture: 0.0053, iou: 0.7279, iou_t0: 0.6554, iou_t1: 0.8787, iou_t2: 0.8648, iou_t3: 0.7927, iou_t4: 0.7188, iou_t5: 0.6718, loss: 0.0751
2026-05-03 23:27:20,362 - mmdet - INFO - Iter [15650/120000]	lr: 1.000e-04, eta: 1 day, 16:09:37, time: 1.101, data_time: 0.012, memory: 37109, loss_mask: 0.0871, loss_texture: 0.0064, iou: 0.7918, iou_t0: 0.7752, iou_t1: 0.8791, iou_t2: 0.8295, iou_t3: 0.8280, iou_t4: 0.7794, iou_t5: 0.6730, loss: 0.0935
2026-05-03 23:27:47,884 - mmdet - INFO - Iter [15675/120000]	lr: 1.000e-04, eta: 1 day, 16:08:15, time: 1.101, data_time: 0.012, memory: 37109, loss_mask: 0.0633, loss_texture: 0.0050, iou: 0.7529, iou_t0: 0.7061, iou_t1: 0.8801, iou_t2: 0.8718, iou_t3: 0.8303, iou_t4: 0.6769, iou_t5: 0.6540, loss: 0.0683
2026-05-03 23:28:15,348 - mmdet - INFO - Iter [15700/120000]	lr: 1.000e-04, eta: 1 day, 16:06:53, time: 1.099, data_time: 0.012, memory: 37109, loss_mask: 0.0599, loss_texture: 0.0048, iou: 0.7481, iou_t0: 0.6804, iou_t1: 0.8547, iou_t2: 0.8822, iou_t3: 0.8225, iou_t4: 0.7375, iou_t5: 0.6752, loss: 0.0646
2026-05-03 23:28:42,825 - mmdet - INFO - Iter [15725/120000]	lr: 1.000e-04, eta: 1 day, 16:05:31, time: 1.099, data_time: 0.013, memory: 37109, loss_mask: 0.0741, loss_texture: 0.0055, iou: 0.7740, iou_t0: 0.7453, iou_t1: 0.8831, iou_t2: 0.8518, iou_t3: 0.8294, iou_t4: 0.7372, iou_t5: 0.7316, loss: 0.0796
2026-05-03 23:29:10,313 - mmdet - INFO - Iter [15750/120000]	lr: 1.000e-04, eta: 1 day, 16:04:09, time: 1.100, data_time: 0.012, memory: 37109, loss_mask: 0.0807, loss_texture: 0.0058, iou: 0.7551, iou_t0: 0.7369, iou_t1: 0.8810, iou_t2: 0.8410, iou_t3: 0.8425, iou_t4: 0.7309, iou_t5: 0.6184, loss: 0.0864
2026-05-03 23:29:37,799 - mmdet - INFO - Iter [15775/120000]	lr: 1.000e-04, eta: 1 day, 16:02:48, time: 1.099, data_time: 0.012, memory: 37109, loss_mask: 0.0757, loss_texture: 0.0056, iou: 0.7457, iou_t0: 0.7018, iou_t1: 0.9159, iou_t2: 0.8326, iou_t3: 0.7493, iou_t4: 0.7202, iou_t5: 0.6883, loss: 0.0813
2026-05-03 23:30:05,361 - mmdet - INFO - Iter [15800/120000]	lr: 1.000e-04, eta: 1 day, 16:01:27, time: 1.102, data_time: 0.012, memory: 37109, loss_mask: 0.0749, loss_texture: 0.0058, iou: 0.7452, iou_t0: 0.7038, iou_t1: 0.9072, iou_t2: 0.8455, iou_t3: 0.8028, iou_t4: 0.7188, iou_t5: 0.6380, loss: 0.0807
2026-05-03 23:30:32,862 - mmdet - INFO - Iter [15825/120000]	lr: 1.000e-04, eta: 1 day, 16:00:06, time: 1.100, data_time: 0.013, memory: 37109, loss_mask: 0.0660, loss_texture: 0.0052, iou: 0.7526, iou_t0: 0.7110, iou_t1: 0.8578, iou_t2: 0.8615, iou_t3: 0.8280, iou_t4: 0.7202, iou_t5: 0.6874, loss: 0.0711
2026-05-03 23:31:00,379 - mmdet - INFO - Iter [15850/120000]	lr: 1.000e-04, eta: 1 day, 15:58:45, time: 1.101, data_time: 0.012, memory: 37109, loss_mask: 0.0769, loss_texture: 0.0055, iou: 0.7818, iou_t0: 0.7461, iou_t1: 0.9162, iou_t2: 0.8780, iou_t3: 0.8473, iou_t4: 0.7604, iou_t5: 0.6301, loss: 0.0824
2026-05-03 23:31:27,922 - mmdet - INFO - Iter [15875/120000]	lr: 1.000e-04, eta: 1 day, 15:57:24, time: 1.102, data_time: 0.012, memory: 37109, loss_mask: 0.0729, loss_texture: 0.0055, iou: 0.7354, iou_t0: 0.6710, iou_t1: 0.8541, iou_t2: 0.8618, iou_t3: 0.8486, iou_t4: 0.7146, iou_t5: 0.6540, loss: 0.0785
2026-05-03 23:31:55,435 - mmdet - INFO - Iter [15900/120000]	lr: 1.000e-04, eta: 1 day, 15:56:04, time: 1.100, data_time: 0.012, memory: 37109, loss_mask: 0.0774, loss_texture: 0.0059, iou: 0.7515, iou_t0: 0.7288, iou_t1: 0.8653, iou_t2: 0.8172, iou_t3: 0.7876, iou_t4: 0.7512, iou_t5: 0.6383, loss: 0.0833
2026-05-03 23:32:23,052 - mmdet - INFO - Iter [15925/120000]	lr: 1.000e-04, eta: 1 day, 15:54:44, time: 1.105, data_time: 0.013, memory: 37109, loss_mask: 0.0769, loss_texture: 0.0057, iou: 0.7565, iou_t0: 0.7176, iou_t1: 0.9005, iou_t2: 0.8589, iou_t3: 0.8386, iou_t4: 0.7062, iou_t5: 0.6660, loss: 0.0827
2026-05-03 23:32:50,555 - mmdet - INFO - Iter [15950/120000]	lr: 1.000e-04, eta: 1 day, 15:53:24, time: 1.100, data_time: 0.012, memory: 37109, loss_mask: 0.0698, loss_texture: 0.0056, iou: 0.7674, iou_t0: 0.7267, iou_t1: 0.8641, iou_t2: 0.8638, iou_t3: 0.8163, iou_t4: 0.7674, iou_t5: 0.6894, loss: 0.0754
2026-05-03 23:33:18,137 - mmdet - INFO - Iter [15975/120000]	lr: 1.000e-04, eta: 1 day, 15:52:04, time: 1.103, data_time: 0.012, memory: 37109, loss_mask: 0.0649, loss_texture: 0.0052, iou: 0.7517, iou_t0: 0.7105, iou_t1: 0.8481, iou_t2: 0.8369, iou_t3: 0.7780, iou_t4: 0.7573, iou_t5: 0.7062, loss: 0.0701
2026-05-03 23:33:45,733 - mmdet - INFO - 
--- Val evaluation at iter 16000 ---
2026-05-03 23:36:09,395 - mmdet - INFO - 
+------------+-------------+-------------+
| Class      | Val IoU     | Pseudo IoU  |
+------------+-------------+-------------+
| background | 92.19       | 92.68       |
| building   | 67.28       | 69.14       |
| Summary    | mIoU: 79.73 | mIoU: 80.91 |
+------------+-------------+-------------+
Images evaluated: 218
2026-05-03 23:36:10,777 - mmdet - INFO - Exp name: exp8_all.py
2026-05-03 23:36:10,777 - mmdet - INFO - Iter [16000/120000]	lr: 1.000e-04, eta: 1 day, 15:50:45, time: 1.104, data_time: 0.012, memory: 37109, val/mIoU: 0.7973, val/IoU.building: 0.6728, val/IoU.background: 0.9219, val/Pseudo_mIoU: 0.8091, loss_mask: 0.0687, loss_texture: 0.0055, iou: 0.7159, iou_t0: 0.6529, iou_t1: 0.7833, iou_t2: 0.8452, iou_t3: 0.8057, iou_t4: 0.6863, iou_t5: 0.6443, loss: 0.0742
2026-05-03 23:36:38,201 - mmdet - INFO - Iter [16025/120000]	lr: 1.000e-04, eta: 1 day, 16:05:06, time: 6.899, data_time: 5.814, memory: 37109, loss_mask: 0.0704, loss_texture: 0.0054, iou: 0.7516, iou_t0: 0.7018, iou_t1: 0.8785, iou_t2: 0.8429, iou_t3: 0.8315, iou_t4: 0.7878, iou_t5: 0.6198, loss: 0.0759
2026-05-03 23:37:05,599 - mmdet - INFO - Iter [16050/120000]	lr: 1.000e-04, eta: 1 day, 16:03:44, time: 1.096, data_time: 0.012, memory: 37109, loss_mask: 0.0683, loss_texture: 0.0054, iou: 0.7637, iou_t0: 0.7148, iou_t1: 0.9112, iou_t2: 0.7903, iou_t3: 0.8416, iou_t4: 0.8071, iou_t5: 0.6727, loss: 0.0736
2026-05-03 23:37:33,088 - mmdet - INFO - Iter [16075/120000]	lr: 1.000e-04, eta: 1 day, 16:02:23, time: 1.100, data_time: 0.012, memory: 37109, loss_mask: 0.0649, loss_texture: 0.0052, iou: 0.7653, iou_t0: 0.7103, iou_t1: 0.8969, iou_t2: 0.8877, iou_t3: 0.7933, iou_t4: 0.7588, iou_t5: 0.7036, loss: 0.0701
2026-05-03 23:38:00,605 - mmdet - INFO - Iter [16100/120000]	lr: 1.000e-04, eta: 1 day, 16:01:02, time: 1.101, data_time: 0.012, memory: 37109, loss_mask: 0.0644, loss_texture: 0.0053, iou: 0.7639, iou_t0: 0.7309, iou_t1: 0.8966, iou_t2: 0.8239, iou_t3: 0.7985, iou_t4: 0.7842, iou_t5: 0.6798, loss: 0.0697
2026-05-03 23:38:28,112 - mmdet - INFO - Iter [16125/120000]	lr: 1.000e-04, eta: 1 day, 15:59:41, time: 1.100, data_time: 0.013, memory: 37109, loss_mask: 0.0676, loss_texture: 0.0051, iou: 0.7256, iou_t0: 0.6617, iou_t1: 0.8517, iou_t2: 0.8542, iou_t3: 0.7964, iou_t4: 0.7064, iou_t5: 0.6404, loss: 0.0727
2026-05-03 23:38:55,635 - mmdet - INFO - Iter [16150/120000]	lr: 1.000e-04, eta: 1 day, 15:58:21, time: 1.101, data_time: 0.012, memory: 37109, loss_mask: 0.0691, loss_texture: 0.0055, iou: 0.7405, iou_t0: 0.6847, iou_t1: 0.8724, iou_t2: 0.8559, iou_t3: 0.8056, iou_t4: 0.7157, iou_t5: 0.6668, loss: 0.0746
2026-05-03 23:39:23,131 - mmdet - INFO - Iter [16175/120000]	lr: 1.000e-04, eta: 1 day, 15:57:00, time: 1.100, data_time: 0.012, memory: 37109, loss_mask: 0.0815, loss_texture: 0.0059, iou: 0.7421, iou_t0: 0.6992, iou_t1: 0.8646, iou_t2: 0.7930, iou_t3: 0.7876, iou_t4: 0.7609, iou_t5: 0.7118, loss: 0.0873
2026-05-03 23:39:50,660 - mmdet - INFO - Iter [16200/120000]	lr: 1.000e-04, eta: 1 day, 15:55:40, time: 1.101, data_time: 0.012, memory: 37109, loss_mask: 0.0688, loss_texture: 0.0052, iou: 0.7357, iou_t0: 0.6806, iou_t1: 0.8952, iou_t2: 0.8390, iou_t3: 0.8481, iou_t4: 0.7185, iou_t5: 0.6313, loss: 0.0739
2026-05-03 23:40:18,195 - mmdet - INFO - Iter [16225/120000]	lr: 1.000e-04, eta: 1 day, 15:54:20, time: 1.101, data_time: 0.013, memory: 37109, loss_mask: 0.0655, loss_texture: 0.0054, iou: 0.7693, iou_t0: 0.7159, iou_t1: 0.9088, iou_t2: 0.8646, iou_t3: 0.8264, iou_t4: 0.7322, iou_t5: 0.6738, loss: 0.0709
2026-05-03 23:40:45,531 - mmdet - INFO - Iter [16250/120000]	lr: 1.000e-04, eta: 1 day, 15:52:59, time: 1.093, data_time: 0.012, memory: 37109, loss_mask: 0.0611, loss_texture: 0.0048, iou: 0.7668, iou_t0: 0.7020, iou_t1: 0.8786, iou_t2: 0.9108, iou_t3: 0.7763, iou_t4: 0.7712, iou_t5: 0.7229, loss: 0.0659
2026-05-03 23:41:13,074 - mmdet - INFO - Iter [16275/120000]	lr: 1.000e-04, eta: 1 day, 15:51:39, time: 1.102, data_time: 0.012, memory: 37109, loss_mask: 0.0849, loss_texture: 0.0070, iou: 0.7545, iou_t0: 0.6990, iou_t1: 0.9234, iou_t2: 0.8258, iou_t3: 0.8112, iou_t4: 0.7728, iou_t5: 0.6773, loss: 0.0919
2026-05-03 23:41:40,401 - mmdet - INFO - Iter [16300/120000]	lr: 1.000e-04, eta: 1 day, 15:50:19, time: 1.093, data_time: 0.012, memory: 37109, loss_mask: 0.0638, loss_texture: 0.0051, iou: 0.7593, iou_t0: 0.6826, iou_t1: 0.9013, iou_t2: 0.8877, iou_t3: 0.7913, iou_t4: 0.7556, iou_t5: 0.7083, loss: 0.0689
2026-05-03 23:42:07,888 - mmdet - INFO - Iter [16325/120000]	lr: 1.000e-04, eta: 1 day, 15:48:59, time: 1.099, data_time: 0.013, memory: 37109, loss_mask: 0.0680, loss_texture: 0.0055, iou: 0.7653, iou_t0: 0.7356, iou_t1: 0.8808, iou_t2: 0.8273, iou_t3: 0.8185, iou_t4: 0.7475, iou_t5: 0.6666, loss: 0.0735
2026-05-03 23:42:35,267 - mmdet - INFO - Iter [16350/120000]	lr: 1.000e-04, eta: 1 day, 15:47:39, time: 1.095, data_time: 0.012, memory: 37109, loss_mask: 0.0658, loss_texture: 0.0049, iou: 0.7828, iou_t0: 0.7447, iou_t1: 0.9052, iou_t2: 0.8831, iou_t3: 0.8155, iou_t4: 0.7602, iou_t5: 0.6760, loss: 0.0707
2026-05-03 23:43:02,956 - mmdet - INFO - Iter [16375/120000]	lr: 1.000e-04, eta: 1 day, 15:46:21, time: 1.108, data_time: 0.012, memory: 37109, loss_mask: 0.0695, loss_texture: 0.0056, iou: 0.7785, iou_t0: 0.7269, iou_t1: 0.9180, iou_t2: 0.8945, iou_t3: 0.8477, iou_t4: 0.7748, iou_t5: 0.7047, loss: 0.0751
2026-05-03 23:43:30,545 - mmdet - INFO - Iter [16400/120000]	lr: 1.000e-04, eta: 1 day, 15:45:02, time: 1.104, data_time: 0.012, memory: 37109, loss_mask: 0.0701, loss_texture: 0.0058, iou: 0.7586, iou_t0: 0.7247, iou_t1: 0.8313, iou_t2: 0.8448, iou_t3: 0.8293, iou_t4: 0.7655, iou_t5: 0.6510, loss: 0.0759
2026-05-03 23:43:58,042 - mmdet - INFO - Iter [16425/120000]	lr: 1.000e-04, eta: 1 day, 15:43:44, time: 1.100, data_time: 0.013, memory: 37109, loss_mask: 0.0760, loss_texture: 0.0055, iou: 0.7533, iou_t0: 0.7151, iou_t1: 0.9179, iou_t2: 0.8295, iou_t3: 0.8096, iou_t4: 0.7597, iou_t5: 0.6615, loss: 0.0815
2026-05-03 23:44:25,530 - mmdet - INFO - Iter [16450/120000]	lr: 1.000e-04, eta: 1 day, 15:42:25, time: 1.100, data_time: 0.012, memory: 37109, loss_mask: 0.0732, loss_texture: 0.0055, iou: 0.7521, iou_t0: 0.7192, iou_t1: 0.8426, iou_t2: 0.8255, iou_t3: 0.8370, iou_t4: 0.7088, iou_t5: 0.6604, loss: 0.0788
2026-05-03 23:44:53,054 - mmdet - INFO - Iter [16475/120000]	lr: 1.000e-04, eta: 1 day, 15:41:06, time: 1.101, data_time: 0.012, memory: 37109, loss_mask: 0.0706, loss_texture: 0.0053, iou: 0.7231, iou_t0: 0.6655, iou_t1: 0.8969, iou_t2: 0.7579, iou_t3: 0.8412, iou_t4: 0.7175, iou_t5: 0.6597, loss: 0.0759
2026-05-03 23:45:20,499 - mmdet - INFO - 
--- Val evaluation at iter 16500 ---
2026-05-03 23:47:43,954 - mmdet - INFO - 
+------------+-------------+-------------+
| Class      | Val IoU     | Pseudo IoU  |
+------------+-------------+-------------+
| background | 92.21       | 92.68       |
| building   | 67.30       | 69.14       |
| Summary    | mIoU: 79.75 | mIoU: 80.91 |
+------------+-------------+-------------+
Images evaluated: 218
2026-05-03 23:47:45,330 - mmdet - INFO - Iter [16500/120000]	lr: 1.000e-04, eta: 1 day, 15:39:48, time: 1.098, data_time: 0.012, memory: 37109, val/mIoU: 0.7975, val/IoU.building: 0.6730, val/IoU.background: 0.9221, val/Pseudo_mIoU: 0.8091, loss_mask: 0.0748, loss_texture: 0.0056, iou: 0.7022, iou_t0: 0.6313, iou_t1: 0.8701, iou_t2: 0.8492, iou_t3: 0.7914, iou_t4: 0.7362, iou_t5: 0.6107, loss: 0.0804
2026-05-03 23:48:12,816 - mmdet - INFO - Iter [16525/120000]	lr: 1.000e-04, eta: 1 day, 15:53:36, time: 6.893, data_time: 5.807, memory: 37109, loss_mask: 0.0666, loss_texture: 0.0054, iou: 0.7672, iou_t0: 0.7404, iou_t1: 0.8905, iou_t2: 0.8547, iou_t3: 0.8376, iou_t4: 0.7606, iou_t5: 0.6334, loss: 0.0721
2026-05-03 23:48:40,357 - mmdet - INFO - Iter [16550/120000]	lr: 1.000e-04, eta: 1 day, 15:52:17, time: 1.102, data_time: 0.012, memory: 37109, loss_mask: 0.0774, loss_texture: 0.0063, iou: 0.7670, iou_t0: 0.7324, iou_t1: 0.9221, iou_t2: 0.8526, iou_t3: 0.8261, iou_t4: 0.7390, iou_t5: 0.6909, loss: 0.0837
2026-05-03 23:49:07,950 - mmdet - INFO - Iter [16575/120000]	lr: 1.000e-04, eta: 1 day, 15:50:58, time: 1.104, data_time: 0.012, memory: 37109, loss_mask: 0.0710, loss_texture: 0.0055, iou: 0.7417, iou_t0: 0.6899, iou_t1: 0.8835, iou_t2: 0.8712, iou_t3: 0.8208, iou_t4: 0.7059, iou_t5: 0.6933, loss: 0.0765
2026-05-03 23:49:35,431 - mmdet - INFO - Iter [16600/120000]	lr: 1.000e-04, eta: 1 day, 15:49:38, time: 1.099, data_time: 0.012, memory: 37109, loss_mask: 0.0678, loss_texture: 0.0052, iou: 0.7547, iou_t0: 0.7007, iou_t1: 0.9161, iou_t2: 0.8573, iou_t3: 0.8018, iou_t4: 0.6981, iou_t5: 0.6941, loss: 0.0730
2026-05-03 23:50:03,040 - mmdet - INFO - Iter [16625/120000]	lr: 1.000e-04, eta: 1 day, 15:48:20, time: 1.104, data_time: 0.013, memory: 37109, loss_mask: 0.0847, loss_texture: 0.0062, iou: 0.8075, iou_t0: 0.8062, iou_t1: 0.9115, iou_t2: 0.8698, iou_t3: 0.7983, iou_t4: 0.7494, iou_t5: 0.7248, loss: 0.0909
2026-05-03 23:50:30,663 - mmdet - INFO - Iter [16650/120000]	lr: 1.000e-04, eta: 1 day, 15:47:01, time: 1.105, data_time: 0.012, memory: 37109, loss_mask: 0.0688, loss_texture: 0.0056, iou: 0.7837, iou_t0: 0.7397, iou_t1: 0.9281, iou_t2: 0.8843, iou_t3: 0.8313, iou_t4: 0.7167, iou_t5: 0.6830, loss: 0.0744
2026-05-03 23:50:58,127 - mmdet - INFO - Iter [16675/120000]	lr: 1.000e-04, eta: 1 day, 15:45:42, time: 1.099, data_time: 0.012, memory: 37109, loss_mask: 0.0676, loss_texture: 0.0052, iou: 0.7507, iou_t0: 0.7142, iou_t1: 0.8925, iou_t2: 0.8415, iou_t3: 0.8101, iou_t4: 0.7441, iou_t5: 0.6126, loss: 0.0728
2026-05-03 23:51:25,597 - mmdet - INFO - Iter [16700/120000]	lr: 1.000e-04, eta: 1 day, 15:44:23, time: 1.099, data_time: 0.012, memory: 37109, loss_mask: 0.0710, loss_texture: 0.0059, iou: 0.7823, iou_t0: 0.7565, iou_t1: 0.8908, iou_t2: 0.8837, iou_t3: 0.7679, iou_t4: 0.7848, iou_t5: 0.7048, loss: 0.0768
2026-05-03 23:51:52,893 - mmdet - INFO - Iter [16725/120000]	lr: 1.000e-04, eta: 1 day, 15:43:03, time: 1.092, data_time: 0.013, memory: 37109, loss_mask: 0.0623, loss_texture: 0.0049, iou: 0.7310, iou_t0: 0.6715, iou_t1: 0.8021, iou_t2: 0.8674, iou_t3: 0.7839, iou_t4: 0.7969, iou_t5: 0.6405, loss: 0.0672
2026-05-03 23:52:20,749 - mmdet - INFO - Iter [16750/120000]	lr: 1.000e-04, eta: 1 day, 15:41:47, time: 1.114, data_time: 0.013, memory: 37109, loss_mask: 0.0672, loss_texture: 0.0052, iou: 0.7736, iou_t0: 0.7236, iou_t1: 0.8838, iou_t2: 0.8230, iou_t3: 0.8382, iou_t4: 0.7945, iou_t5: 0.6534, loss: 0.0725
2026-05-03 23:52:48,268 - mmdet - INFO - Iter [16775/120000]	lr: 1.000e-04, eta: 1 day, 15:40:29, time: 1.101, data_time: 0.012, memory: 37109, loss_mask: 0.0675, loss_texture: 0.0055, iou: 0.7563, iou_t0: 0.7159, iou_t1: 0.8262, iou_t2: 0.8314, iou_t3: 0.7926, iou_t4: 0.7969, iou_t5: 0.6736, loss: 0.0730
2026-05-03 23:53:15,800 - mmdet - INFO - Iter [16800/120000]	lr: 1.000e-04, eta: 1 day, 15:39:11, time: 1.101, data_time: 0.012, memory: 37109, loss_mask: 0.0575, loss_texture: 0.0048, iou: 0.7470, iou_t0: 0.7012, iou_t1: 0.8823, iou_t2: 0.8888, iou_t3: 0.8235, iou_t4: 0.7674, iou_t5: 0.6095, loss: 0.0622
2026-05-03 23:53:43,265 - mmdet - INFO - Iter [16825/120000]	lr: 1.000e-04, eta: 1 day, 15:37:53, time: 1.099, data_time: 0.013, memory: 37109, loss_mask: 0.0611, loss_texture: 0.0047, iou: 0.7495, iou_t0: 0.7006, iou_t1: 0.9151, iou_t2: 0.8664, iou_t3: 0.8283, iou_t4: 0.7563, iou_t5: 0.6165, loss: 0.0658
2026-05-03 23:54:10,758 - mmdet - INFO - Iter [16850/120000]	lr: 1.000e-04, eta: 1 day, 15:36:35, time: 1.100, data_time: 0.012, memory: 37109, loss_mask: 0.0572, loss_texture: 0.0045, iou: 0.7223, iou_t0: 0.6651, iou_t1: 0.8539, iou_t2: 0.8624, iou_t3: 0.8025, iou_t4: 0.7494, iou_t5: 0.6585, loss: 0.0617
2026-05-03 23:54:38,424 - mmdet - INFO - Iter [16875/120000]	lr: 1.000e-04, eta: 1 day, 15:35:18, time: 1.107, data_time: 0.012, memory: 37109, loss_mask: 0.0743, loss_texture: 0.0055, iou: 0.7482, iou_t0: 0.7020, iou_t1: 0.8598, iou_t2: 0.8513, iou_t3: 0.7795, iou_t4: 0.7426, iou_t5: 0.6887, loss: 0.0799
2026-05-03 23:55:05,993 - mmdet - INFO - Iter [16900/120000]	lr: 1.000e-04, eta: 1 day, 15:34:01, time: 1.103, data_time: 0.012, memory: 37109, loss_mask: 0.1938, loss_texture: 0.0062, iou: 0.7411, iou_t0: 0.7081, iou_t1: 0.8837, iou_t2: 0.7979, iou_t3: 0.7734, iou_t4: 0.7012, iou_t5: 0.6973, loss: 0.2000
2026-05-03 23:55:33,529 - mmdet - INFO - Iter [16925/120000]	lr: 1.000e-04, eta: 1 day, 15:32:44, time: 1.101, data_time: 0.013, memory: 37109, loss_mask: 0.1207, loss_texture: 0.0066, iou: 0.7243, iou_t0: 0.7440, iou_t1: 0.9113, iou_t2: 0.7888, iou_t3: 0.7359, iou_t4: 0.6286, iou_t5: 0.5188, loss: 0.1273
2026-05-03 23:56:01,042 - mmdet - INFO - Iter [16950/120000]	lr: 1.000e-04, eta: 1 day, 15:31:27, time: 1.101, data_time: 0.012, memory: 37109, loss_mask: 0.1005, loss_texture: 0.0064, iou: 0.7121, iou_t0: 0.6852, iou_t1: 0.8743, iou_t2: 0.8323, iou_t3: 0.7599, iou_t4: 0.6868, iou_t5: 0.5505, loss: 0.1069
2026-05-03 23:56:28,623 - mmdet - INFO - Iter [16975/120000]	lr: 1.000e-04, eta: 1 day, 15:30:10, time: 1.103, data_time: 0.012, memory: 37109, loss_mask: 0.0820, loss_texture: 0.0058, iou: 0.7585, iou_t0: 0.7469, iou_t1: 0.8916, iou_t2: 0.8551, iou_t3: 0.7735, iou_t4: 0.7290, iou_t5: 0.6319, loss: 0.0878
2026-05-03 23:56:56,288 - mmdet - INFO - 
--- Val evaluation at iter 17000 ---
2026-05-03 23:59:21,977 - mmdet - INFO - 
+------------+-------------+-------------+
| Class      | Val IoU     | Pseudo IoU  |
+------------+-------------+-------------+
| background | 92.19       | 92.68       |
| building   | 67.26       | 69.14       |
| Summary    | mIoU: 79.73 | mIoU: 80.91 |
+------------+-------------+-------------+
Images evaluated: 218
2026-05-03 23:59:23,338 - mmdet - INFO - Exp name: exp8_all.py
2026-05-03 23:59:23,338 - mmdet - INFO - Iter [17000/120000]	lr: 1.000e-04, eta: 1 day, 15:28:54, time: 1.107, data_time: 0.012, memory: 37109, val/mIoU: 0.7973, val/IoU.building: 0.6726, val/IoU.background: 0.9219, val/Pseudo_mIoU: 0.8091, loss_mask: 0.0798, loss_texture: 0.0059, iou: 0.7597, iou_t0: 0.7320, iou_t1: 0.8463, iou_t2: 0.8499, iou_t3: 0.7908, iou_t4: 0.7098, iou_t5: 0.7032, loss: 0.0857
2026-05-03 23:59:50,934 - mmdet - INFO - Iter [17025/120000]	lr: 1.000e-04, eta: 1 day, 15:42:27, time: 6.986, data_time: 5.896, memory: 37109, loss_mask: 0.0706, loss_texture: 0.0056, iou: 0.7512, iou_t0: 0.7071, iou_t1: 0.9028, iou_t2: 0.8553, iou_t3: 0.7742, iou_t4: 0.6828, iou_t5: 0.6750, loss: 0.0763
2026-05-04 00:00:18,478 - mmdet - INFO - Iter [17050/120000]	lr: 1.000e-04, eta: 1 day, 15:41:09, time: 1.102, data_time: 0.012, memory: 37109, loss_mask: 0.0864, loss_texture: 0.0062, iou: 0.7412, iou_t0: 0.6998, iou_t1: 0.8459, iou_t2: 0.8694, iou_t3: 0.8336, iou_t4: 0.6976, iou_t5: 0.6428, loss: 0.0926
2026-05-04 00:00:46,112 - mmdet - INFO - Iter [17075/120000]	lr: 1.000e-04, eta: 1 day, 15:39:52, time: 1.105, data_time: 0.012, memory: 37109, loss_mask: 0.0769, loss_texture: 0.0057, iou: 0.7443, iou_t0: 0.7088, iou_t1: 0.8847, iou_t2: 0.8151, iou_t3: 0.7587, iou_t4: 0.7410, iou_t5: 0.6335, loss: 0.0825
2026-05-04 00:01:13,658 - mmdet - INFO - Iter [17100/120000]	lr: 1.000e-04, eta: 1 day, 15:38:34, time: 1.102, data_time: 0.012, memory: 37109, loss_mask: 0.0630, loss_texture: 0.0050, iou: 0.7713, iou_t0: 0.7323, iou_t1: 0.8937, iou_t2: 0.8772, iou_t3: 0.8317, iou_t4: 0.7842, iou_t5: 0.6100, loss: 0.0679
2026-05-04 00:01:41,253 - mmdet - INFO - Iter [17125/120000]	lr: 1.000e-04, eta: 1 day, 15:37:17, time: 1.104, data_time: 0.013, memory: 37109, loss_mask: 0.0730, loss_texture: 0.0054, iou: 0.7462, iou_t0: 0.6894, iou_t1: 0.9255, iou_t2: 0.8490, iou_t3: 0.7359, iou_t4: 0.7617, iou_t5: 0.6685, loss: 0.0783
2026-05-04 00:02:08,750 - mmdet - INFO - Iter [17150/120000]	lr: 1.000e-04, eta: 1 day, 15:36:00, time: 1.100, data_time: 0.012, memory: 37109, loss_mask: 0.0750, loss_texture: 0.0057, iou: 0.7490, iou_t0: 0.7092, iou_t1: 0.8521, iou_t2: 0.8764, iou_t3: 0.8160, iou_t4: 0.7557, iou_t5: 0.6217, loss: 0.0807
2026-05-04 00:02:36,109 - mmdet - INFO - Iter [17175/120000]	lr: 1.000e-04, eta: 1 day, 15:34:41, time: 1.094, data_time: 0.012, memory: 37109, loss_mask: 0.0699, loss_texture: 0.0055, iou: 0.7526, iou_t0: 0.6900, iou_t1: 0.9189, iou_t2: 0.8882, iou_t3: 0.7994, iou_t4: 0.7740, iou_t5: 0.6651, loss: 0.0753
2026-05-04 00:03:03,659 - mmdet - INFO - Iter [17200/120000]	lr: 1.000e-04, eta: 1 day, 15:33:24, time: 1.102, data_time: 0.012, memory: 37109, loss_mask: 0.0759, loss_texture: 0.0060, iou: 0.7489, iou_t0: 0.6998, iou_t1: 0.8722, iou_t2: 0.8194, iou_t3: 0.7986, iou_t4: 0.7907, iou_t5: 0.6413, loss: 0.0820
2026-05-04 00:03:31,236 - mmdet - INFO - Iter [17225/120000]	lr: 1.000e-04, eta: 1 day, 15:32:07, time: 1.103, data_time: 0.013, memory: 37109, loss_mask: 0.0749, loss_texture: 0.0057, iou: 0.7532, iou_t0: 0.6923, iou_t1: 0.9003, iou_t2: 0.8549, iou_t3: 0.8289, iou_t4: 0.7413, iou_t5: 0.6946, loss: 0.0806
2026-05-04 00:03:58,686 - mmdet - INFO - Iter [17250/120000]	lr: 1.000e-04, eta: 1 day, 15:30:50, time: 1.098, data_time: 0.012, memory: 37109, loss_mask: 0.0609, loss_texture: 0.0047, iou: 0.7567, iou_t0: 0.7017, iou_t1: 0.9020, iou_t2: 0.8492, iou_t3: 0.8101, iou_t4: 0.7665, iou_t5: 0.6621, loss: 0.0656
2026-05-04 00:04:26,059 - mmdet - INFO - Iter [17275/120000]	lr: 1.000e-04, eta: 1 day, 15:29:32, time: 1.095, data_time: 0.012, memory: 37109, loss_mask: 0.0692, loss_texture: 0.0051, iou: 0.7360, iou_t0: 0.6896, iou_t1: 0.8223, iou_t2: 0.8529, iou_t3: 0.8096, iou_t4: 0.7693, iou_t5: 0.6554, loss: 0.0743
2026-05-04 00:04:53,435 - mmdet - INFO - Iter [17300/120000]	lr: 1.000e-04, eta: 1 day, 15:28:15, time: 1.095, data_time: 0.012, memory: 37109, loss_mask: 0.0603, loss_texture: 0.0049, iou: 0.7494, iou_t0: 0.6992, iou_t1: 0.8858, iou_t2: 0.8374, iou_t3: 0.8264, iou_t4: 0.7196, iou_t5: 0.6438, loss: 0.0652
2026-05-04 00:05:20,700 - mmdet - INFO - Iter [17325/120000]	lr: 1.000e-04, eta: 1 day, 15:26:57, time: 1.091, data_time: 0.013, memory: 37109, loss_mask: 0.0673, loss_texture: 0.0051, iou: 0.7253, iou_t0: 0.6610, iou_t1: 0.8478, iou_t2: 0.8608, iou_t3: 0.7944, iou_t4: 0.7709, iou_t5: 0.6189, loss: 0.0724
2026-05-04 00:05:48,091 - mmdet - INFO - Iter [17350/120000]	lr: 1.000e-04, eta: 1 day, 15:25:40, time: 1.096, data_time: 0.012, memory: 37109, loss_mask: 0.0639, loss_texture: 0.0050, iou: 0.7357, iou_t0: 0.6808, iou_t1: 0.8844, iou_t2: 0.8698, iou_t3: 0.8175, iou_t4: 0.7140, iou_t5: 0.6559, loss: 0.0689
2026-05-04 00:06:15,723 - mmdet - INFO - Iter [17375/120000]	lr: 1.000e-04, eta: 1 day, 15:24:24, time: 1.105, data_time: 0.012, memory: 37109, loss_mask: 0.0804, loss_texture: 0.0063, iou: 0.7673, iou_t0: 0.7349, iou_t1: 0.8726, iou_t2: 0.8373, iou_t3: 0.8309, iou_t4: 0.7517, iou_t5: 0.6738, loss: 0.0867
2026-05-04 00:06:43,195 - mmdet - INFO - Iter [17400/120000]	lr: 1.000e-04, eta: 1 day, 15:23:08, time: 1.099, data_time: 0.012, memory: 37109, loss_mask: 0.0735, loss_texture: 0.0056, iou: 0.7502, iou_t0: 0.6993, iou_t1: 0.8588, iou_t2: 0.8499, iou_t3: 0.8425, iou_t4: 0.7559, iou_t5: 0.7038, loss: 0.0791
2026-05-04 00:07:10,640 - mmdet - INFO - Iter [17425/120000]	lr: 1.000e-04, eta: 1 day, 15:21:52, time: 1.098, data_time: 0.013, memory: 37109, loss_mask: 0.0664, loss_texture: 0.0050, iou: 0.7126, iou_t0: 0.6403, iou_t1: 0.8966, iou_t2: 0.8080, iou_t3: 0.7654, iou_t4: 0.7380, iou_t5: 0.6459, loss: 0.0714
2026-05-04 00:07:38,163 - mmdet - INFO - Iter [17450/120000]	lr: 1.000e-04, eta: 1 day, 15:20:36, time: 1.101, data_time: 0.012, memory: 37109, loss_mask: 0.0715, loss_texture: 0.0057, iou: 0.7450, iou_t0: 0.6856, iou_t1: 0.9202, iou_t2: 0.8617, iou_t3: 0.8203, iou_t4: 0.7113, iou_t5: 0.6513, loss: 0.0771
2026-05-04 00:08:05,595 - mmdet - INFO - Iter [17475/120000]	lr: 1.000e-04, eta: 1 day, 15:19:20, time: 1.097, data_time: 0.013, memory: 37109, loss_mask: 0.0602, loss_texture: 0.0052, iou: 0.7648, iou_t0: 0.7089, iou_t1: 0.8990, iou_t2: 0.8195, iou_t3: 0.8663, iou_t4: 0.7575, iou_t5: 0.7090, loss: 0.0654
2026-05-04 00:08:33,113 - mmdet - INFO - 
--- Val evaluation at iter 17500 ---
