2026-05-05 10:08:16,353 - mmdet - INFO - Environment info:
------------------------------------------------------------
sys.platform: linux
Python: 3.8.20 (default, Oct  3 2024, 15:24:27) [GCC 11.2.0]
CUDA available: True
GPU 0: NVIDIA L40S
CUDA_HOME: /usr
NVCC: Cuda compilation tools, release 12.0, V12.0.140
GCC: gcc (Ubuntu 13.3.0-6ubuntu2~24.04.1) 13.3.0
PyTorch: 1.10.1+cu111
PyTorch compiling details: PyTorch built with:
  - GCC 7.3
  - C++ Version: 201402
  - Intel(R) Math Kernel Library Version 2020.0.0 Product Build 20191122 for Intel(R) 64 architecture applications
  - Intel(R) MKL-DNN v2.2.3 (Git Hash 7336ca9f055cf1bfa13efb658fe15dc9b41f0740)
  - OpenMP 201511 (a.k.a. OpenMP 4.5)
  - LAPACK is enabled (usually provided by MKL)
  - NNPACK is enabled
  - CPU capability usage: AVX2
  - CUDA Runtime 11.1
  - NVCC architecture flags: -gencode;arch=compute_37,code=sm_37;-gencode;arch=compute_50,code=sm_50;-gencode;arch=compute_60,code=sm_60;-gencode;arch=compute_70,code=sm_70;-gencode;arch=compute_75,code=sm_75;-gencode;arch=compute_80,code=sm_80;-gencode;arch=compute_86,code=sm_86
  - CuDNN 8.0.5
  - Magma 2.5.2
  - Build settings: BLAS_INFO=mkl, BUILD_TYPE=Release, CUDA_VERSION=11.1, CUDNN_VERSION=8.0.5, CXX_COMPILER=/opt/rh/devtoolset-7/root/usr/bin/c++, CXX_FLAGS= -Wno-deprecated -fvisibility-inlines-hidden -DUSE_PTHREADPOOL -fopenmp -DNDEBUG -DUSE_KINETO -DUSE_FBGEMM -DUSE_QNNPACK -DUSE_PYTORCH_QNNPACK -DUSE_XNNPACK -DSYMBOLICATE_MOBILE_DEBUG_HANDLE -DEDGE_PROFILER_USE_KINETO -O2 -fPIC -Wno-narrowing -Wall -Wextra -Werror=return-type -Wno-missing-field-initializers -Wno-type-limits -Wno-array-bounds -Wno-unknown-pragmas -Wno-sign-compare -Wno-unused-parameter -Wno-unused-variable -Wno-unused-function -Wno-unused-result -Wno-unused-local-typedefs -Wno-strict-overflow -Wno-strict-aliasing -Wno-error=deprecated-declarations -Wno-stringop-overflow -Wno-psabi -Wno-error=pedantic -Wno-error=redundant-decls -Wno-error=old-style-cast -fdiagnostics-color=always -faligned-new -Wno-unused-but-set-variable -Wno-maybe-uninitialized -fno-math-errno -fno-trapping-math -Werror=format -Wno-stringop-overflow, LAPACK_INFO=mkl, PERF_WITH_AVX=1, PERF_WITH_AVX2=1, PERF_WITH_AVX512=1, TORCH_VERSION=1.10.1, USE_CUDA=ON, USE_CUDNN=ON, USE_EXCEPTION_PTR=1, USE_GFLAGS=OFF, USE_GLOG=OFF, USE_MKL=ON, USE_MKLDNN=ON, USE_MPI=OFF, USE_NCCL=ON, USE_NNPACK=ON, USE_OPENMP=ON, 

TorchVision: 0.11.2+cu111
OpenCV: 4.13.0
MMCV: 1.5.0
MMCV Compiler: GCC 7.3
MMCV CUDA Compiler: 11.1
MMDetection: 2.28.1+164f596
------------------------------------------------------------

2026-05-05 10:08:16,862 - mmdet - INFO - Distributed training: False
2026-05-05 10:08:17,425 - mmdet - INFO - Config:
checkpoint_config = dict(interval=0, by_epoch=False)
log_config = dict(
    interval=25, hooks=[dict(type='TextLoggerHook', by_epoch=False)])
dist_params = dict(backend='nccl')
log_level = 'INFO'
load_from = None
resume_from = None
workflow = [('train', 1)]
opencv_num_threads = 0
mp_start_method = 'spawn'
auto_scale_lr = dict(enable=False, base_batch_size=16)
object_size = 256
task = 'semantic'
model = dict(
    type='SegRefinerSemantic',
    task='semantic',
    step=6,
    denoise_model=dict(
        type='DenoiseUNet',
        in_channels=4,
        out_channels=1,
        model_channels=128,
        num_res_blocks=2,
        num_heads=4,
        num_heads_upsample=-1,
        attention_strides=(16, 32),
        learn_time_embd=True,
        num_timesteps=6,
        channel_mult=(1, 1, 2, 2, 4, 4),
        dropout=0.0),
    diffusion_cfg=dict(
        betas=dict(type='linear', start=0.8, stop=0.0, num_timesteps=6),
        diff_iter=False,
        noise_components=dict(use_obj=True, use_bnd=False, use_unc=True)),
    test_cfg=dict(
        model_size=1024,
        fine_prob_thr=0.8,
        batch_max=32,
        iou_thr=0.15,
        max_local_patches=16,
        nms_iou_thr=0.5))
img_norm_cfg = dict(
    mean=[123.675, 116.28, 103.53], std=[58.395, 57.12, 57.375], to_rgb=True)
train_pipeline = [
    dict(type='LoadImageFromFile'),
    dict(
        type='LoadAnnotations',
        with_bbox=False,
        with_label=False,
        with_mask=False,
        with_seg=True),
    dict(
        type='LoadOEMCoarseMasks',
        use_obj=False,
        use_bnd=False,
        use_unc=False,
        obj_unc_threshold=0.3,
        test_mode=False),
    dict(type='AddGlobalView', size=256),
    dict(type='RandomCropAll', crop_size=256),
    dict(type='RandomFlip', flip_ratio=0.5),
    dict(
        type='Normalize',
        mean=[123.675, 116.28, 103.53],
        std=[58.395, 57.12, 57.375],
        to_rgb=True),
    dict(type='DefaultFormatBundle'),
    dict(
        type='Collect',
        keys=[
            'img', 'gt_masks', 'coarse_masks', 'unc_map', 'edge_map',
            'global_img', 'global_gt_np', 'global_coarse_np', 'global_unc_np',
            'global_edge_np'
        ])
]
val_data_root = '/home/ubuntu/vy/Denoiser/OEM_v2_Building'
val_pipeline = [
    dict(type='LoadImageFromFile'),
    dict(
        type='LoadAnnotations',
        with_bbox=False,
        with_label=False,
        with_mask=False,
        with_seg=True),
    dict(
        type='LoadOEMCoarseMasks',
        test_mode=True,
        pseudolabel_dir='/home/ubuntu/vy/Denoiser/OEM_v2_Building/pseudolabels'
    ),
    dict(type='Resize', img_scale=(1024, 1024), keep_ratio=False),
    dict(
        type='Normalize',
        mean=[123.675, 116.28, 103.53],
        std=[58.395, 57.12, 57.375],
        to_rgb=True),
    dict(type='DefaultFormatBundle'),
    dict(
        type='Collect',
        keys=['img', 'gt_masks', 'coarse_masks'],
        meta_keys=[
            'filename', 'ori_filename', 'ori_shape', 'img_shape', 'pad_shape',
            'scale_factor', 'flip', 'flip_direction', 'img_norm_cfg',
            'crop_bbox'
        ])
]
data_root = '/home/ubuntu/vy/Denoiser/OpenEarthMap_wo_xBD'
dataset_type = 'OEMBuildingDataset'
data = dict(
    train=dict(
        type='OEMBuildingDataset',
        data_root='/home/ubuntu/vy/Denoiser/OpenEarthMap_wo_xBD',
        split_file='/home/ubuntu/vy/Denoiser/OpenEarthMap_wo_xBD/train.txt',
        pipeline=[
            dict(type='LoadImageFromFile'),
            dict(
                type='LoadAnnotations',
                with_bbox=False,
                with_label=False,
                with_mask=False,
                with_seg=True),
            dict(
                type='LoadOEMCoarseMasks',
                use_obj=True,
                use_bnd=False,
                use_unc=True,
                test_mode=False),
            dict(type='RandomCropAll', crop_size=256),
            dict(type='RandomFlip', flip_ratio=0.5),
            dict(
                type='Normalize',
                mean=[123.675, 116.28, 103.53],
                std=[58.395, 57.12, 57.375],
                to_rgb=True),
            dict(type='DefaultFormatBundle'),
            dict(
                type='Collect',
                keys=[
                    'img', 'gt_masks', 'coarse_masks', 'unc_map', 'edge_map'
                ])
        ],
        test_mode=False),
    val=dict(
        type='OEMv2BuildingDataset',
        data_root='/home/ubuntu/vy/Denoiser/OEM_v2_Building',
        split_file='/home/ubuntu/vy/Denoiser/OEM_v2_Building/val.txt',
        pipeline=[
            dict(type='LoadImageFromFile'),
            dict(
                type='LoadAnnotations',
                with_bbox=False,
                with_label=False,
                with_mask=False,
                with_seg=True),
            dict(
                type='LoadOEMCoarseMasks',
                test_mode=True,
                pseudolabel_dir=
                '/home/ubuntu/vy/Denoiser/OEM_v2_Building/pseudolabels'),
            dict(type='Resize', img_scale=(1024, 1024), keep_ratio=False),
            dict(
                type='Normalize',
                mean=[123.675, 116.28, 103.53],
                std=[58.395, 57.12, 57.375],
                to_rgb=True),
            dict(type='DefaultFormatBundle'),
            dict(
                type='Collect',
                keys=['img', 'gt_masks', 'coarse_masks'],
                meta_keys=[
                    'filename', 'ori_filename', 'ori_shape', 'img_shape',
                    'pad_shape', 'scale_factor', 'flip', 'flip_direction',
                    'img_norm_cfg', 'crop_bbox'
                ])
        ],
        test_mode=True),
    test=dict(
        type='OEMv2BuildingDataset',
        data_root='/home/ubuntu/vy/Denoiser/OEM_v2_Building',
        split_file='/home/ubuntu/vy/Denoiser/OEM_v2_Building/test.txt',
        pipeline=[
            dict(type='LoadImageFromFile'),
            dict(
                type='LoadAnnotations',
                with_bbox=False,
                with_label=False,
                with_mask=False,
                with_seg=True),
            dict(
                type='LoadOEMCoarseMasks',
                test_mode=True,
                pseudolabel_dir=
                '/home/ubuntu/vy/Denoiser/OEM_v2_Building/pseudolabels'),
            dict(type='Resize', img_scale=(1024, 1024), keep_ratio=False),
            dict(
                type='Normalize',
                mean=[123.675, 116.28, 103.53],
                std=[58.395, 57.12, 57.375],
                to_rgb=True),
            dict(type='DefaultFormatBundle'),
            dict(
                type='Collect',
                keys=['img', 'gt_masks', 'coarse_masks'],
                meta_keys=[
                    'filename', 'ori_filename', 'ori_shape', 'img_shape',
                    'pad_shape', 'scale_factor', 'flip', 'flip_direction',
                    'img_norm_cfg', 'crop_bbox'
                ])
        ],
        test_mode=True),
    train_dataloader=dict(samples_per_gpu=16, workers_per_gpu=4),
    val_dataloader=dict(samples_per_gpu=1, workers_per_gpu=4))
optimizer = dict(
    type='AdamW', lr=0.0001, weight_decay=0, eps=1e-08, betas=(0.9, 0.999))
optimizer_config = dict(grad_clip=None)
max_iters = 120000
runner = dict(type='IterBasedRunner', max_iters=120000)
lr_config = dict(
    policy='step',
    gamma=0.5,
    by_epoch=False,
    step=[85000, 110000],
    warmup='linear',
    warmup_by_epoch=False,
    warmup_ratio=0.001,
    warmup_iters=500)
oem_eval = dict(interval=500, save_best=True)
interval = 1
work_dir = 'work_dirs/exp6_obj_unc'
auto_resume = False
gpu_ids = [0]

2026-05-05 10:08:17,426 - mmdet - INFO - Set random seed to 332162253, deterministic: False
Name of parameter - Initialization information

denoise_model.time_embed.weight - torch.Size([6, 512]): 
The value is the same before and after calling `init_weights` of SegRefinerSemantic  

denoise_model.input_blocks.0.0.weight - torch.Size([128, 4, 3, 3]): 
The value is the same before and after calling `init_weights` of SegRefinerSemantic  

denoise_model.input_blocks.0.0.bias - torch.Size([128]): 
The value is the same before and after calling `init_weights` of SegRefinerSemantic  

denoise_model.input_blocks.1.0.in_layers.0.weight - torch.Size([128]): 
The value is the same before and after calling `init_weights` of SegRefinerSemantic  

denoise_model.input_blocks.1.0.in_layers.0.bias - torch.Size([128]): 
The value is the same before and after calling `init_weights` of SegRefinerSemantic  

denoise_model.input_blocks.1.0.in_layers.2.weight - torch.Size([128, 128, 3, 3]): 
The value is the same before and after calling `init_weights` of SegRefinerSemantic  

denoise_model.input_blocks.1.0.in_layers.2.bias - torch.Size([128]): 
The value is the same before and after calling `init_weights` of SegRefinerSemantic  

denoise_model.input_blocks.1.0.emb_layers.1.weight - torch.Size([128, 512]): 
The value is the same before and after calling `init_weights` of SegRefinerSemantic  

denoise_model.input_blocks.1.0.emb_layers.1.bias - torch.Size([128]): 
The value is the same before and after calling `init_weights` of SegRefinerSemantic  

denoise_model.input_blocks.1.0.out_layers.0.weight - torch.Size([128]): 
The value is the same before and after calling `init_weights` of SegRefinerSemantic  

denoise_model.input_blocks.1.0.out_layers.0.bias - torch.Size([128]): 
The value is the same before and after calling `init_weights` of SegRefinerSemantic  

denoise_model.input_blocks.1.0.out_layers.3.weight - torch.Size([128, 128, 3, 3]): 
The value is the same before and after calling `init_weights` of SegRefinerSemantic  

denoise_model.input_blocks.1.0.out_layers.3.bias - torch.Size([128]): 
The value is the same before and after calling `init_weights` of SegRefinerSemantic  

denoise_model.input_blocks.2.0.in_layers.0.weight - torch.Size([128]): 
The value is the same before and after calling `init_weights` of SegRefinerSemantic  

denoise_model.input_blocks.2.0.in_layers.0.bias - torch.Size([128]): 
The value is the same before and after calling `init_weights` of SegRefinerSemantic  

denoise_model.input_blocks.2.0.in_layers.2.weight - torch.Size([128, 128, 3, 3]): 
The value is the same before and after calling `init_weights` of SegRefinerSemantic  

denoise_model.input_blocks.2.0.in_layers.2.bias - torch.Size([128]): 
The value is the same before and after calling `init_weights` of SegRefinerSemantic  

denoise_model.input_blocks.2.0.emb_layers.1.weight - torch.Size([128, 512]): 
The value is the same before and after calling `init_weights` of SegRefinerSemantic  

denoise_model.input_blocks.2.0.emb_layers.1.bias - torch.Size([128]): 
The value is the same before and after calling `init_weights` of SegRefinerSemantic  

denoise_model.input_blocks.2.0.out_layers.0.weight - torch.Size([128]): 
The value is the same before and after calling `init_weights` of SegRefinerSemantic  

denoise_model.input_blocks.2.0.out_layers.0.bias - torch.Size([128]): 
The value is the same before and after calling `init_weights` of SegRefinerSemantic  

denoise_model.input_blocks.2.0.out_layers.3.weight - torch.Size([128, 128, 3, 3]): 
The value is the same before and after calling `init_weights` of SegRefinerSemantic  

denoise_model.input_blocks.2.0.out_layers.3.bias - torch.Size([128]): 
The value is the same before and after calling `init_weights` of SegRefinerSemantic  

denoise_model.input_blocks.3.0.op.weight - torch.Size([128, 128, 3, 3]): 
The value is the same before and after calling `init_weights` of SegRefinerSemantic  

denoise_model.input_blocks.3.0.op.bias - torch.Size([128]): 
The value is the same before and after calling `init_weights` of SegRefinerSemantic  

denoise_model.input_blocks.4.0.in_layers.0.weight - torch.Size([128]): 
The value is the same before and after calling `init_weights` of SegRefinerSemantic  

denoise_model.input_blocks.4.0.in_layers.0.bias - torch.Size([128]): 
The value is the same before and after calling `init_weights` of SegRefinerSemantic  

denoise_model.input_blocks.4.0.in_layers.2.weight - torch.Size([128, 128, 3, 3]): 
The value is the same before and after calling `init_weights` of SegRefinerSemantic  

denoise_model.input_blocks.4.0.in_layers.2.bias - torch.Size([128]): 
The value is the same before and after calling `init_weights` of SegRefinerSemantic  

denoise_model.input_blocks.4.0.emb_layers.1.weight - torch.Size([128, 512]): 
The value is the same before and after calling `init_weights` of SegRefinerSemantic  

denoise_model.input_blocks.4.0.emb_layers.1.bias - torch.Size([128]): 
The value is the same before and after calling `init_weights` of SegRefinerSemantic  

denoise_model.input_blocks.4.0.out_layers.0.weight - torch.Size([128]): 
The value is the same before and after calling `init_weights` of SegRefinerSemantic  

denoise_model.input_blocks.4.0.out_layers.0.bias - torch.Size([128]): 
The value is the same before and after calling `init_weights` of SegRefinerSemantic  

denoise_model.input_blocks.4.0.out_layers.3.weight - torch.Size([128, 128, 3, 3]): 
The value is the same before and after calling `init_weights` of SegRefinerSemantic  

denoise_model.input_blocks.4.0.out_layers.3.bias - torch.Size([128]): 
The value is the same before and after calling `init_weights` of SegRefinerSemantic  

denoise_model.input_blocks.5.0.in_layers.0.weight - torch.Size([128]): 
The value is the same before and after calling `init_weights` of SegRefinerSemantic  

denoise_model.input_blocks.5.0.in_layers.0.bias - torch.Size([128]): 
The value is the same before and after calling `init_weights` of SegRefinerSemantic  

denoise_model.input_blocks.5.0.in_layers.2.weight - torch.Size([128, 128, 3, 3]): 
The value is the same before and after calling `init_weights` of SegRefinerSemantic  

denoise_model.input_blocks.5.0.in_layers.2.bias - torch.Size([128]): 
The value is the same before and after calling `init_weights` of SegRefinerSemantic  

denoise_model.input_blocks.5.0.emb_layers.1.weight - torch.Size([128, 512]): 
The value is the same before and after calling `init_weights` of SegRefinerSemantic  

denoise_model.input_blocks.5.0.emb_layers.1.bias - torch.Size([128]): 
The value is the same before and after calling `init_weights` of SegRefinerSemantic  

denoise_model.input_blocks.5.0.out_layers.0.weight - torch.Size([128]): 
The value is the same before and after calling `init_weights` of SegRefinerSemantic  

denoise_model.input_blocks.5.0.out_layers.0.bias - torch.Size([128]): 
The value is the same before and after calling `init_weights` of SegRefinerSemantic  

denoise_model.input_blocks.5.0.out_layers.3.weight - torch.Size([128, 128, 3, 3]): 
The value is the same before and after calling `init_weights` of SegRefinerSemantic  

denoise_model.input_blocks.5.0.out_layers.3.bias - torch.Size([128]): 
The value is the same before and after calling `init_weights` of SegRefinerSemantic  

denoise_model.input_blocks.6.0.op.weight - torch.Size([128, 128, 3, 3]): 
The value is the same before and after calling `init_weights` of SegRefinerSemantic  

denoise_model.input_blocks.6.0.op.bias - torch.Size([128]): 
The value is the same before and after calling `init_weights` of SegRefinerSemantic  

denoise_model.input_blocks.7.0.in_layers.0.weight - torch.Size([128]): 
The value is the same before and after calling `init_weights` of SegRefinerSemantic  

denoise_model.input_blocks.7.0.in_layers.0.bias - torch.Size([128]): 
The value is the same before and after calling `init_weights` of SegRefinerSemantic  

denoise_model.input_blocks.7.0.in_layers.2.weight - torch.Size([256, 128, 3, 3]): 
The value is the same before and after calling `init_weights` of SegRefinerSemantic  

denoise_model.input_blocks.7.0.in_layers.2.bias - torch.Size([256]): 
The value is the same before and after calling `init_weights` of SegRefinerSemantic  

denoise_model.input_blocks.7.0.emb_layers.1.weight - torch.Size([256, 512]): 
The value is the same before and after calling `init_weights` of SegRefinerSemantic  

denoise_model.input_blocks.7.0.emb_layers.1.bias - torch.Size([256]): 
The value is the same before and after calling `init_weights` of SegRefinerSemantic  

denoise_model.input_blocks.7.0.out_layers.0.weight - torch.Size([256]): 
The value is the same before and after calling `init_weights` of SegRefinerSemantic  

denoise_model.input_blocks.7.0.out_layers.0.bias - torch.Size([256]): 
The value is the same before and after calling `init_weights` of SegRefinerSemantic  

denoise_model.input_blocks.7.0.out_layers.3.weight - torch.Size([256, 256, 3, 3]): 
The value is the same before and after calling `init_weights` of SegRefinerSemantic  

denoise_model.input_blocks.7.0.out_layers.3.bias - torch.Size([256]): 
The value is the same before and after calling `init_weights` of SegRefinerSemantic  

denoise_model.input_blocks.7.0.skip_connection.weight - torch.Size([256, 128, 1, 1]): 
The value is the same before and after calling `init_weights` of SegRefinerSemantic  

denoise_model.input_blocks.7.0.skip_connection.bias - torch.Size([256]): 
The value is the same before and after calling `init_weights` of SegRefinerSemantic  

denoise_model.input_blocks.8.0.in_layers.0.weight - torch.Size([256]): 
The value is the same before and after calling `init_weights` of SegRefinerSemantic  

denoise_model.input_blocks.8.0.in_layers.0.bias - torch.Size([256]): 
The value is the same before and after calling `init_weights` of SegRefinerSemantic  

denoise_model.input_blocks.8.0.in_layers.2.weight - torch.Size([256, 256, 3, 3]): 
The value is the same before and after calling `init_weights` of SegRefinerSemantic  

denoise_model.input_blocks.8.0.in_layers.2.bias - torch.Size([256]): 
The value is the same before and after calling `init_weights` of SegRefinerSemantic  

denoise_model.input_blocks.8.0.emb_layers.1.weight - torch.Size([256, 512]): 
The value is the same before and after calling `init_weights` of SegRefinerSemantic  

denoise_model.input_blocks.8.0.emb_layers.1.bias - torch.Size([256]): 
The value is the same before and after calling `init_weights` of SegRefinerSemantic  

denoise_model.input_blocks.8.0.out_layers.0.weight - torch.Size([256]): 
The value is the same before and after calling `init_weights` of SegRefinerSemantic  

denoise_model.input_blocks.8.0.out_layers.0.bias - torch.Size([256]): 
The value is the same before and after calling `init_weights` of SegRefinerSemantic  

denoise_model.input_blocks.8.0.out_layers.3.weight - torch.Size([256, 256, 3, 3]): 
The value is the same before and after calling `init_weights` of SegRefinerSemantic  

denoise_model.input_blocks.8.0.out_layers.3.bias - torch.Size([256]): 
The value is the same before and after calling `init_weights` of SegRefinerSemantic  

denoise_model.input_blocks.9.0.op.weight - torch.Size([256, 256, 3, 3]): 
The value is the same before and after calling `init_weights` of SegRefinerSemantic  

denoise_model.input_blocks.9.0.op.bias - torch.Size([256]): 
The value is the same before and after calling `init_weights` of SegRefinerSemantic  

denoise_model.input_blocks.10.0.in_layers.0.weight - torch.Size([256]): 
The value is the same before and after calling `init_weights` of SegRefinerSemantic  

denoise_model.input_blocks.10.0.in_layers.0.bias - torch.Size([256]): 
The value is the same before and after calling `init_weights` of SegRefinerSemantic  

denoise_model.input_blocks.10.0.in_layers.2.weight - torch.Size([256, 256, 3, 3]): 
The value is the same before and after calling `init_weights` of SegRefinerSemantic  

denoise_model.input_blocks.10.0.in_layers.2.bias - torch.Size([256]): 
The value is the same before and after calling `init_weights` of SegRefinerSemantic  

denoise_model.input_blocks.10.0.emb_layers.1.weight - torch.Size([256, 512]): 
The value is the same before and after calling `init_weights` of SegRefinerSemantic  

denoise_model.input_blocks.10.0.emb_layers.1.bias - torch.Size([256]): 
The value is the same before and after calling `init_weights` of SegRefinerSemantic  

denoise_model.input_blocks.10.0.out_layers.0.weight - torch.Size([256]): 
The value is the same before and after calling `init_weights` of SegRefinerSemantic  

denoise_model.input_blocks.10.0.out_layers.0.bias - torch.Size([256]): 
The value is the same before and after calling `init_weights` of SegRefinerSemantic  

denoise_model.input_blocks.10.0.out_layers.3.weight - torch.Size([256, 256, 3, 3]): 
The value is the same before and after calling `init_weights` of SegRefinerSemantic  

denoise_model.input_blocks.10.0.out_layers.3.bias - torch.Size([256]): 
The value is the same before and after calling `init_weights` of SegRefinerSemantic  

denoise_model.input_blocks.11.0.in_layers.0.weight - torch.Size([256]): 
The value is the same before and after calling `init_weights` of SegRefinerSemantic  

denoise_model.input_blocks.11.0.in_layers.0.bias - torch.Size([256]): 
The value is the same before and after calling `init_weights` of SegRefinerSemantic  

denoise_model.input_blocks.11.0.in_layers.2.weight - torch.Size([256, 256, 3, 3]): 
The value is the same before and after calling `init_weights` of SegRefinerSemantic  

denoise_model.input_blocks.11.0.in_layers.2.bias - torch.Size([256]): 
The value is the same before and after calling `init_weights` of SegRefinerSemantic  

denoise_model.input_blocks.11.0.emb_layers.1.weight - torch.Size([256, 512]): 
The value is the same before and after calling `init_weights` of SegRefinerSemantic  

denoise_model.input_blocks.11.0.emb_layers.1.bias - torch.Size([256]): 
The value is the same before and after calling `init_weights` of SegRefinerSemantic  

denoise_model.input_blocks.11.0.out_layers.0.weight - torch.Size([256]): 
The value is the same before and after calling `init_weights` of SegRefinerSemantic  

denoise_model.input_blocks.11.0.out_layers.0.bias - torch.Size([256]): 
The value is the same before and after calling `init_weights` of SegRefinerSemantic  

denoise_model.input_blocks.11.0.out_layers.3.weight - torch.Size([256, 256, 3, 3]): 
The value is the same before and after calling `init_weights` of SegRefinerSemantic  

denoise_model.input_blocks.11.0.out_layers.3.bias - torch.Size([256]): 
The value is the same before and after calling `init_weights` of SegRefinerSemantic  

denoise_model.input_blocks.12.0.op.weight - torch.Size([256, 256, 3, 3]): 
The value is the same before and after calling `init_weights` of SegRefinerSemantic  

denoise_model.input_blocks.12.0.op.bias - torch.Size([256]): 
The value is the same before and after calling `init_weights` of SegRefinerSemantic  

denoise_model.input_blocks.13.0.in_layers.0.weight - torch.Size([256]): 
The value is the same before and after calling `init_weights` of SegRefinerSemantic  

denoise_model.input_blocks.13.0.in_layers.0.bias - torch.Size([256]): 
The value is the same before and after calling `init_weights` of SegRefinerSemantic  

denoise_model.input_blocks.13.0.in_layers.2.weight - torch.Size([512, 256, 3, 3]): 
The value is the same before and after calling `init_weights` of SegRefinerSemantic  

denoise_model.input_blocks.13.0.in_layers.2.bias - torch.Size([512]): 
The value is the same before and after calling `init_weights` of SegRefinerSemantic  

denoise_model.input_blocks.13.0.emb_layers.1.weight - torch.Size([512, 512]): 
The value is the same before and after calling `init_weights` of SegRefinerSemantic  

denoise_model.input_blocks.13.0.emb_layers.1.bias - torch.Size([512]): 
The value is the same before and after calling `init_weights` of SegRefinerSemantic  

denoise_model.input_blocks.13.0.out_layers.0.weight - torch.Size([512]): 
The value is the same before and after calling `init_weights` of SegRefinerSemantic  

denoise_model.input_blocks.13.0.out_layers.0.bias - torch.Size([512]): 
The value is the same before and after calling `init_weights` of SegRefinerSemantic  

denoise_model.input_blocks.13.0.out_layers.3.weight - torch.Size([512, 512, 3, 3]): 
The value is the same before and after calling `init_weights` of SegRefinerSemantic  

denoise_model.input_blocks.13.0.out_layers.3.bias - torch.Size([512]): 
The value is the same before and after calling `init_weights` of SegRefinerSemantic  

denoise_model.input_blocks.13.0.skip_connection.weight - torch.Size([512, 256, 1, 1]): 
The value is the same before and after calling `init_weights` of SegRefinerSemantic  

denoise_model.input_blocks.13.0.skip_connection.bias - torch.Size([512]): 
The value is the same before and after calling `init_weights` of SegRefinerSemantic  

denoise_model.input_blocks.13.1.norm.weight - torch.Size([512]): 
The value is the same before and after calling `init_weights` of SegRefinerSemantic  

denoise_model.input_blocks.13.1.norm.bias - torch.Size([512]): 
The value is the same before and after calling `init_weights` of SegRefinerSemantic  

denoise_model.input_blocks.13.1.qkv.weight - torch.Size([1536, 512, 1]): 
The value is the same before and after calling `init_weights` of SegRefinerSemantic  

denoise_model.input_blocks.13.1.qkv.bias - torch.Size([1536]): 
The value is the same before and after calling `init_weights` of SegRefinerSemantic  

denoise_model.input_blocks.13.1.proj_out.weight - torch.Size([512, 512, 1]): 
The value is the same before and after calling `init_weights` of SegRefinerSemantic  

denoise_model.input_blocks.13.1.proj_out.bias - torch.Size([512]): 
The value is the same before and after calling `init_weights` of SegRefinerSemantic  

denoise_model.input_blocks.14.0.in_layers.0.weight - torch.Size([512]): 
The value is the same before and after calling `init_weights` of SegRefinerSemantic  

denoise_model.input_blocks.14.0.in_layers.0.bias - torch.Size([512]): 
The value is the same before and after calling `init_weights` of SegRefinerSemantic  

denoise_model.input_blocks.14.0.in_layers.2.weight - torch.Size([512, 512, 3, 3]): 
The value is the same before and after calling `init_weights` of SegRefinerSemantic  

denoise_model.input_blocks.14.0.in_layers.2.bias - torch.Size([512]): 
The value is the same before and after calling `init_weights` of SegRefinerSemantic  

denoise_model.input_blocks.14.0.emb_layers.1.weight - torch.Size([512, 512]): 
The value is the same before and after calling `init_weights` of SegRefinerSemantic  

denoise_model.input_blocks.14.0.emb_layers.1.bias - torch.Size([512]): 
The value is the same before and after calling `init_weights` of SegRefinerSemantic  

denoise_model.input_blocks.14.0.out_layers.0.weight - torch.Size([512]): 
The value is the same before and after calling `init_weights` of SegRefinerSemantic  

denoise_model.input_blocks.14.0.out_layers.0.bias - torch.Size([512]): 
The value is the same before and after calling `init_weights` of SegRefinerSemantic  

denoise_model.input_blocks.14.0.out_layers.3.weight - torch.Size([512, 512, 3, 3]): 
The value is the same before and after calling `init_weights` of SegRefinerSemantic  

denoise_model.input_blocks.14.0.out_layers.3.bias - torch.Size([512]): 
The value is the same before and after calling `init_weights` of SegRefinerSemantic  

denoise_model.input_blocks.14.1.norm.weight - torch.Size([512]): 
The value is the same before and after calling `init_weights` of SegRefinerSemantic  

denoise_model.input_blocks.14.1.norm.bias - torch.Size([512]): 
The value is the same before and after calling `init_weights` of SegRefinerSemantic  

denoise_model.input_blocks.14.1.qkv.weight - torch.Size([1536, 512, 1]): 
The value is the same before and after calling `init_weights` of SegRefinerSemantic  

denoise_model.input_blocks.14.1.qkv.bias - torch.Size([1536]): 
The value is the same before and after calling `init_weights` of SegRefinerSemantic  

denoise_model.input_blocks.14.1.proj_out.weight - torch.Size([512, 512, 1]): 
The value is the same before and after calling `init_weights` of SegRefinerSemantic  

denoise_model.input_blocks.14.1.proj_out.bias - torch.Size([512]): 
The value is the same before and after calling `init_weights` of SegRefinerSemantic  

denoise_model.input_blocks.15.0.op.weight - torch.Size([512, 512, 3, 3]): 
The value is the same before and after calling `init_weights` of SegRefinerSemantic  

denoise_model.input_blocks.15.0.op.bias - torch.Size([512]): 
The value is the same before and after calling `init_weights` of SegRefinerSemantic  

denoise_model.input_blocks.16.0.in_layers.0.weight - torch.Size([512]): 
The value is the same before and after calling `init_weights` of SegRefinerSemantic  

denoise_model.input_blocks.16.0.in_layers.0.bias - torch.Size([512]): 
The value is the same before and after calling `init_weights` of SegRefinerSemantic  

denoise_model.input_blocks.16.0.in_layers.2.weight - torch.Size([512, 512, 3, 3]): 
The value is the same before and after calling `init_weights` of SegRefinerSemantic  

denoise_model.input_blocks.16.0.in_layers.2.bias - torch.Size([512]): 
The value is the same before and after calling `init_weights` of SegRefinerSemantic  

denoise_model.input_blocks.16.0.emb_layers.1.weight - torch.Size([512, 512]): 
The value is the same before and after calling `init_weights` of SegRefinerSemantic  

denoise_model.input_blocks.16.0.emb_layers.1.bias - torch.Size([512]): 
The value is the same before and after calling `init_weights` of SegRefinerSemantic  

denoise_model.input_blocks.16.0.out_layers.0.weight - torch.Size([512]): 
The value is the same before and after calling `init_weights` of SegRefinerSemantic  

denoise_model.input_blocks.16.0.out_layers.0.bias - torch.Size([512]): 
The value is the same before and after calling `init_weights` of SegRefinerSemantic  

denoise_model.input_blocks.16.0.out_layers.3.weight - torch.Size([512, 512, 3, 3]): 
The value is the same before and after calling `init_weights` of SegRefinerSemantic  

denoise_model.input_blocks.16.0.out_layers.3.bias - torch.Size([512]): 
The value is the same before and after calling `init_weights` of SegRefinerSemantic  

denoise_model.input_blocks.16.1.norm.weight - torch.Size([512]): 
The value is the same before and after calling `init_weights` of SegRefinerSemantic  

denoise_model.input_blocks.16.1.norm.bias - torch.Size([512]): 
The value is the same before and after calling `init_weights` of SegRefinerSemantic  

denoise_model.input_blocks.16.1.qkv.weight - torch.Size([1536, 512, 1]): 
The value is the same before and after calling `init_weights` of SegRefinerSemantic  

denoise_model.input_blocks.16.1.qkv.bias - torch.Size([1536]): 
The value is the same before and after calling `init_weights` of SegRefinerSemantic  

denoise_model.input_blocks.16.1.proj_out.weight - torch.Size([512, 512, 1]): 
The value is the same before and after calling `init_weights` of SegRefinerSemantic  

denoise_model.input_blocks.16.1.proj_out.bias - torch.Size([512]): 
The value is the same before and after calling `init_weights` of SegRefinerSemantic  

denoise_model.input_blocks.17.0.in_layers.0.weight - torch.Size([512]): 
The value is the same before and after calling `init_weights` of SegRefinerSemantic  

denoise_model.input_blocks.17.0.in_layers.0.bias - torch.Size([512]): 
The value is the same before and after calling `init_weights` of SegRefinerSemantic  

denoise_model.input_blocks.17.0.in_layers.2.weight - torch.Size([512, 512, 3, 3]): 
The value is the same before and after calling `init_weights` of SegRefinerSemantic  

denoise_model.input_blocks.17.0.in_layers.2.bias - torch.Size([512]): 
The value is the same before and after calling `init_weights` of SegRefinerSemantic  

denoise_model.input_blocks.17.0.emb_layers.1.weight - torch.Size([512, 512]): 
The value is the same before and after calling `init_weights` of SegRefinerSemantic  

denoise_model.input_blocks.17.0.emb_layers.1.bias - torch.Size([512]): 
The value is the same before and after calling `init_weights` of SegRefinerSemantic  

denoise_model.input_blocks.17.0.out_layers.0.weight - torch.Size([512]): 
The value is the same before and after calling `init_weights` of SegRefinerSemantic  

denoise_model.input_blocks.17.0.out_layers.0.bias - torch.Size([512]): 
The value is the same before and after calling `init_weights` of SegRefinerSemantic  

denoise_model.input_blocks.17.0.out_layers.3.weight - torch.Size([512, 512, 3, 3]): 
The value is the same before and after calling `init_weights` of SegRefinerSemantic  

denoise_model.input_blocks.17.0.out_layers.3.bias - torch.Size([512]): 
The value is the same before and after calling `init_weights` of SegRefinerSemantic  

denoise_model.input_blocks.17.1.norm.weight - torch.Size([512]): 
The value is the same before and after calling `init_weights` of SegRefinerSemantic  

denoise_model.input_blocks.17.1.norm.bias - torch.Size([512]): 
The value is the same before and after calling `init_weights` of SegRefinerSemantic  

denoise_model.input_blocks.17.1.qkv.weight - torch.Size([1536, 512, 1]): 
The value is the same before and after calling `init_weights` of SegRefinerSemantic  

denoise_model.input_blocks.17.1.qkv.bias - torch.Size([1536]): 
The value is the same before and after calling `init_weights` of SegRefinerSemantic  

denoise_model.input_blocks.17.1.proj_out.weight - torch.Size([512, 512, 1]): 
The value is the same before and after calling `init_weights` of SegRefinerSemantic  

denoise_model.input_blocks.17.1.proj_out.bias - torch.Size([512]): 
The value is the same before and after calling `init_weights` of SegRefinerSemantic  

denoise_model.middle_block.0.in_layers.0.weight - torch.Size([512]): 
The value is the same before and after calling `init_weights` of SegRefinerSemantic  

denoise_model.middle_block.0.in_layers.0.bias - torch.Size([512]): 
The value is the same before and after calling `init_weights` of SegRefinerSemantic  

denoise_model.middle_block.0.in_layers.2.weight - torch.Size([512, 512, 3, 3]): 
The value is the same before and after calling `init_weights` of SegRefinerSemantic  

denoise_model.middle_block.0.in_layers.2.bias - torch.Size([512]): 
The value is the same before and after calling `init_weights` of SegRefinerSemantic  

denoise_model.middle_block.0.emb_layers.1.weight - torch.Size([512, 512]): 
The value is the same before and after calling `init_weights` of SegRefinerSemantic  

denoise_model.middle_block.0.emb_layers.1.bias - torch.Size([512]): 
The value is the same before and after calling `init_weights` of SegRefinerSemantic  

denoise_model.middle_block.0.out_layers.0.weight - torch.Size([512]): 
The value is the same before and after calling `init_weights` of SegRefinerSemantic  

denoise_model.middle_block.0.out_layers.0.bias - torch.Size([512]): 
The value is the same before and after calling `init_weights` of SegRefinerSemantic  

denoise_model.middle_block.0.out_layers.3.weight - torch.Size([512, 512, 3, 3]): 
The value is the same before and after calling `init_weights` of SegRefinerSemantic  

denoise_model.middle_block.0.out_layers.3.bias - torch.Size([512]): 
The value is the same before and after calling `init_weights` of SegRefinerSemantic  

denoise_model.middle_block.1.norm.weight - torch.Size([512]): 
The value is the same before and after calling `init_weights` of SegRefinerSemantic  

denoise_model.middle_block.1.norm.bias - torch.Size([512]): 
The value is the same before and after calling `init_weights` of SegRefinerSemantic  

denoise_model.middle_block.1.qkv.weight - torch.Size([1536, 512, 1]): 
The value is the same before and after calling `init_weights` of SegRefinerSemantic  

denoise_model.middle_block.1.qkv.bias - torch.Size([1536]): 
The value is the same before and after calling `init_weights` of SegRefinerSemantic  

denoise_model.middle_block.1.proj_out.weight - torch.Size([512, 512, 1]): 
The value is the same before and after calling `init_weights` of SegRefinerSemantic  

denoise_model.middle_block.1.proj_out.bias - torch.Size([512]): 
The value is the same before and after calling `init_weights` of SegRefinerSemantic  

denoise_model.middle_block.2.in_layers.0.weight - torch.Size([512]): 
The value is the same before and after calling `init_weights` of SegRefinerSemantic  

denoise_model.middle_block.2.in_layers.0.bias - torch.Size([512]): 
The value is the same before and after calling `init_weights` of SegRefinerSemantic  

denoise_model.middle_block.2.in_layers.2.weight - torch.Size([512, 512, 3, 3]): 
The value is the same before and after calling `init_weights` of SegRefinerSemantic  

denoise_model.middle_block.2.in_layers.2.bias - torch.Size([512]): 
The value is the same before and after calling `init_weights` of SegRefinerSemantic  

denoise_model.middle_block.2.emb_layers.1.weight - torch.Size([512, 512]): 
The value is the same before and after calling `init_weights` of SegRefinerSemantic  

denoise_model.middle_block.2.emb_layers.1.bias - torch.Size([512]): 
The value is the same before and after calling `init_weights` of SegRefinerSemantic  

denoise_model.middle_block.2.out_layers.0.weight - torch.Size([512]): 
The value is the same before and after calling `init_weights` of SegRefinerSemantic  

denoise_model.middle_block.2.out_layers.0.bias - torch.Size([512]): 
The value is the same before and after calling `init_weights` of SegRefinerSemantic  

denoise_model.middle_block.2.out_layers.3.weight - torch.Size([512, 512, 3, 3]): 
The value is the same before and after calling `init_weights` of SegRefinerSemantic  

denoise_model.middle_block.2.out_layers.3.bias - torch.Size([512]): 
The value is the same before and after calling `init_weights` of SegRefinerSemantic  

denoise_model.output_blocks.0.0.in_layers.0.weight - torch.Size([1024]): 
The value is the same before and after calling `init_weights` of SegRefinerSemantic  

denoise_model.output_blocks.0.0.in_layers.0.bias - torch.Size([1024]): 
The value is the same before and after calling `init_weights` of SegRefinerSemantic  

denoise_model.output_blocks.0.0.in_layers.2.weight - torch.Size([512, 1024, 3, 3]): 
The value is the same before and after calling `init_weights` of SegRefinerSemantic  

denoise_model.output_blocks.0.0.in_layers.2.bias - torch.Size([512]): 
The value is the same before and after calling `init_weights` of SegRefinerSemantic  

denoise_model.output_blocks.0.0.emb_layers.1.weight - torch.Size([512, 512]): 
The value is the same before and after calling `init_weights` of SegRefinerSemantic  

denoise_model.output_blocks.0.0.emb_layers.1.bias - torch.Size([512]): 
The value is the same before and after calling `init_weights` of SegRefinerSemantic  

denoise_model.output_blocks.0.0.out_layers.0.weight - torch.Size([512]): 
The value is the same before and after calling `init_weights` of SegRefinerSemantic  

denoise_model.output_blocks.0.0.out_layers.0.bias - torch.Size([512]): 
The value is the same before and after calling `init_weights` of SegRefinerSemantic  

denoise_model.output_blocks.0.0.out_layers.3.weight - torch.Size([512, 512, 3, 3]): 
The value is the same before and after calling `init_weights` of SegRefinerSemantic  

denoise_model.output_blocks.0.0.out_layers.3.bias - torch.Size([512]): 
The value is the same before and after calling `init_weights` of SegRefinerSemantic  

denoise_model.output_blocks.0.0.skip_connection.weight - torch.Size([512, 1024, 1, 1]): 
The value is the same before and after calling `init_weights` of SegRefinerSemantic  

denoise_model.output_blocks.0.0.skip_connection.bias - torch.Size([512]): 
The value is the same before and after calling `init_weights` of SegRefinerSemantic  

denoise_model.output_blocks.0.1.norm.weight - torch.Size([512]): 
The value is the same before and after calling `init_weights` of SegRefinerSemantic  

denoise_model.output_blocks.0.1.norm.bias - torch.Size([512]): 
The value is the same before and after calling `init_weights` of SegRefinerSemantic  

denoise_model.output_blocks.0.1.qkv.weight - torch.Size([1536, 512, 1]): 
The value is the same before and after calling `init_weights` of SegRefinerSemantic  

denoise_model.output_blocks.0.1.qkv.bias - torch.Size([1536]): 
The value is the same before and after calling `init_weights` of SegRefinerSemantic  

denoise_model.output_blocks.0.1.proj_out.weight - torch.Size([512, 512, 1]): 
The value is the same before and after calling `init_weights` of SegRefinerSemantic  

denoise_model.output_blocks.0.1.proj_out.bias - torch.Size([512]): 
The value is the same before and after calling `init_weights` of SegRefinerSemantic  

denoise_model.output_blocks.1.0.in_layers.0.weight - torch.Size([1024]): 
The value is the same before and after calling `init_weights` of SegRefinerSemantic  

denoise_model.output_blocks.1.0.in_layers.0.bias - torch.Size([1024]): 
The value is the same before and after calling `init_weights` of SegRefinerSemantic  

denoise_model.output_blocks.1.0.in_layers.2.weight - torch.Size([512, 1024, 3, 3]): 
The value is the same before and after calling `init_weights` of SegRefinerSemantic  

denoise_model.output_blocks.1.0.in_layers.2.bias - torch.Size([512]): 
The value is the same before and after calling `init_weights` of SegRefinerSemantic  

denoise_model.output_blocks.1.0.emb_layers.1.weight - torch.Size([512, 512]): 
The value is the same before and after calling `init_weights` of SegRefinerSemantic  

denoise_model.output_blocks.1.0.emb_layers.1.bias - torch.Size([512]): 
The value is the same before and after calling `init_weights` of SegRefinerSemantic  

denoise_model.output_blocks.1.0.out_layers.0.weight - torch.Size([512]): 
The value is the same before and after calling `init_weights` of SegRefinerSemantic  

denoise_model.output_blocks.1.0.out_layers.0.bias - torch.Size([512]): 
The value is the same before and after calling `init_weights` of SegRefinerSemantic  

denoise_model.output_blocks.1.0.out_layers.3.weight - torch.Size([512, 512, 3, 3]): 
The value is the same before and after calling `init_weights` of SegRefinerSemantic  

denoise_model.output_blocks.1.0.out_layers.3.bias - torch.Size([512]): 
The value is the same before and after calling `init_weights` of SegRefinerSemantic  

denoise_model.output_blocks.1.0.skip_connection.weight - torch.Size([512, 1024, 1, 1]): 
The value is the same before and after calling `init_weights` of SegRefinerSemantic  

denoise_model.output_blocks.1.0.skip_connection.bias - torch.Size([512]): 
The value is the same before and after calling `init_weights` of SegRefinerSemantic  

denoise_model.output_blocks.1.1.norm.weight - torch.Size([512]): 
The value is the same before and after calling `init_weights` of SegRefinerSemantic  

denoise_model.output_blocks.1.1.norm.bias - torch.Size([512]): 
The value is the same before and after calling `init_weights` of SegRefinerSemantic  

denoise_model.output_blocks.1.1.qkv.weight - torch.Size([1536, 512, 1]): 
The value is the same before and after calling `init_weights` of SegRefinerSemantic  

denoise_model.output_blocks.1.1.qkv.bias - torch.Size([1536]): 
The value is the same before and after calling `init_weights` of SegRefinerSemantic  

denoise_model.output_blocks.1.1.proj_out.weight - torch.Size([512, 512, 1]): 
The value is the same before and after calling `init_weights` of SegRefinerSemantic  

denoise_model.output_blocks.1.1.proj_out.bias - torch.Size([512]): 
The value is the same before and after calling `init_weights` of SegRefinerSemantic  

denoise_model.output_blocks.2.0.in_layers.0.weight - torch.Size([1024]): 
The value is the same before and after calling `init_weights` of SegRefinerSemantic  

denoise_model.output_blocks.2.0.in_layers.0.bias - torch.Size([1024]): 
The value is the same before and after calling `init_weights` of SegRefinerSemantic  

denoise_model.output_blocks.2.0.in_layers.2.weight - torch.Size([512, 1024, 3, 3]): 
The value is the same before and after calling `init_weights` of SegRefinerSemantic  

denoise_model.output_blocks.2.0.in_layers.2.bias - torch.Size([512]): 
The value is the same before and after calling `init_weights` of SegRefinerSemantic  

denoise_model.output_blocks.2.0.emb_layers.1.weight - torch.Size([512, 512]): 
The value is the same before and after calling `init_weights` of SegRefinerSemantic  

denoise_model.output_blocks.2.0.emb_layers.1.bias - torch.Size([512]): 
The value is the same before and after calling `init_weights` of SegRefinerSemantic  

denoise_model.output_blocks.2.0.out_layers.0.weight - torch.Size([512]): 
The value is the same before and after calling `init_weights` of SegRefinerSemantic  

denoise_model.output_blocks.2.0.out_layers.0.bias - torch.Size([512]): 
The value is the same before and after calling `init_weights` of SegRefinerSemantic  

denoise_model.output_blocks.2.0.out_layers.3.weight - torch.Size([512, 512, 3, 3]): 
The value is the same before and after calling `init_weights` of SegRefinerSemantic  

denoise_model.output_blocks.2.0.out_layers.3.bias - torch.Size([512]): 
The value is the same before and after calling `init_weights` of SegRefinerSemantic  

denoise_model.output_blocks.2.0.skip_connection.weight - torch.Size([512, 1024, 1, 1]): 
The value is the same before and after calling `init_weights` of SegRefinerSemantic  

denoise_model.output_blocks.2.0.skip_connection.bias - torch.Size([512]): 
The value is the same before and after calling `init_weights` of SegRefinerSemantic  

denoise_model.output_blocks.2.1.norm.weight - torch.Size([512]): 
The value is the same before and after calling `init_weights` of SegRefinerSemantic  

denoise_model.output_blocks.2.1.norm.bias - torch.Size([512]): 
The value is the same before and after calling `init_weights` of SegRefinerSemantic  

denoise_model.output_blocks.2.1.qkv.weight - torch.Size([1536, 512, 1]): 
The value is the same before and after calling `init_weights` of SegRefinerSemantic  

denoise_model.output_blocks.2.1.qkv.bias - torch.Size([1536]): 
The value is the same before and after calling `init_weights` of SegRefinerSemantic  

denoise_model.output_blocks.2.1.proj_out.weight - torch.Size([512, 512, 1]): 
The value is the same before and after calling `init_weights` of SegRefinerSemantic  

denoise_model.output_blocks.2.1.proj_out.bias - torch.Size([512]): 
The value is the same before and after calling `init_weights` of SegRefinerSemantic  

denoise_model.output_blocks.2.2.conv.weight - torch.Size([512, 512, 3, 3]): 
The value is the same before and after calling `init_weights` of SegRefinerSemantic  

denoise_model.output_blocks.2.2.conv.bias - torch.Size([512]): 
The value is the same before and after calling `init_weights` of SegRefinerSemantic  

denoise_model.output_blocks.3.0.in_layers.0.weight - torch.Size([1024]): 
The value is the same before and after calling `init_weights` of SegRefinerSemantic  

denoise_model.output_blocks.3.0.in_layers.0.bias - torch.Size([1024]): 
The value is the same before and after calling `init_weights` of SegRefinerSemantic  

denoise_model.output_blocks.3.0.in_layers.2.weight - torch.Size([512, 1024, 3, 3]): 
The value is the same before and after calling `init_weights` of SegRefinerSemantic  

denoise_model.output_blocks.3.0.in_layers.2.bias - torch.Size([512]): 
The value is the same before and after calling `init_weights` of SegRefinerSemantic  

denoise_model.output_blocks.3.0.emb_layers.1.weight - torch.Size([512, 512]): 
The value is the same before and after calling `init_weights` of SegRefinerSemantic  

denoise_model.output_blocks.3.0.emb_layers.1.bias - torch.Size([512]): 
The value is the same before and after calling `init_weights` of SegRefinerSemantic  

denoise_model.output_blocks.3.0.out_layers.0.weight - torch.Size([512]): 
The value is the same before and after calling `init_weights` of SegRefinerSemantic  

denoise_model.output_blocks.3.0.out_layers.0.bias - torch.Size([512]): 
The value is the same before and after calling `init_weights` of SegRefinerSemantic  

denoise_model.output_blocks.3.0.out_layers.3.weight - torch.Size([512, 512, 3, 3]): 
The value is the same before and after calling `init_weights` of SegRefinerSemantic  

denoise_model.output_blocks.3.0.out_layers.3.bias - torch.Size([512]): 
The value is the same before and after calling `init_weights` of SegRefinerSemantic  

denoise_model.output_blocks.3.0.skip_connection.weight - torch.Size([512, 1024, 1, 1]): 
The value is the same before and after calling `init_weights` of SegRefinerSemantic  

denoise_model.output_blocks.3.0.skip_connection.bias - torch.Size([512]): 
The value is the same before and after calling `init_weights` of SegRefinerSemantic  

denoise_model.output_blocks.3.1.norm.weight - torch.Size([512]): 
The value is the same before and after calling `init_weights` of SegRefinerSemantic  

denoise_model.output_blocks.3.1.norm.bias - torch.Size([512]): 
The value is the same before and after calling `init_weights` of SegRefinerSemantic  

denoise_model.output_blocks.3.1.qkv.weight - torch.Size([1536, 512, 1]): 
The value is the same before and after calling `init_weights` of SegRefinerSemantic  

denoise_model.output_blocks.3.1.qkv.bias - torch.Size([1536]): 
The value is the same before and after calling `init_weights` of SegRefinerSemantic  

denoise_model.output_blocks.3.1.proj_out.weight - torch.Size([512, 512, 1]): 
The value is the same before and after calling `init_weights` of SegRefinerSemantic  

denoise_model.output_blocks.3.1.proj_out.bias - torch.Size([512]): 
The value is the same before and after calling `init_weights` of SegRefinerSemantic  

denoise_model.output_blocks.4.0.in_layers.0.weight - torch.Size([1024]): 
The value is the same before and after calling `init_weights` of SegRefinerSemantic  

denoise_model.output_blocks.4.0.in_layers.0.bias - torch.Size([1024]): 
The value is the same before and after calling `init_weights` of SegRefinerSemantic  

denoise_model.output_blocks.4.0.in_layers.2.weight - torch.Size([512, 1024, 3, 3]): 
The value is the same before and after calling `init_weights` of SegRefinerSemantic  

denoise_model.output_blocks.4.0.in_layers.2.bias - torch.Size([512]): 
The value is the same before and after calling `init_weights` of SegRefinerSemantic  

denoise_model.output_blocks.4.0.emb_layers.1.weight - torch.Size([512, 512]): 
The value is the same before and after calling `init_weights` of SegRefinerSemantic  

denoise_model.output_blocks.4.0.emb_layers.1.bias - torch.Size([512]): 
The value is the same before and after calling `init_weights` of SegRefinerSemantic  

denoise_model.output_blocks.4.0.out_layers.0.weight - torch.Size([512]): 
The value is the same before and after calling `init_weights` of SegRefinerSemantic  

denoise_model.output_blocks.4.0.out_layers.0.bias - torch.Size([512]): 
The value is the same before and after calling `init_weights` of SegRefinerSemantic  

denoise_model.output_blocks.4.0.out_layers.3.weight - torch.Size([512, 512, 3, 3]): 
The value is the same before and after calling `init_weights` of SegRefinerSemantic  

denoise_model.output_blocks.4.0.out_layers.3.bias - torch.Size([512]): 
The value is the same before and after calling `init_weights` of SegRefinerSemantic  

denoise_model.output_blocks.4.0.skip_connection.weight - torch.Size([512, 1024, 1, 1]): 
The value is the same before and after calling `init_weights` of SegRefinerSemantic  

denoise_model.output_blocks.4.0.skip_connection.bias - torch.Size([512]): 
The value is the same before and after calling `init_weights` of SegRefinerSemantic  

denoise_model.output_blocks.4.1.norm.weight - torch.Size([512]): 
The value is the same before and after calling `init_weights` of SegRefinerSemantic  

denoise_model.output_blocks.4.1.norm.bias - torch.Size([512]): 
The value is the same before and after calling `init_weights` of SegRefinerSemantic  

denoise_model.output_blocks.4.1.qkv.weight - torch.Size([1536, 512, 1]): 
The value is the same before and after calling `init_weights` of SegRefinerSemantic  

denoise_model.output_blocks.4.1.qkv.bias - torch.Size([1536]): 
The value is the same before and after calling `init_weights` of SegRefinerSemantic  

denoise_model.output_blocks.4.1.proj_out.weight - torch.Size([512, 512, 1]): 
The value is the same before and after calling `init_weights` of SegRefinerSemantic  

denoise_model.output_blocks.4.1.proj_out.bias - torch.Size([512]): 
The value is the same before and after calling `init_weights` of SegRefinerSemantic  

denoise_model.output_blocks.5.0.in_layers.0.weight - torch.Size([768]): 
The value is the same before and after calling `init_weights` of SegRefinerSemantic  

denoise_model.output_blocks.5.0.in_layers.0.bias - torch.Size([768]): 
The value is the same before and after calling `init_weights` of SegRefinerSemantic  

denoise_model.output_blocks.5.0.in_layers.2.weight - torch.Size([512, 768, 3, 3]): 
The value is the same before and after calling `init_weights` of SegRefinerSemantic  

denoise_model.output_blocks.5.0.in_layers.2.bias - torch.Size([512]): 
The value is the same before and after calling `init_weights` of SegRefinerSemantic  

denoise_model.output_blocks.5.0.emb_layers.1.weight - torch.Size([512, 512]): 
The value is the same before and after calling `init_weights` of SegRefinerSemantic  

denoise_model.output_blocks.5.0.emb_layers.1.bias - torch.Size([512]): 
The value is the same before and after calling `init_weights` of SegRefinerSemantic  

denoise_model.output_blocks.5.0.out_layers.0.weight - torch.Size([512]): 
The value is the same before and after calling `init_weights` of SegRefinerSemantic  

denoise_model.output_blocks.5.0.out_layers.0.bias - torch.Size([512]): 
The value is the same before and after calling `init_weights` of SegRefinerSemantic  

denoise_model.output_blocks.5.0.out_layers.3.weight - torch.Size([512, 512, 3, 3]): 
The value is the same before and after calling `init_weights` of SegRefinerSemantic  

denoise_model.output_blocks.5.0.out_layers.3.bias - torch.Size([512]): 
The value is the same before and after calling `init_weights` of SegRefinerSemantic  

denoise_model.output_blocks.5.0.skip_connection.weight - torch.Size([512, 768, 1, 1]): 
The value is the same before and after calling `init_weights` of SegRefinerSemantic  

denoise_model.output_blocks.5.0.skip_connection.bias - torch.Size([512]): 
The value is the same before and after calling `init_weights` of SegRefinerSemantic  

denoise_model.output_blocks.5.1.norm.weight - torch.Size([512]): 
The value is the same before and after calling `init_weights` of SegRefinerSemantic  

denoise_model.output_blocks.5.1.norm.bias - torch.Size([512]): 
The value is the same before and after calling `init_weights` of SegRefinerSemantic  

denoise_model.output_blocks.5.1.qkv.weight - torch.Size([1536, 512, 1]): 
The value is the same before and after calling `init_weights` of SegRefinerSemantic  

denoise_model.output_blocks.5.1.qkv.bias - torch.Size([1536]): 
The value is the same before and after calling `init_weights` of SegRefinerSemantic  

denoise_model.output_blocks.5.1.proj_out.weight - torch.Size([512, 512, 1]): 
The value is the same before and after calling `init_weights` of SegRefinerSemantic  

denoise_model.output_blocks.5.1.proj_out.bias - torch.Size([512]): 
The value is the same before and after calling `init_weights` of SegRefinerSemantic  

denoise_model.output_blocks.5.2.conv.weight - torch.Size([512, 512, 3, 3]): 
The value is the same before and after calling `init_weights` of SegRefinerSemantic  

denoise_model.output_blocks.5.2.conv.bias - torch.Size([512]): 
The value is the same before and after calling `init_weights` of SegRefinerSemantic  

denoise_model.output_blocks.6.0.in_layers.0.weight - torch.Size([768]): 
The value is the same before and after calling `init_weights` of SegRefinerSemantic  

denoise_model.output_blocks.6.0.in_layers.0.bias - torch.Size([768]): 
The value is the same before and after calling `init_weights` of SegRefinerSemantic  

denoise_model.output_blocks.6.0.in_layers.2.weight - torch.Size([256, 768, 3, 3]): 
The value is the same before and after calling `init_weights` of SegRefinerSemantic  

denoise_model.output_blocks.6.0.in_layers.2.bias - torch.Size([256]): 
The value is the same before and after calling `init_weights` of SegRefinerSemantic  

denoise_model.output_blocks.6.0.emb_layers.1.weight - torch.Size([256, 512]): 
The value is the same before and after calling `init_weights` of SegRefinerSemantic  

denoise_model.output_blocks.6.0.emb_layers.1.bias - torch.Size([256]): 
The value is the same before and after calling `init_weights` of SegRefinerSemantic  

denoise_model.output_blocks.6.0.out_layers.0.weight - torch.Size([256]): 
The value is the same before and after calling `init_weights` of SegRefinerSemantic  

denoise_model.output_blocks.6.0.out_layers.0.bias - torch.Size([256]): 
The value is the same before and after calling `init_weights` of SegRefinerSemantic  

denoise_model.output_blocks.6.0.out_layers.3.weight - torch.Size([256, 256, 3, 3]): 
The value is the same before and after calling `init_weights` of SegRefinerSemantic  

denoise_model.output_blocks.6.0.out_layers.3.bias - torch.Size([256]): 
The value is the same before and after calling `init_weights` of SegRefinerSemantic  

denoise_model.output_blocks.6.0.skip_connection.weight - torch.Size([256, 768, 1, 1]): 
The value is the same before and after calling `init_weights` of SegRefinerSemantic  

denoise_model.output_blocks.6.0.skip_connection.bias - torch.Size([256]): 
The value is the same before and after calling `init_weights` of SegRefinerSemantic  

denoise_model.output_blocks.7.0.in_layers.0.weight - torch.Size([512]): 
The value is the same before and after calling `init_weights` of SegRefinerSemantic  

denoise_model.output_blocks.7.0.in_layers.0.bias - torch.Size([512]): 
The value is the same before and after calling `init_weights` of SegRefinerSemantic  

denoise_model.output_blocks.7.0.in_layers.2.weight - torch.Size([256, 512, 3, 3]): 
The value is the same before and after calling `init_weights` of SegRefinerSemantic  

denoise_model.output_blocks.7.0.in_layers.2.bias - torch.Size([256]): 
The value is the same before and after calling `init_weights` of SegRefinerSemantic  

denoise_model.output_blocks.7.0.emb_layers.1.weight - torch.Size([256, 512]): 
The value is the same before and after calling `init_weights` of SegRefinerSemantic  

denoise_model.output_blocks.7.0.emb_layers.1.bias - torch.Size([256]): 
The value is the same before and after calling `init_weights` of SegRefinerSemantic  

denoise_model.output_blocks.7.0.out_layers.0.weight - torch.Size([256]): 
The value is the same before and after calling `init_weights` of SegRefinerSemantic  

denoise_model.output_blocks.7.0.out_layers.0.bias - torch.Size([256]): 
The value is the same before and after calling `init_weights` of SegRefinerSemantic  

denoise_model.output_blocks.7.0.out_layers.3.weight - torch.Size([256, 256, 3, 3]): 
The value is the same before and after calling `init_weights` of SegRefinerSemantic  

denoise_model.output_blocks.7.0.out_layers.3.bias - torch.Size([256]): 
The value is the same before and after calling `init_weights` of SegRefinerSemantic  

denoise_model.output_blocks.7.0.skip_connection.weight - torch.Size([256, 512, 1, 1]): 
The value is the same before and after calling `init_weights` of SegRefinerSemantic  

denoise_model.output_blocks.7.0.skip_connection.bias - torch.Size([256]): 
The value is the same before and after calling `init_weights` of SegRefinerSemantic  

denoise_model.output_blocks.8.0.in_layers.0.weight - torch.Size([512]): 
The value is the same before and after calling `init_weights` of SegRefinerSemantic  

denoise_model.output_blocks.8.0.in_layers.0.bias - torch.Size([512]): 
The value is the same before and after calling `init_weights` of SegRefinerSemantic  

denoise_model.output_blocks.8.0.in_layers.2.weight - torch.Size([256, 512, 3, 3]): 
The value is the same before and after calling `init_weights` of SegRefinerSemantic  

denoise_model.output_blocks.8.0.in_layers.2.bias - torch.Size([256]): 
The value is the same before and after calling `init_weights` of SegRefinerSemantic  

denoise_model.output_blocks.8.0.emb_layers.1.weight - torch.Size([256, 512]): 
The value is the same before and after calling `init_weights` of SegRefinerSemantic  

denoise_model.output_blocks.8.0.emb_layers.1.bias - torch.Size([256]): 
The value is the same before and after calling `init_weights` of SegRefinerSemantic  

denoise_model.output_blocks.8.0.out_layers.0.weight - torch.Size([256]): 
The value is the same before and after calling `init_weights` of SegRefinerSemantic  

denoise_model.output_blocks.8.0.out_layers.0.bias - torch.Size([256]): 
The value is the same before and after calling `init_weights` of SegRefinerSemantic  

denoise_model.output_blocks.8.0.out_layers.3.weight - torch.Size([256, 256, 3, 3]): 
The value is the same before and after calling `init_weights` of SegRefinerSemantic  

denoise_model.output_blocks.8.0.out_layers.3.bias - torch.Size([256]): 
The value is the same before and after calling `init_weights` of SegRefinerSemantic  

denoise_model.output_blocks.8.0.skip_connection.weight - torch.Size([256, 512, 1, 1]): 
The value is the same before and after calling `init_weights` of SegRefinerSemantic  

denoise_model.output_blocks.8.0.skip_connection.bias - torch.Size([256]): 
The value is the same before and after calling `init_weights` of SegRefinerSemantic  

denoise_model.output_blocks.8.1.conv.weight - torch.Size([256, 256, 3, 3]): 
The value is the same before and after calling `init_weights` of SegRefinerSemantic  

denoise_model.output_blocks.8.1.conv.bias - torch.Size([256]): 
The value is the same before and after calling `init_weights` of SegRefinerSemantic  

denoise_model.output_blocks.9.0.in_layers.0.weight - torch.Size([512]): 
The value is the same before and after calling `init_weights` of SegRefinerSemantic  

denoise_model.output_blocks.9.0.in_layers.0.bias - torch.Size([512]): 
The value is the same before and after calling `init_weights` of SegRefinerSemantic  

denoise_model.output_blocks.9.0.in_layers.2.weight - torch.Size([256, 512, 3, 3]): 
The value is the same before and after calling `init_weights` of SegRefinerSemantic  

denoise_model.output_blocks.9.0.in_layers.2.bias - torch.Size([256]): 
The value is the same before and after calling `init_weights` of SegRefinerSemantic  

denoise_model.output_blocks.9.0.emb_layers.1.weight - torch.Size([256, 512]): 
The value is the same before and after calling `init_weights` of SegRefinerSemantic  

denoise_model.output_blocks.9.0.emb_layers.1.bias - torch.Size([256]): 
The value is the same before and after calling `init_weights` of SegRefinerSemantic  

denoise_model.output_blocks.9.0.out_layers.0.weight - torch.Size([256]): 
The value is the same before and after calling `init_weights` of SegRefinerSemantic  

denoise_model.output_blocks.9.0.out_layers.0.bias - torch.Size([256]): 
The value is the same before and after calling `init_weights` of SegRefinerSemantic  

denoise_model.output_blocks.9.0.out_layers.3.weight - torch.Size([256, 256, 3, 3]): 
The value is the same before and after calling `init_weights` of SegRefinerSemantic  

denoise_model.output_blocks.9.0.out_layers.3.bias - torch.Size([256]): 
The value is the same before and after calling `init_weights` of SegRefinerSemantic  

denoise_model.output_blocks.9.0.skip_connection.weight - torch.Size([256, 512, 1, 1]): 
The value is the same before and after calling `init_weights` of SegRefinerSemantic  

denoise_model.output_blocks.9.0.skip_connection.bias - torch.Size([256]): 
The value is the same before and after calling `init_weights` of SegRefinerSemantic  

denoise_model.output_blocks.10.0.in_layers.0.weight - torch.Size([512]): 
The value is the same before and after calling `init_weights` of SegRefinerSemantic  

denoise_model.output_blocks.10.0.in_layers.0.bias - torch.Size([512]): 
The value is the same before and after calling `init_weights` of SegRefinerSemantic  

denoise_model.output_blocks.10.0.in_layers.2.weight - torch.Size([256, 512, 3, 3]): 
The value is the same before and after calling `init_weights` of SegRefinerSemantic  

denoise_model.output_blocks.10.0.in_layers.2.bias - torch.Size([256]): 
The value is the same before and after calling `init_weights` of SegRefinerSemantic  

denoise_model.output_blocks.10.0.emb_layers.1.weight - torch.Size([256, 512]): 
The value is the same before and after calling `init_weights` of SegRefinerSemantic  

denoise_model.output_blocks.10.0.emb_layers.1.bias - torch.Size([256]): 
The value is the same before and after calling `init_weights` of SegRefinerSemantic  

denoise_model.output_blocks.10.0.out_layers.0.weight - torch.Size([256]): 
The value is the same before and after calling `init_weights` of SegRefinerSemantic  

denoise_model.output_blocks.10.0.out_layers.0.bias - torch.Size([256]): 
The value is the same before and after calling `init_weights` of SegRefinerSemantic  

denoise_model.output_blocks.10.0.out_layers.3.weight - torch.Size([256, 256, 3, 3]): 
The value is the same before and after calling `init_weights` of SegRefinerSemantic  

denoise_model.output_blocks.10.0.out_layers.3.bias - torch.Size([256]): 
The value is the same before and after calling `init_weights` of SegRefinerSemantic  

denoise_model.output_blocks.10.0.skip_connection.weight - torch.Size([256, 512, 1, 1]): 
The value is the same before and after calling `init_weights` of SegRefinerSemantic  

denoise_model.output_blocks.10.0.skip_connection.bias - torch.Size([256]): 
The value is the same before and after calling `init_weights` of SegRefinerSemantic  

denoise_model.output_blocks.11.0.in_layers.0.weight - torch.Size([384]): 
The value is the same before and after calling `init_weights` of SegRefinerSemantic  

denoise_model.output_blocks.11.0.in_layers.0.bias - torch.Size([384]): 
The value is the same before and after calling `init_weights` of SegRefinerSemantic  

denoise_model.output_blocks.11.0.in_layers.2.weight - torch.Size([256, 384, 3, 3]): 
The value is the same before and after calling `init_weights` of SegRefinerSemantic  

denoise_model.output_blocks.11.0.in_layers.2.bias - torch.Size([256]): 
The value is the same before and after calling `init_weights` of SegRefinerSemantic  

denoise_model.output_blocks.11.0.emb_layers.1.weight - torch.Size([256, 512]): 
The value is the same before and after calling `init_weights` of SegRefinerSemantic  

denoise_model.output_blocks.11.0.emb_layers.1.bias - torch.Size([256]): 
The value is the same before and after calling `init_weights` of SegRefinerSemantic  

denoise_model.output_blocks.11.0.out_layers.0.weight - torch.Size([256]): 
The value is the same before and after calling `init_weights` of SegRefinerSemantic  

denoise_model.output_blocks.11.0.out_layers.0.bias - torch.Size([256]): 
The value is the same before and after calling `init_weights` of SegRefinerSemantic  

denoise_model.output_blocks.11.0.out_layers.3.weight - torch.Size([256, 256, 3, 3]): 
The value is the same before and after calling `init_weights` of SegRefinerSemantic  

denoise_model.output_blocks.11.0.out_layers.3.bias - torch.Size([256]): 
The value is the same before and after calling `init_weights` of SegRefinerSemantic  

denoise_model.output_blocks.11.0.skip_connection.weight - torch.Size([256, 384, 1, 1]): 
The value is the same before and after calling `init_weights` of SegRefinerSemantic  

denoise_model.output_blocks.11.0.skip_connection.bias - torch.Size([256]): 
The value is the same before and after calling `init_weights` of SegRefinerSemantic  

denoise_model.output_blocks.11.1.conv.weight - torch.Size([256, 256, 3, 3]): 
The value is the same before and after calling `init_weights` of SegRefinerSemantic  

denoise_model.output_blocks.11.1.conv.bias - torch.Size([256]): 
The value is the same before and after calling `init_weights` of SegRefinerSemantic  

denoise_model.output_blocks.12.0.in_layers.0.weight - torch.Size([384]): 
The value is the same before and after calling `init_weights` of SegRefinerSemantic  

denoise_model.output_blocks.12.0.in_layers.0.bias - torch.Size([384]): 
The value is the same before and after calling `init_weights` of SegRefinerSemantic  

denoise_model.output_blocks.12.0.in_layers.2.weight - torch.Size([128, 384, 3, 3]): 
The value is the same before and after calling `init_weights` of SegRefinerSemantic  

denoise_model.output_blocks.12.0.in_layers.2.bias - torch.Size([128]): 
The value is the same before and after calling `init_weights` of SegRefinerSemantic  

denoise_model.output_blocks.12.0.emb_layers.1.weight - torch.Size([128, 512]): 
The value is the same before and after calling `init_weights` of SegRefinerSemantic  

denoise_model.output_blocks.12.0.emb_layers.1.bias - torch.Size([128]): 
The value is the same before and after calling `init_weights` of SegRefinerSemantic  

denoise_model.output_blocks.12.0.out_layers.0.weight - torch.Size([128]): 
The value is the same before and after calling `init_weights` of SegRefinerSemantic  

denoise_model.output_blocks.12.0.out_layers.0.bias - torch.Size([128]): 
The value is the same before and after calling `init_weights` of SegRefinerSemantic  

denoise_model.output_blocks.12.0.out_layers.3.weight - torch.Size([128, 128, 3, 3]): 
The value is the same before and after calling `init_weights` of SegRefinerSemantic  

denoise_model.output_blocks.12.0.out_layers.3.bias - torch.Size([128]): 
The value is the same before and after calling `init_weights` of SegRefinerSemantic  

denoise_model.output_blocks.12.0.skip_connection.weight - torch.Size([128, 384, 1, 1]): 
The value is the same before and after calling `init_weights` of SegRefinerSemantic  

denoise_model.output_blocks.12.0.skip_connection.bias - torch.Size([128]): 
The value is the same before and after calling `init_weights` of SegRefinerSemantic  

denoise_model.output_blocks.13.0.in_layers.0.weight - torch.Size([256]): 
The value is the same before and after calling `init_weights` of SegRefinerSemantic  

denoise_model.output_blocks.13.0.in_layers.0.bias - torch.Size([256]): 
The value is the same before and after calling `init_weights` of SegRefinerSemantic  

denoise_model.output_blocks.13.0.in_layers.2.weight - torch.Size([128, 256, 3, 3]): 
The value is the same before and after calling `init_weights` of SegRefinerSemantic  

denoise_model.output_blocks.13.0.in_layers.2.bias - torch.Size([128]): 
The value is the same before and after calling `init_weights` of SegRefinerSemantic  

denoise_model.output_blocks.13.0.emb_layers.1.weight - torch.Size([128, 512]): 
The value is the same before and after calling `init_weights` of SegRefinerSemantic  

denoise_model.output_blocks.13.0.emb_layers.1.bias - torch.Size([128]): 
The value is the same before and after calling `init_weights` of SegRefinerSemantic  

denoise_model.output_blocks.13.0.out_layers.0.weight - torch.Size([128]): 
The value is the same before and after calling `init_weights` of SegRefinerSemantic  

denoise_model.output_blocks.13.0.out_layers.0.bias - torch.Size([128]): 
The value is the same before and after calling `init_weights` of SegRefinerSemantic  

denoise_model.output_blocks.13.0.out_layers.3.weight - torch.Size([128, 128, 3, 3]): 
The value is the same before and after calling `init_weights` of SegRefinerSemantic  

denoise_model.output_blocks.13.0.out_layers.3.bias - torch.Size([128]): 
The value is the same before and after calling `init_weights` of SegRefinerSemantic  

denoise_model.output_blocks.13.0.skip_connection.weight - torch.Size([128, 256, 1, 1]): 
The value is the same before and after calling `init_weights` of SegRefinerSemantic  

denoise_model.output_blocks.13.0.skip_connection.bias - torch.Size([128]): 
The value is the same before and after calling `init_weights` of SegRefinerSemantic  

denoise_model.output_blocks.14.0.in_layers.0.weight - torch.Size([256]): 
The value is the same before and after calling `init_weights` of SegRefinerSemantic  

denoise_model.output_blocks.14.0.in_layers.0.bias - torch.Size([256]): 
The value is the same before and after calling `init_weights` of SegRefinerSemantic  

denoise_model.output_blocks.14.0.in_layers.2.weight - torch.Size([128, 256, 3, 3]): 
The value is the same before and after calling `init_weights` of SegRefinerSemantic  

denoise_model.output_blocks.14.0.in_layers.2.bias - torch.Size([128]): 
The value is the same before and after calling `init_weights` of SegRefinerSemantic  

denoise_model.output_blocks.14.0.emb_layers.1.weight - torch.Size([128, 512]): 
The value is the same before and after calling `init_weights` of SegRefinerSemantic  

denoise_model.output_blocks.14.0.emb_layers.1.bias - torch.Size([128]): 
The value is the same before and after calling `init_weights` of SegRefinerSemantic  

denoise_model.output_blocks.14.0.out_layers.0.weight - torch.Size([128]): 
The value is the same before and after calling `init_weights` of SegRefinerSemantic  

denoise_model.output_blocks.14.0.out_layers.0.bias - torch.Size([128]): 
The value is the same before and after calling `init_weights` of SegRefinerSemantic  

denoise_model.output_blocks.14.0.out_layers.3.weight - torch.Size([128, 128, 3, 3]): 
The value is the same before and after calling `init_weights` of SegRefinerSemantic  

denoise_model.output_blocks.14.0.out_layers.3.bias - torch.Size([128]): 
The value is the same before and after calling `init_weights` of SegRefinerSemantic  

denoise_model.output_blocks.14.0.skip_connection.weight - torch.Size([128, 256, 1, 1]): 
The value is the same before and after calling `init_weights` of SegRefinerSemantic  

denoise_model.output_blocks.14.0.skip_connection.bias - torch.Size([128]): 
The value is the same before and after calling `init_weights` of SegRefinerSemantic  

denoise_model.output_blocks.14.1.conv.weight - torch.Size([128, 128, 3, 3]): 
The value is the same before and after calling `init_weights` of SegRefinerSemantic  

denoise_model.output_blocks.14.1.conv.bias - torch.Size([128]): 
The value is the same before and after calling `init_weights` of SegRefinerSemantic  

denoise_model.output_blocks.15.0.in_layers.0.weight - torch.Size([256]): 
The value is the same before and after calling `init_weights` of SegRefinerSemantic  

denoise_model.output_blocks.15.0.in_layers.0.bias - torch.Size([256]): 
The value is the same before and after calling `init_weights` of SegRefinerSemantic  

denoise_model.output_blocks.15.0.in_layers.2.weight - torch.Size([128, 256, 3, 3]): 
The value is the same before and after calling `init_weights` of SegRefinerSemantic  

denoise_model.output_blocks.15.0.in_layers.2.bias - torch.Size([128]): 
The value is the same before and after calling `init_weights` of SegRefinerSemantic  

denoise_model.output_blocks.15.0.emb_layers.1.weight - torch.Size([128, 512]): 
The value is the same before and after calling `init_weights` of SegRefinerSemantic  

denoise_model.output_blocks.15.0.emb_layers.1.bias - torch.Size([128]): 
The value is the same before and after calling `init_weights` of SegRefinerSemantic  

denoise_model.output_blocks.15.0.out_layers.0.weight - torch.Size([128]): 
The value is the same before and after calling `init_weights` of SegRefinerSemantic  

denoise_model.output_blocks.15.0.out_layers.0.bias - torch.Size([128]): 
The value is the same before and after calling `init_weights` of SegRefinerSemantic  

denoise_model.output_blocks.15.0.out_layers.3.weight - torch.Size([128, 128, 3, 3]): 
The value is the same before and after calling `init_weights` of SegRefinerSemantic  

denoise_model.output_blocks.15.0.out_layers.3.bias - torch.Size([128]): 
The value is the same before and after calling `init_weights` of SegRefinerSemantic  

denoise_model.output_blocks.15.0.skip_connection.weight - torch.Size([128, 256, 1, 1]): 
The value is the same before and after calling `init_weights` of SegRefinerSemantic  

denoise_model.output_blocks.15.0.skip_connection.bias - torch.Size([128]): 
The value is the same before and after calling `init_weights` of SegRefinerSemantic  

denoise_model.output_blocks.16.0.in_layers.0.weight - torch.Size([256]): 
The value is the same before and after calling `init_weights` of SegRefinerSemantic  

denoise_model.output_blocks.16.0.in_layers.0.bias - torch.Size([256]): 
The value is the same before and after calling `init_weights` of SegRefinerSemantic  

denoise_model.output_blocks.16.0.in_layers.2.weight - torch.Size([128, 256, 3, 3]): 
The value is the same before and after calling `init_weights` of SegRefinerSemantic  

denoise_model.output_blocks.16.0.in_layers.2.bias - torch.Size([128]): 
The value is the same before and after calling `init_weights` of SegRefinerSemantic  

denoise_model.output_blocks.16.0.emb_layers.1.weight - torch.Size([128, 512]): 
The value is the same before and after calling `init_weights` of SegRefinerSemantic  

denoise_model.output_blocks.16.0.emb_layers.1.bias - torch.Size([128]): 
The value is the same before and after calling `init_weights` of SegRefinerSemantic  

denoise_model.output_blocks.16.0.out_layers.0.weight - torch.Size([128]): 
The value is the same before and after calling `init_weights` of SegRefinerSemantic  

denoise_model.output_blocks.16.0.out_layers.0.bias - torch.Size([128]): 
The value is the same before and after calling `init_weights` of SegRefinerSemantic  

denoise_model.output_blocks.16.0.out_layers.3.weight - torch.Size([128, 128, 3, 3]): 
The value is the same before and after calling `init_weights` of SegRefinerSemantic  

denoise_model.output_blocks.16.0.out_layers.3.bias - torch.Size([128]): 
The value is the same before and after calling `init_weights` of SegRefinerSemantic  

denoise_model.output_blocks.16.0.skip_connection.weight - torch.Size([128, 256, 1, 1]): 
The value is the same before and after calling `init_weights` of SegRefinerSemantic  

denoise_model.output_blocks.16.0.skip_connection.bias - torch.Size([128]): 
The value is the same before and after calling `init_weights` of SegRefinerSemantic  

denoise_model.output_blocks.17.0.in_layers.0.weight - torch.Size([256]): 
The value is the same before and after calling `init_weights` of SegRefinerSemantic  

denoise_model.output_blocks.17.0.in_layers.0.bias - torch.Size([256]): 
The value is the same before and after calling `init_weights` of SegRefinerSemantic  

denoise_model.output_blocks.17.0.in_layers.2.weight - torch.Size([128, 256, 3, 3]): 
The value is the same before and after calling `init_weights` of SegRefinerSemantic  

denoise_model.output_blocks.17.0.in_layers.2.bias - torch.Size([128]): 
The value is the same before and after calling `init_weights` of SegRefinerSemantic  

denoise_model.output_blocks.17.0.emb_layers.1.weight - torch.Size([128, 512]): 
The value is the same before and after calling `init_weights` of SegRefinerSemantic  

denoise_model.output_blocks.17.0.emb_layers.1.bias - torch.Size([128]): 
The value is the same before and after calling `init_weights` of SegRefinerSemantic  

denoise_model.output_blocks.17.0.out_layers.0.weight - torch.Size([128]): 
The value is the same before and after calling `init_weights` of SegRefinerSemantic  

denoise_model.output_blocks.17.0.out_layers.0.bias - torch.Size([128]): 
The value is the same before and after calling `init_weights` of SegRefinerSemantic  

denoise_model.output_blocks.17.0.out_layers.3.weight - torch.Size([128, 128, 3, 3]): 
The value is the same before and after calling `init_weights` of SegRefinerSemantic  

denoise_model.output_blocks.17.0.out_layers.3.bias - torch.Size([128]): 
The value is the same before and after calling `init_weights` of SegRefinerSemantic  

denoise_model.output_blocks.17.0.skip_connection.weight - torch.Size([128, 256, 1, 1]): 
The value is the same before and after calling `init_weights` of SegRefinerSemantic  

denoise_model.output_blocks.17.0.skip_connection.bias - torch.Size([128]): 
The value is the same before and after calling `init_weights` of SegRefinerSemantic  

denoise_model.out.0.weight - torch.Size([128]): 
The value is the same before and after calling `init_weights` of SegRefinerSemantic  

denoise_model.out.0.bias - torch.Size([128]): 
The value is the same before and after calling `init_weights` of SegRefinerSemantic  

denoise_model.out.2.weight - torch.Size([1, 128, 3, 3]): 
The value is the same before and after calling `init_weights` of SegRefinerSemantic  

denoise_model.out.2.bias - torch.Size([1]): 
The value is the same before and after calling `init_weights` of SegRefinerSemantic  

loss_texture.sobel.conv_x.weight - torch.Size([1, 1, 3, 3]): 
The value is the same before and after calling `init_weights` of SegRefinerSemantic  

loss_texture.sobel.conv_y.weight - torch.Size([1, 1, 3, 3]): 
The value is the same before and after calling `init_weights` of SegRefinerSemantic  
2026-05-05 10:08:22,071 - mmdet - INFO - Automatic scaling of learning rate (LR) has been disabled.
2026-05-05 10:08:22,074 - mmdet - INFO - Start running, host: ubuntu@ip-172-31-22-110, work_dir: /home/ubuntu/vy/Denoiser/SegRefiner/work_dirs/exp6_obj_unc
2026-05-05 10:08:22,074 - mmdet - INFO - Hooks will be executed in the following order:
before_run:
(VERY_HIGH   ) StepLrUpdaterHook                  
(NORMAL      ) CheckpointHook                     
(VERY_LOW    ) TextLoggerHook                     
 -------------------- 
before_train_epoch:
(VERY_HIGH   ) StepLrUpdaterHook                  
(LOW         ) IterTimerHook                      
(VERY_LOW    ) TextLoggerHook                     
 -------------------- 
before_train_iter:
(VERY_HIGH   ) StepLrUpdaterHook                  
(LOW         ) IterTimerHook                      
 -------------------- 
after_train_iter:
(ABOVE_NORMAL) OptimizerHook                      
(NORMAL      ) CheckpointHook                     
(LOW         ) IterTimerHook                      
(LOW         ) OEMBuildingEvalHook                
(VERY_LOW    ) TextLoggerHook                     
 -------------------- 
after_train_epoch:
(NORMAL      ) CheckpointHook                     
(VERY_LOW    ) TextLoggerHook                     
 -------------------- 
before_val_epoch:
(LOW         ) IterTimerHook                      
(VERY_LOW    ) TextLoggerHook                     
 -------------------- 
before_val_iter:
(LOW         ) IterTimerHook                      
 -------------------- 
after_val_iter:
(LOW         ) IterTimerHook                      
 -------------------- 
after_val_epoch:
(VERY_LOW    ) TextLoggerHook                     
 -------------------- 
after_run:
(VERY_LOW    ) TextLoggerHook                     
 -------------------- 
2026-05-05 10:08:22,075 - mmdet - INFO - workflow: [('train', 1)], max: 120000 iters
2026-05-05 10:08:22,075 - mmdet - INFO - Checkpoints will be saved to /home/ubuntu/vy/Denoiser/SegRefiner/work_dirs/exp6_obj_unc by HardDiskBackend.
2026-05-05 10:08:58,232 - mmdet - INFO - Iter [25/120000]	lr: 4.895e-06, eta: 1 day, 12:43:08, time: 1.102, data_time: 0.042, memory: 37111, loss_mask: 1.8584, loss_texture: 0.0116, iou: 0.3091, iou_t0: 0.4211, iou_t1: 0.3658, iou_t2: 0.2864, iou_t3: 0.2829, iou_t4: 0.2834, iou_t5: 0.2467, loss: 1.8700
2026-05-05 10:09:24,971 - mmdet - INFO - Iter [50/120000]	lr: 9.890e-06, eta: 1 day, 12:10:28, time: 1.070, data_time: 0.012, memory: 37111, loss_mask: 1.1587, loss_texture: 0.0106, iou: 0.4546, iou_t0: 0.4627, iou_t1: 0.4438, iou_t2: 0.4872, iou_t3: 0.4178, iou_t4: 0.3721, iou_t5: 0.4305, loss: 1.1693
2026-05-05 10:09:51,733 - mmdet - INFO - Iter [75/120000]	lr: 1.489e-05, eta: 1 day, 11:59:52, time: 1.070, data_time: 0.012, memory: 37111, loss_mask: 0.6228, loss_texture: 0.0088, iou: 0.6364, iou_t0: 0.6366, iou_t1: 0.7118, iou_t2: 0.5739, iou_t3: 0.5763, iou_t4: 0.6340, iou_t5: 0.5917, loss: 0.6316
2026-05-05 10:10:18,567 - mmdet - INFO - Iter [100/120000]	lr: 1.988e-05, eta: 1 day, 11:55:47, time: 1.073, data_time: 0.012, memory: 37111, loss_mask: 0.3883, loss_texture: 0.0081, iou: 0.7093, iou_t0: 0.6767, iou_t1: 0.7428, iou_t2: 0.7580, iou_t3: 0.7091, iou_t4: 0.6508, iou_t5: 0.7292, loss: 0.3964
2026-05-05 10:10:45,392 - mmdet - INFO - Iter [125/120000]	lr: 2.488e-05, eta: 1 day, 11:53:02, time: 1.073, data_time: 0.012, memory: 37111, loss_mask: 0.2673, loss_texture: 0.0071, iou: 0.7269, iou_t0: 0.7933, iou_t1: 0.8284, iou_t2: 0.6968, iou_t3: 0.6994, iou_t4: 0.6980, iou_t5: 0.7074, loss: 0.2744
2026-05-05 10:11:12,198 - mmdet - INFO - Iter [150/120000]	lr: 2.987e-05, eta: 1 day, 11:50:47, time: 1.072, data_time: 0.012, memory: 37111, loss_mask: 0.2110, loss_texture: 0.0064, iou: 0.6976, iou_t0: 0.7466, iou_t1: 0.7500, iou_t2: 0.6729, iou_t3: 0.6948, iou_t4: 0.6055, iou_t5: 0.7007, loss: 0.2174
2026-05-05 10:11:39,000 - mmdet - INFO - Iter [175/120000]	lr: 3.487e-05, eta: 1 day, 11:49:00, time: 1.072, data_time: 0.012, memory: 37111, loss_mask: 0.2047, loss_texture: 0.0061, iou: 0.7309, iou_t0: 0.8379, iou_t1: 0.7733, iou_t2: 0.7122, iou_t3: 0.6883, iou_t4: 0.7781, iou_t5: 0.7074, loss: 0.2108
2026-05-05 10:12:05,796 - mmdet - INFO - Iter [200/120000]	lr: 3.986e-05, eta: 1 day, 11:47:29, time: 1.072, data_time: 0.012, memory: 37111, loss_mask: 0.1831, loss_texture: 0.0057, iou: 0.6934, iou_t0: 0.7467, iou_t1: 0.6252, iou_t2: 0.7687, iou_t3: 0.6772, iou_t4: 0.6581, iou_t5: 0.6344, loss: 0.1888
2026-05-05 10:12:32,650 - mmdet - INFO - Iter [225/120000]	lr: 4.486e-05, eta: 1 day, 11:46:44, time: 1.074, data_time: 0.012, memory: 37111, loss_mask: 0.1445, loss_texture: 0.0054, iou: 0.6933, iou_t0: 0.7076, iou_t1: 0.7787, iou_t2: 0.7714, iou_t3: 0.6256, iou_t4: 0.6118, iou_t5: 0.6745, loss: 0.1498
2026-05-05 10:12:59,559 - mmdet - INFO - Iter [250/120000]	lr: 4.985e-05, eta: 1 day, 11:46:28, time: 1.076, data_time: 0.012, memory: 37111, loss_mask: 0.1229, loss_texture: 0.0053, iou: 0.7143, iou_t0: 0.7594, iou_t1: 0.7259, iou_t2: 0.7786, iou_t3: 0.7441, iou_t4: 0.6695, iou_t5: 0.6959, loss: 0.1282
2026-05-05 10:13:26,382 - mmdet - INFO - Iter [275/120000]	lr: 5.485e-05, eta: 1 day, 11:45:34, time: 1.073, data_time: 0.012, memory: 37111, loss_mask: 0.1108, loss_texture: 0.0044, iou: 0.6773, iou_t0: 0.6819, iou_t1: 0.8017, iou_t2: 0.7189, iou_t3: 0.5599, iou_t4: 0.6866, iou_t5: 0.6011, loss: 0.1152
2026-05-05 10:13:53,248 - mmdet - INFO - Iter [300/120000]	lr: 5.984e-05, eta: 1 day, 11:45:01, time: 1.075, data_time: 0.012, memory: 37111, loss_mask: 0.1170, loss_texture: 0.0045, iou: 0.7051, iou_t0: 0.6841, iou_t1: 0.7551, iou_t2: 0.7757, iou_t3: 0.7626, iou_t4: 0.6326, iou_t5: 0.6653, loss: 0.1215
2026-05-05 10:14:20,123 - mmdet - INFO - Iter [325/120000]	lr: 6.484e-05, eta: 1 day, 11:44:32, time: 1.075, data_time: 0.012, memory: 37111, loss_mask: 0.1098, loss_texture: 0.0047, iou: 0.7240, iou_t0: 0.7035, iou_t1: 0.7422, iou_t2: 0.7284, iou_t3: 0.8463, iou_t4: 0.7161, iou_t5: 0.6727, loss: 0.1144
2026-05-05 10:14:47,053 - mmdet - INFO - Iter [350/120000]	lr: 6.983e-05, eta: 1 day, 11:44:22, time: 1.077, data_time: 0.012, memory: 37111, loss_mask: 0.1093, loss_texture: 0.0044, iou: 0.6985, iou_t0: 0.7102, iou_t1: 0.7664, iou_t2: 0.7720, iou_t3: 0.7139, iou_t4: 0.5704, iou_t5: 0.6849, loss: 0.1137
2026-05-05 10:15:13,894 - mmdet - INFO - Iter [375/120000]	lr: 7.483e-05, eta: 1 day, 11:43:42, time: 1.074, data_time: 0.012, memory: 37111, loss_mask: 0.0903, loss_texture: 0.0043, iou: 0.7100, iou_t0: 0.8300, iou_t1: 0.7285, iou_t2: 0.7002, iou_t3: 0.7406, iou_t4: 0.7296, iou_t5: 0.5958, loss: 0.0946
2026-05-05 10:15:40,900 - mmdet - INFO - Iter [400/120000]	lr: 7.982e-05, eta: 1 day, 11:43:52, time: 1.080, data_time: 0.013, memory: 37111, loss_mask: 0.1309, loss_texture: 0.0043, iou: 0.7748, iou_t0: 0.7719, iou_t1: 0.8024, iou_t2: 0.7353, iou_t3: 0.8475, iou_t4: 0.7407, iou_t5: 0.7125, loss: 0.1353
2026-05-05 10:16:07,787 - mmdet - INFO - Iter [425/120000]	lr: 8.482e-05, eta: 1 day, 11:43:25, time: 1.075, data_time: 0.012, memory: 37111, loss_mask: 0.1080, loss_texture: 0.0044, iou: 0.7123, iou_t0: 0.7586, iou_t1: 0.7240, iou_t2: 0.5905, iou_t3: 0.7642, iou_t4: 0.7619, iou_t5: 0.6671, loss: 0.1125
2026-05-05 10:16:34,633 - mmdet - INFO - Iter [450/120000]	lr: 8.981e-05, eta: 1 day, 11:42:47, time: 1.074, data_time: 0.012, memory: 37111, loss_mask: 0.0824, loss_texture: 0.0039, iou: 0.7424, iou_t0: 0.7973, iou_t1: 0.7597, iou_t2: 0.7339, iou_t3: 0.8022, iou_t4: 0.7548, iou_t5: 0.6501, loss: 0.0862
2026-05-05 10:17:01,496 - mmdet - INFO - Iter [475/120000]	lr: 9.481e-05, eta: 1 day, 11:42:14, time: 1.074, data_time: 0.012, memory: 37111, loss_mask: 0.0770, loss_texture: 0.0038, iou: 0.7143, iou_t0: 0.7533, iou_t1: 0.8683, iou_t2: 0.7286, iou_t3: 0.5981, iou_t4: 0.6386, iou_t5: 0.7130, loss: 0.0808
2026-05-05 10:17:28,390 - mmdet - INFO - Validation set: 218 images
2026-05-05 10:17:28,390 - mmdet - INFO - 
--- Val evaluation at iter 500 ---
2026-05-05 10:20:00,852 - mmdet - INFO - 
+------------+-------------+-------------+
| Class      | Val IoU     | Pseudo IoU  |
+------------+-------------+-------------+
| background | 92.13       | 92.68       |
| building   | 66.87       | 69.14       |
| Summary    | mIoU: 79.50 | mIoU: 80.91 |
+------------+-------------+-------------+
Images evaluated: 218
2026-05-05 10:20:02,569 - mmdet - INFO - ★ New best mIoU: 79.50% (prev: 0.00%, Δ=+79.50%) → saved to /home/ubuntu/vy/Denoiser/SegRefiner/work_dirs/exp6_obj_unc/best_model.pth
2026-05-05 10:20:02,574 - mmdet - INFO - Iter [500/120000]	lr: 9.980e-05, eta: 1 day, 11:41:50, time: 1.076, data_time: 0.012, memory: 37111, val/mIoU: 0.7950, val/IoU.building: 0.6687, val/IoU.background: 0.9213, val/Pseudo_mIoU: 0.8091, loss_mask: 0.0705, loss_texture: 0.0033, iou: 0.6929, iou_t0: 0.7358, iou_t1: 0.7353, iou_t2: 0.7058, iou_t3: 0.7056, iou_t4: 0.6431, iou_t5: 0.6154, loss: 0.0738
2026-05-05 10:20:29,421 - mmdet - INFO - Iter [525/120000]	lr: 1.000e-04, eta: 1 day, 21:26:02, time: 7.241, data_time: 6.180, memory: 37111, loss_mask: 0.0659, loss_texture: 0.0031, iou: 0.7123, iou_t0: 0.7860, iou_t1: 0.7819, iou_t2: 0.7545, iou_t3: 0.6590, iou_t4: 0.6637, iou_t5: 0.7118, loss: 0.0690
2026-05-05 10:20:56,248 - mmdet - INFO - Iter [550/120000]	lr: 1.000e-04, eta: 1 day, 20:58:41, time: 1.073, data_time: 0.012, memory: 37111, loss_mask: 0.1130, loss_texture: 0.0038, iou: 0.7424, iou_t0: 0.7501, iou_t1: 0.7196, iou_t2: 0.7397, iou_t3: 0.7756, iou_t4: 0.8298, iou_t5: 0.6779, loss: 0.1169
2026-05-05 10:21:23,020 - mmdet - INFO - Iter [575/120000]	lr: 1.000e-04, eta: 1 day, 20:33:29, time: 1.071, data_time: 0.012, memory: 37111, loss_mask: 0.0708, loss_texture: 0.0034, iou: 0.7673, iou_t0: 0.8036, iou_t1: 0.7743, iou_t2: 0.7946, iou_t3: 0.7723, iou_t4: 0.7584, iou_t5: 0.7268, loss: 0.0742
2026-05-05 10:21:49,826 - mmdet - INFO - Iter [600/120000]	lr: 1.000e-04, eta: 1 day, 20:10:27, time: 1.072, data_time: 0.012, memory: 37111, loss_mask: 0.0846, loss_texture: 0.0034, iou: 0.7315, iou_t0: 0.6455, iou_t1: 0.7979, iou_t2: 0.6846, iou_t3: 0.6698, iou_t4: 0.7012, iou_t5: 0.7831, loss: 0.0880
2026-05-05 10:22:16,634 - mmdet - INFO - Iter [625/120000]	lr: 1.000e-04, eta: 1 day, 19:49:15, time: 1.072, data_time: 0.012, memory: 37111, loss_mask: 0.0610, loss_texture: 0.0027, iou: 0.7195, iou_t0: 0.7557, iou_t1: 0.7582, iou_t2: 0.7410, iou_t3: 0.7199, iou_t4: 0.6213, iou_t5: 0.6363, loss: 0.0637
2026-05-05 10:22:43,580 - mmdet - INFO - Iter [650/120000]	lr: 1.000e-04, eta: 1 day, 19:30:03, time: 1.078, data_time: 0.012, memory: 37111, loss_mask: 0.0404, loss_texture: 0.0023, iou: 0.7571, iou_t0: 0.8400, iou_t1: 0.7040, iou_t2: 0.6943, iou_t3: 0.7681, iou_t4: 0.7444, iou_t5: 0.7925, loss: 0.0427
2026-05-05 10:23:10,362 - mmdet - INFO - Iter [675/120000]	lr: 1.000e-04, eta: 1 day, 19:11:46, time: 1.071, data_time: 0.012, memory: 37111, loss_mask: 0.0607, loss_texture: 0.0024, iou: 0.7381, iou_t0: 0.7847, iou_t1: 0.7192, iou_t2: 0.6967, iou_t3: 0.8072, iou_t4: 0.6864, iou_t5: 0.6910, loss: 0.0631
2026-05-05 10:23:37,148 - mmdet - INFO - Iter [700/120000]	lr: 1.000e-04, eta: 1 day, 18:54:46, time: 1.071, data_time: 0.012, memory: 37111, loss_mask: 0.0518, loss_texture: 0.0024, iou: 0.7187, iou_t0: 0.6876, iou_t1: 0.7119, iou_t2: 0.7592, iou_t3: 0.7267, iou_t4: 0.6765, iou_t5: 0.7495, loss: 0.0541
2026-05-05 10:24:03,921 - mmdet - INFO - Iter [725/120000]	lr: 1.000e-04, eta: 1 day, 18:38:52, time: 1.071, data_time: 0.012, memory: 37111, loss_mask: 0.0879, loss_texture: 0.0024, iou: 0.7245, iou_t0: 0.7486, iou_t1: 0.7669, iou_t2: 0.8268, iou_t3: 0.7105, iou_t4: 0.6625, iou_t5: 0.7063, loss: 0.0903
2026-05-05 10:24:30,715 - mmdet - INFO - Iter [750/120000]	lr: 1.000e-04, eta: 1 day, 18:24:03, time: 1.072, data_time: 0.011, memory: 37111, loss_mask: 0.0759, loss_texture: 0.0028, iou: 0.7291, iou_t0: 0.7274, iou_t1: 0.7107, iou_t2: 0.7856, iou_t3: 0.6816, iou_t4: 0.6516, iou_t5: 0.7130, loss: 0.0787
2026-05-05 10:24:57,601 - mmdet - INFO - Iter [775/120000]	lr: 1.000e-04, eta: 1 day, 18:10:24, time: 1.075, data_time: 0.012, memory: 37111, loss_mask: 0.0629, loss_texture: 0.0026, iou: 0.7402, iou_t0: 0.8191, iou_t1: 0.7060, iou_t2: 0.7187, iou_t3: 0.8288, iou_t4: 0.7129, iou_t5: 0.7000, loss: 0.0655
2026-05-05 10:25:24,507 - mmdet - INFO - Iter [800/120000]	lr: 1.000e-04, eta: 1 day, 17:57:38, time: 1.076, data_time: 0.012, memory: 37111, loss_mask: 0.0466, loss_texture: 0.0021, iou: 0.7005, iou_t0: 0.8404, iou_t1: 0.7301, iou_t2: 0.6112, iou_t3: 0.7238, iou_t4: 0.6348, iou_t5: 0.6110, loss: 0.0487
2026-05-05 10:25:51,398 - mmdet - INFO - Iter [825/120000]	lr: 1.000e-04, eta: 1 day, 17:45:34, time: 1.076, data_time: 0.012, memory: 37111, loss_mask: 0.0602, loss_texture: 0.0022, iou: 0.7840, iou_t0: 0.7647, iou_t1: 0.8877, iou_t2: 0.8055, iou_t3: 0.8256, iou_t4: 0.7383, iou_t5: 0.6760, loss: 0.0625
2026-05-05 10:26:18,328 - mmdet - INFO - Iter [850/120000]	lr: 1.000e-04, eta: 1 day, 17:34:17, time: 1.077, data_time: 0.012, memory: 37111, loss_mask: 0.0551, loss_texture: 0.0020, iou: 0.7332, iou_t0: 0.7544, iou_t1: 0.8094, iou_t2: 0.7741, iou_t3: 0.6887, iou_t4: 0.7444, iou_t5: 0.7791, loss: 0.0571
2026-05-05 10:26:45,201 - mmdet - INFO - Iter [875/120000]	lr: 1.000e-04, eta: 1 day, 17:23:29, time: 1.075, data_time: 0.012, memory: 37111, loss_mask: 0.0609, loss_texture: 0.0020, iou: 0.7443, iou_t0: 0.8108, iou_t1: 0.7947, iou_t2: 0.6944, iou_t3: 0.8566, iou_t4: 0.6886, iou_t5: 0.6740, loss: 0.0629
2026-05-05 10:27:12,010 - mmdet - INFO - Iter [900/120000]	lr: 1.000e-04, eta: 1 day, 17:13:07, time: 1.072, data_time: 0.012, memory: 37111, loss_mask: 0.0446, loss_texture: 0.0018, iou: 0.7451, iou_t0: 0.7985, iou_t1: 0.7928, iou_t2: 0.7841, iou_t3: 0.7358, iou_t4: 0.7060, iou_t5: 0.7089, loss: 0.0464
2026-05-05 10:27:38,882 - mmdet - INFO - Iter [925/120000]	lr: 1.000e-04, eta: 1 day, 17:03:25, time: 1.075, data_time: 0.012, memory: 37111, loss_mask: 0.0519, loss_texture: 0.0018, iou: 0.7692, iou_t0: 0.7413, iou_t1: 0.7545, iou_t2: 0.7950, iou_t3: 0.7664, iou_t4: 0.7129, iou_t5: 0.7690, loss: 0.0537
2026-05-05 10:28:05,709 - mmdet - INFO - Iter [950/120000]	lr: 1.000e-04, eta: 1 day, 16:54:08, time: 1.073, data_time: 0.012, memory: 37111, loss_mask: 0.0451, loss_texture: 0.0016, iou: 0.7050, iou_t0: 0.7555, iou_t1: 0.7104, iou_t2: 0.7120, iou_t3: 0.7056, iou_t4: 0.6610, iou_t5: 0.6272, loss: 0.0466
2026-05-05 10:28:32,589 - mmdet - INFO - Iter [975/120000]	lr: 1.000e-04, eta: 1 day, 16:45:23, time: 1.075, data_time: 0.012, memory: 37111, loss_mask: 0.0456, loss_texture: 0.0015, iou: 0.7150, iou_t0: 0.7552, iou_t1: 0.7264, iou_t2: 0.7906, iou_t3: 0.6816, iou_t4: 0.6972, iou_t5: 0.6521, loss: 0.0471
2026-05-05 10:28:59,456 - mmdet - INFO - 
--- Val evaluation at iter 1000 ---
2026-05-05 10:31:30,134 - mmdet - INFO - 
+------------+-------------+-------------+
| Class      | Val IoU     | Pseudo IoU  |
+------------+-------------+-------------+
| background | 92.12       | 92.68       |
| building   | 66.98       | 69.14       |
| Summary    | mIoU: 79.55 | mIoU: 80.91 |
+------------+-------------+-------------+
Images evaluated: 218
2026-05-05 10:31:32,988 - mmdet - INFO - ★ New best mIoU: 79.55% (prev: 79.50%, Δ=+0.05%) → saved to /home/ubuntu/vy/Denoiser/SegRefiner/work_dirs/exp6_obj_unc/best_model.pth
2026-05-05 10:31:32,992 - mmdet - INFO - Exp name: exp6_obj_unc.py
2026-05-05 10:31:32,993 - mmdet - INFO - Iter [1000/120000]	lr: 1.000e-04, eta: 1 day, 16:37:02, time: 1.075, data_time: 0.012, memory: 37111, val/mIoU: 0.7955, val/IoU.building: 0.6698, val/IoU.background: 0.9212, val/Pseudo_mIoU: 0.8091, loss_mask: 0.0388, loss_texture: 0.0017, iou: 0.7523, iou_t0: 0.8073, iou_t1: 0.7450, iou_t2: 0.6908, iou_t3: 0.7754, iou_t4: 0.7458, iou_t5: 0.7841, loss: 0.0405
2026-05-05 10:31:59,825 - mmdet - INFO - Iter [1025/120000]	lr: 1.000e-04, eta: 1 day, 21:26:02, time: 7.215, data_time: 6.154, memory: 37111, loss_mask: 0.0416, loss_texture: 0.0015, iou: 0.7725, iou_t0: 0.8168, iou_t1: 0.7738, iou_t2: 0.7997, iou_t3: 0.8154, iou_t4: 0.7528, iou_t5: 0.7144, loss: 0.0431
2026-05-05 10:32:26,628 - mmdet - INFO - Iter [1050/120000]	lr: 1.000e-04, eta: 1 day, 21:11:10, time: 1.072, data_time: 0.012, memory: 37111, loss_mask: 0.0346, loss_texture: 0.0014, iou: 0.7429, iou_t0: 0.7770, iou_t1: 0.7624, iou_t2: 0.6085, iou_t3: 0.7282, iou_t4: 0.7624, iou_t5: 0.7021, loss: 0.0360
2026-05-05 10:32:53,436 - mmdet - INFO - Iter [1075/120000]	lr: 1.000e-04, eta: 1 day, 20:56:59, time: 1.072, data_time: 0.012, memory: 37111, loss_mask: 0.0324, loss_texture: 0.0013, iou: 0.7549, iou_t0: 0.7627, iou_t1: 0.8086, iou_t2: 0.7616, iou_t3: 0.7196, iou_t4: 0.7165, iou_t5: 0.8011, loss: 0.0338
2026-05-05 10:33:20,257 - mmdet - INFO - Iter [1100/120000]	lr: 1.000e-04, eta: 1 day, 20:43:28, time: 1.073, data_time: 0.012, memory: 37111, loss_mask: 0.0384, loss_texture: 0.0014, iou: 0.7679, iou_t0: 0.7433, iou_t1: 0.8171, iou_t2: 0.7570, iou_t3: 0.7174, iou_t4: 0.7227, iou_t5: 0.7704, loss: 0.0398
2026-05-05 10:33:47,072 - mmdet - INFO - Iter [1125/120000]	lr: 1.000e-04, eta: 1 day, 20:30:30, time: 1.073, data_time: 0.012, memory: 37111, loss_mask: 0.0629, loss_texture: 0.0017, iou: 0.7278, iou_t0: 0.7680, iou_t1: 0.8306, iou_t2: 0.8187, iou_t3: 0.7178, iou_t4: 0.6101, iou_t5: 0.6174, loss: 0.0647
2026-05-05 10:34:13,908 - mmdet - INFO - Iter [1150/120000]	lr: 1.000e-04, eta: 1 day, 20:18:07, time: 1.073, data_time: 0.012, memory: 37111, loss_mask: 0.0538, loss_texture: 0.0013, iou: 0.7227, iou_t0: 0.7692, iou_t1: 0.7548, iou_t2: 0.6898, iou_t3: 0.7033, iou_t4: 0.8035, iou_t5: 0.5893, loss: 0.0552
2026-05-05 10:34:40,759 - mmdet - INFO - Iter [1175/120000]	lr: 1.000e-04, eta: 1 day, 20:06:16, time: 1.074, data_time: 0.012, memory: 37111, loss_mask: 0.0500, loss_texture: 0.0019, iou: 0.7584, iou_t0: 0.7399, iou_t1: 0.7941, iou_t2: 0.7794, iou_t3: 0.7925, iou_t4: 0.7745, iou_t5: 0.6553, loss: 0.0519
2026-05-05 10:35:07,585 - mmdet - INFO - Iter [1200/120000]	lr: 1.000e-04, eta: 1 day, 19:54:52, time: 1.073, data_time: 0.012, memory: 37111, loss_mask: 0.0504, loss_texture: 0.0017, iou: 0.7601, iou_t0: 0.7421, iou_t1: 0.7760, iou_t2: 0.7763, iou_t3: 0.7401, iou_t4: 0.8295, iou_t5: 0.6681, loss: 0.0521
2026-05-05 10:35:34,457 - mmdet - INFO - Iter [1225/120000]	lr: 1.000e-04, eta: 1 day, 19:43:58, time: 1.075, data_time: 0.012, memory: 37111, loss_mask: 0.0386, loss_texture: 0.0014, iou: 0.7307, iou_t0: 0.7551, iou_t1: 0.6961, iou_t2: 0.7477, iou_t3: 0.6512, iou_t4: 0.7833, iou_t5: 0.7183, loss: 0.0401
2026-05-05 10:36:01,273 - mmdet - INFO - Iter [1250/120000]	lr: 1.000e-04, eta: 1 day, 19:33:24, time: 1.073, data_time: 0.011, memory: 37111, loss_mask: 0.0432, loss_texture: 0.0014, iou: 0.7469, iou_t0: 0.8212, iou_t1: 0.7735, iou_t2: 0.7250, iou_t3: 0.8384, iou_t4: 0.7037, iou_t5: 0.6979, loss: 0.0445
2026-05-05 10:36:28,128 - mmdet - INFO - Iter [1275/120000]	lr: 1.000e-04, eta: 1 day, 19:23:18, time: 1.074, data_time: 0.012, memory: 37111, loss_mask: 0.0520, loss_texture: 0.0015, iou: 0.7572, iou_t0: 0.8144, iou_t1: 0.8163, iou_t2: 0.7066, iou_t3: 0.7856, iou_t4: 0.7083, iou_t5: 0.7628, loss: 0.0534
2026-05-05 10:36:55,012 - mmdet - INFO - Iter [1300/120000]	lr: 1.000e-04, eta: 1 day, 19:13:37, time: 1.075, data_time: 0.012, memory: 37111, loss_mask: 0.0288, loss_texture: 0.0013, iou: 0.7466, iou_t0: 0.7103, iou_t1: 0.8530, iou_t2: 0.6895, iou_t3: 0.7864, iou_t4: 0.8080, iou_t5: 0.6940, loss: 0.0301
2026-05-05 10:37:21,870 - mmdet - INFO - Iter [1325/120000]	lr: 1.000e-04, eta: 1 day, 19:04:14, time: 1.074, data_time: 0.012, memory: 37111, loss_mask: 0.0343, loss_texture: 0.0012, iou: 0.7332, iou_t0: 0.7265, iou_t1: 0.7657, iou_t2: 0.7283, iou_t3: 0.7230, iou_t4: 0.7783, iou_t5: 0.7157, loss: 0.0354
2026-05-05 10:37:48,753 - mmdet - INFO - Iter [1350/120000]	lr: 1.000e-04, eta: 1 day, 18:55:13, time: 1.075, data_time: 0.012, memory: 37111, loss_mask: 0.0500, loss_texture: 0.0011, iou: 0.7597, iou_t0: 0.6779, iou_t1: 0.8491, iou_t2: 0.8397, iou_t3: 0.6884, iou_t4: 0.8212, iou_t5: 0.6790, loss: 0.0511
2026-05-05 10:38:15,602 - mmdet - INFO - Iter [1375/120000]	lr: 1.000e-04, eta: 1 day, 18:46:28, time: 1.074, data_time: 0.012, memory: 37111, loss_mask: 0.0422, loss_texture: 0.0014, iou: 0.7490, iou_t0: 0.7731, iou_t1: 0.7629, iou_t2: 0.7963, iou_t3: 0.7074, iou_t4: 0.8632, iou_t5: 0.6224, loss: 0.0436
2026-05-05 10:38:42,393 - mmdet - INFO - Iter [1400/120000]	lr: 1.000e-04, eta: 1 day, 18:37:56, time: 1.072, data_time: 0.012, memory: 37111, loss_mask: 0.0423, loss_texture: 0.0012, iou: 0.7435, iou_t0: 0.8156, iou_t1: 0.7825, iou_t2: 0.7443, iou_t3: 0.7153, iou_t4: 0.7434, iou_t5: 0.6821, loss: 0.0435
2026-05-05 10:39:09,190 - mmdet - INFO - Iter [1425/120000]	lr: 1.000e-04, eta: 1 day, 18:29:41, time: 1.072, data_time: 0.012, memory: 37111, loss_mask: 0.0357, loss_texture: 0.0012, iou: 0.7391, iou_t0: 0.7478, iou_t1: 0.7383, iou_t2: 0.6872, iou_t3: 0.6923, iou_t4: 0.6710, iou_t5: 0.7847, loss: 0.0370
2026-05-05 10:39:36,056 - mmdet - INFO - Iter [1450/120000]	lr: 1.000e-04, eta: 1 day, 18:21:49, time: 1.075, data_time: 0.012, memory: 37111, loss_mask: 0.0408, loss_texture: 0.0012, iou: 0.7754, iou_t0: 0.7979, iou_t1: 0.7344, iou_t2: 0.7926, iou_t3: 0.8153, iou_t4: 0.7480, iou_t5: 0.7358, loss: 0.0420
2026-05-05 10:40:02,907 - mmdet - INFO - Iter [1475/120000]	lr: 1.000e-04, eta: 1 day, 18:14:10, time: 1.074, data_time: 0.012, memory: 37111, loss_mask: 0.0348, loss_texture: 0.0011, iou: 0.7513, iou_t0: 0.7374, iou_t1: 0.8349, iou_t2: 0.6875, iou_t3: 0.8436, iou_t4: 0.7278, iou_t5: 0.7013, loss: 0.0359
2026-05-05 10:40:29,730 - mmdet - INFO - 
--- Val evaluation at iter 1500 ---
2026-05-05 10:42:57,328 - mmdet - INFO - 
+------------+-------------+-------------+
| Class      | Val IoU     | Pseudo IoU  |
+------------+-------------+-------------+
| background | 92.13       | 92.68       |
| building   | 67.12       | 69.14       |
| Summary    | mIoU: 79.62 | mIoU: 80.91 |
+------------+-------------+-------------+
Images evaluated: 218
2026-05-05 10:43:00,344 - mmdet - INFO - ★ New best mIoU: 79.62% (prev: 79.55%, Δ=+0.08%) → saved to /home/ubuntu/vy/Denoiser/SegRefiner/work_dirs/exp6_obj_unc/best_model.pth
2026-05-05 10:43:00,349 - mmdet - INFO - Iter [1500/120000]	lr: 1.000e-04, eta: 1 day, 18:06:43, time: 1.073, data_time: 0.012, memory: 37111, val/mIoU: 0.7962, val/IoU.building: 0.6712, val/IoU.background: 0.9213, val/Pseudo_mIoU: 0.8091, loss_mask: 0.0439, loss_texture: 0.0013, iou: 0.7847, iou_t0: 0.8260, iou_t1: 0.8035, iou_t2: 0.7002, iou_t3: 0.8516, iou_t4: 0.6939, iou_t5: 0.8231, loss: 0.0452
2026-05-05 10:43:27,102 - mmdet - INFO - Iter [1525/120000]	lr: 1.000e-04, eta: 1 day, 21:14:26, time: 7.095, data_time: 6.037, memory: 37111, loss_mask: 0.0288, loss_texture: 0.0010, iou: 0.7540, iou_t0: 0.7556, iou_t1: 0.7751, iou_t2: 0.7583, iou_t3: 0.8450, iou_t4: 0.7886, iou_t5: 0.6437, loss: 0.0298
2026-05-05 10:43:53,870 - mmdet - INFO - Iter [1550/120000]	lr: 1.000e-04, eta: 1 day, 21:04:11, time: 1.071, data_time: 0.012, memory: 37111, loss_mask: 0.0242, loss_texture: 0.0009, iou: 0.7708, iou_t0: 0.7574, iou_t1: 0.7458, iou_t2: 0.7353, iou_t3: 0.7420, iou_t4: 0.7691, iou_t5: 0.8057, loss: 0.0252
2026-05-05 10:44:20,625 - mmdet - INFO - Iter [1575/120000]	lr: 1.000e-04, eta: 1 day, 20:54:13, time: 1.070, data_time: 0.012, memory: 37111, loss_mask: 0.0347, loss_texture: 0.0011, iou: 0.7351, iou_t0: 0.8069, iou_t1: 0.6804, iou_t2: 0.7894, iou_t3: 0.6991, iou_t4: 0.7671, iou_t5: 0.6660, loss: 0.0358
2026-05-05 10:44:47,407 - mmdet - INFO - Iter [1600/120000]	lr: 1.000e-04, eta: 1 day, 20:44:36, time: 1.071, data_time: 0.012, memory: 37111, loss_mask: 0.0780, loss_texture: 0.0017, iou: 0.7502, iou_t0: 0.7799, iou_t1: 0.7262, iou_t2: 0.8107, iou_t3: 0.7458, iou_t4: 0.6814, iou_t5: 0.7640, loss: 0.0798
2026-05-05 10:45:14,214 - mmdet - INFO - Iter [1625/120000]	lr: 1.000e-04, eta: 1 day, 20:35:17, time: 1.072, data_time: 0.012, memory: 37111, loss_mask: 0.0358, loss_texture: 0.0009, iou: 0.7688, iou_t0: 0.7977, iou_t1: 0.7947, iou_t2: 0.7603, iou_t3: 0.8360, iou_t4: 0.6738, iou_t5: 0.7480, loss: 0.0368
2026-05-05 10:45:40,984 - mmdet - INFO - Iter [1650/120000]	lr: 1.000e-04, eta: 1 day, 20:26:12, time: 1.071, data_time: 0.011, memory: 37111, loss_mask: 0.0219, loss_texture: 0.0010, iou: 0.7437, iou_t0: 0.7889, iou_t1: 0.7941, iou_t2: 0.8222, iou_t3: 0.8054, iou_t4: 0.6236, iou_t5: 0.6739, loss: 0.0229
2026-05-05 10:46:07,824 - mmdet - INFO - Iter [1675/120000]	lr: 1.000e-04, eta: 1 day, 20:17:27, time: 1.074, data_time: 0.012, memory: 37111, loss_mask: 0.0307, loss_texture: 0.0010, iou: 0.7516, iou_t0: 0.7589, iou_t1: 0.7740, iou_t2: 0.7711, iou_t3: 0.6182, iou_t4: 0.7587, iou_t5: 0.7702, loss: 0.0317
2026-05-05 10:46:34,686 - mmdet - INFO - Iter [1700/120000]	lr: 1.000e-04, eta: 1 day, 20:08:58, time: 1.074, data_time: 0.012, memory: 37111, loss_mask: 0.0388, loss_texture: 0.0011, iou: 0.7514, iou_t0: 0.7775, iou_t1: 0.7356, iou_t2: 0.7624, iou_t3: 0.7252, iou_t4: 0.7731, iou_t5: 0.7363, loss: 0.0398
2026-05-05 10:47:01,515 - mmdet - INFO - Iter [1725/120000]	lr: 1.000e-04, eta: 1 day, 20:00:41, time: 1.073, data_time: 0.012, memory: 37111, loss_mask: 0.0314, loss_texture: 0.0010, iou: 0.7455, iou_t0: 0.7764, iou_t1: 0.7070, iou_t2: 0.8202, iou_t3: 0.7821, iou_t4: 0.7517, iou_t5: 0.6993, loss: 0.0324
2026-05-05 10:47:28,344 - mmdet - INFO - Iter [1750/120000]	lr: 1.000e-04, eta: 1 day, 19:52:37, time: 1.073, data_time: 0.012, memory: 37111, loss_mask: 0.0331, loss_texture: 0.0010, iou: 0.7243, iou_t0: 0.8163, iou_t1: 0.7262, iou_t2: 0.7115, iou_t3: 0.7316, iou_t4: 0.6468, iou_t5: 0.7366, loss: 0.0341
2026-05-05 10:47:55,188 - mmdet - INFO - Iter [1775/120000]	lr: 1.000e-04, eta: 1 day, 19:44:48, time: 1.074, data_time: 0.012, memory: 37111, loss_mask: 0.0445, loss_texture: 0.0012, iou: 0.7556, iou_t0: 0.7881, iou_t1: 0.7635, iou_t2: 0.8089, iou_t3: 0.7125, iou_t4: 0.7769, iou_t5: 0.6793, loss: 0.0457
2026-05-05 10:48:22,016 - mmdet - INFO - Iter [1800/120000]	lr: 1.000e-04, eta: 1 day, 19:37:09, time: 1.073, data_time: 0.012, memory: 37111, loss_mask: 0.0320, loss_texture: 0.0010, iou: 0.7618, iou_t0: 0.8662, iou_t1: 0.7320, iou_t2: 0.7632, iou_t3: 0.8313, iou_t4: 0.7015, iou_t5: 0.7038, loss: 0.0330
2026-05-05 10:48:48,843 - mmdet - INFO - Iter [1825/120000]	lr: 1.000e-04, eta: 1 day, 19:29:43, time: 1.073, data_time: 0.012, memory: 37111, loss_mask: 0.0351, loss_texture: 0.0009, iou: 0.7459, iou_t0: 0.7661, iou_t1: 0.7256, iou_t2: 0.7855, iou_t3: 0.7594, iou_t4: 0.7025, iou_t5: 0.7546, loss: 0.0360
2026-05-05 10:49:15,684 - mmdet - INFO - Iter [1850/120000]	lr: 1.000e-04, eta: 1 day, 19:22:28, time: 1.074, data_time: 0.011, memory: 37111, loss_mask: 0.0397, loss_texture: 0.0011, iou: 0.7522, iou_t0: 0.7428, iou_t1: 0.7158, iou_t2: 0.7935, iou_t3: 0.7991, iou_t4: 0.7806, iou_t5: 0.6450, loss: 0.0408
2026-05-05 10:49:42,529 - mmdet - INFO - Iter [1875/120000]	lr: 1.000e-04, eta: 1 day, 19:15:25, time: 1.074, data_time: 0.012, memory: 37111, loss_mask: 0.0237, loss_texture: 0.0009, iou: 0.7850, iou_t0: 0.7467, iou_t1: 0.8387, iou_t2: 0.8418, iou_t3: 0.7916, iou_t4: 0.7708, iou_t5: 0.7856, loss: 0.0246
2026-05-05 10:50:09,340 - mmdet - INFO - Iter [1900/120000]	lr: 1.000e-04, eta: 1 day, 19:08:30, time: 1.072, data_time: 0.012, memory: 37111, loss_mask: 0.0196, loss_texture: 0.0008, iou: 0.7445, iou_t0: 0.6692, iou_t1: 0.7300, iou_t2: 0.7127, iou_t3: 0.8497, iou_t4: 0.7511, iou_t5: 0.7236, loss: 0.0204
2026-05-05 10:50:36,183 - mmdet - INFO - Iter [1925/120000]	lr: 1.000e-04, eta: 1 day, 19:01:47, time: 1.074, data_time: 0.012, memory: 37111, loss_mask: 0.0240, loss_texture: 0.0008, iou: 0.7514, iou_t0: 0.7487, iou_t1: 0.8357, iou_t2: 0.7473, iou_t3: 0.8008, iou_t4: 0.7436, iou_t5: 0.6222, loss: 0.0248
2026-05-05 10:51:03,017 - mmdet - INFO - Iter [1950/120000]	lr: 1.000e-04, eta: 1 day, 18:55:13, time: 1.073, data_time: 0.011, memory: 37111, loss_mask: 0.0330, loss_texture: 0.0009, iou: 0.7231, iou_t0: 0.7268, iou_t1: 0.7102, iou_t2: 0.8004, iou_t3: 0.6444, iou_t4: 0.7063, iou_t5: 0.6549, loss: 0.0340
2026-05-05 10:51:29,834 - mmdet - INFO - Iter [1975/120000]	lr: 1.000e-04, eta: 1 day, 18:48:47, time: 1.073, data_time: 0.012, memory: 37111, loss_mask: 0.0441, loss_texture: 0.0010, iou: 0.7250, iou_t0: 0.7197, iou_t1: 0.7119, iou_t2: 0.7055, iou_t3: 0.7952, iou_t4: 0.7900, iou_t5: 0.6925, loss: 0.0451
2026-05-05 10:51:56,663 - mmdet - INFO - 
--- Val evaluation at iter 2000 ---
2026-05-05 10:54:22,481 - mmdet - INFO - 
+------------+-------------+-------------+
| Class      | Val IoU     | Pseudo IoU  |
+------------+-------------+-------------+
| background | 92.11       | 92.68       |
| building   | 66.90       | 69.14       |
| Summary    | mIoU: 79.51 | mIoU: 80.91 |
+------------+-------------+-------------+
Images evaluated: 218
2026-05-05 10:54:23,839 - mmdet - INFO - Exp name: exp6_obj_unc.py
2026-05-05 10:54:23,839 - mmdet - INFO - Iter [2000/120000]	lr: 1.000e-04, eta: 1 day, 18:42:31, time: 1.073, data_time: 0.012, memory: 37111, val/mIoU: 0.7951, val/IoU.building: 0.6690, val/IoU.background: 0.9211, val/Pseudo_mIoU: 0.8091, loss_mask: 0.0392, loss_texture: 0.0010, iou: 0.7443, iou_t0: 0.8044, iou_t1: 0.7410, iou_t2: 0.7139, iou_t3: 0.7956, iou_t4: 0.7135, iou_t5: 0.7083, loss: 0.0402
2026-05-05 10:54:50,637 - mmdet - INFO - Iter [2025/120000]	lr: 1.000e-04, eta: 1 day, 20:59:16, time: 6.959, data_time: 5.900, memory: 37111, loss_mask: 0.0277, loss_texture: 0.0009, iou: 0.7576, iou_t0: 0.8354, iou_t1: 0.7990, iou_t2: 0.6673, iou_t3: 0.7458, iou_t4: 0.7208, iou_t5: 0.7586, loss: 0.0286
2026-05-05 10:55:17,401 - mmdet - INFO - Iter [2050/120000]	lr: 1.000e-04, eta: 1 day, 20:51:27, time: 1.071, data_time: 0.012, memory: 37111, loss_mask: 0.0441, loss_texture: 0.0012, iou: 0.7812, iou_t0: 0.8438, iou_t1: 0.7739, iou_t2: 0.7910, iou_t3: 0.7814, iou_t4: 0.7750, iou_t5: 0.7073, loss: 0.0452
2026-05-05 10:55:44,184 - mmdet - INFO - Iter [2075/120000]	lr: 1.000e-04, eta: 1 day, 20:43:50, time: 1.071, data_time: 0.012, memory: 37111, loss_mask: 0.0550, loss_texture: 0.0013, iou: 0.7760, iou_t0: 0.8692, iou_t1: 0.7982, iou_t2: 0.7486, iou_t3: 0.6904, iou_t4: 0.7981, iou_t5: 0.7002, loss: 0.0563
2026-05-05 10:56:10,957 - mmdet - INFO - Iter [2100/120000]	lr: 1.000e-04, eta: 1 day, 20:36:22, time: 1.071, data_time: 0.012, memory: 37111, loss_mask: 0.0476, loss_texture: 0.0014, iou: 0.7274, iou_t0: 0.8225, iou_t1: 0.6872, iou_t2: 0.7297, iou_t3: 0.7951, iou_t4: 0.7029, iou_t5: 0.7106, loss: 0.0490
2026-05-05 10:56:37,756 - mmdet - INFO - Iter [2125/120000]	lr: 1.000e-04, eta: 1 day, 20:29:06, time: 1.072, data_time: 0.012, memory: 37111, loss_mask: 0.0325, loss_texture: 0.0010, iou: 0.7350, iou_t0: 0.7924, iou_t1: 0.7043, iou_t2: 0.6474, iou_t3: 0.7680, iou_t4: 0.7711, iou_t5: 0.7765, loss: 0.0335
2026-05-05 10:57:04,537 - mmdet - INFO - Iter [2150/120000]	lr: 1.000e-04, eta: 1 day, 20:21:58, time: 1.071, data_time: 0.011, memory: 37111, loss_mask: 0.0240, loss_texture: 0.0008, iou: 0.7674, iou_t0: 0.7874, iou_t1: 0.7723, iou_t2: 0.8053, iou_t3: 0.6570, iou_t4: 0.8006, iou_t5: 0.7518, loss: 0.0248
2026-05-05 10:57:31,362 - mmdet - INFO - Iter [2175/120000]	lr: 1.000e-04, eta: 1 day, 20:15:02, time: 1.073, data_time: 0.012, memory: 37111, loss_mask: 0.0374, loss_texture: 0.0011, iou: 0.7366, iou_t0: 0.7364, iou_t1: 0.7770, iou_t2: 0.7786, iou_t3: 0.7144, iou_t4: 0.7231, iou_t5: 0.6770, loss: 0.0385
2026-05-05 10:57:58,155 - mmdet - INFO - Iter [2200/120000]	lr: 1.000e-04, eta: 1 day, 20:08:13, time: 1.072, data_time: 0.012, memory: 37111, loss_mask: 0.0404, loss_texture: 0.0009, iou: 0.7248, iou_t0: 0.7415, iou_t1: 0.7550, iou_t2: 0.7942, iou_t3: 0.6620, iou_t4: 0.6889, iou_t5: 0.6967, loss: 0.0414
2026-05-05 10:58:25,002 - mmdet - INFO - Iter [2225/120000]	lr: 1.000e-04, eta: 1 day, 20:01:35, time: 1.074, data_time: 0.012, memory: 37111, loss_mask: 0.0378, loss_texture: 0.0010, iou: 0.7404, iou_t0: 0.6814, iou_t1: 0.7235, iou_t2: 0.8338, iou_t3: 0.7579, iou_t4: 0.7641, iou_t5: 0.7233, loss: 0.0389
2026-05-05 10:58:51,833 - mmdet - INFO - Iter [2250/120000]	lr: 1.000e-04, eta: 1 day, 19:55:05, time: 1.073, data_time: 0.011, memory: 37111, loss_mask: 0.0362, loss_texture: 0.0010, iou: 0.7776, iou_t0: 0.8527, iou_t1: 0.7693, iou_t2: 0.7314, iou_t3: 0.8631, iou_t4: 0.6761, iou_t5: 0.7449, loss: 0.0372
2026-05-05 10:59:18,711 - mmdet - INFO - Iter [2275/120000]	lr: 1.000e-04, eta: 1 day, 19:48:46, time: 1.075, data_time: 0.012, memory: 37111, loss_mask: 0.0241, loss_texture: 0.0009, iou: 0.7681, iou_t0: 0.8323, iou_t1: 0.7559, iou_t2: 0.6151, iou_t3: 0.7691, iou_t4: 0.7350, iou_t5: 0.7750, loss: 0.0250
2026-05-05 10:59:45,556 - mmdet - INFO - Iter [2300/120000]	lr: 1.000e-04, eta: 1 day, 19:42:32, time: 1.074, data_time: 0.012, memory: 37111, loss_mask: 0.0184, loss_texture: 0.0007, iou: 0.7229, iou_t0: 0.7155, iou_t1: 0.7974, iou_t2: 0.6976, iou_t3: 0.7491, iou_t4: 0.7386, iou_t5: 0.6969, loss: 0.0190
2026-05-05 11:00:12,397 - mmdet - INFO - Iter [2325/120000]	lr: 1.000e-04, eta: 1 day, 19:36:25, time: 1.074, data_time: 0.012, memory: 37111, loss_mask: 0.0147, loss_texture: 0.0006, iou: 0.7883, iou_t0: 0.7498, iou_t1: 0.7098, iou_t2: 0.8534, iou_t3: 0.6929, iou_t4: 0.8364, iou_t5: 0.8061, loss: 0.0153
2026-05-05 11:00:39,219 - mmdet - INFO - Iter [2350/120000]	lr: 1.000e-04, eta: 1 day, 19:30:25, time: 1.073, data_time: 0.012, memory: 37111, loss_mask: 0.0375, loss_texture: 0.0009, iou: 0.7542, iou_t0: 0.7032, iou_t1: 0.7974, iou_t2: 0.6710, iou_t3: 0.8472, iou_t4: 0.7387, iou_t5: 0.7194, loss: 0.0383
2026-05-05 11:01:06,066 - mmdet - INFO - Iter [2375/120000]	lr: 1.000e-04, eta: 1 day, 19:24:33, time: 1.074, data_time: 0.012, memory: 37111, loss_mask: 0.0511, loss_texture: 0.0013, iou: 0.7542, iou_t0: 0.7675, iou_t1: 0.8415, iou_t2: 0.7920, iou_t3: 0.6957, iou_t4: 0.6932, iou_t5: 0.7031, loss: 0.0524
2026-05-05 11:01:32,898 - mmdet - INFO - Iter [2400/120000]	lr: 1.000e-04, eta: 1 day, 19:18:47, time: 1.073, data_time: 0.012, memory: 37111, loss_mask: 0.0410, loss_texture: 0.0012, iou: 0.7652, iou_t0: 0.7282, iou_t1: 0.8316, iou_t2: 0.7475, iou_t3: 0.8091, iou_t4: 0.7720, iou_t5: 0.7116, loss: 0.0422
2026-05-05 11:01:59,768 - mmdet - INFO - Iter [2425/120000]	lr: 1.000e-04, eta: 1 day, 19:13:09, time: 1.075, data_time: 0.012, memory: 37111, loss_mask: 0.0529, loss_texture: 0.0012, iou: 0.7567, iou_t0: 0.7971, iou_t1: 0.7595, iou_t2: 0.7644, iou_t3: 0.6903, iou_t4: 0.7127, iou_t5: 0.7680, loss: 0.0541
2026-05-05 11:02:26,548 - mmdet - INFO - Iter [2450/120000]	lr: 1.000e-04, eta: 1 day, 19:07:34, time: 1.071, data_time: 0.011, memory: 37111, loss_mask: 0.0218, loss_texture: 0.0007, iou: 0.7051, iou_t0: 0.7509, iou_t1: 0.6602, iou_t2: 0.7007, iou_t3: 0.7143, iou_t4: 0.7150, iou_t5: 0.7290, loss: 0.0225
2026-05-05 11:02:53,389 - mmdet - INFO - Iter [2475/120000]	lr: 1.000e-04, eta: 1 day, 19:02:08, time: 1.074, data_time: 0.012, memory: 37111, loss_mask: 0.0221, loss_texture: 0.0008, iou: 0.7556, iou_t0: 0.8218, iou_t1: 0.7897, iou_t2: 0.7901, iou_t3: 0.7056, iou_t4: 0.7702, iou_t5: 0.7020, loss: 0.0229
2026-05-05 11:03:20,226 - mmdet - INFO - 
--- Val evaluation at iter 2500 ---
2026-05-05 11:05:46,408 - mmdet - INFO - 
+------------+-------------+-------------+
| Class      | Val IoU     | Pseudo IoU  |
+------------+-------------+-------------+
| background | 92.13       | 92.68       |
| building   | 66.99       | 69.14       |
| Summary    | mIoU: 79.56 | mIoU: 80.91 |
+------------+-------------+-------------+
Images evaluated: 218
2026-05-05 11:05:47,795 - mmdet - INFO - Iter [2500/120000]	lr: 1.000e-04, eta: 1 day, 18:56:47, time: 1.074, data_time: 0.012, memory: 37111, val/mIoU: 0.7956, val/IoU.building: 0.6699, val/IoU.background: 0.9213, val/Pseudo_mIoU: 0.8091, loss_mask: 0.0288, loss_texture: 0.0008, iou: 0.7641, iou_t0: 0.7928, iou_t1: 0.8087, iou_t2: 0.7696, iou_t3: 0.6412, iou_t4: 0.6906, iou_t5: 0.8216, loss: 0.0297
2026-05-05 11:06:14,607 - mmdet - INFO - Iter [2525/120000]	lr: 1.000e-04, eta: 1 day, 20:45:57, time: 6.975, data_time: 5.916, memory: 37111, loss_mask: 0.0248, loss_texture: 0.0009, iou: 0.7599, iou_t0: 0.8558, iou_t1: 0.7358, iou_t2: 0.8186, iou_t3: 0.7267, iou_t4: 0.6495, iou_t5: 0.7875, loss: 0.0258
2026-05-05 11:06:41,365 - mmdet - INFO - Iter [2550/120000]	lr: 1.000e-04, eta: 1 day, 20:39:35, time: 1.070, data_time: 0.012, memory: 37111, loss_mask: 0.0198, loss_texture: 0.0007, iou: 0.7513, iou_t0: 0.8559, iou_t1: 0.7905, iou_t2: 0.7612, iou_t3: 0.7308, iou_t4: 0.7209, iou_t5: 0.7894, loss: 0.0204
2026-05-05 11:07:08,145 - mmdet - INFO - Iter [2575/120000]	lr: 1.000e-04, eta: 1 day, 20:33:22, time: 1.071, data_time: 0.012, memory: 37111, loss_mask: 0.0237, loss_texture: 0.0008, iou: 0.7957, iou_t0: 0.8071, iou_t1: 0.7665, iou_t2: 0.8615, iou_t3: 0.7634, iou_t4: 0.8945, iou_t5: 0.7218, loss: 0.0245
2026-05-05 11:07:34,956 - mmdet - INFO - Iter [2600/120000]	lr: 1.000e-04, eta: 1 day, 20:27:16, time: 1.072, data_time: 0.012, memory: 37111, loss_mask: 0.0348, loss_texture: 0.0009, iou: 0.7361, iou_t0: 0.6905, iou_t1: 0.7243, iou_t2: 0.7618, iou_t3: 0.7190, iou_t4: 0.8010, iou_t5: 0.7331, loss: 0.0357
2026-05-05 11:08:01,863 - mmdet - INFO - Iter [2625/120000]	lr: 1.000e-04, eta: 1 day, 20:21:21, time: 1.076, data_time: 0.012, memory: 37111, loss_mask: 0.0258, loss_texture: 0.0008, iou: 0.7256, iou_t0: 0.7590, iou_t1: 0.7239, iou_t2: 0.7318, iou_t3: 0.7180, iou_t4: 0.7855, iou_t5: 0.6673, loss: 0.0266
2026-05-05 11:08:28,795 - mmdet - INFO - Iter [2650/120000]	lr: 1.000e-04, eta: 1 day, 20:15:34, time: 1.077, data_time: 0.012, memory: 37111, loss_mask: 0.0258, loss_texture: 0.0007, iou: 0.7680, iou_t0: 0.7773, iou_t1: 0.6992, iou_t2: 0.7254, iou_t3: 0.7950, iou_t4: 0.8223, iou_t5: 0.7660, loss: 0.0265
2026-05-05 11:08:55,559 - mmdet - INFO - Iter [2675/120000]	lr: 1.000e-04, eta: 1 day, 20:09:45, time: 1.071, data_time: 0.012, memory: 37111, loss_mask: 0.0304, loss_texture: 0.0009, iou: 0.7729, iou_t0: 0.7619, iou_t1: 0.8662, iou_t2: 0.7486, iou_t3: 0.7790, iou_t4: 0.7156, iou_t5: 0.7296, loss: 0.0313
2026-05-05 11:09:22,288 - mmdet - INFO - Iter [2700/120000]	lr: 1.000e-04, eta: 1 day, 20:04:00, time: 1.069, data_time: 0.012, memory: 37111, loss_mask: 0.0279, loss_texture: 0.0007, iou: 0.7279, iou_t0: 0.7683, iou_t1: 0.7540, iou_t2: 0.7689, iou_t3: 0.7304, iou_t4: 0.7413, iou_t5: 0.5747, loss: 0.0286
2026-05-05 11:09:49,253 - mmdet - INFO - Iter [2725/120000]	lr: 1.000e-04, eta: 1 day, 19:58:32, time: 1.079, data_time: 0.013, memory: 37111, loss_mask: 0.0200, loss_texture: 0.0007, iou: 0.7391, iou_t0: 0.8579, iou_t1: 0.7267, iou_t2: 0.7405, iou_t3: 0.6529, iou_t4: 0.7664, iou_t5: 0.6798, loss: 0.0208
2026-05-05 11:10:15,990 - mmdet - INFO - Iter [2750/120000]	lr: 1.000e-04, eta: 1 day, 19:52:59, time: 1.069, data_time: 0.012, memory: 37111, loss_mask: 0.0181, loss_texture: 0.0007, iou: 0.7654, iou_t0: 0.7565, iou_t1: 0.7712, iou_t2: 0.7369, iou_t3: 0.7251, iou_t4: 0.7777, iou_t5: 0.7657, loss: 0.0188
2026-05-05 11:10:42,742 - mmdet - INFO - Iter [2775/120000]	lr: 1.000e-04, eta: 1 day, 19:47:33, time: 1.070, data_time: 0.012, memory: 37111, loss_mask: 0.0174, loss_texture: 0.0006, iou: 0.7382, iou_t0: 0.7311, iou_t1: 0.7124, iou_t2: 0.8212, iou_t3: 0.7449, iou_t4: 0.7581, iou_t5: 0.7016, loss: 0.0181
2026-05-05 11:11:09,557 - mmdet - INFO - Iter [2800/120000]	lr: 1.000e-04, eta: 1 day, 19:42:14, time: 1.073, data_time: 0.012, memory: 37111, loss_mask: 0.0339, loss_texture: 0.0009, iou: 0.7754, iou_t0: 0.6948, iou_t1: 0.8527, iou_t2: 0.8558, iou_t3: 0.7162, iou_t4: 0.8495, iou_t5: 0.6916, loss: 0.0348
2026-05-05 11:11:36,427 - mmdet - INFO - Iter [2825/120000]	lr: 1.000e-04, eta: 1 day, 19:37:03, time: 1.075, data_time: 0.013, memory: 37111, loss_mask: 0.0316, loss_texture: 0.0009, iou: 0.7723, iou_t0: 0.7633, iou_t1: 0.7663, iou_t2: 0.8237, iou_t3: 0.8752, iou_t4: 0.7621, iou_t5: 0.6716, loss: 0.0325
2026-05-05 11:12:03,308 - mmdet - INFO - Iter [2850/120000]	lr: 1.000e-04, eta: 1 day, 19:31:57, time: 1.075, data_time: 0.012, memory: 37111, loss_mask: 0.0385, loss_texture: 0.0009, iou: 0.7454, iou_t0: 0.7250, iou_t1: 0.8315, iou_t2: 0.7822, iou_t3: 0.6849, iou_t4: 0.6945, iou_t5: 0.6799, loss: 0.0394
2026-05-05 11:12:30,191 - mmdet - INFO - Iter [2875/120000]	lr: 1.000e-04, eta: 1 day, 19:26:57, time: 1.075, data_time: 0.012, memory: 37111, loss_mask: 0.0304, loss_texture: 0.0010, iou: 0.7477, iou_t0: 0.7622, iou_t1: 0.8187, iou_t2: 0.7525, iou_t3: 0.8151, iou_t4: 0.7246, iou_t5: 0.6680, loss: 0.0314
2026-05-05 11:12:57,172 - mmdet - INFO - Iter [2900/120000]	lr: 1.000e-04, eta: 1 day, 19:22:05, time: 1.079, data_time: 0.012, memory: 37111, loss_mask: 0.0291, loss_texture: 0.0008, iou: 0.7470, iou_t0: 0.7243, iou_t1: 0.8660, iou_t2: 0.8241, iou_t3: 0.6595, iou_t4: 0.6810, iou_t5: 0.7121, loss: 0.0298
2026-05-05 11:13:23,978 - mmdet - INFO - Iter [2925/120000]	lr: 1.000e-04, eta: 1 day, 19:17:10, time: 1.072, data_time: 0.012, memory: 37111, loss_mask: 0.0175, loss_texture: 0.0006, iou: 0.7355, iou_t0: 0.7403, iou_t1: 0.7422, iou_t2: 0.7096, iou_t3: 0.7274, iou_t4: 0.7466, iou_t5: 0.7118, loss: 0.0181
2026-05-05 11:13:50,759 - mmdet - INFO - Iter [2950/120000]	lr: 1.000e-04, eta: 1 day, 19:12:19, time: 1.071, data_time: 0.011, memory: 37111, loss_mask: 0.0257, loss_texture: 0.0008, iou: 0.7499, iou_t0: 0.7884, iou_t1: 0.7978, iou_t2: 0.7724, iou_t3: 0.7451, iou_t4: 0.6613, iou_t5: 0.7635, loss: 0.0265
2026-05-05 11:14:17,564 - mmdet - INFO - Iter [2975/120000]	lr: 1.000e-04, eta: 1 day, 19:07:34, time: 1.072, data_time: 0.012, memory: 37111, loss_mask: 0.0199, loss_texture: 0.0007, iou: 0.7805, iou_t0: 0.7530, iou_t1: 0.8028, iou_t2: 0.8113, iou_t3: 0.8048, iou_t4: 0.7567, iou_t5: 0.7431, loss: 0.0206
2026-05-05 11:14:44,376 - mmdet - INFO - 
--- Val evaluation at iter 3000 ---
2026-05-05 11:17:14,738 - mmdet - INFO - 
+------------+-------------+-------------+
| Class      | Val IoU     | Pseudo IoU  |
+------------+-------------+-------------+
| background | 92.14       | 92.68       |
| building   | 67.12       | 69.14       |
| Summary    | mIoU: 79.63 | mIoU: 80.91 |
+------------+-------------+-------------+
Images evaluated: 218
2026-05-05 11:17:17,387 - mmdet - INFO - ★ New best mIoU: 79.63% (prev: 79.62%, Δ=+0.01%) → saved to /home/ubuntu/vy/Denoiser/SegRefiner/work_dirs/exp6_obj_unc/best_model.pth
2026-05-05 11:17:17,393 - mmdet - INFO - Exp name: exp6_obj_unc.py
2026-05-05 11:17:17,393 - mmdet - INFO - Iter [3000/120000]	lr: 1.000e-04, eta: 1 day, 19:02:53, time: 1.072, data_time: 0.012, memory: 37111, val/mIoU: 0.7963, val/IoU.building: 0.6712, val/IoU.background: 0.9214, val/Pseudo_mIoU: 0.8091, loss_mask: 0.0168, loss_texture: 0.0006, iou: 0.7597, iou_t0: 0.7847, iou_t1: 0.7581, iou_t2: 0.8034, iou_t3: 0.7060, iou_t4: 0.7477, iou_t5: 0.7391, loss: 0.0174
2026-05-05 11:17:44,227 - mmdet - INFO - Iter [3025/120000]	lr: 1.000e-04, eta: 1 day, 20:36:54, time: 7.194, data_time: 6.133, memory: 37111, loss_mask: 0.0121, loss_texture: 0.0006, iou: 0.7852, iou_t0: 0.7526, iou_t1: 0.8080, iou_t2: 0.8320, iou_t3: 0.7646, iou_t4: 0.7851, iou_t5: 0.7595, loss: 0.0127
2026-05-05 11:18:10,979 - mmdet - INFO - Iter [3050/120000]	lr: 1.000e-04, eta: 1 day, 20:31:29, time: 1.070, data_time: 0.012, memory: 37111, loss_mask: 0.0199, loss_texture: 0.0006, iou: 0.7588, iou_t0: 0.7959, iou_t1: 0.7692, iou_t2: 0.7896, iou_t3: 0.8019, iou_t4: 0.7781, iou_t5: 0.6869, loss: 0.0205
2026-05-05 11:18:37,762 - mmdet - INFO - Iter [3075/120000]	lr: 1.000e-04, eta: 1 day, 20:26:10, time: 1.071, data_time: 0.012, memory: 37111, loss_mask: 0.0236, loss_texture: 0.0007, iou: 0.7756, iou_t0: 0.8435, iou_t1: 0.7205, iou_t2: 0.8027, iou_t3: 0.7713, iou_t4: 0.7211, iou_t5: 0.8018, loss: 0.0243
2026-05-05 11:19:04,576 - mmdet - INFO - Iter [3100/120000]	lr: 1.000e-04, eta: 1 day, 20:20:57, time: 1.073, data_time: 0.011, memory: 37111, loss_mask: 0.0172, loss_texture: 0.0006, iou: 0.7664, iou_t0: 0.8134, iou_t1: 0.7505, iou_t2: 0.7551, iou_t3: 0.7420, iou_t4: 0.7632, iou_t5: 0.7088, loss: 0.0178
2026-05-05 11:19:31,448 - mmdet - INFO - Iter [3125/120000]	lr: 1.000e-04, eta: 1 day, 20:15:51, time: 1.075, data_time: 0.012, memory: 37111, loss_mask: 0.0259, loss_texture: 0.0007, iou: 0.7394, iou_t0: 0.8072, iou_t1: 0.7486, iou_t2: 0.7672, iou_t3: 0.6980, iou_t4: 0.7079, iou_t5: 0.6786, loss: 0.0267
2026-05-05 11:19:58,291 - mmdet - INFO - Iter [3150/120000]	lr: 1.000e-04, eta: 1 day, 20:10:48, time: 1.074, data_time: 0.012, memory: 37111, loss_mask: 0.0329, loss_texture: 0.0009, iou: 0.7313, iou_t0: 0.7732, iou_t1: 0.7703, iou_t2: 0.7008, iou_t3: 0.7717, iou_t4: 0.6602, iou_t5: 0.6836, loss: 0.0337
2026-05-05 11:20:25,143 - mmdet - INFO - Iter [3175/120000]	lr: 1.000e-04, eta: 1 day, 20:05:50, time: 1.074, data_time: 0.012, memory: 37111, loss_mask: 0.0197, loss_texture: 0.0008, iou: 0.7793, iou_t0: 0.7282, iou_t1: 0.7741, iou_t2: 0.8833, iou_t3: 0.7923, iou_t4: 0.7279, iou_t5: 0.7677, loss: 0.0205
2026-05-05 11:20:52,070 - mmdet - INFO - Iter [3200/120000]	lr: 1.000e-04, eta: 1 day, 20:00:59, time: 1.077, data_time: 0.012, memory: 37111, loss_mask: 0.0169, loss_texture: 0.0007, iou: 0.7523, iou_t0: 0.8030, iou_t1: 0.6738, iou_t2: 0.8079, iou_t3: 0.8546, iou_t4: 0.7015, iou_t5: 0.6940, loss: 0.0176
2026-05-05 11:21:18,899 - mmdet - INFO - Iter [3225/120000]	lr: 1.000e-04, eta: 1 day, 19:56:09, time: 1.073, data_time: 0.012, memory: 37111, loss_mask: 0.0146, loss_texture: 0.0006, iou: 0.7652, iou_t0: 0.7204, iou_t1: 0.8654, iou_t2: 0.7438, iou_t3: 0.7272, iou_t4: 0.8492, iou_t5: 0.7519, loss: 0.0152
2026-05-05 11:21:45,628 - mmdet - INFO - Iter [3250/120000]	lr: 1.000e-04, eta: 1 day, 19:51:18, time: 1.069, data_time: 0.011, memory: 37111, loss_mask: 0.0288, loss_texture: 0.0007, iou: 0.7419, iou_t0: 0.8362, iou_t1: 0.8363, iou_t2: 0.7450, iou_t3: 0.6597, iou_t4: 0.7252, iou_t5: 0.7097, loss: 0.0295
2026-05-05 11:22:12,433 - mmdet - INFO - Iter [3275/120000]	lr: 1.000e-04, eta: 1 day, 19:46:35, time: 1.072, data_time: 0.012, memory: 37111, loss_mask: 0.0197, loss_texture: 0.0008, iou: 0.7659, iou_t0: 0.7317, iou_t1: 0.7336, iou_t2: 0.8043, iou_t3: 0.8065, iou_t4: 0.7181, iou_t5: 0.7665, loss: 0.0205
2026-05-05 11:22:39,250 - mmdet - INFO - Iter [3300/120000]	lr: 1.000e-04, eta: 1 day, 19:41:56, time: 1.073, data_time: 0.012, memory: 37111, loss_mask: 0.0158, loss_texture: 0.0006, iou: 0.7720, iou_t0: 0.8282, iou_t1: 0.6841, iou_t2: 0.7601, iou_t3: 0.8048, iou_t4: 0.7771, iou_t5: 0.7298, loss: 0.0164
2026-05-05 11:23:06,164 - mmdet - INFO - Iter [3325/120000]	lr: 1.000e-04, eta: 1 day, 19:37:24, time: 1.077, data_time: 0.012, memory: 37111, loss_mask: 0.0303, loss_texture: 0.0008, iou: 0.7421, iou_t0: 0.7903, iou_t1: 0.7331, iou_t2: 0.7756, iou_t3: 0.7448, iou_t4: 0.6674, iou_t5: 0.8009, loss: 0.0311
2026-05-05 11:23:32,998 - mmdet - INFO - Iter [3350/120000]	lr: 1.000e-04, eta: 1 day, 19:32:53, time: 1.073, data_time: 0.012, memory: 37111, loss_mask: 0.0255, loss_texture: 0.0008, iou: 0.7379, iou_t0: 0.7464, iou_t1: 0.6998, iou_t2: 0.7627, iou_t3: 0.7960, iou_t4: 0.7389, iou_t5: 0.6783, loss: 0.0263
2026-05-05 11:23:59,859 - mmdet - INFO - Iter [3375/120000]	lr: 1.000e-04, eta: 1 day, 19:28:27, time: 1.074, data_time: 0.012, memory: 37111, loss_mask: 0.0340, loss_texture: 0.0008, iou: 0.7831, iou_t0: 0.8031, iou_t1: 0.7059, iou_t2: 0.7944, iou_t3: 0.7988, iou_t4: 0.7688, iou_t5: 0.7907, loss: 0.0348
2026-05-05 11:24:26,840 - mmdet - INFO - Iter [3400/120000]	lr: 1.000e-04, eta: 1 day, 19:24:08, time: 1.079, data_time: 0.012, memory: 37111, loss_mask: 0.0238, loss_texture: 0.0008, iou: 0.7708, iou_t0: 0.8524, iou_t1: 0.7795, iou_t2: 0.7381, iou_t3: 0.6638, iou_t4: 0.7456, iou_t5: 0.7148, loss: 0.0246
2026-05-05 11:24:53,735 - mmdet - INFO - Iter [3425/120000]	lr: 1.000e-04, eta: 1 day, 19:19:50, time: 1.076, data_time: 0.012, memory: 37111, loss_mask: 0.0325, loss_texture: 0.0008, iou: 0.7398, iou_t0: 0.7584, iou_t1: 0.7877, iou_t2: 0.7012, iou_t3: 0.7655, iou_t4: 0.7274, iou_t5: 0.6893, loss: 0.0333
2026-05-05 11:25:20,563 - mmdet - INFO - Iter [3450/120000]	lr: 1.000e-04, eta: 1 day, 19:15:32, time: 1.073, data_time: 0.012, memory: 37111, loss_mask: 0.0234, loss_texture: 0.0007, iou: 0.7663, iou_t0: 0.8032, iou_t1: 0.6878, iou_t2: 0.7906, iou_t3: 0.8397, iou_t4: 0.6747, iou_t5: 0.6795, loss: 0.0241
2026-05-05 11:25:47,545 - mmdet - INFO - Iter [3475/120000]	lr: 1.000e-04, eta: 1 day, 19:11:23, time: 1.079, data_time: 0.013, memory: 37111, loss_mask: 0.0270, loss_texture: 0.0008, iou: 0.7352, iou_t0: 0.6972, iou_t1: 0.7541, iou_t2: 0.7267, iou_t3: 0.7928, iou_t4: 0.7538, iou_t5: 0.7054, loss: 0.0278
2026-05-05 11:26:14,428 - mmdet - INFO - 
--- Val evaluation at iter 3500 ---
2026-05-05 11:28:46,405 - mmdet - INFO - 
+------------+-------------+-------------+
| Class      | Val IoU     | Pseudo IoU  |
+------------+-------------+-------------+
| background | 92.13       | 92.68       |
| building   | 67.21       | 69.14       |
| Summary    | mIoU: 79.67 | mIoU: 80.91 |
+------------+-------------+-------------+
Images evaluated: 218
2026-05-05 11:28:48,962 - mmdet - INFO - ★ New best mIoU: 79.67% (prev: 79.63%, Δ=+0.04%) → saved to /home/ubuntu/vy/Denoiser/SegRefiner/work_dirs/exp6_obj_unc/best_model.pth
2026-05-05 11:28:48,967 - mmdet - INFO - Iter [3500/120000]	lr: 1.000e-04, eta: 1 day, 19:07:15, time: 1.075, data_time: 0.011, memory: 37111, val/mIoU: 0.7967, val/IoU.building: 0.6721, val/IoU.background: 0.9213, val/Pseudo_mIoU: 0.8091, loss_mask: 0.0275, loss_texture: 0.0008, iou: 0.7898, iou_t0: 0.8593, iou_t1: 0.7796, iou_t2: 0.7487, iou_t3: 0.8481, iou_t4: 0.8165, iou_t5: 0.7165, loss: 0.0284
2026-05-05 11:29:15,734 - mmdet - INFO - Iter [3525/120000]	lr: 1.000e-04, eta: 1 day, 20:28:11, time: 7.252, data_time: 6.193, memory: 37111, loss_mask: 0.0196, loss_texture: 0.0006, iou: 0.7712, iou_t0: 0.7965, iou_t1: 0.7224, iou_t2: 0.7550, iou_t3: 0.8253, iou_t4: 0.8077, iou_t5: 0.7513, loss: 0.0202
2026-05-05 11:29:42,528 - mmdet - INFO - Iter [3550/120000]	lr: 1.000e-04, eta: 1 day, 20:23:29, time: 1.072, data_time: 0.011, memory: 37111, loss_mask: 0.0218, loss_texture: 0.0007, iou: 0.7487, iou_t0: 0.7964, iou_t1: 0.8073, iou_t2: 0.8360, iou_t3: 0.7392, iou_t4: 0.7564, iou_t5: 0.7460, loss: 0.0226
2026-05-05 11:30:09,405 - mmdet - INFO - Iter [3575/120000]	lr: 1.000e-04, eta: 1 day, 20:18:52, time: 1.075, data_time: 0.013, memory: 37111, loss_mask: 0.0264, loss_texture: 0.0007, iou: 0.7699, iou_t0: 0.8145, iou_t1: 0.7585, iou_t2: 0.7471, iou_t3: 0.8033, iou_t4: 0.8417, iou_t5: 0.7614, loss: 0.0272
2026-05-05 11:30:36,272 - mmdet - INFO - Iter [3600/120000]	lr: 1.000e-04, eta: 1 day, 20:14:19, time: 1.075, data_time: 0.012, memory: 37111, loss_mask: 0.0293, loss_texture: 0.0008, iou: 0.7328, iou_t0: 0.6891, iou_t1: 0.7521, iou_t2: 0.8176, iou_t3: 0.7034, iou_t4: 0.7609, iou_t5: 0.5711, loss: 0.0302
2026-05-05 11:31:03,077 - mmdet - INFO - Iter [3625/120000]	lr: 1.000e-04, eta: 1 day, 20:09:47, time: 1.072, data_time: 0.011, memory: 37111, loss_mask: 0.0127, loss_texture: 0.0005, iou: 0.7185, iou_t0: 0.7152, iou_t1: 0.7670, iou_t2: 0.6741, iou_t3: 0.7439, iou_t4: 0.6785, iou_t5: 0.7391, loss: 0.0133
2026-05-05 11:31:29,965 - mmdet - INFO - Iter [3650/120000]	lr: 1.000e-04, eta: 1 day, 20:05:22, time: 1.076, data_time: 0.012, memory: 37111, loss_mask: 0.0135, loss_texture: 0.0006, iou: 0.7647, iou_t0: 0.6691, iou_t1: 0.8404, iou_t2: 0.7831, iou_t3: 0.7676, iou_t4: 0.7689, iou_t5: 0.7883, loss: 0.0142
2026-05-05 11:31:56,843 - mmdet - INFO - Iter [3675/120000]	lr: 1.000e-04, eta: 1 day, 20:00:59, time: 1.075, data_time: 0.012, memory: 37111, loss_mask: 0.0141, loss_texture: 0.0005, iou: 0.7837, iou_t0: 0.7917, iou_t1: 0.8588, iou_t2: 0.8220, iou_t3: 0.7069, iou_t4: 0.7867, iou_t5: 0.7408, loss: 0.0146
2026-05-05 11:32:23,719 - mmdet - INFO - Iter [3700/120000]	lr: 1.000e-04, eta: 1 day, 19:56:39, time: 1.075, data_time: 0.012, memory: 37111, loss_mask: 0.0217, loss_texture: 0.0005, iou: 0.7857, iou_t0: 0.7660, iou_t1: 0.7900, iou_t2: 0.8333, iou_t3: 0.8053, iou_t4: 0.7110, iou_t5: 0.8044, loss: 0.0223
2026-05-05 11:32:50,648 - mmdet - INFO - Iter [3725/120000]	lr: 1.000e-04, eta: 1 day, 19:52:24, time: 1.077, data_time: 0.012, memory: 37111, loss_mask: 0.0310, loss_texture: 0.0009, iou: 0.7556, iou_t0: 0.7589, iou_t1: 0.8048, iou_t2: 0.7301, iou_t3: 0.8433, iou_t4: 0.6889, iou_t5: 0.7638, loss: 0.0319
2026-05-05 11:33:17,460 - mmdet - INFO - Iter [3750/120000]	lr: 1.000e-04, eta: 1 day, 19:48:09, time: 1.072, data_time: 0.011, memory: 37111, loss_mask: 0.0199, loss_texture: 0.0006, iou: 0.7629, iou_t0: 0.7861, iou_t1: 0.6969, iou_t2: 0.8644, iou_t3: 0.7060, iou_t4: 0.8415, iou_t5: 0.7830, loss: 0.0205
2026-05-05 11:33:44,339 - mmdet - INFO - Iter [3775/120000]	lr: 1.000e-04, eta: 1 day, 19:43:58, time: 1.075, data_time: 0.012, memory: 37111, loss_mask: 0.0219, loss_texture: 0.0007, iou: 0.7753, iou_t0: 0.7688, iou_t1: 0.7813, iou_t2: 0.7388, iou_t3: 0.7949, iou_t4: 0.8618, iou_t5: 0.7087, loss: 0.0226
2026-05-05 11:34:11,163 - mmdet - INFO - Iter [3800/120000]	lr: 1.000e-04, eta: 1 day, 19:39:49, time: 1.073, data_time: 0.011, memory: 37111, loss_mask: 0.0155, loss_texture: 0.0006, iou: 0.7739, iou_t0: 0.7727, iou_t1: 0.7665, iou_t2: 0.8465, iou_t3: 0.8370, iou_t4: 0.7128, iou_t5: 0.7895, loss: 0.0161
2026-05-05 11:34:37,943 - mmdet - INFO - Iter [3825/120000]	lr: 1.000e-04, eta: 1 day, 19:35:41, time: 1.071, data_time: 0.011, memory: 37111, loss_mask: 0.0119, loss_texture: 0.0005, iou: 0.7080, iou_t0: 0.7542, iou_t1: 0.7510, iou_t2: 0.7440, iou_t3: 0.6334, iou_t4: 0.7090, iou_t5: 0.6543, loss: 0.0124
2026-05-05 11:35:04,822 - mmdet - INFO - Iter [3850/120000]	lr: 1.000e-04, eta: 1 day, 19:31:40, time: 1.075, data_time: 0.012, memory: 37111, loss_mask: 0.0162, loss_texture: 0.0005, iou: 0.7539, iou_t0: 0.7497, iou_t1: 0.8060, iou_t2: 0.8104, iou_t3: 0.6337, iou_t4: 0.7437, iou_t5: 0.7134, loss: 0.0168
2026-05-05 11:35:31,694 - mmdet - INFO - Iter [3875/120000]	lr: 1.000e-04, eta: 1 day, 19:27:40, time: 1.075, data_time: 0.012, memory: 37111, loss_mask: 0.0169, loss_texture: 0.0006, iou: 0.7682, iou_t0: 0.8443, iou_t1: 0.7711, iou_t2: 0.7767, iou_t3: 0.6293, iou_t4: 0.7281, iou_t5: 0.7897, loss: 0.0175
2026-05-05 11:35:58,603 - mmdet - INFO - Iter [3900/120000]	lr: 1.000e-04, eta: 1 day, 19:23:45, time: 1.076, data_time: 0.011, memory: 37111, loss_mask: 0.0139, loss_texture: 0.0005, iou: 0.7890, iou_t0: 0.8013, iou_t1: 0.8509, iou_t2: 0.7394, iou_t3: 0.7878, iou_t4: 0.7928, iou_t5: 0.8108, loss: 0.0144
2026-05-05 11:36:25,461 - mmdet - INFO - Iter [3925/120000]	lr: 1.000e-04, eta: 1 day, 19:19:51, time: 1.074, data_time: 0.011, memory: 37111, loss_mask: 0.0163, loss_texture: 0.0006, iou: 0.7496, iou_t0: 0.7570, iou_t1: 0.7415, iou_t2: 0.8448, iou_t3: 0.7486, iou_t4: 0.7674, iou_t5: 0.7097, loss: 0.0169
2026-05-05 11:36:52,243 - mmdet - INFO - Iter [3950/120000]	lr: 1.000e-04, eta: 1 day, 19:15:57, time: 1.071, data_time: 0.011, memory: 37111, loss_mask: 0.0124, loss_texture: 0.0005, iou: 0.7821, iou_t0: 0.7666, iou_t1: 0.8460, iou_t2: 0.7560, iou_t3: 0.7987, iou_t4: 0.7951, iou_t5: 0.7549, loss: 0.0129
2026-05-05 11:37:19,015 - mmdet - INFO - Iter [3975/120000]	lr: 1.000e-04, eta: 1 day, 19:12:05, time: 1.071, data_time: 0.012, memory: 37111, loss_mask: 0.0241, loss_texture: 0.0007, iou: 0.7367, iou_t0: 0.7488, iou_t1: 0.7766, iou_t2: 0.8440, iou_t3: 0.5475, iou_t4: 0.7615, iou_t5: 0.7759, loss: 0.0249
2026-05-05 11:37:45,814 - mmdet - INFO - 
--- Val evaluation at iter 4000 ---
2026-05-05 11:40:15,919 - mmdet - INFO - 
+------------+-------------+-------------+
| Class      | Val IoU     | Pseudo IoU  |
+------------+-------------+-------------+
| background | 92.13       | 92.68       |
| building   | 66.95       | 69.14       |
| Summary    | mIoU: 79.54 | mIoU: 80.91 |
+------------+-------------+-------------+
Images evaluated: 218
2026-05-05 11:40:17,289 - mmdet - INFO - Exp name: exp6_obj_unc.py
2026-05-05 11:40:17,289 - mmdet - INFO - Iter [4000/120000]	lr: 1.000e-04, eta: 1 day, 19:08:17, time: 1.072, data_time: 0.011, memory: 37111, val/mIoU: 0.7954, val/IoU.building: 0.6695, val/IoU.background: 0.9213, val/Pseudo_mIoU: 0.8091, loss_mask: 0.0165, loss_texture: 0.0006, iou: 0.7450, iou_t0: 0.7981, iou_t1: 0.7464, iou_t2: 0.7326, iou_t3: 0.7306, iou_t4: 0.7732, iou_t5: 0.7785, loss: 0.0171
2026-05-05 11:40:44,148 - mmdet - INFO - Iter [4025/120000]	lr: 1.000e-04, eta: 1 day, 20:17:18, time: 7.133, data_time: 6.071, memory: 37111, loss_mask: 0.0422, loss_texture: 0.0009, iou: 0.7764, iou_t0: 0.7788, iou_t1: 0.6864, iou_t2: 0.8561, iou_t3: 0.7630, iou_t4: 0.7366, iou_t5: 0.8304, loss: 0.0431
2026-05-05 11:41:11,052 - mmdet - INFO - Iter [4050/120000]	lr: 1.000e-04, eta: 1 day, 20:13:10, time: 1.076, data_time: 0.012, memory: 37111, loss_mask: 0.0197, loss_texture: 0.0007, iou: 0.7658, iou_t0: 0.8436, iou_t1: 0.7305, iou_t2: 0.8661, iou_t3: 0.8143, iou_t4: 0.7162, iou_t5: 0.6824, loss: 0.0204
2026-05-05 11:41:38,011 - mmdet - INFO - Iter [4075/120000]	lr: 1.000e-04, eta: 1 day, 20:09:06, time: 1.078, data_time: 0.012, memory: 37111, loss_mask: 0.0182, loss_texture: 0.0006, iou: 0.7709, iou_t0: 0.8397, iou_t1: 0.7569, iou_t2: 0.8145, iou_t3: 0.7733, iou_t4: 0.7137, iou_t5: 0.7738, loss: 0.0188
2026-05-05 11:42:04,951 - mmdet - INFO - Iter [4100/120000]	lr: 1.000e-04, eta: 1 day, 20:05:04, time: 1.078, data_time: 0.011, memory: 37111, loss_mask: 0.0154, loss_texture: 0.0006, iou: 0.7592, iou_t0: 0.7904, iou_t1: 0.8423, iou_t2: 0.7799, iou_t3: 0.6535, iou_t4: 0.7794, iou_t5: 0.7531, loss: 0.0160
2026-05-05 11:42:31,816 - mmdet - INFO - Iter [4125/120000]	lr: 1.000e-04, eta: 1 day, 20:01:03, time: 1.075, data_time: 0.011, memory: 37111, loss_mask: 0.0304, loss_texture: 0.0008, iou: 0.7672, iou_t0: 0.7384, iou_t1: 0.6749, iou_t2: 0.7709, iou_t3: 0.7699, iou_t4: 0.8280, iou_t5: 0.7903, loss: 0.0311
2026-05-05 11:42:58,660 - mmdet - INFO - Iter [4150/120000]	lr: 1.000e-04, eta: 1 day, 19:57:04, time: 1.074, data_time: 0.012, memory: 37111, loss_mask: 0.0184, loss_texture: 0.0006, iou: 0.7627, iou_t0: 0.7693, iou_t1: 0.8226, iou_t2: 0.7739, iou_t3: 0.7598, iou_t4: 0.7290, iou_t5: 0.7858, loss: 0.0190
2026-05-05 11:43:25,646 - mmdet - INFO - Iter [4175/120000]	lr: 1.000e-04, eta: 1 day, 19:53:11, time: 1.079, data_time: 0.012, memory: 37111, loss_mask: 0.0147, loss_texture: 0.0005, iou: 0.7634, iou_t0: 0.7882, iou_t1: 0.7302, iou_t2: 0.6971, iou_t3: 0.7789, iou_t4: 0.8462, iou_t5: 0.7626, loss: 0.0152
2026-05-05 11:43:52,726 - mmdet - INFO - Iter [4200/120000]	lr: 1.000e-04, eta: 1 day, 19:49:23, time: 1.083, data_time: 0.012, memory: 37111, loss_mask: 0.0108, loss_texture: 0.0005, iou: 0.7593, iou_t0: 0.6897, iou_t1: 0.8474, iou_t2: 0.7351, iou_t3: 0.7695, iou_t4: 0.7724, iou_t5: 0.6930, loss: 0.0113
2026-05-05 11:44:19,552 - mmdet - INFO - Iter [4225/120000]	lr: 1.000e-04, eta: 1 day, 19:45:31, time: 1.073, data_time: 0.011, memory: 37111, loss_mask: 0.0124, loss_texture: 0.0005, iou: 0.7449, iou_t0: 0.5781, iou_t1: 0.7672, iou_t2: 0.8217, iou_t3: 0.7689, iou_t4: 0.8328, iou_t5: 0.7033, loss: 0.0130
2026-05-05 11:44:46,356 - mmdet - INFO - Iter [4250/120000]	lr: 1.000e-04, eta: 1 day, 19:41:41, time: 1.072, data_time: 0.011, memory: 37111, loss_mask: 0.0253, loss_texture: 0.0007, iou: 0.7548, iou_t0: 0.7419, iou_t1: 0.7494, iou_t2: 0.7667, iou_t3: 0.7635, iou_t4: 0.7819, iou_t5: 0.7195, loss: 0.0260
2026-05-05 11:45:13,210 - mmdet - INFO - Iter [4275/120000]	lr: 1.000e-04, eta: 1 day, 19:37:54, time: 1.074, data_time: 0.012, memory: 37111, loss_mask: 0.0205, loss_texture: 0.0007, iou: 0.7622, iou_t0: 0.8524, iou_t1: 0.7128, iou_t2: 0.8117, iou_t3: 0.7042, iou_t4: 0.7237, iou_t5: 0.7762, loss: 0.0212
2026-05-05 11:45:40,125 - mmdet - INFO - Iter [4300/120000]	lr: 1.000e-04, eta: 1 day, 19:34:11, time: 1.077, data_time: 0.012, memory: 37111, loss_mask: 0.0174, loss_texture: 0.0006, iou: 0.7458, iou_t0: 0.8165, iou_t1: 0.7321, iou_t2: 0.7398, iou_t3: 0.6481, iou_t4: 0.7494, iou_t5: 0.7635, loss: 0.0180
2026-05-05 11:46:06,997 - mmdet - INFO - Iter [4325/120000]	lr: 1.000e-04, eta: 1 day, 19:30:30, time: 1.075, data_time: 0.012, memory: 37111, loss_mask: 0.0115, loss_texture: 0.0005, iou: 0.7884, iou_t0: 0.8799, iou_t1: 0.8284, iou_t2: 0.8156, iou_t3: 0.7164, iou_t4: 0.7906, iou_t5: 0.7063, loss: 0.0119
2026-05-05 11:46:33,836 - mmdet - INFO - Iter [4350/120000]	lr: 1.000e-04, eta: 1 day, 19:26:49, time: 1.074, data_time: 0.011, memory: 37111, loss_mask: 0.0183, loss_texture: 0.0006, iou: 0.7720, iou_t0: 0.8352, iou_t1: 0.6952, iou_t2: 0.7587, iou_t3: 0.6430, iou_t4: 0.8170, iou_t5: 0.7659, loss: 0.0189
2026-05-05 11:47:00,714 - mmdet - INFO - Iter [4375/120000]	lr: 1.000e-04, eta: 1 day, 19:23:12, time: 1.075, data_time: 0.013, memory: 37111, loss_mask: 0.0266, loss_texture: 0.0007, iou: 0.7614, iou_t0: 0.7071, iou_t1: 0.6756, iou_t2: 0.7992, iou_t3: 0.7154, iou_t4: 0.7509, iou_t5: 0.8446, loss: 0.0273
2026-05-05 11:47:27,493 - mmdet - INFO - Iter [4400/120000]	lr: 1.000e-04, eta: 1 day, 19:19:35, time: 1.071, data_time: 0.012, memory: 37111, loss_mask: 0.0116, loss_texture: 0.0005, iou: 0.7232, iou_t0: 0.6503, iou_t1: 0.6637, iou_t2: 0.6264, iou_t3: 0.7221, iou_t4: 0.6904, iou_t5: 0.7308, loss: 0.0121
2026-05-05 11:47:54,386 - mmdet - INFO - Iter [4425/120000]	lr: 1.000e-04, eta: 1 day, 19:16:02, time: 1.076, data_time: 0.012, memory: 37111, loss_mask: 0.0181, loss_texture: 0.0006, iou: 0.8054, iou_t0: 0.8694, iou_t1: 0.8159, iou_t2: 0.8100, iou_t3: 0.8119, iou_t4: 0.7969, iou_t5: 0.7853, loss: 0.0187
2026-05-05 11:48:21,207 - mmdet - INFO - Iter [4450/120000]	lr: 1.000e-04, eta: 1 day, 19:12:30, time: 1.073, data_time: 0.011, memory: 37111, loss_mask: 0.0104, loss_texture: 0.0005, iou: 0.7268, iou_t0: 0.8074, iou_t1: 0.7707, iou_t2: 0.7478, iou_t3: 0.6771, iou_t4: 0.7101, iou_t5: 0.6578, loss: 0.0109
2026-05-05 11:48:48,037 - mmdet - INFO - Iter [4475/120000]	lr: 1.000e-04, eta: 1 day, 19:09:00, time: 1.073, data_time: 0.012, memory: 37111, loss_mask: 0.0183, loss_texture: 0.0007, iou: 0.7740, iou_t0: 0.7906, iou_t1: 0.7992, iou_t2: 0.6338, iou_t3: 0.7790, iou_t4: 0.8028, iou_t5: 0.8477, loss: 0.0190
2026-05-05 11:49:14,841 - mmdet - INFO - 
--- Val evaluation at iter 4500 ---
2026-05-05 11:51:44,853 - mmdet - INFO - 
+------------+-------------+-------------+
| Class      | Val IoU     | Pseudo IoU  |
+------------+-------------+-------------+
| background | 92.14       | 92.68       |
| building   | 67.09       | 69.14       |
| Summary    | mIoU: 79.61 | mIoU: 80.91 |
+------------+-------------+-------------+
Images evaluated: 218
2026-05-05 11:51:46,219 - mmdet - INFO - Iter [4500/120000]	lr: 1.000e-04, eta: 1 day, 19:05:32, time: 1.072, data_time: 0.012, memory: 37111, val/mIoU: 0.7961, val/IoU.building: 0.6709, val/IoU.background: 0.9214, val/Pseudo_mIoU: 0.8091, loss_mask: 0.0277, loss_texture: 0.0007, iou: 0.7406, iou_t0: 0.8125, iou_t1: 0.7220, iou_t2: 0.6807, iou_t3: 0.8017, iou_t4: 0.7559, iou_t5: 0.7061, loss: 0.0284
2026-05-05 11:52:13,049 - mmdet - INFO - Iter [4525/120000]	lr: 1.000e-04, eta: 1 day, 20:06:29, time: 7.128, data_time: 6.067, memory: 37111, loss_mask: 0.0204, loss_texture: 0.0006, iou: 0.7517, iou_t0: 0.8828, iou_t1: 0.8264, iou_t2: 0.7396, iou_t3: 0.7174, iou_t4: 0.6924, iou_t5: 0.7544, loss: 0.0210
2026-05-05 11:52:39,860 - mmdet - INFO - Iter [4550/120000]	lr: 1.000e-04, eta: 1 day, 20:02:43, time: 1.072, data_time: 0.011, memory: 37111, loss_mask: 0.0177, loss_texture: 0.0007, iou: 0.7686, iou_t0: 0.8042, iou_t1: 0.8384, iou_t2: 0.7515, iou_t3: 0.7599, iou_t4: 0.8033, iou_t5: 0.6518, loss: 0.0184
2026-05-05 11:53:06,716 - mmdet - INFO - Iter [4575/120000]	lr: 1.000e-04, eta: 1 day, 19:59:00, time: 1.074, data_time: 0.012, memory: 37111, loss_mask: 0.0260, loss_texture: 0.0007, iou: 0.7519, iou_t0: 0.7545, iou_t1: 0.7559, iou_t2: 0.7334, iou_t3: 0.6964, iou_t4: 0.7137, iou_t5: 0.8312, loss: 0.0266
2026-05-05 11:53:33,557 - mmdet - INFO - Iter [4600/120000]	lr: 1.000e-04, eta: 1 day, 19:55:18, time: 1.074, data_time: 0.012, memory: 37111, loss_mask: 0.0203, loss_texture: 0.0006, iou: 0.7805, iou_t0: 0.7520, iou_t1: 0.7971, iou_t2: 0.8077, iou_t3: 0.8129, iou_t4: 0.6989, iou_t5: 0.7012, loss: 0.0210
2026-05-05 11:54:00,418 - mmdet - INFO - Iter [4625/120000]	lr: 1.000e-04, eta: 1 day, 19:51:40, time: 1.074, data_time: 0.012, memory: 37111, loss_mask: 0.0241, loss_texture: 0.0006, iou: 0.7628, iou_t0: 0.8159, iou_t1: 0.8171, iou_t2: 0.7309, iou_t3: 0.7797, iou_t4: 0.7754, iou_t5: 0.5927, loss: 0.0247
2026-05-05 11:54:27,314 - mmdet - INFO - Iter [4650/120000]	lr: 1.000e-04, eta: 1 day, 19:48:04, time: 1.076, data_time: 0.011, memory: 37111, loss_mask: 0.0173, loss_texture: 0.0006, iou: 0.7463, iou_t0: 0.7576, iou_t1: 0.7533, iou_t2: 0.7827, iou_t3: 0.7989, iou_t4: 0.7541, iou_t5: 0.6833, loss: 0.0180
2026-05-05 11:54:54,169 - mmdet - INFO - Iter [4675/120000]	lr: 1.000e-04, eta: 1 day, 19:44:29, time: 1.074, data_time: 0.012, memory: 37111, loss_mask: 0.0122, loss_texture: 0.0005, iou: 0.7569, iou_t0: 0.7964, iou_t1: 0.6282, iou_t2: 0.8072, iou_t3: 0.7580, iou_t4: 0.7648, iou_t5: 0.7420, loss: 0.0127
