2026-05-02 14:48:27,936 - mmdet - INFO - Environment info:
------------------------------------------------------------
sys.platform: linux
Python: 3.8.20 (default, Oct  3 2024, 15:24:27) [GCC 11.2.0]
CUDA available: True
GPU 0: NVIDIA L40S
CUDA_HOME: /usr
NVCC: Cuda compilation tools, release 12.0, V12.0.140
GCC: gcc (Ubuntu 13.3.0-6ubuntu2~24.04.1) 13.3.0
PyTorch: 1.10.1+cu111
PyTorch compiling details: PyTorch built with:
  - GCC 7.3
  - C++ Version: 201402
  - Intel(R) Math Kernel Library Version 2020.0.0 Product Build 20191122 for Intel(R) 64 architecture applications
  - Intel(R) MKL-DNN v2.2.3 (Git Hash 7336ca9f055cf1bfa13efb658fe15dc9b41f0740)
  - OpenMP 201511 (a.k.a. OpenMP 4.5)
  - LAPACK is enabled (usually provided by MKL)
  - NNPACK is enabled
  - CPU capability usage: AVX2
  - CUDA Runtime 11.1
  - NVCC architecture flags: -gencode;arch=compute_37,code=sm_37;-gencode;arch=compute_50,code=sm_50;-gencode;arch=compute_60,code=sm_60;-gencode;arch=compute_70,code=sm_70;-gencode;arch=compute_75,code=sm_75;-gencode;arch=compute_80,code=sm_80;-gencode;arch=compute_86,code=sm_86
  - CuDNN 8.0.5
  - Magma 2.5.2
  - Build settings: BLAS_INFO=mkl, BUILD_TYPE=Release, CUDA_VERSION=11.1, CUDNN_VERSION=8.0.5, CXX_COMPILER=/opt/rh/devtoolset-7/root/usr/bin/c++, CXX_FLAGS= -Wno-deprecated -fvisibility-inlines-hidden -DUSE_PTHREADPOOL -fopenmp -DNDEBUG -DUSE_KINETO -DUSE_FBGEMM -DUSE_QNNPACK -DUSE_PYTORCH_QNNPACK -DUSE_XNNPACK -DSYMBOLICATE_MOBILE_DEBUG_HANDLE -DEDGE_PROFILER_USE_KINETO -O2 -fPIC -Wno-narrowing -Wall -Wextra -Werror=return-type -Wno-missing-field-initializers -Wno-type-limits -Wno-array-bounds -Wno-unknown-pragmas -Wno-sign-compare -Wno-unused-parameter -Wno-unused-variable -Wno-unused-function -Wno-unused-result -Wno-unused-local-typedefs -Wno-strict-overflow -Wno-strict-aliasing -Wno-error=deprecated-declarations -Wno-stringop-overflow -Wno-psabi -Wno-error=pedantic -Wno-error=redundant-decls -Wno-error=old-style-cast -fdiagnostics-color=always -faligned-new -Wno-unused-but-set-variable -Wno-maybe-uninitialized -fno-math-errno -fno-trapping-math -Werror=format -Wno-stringop-overflow, LAPACK_INFO=mkl, PERF_WITH_AVX=1, PERF_WITH_AVX2=1, PERF_WITH_AVX512=1, TORCH_VERSION=1.10.1, USE_CUDA=ON, USE_CUDNN=ON, USE_EXCEPTION_PTR=1, USE_GFLAGS=OFF, USE_GLOG=OFF, USE_MKL=ON, USE_MKLDNN=ON, USE_MPI=OFF, USE_NCCL=ON, USE_NNPACK=ON, USE_OPENMP=ON, 

TorchVision: 0.11.2+cu111
OpenCV: 4.13.0
MMCV: 1.5.0
MMCV Compiler: GCC 7.3
MMCV CUDA Compiler: 11.1
MMDetection: 2.28.1+53419a2
------------------------------------------------------------

2026-05-02 14:48:28,419 - mmdet - INFO - Distributed training: False
2026-05-02 14:48:28,947 - mmdet - INFO - Config:
checkpoint_config = dict(interval=0, by_epoch=False)
log_config = dict(
    interval=25, hooks=[dict(type='TextLoggerHook', by_epoch=False)])
dist_params = dict(backend='nccl')
log_level = 'INFO'
load_from = None
resume_from = 'work_dirs/exp8_all/latest.pth'
workflow = [('train', 1)]
opencv_num_threads = 0
mp_start_method = 'spawn'
auto_scale_lr = dict(enable=False, base_batch_size=16)
object_size = 256
task = 'semantic'
model = dict(
    type='SegRefinerSemantic',
    task='semantic',
    step=6,
    denoise_model=dict(
        type='DenoiseUNet',
        in_channels=4,
        out_channels=1,
        model_channels=128,
        num_res_blocks=2,
        num_heads=4,
        num_heads_upsample=-1,
        attention_strides=(16, 32),
        learn_time_embd=True,
        num_timesteps=6,
        channel_mult=(1, 1, 2, 2, 4, 4),
        dropout=0.0),
    diffusion_cfg=dict(
        betas=dict(type='linear', start=0.8, stop=0, num_timesteps=6),
        diff_iter=False,
        noise_components=dict(use_obj=True, use_bnd=True, use_unc=True)),
    test_cfg=dict(
        model_size=1024, fine_prob_thr=0.95, batch_max=32, iou_thr=0.15))
img_norm_cfg = dict(
    mean=[123.675, 116.28, 103.53], std=[58.395, 57.12, 57.375], to_rgb=True)
train_pipeline = [
    dict(type='LoadImageFromFile'),
    dict(
        type='LoadAnnotations',
        with_bbox=False,
        with_label=False,
        with_mask=False,
        with_seg=True),
    dict(
        type='LoadOEMCoarseMasks',
        use_obj=False,
        use_bnd=False,
        use_unc=False,
        obj_unc_threshold=0.3,
        test_mode=False),
    dict(type='LoadObjectData'),
    dict(type='Resize', img_scale=(256, 256), keep_ratio=False),
    dict(type='RandomFlip', flip_ratio=0.5),
    dict(
        type='Normalize',
        mean=[123.675, 116.28, 103.53],
        std=[58.395, 57.12, 57.375],
        to_rgb=True),
    dict(type='DefaultFormatBundle'),
    dict(
        type='Collect',
        keys=['object_img', 'object_gt_masks', 'object_coarse_masks'])
]
val_data_root = '/home/ubuntu/vy/Denoiser/OEM_v2_Building'
val_pipeline = [
    dict(type='LoadImageFromFile'),
    dict(
        type='LoadAnnotations',
        with_bbox=False,
        with_label=False,
        with_mask=False,
        with_seg=True),
    dict(
        type='LoadOEMCoarseMasks',
        test_mode=True,
        pseudolabel_dir='/home/ubuntu/vy/Denoiser/OEM_v2_Building/pseudolabels'
    ),
    dict(type='Resize', img_scale=(1024, 1024), keep_ratio=False),
    dict(
        type='Normalize',
        mean=[123.675, 116.28, 103.53],
        std=[58.395, 57.12, 57.375],
        to_rgb=True),
    dict(type='DefaultFormatBundle'),
    dict(
        type='Collect',
        keys=['img', 'gt_masks', 'coarse_masks'],
        meta_keys=[
            'filename', 'ori_filename', 'ori_shape', 'img_shape', 'pad_shape',
            'scale_factor', 'flip', 'flip_direction', 'img_norm_cfg',
            'crop_bbox'
        ])
]
data_root = '/home/ubuntu/vy/Denoiser/OpenEarthMap_wo_xBD'
dataset_type = 'OEMBuildingDataset'
data = dict(
    train=dict(
        type='OEMBuildingDataset',
        data_root='/home/ubuntu/vy/Denoiser/OpenEarthMap_wo_xBD',
        split_file='/home/ubuntu/vy/Denoiser/OpenEarthMap_wo_xBD/train.txt',
        pipeline=[
            dict(type='LoadImageFromFile'),
            dict(
                type='LoadAnnotations',
                with_bbox=False,
                with_label=False,
                with_mask=False,
                with_seg=True),
            dict(
                type='LoadOEMCoarseMasks',
                use_obj=True,
                use_bnd=True,
                use_unc=True,
                test_mode=False),
            dict(type='LoadObjectData'),
            dict(type='Resize', img_scale=(256, 256), keep_ratio=False),
            dict(type='RandomFlip', flip_ratio=0.5),
            dict(
                type='Normalize',
                mean=[123.675, 116.28, 103.53],
                std=[58.395, 57.12, 57.375],
                to_rgb=True),
            dict(type='DefaultFormatBundle'),
            dict(
                type='Collect',
                keys=[
                    'object_img', 'object_gt_masks', 'object_coarse_masks',
                    'object_unc_map', 'object_edge_map'
                ])
        ],
        test_mode=False),
    val=dict(
        type='OEMv2BuildingDataset',
        data_root='/home/ubuntu/vy/Denoiser/OEM_v2_Building',
        split_file='/home/ubuntu/vy/Denoiser/OEM_v2_Building/val.txt',
        pipeline=[
            dict(type='LoadImageFromFile'),
            dict(
                type='LoadAnnotations',
                with_bbox=False,
                with_label=False,
                with_mask=False,
                with_seg=True),
            dict(
                type='LoadOEMCoarseMasks',
                test_mode=True,
                pseudolabel_dir=
                '/home/ubuntu/vy/Denoiser/OEM_v2_Building/pseudolabels'),
            dict(type='Resize', img_scale=(1024, 1024), keep_ratio=False),
            dict(
                type='Normalize',
                mean=[123.675, 116.28, 103.53],
                std=[58.395, 57.12, 57.375],
                to_rgb=True),
            dict(type='DefaultFormatBundle'),
            dict(
                type='Collect',
                keys=['img', 'gt_masks', 'coarse_masks'],
                meta_keys=[
                    'filename', 'ori_filename', 'ori_shape', 'img_shape',
                    'pad_shape', 'scale_factor', 'flip', 'flip_direction',
                    'img_norm_cfg', 'crop_bbox'
                ])
        ],
        test_mode=True),
    test=dict(
        type='OEMv2BuildingDataset',
        data_root='/home/ubuntu/vy/Denoiser/OEM_v2_Building',
        split_file='/home/ubuntu/vy/Denoiser/OEM_v2_Building/test.txt',
        pipeline=[
            dict(type='LoadImageFromFile'),
            dict(
                type='LoadAnnotations',
                with_bbox=False,
                with_label=False,
                with_mask=False,
                with_seg=True),
            dict(
                type='LoadOEMCoarseMasks',
                test_mode=True,
                pseudolabel_dir=
                '/home/ubuntu/vy/Denoiser/OEM_v2_Building/pseudolabels'),
            dict(type='Resize', img_scale=(1024, 1024), keep_ratio=False),
            dict(
                type='Normalize',
                mean=[123.675, 116.28, 103.53],
                std=[58.395, 57.12, 57.375],
                to_rgb=True),
            dict(type='DefaultFormatBundle'),
            dict(
                type='Collect',
                keys=['img', 'gt_masks', 'coarse_masks'],
                meta_keys=[
                    'filename', 'ori_filename', 'ori_shape', 'img_shape',
                    'pad_shape', 'scale_factor', 'flip', 'flip_direction',
                    'img_norm_cfg', 'crop_bbox'
                ])
        ],
        test_mode=True),
    train_dataloader=dict(samples_per_gpu=16, workers_per_gpu=4),
    val_dataloader=dict(samples_per_gpu=1, workers_per_gpu=4))
optimizer = dict(
    type='AdamW', lr=0.0001, weight_decay=0, eps=1e-08, betas=(0.9, 0.999))
optimizer_config = dict(grad_clip=None)
max_iters = 120000
runner = dict(type='IterBasedRunner', max_iters=120000)
lr_config = dict(
    policy='step',
    gamma=0.5,
    by_epoch=False,
    step=[85000, 110000],
    warmup='linear',
    warmup_by_epoch=False,
    warmup_ratio=0.001,
    warmup_iters=500)
oem_eval = dict(interval=500, save_best=True)
interval = 1
work_dir = 'work_dirs/exp8_all'
auto_resume = False
gpu_ids = [0]

2026-05-02 14:48:28,948 - mmdet - INFO - Set random seed to 1432293941, deterministic: False
Name of parameter - Initialization information

denoise_model.time_embed.weight - torch.Size([6, 512]): 
The value is the same before and after calling `init_weights` of SegRefinerSemantic  

denoise_model.input_blocks.0.0.weight - torch.Size([128, 4, 3, 3]): 
The value is the same before and after calling `init_weights` of SegRefinerSemantic  

denoise_model.input_blocks.0.0.bias - torch.Size([128]): 
The value is the same before and after calling `init_weights` of SegRefinerSemantic  

denoise_model.input_blocks.1.0.in_layers.0.weight - torch.Size([128]): 
The value is the same before and after calling `init_weights` of SegRefinerSemantic  

denoise_model.input_blocks.1.0.in_layers.0.bias - torch.Size([128]): 
The value is the same before and after calling `init_weights` of SegRefinerSemantic  

denoise_model.input_blocks.1.0.in_layers.2.weight - torch.Size([128, 128, 3, 3]): 
The value is the same before and after calling `init_weights` of SegRefinerSemantic  

denoise_model.input_blocks.1.0.in_layers.2.bias - torch.Size([128]): 
The value is the same before and after calling `init_weights` of SegRefinerSemantic  

denoise_model.input_blocks.1.0.emb_layers.1.weight - torch.Size([128, 512]): 
The value is the same before and after calling `init_weights` of SegRefinerSemantic  

denoise_model.input_blocks.1.0.emb_layers.1.bias - torch.Size([128]): 
The value is the same before and after calling `init_weights` of SegRefinerSemantic  

denoise_model.input_blocks.1.0.out_layers.0.weight - torch.Size([128]): 
The value is the same before and after calling `init_weights` of SegRefinerSemantic  

denoise_model.input_blocks.1.0.out_layers.0.bias - torch.Size([128]): 
The value is the same before and after calling `init_weights` of SegRefinerSemantic  

denoise_model.input_blocks.1.0.out_layers.3.weight - torch.Size([128, 128, 3, 3]): 
The value is the same before and after calling `init_weights` of SegRefinerSemantic  

denoise_model.input_blocks.1.0.out_layers.3.bias - torch.Size([128]): 
The value is the same before and after calling `init_weights` of SegRefinerSemantic  

denoise_model.input_blocks.2.0.in_layers.0.weight - torch.Size([128]): 
The value is the same before and after calling `init_weights` of SegRefinerSemantic  

denoise_model.input_blocks.2.0.in_layers.0.bias - torch.Size([128]): 
The value is the same before and after calling `init_weights` of SegRefinerSemantic  

denoise_model.input_blocks.2.0.in_layers.2.weight - torch.Size([128, 128, 3, 3]): 
The value is the same before and after calling `init_weights` of SegRefinerSemantic  

denoise_model.input_blocks.2.0.in_layers.2.bias - torch.Size([128]): 
The value is the same before and after calling `init_weights` of SegRefinerSemantic  

denoise_model.input_blocks.2.0.emb_layers.1.weight - torch.Size([128, 512]): 
The value is the same before and after calling `init_weights` of SegRefinerSemantic  

denoise_model.input_blocks.2.0.emb_layers.1.bias - torch.Size([128]): 
The value is the same before and after calling `init_weights` of SegRefinerSemantic  

denoise_model.input_blocks.2.0.out_layers.0.weight - torch.Size([128]): 
The value is the same before and after calling `init_weights` of SegRefinerSemantic  

denoise_model.input_blocks.2.0.out_layers.0.bias - torch.Size([128]): 
The value is the same before and after calling `init_weights` of SegRefinerSemantic  

denoise_model.input_blocks.2.0.out_layers.3.weight - torch.Size([128, 128, 3, 3]): 
The value is the same before and after calling `init_weights` of SegRefinerSemantic  

denoise_model.input_blocks.2.0.out_layers.3.bias - torch.Size([128]): 
The value is the same before and after calling `init_weights` of SegRefinerSemantic  

denoise_model.input_blocks.3.0.op.weight - torch.Size([128, 128, 3, 3]): 
The value is the same before and after calling `init_weights` of SegRefinerSemantic  

denoise_model.input_blocks.3.0.op.bias - torch.Size([128]): 
The value is the same before and after calling `init_weights` of SegRefinerSemantic  

denoise_model.input_blocks.4.0.in_layers.0.weight - torch.Size([128]): 
The value is the same before and after calling `init_weights` of SegRefinerSemantic  

denoise_model.input_blocks.4.0.in_layers.0.bias - torch.Size([128]): 
The value is the same before and after calling `init_weights` of SegRefinerSemantic  

denoise_model.input_blocks.4.0.in_layers.2.weight - torch.Size([128, 128, 3, 3]): 
The value is the same before and after calling `init_weights` of SegRefinerSemantic  

denoise_model.input_blocks.4.0.in_layers.2.bias - torch.Size([128]): 
The value is the same before and after calling `init_weights` of SegRefinerSemantic  

denoise_model.input_blocks.4.0.emb_layers.1.weight - torch.Size([128, 512]): 
The value is the same before and after calling `init_weights` of SegRefinerSemantic  

denoise_model.input_blocks.4.0.emb_layers.1.bias - torch.Size([128]): 
The value is the same before and after calling `init_weights` of SegRefinerSemantic  

denoise_model.input_blocks.4.0.out_layers.0.weight - torch.Size([128]): 
The value is the same before and after calling `init_weights` of SegRefinerSemantic  

denoise_model.input_blocks.4.0.out_layers.0.bias - torch.Size([128]): 
The value is the same before and after calling `init_weights` of SegRefinerSemantic  

denoise_model.input_blocks.4.0.out_layers.3.weight - torch.Size([128, 128, 3, 3]): 
The value is the same before and after calling `init_weights` of SegRefinerSemantic  

denoise_model.input_blocks.4.0.out_layers.3.bias - torch.Size([128]): 
The value is the same before and after calling `init_weights` of SegRefinerSemantic  

denoise_model.input_blocks.5.0.in_layers.0.weight - torch.Size([128]): 
The value is the same before and after calling `init_weights` of SegRefinerSemantic  

denoise_model.input_blocks.5.0.in_layers.0.bias - torch.Size([128]): 
The value is the same before and after calling `init_weights` of SegRefinerSemantic  

denoise_model.input_blocks.5.0.in_layers.2.weight - torch.Size([128, 128, 3, 3]): 
The value is the same before and after calling `init_weights` of SegRefinerSemantic  

denoise_model.input_blocks.5.0.in_layers.2.bias - torch.Size([128]): 
The value is the same before and after calling `init_weights` of SegRefinerSemantic  

denoise_model.input_blocks.5.0.emb_layers.1.weight - torch.Size([128, 512]): 
The value is the same before and after calling `init_weights` of SegRefinerSemantic  

denoise_model.input_blocks.5.0.emb_layers.1.bias - torch.Size([128]): 
The value is the same before and after calling `init_weights` of SegRefinerSemantic  

denoise_model.input_blocks.5.0.out_layers.0.weight - torch.Size([128]): 
The value is the same before and after calling `init_weights` of SegRefinerSemantic  

denoise_model.input_blocks.5.0.out_layers.0.bias - torch.Size([128]): 
The value is the same before and after calling `init_weights` of SegRefinerSemantic  

denoise_model.input_blocks.5.0.out_layers.3.weight - torch.Size([128, 128, 3, 3]): 
The value is the same before and after calling `init_weights` of SegRefinerSemantic  

denoise_model.input_blocks.5.0.out_layers.3.bias - torch.Size([128]): 
The value is the same before and after calling `init_weights` of SegRefinerSemantic  

denoise_model.input_blocks.6.0.op.weight - torch.Size([128, 128, 3, 3]): 
The value is the same before and after calling `init_weights` of SegRefinerSemantic  

denoise_model.input_blocks.6.0.op.bias - torch.Size([128]): 
The value is the same before and after calling `init_weights` of SegRefinerSemantic  

denoise_model.input_blocks.7.0.in_layers.0.weight - torch.Size([128]): 
The value is the same before and after calling `init_weights` of SegRefinerSemantic  

denoise_model.input_blocks.7.0.in_layers.0.bias - torch.Size([128]): 
The value is the same before and after calling `init_weights` of SegRefinerSemantic  

denoise_model.input_blocks.7.0.in_layers.2.weight - torch.Size([256, 128, 3, 3]): 
The value is the same before and after calling `init_weights` of SegRefinerSemantic  

denoise_model.input_blocks.7.0.in_layers.2.bias - torch.Size([256]): 
The value is the same before and after calling `init_weights` of SegRefinerSemantic  

denoise_model.input_blocks.7.0.emb_layers.1.weight - torch.Size([256, 512]): 
The value is the same before and after calling `init_weights` of SegRefinerSemantic  

denoise_model.input_blocks.7.0.emb_layers.1.bias - torch.Size([256]): 
The value is the same before and after calling `init_weights` of SegRefinerSemantic  

denoise_model.input_blocks.7.0.out_layers.0.weight - torch.Size([256]): 
The value is the same before and after calling `init_weights` of SegRefinerSemantic  

denoise_model.input_blocks.7.0.out_layers.0.bias - torch.Size([256]): 
The value is the same before and after calling `init_weights` of SegRefinerSemantic  

denoise_model.input_blocks.7.0.out_layers.3.weight - torch.Size([256, 256, 3, 3]): 
The value is the same before and after calling `init_weights` of SegRefinerSemantic  

denoise_model.input_blocks.7.0.out_layers.3.bias - torch.Size([256]): 
The value is the same before and after calling `init_weights` of SegRefinerSemantic  

denoise_model.input_blocks.7.0.skip_connection.weight - torch.Size([256, 128, 1, 1]): 
The value is the same before and after calling `init_weights` of SegRefinerSemantic  

denoise_model.input_blocks.7.0.skip_connection.bias - torch.Size([256]): 
The value is the same before and after calling `init_weights` of SegRefinerSemantic  

denoise_model.input_blocks.8.0.in_layers.0.weight - torch.Size([256]): 
The value is the same before and after calling `init_weights` of SegRefinerSemantic  

denoise_model.input_blocks.8.0.in_layers.0.bias - torch.Size([256]): 
The value is the same before and after calling `init_weights` of SegRefinerSemantic  

denoise_model.input_blocks.8.0.in_layers.2.weight - torch.Size([256, 256, 3, 3]): 
The value is the same before and after calling `init_weights` of SegRefinerSemantic  

denoise_model.input_blocks.8.0.in_layers.2.bias - torch.Size([256]): 
The value is the same before and after calling `init_weights` of SegRefinerSemantic  

denoise_model.input_blocks.8.0.emb_layers.1.weight - torch.Size([256, 512]): 
The value is the same before and after calling `init_weights` of SegRefinerSemantic  

denoise_model.input_blocks.8.0.emb_layers.1.bias - torch.Size([256]): 
The value is the same before and after calling `init_weights` of SegRefinerSemantic  

denoise_model.input_blocks.8.0.out_layers.0.weight - torch.Size([256]): 
The value is the same before and after calling `init_weights` of SegRefinerSemantic  

denoise_model.input_blocks.8.0.out_layers.0.bias - torch.Size([256]): 
The value is the same before and after calling `init_weights` of SegRefinerSemantic  

denoise_model.input_blocks.8.0.out_layers.3.weight - torch.Size([256, 256, 3, 3]): 
The value is the same before and after calling `init_weights` of SegRefinerSemantic  

denoise_model.input_blocks.8.0.out_layers.3.bias - torch.Size([256]): 
The value is the same before and after calling `init_weights` of SegRefinerSemantic  

denoise_model.input_blocks.9.0.op.weight - torch.Size([256, 256, 3, 3]): 
The value is the same before and after calling `init_weights` of SegRefinerSemantic  

denoise_model.input_blocks.9.0.op.bias - torch.Size([256]): 
The value is the same before and after calling `init_weights` of SegRefinerSemantic  

denoise_model.input_blocks.10.0.in_layers.0.weight - torch.Size([256]): 
The value is the same before and after calling `init_weights` of SegRefinerSemantic  

denoise_model.input_blocks.10.0.in_layers.0.bias - torch.Size([256]): 
The value is the same before and after calling `init_weights` of SegRefinerSemantic  

denoise_model.input_blocks.10.0.in_layers.2.weight - torch.Size([256, 256, 3, 3]): 
The value is the same before and after calling `init_weights` of SegRefinerSemantic  

denoise_model.input_blocks.10.0.in_layers.2.bias - torch.Size([256]): 
The value is the same before and after calling `init_weights` of SegRefinerSemantic  

denoise_model.input_blocks.10.0.emb_layers.1.weight - torch.Size([256, 512]): 
The value is the same before and after calling `init_weights` of SegRefinerSemantic  

denoise_model.input_blocks.10.0.emb_layers.1.bias - torch.Size([256]): 
The value is the same before and after calling `init_weights` of SegRefinerSemantic  

denoise_model.input_blocks.10.0.out_layers.0.weight - torch.Size([256]): 
The value is the same before and after calling `init_weights` of SegRefinerSemantic  

denoise_model.input_blocks.10.0.out_layers.0.bias - torch.Size([256]): 
The value is the same before and after calling `init_weights` of SegRefinerSemantic  

denoise_model.input_blocks.10.0.out_layers.3.weight - torch.Size([256, 256, 3, 3]): 
The value is the same before and after calling `init_weights` of SegRefinerSemantic  

denoise_model.input_blocks.10.0.out_layers.3.bias - torch.Size([256]): 
The value is the same before and after calling `init_weights` of SegRefinerSemantic  

denoise_model.input_blocks.11.0.in_layers.0.weight - torch.Size([256]): 
The value is the same before and after calling `init_weights` of SegRefinerSemantic  

denoise_model.input_blocks.11.0.in_layers.0.bias - torch.Size([256]): 
The value is the same before and after calling `init_weights` of SegRefinerSemantic  

denoise_model.input_blocks.11.0.in_layers.2.weight - torch.Size([256, 256, 3, 3]): 
The value is the same before and after calling `init_weights` of SegRefinerSemantic  

denoise_model.input_blocks.11.0.in_layers.2.bias - torch.Size([256]): 
The value is the same before and after calling `init_weights` of SegRefinerSemantic  

denoise_model.input_blocks.11.0.emb_layers.1.weight - torch.Size([256, 512]): 
The value is the same before and after calling `init_weights` of SegRefinerSemantic  

denoise_model.input_blocks.11.0.emb_layers.1.bias - torch.Size([256]): 
The value is the same before and after calling `init_weights` of SegRefinerSemantic  

denoise_model.input_blocks.11.0.out_layers.0.weight - torch.Size([256]): 
The value is the same before and after calling `init_weights` of SegRefinerSemantic  

denoise_model.input_blocks.11.0.out_layers.0.bias - torch.Size([256]): 
The value is the same before and after calling `init_weights` of SegRefinerSemantic  

denoise_model.input_blocks.11.0.out_layers.3.weight - torch.Size([256, 256, 3, 3]): 
The value is the same before and after calling `init_weights` of SegRefinerSemantic  

denoise_model.input_blocks.11.0.out_layers.3.bias - torch.Size([256]): 
The value is the same before and after calling `init_weights` of SegRefinerSemantic  

denoise_model.input_blocks.12.0.op.weight - torch.Size([256, 256, 3, 3]): 
The value is the same before and after calling `init_weights` of SegRefinerSemantic  

denoise_model.input_blocks.12.0.op.bias - torch.Size([256]): 
The value is the same before and after calling `init_weights` of SegRefinerSemantic  

denoise_model.input_blocks.13.0.in_layers.0.weight - torch.Size([256]): 
The value is the same before and after calling `init_weights` of SegRefinerSemantic  

denoise_model.input_blocks.13.0.in_layers.0.bias - torch.Size([256]): 
The value is the same before and after calling `init_weights` of SegRefinerSemantic  

denoise_model.input_blocks.13.0.in_layers.2.weight - torch.Size([512, 256, 3, 3]): 
The value is the same before and after calling `init_weights` of SegRefinerSemantic  

denoise_model.input_blocks.13.0.in_layers.2.bias - torch.Size([512]): 
The value is the same before and after calling `init_weights` of SegRefinerSemantic  

denoise_model.input_blocks.13.0.emb_layers.1.weight - torch.Size([512, 512]): 
The value is the same before and after calling `init_weights` of SegRefinerSemantic  

denoise_model.input_blocks.13.0.emb_layers.1.bias - torch.Size([512]): 
The value is the same before and after calling `init_weights` of SegRefinerSemantic  

denoise_model.input_blocks.13.0.out_layers.0.weight - torch.Size([512]): 
The value is the same before and after calling `init_weights` of SegRefinerSemantic  

denoise_model.input_blocks.13.0.out_layers.0.bias - torch.Size([512]): 
The value is the same before and after calling `init_weights` of SegRefinerSemantic  

denoise_model.input_blocks.13.0.out_layers.3.weight - torch.Size([512, 512, 3, 3]): 
The value is the same before and after calling `init_weights` of SegRefinerSemantic  

denoise_model.input_blocks.13.0.out_layers.3.bias - torch.Size([512]): 
The value is the same before and after calling `init_weights` of SegRefinerSemantic  

denoise_model.input_blocks.13.0.skip_connection.weight - torch.Size([512, 256, 1, 1]): 
The value is the same before and after calling `init_weights` of SegRefinerSemantic  

denoise_model.input_blocks.13.0.skip_connection.bias - torch.Size([512]): 
The value is the same before and after calling `init_weights` of SegRefinerSemantic  

denoise_model.input_blocks.13.1.norm.weight - torch.Size([512]): 
The value is the same before and after calling `init_weights` of SegRefinerSemantic  

denoise_model.input_blocks.13.1.norm.bias - torch.Size([512]): 
The value is the same before and after calling `init_weights` of SegRefinerSemantic  

denoise_model.input_blocks.13.1.qkv.weight - torch.Size([1536, 512, 1]): 
The value is the same before and after calling `init_weights` of SegRefinerSemantic  

denoise_model.input_blocks.13.1.qkv.bias - torch.Size([1536]): 
The value is the same before and after calling `init_weights` of SegRefinerSemantic  

denoise_model.input_blocks.13.1.proj_out.weight - torch.Size([512, 512, 1]): 
The value is the same before and after calling `init_weights` of SegRefinerSemantic  

denoise_model.input_blocks.13.1.proj_out.bias - torch.Size([512]): 
The value is the same before and after calling `init_weights` of SegRefinerSemantic  

denoise_model.input_blocks.14.0.in_layers.0.weight - torch.Size([512]): 
The value is the same before and after calling `init_weights` of SegRefinerSemantic  

denoise_model.input_blocks.14.0.in_layers.0.bias - torch.Size([512]): 
The value is the same before and after calling `init_weights` of SegRefinerSemantic  

denoise_model.input_blocks.14.0.in_layers.2.weight - torch.Size([512, 512, 3, 3]): 
The value is the same before and after calling `init_weights` of SegRefinerSemantic  

denoise_model.input_blocks.14.0.in_layers.2.bias - torch.Size([512]): 
The value is the same before and after calling `init_weights` of SegRefinerSemantic  

denoise_model.input_blocks.14.0.emb_layers.1.weight - torch.Size([512, 512]): 
The value is the same before and after calling `init_weights` of SegRefinerSemantic  

denoise_model.input_blocks.14.0.emb_layers.1.bias - torch.Size([512]): 
The value is the same before and after calling `init_weights` of SegRefinerSemantic  

denoise_model.input_blocks.14.0.out_layers.0.weight - torch.Size([512]): 
The value is the same before and after calling `init_weights` of SegRefinerSemantic  

denoise_model.input_blocks.14.0.out_layers.0.bias - torch.Size([512]): 
The value is the same before and after calling `init_weights` of SegRefinerSemantic  

denoise_model.input_blocks.14.0.out_layers.3.weight - torch.Size([512, 512, 3, 3]): 
The value is the same before and after calling `init_weights` of SegRefinerSemantic  

denoise_model.input_blocks.14.0.out_layers.3.bias - torch.Size([512]): 
The value is the same before and after calling `init_weights` of SegRefinerSemantic  

denoise_model.input_blocks.14.1.norm.weight - torch.Size([512]): 
The value is the same before and after calling `init_weights` of SegRefinerSemantic  

denoise_model.input_blocks.14.1.norm.bias - torch.Size([512]): 
The value is the same before and after calling `init_weights` of SegRefinerSemantic  

denoise_model.input_blocks.14.1.qkv.weight - torch.Size([1536, 512, 1]): 
The value is the same before and after calling `init_weights` of SegRefinerSemantic  

denoise_model.input_blocks.14.1.qkv.bias - torch.Size([1536]): 
The value is the same before and after calling `init_weights` of SegRefinerSemantic  

denoise_model.input_blocks.14.1.proj_out.weight - torch.Size([512, 512, 1]): 
The value is the same before and after calling `init_weights` of SegRefinerSemantic  

denoise_model.input_blocks.14.1.proj_out.bias - torch.Size([512]): 
The value is the same before and after calling `init_weights` of SegRefinerSemantic  

denoise_model.input_blocks.15.0.op.weight - torch.Size([512, 512, 3, 3]): 
The value is the same before and after calling `init_weights` of SegRefinerSemantic  

denoise_model.input_blocks.15.0.op.bias - torch.Size([512]): 
The value is the same before and after calling `init_weights` of SegRefinerSemantic  

denoise_model.input_blocks.16.0.in_layers.0.weight - torch.Size([512]): 
The value is the same before and after calling `init_weights` of SegRefinerSemantic  

denoise_model.input_blocks.16.0.in_layers.0.bias - torch.Size([512]): 
The value is the same before and after calling `init_weights` of SegRefinerSemantic  

denoise_model.input_blocks.16.0.in_layers.2.weight - torch.Size([512, 512, 3, 3]): 
The value is the same before and after calling `init_weights` of SegRefinerSemantic  

denoise_model.input_blocks.16.0.in_layers.2.bias - torch.Size([512]): 
The value is the same before and after calling `init_weights` of SegRefinerSemantic  

denoise_model.input_blocks.16.0.emb_layers.1.weight - torch.Size([512, 512]): 
The value is the same before and after calling `init_weights` of SegRefinerSemantic  

denoise_model.input_blocks.16.0.emb_layers.1.bias - torch.Size([512]): 
The value is the same before and after calling `init_weights` of SegRefinerSemantic  

denoise_model.input_blocks.16.0.out_layers.0.weight - torch.Size([512]): 
The value is the same before and after calling `init_weights` of SegRefinerSemantic  

denoise_model.input_blocks.16.0.out_layers.0.bias - torch.Size([512]): 
The value is the same before and after calling `init_weights` of SegRefinerSemantic  

denoise_model.input_blocks.16.0.out_layers.3.weight - torch.Size([512, 512, 3, 3]): 
The value is the same before and after calling `init_weights` of SegRefinerSemantic  

denoise_model.input_blocks.16.0.out_layers.3.bias - torch.Size([512]): 
The value is the same before and after calling `init_weights` of SegRefinerSemantic  

denoise_model.input_blocks.16.1.norm.weight - torch.Size([512]): 
The value is the same before and after calling `init_weights` of SegRefinerSemantic  

denoise_model.input_blocks.16.1.norm.bias - torch.Size([512]): 
The value is the same before and after calling `init_weights` of SegRefinerSemantic  

denoise_model.input_blocks.16.1.qkv.weight - torch.Size([1536, 512, 1]): 
The value is the same before and after calling `init_weights` of SegRefinerSemantic  

denoise_model.input_blocks.16.1.qkv.bias - torch.Size([1536]): 
The value is the same before and after calling `init_weights` of SegRefinerSemantic  

denoise_model.input_blocks.16.1.proj_out.weight - torch.Size([512, 512, 1]): 
The value is the same before and after calling `init_weights` of SegRefinerSemantic  

denoise_model.input_blocks.16.1.proj_out.bias - torch.Size([512]): 
The value is the same before and after calling `init_weights` of SegRefinerSemantic  

denoise_model.input_blocks.17.0.in_layers.0.weight - torch.Size([512]): 
The value is the same before and after calling `init_weights` of SegRefinerSemantic  

denoise_model.input_blocks.17.0.in_layers.0.bias - torch.Size([512]): 
The value is the same before and after calling `init_weights` of SegRefinerSemantic  

denoise_model.input_blocks.17.0.in_layers.2.weight - torch.Size([512, 512, 3, 3]): 
The value is the same before and after calling `init_weights` of SegRefinerSemantic  

denoise_model.input_blocks.17.0.in_layers.2.bias - torch.Size([512]): 
The value is the same before and after calling `init_weights` of SegRefinerSemantic  

denoise_model.input_blocks.17.0.emb_layers.1.weight - torch.Size([512, 512]): 
The value is the same before and after calling `init_weights` of SegRefinerSemantic  

denoise_model.input_blocks.17.0.emb_layers.1.bias - torch.Size([512]): 
The value is the same before and after calling `init_weights` of SegRefinerSemantic  

denoise_model.input_blocks.17.0.out_layers.0.weight - torch.Size([512]): 
The value is the same before and after calling `init_weights` of SegRefinerSemantic  

denoise_model.input_blocks.17.0.out_layers.0.bias - torch.Size([512]): 
The value is the same before and after calling `init_weights` of SegRefinerSemantic  

denoise_model.input_blocks.17.0.out_layers.3.weight - torch.Size([512, 512, 3, 3]): 
The value is the same before and after calling `init_weights` of SegRefinerSemantic  

denoise_model.input_blocks.17.0.out_layers.3.bias - torch.Size([512]): 
The value is the same before and after calling `init_weights` of SegRefinerSemantic  

denoise_model.input_blocks.17.1.norm.weight - torch.Size([512]): 
The value is the same before and after calling `init_weights` of SegRefinerSemantic  

denoise_model.input_blocks.17.1.norm.bias - torch.Size([512]): 
The value is the same before and after calling `init_weights` of SegRefinerSemantic  

denoise_model.input_blocks.17.1.qkv.weight - torch.Size([1536, 512, 1]): 
The value is the same before and after calling `init_weights` of SegRefinerSemantic  

denoise_model.input_blocks.17.1.qkv.bias - torch.Size([1536]): 
The value is the same before and after calling `init_weights` of SegRefinerSemantic  

denoise_model.input_blocks.17.1.proj_out.weight - torch.Size([512, 512, 1]): 
The value is the same before and after calling `init_weights` of SegRefinerSemantic  

denoise_model.input_blocks.17.1.proj_out.bias - torch.Size([512]): 
The value is the same before and after calling `init_weights` of SegRefinerSemantic  

denoise_model.middle_block.0.in_layers.0.weight - torch.Size([512]): 
The value is the same before and after calling `init_weights` of SegRefinerSemantic  

denoise_model.middle_block.0.in_layers.0.bias - torch.Size([512]): 
The value is the same before and after calling `init_weights` of SegRefinerSemantic  

denoise_model.middle_block.0.in_layers.2.weight - torch.Size([512, 512, 3, 3]): 
The value is the same before and after calling `init_weights` of SegRefinerSemantic  

denoise_model.middle_block.0.in_layers.2.bias - torch.Size([512]): 
The value is the same before and after calling `init_weights` of SegRefinerSemantic  

denoise_model.middle_block.0.emb_layers.1.weight - torch.Size([512, 512]): 
The value is the same before and after calling `init_weights` of SegRefinerSemantic  

denoise_model.middle_block.0.emb_layers.1.bias - torch.Size([512]): 
The value is the same before and after calling `init_weights` of SegRefinerSemantic  

denoise_model.middle_block.0.out_layers.0.weight - torch.Size([512]): 
The value is the same before and after calling `init_weights` of SegRefinerSemantic  

denoise_model.middle_block.0.out_layers.0.bias - torch.Size([512]): 
The value is the same before and after calling `init_weights` of SegRefinerSemantic  

denoise_model.middle_block.0.out_layers.3.weight - torch.Size([512, 512, 3, 3]): 
The value is the same before and after calling `init_weights` of SegRefinerSemantic  

denoise_model.middle_block.0.out_layers.3.bias - torch.Size([512]): 
The value is the same before and after calling `init_weights` of SegRefinerSemantic  

denoise_model.middle_block.1.norm.weight - torch.Size([512]): 
The value is the same before and after calling `init_weights` of SegRefinerSemantic  

denoise_model.middle_block.1.norm.bias - torch.Size([512]): 
The value is the same before and after calling `init_weights` of SegRefinerSemantic  

denoise_model.middle_block.1.qkv.weight - torch.Size([1536, 512, 1]): 
The value is the same before and after calling `init_weights` of SegRefinerSemantic  

denoise_model.middle_block.1.qkv.bias - torch.Size([1536]): 
The value is the same before and after calling `init_weights` of SegRefinerSemantic  

denoise_model.middle_block.1.proj_out.weight - torch.Size([512, 512, 1]): 
The value is the same before and after calling `init_weights` of SegRefinerSemantic  

denoise_model.middle_block.1.proj_out.bias - torch.Size([512]): 
The value is the same before and after calling `init_weights` of SegRefinerSemantic  

denoise_model.middle_block.2.in_layers.0.weight - torch.Size([512]): 
The value is the same before and after calling `init_weights` of SegRefinerSemantic  

denoise_model.middle_block.2.in_layers.0.bias - torch.Size([512]): 
The value is the same before and after calling `init_weights` of SegRefinerSemantic  

denoise_model.middle_block.2.in_layers.2.weight - torch.Size([512, 512, 3, 3]): 
The value is the same before and after calling `init_weights` of SegRefinerSemantic  

denoise_model.middle_block.2.in_layers.2.bias - torch.Size([512]): 
The value is the same before and after calling `init_weights` of SegRefinerSemantic  

denoise_model.middle_block.2.emb_layers.1.weight - torch.Size([512, 512]): 
The value is the same before and after calling `init_weights` of SegRefinerSemantic  

denoise_model.middle_block.2.emb_layers.1.bias - torch.Size([512]): 
The value is the same before and after calling `init_weights` of SegRefinerSemantic  

denoise_model.middle_block.2.out_layers.0.weight - torch.Size([512]): 
The value is the same before and after calling `init_weights` of SegRefinerSemantic  

denoise_model.middle_block.2.out_layers.0.bias - torch.Size([512]): 
The value is the same before and after calling `init_weights` of SegRefinerSemantic  

denoise_model.middle_block.2.out_layers.3.weight - torch.Size([512, 512, 3, 3]): 
The value is the same before and after calling `init_weights` of SegRefinerSemantic  

denoise_model.middle_block.2.out_layers.3.bias - torch.Size([512]): 
The value is the same before and after calling `init_weights` of SegRefinerSemantic  

denoise_model.output_blocks.0.0.in_layers.0.weight - torch.Size([1024]): 
The value is the same before and after calling `init_weights` of SegRefinerSemantic  

denoise_model.output_blocks.0.0.in_layers.0.bias - torch.Size([1024]): 
The value is the same before and after calling `init_weights` of SegRefinerSemantic  

denoise_model.output_blocks.0.0.in_layers.2.weight - torch.Size([512, 1024, 3, 3]): 
The value is the same before and after calling `init_weights` of SegRefinerSemantic  

denoise_model.output_blocks.0.0.in_layers.2.bias - torch.Size([512]): 
The value is the same before and after calling `init_weights` of SegRefinerSemantic  

denoise_model.output_blocks.0.0.emb_layers.1.weight - torch.Size([512, 512]): 
The value is the same before and after calling `init_weights` of SegRefinerSemantic  

denoise_model.output_blocks.0.0.emb_layers.1.bias - torch.Size([512]): 
The value is the same before and after calling `init_weights` of SegRefinerSemantic  

denoise_model.output_blocks.0.0.out_layers.0.weight - torch.Size([512]): 
The value is the same before and after calling `init_weights` of SegRefinerSemantic  

denoise_model.output_blocks.0.0.out_layers.0.bias - torch.Size([512]): 
The value is the same before and after calling `init_weights` of SegRefinerSemantic  

denoise_model.output_blocks.0.0.out_layers.3.weight - torch.Size([512, 512, 3, 3]): 
The value is the same before and after calling `init_weights` of SegRefinerSemantic  

denoise_model.output_blocks.0.0.out_layers.3.bias - torch.Size([512]): 
The value is the same before and after calling `init_weights` of SegRefinerSemantic  

denoise_model.output_blocks.0.0.skip_connection.weight - torch.Size([512, 1024, 1, 1]): 
The value is the same before and after calling `init_weights` of SegRefinerSemantic  

denoise_model.output_blocks.0.0.skip_connection.bias - torch.Size([512]): 
The value is the same before and after calling `init_weights` of SegRefinerSemantic  

denoise_model.output_blocks.0.1.norm.weight - torch.Size([512]): 
The value is the same before and after calling `init_weights` of SegRefinerSemantic  

denoise_model.output_blocks.0.1.norm.bias - torch.Size([512]): 
The value is the same before and after calling `init_weights` of SegRefinerSemantic  

denoise_model.output_blocks.0.1.qkv.weight - torch.Size([1536, 512, 1]): 
The value is the same before and after calling `init_weights` of SegRefinerSemantic  

denoise_model.output_blocks.0.1.qkv.bias - torch.Size([1536]): 
The value is the same before and after calling `init_weights` of SegRefinerSemantic  

denoise_model.output_blocks.0.1.proj_out.weight - torch.Size([512, 512, 1]): 
The value is the same before and after calling `init_weights` of SegRefinerSemantic  

denoise_model.output_blocks.0.1.proj_out.bias - torch.Size([512]): 
The value is the same before and after calling `init_weights` of SegRefinerSemantic  

denoise_model.output_blocks.1.0.in_layers.0.weight - torch.Size([1024]): 
The value is the same before and after calling `init_weights` of SegRefinerSemantic  

denoise_model.output_blocks.1.0.in_layers.0.bias - torch.Size([1024]): 
The value is the same before and after calling `init_weights` of SegRefinerSemantic  

denoise_model.output_blocks.1.0.in_layers.2.weight - torch.Size([512, 1024, 3, 3]): 
The value is the same before and after calling `init_weights` of SegRefinerSemantic  

denoise_model.output_blocks.1.0.in_layers.2.bias - torch.Size([512]): 
The value is the same before and after calling `init_weights` of SegRefinerSemantic  

denoise_model.output_blocks.1.0.emb_layers.1.weight - torch.Size([512, 512]): 
The value is the same before and after calling `init_weights` of SegRefinerSemantic  

denoise_model.output_blocks.1.0.emb_layers.1.bias - torch.Size([512]): 
The value is the same before and after calling `init_weights` of SegRefinerSemantic  

denoise_model.output_blocks.1.0.out_layers.0.weight - torch.Size([512]): 
The value is the same before and after calling `init_weights` of SegRefinerSemantic  

denoise_model.output_blocks.1.0.out_layers.0.bias - torch.Size([512]): 
The value is the same before and after calling `init_weights` of SegRefinerSemantic  

denoise_model.output_blocks.1.0.out_layers.3.weight - torch.Size([512, 512, 3, 3]): 
The value is the same before and after calling `init_weights` of SegRefinerSemantic  

denoise_model.output_blocks.1.0.out_layers.3.bias - torch.Size([512]): 
The value is the same before and after calling `init_weights` of SegRefinerSemantic  

denoise_model.output_blocks.1.0.skip_connection.weight - torch.Size([512, 1024, 1, 1]): 
The value is the same before and after calling `init_weights` of SegRefinerSemantic  

denoise_model.output_blocks.1.0.skip_connection.bias - torch.Size([512]): 
The value is the same before and after calling `init_weights` of SegRefinerSemantic  

denoise_model.output_blocks.1.1.norm.weight - torch.Size([512]): 
The value is the same before and after calling `init_weights` of SegRefinerSemantic  

denoise_model.output_blocks.1.1.norm.bias - torch.Size([512]): 
The value is the same before and after calling `init_weights` of SegRefinerSemantic  

denoise_model.output_blocks.1.1.qkv.weight - torch.Size([1536, 512, 1]): 
The value is the same before and after calling `init_weights` of SegRefinerSemantic  

denoise_model.output_blocks.1.1.qkv.bias - torch.Size([1536]): 
The value is the same before and after calling `init_weights` of SegRefinerSemantic  

denoise_model.output_blocks.1.1.proj_out.weight - torch.Size([512, 512, 1]): 
The value is the same before and after calling `init_weights` of SegRefinerSemantic  

denoise_model.output_blocks.1.1.proj_out.bias - torch.Size([512]): 
The value is the same before and after calling `init_weights` of SegRefinerSemantic  

denoise_model.output_blocks.2.0.in_layers.0.weight - torch.Size([1024]): 
The value is the same before and after calling `init_weights` of SegRefinerSemantic  

denoise_model.output_blocks.2.0.in_layers.0.bias - torch.Size([1024]): 
The value is the same before and after calling `init_weights` of SegRefinerSemantic  

denoise_model.output_blocks.2.0.in_layers.2.weight - torch.Size([512, 1024, 3, 3]): 
The value is the same before and after calling `init_weights` of SegRefinerSemantic  

denoise_model.output_blocks.2.0.in_layers.2.bias - torch.Size([512]): 
The value is the same before and after calling `init_weights` of SegRefinerSemantic  

denoise_model.output_blocks.2.0.emb_layers.1.weight - torch.Size([512, 512]): 
The value is the same before and after calling `init_weights` of SegRefinerSemantic  

denoise_model.output_blocks.2.0.emb_layers.1.bias - torch.Size([512]): 
The value is the same before and after calling `init_weights` of SegRefinerSemantic  

denoise_model.output_blocks.2.0.out_layers.0.weight - torch.Size([512]): 
The value is the same before and after calling `init_weights` of SegRefinerSemantic  

denoise_model.output_blocks.2.0.out_layers.0.bias - torch.Size([512]): 
The value is the same before and after calling `init_weights` of SegRefinerSemantic  

denoise_model.output_blocks.2.0.out_layers.3.weight - torch.Size([512, 512, 3, 3]): 
The value is the same before and after calling `init_weights` of SegRefinerSemantic  

denoise_model.output_blocks.2.0.out_layers.3.bias - torch.Size([512]): 
The value is the same before and after calling `init_weights` of SegRefinerSemantic  

denoise_model.output_blocks.2.0.skip_connection.weight - torch.Size([512, 1024, 1, 1]): 
The value is the same before and after calling `init_weights` of SegRefinerSemantic  

denoise_model.output_blocks.2.0.skip_connection.bias - torch.Size([512]): 
The value is the same before and after calling `init_weights` of SegRefinerSemantic  

denoise_model.output_blocks.2.1.norm.weight - torch.Size([512]): 
The value is the same before and after calling `init_weights` of SegRefinerSemantic  

denoise_model.output_blocks.2.1.norm.bias - torch.Size([512]): 
The value is the same before and after calling `init_weights` of SegRefinerSemantic  

denoise_model.output_blocks.2.1.qkv.weight - torch.Size([1536, 512, 1]): 
The value is the same before and after calling `init_weights` of SegRefinerSemantic  

denoise_model.output_blocks.2.1.qkv.bias - torch.Size([1536]): 
The value is the same before and after calling `init_weights` of SegRefinerSemantic  

denoise_model.output_blocks.2.1.proj_out.weight - torch.Size([512, 512, 1]): 
The value is the same before and after calling `init_weights` of SegRefinerSemantic  

denoise_model.output_blocks.2.1.proj_out.bias - torch.Size([512]): 
The value is the same before and after calling `init_weights` of SegRefinerSemantic  

denoise_model.output_blocks.2.2.conv.weight - torch.Size([512, 512, 3, 3]): 
The value is the same before and after calling `init_weights` of SegRefinerSemantic  

denoise_model.output_blocks.2.2.conv.bias - torch.Size([512]): 
The value is the same before and after calling `init_weights` of SegRefinerSemantic  

denoise_model.output_blocks.3.0.in_layers.0.weight - torch.Size([1024]): 
The value is the same before and after calling `init_weights` of SegRefinerSemantic  

denoise_model.output_blocks.3.0.in_layers.0.bias - torch.Size([1024]): 
The value is the same before and after calling `init_weights` of SegRefinerSemantic  

denoise_model.output_blocks.3.0.in_layers.2.weight - torch.Size([512, 1024, 3, 3]): 
The value is the same before and after calling `init_weights` of SegRefinerSemantic  

denoise_model.output_blocks.3.0.in_layers.2.bias - torch.Size([512]): 
The value is the same before and after calling `init_weights` of SegRefinerSemantic  

denoise_model.output_blocks.3.0.emb_layers.1.weight - torch.Size([512, 512]): 
The value is the same before and after calling `init_weights` of SegRefinerSemantic  

denoise_model.output_blocks.3.0.emb_layers.1.bias - torch.Size([512]): 
The value is the same before and after calling `init_weights` of SegRefinerSemantic  

denoise_model.output_blocks.3.0.out_layers.0.weight - torch.Size([512]): 
The value is the same before and after calling `init_weights` of SegRefinerSemantic  

denoise_model.output_blocks.3.0.out_layers.0.bias - torch.Size([512]): 
The value is the same before and after calling `init_weights` of SegRefinerSemantic  

denoise_model.output_blocks.3.0.out_layers.3.weight - torch.Size([512, 512, 3, 3]): 
The value is the same before and after calling `init_weights` of SegRefinerSemantic  

denoise_model.output_blocks.3.0.out_layers.3.bias - torch.Size([512]): 
The value is the same before and after calling `init_weights` of SegRefinerSemantic  

denoise_model.output_blocks.3.0.skip_connection.weight - torch.Size([512, 1024, 1, 1]): 
The value is the same before and after calling `init_weights` of SegRefinerSemantic  

denoise_model.output_blocks.3.0.skip_connection.bias - torch.Size([512]): 
The value is the same before and after calling `init_weights` of SegRefinerSemantic  

denoise_model.output_blocks.3.1.norm.weight - torch.Size([512]): 
The value is the same before and after calling `init_weights` of SegRefinerSemantic  

denoise_model.output_blocks.3.1.norm.bias - torch.Size([512]): 
The value is the same before and after calling `init_weights` of SegRefinerSemantic  

denoise_model.output_blocks.3.1.qkv.weight - torch.Size([1536, 512, 1]): 
The value is the same before and after calling `init_weights` of SegRefinerSemantic  

denoise_model.output_blocks.3.1.qkv.bias - torch.Size([1536]): 
The value is the same before and after calling `init_weights` of SegRefinerSemantic  

denoise_model.output_blocks.3.1.proj_out.weight - torch.Size([512, 512, 1]): 
The value is the same before and after calling `init_weights` of SegRefinerSemantic  

denoise_model.output_blocks.3.1.proj_out.bias - torch.Size([512]): 
The value is the same before and after calling `init_weights` of SegRefinerSemantic  

denoise_model.output_blocks.4.0.in_layers.0.weight - torch.Size([1024]): 
The value is the same before and after calling `init_weights` of SegRefinerSemantic  

denoise_model.output_blocks.4.0.in_layers.0.bias - torch.Size([1024]): 
The value is the same before and after calling `init_weights` of SegRefinerSemantic  

denoise_model.output_blocks.4.0.in_layers.2.weight - torch.Size([512, 1024, 3, 3]): 
The value is the same before and after calling `init_weights` of SegRefinerSemantic  

denoise_model.output_blocks.4.0.in_layers.2.bias - torch.Size([512]): 
The value is the same before and after calling `init_weights` of SegRefinerSemantic  

denoise_model.output_blocks.4.0.emb_layers.1.weight - torch.Size([512, 512]): 
The value is the same before and after calling `init_weights` of SegRefinerSemantic  

denoise_model.output_blocks.4.0.emb_layers.1.bias - torch.Size([512]): 
The value is the same before and after calling `init_weights` of SegRefinerSemantic  

denoise_model.output_blocks.4.0.out_layers.0.weight - torch.Size([512]): 
The value is the same before and after calling `init_weights` of SegRefinerSemantic  

denoise_model.output_blocks.4.0.out_layers.0.bias - torch.Size([512]): 
The value is the same before and after calling `init_weights` of SegRefinerSemantic  

denoise_model.output_blocks.4.0.out_layers.3.weight - torch.Size([512, 512, 3, 3]): 
The value is the same before and after calling `init_weights` of SegRefinerSemantic  

denoise_model.output_blocks.4.0.out_layers.3.bias - torch.Size([512]): 
The value is the same before and after calling `init_weights` of SegRefinerSemantic  

denoise_model.output_blocks.4.0.skip_connection.weight - torch.Size([512, 1024, 1, 1]): 
The value is the same before and after calling `init_weights` of SegRefinerSemantic  

denoise_model.output_blocks.4.0.skip_connection.bias - torch.Size([512]): 
The value is the same before and after calling `init_weights` of SegRefinerSemantic  

denoise_model.output_blocks.4.1.norm.weight - torch.Size([512]): 
The value is the same before and after calling `init_weights` of SegRefinerSemantic  

denoise_model.output_blocks.4.1.norm.bias - torch.Size([512]): 
The value is the same before and after calling `init_weights` of SegRefinerSemantic  

denoise_model.output_blocks.4.1.qkv.weight - torch.Size([1536, 512, 1]): 
The value is the same before and after calling `init_weights` of SegRefinerSemantic  

denoise_model.output_blocks.4.1.qkv.bias - torch.Size([1536]): 
The value is the same before and after calling `init_weights` of SegRefinerSemantic  

denoise_model.output_blocks.4.1.proj_out.weight - torch.Size([512, 512, 1]): 
The value is the same before and after calling `init_weights` of SegRefinerSemantic  

denoise_model.output_blocks.4.1.proj_out.bias - torch.Size([512]): 
The value is the same before and after calling `init_weights` of SegRefinerSemantic  

denoise_model.output_blocks.5.0.in_layers.0.weight - torch.Size([768]): 
The value is the same before and after calling `init_weights` of SegRefinerSemantic  

denoise_model.output_blocks.5.0.in_layers.0.bias - torch.Size([768]): 
The value is the same before and after calling `init_weights` of SegRefinerSemantic  

denoise_model.output_blocks.5.0.in_layers.2.weight - torch.Size([512, 768, 3, 3]): 
The value is the same before and after calling `init_weights` of SegRefinerSemantic  

denoise_model.output_blocks.5.0.in_layers.2.bias - torch.Size([512]): 
The value is the same before and after calling `init_weights` of SegRefinerSemantic  

denoise_model.output_blocks.5.0.emb_layers.1.weight - torch.Size([512, 512]): 
The value is the same before and after calling `init_weights` of SegRefinerSemantic  

denoise_model.output_blocks.5.0.emb_layers.1.bias - torch.Size([512]): 
The value is the same before and after calling `init_weights` of SegRefinerSemantic  

denoise_model.output_blocks.5.0.out_layers.0.weight - torch.Size([512]): 
The value is the same before and after calling `init_weights` of SegRefinerSemantic  

denoise_model.output_blocks.5.0.out_layers.0.bias - torch.Size([512]): 
The value is the same before and after calling `init_weights` of SegRefinerSemantic  

denoise_model.output_blocks.5.0.out_layers.3.weight - torch.Size([512, 512, 3, 3]): 
The value is the same before and after calling `init_weights` of SegRefinerSemantic  

denoise_model.output_blocks.5.0.out_layers.3.bias - torch.Size([512]): 
The value is the same before and after calling `init_weights` of SegRefinerSemantic  

denoise_model.output_blocks.5.0.skip_connection.weight - torch.Size([512, 768, 1, 1]): 
The value is the same before and after calling `init_weights` of SegRefinerSemantic  

denoise_model.output_blocks.5.0.skip_connection.bias - torch.Size([512]): 
The value is the same before and after calling `init_weights` of SegRefinerSemantic  

denoise_model.output_blocks.5.1.norm.weight - torch.Size([512]): 
The value is the same before and after calling `init_weights` of SegRefinerSemantic  

denoise_model.output_blocks.5.1.norm.bias - torch.Size([512]): 
The value is the same before and after calling `init_weights` of SegRefinerSemantic  

denoise_model.output_blocks.5.1.qkv.weight - torch.Size([1536, 512, 1]): 
The value is the same before and after calling `init_weights` of SegRefinerSemantic  

denoise_model.output_blocks.5.1.qkv.bias - torch.Size([1536]): 
The value is the same before and after calling `init_weights` of SegRefinerSemantic  

denoise_model.output_blocks.5.1.proj_out.weight - torch.Size([512, 512, 1]): 
The value is the same before and after calling `init_weights` of SegRefinerSemantic  

denoise_model.output_blocks.5.1.proj_out.bias - torch.Size([512]): 
The value is the same before and after calling `init_weights` of SegRefinerSemantic  

denoise_model.output_blocks.5.2.conv.weight - torch.Size([512, 512, 3, 3]): 
The value is the same before and after calling `init_weights` of SegRefinerSemantic  

denoise_model.output_blocks.5.2.conv.bias - torch.Size([512]): 
The value is the same before and after calling `init_weights` of SegRefinerSemantic  

denoise_model.output_blocks.6.0.in_layers.0.weight - torch.Size([768]): 
The value is the same before and after calling `init_weights` of SegRefinerSemantic  

denoise_model.output_blocks.6.0.in_layers.0.bias - torch.Size([768]): 
The value is the same before and after calling `init_weights` of SegRefinerSemantic  

denoise_model.output_blocks.6.0.in_layers.2.weight - torch.Size([256, 768, 3, 3]): 
The value is the same before and after calling `init_weights` of SegRefinerSemantic  

denoise_model.output_blocks.6.0.in_layers.2.bias - torch.Size([256]): 
The value is the same before and after calling `init_weights` of SegRefinerSemantic  

denoise_model.output_blocks.6.0.emb_layers.1.weight - torch.Size([256, 512]): 
The value is the same before and after calling `init_weights` of SegRefinerSemantic  

denoise_model.output_blocks.6.0.emb_layers.1.bias - torch.Size([256]): 
The value is the same before and after calling `init_weights` of SegRefinerSemantic  

denoise_model.output_blocks.6.0.out_layers.0.weight - torch.Size([256]): 
The value is the same before and after calling `init_weights` of SegRefinerSemantic  

denoise_model.output_blocks.6.0.out_layers.0.bias - torch.Size([256]): 
The value is the same before and after calling `init_weights` of SegRefinerSemantic  

denoise_model.output_blocks.6.0.out_layers.3.weight - torch.Size([256, 256, 3, 3]): 
The value is the same before and after calling `init_weights` of SegRefinerSemantic  

denoise_model.output_blocks.6.0.out_layers.3.bias - torch.Size([256]): 
The value is the same before and after calling `init_weights` of SegRefinerSemantic  

denoise_model.output_blocks.6.0.skip_connection.weight - torch.Size([256, 768, 1, 1]): 
The value is the same before and after calling `init_weights` of SegRefinerSemantic  

denoise_model.output_blocks.6.0.skip_connection.bias - torch.Size([256]): 
The value is the same before and after calling `init_weights` of SegRefinerSemantic  

denoise_model.output_blocks.7.0.in_layers.0.weight - torch.Size([512]): 
The value is the same before and after calling `init_weights` of SegRefinerSemantic  

denoise_model.output_blocks.7.0.in_layers.0.bias - torch.Size([512]): 
The value is the same before and after calling `init_weights` of SegRefinerSemantic  

denoise_model.output_blocks.7.0.in_layers.2.weight - torch.Size([256, 512, 3, 3]): 
The value is the same before and after calling `init_weights` of SegRefinerSemantic  

denoise_model.output_blocks.7.0.in_layers.2.bias - torch.Size([256]): 
The value is the same before and after calling `init_weights` of SegRefinerSemantic  

denoise_model.output_blocks.7.0.emb_layers.1.weight - torch.Size([256, 512]): 
The value is the same before and after calling `init_weights` of SegRefinerSemantic  

denoise_model.output_blocks.7.0.emb_layers.1.bias - torch.Size([256]): 
The value is the same before and after calling `init_weights` of SegRefinerSemantic  

denoise_model.output_blocks.7.0.out_layers.0.weight - torch.Size([256]): 
The value is the same before and after calling `init_weights` of SegRefinerSemantic  

denoise_model.output_blocks.7.0.out_layers.0.bias - torch.Size([256]): 
The value is the same before and after calling `init_weights` of SegRefinerSemantic  

denoise_model.output_blocks.7.0.out_layers.3.weight - torch.Size([256, 256, 3, 3]): 
The value is the same before and after calling `init_weights` of SegRefinerSemantic  

denoise_model.output_blocks.7.0.out_layers.3.bias - torch.Size([256]): 
The value is the same before and after calling `init_weights` of SegRefinerSemantic  

denoise_model.output_blocks.7.0.skip_connection.weight - torch.Size([256, 512, 1, 1]): 
The value is the same before and after calling `init_weights` of SegRefinerSemantic  

denoise_model.output_blocks.7.0.skip_connection.bias - torch.Size([256]): 
The value is the same before and after calling `init_weights` of SegRefinerSemantic  

denoise_model.output_blocks.8.0.in_layers.0.weight - torch.Size([512]): 
The value is the same before and after calling `init_weights` of SegRefinerSemantic  

denoise_model.output_blocks.8.0.in_layers.0.bias - torch.Size([512]): 
The value is the same before and after calling `init_weights` of SegRefinerSemantic  

denoise_model.output_blocks.8.0.in_layers.2.weight - torch.Size([256, 512, 3, 3]): 
The value is the same before and after calling `init_weights` of SegRefinerSemantic  

denoise_model.output_blocks.8.0.in_layers.2.bias - torch.Size([256]): 
The value is the same before and after calling `init_weights` of SegRefinerSemantic  

denoise_model.output_blocks.8.0.emb_layers.1.weight - torch.Size([256, 512]): 
The value is the same before and after calling `init_weights` of SegRefinerSemantic  

denoise_model.output_blocks.8.0.emb_layers.1.bias - torch.Size([256]): 
The value is the same before and after calling `init_weights` of SegRefinerSemantic  

denoise_model.output_blocks.8.0.out_layers.0.weight - torch.Size([256]): 
The value is the same before and after calling `init_weights` of SegRefinerSemantic  

denoise_model.output_blocks.8.0.out_layers.0.bias - torch.Size([256]): 
The value is the same before and after calling `init_weights` of SegRefinerSemantic  

denoise_model.output_blocks.8.0.out_layers.3.weight - torch.Size([256, 256, 3, 3]): 
The value is the same before and after calling `init_weights` of SegRefinerSemantic  

denoise_model.output_blocks.8.0.out_layers.3.bias - torch.Size([256]): 
The value is the same before and after calling `init_weights` of SegRefinerSemantic  

denoise_model.output_blocks.8.0.skip_connection.weight - torch.Size([256, 512, 1, 1]): 
The value is the same before and after calling `init_weights` of SegRefinerSemantic  

denoise_model.output_blocks.8.0.skip_connection.bias - torch.Size([256]): 
The value is the same before and after calling `init_weights` of SegRefinerSemantic  

denoise_model.output_blocks.8.1.conv.weight - torch.Size([256, 256, 3, 3]): 
The value is the same before and after calling `init_weights` of SegRefinerSemantic  

denoise_model.output_blocks.8.1.conv.bias - torch.Size([256]): 
The value is the same before and after calling `init_weights` of SegRefinerSemantic  

denoise_model.output_blocks.9.0.in_layers.0.weight - torch.Size([512]): 
The value is the same before and after calling `init_weights` of SegRefinerSemantic  

denoise_model.output_blocks.9.0.in_layers.0.bias - torch.Size([512]): 
The value is the same before and after calling `init_weights` of SegRefinerSemantic  

denoise_model.output_blocks.9.0.in_layers.2.weight - torch.Size([256, 512, 3, 3]): 
The value is the same before and after calling `init_weights` of SegRefinerSemantic  

denoise_model.output_blocks.9.0.in_layers.2.bias - torch.Size([256]): 
The value is the same before and after calling `init_weights` of SegRefinerSemantic  

denoise_model.output_blocks.9.0.emb_layers.1.weight - torch.Size([256, 512]): 
The value is the same before and after calling `init_weights` of SegRefinerSemantic  

denoise_model.output_blocks.9.0.emb_layers.1.bias - torch.Size([256]): 
The value is the same before and after calling `init_weights` of SegRefinerSemantic  

denoise_model.output_blocks.9.0.out_layers.0.weight - torch.Size([256]): 
The value is the same before and after calling `init_weights` of SegRefinerSemantic  

denoise_model.output_blocks.9.0.out_layers.0.bias - torch.Size([256]): 
The value is the same before and after calling `init_weights` of SegRefinerSemantic  

denoise_model.output_blocks.9.0.out_layers.3.weight - torch.Size([256, 256, 3, 3]): 
The value is the same before and after calling `init_weights` of SegRefinerSemantic  

denoise_model.output_blocks.9.0.out_layers.3.bias - torch.Size([256]): 
The value is the same before and after calling `init_weights` of SegRefinerSemantic  

denoise_model.output_blocks.9.0.skip_connection.weight - torch.Size([256, 512, 1, 1]): 
The value is the same before and after calling `init_weights` of SegRefinerSemantic  

denoise_model.output_blocks.9.0.skip_connection.bias - torch.Size([256]): 
The value is the same before and after calling `init_weights` of SegRefinerSemantic  

denoise_model.output_blocks.10.0.in_layers.0.weight - torch.Size([512]): 
The value is the same before and after calling `init_weights` of SegRefinerSemantic  

denoise_model.output_blocks.10.0.in_layers.0.bias - torch.Size([512]): 
The value is the same before and after calling `init_weights` of SegRefinerSemantic  

denoise_model.output_blocks.10.0.in_layers.2.weight - torch.Size([256, 512, 3, 3]): 
The value is the same before and after calling `init_weights` of SegRefinerSemantic  

denoise_model.output_blocks.10.0.in_layers.2.bias - torch.Size([256]): 
The value is the same before and after calling `init_weights` of SegRefinerSemantic  

denoise_model.output_blocks.10.0.emb_layers.1.weight - torch.Size([256, 512]): 
The value is the same before and after calling `init_weights` of SegRefinerSemantic  

denoise_model.output_blocks.10.0.emb_layers.1.bias - torch.Size([256]): 
The value is the same before and after calling `init_weights` of SegRefinerSemantic  

denoise_model.output_blocks.10.0.out_layers.0.weight - torch.Size([256]): 
The value is the same before and after calling `init_weights` of SegRefinerSemantic  

denoise_model.output_blocks.10.0.out_layers.0.bias - torch.Size([256]): 
The value is the same before and after calling `init_weights` of SegRefinerSemantic  

denoise_model.output_blocks.10.0.out_layers.3.weight - torch.Size([256, 256, 3, 3]): 
The value is the same before and after calling `init_weights` of SegRefinerSemantic  

denoise_model.output_blocks.10.0.out_layers.3.bias - torch.Size([256]): 
The value is the same before and after calling `init_weights` of SegRefinerSemantic  

denoise_model.output_blocks.10.0.skip_connection.weight - torch.Size([256, 512, 1, 1]): 
The value is the same before and after calling `init_weights` of SegRefinerSemantic  

denoise_model.output_blocks.10.0.skip_connection.bias - torch.Size([256]): 
The value is the same before and after calling `init_weights` of SegRefinerSemantic  

denoise_model.output_blocks.11.0.in_layers.0.weight - torch.Size([384]): 
The value is the same before and after calling `init_weights` of SegRefinerSemantic  

denoise_model.output_blocks.11.0.in_layers.0.bias - torch.Size([384]): 
The value is the same before and after calling `init_weights` of SegRefinerSemantic  

denoise_model.output_blocks.11.0.in_layers.2.weight - torch.Size([256, 384, 3, 3]): 
The value is the same before and after calling `init_weights` of SegRefinerSemantic  

denoise_model.output_blocks.11.0.in_layers.2.bias - torch.Size([256]): 
The value is the same before and after calling `init_weights` of SegRefinerSemantic  

denoise_model.output_blocks.11.0.emb_layers.1.weight - torch.Size([256, 512]): 
The value is the same before and after calling `init_weights` of SegRefinerSemantic  

denoise_model.output_blocks.11.0.emb_layers.1.bias - torch.Size([256]): 
The value is the same before and after calling `init_weights` of SegRefinerSemantic  

denoise_model.output_blocks.11.0.out_layers.0.weight - torch.Size([256]): 
The value is the same before and after calling `init_weights` of SegRefinerSemantic  

denoise_model.output_blocks.11.0.out_layers.0.bias - torch.Size([256]): 
The value is the same before and after calling `init_weights` of SegRefinerSemantic  

denoise_model.output_blocks.11.0.out_layers.3.weight - torch.Size([256, 256, 3, 3]): 
The value is the same before and after calling `init_weights` of SegRefinerSemantic  

denoise_model.output_blocks.11.0.out_layers.3.bias - torch.Size([256]): 
The value is the same before and after calling `init_weights` of SegRefinerSemantic  

denoise_model.output_blocks.11.0.skip_connection.weight - torch.Size([256, 384, 1, 1]): 
The value is the same before and after calling `init_weights` of SegRefinerSemantic  

denoise_model.output_blocks.11.0.skip_connection.bias - torch.Size([256]): 
The value is the same before and after calling `init_weights` of SegRefinerSemantic  

denoise_model.output_blocks.11.1.conv.weight - torch.Size([256, 256, 3, 3]): 
The value is the same before and after calling `init_weights` of SegRefinerSemantic  

denoise_model.output_blocks.11.1.conv.bias - torch.Size([256]): 
The value is the same before and after calling `init_weights` of SegRefinerSemantic  

denoise_model.output_blocks.12.0.in_layers.0.weight - torch.Size([384]): 
The value is the same before and after calling `init_weights` of SegRefinerSemantic  

denoise_model.output_blocks.12.0.in_layers.0.bias - torch.Size([384]): 
The value is the same before and after calling `init_weights` of SegRefinerSemantic  

denoise_model.output_blocks.12.0.in_layers.2.weight - torch.Size([128, 384, 3, 3]): 
The value is the same before and after calling `init_weights` of SegRefinerSemantic  

denoise_model.output_blocks.12.0.in_layers.2.bias - torch.Size([128]): 
The value is the same before and after calling `init_weights` of SegRefinerSemantic  

denoise_model.output_blocks.12.0.emb_layers.1.weight - torch.Size([128, 512]): 
The value is the same before and after calling `init_weights` of SegRefinerSemantic  

denoise_model.output_blocks.12.0.emb_layers.1.bias - torch.Size([128]): 
The value is the same before and after calling `init_weights` of SegRefinerSemantic  

denoise_model.output_blocks.12.0.out_layers.0.weight - torch.Size([128]): 
The value is the same before and after calling `init_weights` of SegRefinerSemantic  

denoise_model.output_blocks.12.0.out_layers.0.bias - torch.Size([128]): 
The value is the same before and after calling `init_weights` of SegRefinerSemantic  

denoise_model.output_blocks.12.0.out_layers.3.weight - torch.Size([128, 128, 3, 3]): 
The value is the same before and after calling `init_weights` of SegRefinerSemantic  

denoise_model.output_blocks.12.0.out_layers.3.bias - torch.Size([128]): 
The value is the same before and after calling `init_weights` of SegRefinerSemantic  

denoise_model.output_blocks.12.0.skip_connection.weight - torch.Size([128, 384, 1, 1]): 
The value is the same before and after calling `init_weights` of SegRefinerSemantic  

denoise_model.output_blocks.12.0.skip_connection.bias - torch.Size([128]): 
The value is the same before and after calling `init_weights` of SegRefinerSemantic  

denoise_model.output_blocks.13.0.in_layers.0.weight - torch.Size([256]): 
The value is the same before and after calling `init_weights` of SegRefinerSemantic  

denoise_model.output_blocks.13.0.in_layers.0.bias - torch.Size([256]): 
The value is the same before and after calling `init_weights` of SegRefinerSemantic  

denoise_model.output_blocks.13.0.in_layers.2.weight - torch.Size([128, 256, 3, 3]): 
The value is the same before and after calling `init_weights` of SegRefinerSemantic  

denoise_model.output_blocks.13.0.in_layers.2.bias - torch.Size([128]): 
The value is the same before and after calling `init_weights` of SegRefinerSemantic  

denoise_model.output_blocks.13.0.emb_layers.1.weight - torch.Size([128, 512]): 
The value is the same before and after calling `init_weights` of SegRefinerSemantic  

denoise_model.output_blocks.13.0.emb_layers.1.bias - torch.Size([128]): 
The value is the same before and after calling `init_weights` of SegRefinerSemantic  

denoise_model.output_blocks.13.0.out_layers.0.weight - torch.Size([128]): 
The value is the same before and after calling `init_weights` of SegRefinerSemantic  

denoise_model.output_blocks.13.0.out_layers.0.bias - torch.Size([128]): 
The value is the same before and after calling `init_weights` of SegRefinerSemantic  

denoise_model.output_blocks.13.0.out_layers.3.weight - torch.Size([128, 128, 3, 3]): 
The value is the same before and after calling `init_weights` of SegRefinerSemantic  

denoise_model.output_blocks.13.0.out_layers.3.bias - torch.Size([128]): 
The value is the same before and after calling `init_weights` of SegRefinerSemantic  

denoise_model.output_blocks.13.0.skip_connection.weight - torch.Size([128, 256, 1, 1]): 
The value is the same before and after calling `init_weights` of SegRefinerSemantic  

denoise_model.output_blocks.13.0.skip_connection.bias - torch.Size([128]): 
The value is the same before and after calling `init_weights` of SegRefinerSemantic  

denoise_model.output_blocks.14.0.in_layers.0.weight - torch.Size([256]): 
The value is the same before and after calling `init_weights` of SegRefinerSemantic  

denoise_model.output_blocks.14.0.in_layers.0.bias - torch.Size([256]): 
The value is the same before and after calling `init_weights` of SegRefinerSemantic  

denoise_model.output_blocks.14.0.in_layers.2.weight - torch.Size([128, 256, 3, 3]): 
The value is the same before and after calling `init_weights` of SegRefinerSemantic  

denoise_model.output_blocks.14.0.in_layers.2.bias - torch.Size([128]): 
The value is the same before and after calling `init_weights` of SegRefinerSemantic  

denoise_model.output_blocks.14.0.emb_layers.1.weight - torch.Size([128, 512]): 
The value is the same before and after calling `init_weights` of SegRefinerSemantic  

denoise_model.output_blocks.14.0.emb_layers.1.bias - torch.Size([128]): 
The value is the same before and after calling `init_weights` of SegRefinerSemantic  

denoise_model.output_blocks.14.0.out_layers.0.weight - torch.Size([128]): 
The value is the same before and after calling `init_weights` of SegRefinerSemantic  

denoise_model.output_blocks.14.0.out_layers.0.bias - torch.Size([128]): 
The value is the same before and after calling `init_weights` of SegRefinerSemantic  

denoise_model.output_blocks.14.0.out_layers.3.weight - torch.Size([128, 128, 3, 3]): 
The value is the same before and after calling `init_weights` of SegRefinerSemantic  

denoise_model.output_blocks.14.0.out_layers.3.bias - torch.Size([128]): 
The value is the same before and after calling `init_weights` of SegRefinerSemantic  

denoise_model.output_blocks.14.0.skip_connection.weight - torch.Size([128, 256, 1, 1]): 
The value is the same before and after calling `init_weights` of SegRefinerSemantic  

denoise_model.output_blocks.14.0.skip_connection.bias - torch.Size([128]): 
The value is the same before and after calling `init_weights` of SegRefinerSemantic  

denoise_model.output_blocks.14.1.conv.weight - torch.Size([128, 128, 3, 3]): 
The value is the same before and after calling `init_weights` of SegRefinerSemantic  

denoise_model.output_blocks.14.1.conv.bias - torch.Size([128]): 
The value is the same before and after calling `init_weights` of SegRefinerSemantic  

denoise_model.output_blocks.15.0.in_layers.0.weight - torch.Size([256]): 
The value is the same before and after calling `init_weights` of SegRefinerSemantic  

denoise_model.output_blocks.15.0.in_layers.0.bias - torch.Size([256]): 
The value is the same before and after calling `init_weights` of SegRefinerSemantic  

denoise_model.output_blocks.15.0.in_layers.2.weight - torch.Size([128, 256, 3, 3]): 
The value is the same before and after calling `init_weights` of SegRefinerSemantic  

denoise_model.output_blocks.15.0.in_layers.2.bias - torch.Size([128]): 
The value is the same before and after calling `init_weights` of SegRefinerSemantic  

denoise_model.output_blocks.15.0.emb_layers.1.weight - torch.Size([128, 512]): 
The value is the same before and after calling `init_weights` of SegRefinerSemantic  

denoise_model.output_blocks.15.0.emb_layers.1.bias - torch.Size([128]): 
The value is the same before and after calling `init_weights` of SegRefinerSemantic  

denoise_model.output_blocks.15.0.out_layers.0.weight - torch.Size([128]): 
The value is the same before and after calling `init_weights` of SegRefinerSemantic  

denoise_model.output_blocks.15.0.out_layers.0.bias - torch.Size([128]): 
The value is the same before and after calling `init_weights` of SegRefinerSemantic  

denoise_model.output_blocks.15.0.out_layers.3.weight - torch.Size([128, 128, 3, 3]): 
The value is the same before and after calling `init_weights` of SegRefinerSemantic  

denoise_model.output_blocks.15.0.out_layers.3.bias - torch.Size([128]): 
The value is the same before and after calling `init_weights` of SegRefinerSemantic  

denoise_model.output_blocks.15.0.skip_connection.weight - torch.Size([128, 256, 1, 1]): 
The value is the same before and after calling `init_weights` of SegRefinerSemantic  

denoise_model.output_blocks.15.0.skip_connection.bias - torch.Size([128]): 
The value is the same before and after calling `init_weights` of SegRefinerSemantic  

denoise_model.output_blocks.16.0.in_layers.0.weight - torch.Size([256]): 
The value is the same before and after calling `init_weights` of SegRefinerSemantic  

denoise_model.output_blocks.16.0.in_layers.0.bias - torch.Size([256]): 
The value is the same before and after calling `init_weights` of SegRefinerSemantic  

denoise_model.output_blocks.16.0.in_layers.2.weight - torch.Size([128, 256, 3, 3]): 
The value is the same before and after calling `init_weights` of SegRefinerSemantic  

denoise_model.output_blocks.16.0.in_layers.2.bias - torch.Size([128]): 
The value is the same before and after calling `init_weights` of SegRefinerSemantic  

denoise_model.output_blocks.16.0.emb_layers.1.weight - torch.Size([128, 512]): 
The value is the same before and after calling `init_weights` of SegRefinerSemantic  

denoise_model.output_blocks.16.0.emb_layers.1.bias - torch.Size([128]): 
The value is the same before and after calling `init_weights` of SegRefinerSemantic  

denoise_model.output_blocks.16.0.out_layers.0.weight - torch.Size([128]): 
The value is the same before and after calling `init_weights` of SegRefinerSemantic  

denoise_model.output_blocks.16.0.out_layers.0.bias - torch.Size([128]): 
The value is the same before and after calling `init_weights` of SegRefinerSemantic  

denoise_model.output_blocks.16.0.out_layers.3.weight - torch.Size([128, 128, 3, 3]): 
The value is the same before and after calling `init_weights` of SegRefinerSemantic  

denoise_model.output_blocks.16.0.out_layers.3.bias - torch.Size([128]): 
The value is the same before and after calling `init_weights` of SegRefinerSemantic  

denoise_model.output_blocks.16.0.skip_connection.weight - torch.Size([128, 256, 1, 1]): 
The value is the same before and after calling `init_weights` of SegRefinerSemantic  

denoise_model.output_blocks.16.0.skip_connection.bias - torch.Size([128]): 
The value is the same before and after calling `init_weights` of SegRefinerSemantic  

denoise_model.output_blocks.17.0.in_layers.0.weight - torch.Size([256]): 
The value is the same before and after calling `init_weights` of SegRefinerSemantic  

denoise_model.output_blocks.17.0.in_layers.0.bias - torch.Size([256]): 
The value is the same before and after calling `init_weights` of SegRefinerSemantic  

denoise_model.output_blocks.17.0.in_layers.2.weight - torch.Size([128, 256, 3, 3]): 
The value is the same before and after calling `init_weights` of SegRefinerSemantic  

denoise_model.output_blocks.17.0.in_layers.2.bias - torch.Size([128]): 
The value is the same before and after calling `init_weights` of SegRefinerSemantic  

denoise_model.output_blocks.17.0.emb_layers.1.weight - torch.Size([128, 512]): 
The value is the same before and after calling `init_weights` of SegRefinerSemantic  

denoise_model.output_blocks.17.0.emb_layers.1.bias - torch.Size([128]): 
The value is the same before and after calling `init_weights` of SegRefinerSemantic  

denoise_model.output_blocks.17.0.out_layers.0.weight - torch.Size([128]): 
The value is the same before and after calling `init_weights` of SegRefinerSemantic  

denoise_model.output_blocks.17.0.out_layers.0.bias - torch.Size([128]): 
The value is the same before and after calling `init_weights` of SegRefinerSemantic  

denoise_model.output_blocks.17.0.out_layers.3.weight - torch.Size([128, 128, 3, 3]): 
The value is the same before and after calling `init_weights` of SegRefinerSemantic  

denoise_model.output_blocks.17.0.out_layers.3.bias - torch.Size([128]): 
The value is the same before and after calling `init_weights` of SegRefinerSemantic  

denoise_model.output_blocks.17.0.skip_connection.weight - torch.Size([128, 256, 1, 1]): 
The value is the same before and after calling `init_weights` of SegRefinerSemantic  

denoise_model.output_blocks.17.0.skip_connection.bias - torch.Size([128]): 
The value is the same before and after calling `init_weights` of SegRefinerSemantic  

denoise_model.out.0.weight - torch.Size([128]): 
The value is the same before and after calling `init_weights` of SegRefinerSemantic  

denoise_model.out.0.bias - torch.Size([128]): 
The value is the same before and after calling `init_weights` of SegRefinerSemantic  

denoise_model.out.2.weight - torch.Size([1, 128, 3, 3]): 
The value is the same before and after calling `init_weights` of SegRefinerSemantic  

denoise_model.out.2.bias - torch.Size([1]): 
The value is the same before and after calling `init_weights` of SegRefinerSemantic  

loss_texture.sobel.conv_x.weight - torch.Size([1, 1, 3, 3]): 
The value is the same before and after calling `init_weights` of SegRefinerSemantic  

loss_texture.sobel.conv_y.weight - torch.Size([1, 1, 3, 3]): 
The value is the same before and after calling `init_weights` of SegRefinerSemantic  
2026-05-02 14:48:33,507 - mmdet - INFO - Automatic scaling of learning rate (LR) has been disabled.
2026-05-02 14:48:33,511 - mmdet - INFO - load checkpoint from local path: work_dirs/exp8_all/latest.pth
2026-05-02 14:48:33,663 - mmdet - INFO - resumed from epoch: 1, iter 69499
2026-05-02 14:48:33,664 - mmdet - INFO - Start running, host: ubuntu@ip-172-31-22-110, work_dir: /home/ubuntu/vy/Denoiser/SegRefiner/work_dirs/exp8_all
2026-05-02 14:48:33,664 - mmdet - INFO - Hooks will be executed in the following order:
before_run:
(VERY_HIGH   ) StepLrUpdaterHook                  
(NORMAL      ) CheckpointHook                     
(VERY_LOW    ) TextLoggerHook                     
 -------------------- 
before_train_epoch:
(VERY_HIGH   ) StepLrUpdaterHook                  
(LOW         ) IterTimerHook                      
(VERY_LOW    ) TextLoggerHook                     
 -------------------- 
before_train_iter:
(VERY_HIGH   ) StepLrUpdaterHook                  
(LOW         ) IterTimerHook                      
 -------------------- 
after_train_iter:
(ABOVE_NORMAL) OptimizerHook                      
(NORMAL      ) CheckpointHook                     
(LOW         ) IterTimerHook                      
(LOW         ) OEMBuildingEvalHook                
(VERY_LOW    ) TextLoggerHook                     
 -------------------- 
after_train_epoch:
(NORMAL      ) CheckpointHook                     
(VERY_LOW    ) TextLoggerHook                     
 -------------------- 
before_val_epoch:
(LOW         ) IterTimerHook                      
(VERY_LOW    ) TextLoggerHook                     
 -------------------- 
before_val_iter:
(LOW         ) IterTimerHook                      
 -------------------- 
after_val_iter:
(LOW         ) IterTimerHook                      
 -------------------- 
after_val_epoch:
(VERY_LOW    ) TextLoggerHook                     
 -------------------- 
after_run:
(VERY_LOW    ) TextLoggerHook                     
 -------------------- 
2026-05-02 14:48:33,664 - mmdet - INFO - workflow: [('train', 1)], max: 120000 iters
2026-05-02 14:48:33,664 - mmdet - INFO - Checkpoints will be saved to /home/ubuntu/vy/Denoiser/SegRefiner/work_dirs/exp8_all by HardDiskBackend.
2026-05-02 14:48:44,779 - mmdet - INFO - Validation set: 218 images
2026-05-02 14:48:44,780 - mmdet - INFO - 
--- Val evaluation at iter 69500 ---
2026-05-02 14:50:41,165 - mmdet - INFO - 
+------------+-------------+-------------+
| Class      | Val IoU     | Pseudo IoU  |
+------------+-------------+-------------+
| background | 92.45       | 92.68       |
| building   | 67.91       | 69.14       |
| Summary    | mIoU: 80.18 | mIoU: 80.91 |
+------------+-------------+-------------+
Images evaluated: 218
2026-05-02 14:50:44,032 - mmdet - INFO - ★ New best mIoU: 80.18% (prev: 0.00%, Δ=+80.18%) → saved to /home/ubuntu/vy/Denoiser/SegRefiner/work_dirs/exp8_all/best_model.pth
2026-05-02 14:50:44,037 - mmdet - INFO - Iter [69500/120000]	lr: 1.000e-04, eta: 43 days, 6:16:29, time: 2.961, data_time: 1.750, memory: 35735, val/mIoU: 0.8018, val/IoU.building: 0.6791, val/IoU.background: 0.9245, val/Pseudo_mIoU: 0.8091, loss_mask: 0.0490, loss_texture: 0.0226, iou: 0.9476, loss: 0.0716
2026-05-02 14:51:11,818 - mmdet - INFO - Iter [69525/120000]	lr: 1.000e-04, eta: 4 days, 23:12:21, time: 5.882, data_time: 4.782, memory: 37118, loss_mask: 0.0526, loss_texture: 0.0254, iou: 0.8944, loss: 0.0780
2026-05-02 14:51:39,649 - mmdet - INFO - Iter [69550/120000]	lr: 1.000e-04, eta: 2 days, 20:23:20, time: 1.113, data_time: 0.012, memory: 37118, loss_mask: 0.0512, loss_texture: 0.0247, iou: 0.9087, loss: 0.0759
2026-05-02 14:52:07,407 - mmdet - INFO - Iter [69575/120000]	lr: 1.000e-04, eta: 2 days, 2:59:08, time: 1.110, data_time: 0.012, memory: 37118, loss_mask: 0.0509, loss_texture: 0.0239, iou: 0.9169, loss: 0.0748
2026-05-02 14:52:35,234 - mmdet - INFO - Iter [69600/120000]	lr: 1.000e-04, eta: 1 day, 18:12:13, time: 1.113, data_time: 0.012, memory: 37118, loss_mask: 0.0518, loss_texture: 0.0242, iou: 0.8985, loss: 0.0760
2026-05-02 14:53:03,077 - mmdet - INFO - Iter [69625/120000]	lr: 1.000e-04, eta: 1 day, 12:54:18, time: 1.114, data_time: 0.013, memory: 37118, loss_mask: 0.0584, loss_texture: 0.0282, iou: 0.9100, loss: 0.0866
2026-05-02 14:53:30,940 - mmdet - INFO - Iter [69650/120000]	lr: 1.000e-04, eta: 1 day, 9:21:38, time: 1.115, data_time: 0.012, memory: 37118, loss_mask: 0.0560, loss_texture: 0.0269, iou: 0.9045, loss: 0.0829
2026-05-02 14:53:59,100 - mmdet - INFO - Iter [69675/120000]	lr: 1.000e-04, eta: 1 day, 6:50:39, time: 1.126, data_time: 0.012, memory: 37118, loss_mask: 0.0511, loss_texture: 0.0241, iou: 0.9210, loss: 0.0751
2026-05-02 14:54:27,088 - mmdet - INFO - Iter [69700/120000]	lr: 1.000e-04, eta: 1 day, 4:56:24, time: 1.120, data_time: 0.014, memory: 37118, loss_mask: 0.0545, loss_texture: 0.0254, iou: 0.9156, loss: 0.0799
2026-05-02 14:54:54,881 - mmdet - INFO - Iter [69725/120000]	lr: 1.000e-04, eta: 1 day, 3:26:36, time: 1.112, data_time: 0.013, memory: 37118, loss_mask: 0.0555, loss_texture: 0.0261, iou: 0.9006, loss: 0.0815
2026-05-02 14:55:22,632 - mmdet - INFO - Iter [69750/120000]	lr: 1.000e-04, eta: 1 day, 2:14:27, time: 1.110, data_time: 0.012, memory: 37118, loss_mask: 0.0570, loss_texture: 0.0271, iou: 0.8901, loss: 0.0841
2026-05-02 14:55:50,508 - mmdet - INFO - Iter [69775/120000]	lr: 1.000e-04, eta: 1 day, 1:15:40, time: 1.115, data_time: 0.012, memory: 37118, loss_mask: 0.0505, loss_texture: 0.0248, iou: 0.8997, loss: 0.0753
2026-05-02 14:56:18,438 - mmdet - INFO - Iter [69800/120000]	lr: 1.000e-04, eta: 1 day, 0:26:43, time: 1.117, data_time: 0.012, memory: 37118, loss_mask: 0.0539, loss_texture: 0.0264, iou: 0.9059, loss: 0.0803
2026-05-02 14:56:46,264 - mmdet - INFO - Iter [69825/120000]	lr: 1.000e-04, eta: 23:44:57, time: 1.113, data_time: 0.012, memory: 37118, loss_mask: 0.0599, loss_texture: 0.0281, iou: 0.9142, loss: 0.0880
2026-05-02 14:57:14,042 - mmdet - INFO - Iter [69850/120000]	lr: 1.000e-04, eta: 23:08:56, time: 1.111, data_time: 0.012, memory: 37118, loss_mask: 0.0573, loss_texture: 0.0268, iou: 0.9085, loss: 0.0841
2026-05-02 14:57:41,844 - mmdet - INFO - Iter [69875/120000]	lr: 1.000e-04, eta: 22:37:43, time: 1.112, data_time: 0.012, memory: 37118, loss_mask: 0.0565, loss_texture: 0.0270, iou: 0.9047, loss: 0.0835
2026-05-02 14:58:09,608 - mmdet - INFO - Iter [69900/120000]	lr: 1.000e-04, eta: 22:10:15, time: 1.111, data_time: 0.012, memory: 37118, loss_mask: 0.0597, loss_texture: 0.0280, iou: 0.9083, loss: 0.0877
2026-05-02 14:58:37,425 - mmdet - INFO - Iter [69925/120000]	lr: 1.000e-04, eta: 21:46:03, time: 1.113, data_time: 0.012, memory: 37118, loss_mask: 0.0598, loss_texture: 0.0286, iou: 0.9178, loss: 0.0884
2026-05-02 14:59:05,191 - mmdet - INFO - Iter [69950/120000]	lr: 1.000e-04, eta: 21:24:24, time: 1.111, data_time: 0.013, memory: 37118, loss_mask: 0.0551, loss_texture: 0.0264, iou: 0.9059, loss: 0.0815
2026-05-02 14:59:32,931 - mmdet - INFO - Iter [69975/120000]	lr: 1.000e-04, eta: 21:04:55, time: 1.110, data_time: 0.012, memory: 37118, loss_mask: 0.0534, loss_texture: 0.0254, iou: 0.9211, loss: 0.0788
2026-05-02 15:00:00,819 - mmdet - INFO - 
--- Val evaluation at iter 70000 ---
2026-05-02 15:02:02,071 - mmdet - INFO - 
+------------+-------------+-------------+
| Class      | Val IoU     | Pseudo IoU  |
+------------+-------------+-------------+
| background | 92.35       | 92.68       |
| building   | 67.51       | 69.14       |
| Summary    | mIoU: 79.93 | mIoU: 80.91 |
+------------+-------------+-------------+
Images evaluated: 218
2026-05-02 15:02:03,471 - mmdet - INFO - Exp name: exp8_all.py
2026-05-02 15:02:03,471 - mmdet - INFO - Iter [70000/120000]	lr: 1.000e-04, eta: 20:47:35, time: 1.116, data_time: 0.012, memory: 37118, val/mIoU: 0.7993, val/IoU.building: 0.6751, val/IoU.background: 0.9235, val/Pseudo_mIoU: 0.8091, loss_mask: 0.0567, loss_texture: 0.0282, iou: 0.9029, loss: 0.0849
2026-05-02 15:02:31,375 - mmdet - INFO - Iter [70025/120000]	lr: 1.000e-04, eta: 23:46:06, time: 6.022, data_time: 4.919, memory: 37118, loss_mask: 0.0601, loss_texture: 0.0288, iou: 0.8988, loss: 0.0889
2026-05-02 15:02:59,320 - mmdet - INFO - Iter [70050/120000]	lr: 1.000e-04, eta: 23:22:56, time: 1.118, data_time: 0.013, memory: 37118, loss_mask: 0.0526, loss_texture: 0.0245, iou: 0.8933, loss: 0.0771
2026-05-02 15:03:27,134 - mmdet - INFO - Iter [70075/120000]	lr: 1.000e-04, eta: 23:01:33, time: 1.113, data_time: 0.012, memory: 37118, loss_mask: 0.0564, loss_texture: 0.0255, iou: 0.9166, loss: 0.0820
2026-05-02 15:03:55,058 - mmdet - INFO - Iter [70100/120000]	lr: 1.000e-04, eta: 22:42:03, time: 1.117, data_time: 0.012, memory: 37118, loss_mask: 0.0701, loss_texture: 0.0284, iou: 0.8874, loss: 0.0985
2026-05-02 15:04:22,931 - mmdet - INFO - Iter [70125/120000]	lr: 1.000e-04, eta: 22:24:01, time: 1.115, data_time: 0.012, memory: 37118, loss_mask: 0.0881, loss_texture: 0.0319, iou: 0.8977, loss: 0.1200
2026-05-02 15:04:50,764 - mmdet - INFO - Iter [70150/120000]	lr: 1.000e-04, eta: 22:07:17, time: 1.113, data_time: 0.012, memory: 37118, loss_mask: 0.0731, loss_texture: 0.0269, iou: 0.8996, loss: 0.1000
2026-05-02 15:05:18,602 - mmdet - INFO - Iter [70175/120000]	lr: 1.000e-04, eta: 21:51:45, time: 1.113, data_time: 0.012, memory: 37118, loss_mask: 0.0643, loss_texture: 0.0266, iou: 0.8913, loss: 0.0909
2026-05-02 15:05:46,330 - mmdet - INFO - Iter [70200/120000]	lr: 1.000e-04, eta: 21:37:10, time: 1.109, data_time: 0.012, memory: 37118, loss_mask: 0.0623, loss_texture: 0.0272, iou: 0.8862, loss: 0.0895
2026-05-02 15:06:14,113 - mmdet - INFO - Iter [70225/120000]	lr: 1.000e-04, eta: 21:23:37, time: 1.111, data_time: 0.012, memory: 37118, loss_mask: 0.0611, loss_texture: 0.0278, iou: 0.9125, loss: 0.0889
2026-05-02 15:06:41,935 - mmdet - INFO - Iter [70250/120000]	lr: 1.000e-04, eta: 21:10:58, time: 1.113, data_time: 0.012, memory: 37118, loss_mask: 0.0589, loss_texture: 0.0275, iou: 0.9090, loss: 0.0863
2026-05-02 15:07:09,795 - mmdet - INFO - Iter [70275/120000]	lr: 1.000e-04, eta: 20:59:10, time: 1.114, data_time: 0.012, memory: 37118, loss_mask: 0.0587, loss_texture: 0.0268, iou: 0.9054, loss: 0.0856
2026-05-02 15:07:37,739 - mmdet - INFO - Iter [70300/120000]	lr: 1.000e-04, eta: 20:48:09, time: 1.118, data_time: 0.012, memory: 37118, loss_mask: 0.0558, loss_texture: 0.0269, iou: 0.9078, loss: 0.0827
2026-05-02 15:08:05,708 - mmdet - INFO - Iter [70325/120000]	lr: 1.000e-04, eta: 20:37:48, time: 1.119, data_time: 0.013, memory: 37118, loss_mask: 0.0518, loss_texture: 0.0252, iou: 0.8800, loss: 0.0770
2026-05-02 15:08:33,712 - mmdet - INFO - Iter [70350/120000]	lr: 1.000e-04, eta: 20:28:04, time: 1.120, data_time: 0.012, memory: 37118, loss_mask: 0.0626, loss_texture: 0.0295, iou: 0.9096, loss: 0.0921
2026-05-02 15:09:01,679 - mmdet - INFO - Iter [70375/120000]	lr: 1.000e-04, eta: 20:18:49, time: 1.119, data_time: 0.012, memory: 37118, loss_mask: 0.0614, loss_texture: 0.0291, iou: 0.9177, loss: 0.0904
2026-05-02 15:09:29,535 - mmdet - INFO - Iter [70400/120000]	lr: 1.000e-04, eta: 20:09:57, time: 1.114, data_time: 0.012, memory: 37118, loss_mask: 0.0589, loss_texture: 0.0280, iou: 0.9175, loss: 0.0868
2026-05-02 15:09:57,399 - mmdet - INFO - Iter [70425/120000]	lr: 1.000e-04, eta: 20:01:34, time: 1.115, data_time: 0.013, memory: 37118, loss_mask: 0.0473, loss_texture: 0.0225, iou: 0.9218, loss: 0.0698
2026-05-02 15:10:25,176 - mmdet - INFO - Iter [70450/120000]	lr: 1.000e-04, eta: 19:53:30, time: 1.111, data_time: 0.012, memory: 37118, loss_mask: 0.0550, loss_texture: 0.0264, iou: 0.9103, loss: 0.0815
2026-05-02 15:10:53,054 - mmdet - INFO - Iter [70475/120000]	lr: 1.000e-04, eta: 19:45:55, time: 1.115, data_time: 0.012, memory: 37118, loss_mask: 0.0530, loss_texture: 0.0255, iou: 0.9192, loss: 0.0785
2026-05-02 15:11:20,877 - mmdet - INFO - 
--- Val evaluation at iter 70500 ---
2026-05-02 15:13:18,411 - mmdet - INFO - 
+------------+-------------+-------------+
| Class      | Val IoU     | Pseudo IoU  |
+------------+-------------+-------------+
| background | 92.45       | 92.68       |
| building   | 67.94       | 69.14       |
| Summary    | mIoU: 80.19 | mIoU: 80.91 |
+------------+-------------+-------------+
Images evaluated: 218
2026-05-02 15:13:21,054 - mmdet - INFO - ★ New best mIoU: 80.19% (prev: 80.18%, Δ=+0.01%) → saved to /home/ubuntu/vy/Denoiser/SegRefiner/work_dirs/exp8_all/best_model.pth
2026-05-02 15:13:21,059 - mmdet - INFO - Iter [70500/120000]	lr: 1.000e-04, eta: 19:38:39, time: 1.113, data_time: 0.012, memory: 37118, val/mIoU: 0.8019, val/IoU.building: 0.6794, val/IoU.background: 0.9245, val/Pseudo_mIoU: 0.8091, loss_mask: 0.0519, loss_texture: 0.0249, iou: 0.8947, loss: 0.0768
2026-05-02 15:13:48,977 - mmdet - INFO - Iter [70525/120000]	lr: 1.000e-04, eta: 21:08:23, time: 5.924, data_time: 4.820, memory: 37118, loss_mask: 0.0504, loss_texture: 0.0241, iou: 0.8885, loss: 0.0745
2026-05-02 15:14:17,059 - mmdet - INFO - Iter [70550/120000]	lr: 1.000e-04, eta: 20:59:36, time: 1.123, data_time: 0.013, memory: 37118, loss_mask: 0.0554, loss_texture: 0.0268, iou: 0.9006, loss: 0.0821
2026-05-02 15:14:44,910 - mmdet - INFO - Iter [70575/120000]	lr: 1.000e-04, eta: 20:51:02, time: 1.114, data_time: 0.012, memory: 37118, loss_mask: 0.0553, loss_texture: 0.0266, iou: 0.9043, loss: 0.0819
2026-05-02 15:15:12,728 - mmdet - INFO - Iter [70600/120000]	lr: 1.000e-04, eta: 20:42:49, time: 1.113, data_time: 0.012, memory: 37118, loss_mask: 0.0542, loss_texture: 0.0253, iou: 0.9169, loss: 0.0795
2026-05-02 15:15:40,630 - mmdet - INFO - Iter [70625/120000]	lr: 1.000e-04, eta: 20:35:00, time: 1.116, data_time: 0.012, memory: 37118, loss_mask: 0.0561, loss_texture: 0.0261, iou: 0.9095, loss: 0.0822
2026-05-02 15:16:08,515 - mmdet - INFO - Iter [70650/120000]	lr: 1.000e-04, eta: 20:27:29, time: 1.115, data_time: 0.012, memory: 37118, loss_mask: 0.0518, loss_texture: 0.0245, iou: 0.9051, loss: 0.0764
2026-05-02 15:16:36,393 - mmdet - INFO - Iter [70675/120000]	lr: 1.000e-04, eta: 20:20:16, time: 1.115, data_time: 0.012, memory: 37118, loss_mask: 0.0612, loss_texture: 0.0294, iou: 0.9177, loss: 0.0906
2026-05-02 15:17:04,192 - mmdet - INFO - Iter [70700/120000]	lr: 1.000e-04, eta: 20:13:17, time: 1.112, data_time: 0.012, memory: 37118, loss_mask: 0.0824, loss_texture: 0.0302, iou: 0.8816, loss: 0.1126
2026-05-02 15:17:31,992 - mmdet - INFO - Iter [70725/120000]	lr: 1.000e-04, eta: 20:06:34, time: 1.112, data_time: 0.013, memory: 37118, loss_mask: 0.0659, loss_texture: 0.0267, iou: 0.8926, loss: 0.0925
2026-05-02 15:17:59,969 - mmdet - INFO - Iter [70750/120000]	lr: 1.000e-04, eta: 20:00:12, time: 1.119, data_time: 0.013, memory: 37118, loss_mask: 0.0723, loss_texture: 0.0319, iou: 0.8854, loss: 0.1042
2026-05-02 15:18:27,795 - mmdet - INFO - Iter [70775/120000]	lr: 1.000e-04, eta: 19:53:59, time: 1.113, data_time: 0.012, memory: 37118, loss_mask: 0.0562, loss_texture: 0.0245, iou: 0.8949, loss: 0.0807
2026-05-02 15:18:55,591 - mmdet - INFO - Iter [70800/120000]	lr: 1.000e-04, eta: 19:47:58, time: 1.112, data_time: 0.012, memory: 37118, loss_mask: 0.0564, loss_texture: 0.0264, iou: 0.9010, loss: 0.0828
2026-05-02 15:19:23,273 - mmdet - INFO - Iter [70825/120000]	lr: 1.000e-04, eta: 19:42:05, time: 1.107, data_time: 0.012, memory: 37118, loss_mask: 0.0509, loss_texture: 0.0245, iou: 0.9057, loss: 0.0754
2026-05-02 15:19:51,149 - mmdet - INFO - Iter [70850/120000]	lr: 1.000e-04, eta: 19:36:31, time: 1.115, data_time: 0.012, memory: 37118, loss_mask: 0.0548, loss_texture: 0.0258, iou: 0.9217, loss: 0.0806
2026-05-02 15:20:18,999 - mmdet - INFO - Iter [70875/120000]	lr: 1.000e-04, eta: 19:31:08, time: 1.114, data_time: 0.012, memory: 37118, loss_mask: 0.0547, loss_texture: 0.0256, iou: 0.9029, loss: 0.0803
2026-05-02 15:20:46,897 - mmdet - INFO - Iter [70900/120000]	lr: 1.000e-04, eta: 19:25:56, time: 1.116, data_time: 0.012, memory: 37118, loss_mask: 0.0552, loss_texture: 0.0263, iou: 0.9154, loss: 0.0815
2026-05-02 15:21:15,013 - mmdet - INFO - Iter [70925/120000]	lr: 1.000e-04, eta: 19:21:03, time: 1.125, data_time: 0.012, memory: 37118, loss_mask: 0.0620, loss_texture: 0.0298, iou: 0.9104, loss: 0.0918
2026-05-02 15:21:43,072 - mmdet - INFO - Iter [70950/120000]	lr: 1.000e-04, eta: 19:16:16, time: 1.122, data_time: 0.012, memory: 37118, loss_mask: 0.0541, loss_texture: 0.0258, iou: 0.8908, loss: 0.0799
2026-05-02 15:22:10,917 - mmdet - INFO - Iter [70975/120000]	lr: 1.000e-04, eta: 19:11:31, time: 1.114, data_time: 0.012, memory: 37118, loss_mask: 0.0596, loss_texture: 0.0282, iou: 0.9155, loss: 0.0878
2026-05-02 15:22:38,548 - mmdet - INFO - 
--- Val evaluation at iter 71000 ---
2026-05-02 15:24:36,186 - mmdet - INFO - 
+------------+-------------+-------------+
| Class      | Val IoU     | Pseudo IoU  |
+------------+-------------+-------------+
| background | 92.40       | 92.68       |
| building   | 67.51       | 69.14       |
| Summary    | mIoU: 79.95 | mIoU: 80.91 |
+------------+-------------+-------------+
Images evaluated: 218
2026-05-02 15:24:37,582 - mmdet - INFO - Exp name: exp8_all.py
2026-05-02 15:24:37,582 - mmdet - INFO - Iter [71000/120000]	lr: 1.000e-04, eta: 19:06:48, time: 1.105, data_time: 0.012, memory: 37118, val/mIoU: 0.7995, val/IoU.building: 0.6751, val/IoU.background: 0.9240, val/Pseudo_mIoU: 0.8091, loss_mask: 0.0498, loss_texture: 0.0237, iou: 0.9179, loss: 0.0735
2026-05-02 15:25:05,489 - mmdet - INFO - Iter [71025/120000]	lr: 1.000e-04, eta: 20:06:02, time: 5.878, data_time: 4.775, memory: 37118, loss_mask: 0.0561, loss_texture: 0.0276, iou: 0.9161, loss: 0.0837
2026-05-02 15:25:33,097 - mmdet - INFO - Iter [71050/120000]	lr: 1.000e-04, eta: 20:00:30, time: 1.104, data_time: 0.012, memory: 37118, loss_mask: 0.0545, loss_texture: 0.0262, iou: 0.9137, loss: 0.0807
2026-05-02 15:26:00,808 - mmdet - INFO - Iter [71075/120000]	lr: 1.000e-04, eta: 19:55:12, time: 1.108, data_time: 0.012, memory: 37118, loss_mask: 0.0586, loss_texture: 0.0281, iou: 0.9064, loss: 0.0867
2026-05-02 15:26:28,493 - mmdet - INFO - Iter [71100/120000]	lr: 1.000e-04, eta: 19:50:01, time: 1.107, data_time: 0.012, memory: 37118, loss_mask: 0.0486, loss_texture: 0.0231, iou: 0.9142, loss: 0.0718
2026-05-02 15:26:56,166 - mmdet - INFO - Iter [71125/120000]	lr: 1.000e-04, eta: 19:44:59, time: 1.107, data_time: 0.012, memory: 37118, loss_mask: 0.0471, loss_texture: 0.0226, iou: 0.8841, loss: 0.0697
2026-05-02 15:27:23,899 - mmdet - INFO - Iter [71150/120000]	lr: 1.000e-04, eta: 19:40:08, time: 1.109, data_time: 0.012, memory: 37118, loss_mask: 0.0557, loss_texture: 0.0261, iou: 0.9112, loss: 0.0818
2026-05-02 15:27:51,584 - mmdet - INFO - Iter [71175/120000]	lr: 1.000e-04, eta: 19:35:22, time: 1.107, data_time: 0.012, memory: 37118, loss_mask: 0.0581, loss_texture: 0.0276, iou: 0.9068, loss: 0.0856
2026-05-02 15:28:19,260 - mmdet - INFO - Iter [71200/120000]	lr: 1.000e-04, eta: 19:30:44, time: 1.107, data_time: 0.012, memory: 37118, loss_mask: 0.0510, loss_texture: 0.0242, iou: 0.9153, loss: 0.0752
2026-05-02 15:28:46,933 - mmdet - INFO - Iter [71225/120000]	lr: 1.000e-04, eta: 19:26:13, time: 1.107, data_time: 0.012, memory: 37118, loss_mask: 0.0562, loss_texture: 0.0272, iou: 0.8992, loss: 0.0834
2026-05-02 15:29:14,663 - mmdet - INFO - Iter [71250/120000]	lr: 1.000e-04, eta: 19:21:51, time: 1.109, data_time: 0.012, memory: 37118, loss_mask: 0.0570, loss_texture: 0.0277, iou: 0.8956, loss: 0.0846
2026-05-02 15:29:42,298 - mmdet - INFO - Iter [71275/120000]	lr: 1.000e-04, eta: 19:17:32, time: 1.105, data_time: 0.012, memory: 37118, loss_mask: 0.0489, loss_texture: 0.0234, iou: 0.9154, loss: 0.0723
2026-05-02 15:30:10,005 - mmdet - INFO - Iter [71300/120000]	lr: 1.000e-04, eta: 19:13:22, time: 1.108, data_time: 0.012, memory: 37118, loss_mask: 0.0594, loss_texture: 0.0286, iou: 0.9136, loss: 0.0880
2026-05-02 15:30:37,711 - mmdet - INFO - Iter [71325/120000]	lr: 1.000e-04, eta: 19:09:18, time: 1.108, data_time: 0.012, memory: 37118, loss_mask: 0.0639, loss_texture: 0.0305, iou: 0.9198, loss: 0.0943
2026-05-02 15:31:05,303 - mmdet - INFO - Iter [71350/120000]	lr: 1.000e-04, eta: 19:05:17, time: 1.104, data_time: 0.012, memory: 37118, loss_mask: 0.0522, loss_texture: 0.0252, iou: 0.9044, loss: 0.0774
2026-05-02 15:31:32,781 - mmdet - INFO - Iter [71375/120000]	lr: 1.000e-04, eta: 19:01:19, time: 1.099, data_time: 0.012, memory: 37118, loss_mask: 0.0501, loss_texture: 0.0242, iou: 0.9165, loss: 0.0743
2026-05-02 15:32:00,437 - mmdet - INFO - Iter [71400/120000]	lr: 1.000e-04, eta: 18:57:31, time: 1.106, data_time: 0.012, memory: 37118, loss_mask: 0.0640, loss_texture: 0.0299, iou: 0.9098, loss: 0.0938
2026-05-02 15:32:28,074 - mmdet - INFO - Iter [71425/120000]	lr: 1.000e-04, eta: 18:53:47, time: 1.105, data_time: 0.012, memory: 37118, loss_mask: 0.0524, loss_texture: 0.0251, iou: 0.9049, loss: 0.0775
2026-05-02 15:32:55,740 - mmdet - INFO - Iter [71450/120000]	lr: 1.000e-04, eta: 18:50:09, time: 1.107, data_time: 0.012, memory: 37118, loss_mask: 0.0509, loss_texture: 0.0254, iou: 0.8995, loss: 0.0763
2026-05-02 15:33:23,361 - mmdet - INFO - Iter [71475/120000]	lr: 1.000e-04, eta: 18:46:35, time: 1.105, data_time: 0.012, memory: 37118, loss_mask: 0.0544, loss_texture: 0.0267, iou: 0.9026, loss: 0.0811
2026-05-02 15:33:51,084 - mmdet - INFO - 
--- Val evaluation at iter 71500 ---
2026-05-02 15:35:48,905 - mmdet - INFO - 
+------------+-------------+-------------+
| Class      | Val IoU     | Pseudo IoU  |
+------------+-------------+-------------+
| background | 92.44       | 92.68       |
| building   | 67.93       | 69.14       |
| Summary    | mIoU: 80.18 | mIoU: 80.91 |
+------------+-------------+-------------+
Images evaluated: 218
2026-05-02 15:35:50,293 - mmdet - INFO - Iter [71500/120000]	lr: 1.000e-04, eta: 18:43:08, time: 1.109, data_time: 0.012, memory: 37118, val/mIoU: 0.8018, val/IoU.building: 0.6793, val/IoU.background: 0.9244, val/Pseudo_mIoU: 0.8091, loss_mask: 0.0572, loss_texture: 0.0272, iou: 0.9241, loss: 0.0844
2026-05-02 15:36:18,247 - mmdet - INFO - Iter [71525/120000]	lr: 1.000e-04, eta: 19:27:23, time: 5.887, data_time: 4.781, memory: 37118, loss_mask: 0.0564, loss_texture: 0.0278, iou: 0.9023, loss: 0.0841
2026-05-02 15:36:45,896 - mmdet - INFO - Iter [71550/120000]	lr: 1.000e-04, eta: 19:23:27, time: 1.106, data_time: 0.012, memory: 37118, loss_mask: 0.0516, loss_texture: 0.0255, iou: 0.9010, loss: 0.0771
2026-05-02 15:37:13,642 - mmdet - INFO - Iter [71575/120000]	lr: 1.000e-04, eta: 19:19:38, time: 1.110, data_time: 0.012, memory: 37118, loss_mask: 0.0588, loss_texture: 0.0273, iou: 0.9089, loss: 0.0861
2026-05-02 15:37:41,331 - mmdet - INFO - Iter [71600/120000]	lr: 1.000e-04, eta: 19:15:53, time: 1.108, data_time: 0.012, memory: 37118, loss_mask: 0.0524, loss_texture: 0.0251, iou: 0.8922, loss: 0.0775
2026-05-02 15:38:09,129 - mmdet - INFO - Iter [71625/120000]	lr: 1.000e-04, eta: 19:12:14, time: 1.112, data_time: 0.012, memory: 37118, loss_mask: 0.0618, loss_texture: 0.0286, iou: 0.9146, loss: 0.0905
2026-05-02 15:38:36,918 - mmdet - INFO - Iter [71650/120000]	lr: 1.000e-04, eta: 19:08:40, time: 1.112, data_time: 0.012, memory: 37118, loss_mask: 0.0621, loss_texture: 0.0284, iou: 0.9155, loss: 0.0905
2026-05-02 15:39:04,738 - mmdet - INFO - Iter [71675/120000]	lr: 1.000e-04, eta: 19:05:11, time: 1.113, data_time: 0.012, memory: 37118, loss_mask: 0.0490, loss_texture: 0.0241, iou: 0.9052, loss: 0.0730
2026-05-02 15:39:32,684 - mmdet - INFO - Iter [71700/120000]	lr: 1.000e-04, eta: 19:01:48, time: 1.118, data_time: 0.012, memory: 37118, loss_mask: 0.0511, loss_texture: 0.0251, iou: 0.9030, loss: 0.0762
2026-05-02 15:40:00,544 - mmdet - INFO - Iter [71725/120000]	lr: 1.000e-04, eta: 18:58:28, time: 1.114, data_time: 0.012, memory: 37118, loss_mask: 0.0544, loss_texture: 0.0257, iou: 0.9084, loss: 0.0801
2026-05-02 15:40:28,609 - mmdet - INFO - Iter [71750/120000]	lr: 1.000e-04, eta: 18:55:16, time: 1.123, data_time: 0.012, memory: 37118, loss_mask: 0.0471, loss_texture: 0.0232, iou: 0.9119, loss: 0.0703
2026-05-02 15:40:56,447 - mmdet - INFO - Iter [71775/120000]	lr: 1.000e-04, eta: 18:52:03, time: 1.113, data_time: 0.012, memory: 37118, loss_mask: 0.0454, loss_texture: 0.0229, iou: 0.9166, loss: 0.0682
2026-05-02 15:41:24,269 - mmdet - INFO - Iter [71800/120000]	lr: 1.000e-04, eta: 18:48:53, time: 1.113, data_time: 0.012, memory: 37118, loss_mask: 0.0576, loss_texture: 0.0278, iou: 0.8876, loss: 0.0854
2026-05-02 15:41:52,078 - mmdet - INFO - Iter [71825/120000]	lr: 1.000e-04, eta: 18:45:46, time: 1.112, data_time: 0.012, memory: 37118, loss_mask: 0.0487, loss_texture: 0.0233, iou: 0.9085, loss: 0.0720
2026-05-02 15:42:19,984 - mmdet - INFO - Iter [71850/120000]	lr: 1.000e-04, eta: 18:42:45, time: 1.116, data_time: 0.012, memory: 37118, loss_mask: 0.0559, loss_texture: 0.0272, iou: 0.9044, loss: 0.0831
2026-05-02 15:42:47,658 - mmdet - INFO - Iter [71875/120000]	lr: 1.000e-04, eta: 18:39:42, time: 1.107, data_time: 0.012, memory: 37118, loss_mask: 0.0512, loss_texture: 0.0247, iou: 0.9045, loss: 0.0759
2026-05-02 15:43:15,501 - mmdet - INFO - Iter [71900/120000]	lr: 1.000e-04, eta: 18:36:45, time: 1.114, data_time: 0.012, memory: 37118, loss_mask: 0.0567, loss_texture: 0.0271, iou: 0.9161, loss: 0.0838
2026-05-02 15:43:43,406 - mmdet - INFO - Iter [71925/120000]	lr: 1.000e-04, eta: 18:33:53, time: 1.116, data_time: 0.012, memory: 37118, loss_mask: 0.0505, loss_texture: 0.0249, iou: 0.9225, loss: 0.0754
2026-05-02 15:44:11,521 - mmdet - INFO - Iter [71950/120000]	lr: 1.000e-04, eta: 18:31:08, time: 1.125, data_time: 0.012, memory: 37118, loss_mask: 0.0601, loss_texture: 0.0287, iou: 0.9159, loss: 0.0888
2026-05-02 15:44:39,343 - mmdet - INFO - Iter [71975/120000]	lr: 1.000e-04, eta: 18:28:21, time: 1.113, data_time: 0.012, memory: 37118, loss_mask: 0.0521, loss_texture: 0.0250, iou: 0.9115, loss: 0.0771
2026-05-02 15:45:07,050 - mmdet - INFO - 
--- Val evaluation at iter 72000 ---
2026-05-02 15:47:05,346 - mmdet - INFO - 
+------------+-------------+-------------+
| Class      | Val IoU     | Pseudo IoU  |
+------------+-------------+-------------+
| background | 92.39       | 92.68       |
| building   | 67.54       | 69.14       |
| Summary    | mIoU: 79.97 | mIoU: 80.91 |
+------------+-------------+-------------+
Images evaluated: 218
2026-05-02 15:47:06,708 - mmdet - INFO - Exp name: exp8_all.py
2026-05-02 15:47:06,708 - mmdet - INFO - Iter [72000/120000]	lr: 1.000e-04, eta: 18:25:33, time: 1.108, data_time: 0.012, memory: 37118, val/mIoU: 0.7997, val/IoU.building: 0.6754, val/IoU.background: 0.9239, val/Pseudo_mIoU: 0.8091, loss_mask: 0.0514, loss_texture: 0.0245, iou: 0.8990, loss: 0.0759
2026-05-02 15:47:34,418 - mmdet - INFO - Iter [72025/120000]	lr: 1.000e-04, eta: 19:00:41, time: 5.895, data_time: 4.800, memory: 37118, loss_mask: 0.0542, loss_texture: 0.0262, iou: 0.9131, loss: 0.0804
2026-05-02 15:48:02,057 - mmdet - INFO - Iter [72050/120000]	lr: 1.000e-04, eta: 18:57:35, time: 1.106, data_time: 0.012, memory: 37118, loss_mask: 0.0524, loss_texture: 0.0257, iou: 0.9143, loss: 0.0782
2026-05-02 15:48:29,833 - mmdet - INFO - Iter [72075/120000]	lr: 1.000e-04, eta: 18:54:34, time: 1.111, data_time: 0.012, memory: 37118, loss_mask: 0.0587, loss_texture: 0.0275, iou: 0.9031, loss: 0.0861
2026-05-02 15:48:57,611 - mmdet - INFO - Iter [72100/120000]	lr: 1.000e-04, eta: 18:51:36, time: 1.111, data_time: 0.012, memory: 37118, loss_mask: 0.0646, loss_texture: 0.0301, iou: 0.9036, loss: 0.0948
2026-05-02 15:49:25,654 - mmdet - INFO - Iter [72125/120000]	lr: 1.000e-04, eta: 18:48:46, time: 1.122, data_time: 0.012, memory: 37118, loss_mask: 0.0569, loss_texture: 0.0271, iou: 0.9140, loss: 0.0840
2026-05-02 15:49:53,525 - mmdet - INFO - Iter [72150/120000]	lr: 1.000e-04, eta: 18:45:55, time: 1.115, data_time: 0.012, memory: 37118, loss_mask: 0.0559, loss_texture: 0.0263, iou: 0.9018, loss: 0.0822
2026-05-02 15:50:21,358 - mmdet - INFO - Iter [72175/120000]	lr: 1.000e-04, eta: 18:43:07, time: 1.113, data_time: 0.012, memory: 37118, loss_mask: 0.0564, loss_texture: 0.0259, iou: 0.9037, loss: 0.0823
2026-05-02 15:50:49,450 - mmdet - INFO - Iter [72200/120000]	lr: 1.000e-04, eta: 18:40:25, time: 1.124, data_time: 0.012, memory: 37118, loss_mask: 0.0614, loss_texture: 0.0288, iou: 0.8985, loss: 0.0902
2026-05-02 15:51:17,475 - mmdet - INFO - Iter [72225/120000]	lr: 1.000e-04, eta: 18:37:45, time: 1.121, data_time: 0.012, memory: 37118, loss_mask: 0.0572, loss_texture: 0.0271, iou: 0.9095, loss: 0.0843
2026-05-02 15:51:45,127 - mmdet - INFO - Iter [72250/120000]	lr: 1.000e-04, eta: 18:35:01, time: 1.106, data_time: 0.012, memory: 37118, loss_mask: 0.0516, loss_texture: 0.0247, iou: 0.9008, loss: 0.0763
2026-05-02 15:52:12,870 - mmdet - INFO - Iter [72275/120000]	lr: 1.000e-04, eta: 18:32:20, time: 1.110, data_time: 0.012, memory: 37118, loss_mask: 0.0535, loss_texture: 0.0253, iou: 0.9172, loss: 0.0788
2026-05-02 15:52:40,688 - mmdet - INFO - Iter [72300/120000]	lr: 1.000e-04, eta: 18:29:44, time: 1.113, data_time: 0.012, memory: 37118, loss_mask: 0.0523, loss_texture: 0.0251, iou: 0.9094, loss: 0.0775
2026-05-02 15:53:08,385 - mmdet - INFO - Iter [72325/120000]	lr: 1.000e-04, eta: 18:27:07, time: 1.108, data_time: 0.012, memory: 37118, loss_mask: 0.0532, loss_texture: 0.0259, iou: 0.8933, loss: 0.0791
2026-05-02 15:53:36,044 - mmdet - INFO - Iter [72350/120000]	lr: 1.000e-04, eta: 18:24:33, time: 1.106, data_time: 0.012, memory: 37118, loss_mask: 0.0551, loss_texture: 0.0260, iou: 0.9151, loss: 0.0812
2026-05-02 15:54:03,839 - mmdet - INFO - Iter [72375/120000]	lr: 1.000e-04, eta: 18:22:02, time: 1.112, data_time: 0.012, memory: 37118, loss_mask: 0.0509, loss_texture: 0.0254, iou: 0.8993, loss: 0.0763
2026-05-02 15:54:31,738 - mmdet - INFO - Iter [72400/120000]	lr: 1.000e-04, eta: 18:19:36, time: 1.116, data_time: 0.014, memory: 37118, loss_mask: 0.0545, loss_texture: 0.0262, iou: 0.8959, loss: 0.0807
2026-05-02 15:54:59,590 - mmdet - INFO - Iter [72425/120000]	lr: 1.000e-04, eta: 18:17:11, time: 1.114, data_time: 0.012, memory: 37118, loss_mask: 0.0603, loss_texture: 0.0288, iou: 0.8989, loss: 0.0891
2026-05-02 15:55:27,394 - mmdet - INFO - Iter [72450/120000]	lr: 1.000e-04, eta: 18:14:47, time: 1.112, data_time: 0.012, memory: 37118, loss_mask: 0.0572, loss_texture: 0.0277, iou: 0.9077, loss: 0.0849
2026-05-02 15:55:55,253 - mmdet - INFO - Iter [72475/120000]	lr: 1.000e-04, eta: 18:12:25, time: 1.114, data_time: 0.011, memory: 37118, loss_mask: 0.0525, loss_texture: 0.0243, iou: 0.9208, loss: 0.0769
2026-05-02 15:56:23,223 - mmdet - INFO - 
--- Val evaluation at iter 72500 ---
2026-05-02 15:58:21,209 - mmdet - INFO - 
+------------+-------------+-------------+
| Class      | Val IoU     | Pseudo IoU  |
+------------+-------------+-------------+
| background | 92.38       | 92.68       |
| building   | 67.45       | 69.14       |
| Summary    | mIoU: 79.91 | mIoU: 80.91 |
+------------+-------------+-------------+
Images evaluated: 218
2026-05-02 15:58:22,599 - mmdet - INFO - Iter [72500/120000]	lr: 1.000e-04, eta: 18:10:08, time: 1.119, data_time: 0.012, memory: 37118, val/mIoU: 0.7991, val/IoU.building: 0.6745, val/IoU.background: 0.9238, val/Pseudo_mIoU: 0.8091, loss_mask: 0.0515, loss_texture: 0.0251, iou: 0.9136, loss: 0.0766
2026-05-02 15:58:50,312 - mmdet - INFO - Iter [72525/120000]	lr: 1.000e-04, eta: 18:39:01, time: 5.884, data_time: 4.787, memory: 37118, loss_mask: 0.0543, loss_texture: 0.0261, iou: 0.9127, loss: 0.0804
2026-05-02 15:59:18,126 - mmdet - INFO - Iter [72550/120000]	lr: 1.000e-04, eta: 18:36:28, time: 1.113, data_time: 0.012, memory: 37118, loss_mask: 0.0609, loss_texture: 0.0284, iou: 0.9177, loss: 0.0892
2026-05-02 15:59:46,143 - mmdet - INFO - Iter [72575/120000]	lr: 1.000e-04, eta: 18:34:01, time: 1.121, data_time: 0.012, memory: 37118, loss_mask: 0.0504, loss_texture: 0.0244, iou: 0.9017, loss: 0.0748
2026-05-02 16:00:14,069 - mmdet - INFO - Iter [72600/120000]	lr: 1.000e-04, eta: 18:31:34, time: 1.117, data_time: 0.012, memory: 37118, loss_mask: 0.0496, loss_texture: 0.0241, iou: 0.9168, loss: 0.0737
2026-05-02 16:00:41,751 - mmdet - INFO - Iter [72625/120000]	lr: 1.000e-04, eta: 18:29:05, time: 1.107, data_time: 0.012, memory: 37118, loss_mask: 0.0574, loss_texture: 0.0271, iou: 0.9001, loss: 0.0845
2026-05-02 16:01:09,447 - mmdet - INFO - Iter [72650/120000]	lr: 1.000e-04, eta: 18:26:39, time: 1.108, data_time: 0.012, memory: 37118, loss_mask: 0.0582, loss_texture: 0.0278, iou: 0.9033, loss: 0.0860
2026-05-02 16:01:37,222 - mmdet - INFO - Iter [72675/120000]	lr: 1.000e-04, eta: 18:24:15, time: 1.111, data_time: 0.012, memory: 37118, loss_mask: 0.0564, loss_texture: 0.0277, iou: 0.9150, loss: 0.0841
2026-05-02 16:02:04,896 - mmdet - INFO - Iter [72700/120000]	lr: 1.000e-04, eta: 18:21:52, time: 1.107, data_time: 0.012, memory: 37118, loss_mask: 0.0523, loss_texture: 0.0252, iou: 0.9080, loss: 0.0775
2026-05-02 16:02:32,617 - mmdet - INFO - Iter [72725/120000]	lr: 1.000e-04, eta: 18:19:31, time: 1.109, data_time: 0.012, memory: 37118, loss_mask: 0.0472, loss_texture: 0.0230, iou: 0.9253, loss: 0.0702
2026-05-02 16:03:00,460 - mmdet - INFO - Iter [72750/120000]	lr: 1.000e-04, eta: 18:17:14, time: 1.114, data_time: 0.012, memory: 37118, loss_mask: 0.0478, loss_texture: 0.0230, iou: 0.8955, loss: 0.0707
2026-05-02 16:03:28,390 - mmdet - INFO - Iter [72775/120000]	lr: 1.000e-04, eta: 18:14:59, time: 1.117, data_time: 0.012, memory: 37118, loss_mask: 0.0540, loss_texture: 0.0260, iou: 0.9159, loss: 0.0800
