2026-05-01 11:14:04,833 - mmdet - INFO - Environment info:
------------------------------------------------------------
sys.platform: linux
Python: 3.8.20 (default, Oct  3 2024, 15:24:27) [GCC 11.2.0]
CUDA available: True
GPU 0: NVIDIA L40S
CUDA_HOME: /usr
NVCC: Cuda compilation tools, release 12.0, V12.0.140
GCC: gcc (Ubuntu 13.3.0-6ubuntu2~24.04.1) 13.3.0
PyTorch: 1.10.1+cu111
PyTorch compiling details: PyTorch built with:
  - GCC 7.3
  - C++ Version: 201402
  - Intel(R) Math Kernel Library Version 2020.0.0 Product Build 20191122 for Intel(R) 64 architecture applications
  - Intel(R) MKL-DNN v2.2.3 (Git Hash 7336ca9f055cf1bfa13efb658fe15dc9b41f0740)
  - OpenMP 201511 (a.k.a. OpenMP 4.5)
  - LAPACK is enabled (usually provided by MKL)
  - NNPACK is enabled
  - CPU capability usage: AVX2
  - CUDA Runtime 11.1
  - NVCC architecture flags: -gencode;arch=compute_37,code=sm_37;-gencode;arch=compute_50,code=sm_50;-gencode;arch=compute_60,code=sm_60;-gencode;arch=compute_70,code=sm_70;-gencode;arch=compute_75,code=sm_75;-gencode;arch=compute_80,code=sm_80;-gencode;arch=compute_86,code=sm_86
  - CuDNN 8.0.5
  - Magma 2.5.2
  - Build settings: BLAS_INFO=mkl, BUILD_TYPE=Release, CUDA_VERSION=11.1, CUDNN_VERSION=8.0.5, CXX_COMPILER=/opt/rh/devtoolset-7/root/usr/bin/c++, CXX_FLAGS= -Wno-deprecated -fvisibility-inlines-hidden -DUSE_PTHREADPOOL -fopenmp -DNDEBUG -DUSE_KINETO -DUSE_FBGEMM -DUSE_QNNPACK -DUSE_PYTORCH_QNNPACK -DUSE_XNNPACK -DSYMBOLICATE_MOBILE_DEBUG_HANDLE -DEDGE_PROFILER_USE_KINETO -O2 -fPIC -Wno-narrowing -Wall -Wextra -Werror=return-type -Wno-missing-field-initializers -Wno-type-limits -Wno-array-bounds -Wno-unknown-pragmas -Wno-sign-compare -Wno-unused-parameter -Wno-unused-variable -Wno-unused-function -Wno-unused-result -Wno-unused-local-typedefs -Wno-strict-overflow -Wno-strict-aliasing -Wno-error=deprecated-declarations -Wno-stringop-overflow -Wno-psabi -Wno-error=pedantic -Wno-error=redundant-decls -Wno-error=old-style-cast -fdiagnostics-color=always -faligned-new -Wno-unused-but-set-variable -Wno-maybe-uninitialized -fno-math-errno -fno-trapping-math -Werror=format -Wno-stringop-overflow, LAPACK_INFO=mkl, PERF_WITH_AVX=1, PERF_WITH_AVX2=1, PERF_WITH_AVX512=1, TORCH_VERSION=1.10.1, USE_CUDA=ON, USE_CUDNN=ON, USE_EXCEPTION_PTR=1, USE_GFLAGS=OFF, USE_GLOG=OFF, USE_MKL=ON, USE_MKLDNN=ON, USE_MPI=OFF, USE_NCCL=ON, USE_NNPACK=ON, USE_OPENMP=ON, 

TorchVision: 0.11.2+cu111
OpenCV: 4.13.0
MMCV: 1.5.0
MMCV Compiler: GCC 7.3
MMCV CUDA Compiler: 11.1
MMDetection: 2.28.1+53419a2
------------------------------------------------------------

2026-05-01 11:14:05,309 - mmdet - INFO - Distributed training: False
2026-05-01 11:14:05,852 - mmdet - INFO - Config:
checkpoint_config = dict(interval=0, by_epoch=False)
log_config = dict(
    interval=25, hooks=[dict(type='TextLoggerHook', by_epoch=False)])
dist_params = dict(backend='nccl')
log_level = 'INFO'
load_from = None
resume_from = None
workflow = [('train', 1)]
opencv_num_threads = 0
mp_start_method = 'spawn'
auto_scale_lr = dict(enable=False, base_batch_size=16)
object_size = 256
task = 'semantic'
model = dict(
    type='SegRefinerSemantic',
    task='semantic',
    step=6,
    denoise_model=dict(
        type='DenoiseUNet',
        in_channels=4,
        out_channels=1,
        model_channels=128,
        num_res_blocks=2,
        num_heads=4,
        num_heads_upsample=-1,
        attention_strides=(16, 32),
        learn_time_embd=True,
        num_timesteps=6,
        channel_mult=(1, 1, 2, 2, 4, 4),
        dropout=0.0),
    diffusion_cfg=dict(
        betas=dict(type='linear', start=0.8, stop=0, num_timesteps=6),
        diff_iter=False,
        noise_components=dict(use_obj=True, use_bnd=True, use_unc=True)),
    test_cfg=dict(
        model_size=1024, fine_prob_thr=0.95, batch_max=32, iou_thr=0.15))
img_norm_cfg = dict(
    mean=[123.675, 116.28, 103.53], std=[58.395, 57.12, 57.375], to_rgb=True)
train_pipeline = [
    dict(type='LoadImageFromFile'),
    dict(
        type='LoadAnnotations',
        with_bbox=False,
        with_label=False,
        with_mask=False,
        with_seg=True),
    dict(
        type='LoadOEMCoarseMasks',
        use_obj=False,
        use_bnd=False,
        use_unc=False,
        obj_unc_threshold=0.3,
        test_mode=False),
    dict(type='LoadObjectData'),
    dict(type='Resize', img_scale=(256, 256), keep_ratio=False),
    dict(type='RandomFlip', flip_ratio=0.5),
    dict(
        type='Normalize',
        mean=[123.675, 116.28, 103.53],
        std=[58.395, 57.12, 57.375],
        to_rgb=True),
    dict(type='DefaultFormatBundle'),
    dict(
        type='Collect',
        keys=['object_img', 'object_gt_masks', 'object_coarse_masks'])
]
val_data_root = '/home/ubuntu/vy/Denoiser/OEM_v2_Building'
val_pipeline = [
    dict(type='LoadImageFromFile'),
    dict(
        type='LoadAnnotations',
        with_bbox=False,
        with_label=False,
        with_mask=False,
        with_seg=True),
    dict(
        type='LoadOEMCoarseMasks',
        test_mode=True,
        pseudolabel_dir='/home/ubuntu/vy/Denoiser/OEM_v2_Building/pseudolabels'
    ),
    dict(type='Resize', img_scale=(1024, 1024), keep_ratio=False),
    dict(
        type='Normalize',
        mean=[123.675, 116.28, 103.53],
        std=[58.395, 57.12, 57.375],
        to_rgb=True),
    dict(type='DefaultFormatBundle'),
    dict(
        type='Collect',
        keys=['img', 'gt_masks', 'coarse_masks'],
        meta_keys=[
            'filename', 'ori_filename', 'ori_shape', 'img_shape', 'pad_shape',
            'scale_factor', 'flip', 'flip_direction', 'img_norm_cfg',
            'crop_bbox'
        ])
]
data_root = '/home/ubuntu/vy/Denoiser/OpenEarthMap_wo_xBD'
dataset_type = 'OEMBuildingDataset'
data = dict(
    train=dict(
        type='OEMBuildingDataset',
        data_root='/home/ubuntu/vy/Denoiser/OpenEarthMap_wo_xBD',
        split_file='/home/ubuntu/vy/Denoiser/OpenEarthMap_wo_xBD/train.txt',
        pipeline=[
            dict(type='LoadImageFromFile'),
            dict(
                type='LoadAnnotations',
                with_bbox=False,
                with_label=False,
                with_mask=False,
                with_seg=True),
            dict(
                type='LoadOEMCoarseMasks',
                use_obj=True,
                use_bnd=True,
                use_unc=True,
                test_mode=False),
            dict(type='LoadObjectData'),
            dict(type='Resize', img_scale=(256, 256), keep_ratio=False),
            dict(type='RandomFlip', flip_ratio=0.5),
            dict(
                type='Normalize',
                mean=[123.675, 116.28, 103.53],
                std=[58.395, 57.12, 57.375],
                to_rgb=True),
            dict(type='DefaultFormatBundle'),
            dict(
                type='Collect',
                keys=[
                    'object_img', 'object_gt_masks', 'object_coarse_masks',
                    'object_unc_map', 'object_edge_map'
                ])
        ],
        test_mode=False),
    val=dict(
        type='OEMv2BuildingDataset',
        data_root='/home/ubuntu/vy/Denoiser/OEM_v2_Building',
        split_file='/home/ubuntu/vy/Denoiser/OEM_v2_Building/val.txt',
        pipeline=[
            dict(type='LoadImageFromFile'),
            dict(
                type='LoadAnnotations',
                with_bbox=False,
                with_label=False,
                with_mask=False,
                with_seg=True),
            dict(
                type='LoadOEMCoarseMasks',
                test_mode=True,
                pseudolabel_dir=
                '/home/ubuntu/vy/Denoiser/OEM_v2_Building/pseudolabels'),
            dict(type='Resize', img_scale=(1024, 1024), keep_ratio=False),
            dict(
                type='Normalize',
                mean=[123.675, 116.28, 103.53],
                std=[58.395, 57.12, 57.375],
                to_rgb=True),
            dict(type='DefaultFormatBundle'),
            dict(
                type='Collect',
                keys=['img', 'gt_masks', 'coarse_masks'],
                meta_keys=[
                    'filename', 'ori_filename', 'ori_shape', 'img_shape',
                    'pad_shape', 'scale_factor', 'flip', 'flip_direction',
                    'img_norm_cfg', 'crop_bbox'
                ])
        ],
        test_mode=True),
    test=dict(
        type='OEMv2BuildingDataset',
        data_root='/home/ubuntu/vy/Denoiser/OEM_v2_Building',
        split_file='/home/ubuntu/vy/Denoiser/OEM_v2_Building/test.txt',
        pipeline=[
            dict(type='LoadImageFromFile'),
            dict(
                type='LoadAnnotations',
                with_bbox=False,
                with_label=False,
                with_mask=False,
                with_seg=True),
            dict(
                type='LoadOEMCoarseMasks',
                test_mode=True,
                pseudolabel_dir=
                '/home/ubuntu/vy/Denoiser/OEM_v2_Building/pseudolabels'),
            dict(type='Resize', img_scale=(1024, 1024), keep_ratio=False),
            dict(
                type='Normalize',
                mean=[123.675, 116.28, 103.53],
                std=[58.395, 57.12, 57.375],
                to_rgb=True),
            dict(type='DefaultFormatBundle'),
            dict(
                type='Collect',
                keys=['img', 'gt_masks', 'coarse_masks'],
                meta_keys=[
                    'filename', 'ori_filename', 'ori_shape', 'img_shape',
                    'pad_shape', 'scale_factor', 'flip', 'flip_direction',
                    'img_norm_cfg', 'crop_bbox'
                ])
        ],
        test_mode=True),
    train_dataloader=dict(samples_per_gpu=16, workers_per_gpu=4),
    val_dataloader=dict(samples_per_gpu=1, workers_per_gpu=4))
optimizer = dict(
    type='AdamW', lr=0.0001, weight_decay=0, eps=1e-08, betas=(0.9, 0.999))
optimizer_config = dict(grad_clip=None)
max_iters = 120000
runner = dict(type='IterBasedRunner', max_iters=120000)
lr_config = dict(
    policy='step',
    gamma=0.5,
    by_epoch=False,
    step=[85000, 110000],
    warmup='linear',
    warmup_by_epoch=False,
    warmup_ratio=0.001,
    warmup_iters=500)
oem_eval = dict(interval=500, save_best=True)
interval = 1
work_dir = 'work_dirs/exp8_all'
auto_resume = False
gpu_ids = [0]

2026-05-01 11:14:05,852 - mmdet - INFO - Set random seed to 328118456, deterministic: False
Name of parameter - Initialization information

denoise_model.time_embed.weight - torch.Size([6, 512]): 
The value is the same before and after calling `init_weights` of SegRefinerSemantic  

denoise_model.input_blocks.0.0.weight - torch.Size([128, 4, 3, 3]): 
The value is the same before and after calling `init_weights` of SegRefinerSemantic  

denoise_model.input_blocks.0.0.bias - torch.Size([128]): 
The value is the same before and after calling `init_weights` of SegRefinerSemantic  

denoise_model.input_blocks.1.0.in_layers.0.weight - torch.Size([128]): 
The value is the same before and after calling `init_weights` of SegRefinerSemantic  

denoise_model.input_blocks.1.0.in_layers.0.bias - torch.Size([128]): 
The value is the same before and after calling `init_weights` of SegRefinerSemantic  

denoise_model.input_blocks.1.0.in_layers.2.weight - torch.Size([128, 128, 3, 3]): 
The value is the same before and after calling `init_weights` of SegRefinerSemantic  

denoise_model.input_blocks.1.0.in_layers.2.bias - torch.Size([128]): 
The value is the same before and after calling `init_weights` of SegRefinerSemantic  

denoise_model.input_blocks.1.0.emb_layers.1.weight - torch.Size([128, 512]): 
The value is the same before and after calling `init_weights` of SegRefinerSemantic  

denoise_model.input_blocks.1.0.emb_layers.1.bias - torch.Size([128]): 
The value is the same before and after calling `init_weights` of SegRefinerSemantic  

denoise_model.input_blocks.1.0.out_layers.0.weight - torch.Size([128]): 
The value is the same before and after calling `init_weights` of SegRefinerSemantic  

denoise_model.input_blocks.1.0.out_layers.0.bias - torch.Size([128]): 
The value is the same before and after calling `init_weights` of SegRefinerSemantic  

denoise_model.input_blocks.1.0.out_layers.3.weight - torch.Size([128, 128, 3, 3]): 
The value is the same before and after calling `init_weights` of SegRefinerSemantic  

denoise_model.input_blocks.1.0.out_layers.3.bias - torch.Size([128]): 
The value is the same before and after calling `init_weights` of SegRefinerSemantic  

denoise_model.input_blocks.2.0.in_layers.0.weight - torch.Size([128]): 
The value is the same before and after calling `init_weights` of SegRefinerSemantic  

denoise_model.input_blocks.2.0.in_layers.0.bias - torch.Size([128]): 
The value is the same before and after calling `init_weights` of SegRefinerSemantic  

denoise_model.input_blocks.2.0.in_layers.2.weight - torch.Size([128, 128, 3, 3]): 
The value is the same before and after calling `init_weights` of SegRefinerSemantic  

denoise_model.input_blocks.2.0.in_layers.2.bias - torch.Size([128]): 
The value is the same before and after calling `init_weights` of SegRefinerSemantic  

denoise_model.input_blocks.2.0.emb_layers.1.weight - torch.Size([128, 512]): 
The value is the same before and after calling `init_weights` of SegRefinerSemantic  

denoise_model.input_blocks.2.0.emb_layers.1.bias - torch.Size([128]): 
The value is the same before and after calling `init_weights` of SegRefinerSemantic  

denoise_model.input_blocks.2.0.out_layers.0.weight - torch.Size([128]): 
The value is the same before and after calling `init_weights` of SegRefinerSemantic  

denoise_model.input_blocks.2.0.out_layers.0.bias - torch.Size([128]): 
The value is the same before and after calling `init_weights` of SegRefinerSemantic  

denoise_model.input_blocks.2.0.out_layers.3.weight - torch.Size([128, 128, 3, 3]): 
The value is the same before and after calling `init_weights` of SegRefinerSemantic  

denoise_model.input_blocks.2.0.out_layers.3.bias - torch.Size([128]): 
The value is the same before and after calling `init_weights` of SegRefinerSemantic  

denoise_model.input_blocks.3.0.op.weight - torch.Size([128, 128, 3, 3]): 
The value is the same before and after calling `init_weights` of SegRefinerSemantic  

denoise_model.input_blocks.3.0.op.bias - torch.Size([128]): 
The value is the same before and after calling `init_weights` of SegRefinerSemantic  

denoise_model.input_blocks.4.0.in_layers.0.weight - torch.Size([128]): 
The value is the same before and after calling `init_weights` of SegRefinerSemantic  

denoise_model.input_blocks.4.0.in_layers.0.bias - torch.Size([128]): 
The value is the same before and after calling `init_weights` of SegRefinerSemantic  

denoise_model.input_blocks.4.0.in_layers.2.weight - torch.Size([128, 128, 3, 3]): 
The value is the same before and after calling `init_weights` of SegRefinerSemantic  

denoise_model.input_blocks.4.0.in_layers.2.bias - torch.Size([128]): 
The value is the same before and after calling `init_weights` of SegRefinerSemantic  

denoise_model.input_blocks.4.0.emb_layers.1.weight - torch.Size([128, 512]): 
The value is the same before and after calling `init_weights` of SegRefinerSemantic  

denoise_model.input_blocks.4.0.emb_layers.1.bias - torch.Size([128]): 
The value is the same before and after calling `init_weights` of SegRefinerSemantic  

denoise_model.input_blocks.4.0.out_layers.0.weight - torch.Size([128]): 
The value is the same before and after calling `init_weights` of SegRefinerSemantic  

denoise_model.input_blocks.4.0.out_layers.0.bias - torch.Size([128]): 
The value is the same before and after calling `init_weights` of SegRefinerSemantic  

denoise_model.input_blocks.4.0.out_layers.3.weight - torch.Size([128, 128, 3, 3]): 
The value is the same before and after calling `init_weights` of SegRefinerSemantic  

denoise_model.input_blocks.4.0.out_layers.3.bias - torch.Size([128]): 
The value is the same before and after calling `init_weights` of SegRefinerSemantic  

denoise_model.input_blocks.5.0.in_layers.0.weight - torch.Size([128]): 
The value is the same before and after calling `init_weights` of SegRefinerSemantic  

denoise_model.input_blocks.5.0.in_layers.0.bias - torch.Size([128]): 
The value is the same before and after calling `init_weights` of SegRefinerSemantic  

denoise_model.input_blocks.5.0.in_layers.2.weight - torch.Size([128, 128, 3, 3]): 
The value is the same before and after calling `init_weights` of SegRefinerSemantic  

denoise_model.input_blocks.5.0.in_layers.2.bias - torch.Size([128]): 
The value is the same before and after calling `init_weights` of SegRefinerSemantic  

denoise_model.input_blocks.5.0.emb_layers.1.weight - torch.Size([128, 512]): 
The value is the same before and after calling `init_weights` of SegRefinerSemantic  

denoise_model.input_blocks.5.0.emb_layers.1.bias - torch.Size([128]): 
The value is the same before and after calling `init_weights` of SegRefinerSemantic  

denoise_model.input_blocks.5.0.out_layers.0.weight - torch.Size([128]): 
The value is the same before and after calling `init_weights` of SegRefinerSemantic  

denoise_model.input_blocks.5.0.out_layers.0.bias - torch.Size([128]): 
The value is the same before and after calling `init_weights` of SegRefinerSemantic  

denoise_model.input_blocks.5.0.out_layers.3.weight - torch.Size([128, 128, 3, 3]): 
The value is the same before and after calling `init_weights` of SegRefinerSemantic  

denoise_model.input_blocks.5.0.out_layers.3.bias - torch.Size([128]): 
The value is the same before and after calling `init_weights` of SegRefinerSemantic  

denoise_model.input_blocks.6.0.op.weight - torch.Size([128, 128, 3, 3]): 
The value is the same before and after calling `init_weights` of SegRefinerSemantic  

denoise_model.input_blocks.6.0.op.bias - torch.Size([128]): 
The value is the same before and after calling `init_weights` of SegRefinerSemantic  

denoise_model.input_blocks.7.0.in_layers.0.weight - torch.Size([128]): 
The value is the same before and after calling `init_weights` of SegRefinerSemantic  

denoise_model.input_blocks.7.0.in_layers.0.bias - torch.Size([128]): 
The value is the same before and after calling `init_weights` of SegRefinerSemantic  

denoise_model.input_blocks.7.0.in_layers.2.weight - torch.Size([256, 128, 3, 3]): 
The value is the same before and after calling `init_weights` of SegRefinerSemantic  

denoise_model.input_blocks.7.0.in_layers.2.bias - torch.Size([256]): 
The value is the same before and after calling `init_weights` of SegRefinerSemantic  

denoise_model.input_blocks.7.0.emb_layers.1.weight - torch.Size([256, 512]): 
The value is the same before and after calling `init_weights` of SegRefinerSemantic  

denoise_model.input_blocks.7.0.emb_layers.1.bias - torch.Size([256]): 
The value is the same before and after calling `init_weights` of SegRefinerSemantic  

denoise_model.input_blocks.7.0.out_layers.0.weight - torch.Size([256]): 
The value is the same before and after calling `init_weights` of SegRefinerSemantic  

denoise_model.input_blocks.7.0.out_layers.0.bias - torch.Size([256]): 
The value is the same before and after calling `init_weights` of SegRefinerSemantic  

denoise_model.input_blocks.7.0.out_layers.3.weight - torch.Size([256, 256, 3, 3]): 
The value is the same before and after calling `init_weights` of SegRefinerSemantic  

denoise_model.input_blocks.7.0.out_layers.3.bias - torch.Size([256]): 
The value is the same before and after calling `init_weights` of SegRefinerSemantic  

denoise_model.input_blocks.7.0.skip_connection.weight - torch.Size([256, 128, 1, 1]): 
The value is the same before and after calling `init_weights` of SegRefinerSemantic  

denoise_model.input_blocks.7.0.skip_connection.bias - torch.Size([256]): 
The value is the same before and after calling `init_weights` of SegRefinerSemantic  

denoise_model.input_blocks.8.0.in_layers.0.weight - torch.Size([256]): 
The value is the same before and after calling `init_weights` of SegRefinerSemantic  

denoise_model.input_blocks.8.0.in_layers.0.bias - torch.Size([256]): 
The value is the same before and after calling `init_weights` of SegRefinerSemantic  

denoise_model.input_blocks.8.0.in_layers.2.weight - torch.Size([256, 256, 3, 3]): 
The value is the same before and after calling `init_weights` of SegRefinerSemantic  

denoise_model.input_blocks.8.0.in_layers.2.bias - torch.Size([256]): 
The value is the same before and after calling `init_weights` of SegRefinerSemantic  

denoise_model.input_blocks.8.0.emb_layers.1.weight - torch.Size([256, 512]): 
The value is the same before and after calling `init_weights` of SegRefinerSemantic  

denoise_model.input_blocks.8.0.emb_layers.1.bias - torch.Size([256]): 
The value is the same before and after calling `init_weights` of SegRefinerSemantic  

denoise_model.input_blocks.8.0.out_layers.0.weight - torch.Size([256]): 
The value is the same before and after calling `init_weights` of SegRefinerSemantic  

denoise_model.input_blocks.8.0.out_layers.0.bias - torch.Size([256]): 
The value is the same before and after calling `init_weights` of SegRefinerSemantic  

denoise_model.input_blocks.8.0.out_layers.3.weight - torch.Size([256, 256, 3, 3]): 
The value is the same before and after calling `init_weights` of SegRefinerSemantic  

denoise_model.input_blocks.8.0.out_layers.3.bias - torch.Size([256]): 
The value is the same before and after calling `init_weights` of SegRefinerSemantic  

denoise_model.input_blocks.9.0.op.weight - torch.Size([256, 256, 3, 3]): 
The value is the same before and after calling `init_weights` of SegRefinerSemantic  

denoise_model.input_blocks.9.0.op.bias - torch.Size([256]): 
The value is the same before and after calling `init_weights` of SegRefinerSemantic  

denoise_model.input_blocks.10.0.in_layers.0.weight - torch.Size([256]): 
The value is the same before and after calling `init_weights` of SegRefinerSemantic  

denoise_model.input_blocks.10.0.in_layers.0.bias - torch.Size([256]): 
The value is the same before and after calling `init_weights` of SegRefinerSemantic  

denoise_model.input_blocks.10.0.in_layers.2.weight - torch.Size([256, 256, 3, 3]): 
The value is the same before and after calling `init_weights` of SegRefinerSemantic  

denoise_model.input_blocks.10.0.in_layers.2.bias - torch.Size([256]): 
The value is the same before and after calling `init_weights` of SegRefinerSemantic  

denoise_model.input_blocks.10.0.emb_layers.1.weight - torch.Size([256, 512]): 
The value is the same before and after calling `init_weights` of SegRefinerSemantic  

denoise_model.input_blocks.10.0.emb_layers.1.bias - torch.Size([256]): 
The value is the same before and after calling `init_weights` of SegRefinerSemantic  

denoise_model.input_blocks.10.0.out_layers.0.weight - torch.Size([256]): 
The value is the same before and after calling `init_weights` of SegRefinerSemantic  

denoise_model.input_blocks.10.0.out_layers.0.bias - torch.Size([256]): 
The value is the same before and after calling `init_weights` of SegRefinerSemantic  

denoise_model.input_blocks.10.0.out_layers.3.weight - torch.Size([256, 256, 3, 3]): 
The value is the same before and after calling `init_weights` of SegRefinerSemantic  

denoise_model.input_blocks.10.0.out_layers.3.bias - torch.Size([256]): 
The value is the same before and after calling `init_weights` of SegRefinerSemantic  

denoise_model.input_blocks.11.0.in_layers.0.weight - torch.Size([256]): 
The value is the same before and after calling `init_weights` of SegRefinerSemantic  

denoise_model.input_blocks.11.0.in_layers.0.bias - torch.Size([256]): 
The value is the same before and after calling `init_weights` of SegRefinerSemantic  

denoise_model.input_blocks.11.0.in_layers.2.weight - torch.Size([256, 256, 3, 3]): 
The value is the same before and after calling `init_weights` of SegRefinerSemantic  

denoise_model.input_blocks.11.0.in_layers.2.bias - torch.Size([256]): 
The value is the same before and after calling `init_weights` of SegRefinerSemantic  

denoise_model.input_blocks.11.0.emb_layers.1.weight - torch.Size([256, 512]): 
The value is the same before and after calling `init_weights` of SegRefinerSemantic  

denoise_model.input_blocks.11.0.emb_layers.1.bias - torch.Size([256]): 
The value is the same before and after calling `init_weights` of SegRefinerSemantic  

denoise_model.input_blocks.11.0.out_layers.0.weight - torch.Size([256]): 
The value is the same before and after calling `init_weights` of SegRefinerSemantic  

denoise_model.input_blocks.11.0.out_layers.0.bias - torch.Size([256]): 
The value is the same before and after calling `init_weights` of SegRefinerSemantic  

denoise_model.input_blocks.11.0.out_layers.3.weight - torch.Size([256, 256, 3, 3]): 
The value is the same before and after calling `init_weights` of SegRefinerSemantic  

denoise_model.input_blocks.11.0.out_layers.3.bias - torch.Size([256]): 
The value is the same before and after calling `init_weights` of SegRefinerSemantic  

denoise_model.input_blocks.12.0.op.weight - torch.Size([256, 256, 3, 3]): 
The value is the same before and after calling `init_weights` of SegRefinerSemantic  

denoise_model.input_blocks.12.0.op.bias - torch.Size([256]): 
The value is the same before and after calling `init_weights` of SegRefinerSemantic  

denoise_model.input_blocks.13.0.in_layers.0.weight - torch.Size([256]): 
The value is the same before and after calling `init_weights` of SegRefinerSemantic  

denoise_model.input_blocks.13.0.in_layers.0.bias - torch.Size([256]): 
The value is the same before and after calling `init_weights` of SegRefinerSemantic  

denoise_model.input_blocks.13.0.in_layers.2.weight - torch.Size([512, 256, 3, 3]): 
The value is the same before and after calling `init_weights` of SegRefinerSemantic  

denoise_model.input_blocks.13.0.in_layers.2.bias - torch.Size([512]): 
The value is the same before and after calling `init_weights` of SegRefinerSemantic  

denoise_model.input_blocks.13.0.emb_layers.1.weight - torch.Size([512, 512]): 
The value is the same before and after calling `init_weights` of SegRefinerSemantic  

denoise_model.input_blocks.13.0.emb_layers.1.bias - torch.Size([512]): 
The value is the same before and after calling `init_weights` of SegRefinerSemantic  

denoise_model.input_blocks.13.0.out_layers.0.weight - torch.Size([512]): 
The value is the same before and after calling `init_weights` of SegRefinerSemantic  

denoise_model.input_blocks.13.0.out_layers.0.bias - torch.Size([512]): 
The value is the same before and after calling `init_weights` of SegRefinerSemantic  

denoise_model.input_blocks.13.0.out_layers.3.weight - torch.Size([512, 512, 3, 3]): 
The value is the same before and after calling `init_weights` of SegRefinerSemantic  

denoise_model.input_blocks.13.0.out_layers.3.bias - torch.Size([512]): 
The value is the same before and after calling `init_weights` of SegRefinerSemantic  

denoise_model.input_blocks.13.0.skip_connection.weight - torch.Size([512, 256, 1, 1]): 
The value is the same before and after calling `init_weights` of SegRefinerSemantic  

denoise_model.input_blocks.13.0.skip_connection.bias - torch.Size([512]): 
The value is the same before and after calling `init_weights` of SegRefinerSemantic  

denoise_model.input_blocks.13.1.norm.weight - torch.Size([512]): 
The value is the same before and after calling `init_weights` of SegRefinerSemantic  

denoise_model.input_blocks.13.1.norm.bias - torch.Size([512]): 
The value is the same before and after calling `init_weights` of SegRefinerSemantic  

denoise_model.input_blocks.13.1.qkv.weight - torch.Size([1536, 512, 1]): 
The value is the same before and after calling `init_weights` of SegRefinerSemantic  

denoise_model.input_blocks.13.1.qkv.bias - torch.Size([1536]): 
The value is the same before and after calling `init_weights` of SegRefinerSemantic  

denoise_model.input_blocks.13.1.proj_out.weight - torch.Size([512, 512, 1]): 
The value is the same before and after calling `init_weights` of SegRefinerSemantic  

denoise_model.input_blocks.13.1.proj_out.bias - torch.Size([512]): 
The value is the same before and after calling `init_weights` of SegRefinerSemantic  

denoise_model.input_blocks.14.0.in_layers.0.weight - torch.Size([512]): 
The value is the same before and after calling `init_weights` of SegRefinerSemantic  

denoise_model.input_blocks.14.0.in_layers.0.bias - torch.Size([512]): 
The value is the same before and after calling `init_weights` of SegRefinerSemantic  

denoise_model.input_blocks.14.0.in_layers.2.weight - torch.Size([512, 512, 3, 3]): 
The value is the same before and after calling `init_weights` of SegRefinerSemantic  

denoise_model.input_blocks.14.0.in_layers.2.bias - torch.Size([512]): 
The value is the same before and after calling `init_weights` of SegRefinerSemantic  

denoise_model.input_blocks.14.0.emb_layers.1.weight - torch.Size([512, 512]): 
The value is the same before and after calling `init_weights` of SegRefinerSemantic  

denoise_model.input_blocks.14.0.emb_layers.1.bias - torch.Size([512]): 
The value is the same before and after calling `init_weights` of SegRefinerSemantic  

denoise_model.input_blocks.14.0.out_layers.0.weight - torch.Size([512]): 
The value is the same before and after calling `init_weights` of SegRefinerSemantic  

denoise_model.input_blocks.14.0.out_layers.0.bias - torch.Size([512]): 
The value is the same before and after calling `init_weights` of SegRefinerSemantic  

denoise_model.input_blocks.14.0.out_layers.3.weight - torch.Size([512, 512, 3, 3]): 
The value is the same before and after calling `init_weights` of SegRefinerSemantic  

denoise_model.input_blocks.14.0.out_layers.3.bias - torch.Size([512]): 
The value is the same before and after calling `init_weights` of SegRefinerSemantic  

denoise_model.input_blocks.14.1.norm.weight - torch.Size([512]): 
The value is the same before and after calling `init_weights` of SegRefinerSemantic  

denoise_model.input_blocks.14.1.norm.bias - torch.Size([512]): 
The value is the same before and after calling `init_weights` of SegRefinerSemantic  

denoise_model.input_blocks.14.1.qkv.weight - torch.Size([1536, 512, 1]): 
The value is the same before and after calling `init_weights` of SegRefinerSemantic  

denoise_model.input_blocks.14.1.qkv.bias - torch.Size([1536]): 
The value is the same before and after calling `init_weights` of SegRefinerSemantic  

denoise_model.input_blocks.14.1.proj_out.weight - torch.Size([512, 512, 1]): 
The value is the same before and after calling `init_weights` of SegRefinerSemantic  

denoise_model.input_blocks.14.1.proj_out.bias - torch.Size([512]): 
The value is the same before and after calling `init_weights` of SegRefinerSemantic  

denoise_model.input_blocks.15.0.op.weight - torch.Size([512, 512, 3, 3]): 
The value is the same before and after calling `init_weights` of SegRefinerSemantic  

denoise_model.input_blocks.15.0.op.bias - torch.Size([512]): 
The value is the same before and after calling `init_weights` of SegRefinerSemantic  

denoise_model.input_blocks.16.0.in_layers.0.weight - torch.Size([512]): 
The value is the same before and after calling `init_weights` of SegRefinerSemantic  

denoise_model.input_blocks.16.0.in_layers.0.bias - torch.Size([512]): 
The value is the same before and after calling `init_weights` of SegRefinerSemantic  

denoise_model.input_blocks.16.0.in_layers.2.weight - torch.Size([512, 512, 3, 3]): 
The value is the same before and after calling `init_weights` of SegRefinerSemantic  

denoise_model.input_blocks.16.0.in_layers.2.bias - torch.Size([512]): 
The value is the same before and after calling `init_weights` of SegRefinerSemantic  

denoise_model.input_blocks.16.0.emb_layers.1.weight - torch.Size([512, 512]): 
The value is the same before and after calling `init_weights` of SegRefinerSemantic  

denoise_model.input_blocks.16.0.emb_layers.1.bias - torch.Size([512]): 
The value is the same before and after calling `init_weights` of SegRefinerSemantic  

denoise_model.input_blocks.16.0.out_layers.0.weight - torch.Size([512]): 
The value is the same before and after calling `init_weights` of SegRefinerSemantic  

denoise_model.input_blocks.16.0.out_layers.0.bias - torch.Size([512]): 
The value is the same before and after calling `init_weights` of SegRefinerSemantic  

denoise_model.input_blocks.16.0.out_layers.3.weight - torch.Size([512, 512, 3, 3]): 
The value is the same before and after calling `init_weights` of SegRefinerSemantic  

denoise_model.input_blocks.16.0.out_layers.3.bias - torch.Size([512]): 
The value is the same before and after calling `init_weights` of SegRefinerSemantic  

denoise_model.input_blocks.16.1.norm.weight - torch.Size([512]): 
The value is the same before and after calling `init_weights` of SegRefinerSemantic  

denoise_model.input_blocks.16.1.norm.bias - torch.Size([512]): 
The value is the same before and after calling `init_weights` of SegRefinerSemantic  

denoise_model.input_blocks.16.1.qkv.weight - torch.Size([1536, 512, 1]): 
The value is the same before and after calling `init_weights` of SegRefinerSemantic  

denoise_model.input_blocks.16.1.qkv.bias - torch.Size([1536]): 
The value is the same before and after calling `init_weights` of SegRefinerSemantic  

denoise_model.input_blocks.16.1.proj_out.weight - torch.Size([512, 512, 1]): 
The value is the same before and after calling `init_weights` of SegRefinerSemantic  

denoise_model.input_blocks.16.1.proj_out.bias - torch.Size([512]): 
The value is the same before and after calling `init_weights` of SegRefinerSemantic  

denoise_model.input_blocks.17.0.in_layers.0.weight - torch.Size([512]): 
The value is the same before and after calling `init_weights` of SegRefinerSemantic  

denoise_model.input_blocks.17.0.in_layers.0.bias - torch.Size([512]): 
The value is the same before and after calling `init_weights` of SegRefinerSemantic  

denoise_model.input_blocks.17.0.in_layers.2.weight - torch.Size([512, 512, 3, 3]): 
The value is the same before and after calling `init_weights` of SegRefinerSemantic  

denoise_model.input_blocks.17.0.in_layers.2.bias - torch.Size([512]): 
The value is the same before and after calling `init_weights` of SegRefinerSemantic  

denoise_model.input_blocks.17.0.emb_layers.1.weight - torch.Size([512, 512]): 
The value is the same before and after calling `init_weights` of SegRefinerSemantic  

denoise_model.input_blocks.17.0.emb_layers.1.bias - torch.Size([512]): 
The value is the same before and after calling `init_weights` of SegRefinerSemantic  

denoise_model.input_blocks.17.0.out_layers.0.weight - torch.Size([512]): 
The value is the same before and after calling `init_weights` of SegRefinerSemantic  

denoise_model.input_blocks.17.0.out_layers.0.bias - torch.Size([512]): 
The value is the same before and after calling `init_weights` of SegRefinerSemantic  

denoise_model.input_blocks.17.0.out_layers.3.weight - torch.Size([512, 512, 3, 3]): 
The value is the same before and after calling `init_weights` of SegRefinerSemantic  

denoise_model.input_blocks.17.0.out_layers.3.bias - torch.Size([512]): 
The value is the same before and after calling `init_weights` of SegRefinerSemantic  

denoise_model.input_blocks.17.1.norm.weight - torch.Size([512]): 
The value is the same before and after calling `init_weights` of SegRefinerSemantic  

denoise_model.input_blocks.17.1.norm.bias - torch.Size([512]): 
The value is the same before and after calling `init_weights` of SegRefinerSemantic  

denoise_model.input_blocks.17.1.qkv.weight - torch.Size([1536, 512, 1]): 
The value is the same before and after calling `init_weights` of SegRefinerSemantic  

denoise_model.input_blocks.17.1.qkv.bias - torch.Size([1536]): 
The value is the same before and after calling `init_weights` of SegRefinerSemantic  

denoise_model.input_blocks.17.1.proj_out.weight - torch.Size([512, 512, 1]): 
The value is the same before and after calling `init_weights` of SegRefinerSemantic  

denoise_model.input_blocks.17.1.proj_out.bias - torch.Size([512]): 
The value is the same before and after calling `init_weights` of SegRefinerSemantic  

denoise_model.middle_block.0.in_layers.0.weight - torch.Size([512]): 
The value is the same before and after calling `init_weights` of SegRefinerSemantic  

denoise_model.middle_block.0.in_layers.0.bias - torch.Size([512]): 
The value is the same before and after calling `init_weights` of SegRefinerSemantic  

denoise_model.middle_block.0.in_layers.2.weight - torch.Size([512, 512, 3, 3]): 
The value is the same before and after calling `init_weights` of SegRefinerSemantic  

denoise_model.middle_block.0.in_layers.2.bias - torch.Size([512]): 
The value is the same before and after calling `init_weights` of SegRefinerSemantic  

denoise_model.middle_block.0.emb_layers.1.weight - torch.Size([512, 512]): 
The value is the same before and after calling `init_weights` of SegRefinerSemantic  

denoise_model.middle_block.0.emb_layers.1.bias - torch.Size([512]): 
The value is the same before and after calling `init_weights` of SegRefinerSemantic  

denoise_model.middle_block.0.out_layers.0.weight - torch.Size([512]): 
The value is the same before and after calling `init_weights` of SegRefinerSemantic  

denoise_model.middle_block.0.out_layers.0.bias - torch.Size([512]): 
The value is the same before and after calling `init_weights` of SegRefinerSemantic  

denoise_model.middle_block.0.out_layers.3.weight - torch.Size([512, 512, 3, 3]): 
The value is the same before and after calling `init_weights` of SegRefinerSemantic  

denoise_model.middle_block.0.out_layers.3.bias - torch.Size([512]): 
The value is the same before and after calling `init_weights` of SegRefinerSemantic  

denoise_model.middle_block.1.norm.weight - torch.Size([512]): 
The value is the same before and after calling `init_weights` of SegRefinerSemantic  

denoise_model.middle_block.1.norm.bias - torch.Size([512]): 
The value is the same before and after calling `init_weights` of SegRefinerSemantic  

denoise_model.middle_block.1.qkv.weight - torch.Size([1536, 512, 1]): 
The value is the same before and after calling `init_weights` of SegRefinerSemantic  

denoise_model.middle_block.1.qkv.bias - torch.Size([1536]): 
The value is the same before and after calling `init_weights` of SegRefinerSemantic  

denoise_model.middle_block.1.proj_out.weight - torch.Size([512, 512, 1]): 
The value is the same before and after calling `init_weights` of SegRefinerSemantic  

denoise_model.middle_block.1.proj_out.bias - torch.Size([512]): 
The value is the same before and after calling `init_weights` of SegRefinerSemantic  

denoise_model.middle_block.2.in_layers.0.weight - torch.Size([512]): 
The value is the same before and after calling `init_weights` of SegRefinerSemantic  

denoise_model.middle_block.2.in_layers.0.bias - torch.Size([512]): 
The value is the same before and after calling `init_weights` of SegRefinerSemantic  

denoise_model.middle_block.2.in_layers.2.weight - torch.Size([512, 512, 3, 3]): 
The value is the same before and after calling `init_weights` of SegRefinerSemantic  

denoise_model.middle_block.2.in_layers.2.bias - torch.Size([512]): 
The value is the same before and after calling `init_weights` of SegRefinerSemantic  

denoise_model.middle_block.2.emb_layers.1.weight - torch.Size([512, 512]): 
The value is the same before and after calling `init_weights` of SegRefinerSemantic  

denoise_model.middle_block.2.emb_layers.1.bias - torch.Size([512]): 
The value is the same before and after calling `init_weights` of SegRefinerSemantic  

denoise_model.middle_block.2.out_layers.0.weight - torch.Size([512]): 
The value is the same before and after calling `init_weights` of SegRefinerSemantic  

denoise_model.middle_block.2.out_layers.0.bias - torch.Size([512]): 
The value is the same before and after calling `init_weights` of SegRefinerSemantic  

denoise_model.middle_block.2.out_layers.3.weight - torch.Size([512, 512, 3, 3]): 
The value is the same before and after calling `init_weights` of SegRefinerSemantic  

denoise_model.middle_block.2.out_layers.3.bias - torch.Size([512]): 
The value is the same before and after calling `init_weights` of SegRefinerSemantic  

denoise_model.output_blocks.0.0.in_layers.0.weight - torch.Size([1024]): 
The value is the same before and after calling `init_weights` of SegRefinerSemantic  

denoise_model.output_blocks.0.0.in_layers.0.bias - torch.Size([1024]): 
The value is the same before and after calling `init_weights` of SegRefinerSemantic  

denoise_model.output_blocks.0.0.in_layers.2.weight - torch.Size([512, 1024, 3, 3]): 
The value is the same before and after calling `init_weights` of SegRefinerSemantic  

denoise_model.output_blocks.0.0.in_layers.2.bias - torch.Size([512]): 
The value is the same before and after calling `init_weights` of SegRefinerSemantic  

denoise_model.output_blocks.0.0.emb_layers.1.weight - torch.Size([512, 512]): 
The value is the same before and after calling `init_weights` of SegRefinerSemantic  

denoise_model.output_blocks.0.0.emb_layers.1.bias - torch.Size([512]): 
The value is the same before and after calling `init_weights` of SegRefinerSemantic  

denoise_model.output_blocks.0.0.out_layers.0.weight - torch.Size([512]): 
The value is the same before and after calling `init_weights` of SegRefinerSemantic  

denoise_model.output_blocks.0.0.out_layers.0.bias - torch.Size([512]): 
The value is the same before and after calling `init_weights` of SegRefinerSemantic  

denoise_model.output_blocks.0.0.out_layers.3.weight - torch.Size([512, 512, 3, 3]): 
The value is the same before and after calling `init_weights` of SegRefinerSemantic  

denoise_model.output_blocks.0.0.out_layers.3.bias - torch.Size([512]): 
The value is the same before and after calling `init_weights` of SegRefinerSemantic  

denoise_model.output_blocks.0.0.skip_connection.weight - torch.Size([512, 1024, 1, 1]): 
The value is the same before and after calling `init_weights` of SegRefinerSemantic  

denoise_model.output_blocks.0.0.skip_connection.bias - torch.Size([512]): 
The value is the same before and after calling `init_weights` of SegRefinerSemantic  

denoise_model.output_blocks.0.1.norm.weight - torch.Size([512]): 
The value is the same before and after calling `init_weights` of SegRefinerSemantic  

denoise_model.output_blocks.0.1.norm.bias - torch.Size([512]): 
The value is the same before and after calling `init_weights` of SegRefinerSemantic  

denoise_model.output_blocks.0.1.qkv.weight - torch.Size([1536, 512, 1]): 
The value is the same before and after calling `init_weights` of SegRefinerSemantic  

denoise_model.output_blocks.0.1.qkv.bias - torch.Size([1536]): 
The value is the same before and after calling `init_weights` of SegRefinerSemantic  

denoise_model.output_blocks.0.1.proj_out.weight - torch.Size([512, 512, 1]): 
The value is the same before and after calling `init_weights` of SegRefinerSemantic  

denoise_model.output_blocks.0.1.proj_out.bias - torch.Size([512]): 
The value is the same before and after calling `init_weights` of SegRefinerSemantic  

denoise_model.output_blocks.1.0.in_layers.0.weight - torch.Size([1024]): 
The value is the same before and after calling `init_weights` of SegRefinerSemantic  

denoise_model.output_blocks.1.0.in_layers.0.bias - torch.Size([1024]): 
The value is the same before and after calling `init_weights` of SegRefinerSemantic  

denoise_model.output_blocks.1.0.in_layers.2.weight - torch.Size([512, 1024, 3, 3]): 
The value is the same before and after calling `init_weights` of SegRefinerSemantic  

denoise_model.output_blocks.1.0.in_layers.2.bias - torch.Size([512]): 
The value is the same before and after calling `init_weights` of SegRefinerSemantic  

denoise_model.output_blocks.1.0.emb_layers.1.weight - torch.Size([512, 512]): 
The value is the same before and after calling `init_weights` of SegRefinerSemantic  

denoise_model.output_blocks.1.0.emb_layers.1.bias - torch.Size([512]): 
The value is the same before and after calling `init_weights` of SegRefinerSemantic  

denoise_model.output_blocks.1.0.out_layers.0.weight - torch.Size([512]): 
The value is the same before and after calling `init_weights` of SegRefinerSemantic  

denoise_model.output_blocks.1.0.out_layers.0.bias - torch.Size([512]): 
The value is the same before and after calling `init_weights` of SegRefinerSemantic  

denoise_model.output_blocks.1.0.out_layers.3.weight - torch.Size([512, 512, 3, 3]): 
The value is the same before and after calling `init_weights` of SegRefinerSemantic  

denoise_model.output_blocks.1.0.out_layers.3.bias - torch.Size([512]): 
The value is the same before and after calling `init_weights` of SegRefinerSemantic  

denoise_model.output_blocks.1.0.skip_connection.weight - torch.Size([512, 1024, 1, 1]): 
The value is the same before and after calling `init_weights` of SegRefinerSemantic  

denoise_model.output_blocks.1.0.skip_connection.bias - torch.Size([512]): 
The value is the same before and after calling `init_weights` of SegRefinerSemantic  

denoise_model.output_blocks.1.1.norm.weight - torch.Size([512]): 
The value is the same before and after calling `init_weights` of SegRefinerSemantic  

denoise_model.output_blocks.1.1.norm.bias - torch.Size([512]): 
The value is the same before and after calling `init_weights` of SegRefinerSemantic  

denoise_model.output_blocks.1.1.qkv.weight - torch.Size([1536, 512, 1]): 
The value is the same before and after calling `init_weights` of SegRefinerSemantic  

denoise_model.output_blocks.1.1.qkv.bias - torch.Size([1536]): 
The value is the same before and after calling `init_weights` of SegRefinerSemantic  

denoise_model.output_blocks.1.1.proj_out.weight - torch.Size([512, 512, 1]): 
The value is the same before and after calling `init_weights` of SegRefinerSemantic  

denoise_model.output_blocks.1.1.proj_out.bias - torch.Size([512]): 
The value is the same before and after calling `init_weights` of SegRefinerSemantic  

denoise_model.output_blocks.2.0.in_layers.0.weight - torch.Size([1024]): 
The value is the same before and after calling `init_weights` of SegRefinerSemantic  

denoise_model.output_blocks.2.0.in_layers.0.bias - torch.Size([1024]): 
The value is the same before and after calling `init_weights` of SegRefinerSemantic  

denoise_model.output_blocks.2.0.in_layers.2.weight - torch.Size([512, 1024, 3, 3]): 
The value is the same before and after calling `init_weights` of SegRefinerSemantic  

denoise_model.output_blocks.2.0.in_layers.2.bias - torch.Size([512]): 
The value is the same before and after calling `init_weights` of SegRefinerSemantic  

denoise_model.output_blocks.2.0.emb_layers.1.weight - torch.Size([512, 512]): 
The value is the same before and after calling `init_weights` of SegRefinerSemantic  

denoise_model.output_blocks.2.0.emb_layers.1.bias - torch.Size([512]): 
The value is the same before and after calling `init_weights` of SegRefinerSemantic  

denoise_model.output_blocks.2.0.out_layers.0.weight - torch.Size([512]): 
The value is the same before and after calling `init_weights` of SegRefinerSemantic  

denoise_model.output_blocks.2.0.out_layers.0.bias - torch.Size([512]): 
The value is the same before and after calling `init_weights` of SegRefinerSemantic  

denoise_model.output_blocks.2.0.out_layers.3.weight - torch.Size([512, 512, 3, 3]): 
The value is the same before and after calling `init_weights` of SegRefinerSemantic  

denoise_model.output_blocks.2.0.out_layers.3.bias - torch.Size([512]): 
The value is the same before and after calling `init_weights` of SegRefinerSemantic  

denoise_model.output_blocks.2.0.skip_connection.weight - torch.Size([512, 1024, 1, 1]): 
The value is the same before and after calling `init_weights` of SegRefinerSemantic  

denoise_model.output_blocks.2.0.skip_connection.bias - torch.Size([512]): 
The value is the same before and after calling `init_weights` of SegRefinerSemantic  

denoise_model.output_blocks.2.1.norm.weight - torch.Size([512]): 
The value is the same before and after calling `init_weights` of SegRefinerSemantic  

denoise_model.output_blocks.2.1.norm.bias - torch.Size([512]): 
The value is the same before and after calling `init_weights` of SegRefinerSemantic  

denoise_model.output_blocks.2.1.qkv.weight - torch.Size([1536, 512, 1]): 
The value is the same before and after calling `init_weights` of SegRefinerSemantic  

denoise_model.output_blocks.2.1.qkv.bias - torch.Size([1536]): 
The value is the same before and after calling `init_weights` of SegRefinerSemantic  

denoise_model.output_blocks.2.1.proj_out.weight - torch.Size([512, 512, 1]): 
The value is the same before and after calling `init_weights` of SegRefinerSemantic  

denoise_model.output_blocks.2.1.proj_out.bias - torch.Size([512]): 
The value is the same before and after calling `init_weights` of SegRefinerSemantic  

denoise_model.output_blocks.2.2.conv.weight - torch.Size([512, 512, 3, 3]): 
The value is the same before and after calling `init_weights` of SegRefinerSemantic  

denoise_model.output_blocks.2.2.conv.bias - torch.Size([512]): 
The value is the same before and after calling `init_weights` of SegRefinerSemantic  

denoise_model.output_blocks.3.0.in_layers.0.weight - torch.Size([1024]): 
The value is the same before and after calling `init_weights` of SegRefinerSemantic  

denoise_model.output_blocks.3.0.in_layers.0.bias - torch.Size([1024]): 
The value is the same before and after calling `init_weights` of SegRefinerSemantic  

denoise_model.output_blocks.3.0.in_layers.2.weight - torch.Size([512, 1024, 3, 3]): 
The value is the same before and after calling `init_weights` of SegRefinerSemantic  

denoise_model.output_blocks.3.0.in_layers.2.bias - torch.Size([512]): 
The value is the same before and after calling `init_weights` of SegRefinerSemantic  

denoise_model.output_blocks.3.0.emb_layers.1.weight - torch.Size([512, 512]): 
The value is the same before and after calling `init_weights` of SegRefinerSemantic  

denoise_model.output_blocks.3.0.emb_layers.1.bias - torch.Size([512]): 
The value is the same before and after calling `init_weights` of SegRefinerSemantic  

denoise_model.output_blocks.3.0.out_layers.0.weight - torch.Size([512]): 
The value is the same before and after calling `init_weights` of SegRefinerSemantic  

denoise_model.output_blocks.3.0.out_layers.0.bias - torch.Size([512]): 
The value is the same before and after calling `init_weights` of SegRefinerSemantic  

denoise_model.output_blocks.3.0.out_layers.3.weight - torch.Size([512, 512, 3, 3]): 
The value is the same before and after calling `init_weights` of SegRefinerSemantic  

denoise_model.output_blocks.3.0.out_layers.3.bias - torch.Size([512]): 
The value is the same before and after calling `init_weights` of SegRefinerSemantic  

denoise_model.output_blocks.3.0.skip_connection.weight - torch.Size([512, 1024, 1, 1]): 
The value is the same before and after calling `init_weights` of SegRefinerSemantic  

denoise_model.output_blocks.3.0.skip_connection.bias - torch.Size([512]): 
The value is the same before and after calling `init_weights` of SegRefinerSemantic  

denoise_model.output_blocks.3.1.norm.weight - torch.Size([512]): 
The value is the same before and after calling `init_weights` of SegRefinerSemantic  

denoise_model.output_blocks.3.1.norm.bias - torch.Size([512]): 
The value is the same before and after calling `init_weights` of SegRefinerSemantic  

denoise_model.output_blocks.3.1.qkv.weight - torch.Size([1536, 512, 1]): 
The value is the same before and after calling `init_weights` of SegRefinerSemantic  

denoise_model.output_blocks.3.1.qkv.bias - torch.Size([1536]): 
The value is the same before and after calling `init_weights` of SegRefinerSemantic  

denoise_model.output_blocks.3.1.proj_out.weight - torch.Size([512, 512, 1]): 
The value is the same before and after calling `init_weights` of SegRefinerSemantic  

denoise_model.output_blocks.3.1.proj_out.bias - torch.Size([512]): 
The value is the same before and after calling `init_weights` of SegRefinerSemantic  

denoise_model.output_blocks.4.0.in_layers.0.weight - torch.Size([1024]): 
The value is the same before and after calling `init_weights` of SegRefinerSemantic  

denoise_model.output_blocks.4.0.in_layers.0.bias - torch.Size([1024]): 
The value is the same before and after calling `init_weights` of SegRefinerSemantic  

denoise_model.output_blocks.4.0.in_layers.2.weight - torch.Size([512, 1024, 3, 3]): 
The value is the same before and after calling `init_weights` of SegRefinerSemantic  

denoise_model.output_blocks.4.0.in_layers.2.bias - torch.Size([512]): 
The value is the same before and after calling `init_weights` of SegRefinerSemantic  

denoise_model.output_blocks.4.0.emb_layers.1.weight - torch.Size([512, 512]): 
The value is the same before and after calling `init_weights` of SegRefinerSemantic  

denoise_model.output_blocks.4.0.emb_layers.1.bias - torch.Size([512]): 
The value is the same before and after calling `init_weights` of SegRefinerSemantic  

denoise_model.output_blocks.4.0.out_layers.0.weight - torch.Size([512]): 
The value is the same before and after calling `init_weights` of SegRefinerSemantic  

denoise_model.output_blocks.4.0.out_layers.0.bias - torch.Size([512]): 
The value is the same before and after calling `init_weights` of SegRefinerSemantic  

denoise_model.output_blocks.4.0.out_layers.3.weight - torch.Size([512, 512, 3, 3]): 
The value is the same before and after calling `init_weights` of SegRefinerSemantic  

denoise_model.output_blocks.4.0.out_layers.3.bias - torch.Size([512]): 
The value is the same before and after calling `init_weights` of SegRefinerSemantic  

denoise_model.output_blocks.4.0.skip_connection.weight - torch.Size([512, 1024, 1, 1]): 
The value is the same before and after calling `init_weights` of SegRefinerSemantic  

denoise_model.output_blocks.4.0.skip_connection.bias - torch.Size([512]): 
The value is the same before and after calling `init_weights` of SegRefinerSemantic  

denoise_model.output_blocks.4.1.norm.weight - torch.Size([512]): 
The value is the same before and after calling `init_weights` of SegRefinerSemantic  

denoise_model.output_blocks.4.1.norm.bias - torch.Size([512]): 
The value is the same before and after calling `init_weights` of SegRefinerSemantic  

denoise_model.output_blocks.4.1.qkv.weight - torch.Size([1536, 512, 1]): 
The value is the same before and after calling `init_weights` of SegRefinerSemantic  

denoise_model.output_blocks.4.1.qkv.bias - torch.Size([1536]): 
The value is the same before and after calling `init_weights` of SegRefinerSemantic  

denoise_model.output_blocks.4.1.proj_out.weight - torch.Size([512, 512, 1]): 
The value is the same before and after calling `init_weights` of SegRefinerSemantic  

denoise_model.output_blocks.4.1.proj_out.bias - torch.Size([512]): 
The value is the same before and after calling `init_weights` of SegRefinerSemantic  

denoise_model.output_blocks.5.0.in_layers.0.weight - torch.Size([768]): 
The value is the same before and after calling `init_weights` of SegRefinerSemantic  

denoise_model.output_blocks.5.0.in_layers.0.bias - torch.Size([768]): 
The value is the same before and after calling `init_weights` of SegRefinerSemantic  

denoise_model.output_blocks.5.0.in_layers.2.weight - torch.Size([512, 768, 3, 3]): 
The value is the same before and after calling `init_weights` of SegRefinerSemantic  

denoise_model.output_blocks.5.0.in_layers.2.bias - torch.Size([512]): 
The value is the same before and after calling `init_weights` of SegRefinerSemantic  

denoise_model.output_blocks.5.0.emb_layers.1.weight - torch.Size([512, 512]): 
The value is the same before and after calling `init_weights` of SegRefinerSemantic  

denoise_model.output_blocks.5.0.emb_layers.1.bias - torch.Size([512]): 
The value is the same before and after calling `init_weights` of SegRefinerSemantic  

denoise_model.output_blocks.5.0.out_layers.0.weight - torch.Size([512]): 
The value is the same before and after calling `init_weights` of SegRefinerSemantic  

denoise_model.output_blocks.5.0.out_layers.0.bias - torch.Size([512]): 
The value is the same before and after calling `init_weights` of SegRefinerSemantic  

denoise_model.output_blocks.5.0.out_layers.3.weight - torch.Size([512, 512, 3, 3]): 
The value is the same before and after calling `init_weights` of SegRefinerSemantic  

denoise_model.output_blocks.5.0.out_layers.3.bias - torch.Size([512]): 
The value is the same before and after calling `init_weights` of SegRefinerSemantic  

denoise_model.output_blocks.5.0.skip_connection.weight - torch.Size([512, 768, 1, 1]): 
The value is the same before and after calling `init_weights` of SegRefinerSemantic  

denoise_model.output_blocks.5.0.skip_connection.bias - torch.Size([512]): 
The value is the same before and after calling `init_weights` of SegRefinerSemantic  

denoise_model.output_blocks.5.1.norm.weight - torch.Size([512]): 
The value is the same before and after calling `init_weights` of SegRefinerSemantic  

denoise_model.output_blocks.5.1.norm.bias - torch.Size([512]): 
The value is the same before and after calling `init_weights` of SegRefinerSemantic  

denoise_model.output_blocks.5.1.qkv.weight - torch.Size([1536, 512, 1]): 
The value is the same before and after calling `init_weights` of SegRefinerSemantic  

denoise_model.output_blocks.5.1.qkv.bias - torch.Size([1536]): 
The value is the same before and after calling `init_weights` of SegRefinerSemantic  

denoise_model.output_blocks.5.1.proj_out.weight - torch.Size([512, 512, 1]): 
The value is the same before and after calling `init_weights` of SegRefinerSemantic  

denoise_model.output_blocks.5.1.proj_out.bias - torch.Size([512]): 
The value is the same before and after calling `init_weights` of SegRefinerSemantic  

denoise_model.output_blocks.5.2.conv.weight - torch.Size([512, 512, 3, 3]): 
The value is the same before and after calling `init_weights` of SegRefinerSemantic  

denoise_model.output_blocks.5.2.conv.bias - torch.Size([512]): 
The value is the same before and after calling `init_weights` of SegRefinerSemantic  

denoise_model.output_blocks.6.0.in_layers.0.weight - torch.Size([768]): 
The value is the same before and after calling `init_weights` of SegRefinerSemantic  

denoise_model.output_blocks.6.0.in_layers.0.bias - torch.Size([768]): 
The value is the same before and after calling `init_weights` of SegRefinerSemantic  

denoise_model.output_blocks.6.0.in_layers.2.weight - torch.Size([256, 768, 3, 3]): 
The value is the same before and after calling `init_weights` of SegRefinerSemantic  

denoise_model.output_blocks.6.0.in_layers.2.bias - torch.Size([256]): 
The value is the same before and after calling `init_weights` of SegRefinerSemantic  

denoise_model.output_blocks.6.0.emb_layers.1.weight - torch.Size([256, 512]): 
The value is the same before and after calling `init_weights` of SegRefinerSemantic  

denoise_model.output_blocks.6.0.emb_layers.1.bias - torch.Size([256]): 
The value is the same before and after calling `init_weights` of SegRefinerSemantic  

denoise_model.output_blocks.6.0.out_layers.0.weight - torch.Size([256]): 
The value is the same before and after calling `init_weights` of SegRefinerSemantic  

denoise_model.output_blocks.6.0.out_layers.0.bias - torch.Size([256]): 
The value is the same before and after calling `init_weights` of SegRefinerSemantic  

denoise_model.output_blocks.6.0.out_layers.3.weight - torch.Size([256, 256, 3, 3]): 
The value is the same before and after calling `init_weights` of SegRefinerSemantic  

denoise_model.output_blocks.6.0.out_layers.3.bias - torch.Size([256]): 
The value is the same before and after calling `init_weights` of SegRefinerSemantic  

denoise_model.output_blocks.6.0.skip_connection.weight - torch.Size([256, 768, 1, 1]): 
The value is the same before and after calling `init_weights` of SegRefinerSemantic  

denoise_model.output_blocks.6.0.skip_connection.bias - torch.Size([256]): 
The value is the same before and after calling `init_weights` of SegRefinerSemantic  

denoise_model.output_blocks.7.0.in_layers.0.weight - torch.Size([512]): 
The value is the same before and after calling `init_weights` of SegRefinerSemantic  

denoise_model.output_blocks.7.0.in_layers.0.bias - torch.Size([512]): 
The value is the same before and after calling `init_weights` of SegRefinerSemantic  

denoise_model.output_blocks.7.0.in_layers.2.weight - torch.Size([256, 512, 3, 3]): 
The value is the same before and after calling `init_weights` of SegRefinerSemantic  

denoise_model.output_blocks.7.0.in_layers.2.bias - torch.Size([256]): 
The value is the same before and after calling `init_weights` of SegRefinerSemantic  

denoise_model.output_blocks.7.0.emb_layers.1.weight - torch.Size([256, 512]): 
The value is the same before and after calling `init_weights` of SegRefinerSemantic  

denoise_model.output_blocks.7.0.emb_layers.1.bias - torch.Size([256]): 
The value is the same before and after calling `init_weights` of SegRefinerSemantic  

denoise_model.output_blocks.7.0.out_layers.0.weight - torch.Size([256]): 
The value is the same before and after calling `init_weights` of SegRefinerSemantic  

denoise_model.output_blocks.7.0.out_layers.0.bias - torch.Size([256]): 
The value is the same before and after calling `init_weights` of SegRefinerSemantic  

denoise_model.output_blocks.7.0.out_layers.3.weight - torch.Size([256, 256, 3, 3]): 
The value is the same before and after calling `init_weights` of SegRefinerSemantic  

denoise_model.output_blocks.7.0.out_layers.3.bias - torch.Size([256]): 
The value is the same before and after calling `init_weights` of SegRefinerSemantic  

denoise_model.output_blocks.7.0.skip_connection.weight - torch.Size([256, 512, 1, 1]): 
The value is the same before and after calling `init_weights` of SegRefinerSemantic  

denoise_model.output_blocks.7.0.skip_connection.bias - torch.Size([256]): 
The value is the same before and after calling `init_weights` of SegRefinerSemantic  

denoise_model.output_blocks.8.0.in_layers.0.weight - torch.Size([512]): 
The value is the same before and after calling `init_weights` of SegRefinerSemantic  

denoise_model.output_blocks.8.0.in_layers.0.bias - torch.Size([512]): 
The value is the same before and after calling `init_weights` of SegRefinerSemantic  

denoise_model.output_blocks.8.0.in_layers.2.weight - torch.Size([256, 512, 3, 3]): 
The value is the same before and after calling `init_weights` of SegRefinerSemantic  

denoise_model.output_blocks.8.0.in_layers.2.bias - torch.Size([256]): 
The value is the same before and after calling `init_weights` of SegRefinerSemantic  

denoise_model.output_blocks.8.0.emb_layers.1.weight - torch.Size([256, 512]): 
The value is the same before and after calling `init_weights` of SegRefinerSemantic  

denoise_model.output_blocks.8.0.emb_layers.1.bias - torch.Size([256]): 
The value is the same before and after calling `init_weights` of SegRefinerSemantic  

denoise_model.output_blocks.8.0.out_layers.0.weight - torch.Size([256]): 
The value is the same before and after calling `init_weights` of SegRefinerSemantic  

denoise_model.output_blocks.8.0.out_layers.0.bias - torch.Size([256]): 
The value is the same before and after calling `init_weights` of SegRefinerSemantic  

denoise_model.output_blocks.8.0.out_layers.3.weight - torch.Size([256, 256, 3, 3]): 
The value is the same before and after calling `init_weights` of SegRefinerSemantic  

denoise_model.output_blocks.8.0.out_layers.3.bias - torch.Size([256]): 
The value is the same before and after calling `init_weights` of SegRefinerSemantic  

denoise_model.output_blocks.8.0.skip_connection.weight - torch.Size([256, 512, 1, 1]): 
The value is the same before and after calling `init_weights` of SegRefinerSemantic  

denoise_model.output_blocks.8.0.skip_connection.bias - torch.Size([256]): 
The value is the same before and after calling `init_weights` of SegRefinerSemantic  

denoise_model.output_blocks.8.1.conv.weight - torch.Size([256, 256, 3, 3]): 
The value is the same before and after calling `init_weights` of SegRefinerSemantic  

denoise_model.output_blocks.8.1.conv.bias - torch.Size([256]): 
The value is the same before and after calling `init_weights` of SegRefinerSemantic  

denoise_model.output_blocks.9.0.in_layers.0.weight - torch.Size([512]): 
The value is the same before and after calling `init_weights` of SegRefinerSemantic  

denoise_model.output_blocks.9.0.in_layers.0.bias - torch.Size([512]): 
The value is the same before and after calling `init_weights` of SegRefinerSemantic  

denoise_model.output_blocks.9.0.in_layers.2.weight - torch.Size([256, 512, 3, 3]): 
The value is the same before and after calling `init_weights` of SegRefinerSemantic  

denoise_model.output_blocks.9.0.in_layers.2.bias - torch.Size([256]): 
The value is the same before and after calling `init_weights` of SegRefinerSemantic  

denoise_model.output_blocks.9.0.emb_layers.1.weight - torch.Size([256, 512]): 
The value is the same before and after calling `init_weights` of SegRefinerSemantic  

denoise_model.output_blocks.9.0.emb_layers.1.bias - torch.Size([256]): 
The value is the same before and after calling `init_weights` of SegRefinerSemantic  

denoise_model.output_blocks.9.0.out_layers.0.weight - torch.Size([256]): 
The value is the same before and after calling `init_weights` of SegRefinerSemantic  

denoise_model.output_blocks.9.0.out_layers.0.bias - torch.Size([256]): 
The value is the same before and after calling `init_weights` of SegRefinerSemantic  

denoise_model.output_blocks.9.0.out_layers.3.weight - torch.Size([256, 256, 3, 3]): 
The value is the same before and after calling `init_weights` of SegRefinerSemantic  

denoise_model.output_blocks.9.0.out_layers.3.bias - torch.Size([256]): 
The value is the same before and after calling `init_weights` of SegRefinerSemantic  

denoise_model.output_blocks.9.0.skip_connection.weight - torch.Size([256, 512, 1, 1]): 
The value is the same before and after calling `init_weights` of SegRefinerSemantic  

denoise_model.output_blocks.9.0.skip_connection.bias - torch.Size([256]): 
The value is the same before and after calling `init_weights` of SegRefinerSemantic  

denoise_model.output_blocks.10.0.in_layers.0.weight - torch.Size([512]): 
The value is the same before and after calling `init_weights` of SegRefinerSemantic  

denoise_model.output_blocks.10.0.in_layers.0.bias - torch.Size([512]): 
The value is the same before and after calling `init_weights` of SegRefinerSemantic  

denoise_model.output_blocks.10.0.in_layers.2.weight - torch.Size([256, 512, 3, 3]): 
The value is the same before and after calling `init_weights` of SegRefinerSemantic  

denoise_model.output_blocks.10.0.in_layers.2.bias - torch.Size([256]): 
The value is the same before and after calling `init_weights` of SegRefinerSemantic  

denoise_model.output_blocks.10.0.emb_layers.1.weight - torch.Size([256, 512]): 
The value is the same before and after calling `init_weights` of SegRefinerSemantic  

denoise_model.output_blocks.10.0.emb_layers.1.bias - torch.Size([256]): 
The value is the same before and after calling `init_weights` of SegRefinerSemantic  

denoise_model.output_blocks.10.0.out_layers.0.weight - torch.Size([256]): 
The value is the same before and after calling `init_weights` of SegRefinerSemantic  

denoise_model.output_blocks.10.0.out_layers.0.bias - torch.Size([256]): 
The value is the same before and after calling `init_weights` of SegRefinerSemantic  

denoise_model.output_blocks.10.0.out_layers.3.weight - torch.Size([256, 256, 3, 3]): 
The value is the same before and after calling `init_weights` of SegRefinerSemantic  

denoise_model.output_blocks.10.0.out_layers.3.bias - torch.Size([256]): 
The value is the same before and after calling `init_weights` of SegRefinerSemantic  

denoise_model.output_blocks.10.0.skip_connection.weight - torch.Size([256, 512, 1, 1]): 
The value is the same before and after calling `init_weights` of SegRefinerSemantic  

denoise_model.output_blocks.10.0.skip_connection.bias - torch.Size([256]): 
The value is the same before and after calling `init_weights` of SegRefinerSemantic  

denoise_model.output_blocks.11.0.in_layers.0.weight - torch.Size([384]): 
The value is the same before and after calling `init_weights` of SegRefinerSemantic  

denoise_model.output_blocks.11.0.in_layers.0.bias - torch.Size([384]): 
The value is the same before and after calling `init_weights` of SegRefinerSemantic  

denoise_model.output_blocks.11.0.in_layers.2.weight - torch.Size([256, 384, 3, 3]): 
The value is the same before and after calling `init_weights` of SegRefinerSemantic  

denoise_model.output_blocks.11.0.in_layers.2.bias - torch.Size([256]): 
The value is the same before and after calling `init_weights` of SegRefinerSemantic  

denoise_model.output_blocks.11.0.emb_layers.1.weight - torch.Size([256, 512]): 
The value is the same before and after calling `init_weights` of SegRefinerSemantic  

denoise_model.output_blocks.11.0.emb_layers.1.bias - torch.Size([256]): 
The value is the same before and after calling `init_weights` of SegRefinerSemantic  

denoise_model.output_blocks.11.0.out_layers.0.weight - torch.Size([256]): 
The value is the same before and after calling `init_weights` of SegRefinerSemantic  

denoise_model.output_blocks.11.0.out_layers.0.bias - torch.Size([256]): 
The value is the same before and after calling `init_weights` of SegRefinerSemantic  

denoise_model.output_blocks.11.0.out_layers.3.weight - torch.Size([256, 256, 3, 3]): 
The value is the same before and after calling `init_weights` of SegRefinerSemantic  

denoise_model.output_blocks.11.0.out_layers.3.bias - torch.Size([256]): 
The value is the same before and after calling `init_weights` of SegRefinerSemantic  

denoise_model.output_blocks.11.0.skip_connection.weight - torch.Size([256, 384, 1, 1]): 
The value is the same before and after calling `init_weights` of SegRefinerSemantic  

denoise_model.output_blocks.11.0.skip_connection.bias - torch.Size([256]): 
The value is the same before and after calling `init_weights` of SegRefinerSemantic  

denoise_model.output_blocks.11.1.conv.weight - torch.Size([256, 256, 3, 3]): 
The value is the same before and after calling `init_weights` of SegRefinerSemantic  

denoise_model.output_blocks.11.1.conv.bias - torch.Size([256]): 
The value is the same before and after calling `init_weights` of SegRefinerSemantic  

denoise_model.output_blocks.12.0.in_layers.0.weight - torch.Size([384]): 
The value is the same before and after calling `init_weights` of SegRefinerSemantic  

denoise_model.output_blocks.12.0.in_layers.0.bias - torch.Size([384]): 
The value is the same before and after calling `init_weights` of SegRefinerSemantic  

denoise_model.output_blocks.12.0.in_layers.2.weight - torch.Size([128, 384, 3, 3]): 
The value is the same before and after calling `init_weights` of SegRefinerSemantic  

denoise_model.output_blocks.12.0.in_layers.2.bias - torch.Size([128]): 
The value is the same before and after calling `init_weights` of SegRefinerSemantic  

denoise_model.output_blocks.12.0.emb_layers.1.weight - torch.Size([128, 512]): 
The value is the same before and after calling `init_weights` of SegRefinerSemantic  

denoise_model.output_blocks.12.0.emb_layers.1.bias - torch.Size([128]): 
The value is the same before and after calling `init_weights` of SegRefinerSemantic  

denoise_model.output_blocks.12.0.out_layers.0.weight - torch.Size([128]): 
The value is the same before and after calling `init_weights` of SegRefinerSemantic  

denoise_model.output_blocks.12.0.out_layers.0.bias - torch.Size([128]): 
The value is the same before and after calling `init_weights` of SegRefinerSemantic  

denoise_model.output_blocks.12.0.out_layers.3.weight - torch.Size([128, 128, 3, 3]): 
The value is the same before and after calling `init_weights` of SegRefinerSemantic  

denoise_model.output_blocks.12.0.out_layers.3.bias - torch.Size([128]): 
The value is the same before and after calling `init_weights` of SegRefinerSemantic  

denoise_model.output_blocks.12.0.skip_connection.weight - torch.Size([128, 384, 1, 1]): 
The value is the same before and after calling `init_weights` of SegRefinerSemantic  

denoise_model.output_blocks.12.0.skip_connection.bias - torch.Size([128]): 
The value is the same before and after calling `init_weights` of SegRefinerSemantic  

denoise_model.output_blocks.13.0.in_layers.0.weight - torch.Size([256]): 
The value is the same before and after calling `init_weights` of SegRefinerSemantic  

denoise_model.output_blocks.13.0.in_layers.0.bias - torch.Size([256]): 
The value is the same before and after calling `init_weights` of SegRefinerSemantic  

denoise_model.output_blocks.13.0.in_layers.2.weight - torch.Size([128, 256, 3, 3]): 
The value is the same before and after calling `init_weights` of SegRefinerSemantic  

denoise_model.output_blocks.13.0.in_layers.2.bias - torch.Size([128]): 
The value is the same before and after calling `init_weights` of SegRefinerSemantic  

denoise_model.output_blocks.13.0.emb_layers.1.weight - torch.Size([128, 512]): 
The value is the same before and after calling `init_weights` of SegRefinerSemantic  

denoise_model.output_blocks.13.0.emb_layers.1.bias - torch.Size([128]): 
The value is the same before and after calling `init_weights` of SegRefinerSemantic  

denoise_model.output_blocks.13.0.out_layers.0.weight - torch.Size([128]): 
The value is the same before and after calling `init_weights` of SegRefinerSemantic  

denoise_model.output_blocks.13.0.out_layers.0.bias - torch.Size([128]): 
The value is the same before and after calling `init_weights` of SegRefinerSemantic  

denoise_model.output_blocks.13.0.out_layers.3.weight - torch.Size([128, 128, 3, 3]): 
The value is the same before and after calling `init_weights` of SegRefinerSemantic  

denoise_model.output_blocks.13.0.out_layers.3.bias - torch.Size([128]): 
The value is the same before and after calling `init_weights` of SegRefinerSemantic  

denoise_model.output_blocks.13.0.skip_connection.weight - torch.Size([128, 256, 1, 1]): 
The value is the same before and after calling `init_weights` of SegRefinerSemantic  

denoise_model.output_blocks.13.0.skip_connection.bias - torch.Size([128]): 
The value is the same before and after calling `init_weights` of SegRefinerSemantic  

denoise_model.output_blocks.14.0.in_layers.0.weight - torch.Size([256]): 
The value is the same before and after calling `init_weights` of SegRefinerSemantic  

denoise_model.output_blocks.14.0.in_layers.0.bias - torch.Size([256]): 
The value is the same before and after calling `init_weights` of SegRefinerSemantic  

denoise_model.output_blocks.14.0.in_layers.2.weight - torch.Size([128, 256, 3, 3]): 
The value is the same before and after calling `init_weights` of SegRefinerSemantic  

denoise_model.output_blocks.14.0.in_layers.2.bias - torch.Size([128]): 
The value is the same before and after calling `init_weights` of SegRefinerSemantic  

denoise_model.output_blocks.14.0.emb_layers.1.weight - torch.Size([128, 512]): 
The value is the same before and after calling `init_weights` of SegRefinerSemantic  

denoise_model.output_blocks.14.0.emb_layers.1.bias - torch.Size([128]): 
The value is the same before and after calling `init_weights` of SegRefinerSemantic  

denoise_model.output_blocks.14.0.out_layers.0.weight - torch.Size([128]): 
The value is the same before and after calling `init_weights` of SegRefinerSemantic  

denoise_model.output_blocks.14.0.out_layers.0.bias - torch.Size([128]): 
The value is the same before and after calling `init_weights` of SegRefinerSemantic  

denoise_model.output_blocks.14.0.out_layers.3.weight - torch.Size([128, 128, 3, 3]): 
The value is the same before and after calling `init_weights` of SegRefinerSemantic  

denoise_model.output_blocks.14.0.out_layers.3.bias - torch.Size([128]): 
The value is the same before and after calling `init_weights` of SegRefinerSemantic  

denoise_model.output_blocks.14.0.skip_connection.weight - torch.Size([128, 256, 1, 1]): 
The value is the same before and after calling `init_weights` of SegRefinerSemantic  

denoise_model.output_blocks.14.0.skip_connection.bias - torch.Size([128]): 
The value is the same before and after calling `init_weights` of SegRefinerSemantic  

denoise_model.output_blocks.14.1.conv.weight - torch.Size([128, 128, 3, 3]): 
The value is the same before and after calling `init_weights` of SegRefinerSemantic  

denoise_model.output_blocks.14.1.conv.bias - torch.Size([128]): 
The value is the same before and after calling `init_weights` of SegRefinerSemantic  

denoise_model.output_blocks.15.0.in_layers.0.weight - torch.Size([256]): 
The value is the same before and after calling `init_weights` of SegRefinerSemantic  

denoise_model.output_blocks.15.0.in_layers.0.bias - torch.Size([256]): 
The value is the same before and after calling `init_weights` of SegRefinerSemantic  

denoise_model.output_blocks.15.0.in_layers.2.weight - torch.Size([128, 256, 3, 3]): 
The value is the same before and after calling `init_weights` of SegRefinerSemantic  

denoise_model.output_blocks.15.0.in_layers.2.bias - torch.Size([128]): 
The value is the same before and after calling `init_weights` of SegRefinerSemantic  

denoise_model.output_blocks.15.0.emb_layers.1.weight - torch.Size([128, 512]): 
The value is the same before and after calling `init_weights` of SegRefinerSemantic  

denoise_model.output_blocks.15.0.emb_layers.1.bias - torch.Size([128]): 
The value is the same before and after calling `init_weights` of SegRefinerSemantic  

denoise_model.output_blocks.15.0.out_layers.0.weight - torch.Size([128]): 
The value is the same before and after calling `init_weights` of SegRefinerSemantic  

denoise_model.output_blocks.15.0.out_layers.0.bias - torch.Size([128]): 
The value is the same before and after calling `init_weights` of SegRefinerSemantic  

denoise_model.output_blocks.15.0.out_layers.3.weight - torch.Size([128, 128, 3, 3]): 
The value is the same before and after calling `init_weights` of SegRefinerSemantic  

denoise_model.output_blocks.15.0.out_layers.3.bias - torch.Size([128]): 
The value is the same before and after calling `init_weights` of SegRefinerSemantic  

denoise_model.output_blocks.15.0.skip_connection.weight - torch.Size([128, 256, 1, 1]): 
The value is the same before and after calling `init_weights` of SegRefinerSemantic  

denoise_model.output_blocks.15.0.skip_connection.bias - torch.Size([128]): 
The value is the same before and after calling `init_weights` of SegRefinerSemantic  

denoise_model.output_blocks.16.0.in_layers.0.weight - torch.Size([256]): 
The value is the same before and after calling `init_weights` of SegRefinerSemantic  

denoise_model.output_blocks.16.0.in_layers.0.bias - torch.Size([256]): 
The value is the same before and after calling `init_weights` of SegRefinerSemantic  

denoise_model.output_blocks.16.0.in_layers.2.weight - torch.Size([128, 256, 3, 3]): 
The value is the same before and after calling `init_weights` of SegRefinerSemantic  

denoise_model.output_blocks.16.0.in_layers.2.bias - torch.Size([128]): 
The value is the same before and after calling `init_weights` of SegRefinerSemantic  

denoise_model.output_blocks.16.0.emb_layers.1.weight - torch.Size([128, 512]): 
The value is the same before and after calling `init_weights` of SegRefinerSemantic  

denoise_model.output_blocks.16.0.emb_layers.1.bias - torch.Size([128]): 
The value is the same before and after calling `init_weights` of SegRefinerSemantic  

denoise_model.output_blocks.16.0.out_layers.0.weight - torch.Size([128]): 
The value is the same before and after calling `init_weights` of SegRefinerSemantic  

denoise_model.output_blocks.16.0.out_layers.0.bias - torch.Size([128]): 
The value is the same before and after calling `init_weights` of SegRefinerSemantic  

denoise_model.output_blocks.16.0.out_layers.3.weight - torch.Size([128, 128, 3, 3]): 
The value is the same before and after calling `init_weights` of SegRefinerSemantic  

denoise_model.output_blocks.16.0.out_layers.3.bias - torch.Size([128]): 
The value is the same before and after calling `init_weights` of SegRefinerSemantic  

denoise_model.output_blocks.16.0.skip_connection.weight - torch.Size([128, 256, 1, 1]): 
The value is the same before and after calling `init_weights` of SegRefinerSemantic  

denoise_model.output_blocks.16.0.skip_connection.bias - torch.Size([128]): 
The value is the same before and after calling `init_weights` of SegRefinerSemantic  

denoise_model.output_blocks.17.0.in_layers.0.weight - torch.Size([256]): 
The value is the same before and after calling `init_weights` of SegRefinerSemantic  

denoise_model.output_blocks.17.0.in_layers.0.bias - torch.Size([256]): 
The value is the same before and after calling `init_weights` of SegRefinerSemantic  

denoise_model.output_blocks.17.0.in_layers.2.weight - torch.Size([128, 256, 3, 3]): 
The value is the same before and after calling `init_weights` of SegRefinerSemantic  

denoise_model.output_blocks.17.0.in_layers.2.bias - torch.Size([128]): 
The value is the same before and after calling `init_weights` of SegRefinerSemantic  

denoise_model.output_blocks.17.0.emb_layers.1.weight - torch.Size([128, 512]): 
The value is the same before and after calling `init_weights` of SegRefinerSemantic  

denoise_model.output_blocks.17.0.emb_layers.1.bias - torch.Size([128]): 
The value is the same before and after calling `init_weights` of SegRefinerSemantic  

denoise_model.output_blocks.17.0.out_layers.0.weight - torch.Size([128]): 
The value is the same before and after calling `init_weights` of SegRefinerSemantic  

denoise_model.output_blocks.17.0.out_layers.0.bias - torch.Size([128]): 
The value is the same before and after calling `init_weights` of SegRefinerSemantic  

denoise_model.output_blocks.17.0.out_layers.3.weight - torch.Size([128, 128, 3, 3]): 
The value is the same before and after calling `init_weights` of SegRefinerSemantic  

denoise_model.output_blocks.17.0.out_layers.3.bias - torch.Size([128]): 
The value is the same before and after calling `init_weights` of SegRefinerSemantic  

denoise_model.output_blocks.17.0.skip_connection.weight - torch.Size([128, 256, 1, 1]): 
The value is the same before and after calling `init_weights` of SegRefinerSemantic  

denoise_model.output_blocks.17.0.skip_connection.bias - torch.Size([128]): 
The value is the same before and after calling `init_weights` of SegRefinerSemantic  

denoise_model.out.0.weight - torch.Size([128]): 
The value is the same before and after calling `init_weights` of SegRefinerSemantic  

denoise_model.out.0.bias - torch.Size([128]): 
The value is the same before and after calling `init_weights` of SegRefinerSemantic  

denoise_model.out.2.weight - torch.Size([1, 128, 3, 3]): 
The value is the same before and after calling `init_weights` of SegRefinerSemantic  

denoise_model.out.2.bias - torch.Size([1]): 
The value is the same before and after calling `init_weights` of SegRefinerSemantic  

loss_texture.sobel.conv_x.weight - torch.Size([1, 1, 3, 3]): 
The value is the same before and after calling `init_weights` of SegRefinerSemantic  

loss_texture.sobel.conv_y.weight - torch.Size([1, 1, 3, 3]): 
The value is the same before and after calling `init_weights` of SegRefinerSemantic  
2026-05-01 11:14:10,621 - mmdet - INFO - Automatic scaling of learning rate (LR) has been disabled.
2026-05-01 11:14:10,626 - mmdet - INFO - Start running, host: ubuntu@ip-172-31-22-110, work_dir: /home/ubuntu/vy/Denoiser/SegRefiner/work_dirs/exp8_all
2026-05-01 11:14:10,626 - mmdet - INFO - Hooks will be executed in the following order:
before_run:
(VERY_HIGH   ) StepLrUpdaterHook                  
(NORMAL      ) CheckpointHook                     
(VERY_LOW    ) TextLoggerHook                     
 -------------------- 
before_train_epoch:
(VERY_HIGH   ) StepLrUpdaterHook                  
(LOW         ) IterTimerHook                      
(VERY_LOW    ) TextLoggerHook                     
 -------------------- 
before_train_iter:
(VERY_HIGH   ) StepLrUpdaterHook                  
(LOW         ) IterTimerHook                      
 -------------------- 
after_train_iter:
(ABOVE_NORMAL) OptimizerHook                      
(NORMAL      ) CheckpointHook                     
(LOW         ) IterTimerHook                      
(LOW         ) OEMBuildingEvalHook                
(VERY_LOW    ) TextLoggerHook                     
 -------------------- 
after_train_epoch:
(NORMAL      ) CheckpointHook                     
(VERY_LOW    ) TextLoggerHook                     
 -------------------- 
before_val_epoch:
(LOW         ) IterTimerHook                      
(VERY_LOW    ) TextLoggerHook                     
 -------------------- 
before_val_iter:
(LOW         ) IterTimerHook                      
 -------------------- 
after_val_iter:
(LOW         ) IterTimerHook                      
 -------------------- 
after_val_epoch:
(VERY_LOW    ) TextLoggerHook                     
 -------------------- 
after_run:
(VERY_LOW    ) TextLoggerHook                     
 -------------------- 
2026-05-01 11:14:10,626 - mmdet - INFO - workflow: [('train', 1)], max: 120000 iters
2026-05-01 11:14:10,626 - mmdet - INFO - Checkpoints will be saved to /home/ubuntu/vy/Denoiser/SegRefiner/work_dirs/exp8_all by HardDiskBackend.
2026-05-01 11:14:48,362 - mmdet - INFO - Iter [25/120000]	lr: 4.895e-06, eta: 1 day, 15:21:05, time: 1.181, data_time: 0.083, memory: 37111, loss_mask: 1.3212, loss_texture: 0.1283, iou: 0.2373, loss: 1.4495
2026-05-01 11:15:15,971 - mmdet - INFO - Iter [50/120000]	lr: 9.890e-06, eta: 1 day, 14:04:11, time: 1.104, data_time: 0.012, memory: 37111, loss_mask: 0.9931, loss_texture: 0.1166, iou: 0.2094, loss: 1.1097
2026-05-01 11:15:43,746 - mmdet - INFO - Iter [75/120000]	lr: 1.489e-05, eta: 1 day, 13:42:40, time: 1.111, data_time: 0.012, memory: 37111, loss_mask: 0.8306, loss_texture: 0.1008, iou: 0.2043, loss: 0.9314
2026-05-01 11:16:11,625 - mmdet - INFO - Iter [100/120000]	lr: 1.988e-05, eta: 1 day, 13:33:46, time: 1.115, data_time: 0.012, memory: 37111, loss_mask: 0.6735, loss_texture: 0.0977, iou: 0.3779, loss: 0.7712
2026-05-01 11:16:39,432 - mmdet - INFO - Iter [125/120000]	lr: 2.488e-05, eta: 1 day, 13:27:04, time: 1.112, data_time: 0.012, memory: 37111, loss_mask: 0.5883, loss_texture: 0.0922, iou: 0.4293, loss: 0.6805
2026-05-01 11:17:07,173 - mmdet - INFO - Iter [150/120000]	lr: 2.987e-05, eta: 1 day, 13:21:35, time: 1.110, data_time: 0.012, memory: 37111, loss_mask: 0.5420, loss_texture: 0.0953, iou: 0.4603, loss: 0.6372
2026-05-01 11:17:34,840 - mmdet - INFO - Iter [175/120000]	lr: 3.487e-05, eta: 1 day, 13:16:42, time: 1.107, data_time: 0.012, memory: 37111, loss_mask: 0.4957, loss_texture: 0.0954, iou: 0.5102, loss: 0.5912
2026-05-01 11:18:02,292 - mmdet - INFO - Iter [200/120000]	lr: 3.986e-05, eta: 1 day, 13:10:45, time: 1.098, data_time: 0.012, memory: 37111, loss_mask: 0.4438, loss_texture: 0.0835, iou: 0.5249, loss: 0.5273
2026-05-01 11:18:30,094 - mmdet - INFO - Iter [225/120000]	lr: 4.486e-05, eta: 1 day, 13:09:09, time: 1.112, data_time: 0.012, memory: 37111, loss_mask: 0.4240, loss_texture: 0.0891, iou: 0.5590, loss: 0.5131
2026-05-01 11:18:57,739 - mmdet - INFO - Iter [250/120000]	lr: 4.985e-05, eta: 1 day, 13:06:30, time: 1.106, data_time: 0.012, memory: 37111, loss_mask: 0.3972, loss_texture: 0.0900, iou: 0.5919, loss: 0.4873
2026-05-01 11:19:25,636 - mmdet - INFO - Iter [275/120000]	lr: 5.485e-05, eta: 1 day, 13:06:06, time: 1.116, data_time: 0.012, memory: 37111, loss_mask: 0.3833, loss_texture: 0.0834, iou: 0.5694, loss: 0.4667
2026-05-01 11:19:53,615 - mmdet - INFO - Iter [300/120000]	lr: 5.984e-05, eta: 1 day, 13:06:13, time: 1.119, data_time: 0.012, memory: 37111, loss_mask: 0.3923, loss_texture: 0.0854, iou: 0.5756, loss: 0.4777
2026-05-01 11:20:21,533 - mmdet - INFO - Iter [325/120000]	lr: 6.484e-05, eta: 1 day, 13:05:53, time: 1.117, data_time: 0.012, memory: 37111, loss_mask: 0.3494, loss_texture: 0.0862, iou: 0.6047, loss: 0.4356
2026-05-01 11:20:49,287 - mmdet - INFO - Iter [350/120000]	lr: 6.983e-05, eta: 1 day, 13:04:35, time: 1.110, data_time: 0.012, memory: 37111, loss_mask: 0.3520, loss_texture: 0.0839, iou: 0.6102, loss: 0.4358
2026-05-01 11:21:17,032 - mmdet - INFO - Iter [375/120000]	lr: 7.483e-05, eta: 1 day, 13:03:21, time: 1.110, data_time: 0.011, memory: 37111, loss_mask: 0.3542, loss_texture: 0.0867, iou: 0.6230, loss: 0.4408
2026-05-01 11:21:44,670 - mmdet - INFO - Iter [400/120000]	lr: 7.982e-05, eta: 1 day, 13:01:41, time: 1.105, data_time: 0.012, memory: 37111, loss_mask: 0.3511, loss_texture: 0.0828, iou: 0.6437, loss: 0.4338
2026-05-01 11:22:12,243 - mmdet - INFO - Iter [425/120000]	lr: 8.482e-05, eta: 1 day, 12:59:51, time: 1.103, data_time: 0.012, memory: 37111, loss_mask: 0.3071, loss_texture: 0.0753, iou: 0.6361, loss: 0.3825
2026-05-01 11:22:40,026 - mmdet - INFO - Iter [450/120000]	lr: 8.981e-05, eta: 1 day, 12:59:07, time: 1.111, data_time: 0.012, memory: 37111, loss_mask: 0.2844, loss_texture: 0.0755, iou: 0.6440, loss: 0.3599
2026-05-01 11:23:07,810 - mmdet - INFO - Iter [475/120000]	lr: 9.481e-05, eta: 1 day, 12:58:24, time: 1.111, data_time: 0.012, memory: 37111, loss_mask: 0.2966, loss_texture: 0.0761, iou: 0.6504, loss: 0.3727
2026-05-01 11:23:35,594 - mmdet - INFO - Validation set: 218 images
2026-05-01 11:23:35,595 - mmdet - INFO - 
--- Val evaluation at iter 500 ---
2026-05-01 11:25:37,313 - mmdet - INFO - 
+------------+-------------+-------------+
| Class      | Val IoU     | Pseudo IoU  |
+------------+-------------+-------------+
| background | 88.98       | 92.68       |
| building   | 47.01       | 69.14       |
| Summary    | mIoU: 67.99 | mIoU: 80.91 |
+------------+-------------+-------------+
Images evaluated: 218
2026-05-01 11:25:39,081 - mmdet - INFO - ★ New best mIoU: 67.99% (prev: 0.00%, Δ=+67.99%) → saved to /home/ubuntu/vy/Denoiser/SegRefiner/work_dirs/exp8_all/best_model.pth
2026-05-01 11:25:39,086 - mmdet - INFO - Iter [500/120000]	lr: 9.980e-05, eta: 1 day, 12:57:43, time: 1.111, data_time: 0.012, memory: 37111, val/mIoU: 0.6799, val/IoU.building: 0.4701, val/IoU.background: 0.8898, val/Pseudo_mIoU: 0.8091, loss_mask: 0.3199, loss_texture: 0.0796, iou: 0.6383, loss: 0.3995
2026-05-01 11:26:06,738 - mmdet - INFO - Iter [525/120000]	lr: 1.000e-04, eta: 1 day, 20:44:56, time: 6.046, data_time: 4.952, memory: 37111, loss_mask: 0.3159, loss_texture: 0.0800, iou: 0.6629, loss: 0.3959
2026-05-01 11:26:34,262 - mmdet - INFO - Iter [550/120000]	lr: 1.000e-04, eta: 1 day, 20:21:58, time: 1.101, data_time: 0.012, memory: 37111, loss_mask: 0.3263, loss_texture: 0.0745, iou: 0.6400, loss: 0.4008
2026-05-01 11:27:01,891 - mmdet - INFO - Iter [575/120000]	lr: 1.000e-04, eta: 1 day, 20:01:21, time: 1.105, data_time: 0.012, memory: 37111, loss_mask: 0.2834, loss_texture: 0.0699, iou: 0.6606, loss: 0.3533
2026-05-01 11:27:29,558 - mmdet - INFO - Iter [600/120000]	lr: 1.000e-04, eta: 1 day, 19:42:31, time: 1.107, data_time: 0.012, memory: 37111, loss_mask: 0.2787, loss_texture: 0.0702, iou: 0.7144, loss: 0.3489
2026-05-01 11:27:57,164 - mmdet - INFO - Iter [625/120000]	lr: 1.000e-04, eta: 1 day, 19:24:58, time: 1.104, data_time: 0.012, memory: 37111, loss_mask: 0.2593, loss_texture: 0.0690, iou: 0.6965, loss: 0.3284
2026-05-01 11:28:24,856 - mmdet - INFO - Iter [650/120000]	lr: 1.000e-04, eta: 1 day, 19:09:00, time: 1.108, data_time: 0.012, memory: 37111, loss_mask: 0.2539, loss_texture: 0.0705, iou: 0.7103, loss: 0.3244
2026-05-01 11:28:52,508 - mmdet - INFO - Iter [675/120000]	lr: 1.000e-04, eta: 1 day, 18:54:03, time: 1.106, data_time: 0.012, memory: 37111, loss_mask: 0.2450, loss_texture: 0.0643, iou: 0.7217, loss: 0.3093
2026-05-01 11:29:20,233 - mmdet - INFO - Iter [700/120000]	lr: 1.000e-04, eta: 1 day, 18:40:21, time: 1.109, data_time: 0.012, memory: 37111, loss_mask: 0.2214, loss_texture: 0.0627, iou: 0.7225, loss: 0.2840
2026-05-01 11:29:48,009 - mmdet - INFO - Iter [725/120000]	lr: 1.000e-04, eta: 1 day, 18:27:43, time: 1.111, data_time: 0.012, memory: 37111, loss_mask: 0.1968, loss_texture: 0.0570, iou: 0.7373, loss: 0.2538
2026-05-01 11:30:15,944 - mmdet - INFO - Iter [750/120000]	lr: 1.000e-04, eta: 1 day, 18:16:18, time: 1.117, data_time: 0.012, memory: 37111, loss_mask: 0.2212, loss_texture: 0.0609, iou: 0.7518, loss: 0.2822
2026-05-01 11:30:43,762 - mmdet - INFO - Iter [775/120000]	lr: 1.000e-04, eta: 1 day, 18:05:17, time: 1.113, data_time: 0.012, memory: 37111, loss_mask: 0.2492, loss_texture: 0.0634, iou: 0.6959, loss: 0.3126
2026-05-01 11:31:11,557 - mmdet - INFO - Iter [800/120000]	lr: 1.000e-04, eta: 1 day, 17:54:53, time: 1.112, data_time: 0.012, memory: 37111, loss_mask: 0.2187, loss_texture: 0.0610, iou: 0.7224, loss: 0.2797
2026-05-01 11:31:39,515 - mmdet - INFO - Iter [825/120000]	lr: 1.000e-04, eta: 1 day, 17:45:29, time: 1.118, data_time: 0.012, memory: 37111, loss_mask: 0.1979, loss_texture: 0.0590, iou: 0.7597, loss: 0.2569
2026-05-01 11:32:07,338 - mmdet - INFO - Iter [850/120000]	lr: 1.000e-04, eta: 1 day, 17:36:17, time: 1.113, data_time: 0.012, memory: 37111, loss_mask: 0.1954, loss_texture: 0.0576, iou: 0.7587, loss: 0.2530
2026-05-01 11:32:35,002 - mmdet - INFO - Iter [875/120000]	lr: 1.000e-04, eta: 1 day, 17:27:13, time: 1.107, data_time: 0.012, memory: 37111, loss_mask: 0.2133, loss_texture: 0.0588, iou: 0.7349, loss: 0.2721
2026-05-01 11:33:02,564 - mmdet - INFO - Iter [900/120000]	lr: 1.000e-04, eta: 1 day, 17:18:25, time: 1.102, data_time: 0.012, memory: 37111, loss_mask: 0.1843, loss_texture: 0.0532, iou: 0.7482, loss: 0.2375
2026-05-01 11:33:30,295 - mmdet - INFO - Iter [925/120000]	lr: 1.000e-04, eta: 1 day, 17:10:25, time: 1.109, data_time: 0.013, memory: 37111, loss_mask: 0.2023, loss_texture: 0.0567, iou: 0.7437, loss: 0.2590
2026-05-01 11:33:58,013 - mmdet - INFO - Iter [950/120000]	lr: 1.000e-04, eta: 1 day, 17:02:47, time: 1.109, data_time: 0.013, memory: 37111, loss_mask: 0.2033, loss_texture: 0.0557, iou: 0.7635, loss: 0.2590
2026-05-01 11:34:25,713 - mmdet - INFO - Iter [975/120000]	lr: 1.000e-04, eta: 1 day, 16:55:30, time: 1.108, data_time: 0.012, memory: 37111, loss_mask: 0.2145, loss_texture: 0.0554, iou: 0.7600, loss: 0.2699
2026-05-01 11:34:53,406 - mmdet - INFO - 
--- Val evaluation at iter 1000 ---
2026-05-01 11:36:52,076 - mmdet - INFO - 
+------------+-------------+-------------+
| Class      | Val IoU     | Pseudo IoU  |
+------------+-------------+-------------+
| background | 87.86       | 92.68       |
| building   | 40.19       | 69.14       |
| Summary    | mIoU: 64.03 | mIoU: 80.91 |
+------------+-------------+-------------+
Images evaluated: 218
2026-05-01 11:36:53,499 - mmdet - INFO - Exp name: exp8_all.py
2026-05-01 11:36:53,499 - mmdet - INFO - Iter [1000/120000]	lr: 1.000e-04, eta: 1 day, 16:48:32, time: 1.108, data_time: 0.012, memory: 37111, val/mIoU: 0.6403, val/IoU.building: 0.4019, val/IoU.background: 0.8786, val/Pseudo_mIoU: 0.8091, loss_mask: 0.2435, loss_texture: 0.0599, iou: 0.7398, loss: 0.3034
2026-05-01 11:37:21,128 - mmdet - INFO - Iter [1025/120000]	lr: 1.000e-04, eta: 1 day, 20:34:05, time: 5.909, data_time: 4.817, memory: 37111, loss_mask: 0.2190, loss_texture: 0.0576, iou: 0.7444, loss: 0.2766
2026-05-01 11:37:48,687 - mmdet - INFO - Iter [1050/120000]	lr: 1.000e-04, eta: 1 day, 20:21:54, time: 1.102, data_time: 0.012, memory: 37111, loss_mask: 0.2014, loss_texture: 0.0523, iou: 0.7518, loss: 0.2537
2026-05-01 11:38:16,321 - mmdet - INFO - Iter [1075/120000]	lr: 1.000e-04, eta: 1 day, 20:10:24, time: 1.105, data_time: 0.012, memory: 37111, loss_mask: 0.1968, loss_texture: 0.0514, iou: 0.7445, loss: 0.2482
2026-05-01 11:38:43,869 - mmdet - INFO - Iter [1100/120000]	lr: 1.000e-04, eta: 1 day, 19:59:15, time: 1.102, data_time: 0.012, memory: 37111, loss_mask: 0.2083, loss_texture: 0.0584, iou: 0.7550, loss: 0.2667
2026-05-01 11:39:11,463 - mmdet - INFO - Iter [1125/120000]	lr: 1.000e-04, eta: 1 day, 19:48:39, time: 1.104, data_time: 0.013, memory: 37111, loss_mask: 0.1992, loss_texture: 0.0558, iou: 0.7510, loss: 0.2551
2026-05-01 11:39:39,111 - mmdet - INFO - Iter [1150/120000]	lr: 1.000e-04, eta: 1 day, 19:38:35, time: 1.106, data_time: 0.012, memory: 37111, loss_mask: 0.1940, loss_texture: 0.0544, iou: 0.7556, loss: 0.2484
2026-05-01 11:40:06,714 - mmdet - INFO - Iter [1175/120000]	lr: 1.000e-04, eta: 1 day, 19:28:51, time: 1.104, data_time: 0.012, memory: 37111, loss_mask: 0.1661, loss_texture: 0.0504, iou: 0.7923, loss: 0.2164
2026-05-01 11:40:34,446 - mmdet - INFO - Iter [1200/120000]	lr: 1.000e-04, eta: 1 day, 19:19:43, time: 1.109, data_time: 0.012, memory: 37111, loss_mask: 0.1746, loss_texture: 0.0527, iou: 0.7758, loss: 0.2273
2026-05-01 11:41:02,116 - mmdet - INFO - Iter [1225/120000]	lr: 1.000e-04, eta: 1 day, 19:10:51, time: 1.107, data_time: 0.013, memory: 37111, loss_mask: 0.1706, loss_texture: 0.0513, iou: 0.7960, loss: 0.2220
2026-05-01 11:41:29,626 - mmdet - INFO - Iter [1250/120000]	lr: 1.000e-04, eta: 1 day, 19:02:03, time: 1.100, data_time: 0.012, memory: 37111, loss_mask: 0.1552, loss_texture: 0.0458, iou: 0.7770, loss: 0.2010
2026-05-01 11:41:57,182 - mmdet - INFO - Iter [1275/120000]	lr: 1.000e-04, eta: 1 day, 18:53:39, time: 1.102, data_time: 0.012, memory: 37111, loss_mask: 0.1794, loss_texture: 0.0489, iou: 0.7851, loss: 0.2283
2026-05-01 11:42:24,643 - mmdet - INFO - Iter [1300/120000]	lr: 1.000e-04, eta: 1 day, 18:45:25, time: 1.098, data_time: 0.012, memory: 37111, loss_mask: 0.2408, loss_texture: 0.0584, iou: 0.7361, loss: 0.2992
2026-05-01 11:42:52,362 - mmdet - INFO - Iter [1325/120000]	lr: 1.000e-04, eta: 1 day, 18:37:52, time: 1.109, data_time: 0.012, memory: 37111, loss_mask: 0.2231, loss_texture: 0.0601, iou: 0.7626, loss: 0.2832
2026-05-01 11:43:19,965 - mmdet - INFO - Iter [1350/120000]	lr: 1.000e-04, eta: 1 day, 18:30:24, time: 1.104, data_time: 0.012, memory: 37111, loss_mask: 0.1720, loss_texture: 0.0525, iou: 0.7856, loss: 0.2244
2026-05-01 11:43:47,652 - mmdet - INFO - Iter [1375/120000]	lr: 1.000e-04, eta: 1 day, 18:23:19, time: 1.107, data_time: 0.012, memory: 37111, loss_mask: 0.1739, loss_texture: 0.0496, iou: 0.7630, loss: 0.2235
2026-05-01 11:44:15,118 - mmdet - INFO - Iter [1400/120000]	lr: 1.000e-04, eta: 1 day, 18:16:09, time: 1.099, data_time: 0.012, memory: 37111, loss_mask: 0.1778, loss_texture: 0.0451, iou: 0.7658, loss: 0.2229
2026-05-01 11:44:42,836 - mmdet - INFO - Iter [1425/120000]	lr: 1.000e-04, eta: 1 day, 18:09:34, time: 1.109, data_time: 0.013, memory: 37111, loss_mask: 0.1758, loss_texture: 0.0514, iou: 0.7929, loss: 0.2271
2026-05-01 11:45:11,568 - mmdet - INFO - Iter [1450/120000]	lr: 1.000e-04, eta: 1 day, 18:04:35, time: 1.149, data_time: 0.013, memory: 37111, loss_mask: 0.1679, loss_texture: 0.0544, iou: 0.8085, loss: 0.2223
2026-05-01 11:45:39,189 - mmdet - INFO - Iter [1475/120000]	lr: 1.000e-04, eta: 1 day, 17:58:16, time: 1.105, data_time: 0.012, memory: 37111, loss_mask: 0.1376, loss_texture: 0.0447, iou: 0.7951, loss: 0.1822
2026-05-01 11:46:06,809 - mmdet - INFO - 
--- Val evaluation at iter 1500 ---
2026-05-01 11:48:03,990 - mmdet - INFO - 
+------------+-------------+-------------+
| Class      | Val IoU     | Pseudo IoU  |
+------------+-------------+-------------+
| background | 91.30       | 92.68       |
| building   | 63.47       | 69.14       |
| Summary    | mIoU: 77.39 | mIoU: 80.91 |
+------------+-------------+-------------+
Images evaluated: 218
2026-05-01 11:48:06,834 - mmdet - INFO - ★ New best mIoU: 77.39% (prev: 67.99%, Δ=+9.39%) → saved to /home/ubuntu/vy/Denoiser/SegRefiner/work_dirs/exp8_all/best_model.pth
2026-05-01 11:48:06,839 - mmdet - INFO - Iter [1500/120000]	lr: 1.000e-04, eta: 1 day, 17:52:08, time: 1.105, data_time: 0.012, memory: 37111, val/mIoU: 0.7739, val/IoU.building: 0.6347, val/IoU.background: 0.9130, val/Pseudo_mIoU: 0.8091, loss_mask: 0.1604, loss_texture: 0.0462, iou: 0.7940, loss: 0.2065
2026-05-01 11:48:34,320 - mmdet - INFO - Iter [1525/120000]	lr: 1.000e-04, eta: 1 day, 20:21:26, time: 5.900, data_time: 4.813, memory: 37111, loss_mask: 0.1800, loss_texture: 0.0492, iou: 0.7633, loss: 0.2292
2026-05-01 11:49:01,967 - mmdet - INFO - Iter [1550/120000]	lr: 1.000e-04, eta: 1 day, 20:13:10, time: 1.106, data_time: 0.012, memory: 37111, loss_mask: 0.1978, loss_texture: 0.0541, iou: 0.7779, loss: 0.2519
2026-05-01 11:49:29,623 - mmdet - INFO - Iter [1575/120000]	lr: 1.000e-04, eta: 1 day, 20:05:09, time: 1.106, data_time: 0.012, memory: 37111, loss_mask: 0.1724, loss_texture: 0.0465, iou: 0.7940, loss: 0.2189
2026-05-01 11:49:57,226 - mmdet - INFO - Iter [1600/120000]	lr: 1.000e-04, eta: 1 day, 19:57:19, time: 1.104, data_time: 0.012, memory: 37111, loss_mask: 0.1584, loss_texture: 0.0470, iou: 0.7934, loss: 0.2054
2026-05-01 11:50:24,744 - mmdet - INFO - Iter [1625/120000]	lr: 1.000e-04, eta: 1 day, 19:49:36, time: 1.101, data_time: 0.011, memory: 37111, loss_mask: 0.1610, loss_texture: 0.0480, iou: 0.7888, loss: 0.2091
2026-05-01 11:50:52,282 - mmdet - INFO - Iter [1650/120000]	lr: 1.000e-04, eta: 1 day, 19:42:08, time: 1.102, data_time: 0.012, memory: 37111, loss_mask: 0.1418, loss_texture: 0.0437, iou: 0.7887, loss: 0.1855
2026-05-01 11:51:19,906 - mmdet - INFO - Iter [1675/120000]	lr: 1.000e-04, eta: 1 day, 19:34:59, time: 1.105, data_time: 0.012, memory: 37111, loss_mask: 0.1727, loss_texture: 0.0477, iou: 0.7720, loss: 0.2204
2026-05-01 11:51:47,633 - mmdet - INFO - Iter [1700/120000]	lr: 1.000e-04, eta: 1 day, 19:28:08, time: 1.109, data_time: 0.012, memory: 37111, loss_mask: 0.1653, loss_texture: 0.0505, iou: 0.7876, loss: 0.2158
2026-05-01 11:52:16,041 - mmdet - INFO - Iter [1725/120000]	lr: 1.000e-04, eta: 1 day, 19:22:15, time: 1.136, data_time: 0.013, memory: 37111, loss_mask: 0.1487, loss_texture: 0.0459, iou: 0.7950, loss: 0.1946
2026-05-01 11:52:43,831 - mmdet - INFO - Iter [1750/120000]	lr: 1.000e-04, eta: 1 day, 19:15:50, time: 1.112, data_time: 0.012, memory: 37111, loss_mask: 0.1425, loss_texture: 0.0447, iou: 0.8033, loss: 0.1872
2026-05-01 11:53:11,478 - mmdet - INFO - Iter [1775/120000]	lr: 1.000e-04, eta: 1 day, 19:09:25, time: 1.106, data_time: 0.012, memory: 37111, loss_mask: 0.1524, loss_texture: 0.0451, iou: 0.7863, loss: 0.1975
2026-05-01 11:53:39,033 - mmdet - INFO - Iter [1800/120000]	lr: 1.000e-04, eta: 1 day, 19:03:05, time: 1.102, data_time: 0.011, memory: 37111, loss_mask: 0.1437, loss_texture: 0.0422, iou: 0.8213, loss: 0.1859
2026-05-01 11:54:06,671 - mmdet - INFO - Iter [1825/120000]	lr: 1.000e-04, eta: 1 day, 18:56:59, time: 1.106, data_time: 0.011, memory: 37111, loss_mask: 0.1807, loss_texture: 0.0492, iou: 0.8010, loss: 0.2299
2026-05-01 11:54:34,297 - mmdet - INFO - Iter [1850/120000]	lr: 1.000e-04, eta: 1 day, 18:51:01, time: 1.105, data_time: 0.012, memory: 37111, loss_mask: 0.1959, loss_texture: 0.0511, iou: 0.7842, loss: 0.2470
2026-05-01 11:55:01,783 - mmdet - INFO - Iter [1875/120000]	lr: 1.000e-04, eta: 1 day, 18:45:04, time: 1.099, data_time: 0.012, memory: 37111, loss_mask: 0.1879, loss_texture: 0.0485, iou: 0.7512, loss: 0.2364
2026-05-01 11:55:29,407 - mmdet - INFO - Iter [1900/120000]	lr: 1.000e-04, eta: 1 day, 18:39:24, time: 1.105, data_time: 0.012, memory: 37111, loss_mask: 0.1539, loss_texture: 0.0478, iou: 0.8082, loss: 0.2018
2026-05-01 11:55:58,105 - mmdet - INFO - Iter [1925/120000]	lr: 1.000e-04, eta: 1 day, 18:34:58, time: 1.148, data_time: 0.014, memory: 37111, loss_mask: 0.1432, loss_texture: 0.0469, iou: 0.8163, loss: 0.1901
2026-05-01 11:56:25,833 - mmdet - INFO - Iter [1950/120000]	lr: 1.000e-04, eta: 1 day, 18:29:39, time: 1.109, data_time: 0.012, memory: 37111, loss_mask: 0.1382, loss_texture: 0.0441, iou: 0.8205, loss: 0.1823
2026-05-01 11:56:53,498 - mmdet - INFO - Iter [1975/120000]	lr: 1.000e-04, eta: 1 day, 18:24:24, time: 1.107, data_time: 0.012, memory: 37111, loss_mask: 0.1215, loss_texture: 0.0378, iou: 0.8097, loss: 0.1593
2026-05-01 11:57:21,385 - mmdet - INFO - 
--- Val evaluation at iter 2000 ---
2026-05-01 11:59:19,153 - mmdet - INFO - 
+------------+-------------+-------------+
| Class      | Val IoU     | Pseudo IoU  |
+------------+-------------+-------------+
| background | 90.85       | 92.68       |
| building   | 59.61       | 69.14       |
| Summary    | mIoU: 75.23 | mIoU: 80.91 |
+------------+-------------+-------------+
Images evaluated: 218
2026-05-01 11:59:20,498 - mmdet - INFO - Exp name: exp8_all.py
2026-05-01 11:59:20,498 - mmdet - INFO - Iter [2000/120000]	lr: 1.000e-04, eta: 1 day, 18:19:29, time: 1.115, data_time: 0.012, memory: 37111, val/mIoU: 0.7523, val/IoU.building: 0.5961, val/IoU.background: 0.9085, val/Pseudo_mIoU: 0.8091, loss_mask: 0.1333, loss_texture: 0.0431, iou: 0.8062, loss: 0.1764
2026-05-01 11:59:48,351 - mmdet - INFO - Iter [2025/120000]	lr: 1.000e-04, eta: 1 day, 20:10:18, time: 5.879, data_time: 4.776, memory: 37111, loss_mask: 0.1479, loss_texture: 0.0480, iou: 0.8188, loss: 0.1958
2026-05-01 12:00:16,051 - mmdet - INFO - Iter [2050/120000]	lr: 1.000e-04, eta: 1 day, 20:03:59, time: 1.108, data_time: 0.012, memory: 37111, loss_mask: 0.1492, loss_texture: 0.0474, iou: 0.8122, loss: 0.1967
2026-05-01 12:00:43,741 - mmdet - INFO - Iter [2075/120000]	lr: 1.000e-04, eta: 1 day, 19:57:48, time: 1.108, data_time: 0.012, memory: 37111, loss_mask: 0.1622, loss_texture: 0.0504, iou: 0.7963, loss: 0.2127
2026-05-01 12:01:11,371 - mmdet - INFO - Iter [2100/120000]	lr: 1.000e-04, eta: 1 day, 19:51:42, time: 1.105, data_time: 0.011, memory: 37111, loss_mask: 0.1454, loss_texture: 0.0465, iou: 0.8106, loss: 0.1919
2026-05-01 12:01:39,020 - mmdet - INFO - Iter [2125/120000]	lr: 1.000e-04, eta: 1 day, 19:45:45, time: 1.106, data_time: 0.011, memory: 37111, loss_mask: 0.1472, loss_texture: 0.0446, iou: 0.8080, loss: 0.1918
2026-05-01 12:02:06,630 - mmdet - INFO - Iter [2150/120000]	lr: 1.000e-04, eta: 1 day, 19:39:53, time: 1.104, data_time: 0.012, memory: 37111, loss_mask: 0.1294, loss_texture: 0.0415, iou: 0.8223, loss: 0.1709
2026-05-01 12:02:34,297 - mmdet - INFO - Iter [2175/120000]	lr: 1.000e-04, eta: 1 day, 19:34:12, time: 1.107, data_time: 0.012, memory: 37111, loss_mask: 0.1266, loss_texture: 0.0412, iou: 0.8214, loss: 0.1678
2026-05-01 12:03:01,869 - mmdet - INFO - Iter [2200/120000]	lr: 1.000e-04, eta: 1 day, 19:28:33, time: 1.103, data_time: 0.012, memory: 37111, loss_mask: 0.1434, loss_texture: 0.0415, iou: 0.8156, loss: 0.1849
2026-05-01 12:03:29,531 - mmdet - INFO - Iter [2225/120000]	lr: 1.000e-04, eta: 1 day, 19:23:06, time: 1.106, data_time: 0.012, memory: 37111, loss_mask: 0.1578, loss_texture: 0.0454, iou: 0.8079, loss: 0.2032
2026-05-01 12:03:57,165 - mmdet - INFO - Iter [2250/120000]	lr: 1.000e-04, eta: 1 day, 19:17:44, time: 1.105, data_time: 0.012, memory: 37111, loss_mask: 0.1573, loss_texture: 0.0475, iou: 0.8056, loss: 0.2048
2026-05-01 12:04:24,836 - mmdet - INFO - Iter [2275/120000]	lr: 1.000e-04, eta: 1 day, 19:12:31, time: 1.107, data_time: 0.012, memory: 37111, loss_mask: 0.1589, loss_texture: 0.0473, iou: 0.7850, loss: 0.2062
2026-05-01 12:04:52,390 - mmdet - INFO - Iter [2300/120000]	lr: 1.000e-04, eta: 1 day, 19:07:17, time: 1.102, data_time: 0.012, memory: 37111, loss_mask: 0.1363, loss_texture: 0.0424, iou: 0.8229, loss: 0.1787
2026-05-01 12:05:20,021 - mmdet - INFO - Iter [2325/120000]	lr: 1.000e-04, eta: 1 day, 19:02:14, time: 1.105, data_time: 0.011, memory: 37111, loss_mask: 0.1383, loss_texture: 0.0467, iou: 0.8196, loss: 0.1851
2026-05-01 12:05:47,645 - mmdet - INFO - Iter [2350/120000]	lr: 1.000e-04, eta: 1 day, 18:57:16, time: 1.105, data_time: 0.012, memory: 37111, loss_mask: 0.1408, loss_texture: 0.0428, iou: 0.8096, loss: 0.1836
2026-05-01 12:06:15,267 - mmdet - INFO - Iter [2375/120000]	lr: 1.000e-04, eta: 1 day, 18:52:24, time: 1.105, data_time: 0.012, memory: 37111, loss_mask: 0.1678, loss_texture: 0.0452, iou: 0.7681, loss: 0.2130
2026-05-01 12:06:42,936 - mmdet - INFO - Iter [2400/120000]	lr: 1.000e-04, eta: 1 day, 18:47:39, time: 1.107, data_time: 0.011, memory: 37111, loss_mask: 0.1427, loss_texture: 0.0450, iou: 0.7950, loss: 0.1877
2026-05-01 12:07:10,541 - mmdet - INFO - Iter [2425/120000]	lr: 1.000e-04, eta: 1 day, 18:42:57, time: 1.104, data_time: 0.012, memory: 37111, loss_mask: 0.1477, loss_texture: 0.0453, iou: 0.8327, loss: 0.1930
2026-05-01 12:07:38,080 - mmdet - INFO - Iter [2450/120000]	lr: 1.000e-04, eta: 1 day, 18:38:17, time: 1.102, data_time: 0.012, memory: 37111, loss_mask: 0.1262, loss_texture: 0.0392, iou: 0.8176, loss: 0.1654
2026-05-01 12:08:05,807 - mmdet - INFO - Iter [2475/120000]	lr: 1.000e-04, eta: 1 day, 18:33:51, time: 1.109, data_time: 0.012, memory: 37111, loss_mask: 0.1406, loss_texture: 0.0456, iou: 0.8076, loss: 0.1862
2026-05-01 12:08:33,469 - mmdet - INFO - 
--- Val evaluation at iter 2500 ---
2026-05-01 12:10:30,754 - mmdet - INFO - 
+------------+-------------+-------------+
| Class      | Val IoU     | Pseudo IoU  |
+------------+-------------+-------------+
| background | 91.62       | 92.68       |
| building   | 64.81       | 69.14       |
| Summary    | mIoU: 78.21 | mIoU: 80.91 |
+------------+-------------+-------------+
Images evaluated: 218
2026-05-01 12:10:33,302 - mmdet - INFO - ★ New best mIoU: 78.21% (prev: 77.39%, Δ=+0.83%) → saved to /home/ubuntu/vy/Denoiser/SegRefiner/work_dirs/exp8_all/best_model.pth
2026-05-01 12:10:33,307 - mmdet - INFO - Iter [2500/120000]	lr: 1.000e-04, eta: 1 day, 18:29:26, time: 1.107, data_time: 0.012, memory: 37111, val/mIoU: 0.7821, val/IoU.building: 0.6481, val/IoU.background: 0.9162, val/Pseudo_mIoU: 0.8091, loss_mask: 0.1228, loss_texture: 0.0428, iou: 0.8340, loss: 0.1656
2026-05-01 12:11:00,843 - mmdet - INFO - Iter [2525/120000]	lr: 1.000e-04, eta: 1 day, 19:57:56, time: 5.895, data_time: 4.805, memory: 37111, loss_mask: 0.1280, loss_texture: 0.0386, iou: 0.8274, loss: 0.1666
2026-05-01 12:11:28,409 - mmdet - INFO - Iter [2550/120000]	lr: 1.000e-04, eta: 1 day, 19:52:40, time: 1.103, data_time: 0.012, memory: 37111, loss_mask: 0.1417, loss_texture: 0.0458, iou: 0.8126, loss: 0.1875
2026-05-01 12:11:56,105 - mmdet - INFO - Iter [2575/120000]	lr: 1.000e-04, eta: 1 day, 19:47:37, time: 1.108, data_time: 0.012, memory: 37111, loss_mask: 0.1190, loss_texture: 0.0390, iou: 0.8192, loss: 0.1579
2026-05-01 12:12:23,812 - mmdet - INFO - Iter [2600/120000]	lr: 1.000e-04, eta: 1 day, 19:42:38, time: 1.108, data_time: 0.012, memory: 37111, loss_mask: 0.1463, loss_texture: 0.0446, iou: 0.8171, loss: 0.1909
2026-05-01 12:12:51,488 - mmdet - INFO - Iter [2625/120000]	lr: 1.000e-04, eta: 1 day, 19:37:44, time: 1.107, data_time: 0.012, memory: 37111, loss_mask: 0.1290, loss_texture: 0.0407, iou: 0.8438, loss: 0.1697
2026-05-01 12:13:19,031 - mmdet - INFO - Iter [2650/120000]	lr: 1.000e-04, eta: 1 day, 19:32:49, time: 1.102, data_time: 0.012, memory: 37111, loss_mask: 0.1409, loss_texture: 0.0434, iou: 0.8107, loss: 0.1843
2026-05-01 12:13:46,561 - mmdet - INFO - Iter [2675/120000]	lr: 1.000e-04, eta: 1 day, 19:27:58, time: 1.101, data_time: 0.012, memory: 37111, loss_mask: 0.1262, loss_texture: 0.0405, iou: 0.8235, loss: 0.1667
2026-05-01 12:14:14,244 - mmdet - INFO - Iter [2700/120000]	lr: 1.000e-04, eta: 1 day, 19:23:19, time: 1.107, data_time: 0.011, memory: 37111, loss_mask: 0.1397, loss_texture: 0.0442, iou: 0.8159, loss: 0.1839
2026-05-01 12:14:42,029 - mmdet - INFO - Iter [2725/120000]	lr: 1.000e-04, eta: 1 day, 19:18:49, time: 1.111, data_time: 0.012, memory: 37111, loss_mask: 0.1626, loss_texture: 0.0429, iou: 0.8083, loss: 0.2055
2026-05-01 12:15:10,222 - mmdet - INFO - Iter [2750/120000]	lr: 1.000e-04, eta: 1 day, 19:14:40, time: 1.128, data_time: 0.013, memory: 37111, loss_mask: 0.1440, loss_texture: 0.0443, iou: 0.8208, loss: 0.1883
2026-05-01 12:15:37,913 - mmdet - INFO - Iter [2775/120000]	lr: 1.000e-04, eta: 1 day, 19:10:15, time: 1.108, data_time: 0.013, memory: 37111, loss_mask: 0.1271, loss_texture: 0.0407, iou: 0.8212, loss: 0.1678
2026-05-01 12:16:05,626 - mmdet - INFO - Iter [2800/120000]	lr: 1.000e-04, eta: 1 day, 19:05:54, time: 1.109, data_time: 0.012, memory: 37111, loss_mask: 0.1251, loss_texture: 0.0424, iou: 0.8317, loss: 0.1675
2026-05-01 12:16:33,128 - mmdet - INFO - Iter [2825/120000]	lr: 1.000e-04, eta: 1 day, 19:01:29, time: 1.100, data_time: 0.012, memory: 37111, loss_mask: 0.1170, loss_texture: 0.0389, iou: 0.8301, loss: 0.1559
2026-05-01 12:17:00,664 - mmdet - INFO - Iter [2850/120000]	lr: 1.000e-04, eta: 1 day, 18:57:09, time: 1.101, data_time: 0.012, memory: 37111, loss_mask: 0.1161, loss_texture: 0.0409, iou: 0.8301, loss: 0.1570
2026-05-01 12:17:28,501 - mmdet - INFO - Iter [2875/120000]	lr: 1.000e-04, eta: 1 day, 18:53:06, time: 1.113, data_time: 0.012, memory: 37111, loss_mask: 0.2081, loss_texture: 0.0528, iou: 0.7673, loss: 0.2609
2026-05-01 12:17:55,973 - mmdet - INFO - Iter [2900/120000]	lr: 1.000e-04, eta: 1 day, 18:48:52, time: 1.099, data_time: 0.012, memory: 37111, loss_mask: 0.1736, loss_texture: 0.0495, iou: 0.7794, loss: 0.2231
2026-05-01 12:18:23,730 - mmdet - INFO - Iter [2925/120000]	lr: 1.000e-04, eta: 1 day, 18:44:53, time: 1.110, data_time: 0.012, memory: 37111, loss_mask: 0.1671, loss_texture: 0.0494, iou: 0.8117, loss: 0.2165
2026-05-01 12:18:51,409 - mmdet - INFO - Iter [2950/120000]	lr: 1.000e-04, eta: 1 day, 18:40:54, time: 1.107, data_time: 0.012, memory: 37111, loss_mask: 0.1495, loss_texture: 0.0425, iou: 0.8024, loss: 0.1919
2026-05-01 12:19:18,883 - mmdet - INFO - Iter [2975/120000]	lr: 1.000e-04, eta: 1 day, 18:36:51, time: 1.099, data_time: 0.012, memory: 37111, loss_mask: 0.1280, loss_texture: 0.0421, iou: 0.8050, loss: 0.1701
2026-05-01 12:19:46,468 - mmdet - INFO - 
--- Val evaluation at iter 3000 ---
2026-05-01 12:21:43,679 - mmdet - INFO - 
+------------+-------------+-------------+
| Class      | Val IoU     | Pseudo IoU  |
+------------+-------------+-------------+
| background | 91.33       | 92.68       |
| building   | 62.35       | 69.14       |
| Summary    | mIoU: 76.84 | mIoU: 80.91 |
+------------+-------------+-------------+
Images evaluated: 218
2026-05-01 12:21:45,058 - mmdet - INFO - Exp name: exp8_all.py
2026-05-01 12:21:45,058 - mmdet - INFO - Iter [3000/120000]	lr: 1.000e-04, eta: 1 day, 18:32:56, time: 1.103, data_time: 0.012, memory: 37111, val/mIoU: 0.7684, val/IoU.building: 0.6235, val/IoU.background: 0.9133, val/Pseudo_mIoU: 0.8091, loss_mask: 0.1294, loss_texture: 0.0448, iou: 0.8344, loss: 0.1741
2026-05-01 12:22:12,576 - mmdet - INFO - Iter [3025/120000]	lr: 1.000e-04, eta: 1 day, 19:45:28, time: 5.844, data_time: 4.755, memory: 37111, loss_mask: 0.1271, loss_texture: 0.0427, iou: 0.8291, loss: 0.1698
2026-05-01 12:22:40,145 - mmdet - INFO - Iter [3050/120000]	lr: 1.000e-04, eta: 1 day, 19:41:00, time: 1.103, data_time: 0.012, memory: 37111, loss_mask: 0.1341, loss_texture: 0.0413, iou: 0.8113, loss: 0.1755
2026-05-01 12:23:07,834 - mmdet - INFO - Iter [3075/120000]	lr: 1.000e-04, eta: 1 day, 19:36:41, time: 1.108, data_time: 0.013, memory: 37111, loss_mask: 0.1331, loss_texture: 0.0435, iou: 0.8221, loss: 0.1766
2026-05-01 12:23:35,399 - mmdet - INFO - Iter [3100/120000]	lr: 1.000e-04, eta: 1 day, 19:32:21, time: 1.103, data_time: 0.011, memory: 37111, loss_mask: 0.1350, loss_texture: 0.0443, iou: 0.8119, loss: 0.1793
2026-05-01 12:24:03,092 - mmdet - INFO - Iter [3125/120000]	lr: 1.000e-04, eta: 1 day, 19:28:10, time: 1.108, data_time: 0.012, memory: 37111, loss_mask: 0.1398, loss_texture: 0.0445, iou: 0.8114, loss: 0.1843
2026-05-01 12:24:30,593 - mmdet - INFO - Iter [3150/120000]	lr: 1.000e-04, eta: 1 day, 19:23:55, time: 1.100, data_time: 0.012, memory: 37111, loss_mask: 0.1381, loss_texture: 0.0426, iou: 0.8255, loss: 0.1806
2026-05-01 12:24:58,304 - mmdet - INFO - Iter [3175/120000]	lr: 1.000e-04, eta: 1 day, 19:19:51, time: 1.108, data_time: 0.012, memory: 37111, loss_mask: 0.1362, loss_texture: 0.0427, iou: 0.8213, loss: 0.1789
2026-05-01 12:25:26,068 - mmdet - INFO - Iter [3200/120000]	lr: 1.000e-04, eta: 1 day, 19:15:52, time: 1.111, data_time: 0.012, memory: 37111, loss_mask: 0.1413, loss_texture: 0.0465, iou: 0.8199, loss: 0.1878
2026-05-01 12:25:53,723 - mmdet - INFO - Iter [3225/120000]	lr: 1.000e-04, eta: 1 day, 19:11:53, time: 1.106, data_time: 0.012, memory: 37111, loss_mask: 0.1639, loss_texture: 0.0458, iou: 0.8037, loss: 0.2097
2026-05-01 12:26:21,277 - mmdet - INFO - Iter [3250/120000]	lr: 1.000e-04, eta: 1 day, 19:07:54, time: 1.102, data_time: 0.012, memory: 37111, loss_mask: 0.1183, loss_texture: 0.0366, iou: 0.8369, loss: 0.1549
2026-05-01 12:26:48,774 - mmdet - INFO - Iter [3275/120000]	lr: 1.000e-04, eta: 1 day, 19:03:56, time: 1.100, data_time: 0.012, memory: 37111, loss_mask: 0.1099, loss_texture: 0.0353, iou: 0.8506, loss: 0.1452
2026-05-01 12:27:16,264 - mmdet - INFO - Iter [3300/120000]	lr: 1.000e-04, eta: 1 day, 19:00:00, time: 1.100, data_time: 0.011, memory: 37111, loss_mask: 0.1421, loss_texture: 0.0452, iou: 0.8103, loss: 0.1873
2026-05-01 12:27:43,826 - mmdet - INFO - Iter [3325/120000]	lr: 1.000e-04, eta: 1 day, 18:56:11, time: 1.102, data_time: 0.012, memory: 37111, loss_mask: 0.1250, loss_texture: 0.0392, iou: 0.8158, loss: 0.1642
2026-05-01 12:28:11,519 - mmdet - INFO - Iter [3350/120000]	lr: 1.000e-04, eta: 1 day, 18:52:28, time: 1.108, data_time: 0.012, memory: 37111, loss_mask: 0.1294, loss_texture: 0.0442, iou: 0.8347, loss: 0.1736
2026-05-01 12:28:39,193 - mmdet - INFO - Iter [3375/120000]	lr: 1.000e-04, eta: 1 day, 18:48:49, time: 1.107, data_time: 0.011, memory: 37111, loss_mask: 0.1331, loss_texture: 0.0424, iou: 0.8234, loss: 0.1755
2026-05-01 12:29:06,712 - mmdet - INFO - Iter [3400/120000]	lr: 1.000e-04, eta: 1 day, 18:45:06, time: 1.101, data_time: 0.011, memory: 37111, loss_mask: 0.1253, loss_texture: 0.0387, iou: 0.8228, loss: 0.1640
2026-05-01 12:29:34,847 - mmdet - INFO - Iter [3425/120000]	lr: 1.000e-04, eta: 1 day, 18:41:48, time: 1.125, data_time: 0.013, memory: 37111, loss_mask: 0.1329, loss_texture: 0.0435, iou: 0.8360, loss: 0.1764
2026-05-01 12:30:03,034 - mmdet - INFO - Iter [3450/120000]	lr: 1.000e-04, eta: 1 day, 18:38:33, time: 1.127, data_time: 0.013, memory: 37111, loss_mask: 0.1311, loss_texture: 0.0423, iou: 0.8282, loss: 0.1734
2026-05-01 12:30:30,762 - mmdet - INFO - Iter [3475/120000]	lr: 1.000e-04, eta: 1 day, 18:35:06, time: 1.109, data_time: 0.012, memory: 37111, loss_mask: 0.1253, loss_texture: 0.0435, iou: 0.8184, loss: 0.1688
2026-05-01 12:30:58,345 - mmdet - INFO - 
--- Val evaluation at iter 3500 ---
2026-05-01 12:32:55,287 - mmdet - INFO - 
+------------+-------------+-------------+
| Class      | Val IoU     | Pseudo IoU  |
+------------+-------------+-------------+
| background | 90.99       | 92.68       |
| building   | 60.47       | 69.14       |
| Summary    | mIoU: 75.73 | mIoU: 80.91 |
+------------+-------------+-------------+
Images evaluated: 218
2026-05-01 12:32:56,642 - mmdet - INFO - Iter [3500/120000]	lr: 1.000e-04, eta: 1 day, 18:31:36, time: 1.103, data_time: 0.011, memory: 37111, val/mIoU: 0.7573, val/IoU.building: 0.6047, val/IoU.background: 0.9099, val/Pseudo_mIoU: 0.8091, loss_mask: 0.1254, loss_texture: 0.0430, iou: 0.8395, loss: 0.1683
2026-05-01 12:33:24,287 - mmdet - INFO - Iter [3525/120000]	lr: 1.000e-04, eta: 1 day, 19:33:20, time: 5.838, data_time: 4.744, memory: 37111, loss_mask: 0.1242, loss_texture: 0.0416, iou: 0.8309, loss: 0.1657
2026-05-01 12:33:51,980 - mmdet - INFO - Iter [3550/120000]	lr: 1.000e-04, eta: 1 day, 19:29:31, time: 1.108, data_time: 0.012, memory: 37111, loss_mask: 0.1293, loss_texture: 0.0440, iou: 0.8326, loss: 0.1733
2026-05-01 12:34:19,447 - mmdet - INFO - Iter [3575/120000]	lr: 1.000e-04, eta: 1 day, 19:25:37, time: 1.099, data_time: 0.012, memory: 37111, loss_mask: 0.1235, loss_texture: 0.0397, iou: 0.8319, loss: 0.1631
2026-05-01 12:34:47,045 - mmdet - INFO - Iter [3600/120000]	lr: 1.000e-04, eta: 1 day, 19:21:51, time: 1.104, data_time: 0.011, memory: 37111, loss_mask: 0.1079, loss_texture: 0.0372, iou: 0.8305, loss: 0.1451
2026-05-01 12:35:14,731 - mmdet - INFO - Iter [3625/120000]	lr: 1.000e-04, eta: 1 day, 19:18:09, time: 1.107, data_time: 0.012, memory: 37111, loss_mask: 0.1125, loss_texture: 0.0408, iou: 0.8333, loss: 0.1534
2026-05-01 12:35:42,490 - mmdet - INFO - Iter [3650/120000]	lr: 1.000e-04, eta: 1 day, 19:14:33, time: 1.110, data_time: 0.013, memory: 37111, loss_mask: 0.1111, loss_texture: 0.0398, iou: 0.8553, loss: 0.1510
2026-05-01 12:36:10,102 - mmdet - INFO - Iter [3675/120000]	lr: 1.000e-04, eta: 1 day, 19:10:55, time: 1.104, data_time: 0.012, memory: 37111, loss_mask: 0.1228, loss_texture: 0.0396, iou: 0.8331, loss: 0.1623
2026-05-01 12:36:37,690 - mmdet - INFO - Iter [3700/120000]	lr: 1.000e-04, eta: 1 day, 19:07:19, time: 1.104, data_time: 0.011, memory: 37111, loss_mask: 0.1249, loss_texture: 0.0391, iou: 0.8312, loss: 0.1641
2026-05-01 12:37:05,317 - mmdet - INFO - Iter [3725/120000]	lr: 1.000e-04, eta: 1 day, 19:03:46, time: 1.105, data_time: 0.012, memory: 37111, loss_mask: 0.1086, loss_texture: 0.0372, iou: 0.8648, loss: 0.1459
2026-05-01 12:37:33,052 - mmdet - INFO - Iter [3750/120000]	lr: 1.000e-04, eta: 1 day, 19:00:19, time: 1.109, data_time: 0.013, memory: 37111, loss_mask: 0.1310, loss_texture: 0.0429, iou: 0.8224, loss: 0.1740
2026-05-01 12:38:00,878 - mmdet - INFO - Iter [3775/120000]	lr: 1.000e-04, eta: 1 day, 18:56:58, time: 1.113, data_time: 0.012, memory: 37111, loss_mask: 0.1185, loss_texture: 0.0402, iou: 0.8439, loss: 0.1587
2026-05-01 12:38:28,591 - mmdet - INFO - Iter [3800/120000]	lr: 1.000e-04, eta: 1 day, 18:53:35, time: 1.108, data_time: 0.012, memory: 37111, loss_mask: 0.1308, loss_texture: 0.0442, iou: 0.8304, loss: 0.1751
2026-05-01 12:38:56,269 - mmdet - INFO - Iter [3825/120000]	lr: 1.000e-04, eta: 1 day, 18:50:13, time: 1.107, data_time: 0.012, memory: 37111, loss_mask: 0.1214, loss_texture: 0.0411, iou: 0.8273, loss: 0.1625
2026-05-01 12:39:24,003 - mmdet - INFO - Iter [3850/120000]	lr: 1.000e-04, eta: 1 day, 18:46:55, time: 1.109, data_time: 0.012, memory: 37111, loss_mask: 0.1257, loss_texture: 0.0392, iou: 0.8230, loss: 0.1650
2026-05-01 12:39:51,784 - mmdet - INFO - Iter [3875/120000]	lr: 1.000e-04, eta: 1 day, 18:43:41, time: 1.111, data_time: 0.012, memory: 37111, loss_mask: 0.1180, loss_texture: 0.0420, iou: 0.8459, loss: 0.1600
2026-05-01 12:40:19,576 - mmdet - INFO - Iter [3900/120000]	lr: 1.000e-04, eta: 1 day, 18:40:30, time: 1.112, data_time: 0.012, memory: 37111, loss_mask: 0.1085, loss_texture: 0.0368, iou: 0.8479, loss: 0.1453
2026-05-01 12:40:48,152 - mmdet - INFO - Iter [3925/120000]	lr: 1.000e-04, eta: 1 day, 18:37:43, time: 1.143, data_time: 0.014, memory: 37111, loss_mask: 0.1085, loss_texture: 0.0354, iou: 0.8435, loss: 0.1438
2026-05-01 12:41:15,975 - mmdet - INFO - Iter [3950/120000]	lr: 1.000e-04, eta: 1 day, 18:34:37, time: 1.113, data_time: 0.011, memory: 37111, loss_mask: 0.1157, loss_texture: 0.0422, iou: 0.8364, loss: 0.1579
2026-05-01 12:41:43,688 - mmdet - INFO - Iter [3975/120000]	lr: 1.000e-04, eta: 1 day, 18:31:29, time: 1.108, data_time: 0.012, memory: 37111, loss_mask: 0.1064, loss_texture: 0.0377, iou: 0.8351, loss: 0.1441
2026-05-01 12:42:11,510 - mmdet - INFO - 
--- Val evaluation at iter 4000 ---
2026-05-01 12:44:08,153 - mmdet - INFO - 
+------------+-------------+-------------+
| Class      | Val IoU     | Pseudo IoU  |
+------------+-------------+-------------+
| background | 89.66       | 92.68       |
| building   | 52.43       | 69.14       |
| Summary    | mIoU: 71.04 | mIoU: 80.91 |
+------------+-------------+-------------+
Images evaluated: 218
2026-05-01 12:44:09,528 - mmdet - INFO - Exp name: exp8_all.py
2026-05-01 12:44:09,528 - mmdet - INFO - Iter [4000/120000]	lr: 1.000e-04, eta: 1 day, 18:28:26, time: 1.113, data_time: 0.012, memory: 37111, val/mIoU: 0.7104, val/IoU.building: 0.5243, val/IoU.background: 0.8966, val/Pseudo_mIoU: 0.8091, loss_mask: 0.1250, loss_texture: 0.0420, iou: 0.8450, loss: 0.1671
2026-05-01 12:44:37,123 - mmdet - INFO - Iter [4025/120000]	lr: 1.000e-04, eta: 1 day, 19:21:59, time: 5.824, data_time: 4.733, memory: 37111, loss_mask: 0.1171, loss_texture: 0.0392, iou: 0.8459, loss: 0.1563
2026-05-01 12:45:04,666 - mmdet - INFO - Iter [4050/120000]	lr: 1.000e-04, eta: 1 day, 19:18:31, time: 1.102, data_time: 0.012, memory: 37111, loss_mask: 0.1320, loss_texture: 0.0422, iou: 0.8325, loss: 0.1742
2026-05-01 12:45:32,364 - mmdet - INFO - Iter [4075/120000]	lr: 1.000e-04, eta: 1 day, 19:15:09, time: 1.108, data_time: 0.012, memory: 37111, loss_mask: 0.1301, loss_texture: 0.0427, iou: 0.8443, loss: 0.1728
2026-05-01 12:46:00,245 - mmdet - INFO - Iter [4100/120000]	lr: 1.000e-04, eta: 1 day, 19:11:54, time: 1.115, data_time: 0.012, memory: 37111, loss_mask: 0.1322, loss_texture: 0.0414, iou: 0.8188, loss: 0.1736
2026-05-01 12:46:27,945 - mmdet - INFO - Iter [4125/120000]	lr: 1.000e-04, eta: 1 day, 19:08:36, time: 1.108, data_time: 0.012, memory: 37111, loss_mask: 0.1468, loss_texture: 0.0428, iou: 0.8138, loss: 0.1895
2026-05-01 12:46:55,594 - mmdet - INFO - Iter [4150/120000]	lr: 1.000e-04, eta: 1 day, 19:05:19, time: 1.106, data_time: 0.011, memory: 37111, loss_mask: 0.1354, loss_texture: 0.0437, iou: 0.8017, loss: 0.1791
2026-05-01 12:47:23,335 - mmdet - INFO - Iter [4175/120000]	lr: 1.000e-04, eta: 1 day, 19:02:07, time: 1.110, data_time: 0.012, memory: 37111, loss_mask: 0.1533, loss_texture: 0.0471, iou: 0.7996, loss: 0.2003
2026-05-01 12:47:51,225 - mmdet - INFO - Iter [4200/120000]	lr: 1.000e-04, eta: 1 day, 18:59:00, time: 1.116, data_time: 0.012, memory: 37111, loss_mask: 0.1148, loss_texture: 0.0392, iou: 0.8262, loss: 0.1540
2026-05-01 12:48:19,030 - mmdet - INFO - Iter [4225/120000]	lr: 1.000e-04, eta: 1 day, 18:55:53, time: 1.112, data_time: 0.012, memory: 37111, loss_mask: 0.1244, loss_texture: 0.0429, iou: 0.8477, loss: 0.1673
2026-05-01 12:48:47,391 - mmdet - INFO - Iter [4250/120000]	lr: 1.000e-04, eta: 1 day, 18:53:03, time: 1.134, data_time: 0.013, memory: 37111, loss_mask: 0.1172, loss_texture: 0.0417, iou: 0.8456, loss: 0.1589
2026-05-01 12:49:15,298 - mmdet - INFO - Iter [4275/120000]	lr: 1.000e-04, eta: 1 day, 18:50:03, time: 1.116, data_time: 0.012, memory: 37111, loss_mask: 0.1329, loss_texture: 0.0415, iou: 0.8385, loss: 0.1744
2026-05-01 12:49:43,080 - mmdet - INFO - Iter [4300/120000]	lr: 1.000e-04, eta: 1 day, 18:47:01, time: 1.111, data_time: 0.012, memory: 37111, loss_mask: 0.1197, loss_texture: 0.0420, iou: 0.8276, loss: 0.1616
2026-05-01 12:50:10,801 - mmdet - INFO - Iter [4325/120000]	lr: 1.000e-04, eta: 1 day, 18:43:59, time: 1.109, data_time: 0.012, memory: 37111, loss_mask: 0.1046, loss_texture: 0.0363, iou: 0.8360, loss: 0.1409
2026-05-01 12:50:38,630 - mmdet - INFO - Iter [4350/120000]	lr: 1.000e-04, eta: 1 day, 18:41:01, time: 1.113, data_time: 0.012, memory: 37111, loss_mask: 0.0970, loss_texture: 0.0339, iou: 0.8478, loss: 0.1309
2026-05-01 12:51:06,605 - mmdet - INFO - Iter [4375/120000]	lr: 1.000e-04, eta: 1 day, 18:38:10, time: 1.119, data_time: 0.012, memory: 37111, loss_mask: 0.1237, loss_texture: 0.0427, iou: 0.8400, loss: 0.1664
2026-05-01 12:51:34,453 - mmdet - INFO - Iter [4400/120000]	lr: 1.000e-04, eta: 1 day, 18:35:16, time: 1.114, data_time: 0.012, memory: 37111, loss_mask: 0.1470, loss_texture: 0.0429, iou: 0.8242, loss: 0.1899
2026-05-01 12:52:02,078 - mmdet - INFO - Iter [4425/120000]	lr: 1.000e-04, eta: 1 day, 18:32:18, time: 1.105, data_time: 0.012, memory: 37111, loss_mask: 0.1310, loss_texture: 0.0407, iou: 0.8248, loss: 0.1717
2026-05-01 12:52:29,702 - mmdet - INFO - Iter [4450/120000]	lr: 1.000e-04, eta: 1 day, 18:29:22, time: 1.105, data_time: 0.012, memory: 37111, loss_mask: 0.1401, loss_texture: 0.0439, iou: 0.8198, loss: 0.1840
2026-05-01 12:52:57,286 - mmdet - INFO - Iter [4475/120000]	lr: 1.000e-04, eta: 1 day, 18:26:27, time: 1.103, data_time: 0.012, memory: 37111, loss_mask: 0.1340, loss_texture: 0.0420, iou: 0.8249, loss: 0.1759
2026-05-01 12:53:24,966 - mmdet - INFO - 
--- Val evaluation at iter 4500 ---
2026-05-01 12:55:22,077 - mmdet - INFO - 
+------------+-------------+-------------+
| Class      | Val IoU     | Pseudo IoU  |
+------------+-------------+-------------+
| background | 91.58       | 92.68       |
| building   | 64.04       | 69.14       |
| Summary    | mIoU: 77.81 | mIoU: 80.91 |
+------------+-------------+-------------+
Images evaluated: 218
2026-05-01 12:55:23,422 - mmdet - INFO - Iter [4500/120000]	lr: 1.000e-04, eta: 1 day, 18:23:36, time: 1.107, data_time: 0.012, memory: 37111, val/mIoU: 0.7781, val/IoU.building: 0.6404, val/IoU.background: 0.9158, val/Pseudo_mIoU: 0.8091, loss_mask: 0.1207, loss_texture: 0.0398, iou: 0.8450, loss: 0.1605
2026-05-01 12:55:51,044 - mmdet - INFO - Iter [4525/120000]	lr: 1.000e-04, eta: 1 day, 19:11:08, time: 5.843, data_time: 4.752, memory: 37111, loss_mask: 0.1216, loss_texture: 0.0389, iou: 0.8494, loss: 0.1605
2026-05-01 12:56:18,846 - mmdet - INFO - Iter [4550/120000]	lr: 1.000e-04, eta: 1 day, 19:08:05, time: 1.112, data_time: 0.012, memory: 37111, loss_mask: 0.1092, loss_texture: 0.0408, iou: 0.8580, loss: 0.1500
2026-05-01 12:56:46,820 - mmdet - INFO - Iter [4575/120000]	lr: 1.000e-04, eta: 1 day, 19:05:09, time: 1.119, data_time: 0.012, memory: 37111, loss_mask: 0.1174, loss_texture: 0.0433, iou: 0.8485, loss: 0.1607
2026-05-01 12:57:14,369 - mmdet - INFO - Iter [4600/120000]	lr: 1.000e-04, eta: 1 day, 19:02:04, time: 1.102, data_time: 0.012, memory: 37111, loss_mask: 0.1042, loss_texture: 0.0380, iou: 0.8481, loss: 0.1422
2026-05-01 12:57:42,117 - mmdet - INFO - Iter [4625/120000]	lr: 1.000e-04, eta: 1 day, 18:59:05, time: 1.110, data_time: 0.012, memory: 37111, loss_mask: 0.1099, loss_texture: 0.0407, iou: 0.8558, loss: 0.1506
2026-05-01 12:58:09,726 - mmdet - INFO - Iter [4650/120000]	lr: 1.000e-04, eta: 1 day, 18:56:05, time: 1.104, data_time: 0.012, memory: 37111, loss_mask: 0.0988, loss_texture: 0.0355, iou: 0.8606, loss: 0.1343
2026-05-01 12:58:37,587 - mmdet - INFO - Iter [4675/120000]	lr: 1.000e-04, eta: 1 day, 18:53:12, time: 1.114, data_time: 0.012, memory: 37111, loss_mask: 0.1048, loss_texture: 0.0378, iou: 0.8345, loss: 0.1426
2026-05-01 12:59:05,290 - mmdet - INFO - Iter [4700/120000]	lr: 1.000e-04, eta: 1 day, 18:50:17, time: 1.108, data_time: 0.012, memory: 37111, loss_mask: 0.1030, loss_texture: 0.0370, iou: 0.8378, loss: 0.1400
2026-05-01 12:59:32,811 - mmdet - INFO - Iter [4725/120000]	lr: 1.000e-04, eta: 1 day, 18:47:20, time: 1.101, data_time: 0.012, memory: 37111, loss_mask: 0.1136, loss_texture: 0.0395, iou: 0.8405, loss: 0.1531
2026-05-01 13:00:00,391 - mmdet - INFO - Iter [4750/120000]	lr: 1.000e-04, eta: 1 day, 18:44:25, time: 1.103, data_time: 0.012, memory: 37111, loss_mask: 0.1003, loss_texture: 0.0375, iou: 0.8572, loss: 0.1378
2026-05-01 13:00:27,947 - mmdet - INFO - Iter [4775/120000]	lr: 1.000e-04, eta: 1 day, 18:41:31, time: 1.102, data_time: 0.012, memory: 37111, loss_mask: 0.0968, loss_texture: 0.0355, iou: 0.8541, loss: 0.1323
2026-05-01 13:00:55,483 - mmdet - INFO - Iter [4800/120000]	lr: 1.000e-04, eta: 1 day, 18:38:38, time: 1.101, data_time: 0.012, memory: 37111, loss_mask: 0.1086, loss_texture: 0.0375, iou: 0.8454, loss: 0.1461
2026-05-01 13:01:23,270 - mmdet - INFO - Iter [4825/120000]	lr: 1.000e-04, eta: 1 day, 18:35:53, time: 1.111, data_time: 0.012, memory: 37111, loss_mask: 0.1254, loss_texture: 0.0425, iou: 0.8312, loss: 0.1679
2026-05-01 13:01:51,300 - mmdet - INFO - Iter [4850/120000]	lr: 1.000e-04, eta: 1 day, 18:33:15, time: 1.121, data_time: 0.012, memory: 37111, loss_mask: 0.1188, loss_texture: 0.0403, iou: 0.8519, loss: 0.1591
2026-05-01 13:02:19,195 - mmdet - INFO - Iter [4875/120000]	lr: 1.000e-04, eta: 1 day, 18:30:35, time: 1.116, data_time: 0.012, memory: 37111, loss_mask: 0.1115, loss_texture: 0.0405, iou: 0.8389, loss: 0.1520
2026-05-01 13:02:46,988 - mmdet - INFO - Iter [4900/120000]	lr: 1.000e-04, eta: 1 day, 18:27:54, time: 1.112, data_time: 0.012, memory: 37111, loss_mask: 0.1056, loss_texture: 0.0401, iou: 0.8576, loss: 0.1457
2026-05-01 13:03:14,560 - mmdet - INFO - Iter [4925/120000]	lr: 1.000e-04, eta: 1 day, 18:25:09, time: 1.103, data_time: 0.012, memory: 37111, loss_mask: 0.0971, loss_texture: 0.0367, iou: 0.8587, loss: 0.1338
2026-05-01 13:03:42,114 - mmdet - INFO - Iter [4950/120000]	lr: 1.000e-04, eta: 1 day, 18:22:25, time: 1.102, data_time: 0.012, memory: 37111, loss_mask: 0.1083, loss_texture: 0.0416, iou: 0.8506, loss: 0.1499
2026-05-01 13:04:09,798 - mmdet - INFO - Iter [4975/120000]	lr: 1.000e-04, eta: 1 day, 18:19:46, time: 1.107, data_time: 0.012, memory: 37111, loss_mask: 0.1097, loss_texture: 0.0392, iou: 0.8456, loss: 0.1490
2026-05-01 13:04:37,562 - mmdet - INFO - 
--- Val evaluation at iter 5000 ---
2026-05-01 13:06:34,953 - mmdet - INFO - 
+------------+-------------+-------------+
| Class      | Val IoU     | Pseudo IoU  |
+------------+-------------+-------------+
| background | 91.43       | 92.68       |
| building   | 63.01       | 69.14       |
| Summary    | mIoU: 77.22 | mIoU: 80.91 |
+------------+-------------+-------------+
Images evaluated: 218
2026-05-01 13:06:36,303 - mmdet - INFO - Exp name: exp8_all.py
2026-05-01 13:06:36,303 - mmdet - INFO - Iter [5000/120000]	lr: 1.000e-04, eta: 1 day, 18:17:09, time: 1.111, data_time: 0.012, memory: 37111, val/mIoU: 0.7722, val/IoU.building: 0.6301, val/IoU.background: 0.9143, val/Pseudo_mIoU: 0.8091, loss_mask: 0.1048, loss_texture: 0.0357, iou: 0.8423, loss: 0.1405
2026-05-01 13:07:04,047 - mmdet - INFO - Iter [5025/120000]	lr: 1.000e-04, eta: 1 day, 18:59:51, time: 5.859, data_time: 4.761, memory: 37111, loss_mask: 0.1055, loss_texture: 0.0380, iou: 0.8425, loss: 0.1434
2026-05-01 13:07:31,769 - mmdet - INFO - Iter [5050/120000]	lr: 1.000e-04, eta: 1 day, 18:57:02, time: 1.109, data_time: 0.012, memory: 37111, loss_mask: 0.1030, loss_texture: 0.0380, iou: 0.8520, loss: 0.1410
2026-05-01 13:07:59,473 - mmdet - INFO - Iter [5075/120000]	lr: 1.000e-04, eta: 1 day, 18:54:14, time: 1.108, data_time: 0.012, memory: 37111, loss_mask: 0.1001, loss_texture: 0.0349, iou: 0.8683, loss: 0.1350
2026-05-01 13:08:27,327 - mmdet - INFO - Iter [5100/120000]	lr: 1.000e-04, eta: 1 day, 18:51:31, time: 1.114, data_time: 0.012, memory: 37111, loss_mask: 0.1135, loss_texture: 0.0372, iou: 0.8365, loss: 0.1506
2026-05-01 13:08:55,180 - mmdet - INFO - Iter [5125/120000]	lr: 1.000e-04, eta: 1 day, 18:48:49, time: 1.114, data_time: 0.012, memory: 37111, loss_mask: 0.1340, loss_texture: 0.0455, iou: 0.8313, loss: 0.1795
2026-05-01 13:09:22,992 - mmdet - INFO - Iter [5150/120000]	lr: 1.000e-04, eta: 1 day, 18:46:08, time: 1.112, data_time: 0.012, memory: 37111, loss_mask: 0.1108, loss_texture: 0.0401, iou: 0.8326, loss: 0.1509
2026-05-01 13:09:50,709 - mmdet - INFO - Iter [5175/120000]	lr: 1.000e-04, eta: 1 day, 18:43:26, time: 1.109, data_time: 0.012, memory: 37111, loss_mask: 0.1174, loss_texture: 0.0390, iou: 0.8309, loss: 0.1564
2026-05-01 13:10:18,447 - mmdet - INFO - Iter [5200/120000]	lr: 1.000e-04, eta: 1 day, 18:40:45, time: 1.109, data_time: 0.012, memory: 37111, loss_mask: 0.1150, loss_texture: 0.0406, iou: 0.8316, loss: 0.1556
2026-05-01 13:10:45,950 - mmdet - INFO - Iter [5225/120000]	lr: 1.000e-04, eta: 1 day, 18:38:01, time: 1.100, data_time: 0.012, memory: 37111, loss_mask: 0.1101, loss_texture: 0.0394, iou: 0.8532, loss: 0.1495
2026-05-01 13:11:13,567 - mmdet - INFO - Iter [5250/120000]	lr: 1.000e-04, eta: 1 day, 18:35:21, time: 1.105, data_time: 0.012, memory: 37111, loss_mask: 0.1049, loss_texture: 0.0369, iou: 0.8604, loss: 0.1418
2026-05-01 13:11:41,105 - mmdet - INFO - Iter [5275/120000]	lr: 1.000e-04, eta: 1 day, 18:32:40, time: 1.101, data_time: 0.012, memory: 37111, loss_mask: 0.1084, loss_texture: 0.0399, iou: 0.8543, loss: 0.1483
2026-05-01 13:12:08,786 - mmdet - INFO - Iter [5300/120000]	lr: 1.000e-04, eta: 1 day, 18:30:03, time: 1.107, data_time: 0.012, memory: 37111, loss_mask: 0.1020, loss_texture: 0.0372, iou: 0.8670, loss: 0.1392
2026-05-01 13:12:36,475 - mmdet - INFO - Iter [5325/120000]	lr: 1.000e-04, eta: 1 day, 18:27:28, time: 1.108, data_time: 0.012, memory: 37111, loss_mask: 0.1196, loss_texture: 0.0392, iou: 0.8579, loss: 0.1588
2026-05-01 13:13:03,998 - mmdet - INFO - Iter [5350/120000]	lr: 1.000e-04, eta: 1 day, 18:24:50, time: 1.101, data_time: 0.012, memory: 37111, loss_mask: 0.1305, loss_texture: 0.0383, iou: 0.8047, loss: 0.1688
2026-05-01 13:13:31,589 - mmdet - INFO - Iter [5375/120000]	lr: 1.000e-04, eta: 1 day, 18:22:15, time: 1.104, data_time: 0.012, memory: 37111, loss_mask: 0.1162, loss_texture: 0.0390, iou: 0.8439, loss: 0.1552
2026-05-01 13:13:59,109 - mmdet - INFO - Iter [5400/120000]	lr: 1.000e-04, eta: 1 day, 18:19:40, time: 1.101, data_time: 0.012, memory: 37111, loss_mask: 0.1524, loss_texture: 0.0459, iou: 0.8077, loss: 0.1982
2026-05-01 13:14:26,658 - mmdet - INFO - Iter [5425/120000]	lr: 1.000e-04, eta: 1 day, 18:17:06, time: 1.102, data_time: 0.012, memory: 37111, loss_mask: 0.1305, loss_texture: 0.0396, iou: 0.8278, loss: 0.1701
2026-05-01 13:14:54,223 - mmdet - INFO - Iter [5450/120000]	lr: 1.000e-04, eta: 1 day, 18:14:34, time: 1.103, data_time: 0.012, memory: 37111, loss_mask: 0.1067, loss_texture: 0.0380, iou: 0.8542, loss: 0.1447
2026-05-01 13:15:21,934 - mmdet - INFO - Iter [5475/120000]	lr: 1.000e-04, eta: 1 day, 18:12:07, time: 1.108, data_time: 0.012, memory: 37111, loss_mask: 0.1110, loss_texture: 0.0422, iou: 0.8561, loss: 0.1532
2026-05-01 13:15:49,749 - mmdet - INFO - 
--- Val evaluation at iter 5500 ---
2026-05-01 13:17:47,116 - mmdet - INFO - 
+------------+-------------+-------------+
| Class      | Val IoU     | Pseudo IoU  |
+------------+-------------+-------------+
| background | 91.74       | 92.68       |
| building   | 64.37       | 69.14       |
| Summary    | mIoU: 78.05 | mIoU: 80.91 |
+------------+-------------+-------------+
Images evaluated: 218
2026-05-01 13:17:48,463 - mmdet - INFO - Iter [5500/120000]	lr: 1.000e-04, eta: 1 day, 18:09:42, time: 1.113, data_time: 0.012, memory: 37111, val/mIoU: 0.7805, val/IoU.building: 0.6437, val/IoU.background: 0.9174, val/Pseudo_mIoU: 0.8091, loss_mask: 0.1054, loss_texture: 0.0389, iou: 0.8508, loss: 0.1442
2026-05-01 13:18:16,103 - mmdet - INFO - Iter [5525/120000]	lr: 1.000e-04, eta: 1 day, 18:48:15, time: 5.854, data_time: 4.760, memory: 37111, loss_mask: 0.0972, loss_texture: 0.0353, iou: 0.8539, loss: 0.1325
2026-05-01 13:18:43,807 - mmdet - INFO - Iter [5550/120000]	lr: 1.000e-04, eta: 1 day, 18:45:38, time: 1.108, data_time: 0.012, memory: 37111, loss_mask: 0.1108, loss_texture: 0.0409, iou: 0.8518, loss: 0.1517
2026-05-01 13:19:11,407 - mmdet - INFO - Iter [5575/120000]	lr: 1.000e-04, eta: 1 day, 18:43:01, time: 1.104, data_time: 0.012, memory: 37111, loss_mask: 0.1103, loss_texture: 0.0381, iou: 0.8554, loss: 0.1484
2026-05-01 13:19:39,054 - mmdet - INFO - Iter [5600/120000]	lr: 1.000e-04, eta: 1 day, 18:40:26, time: 1.106, data_time: 0.012, memory: 37111, loss_mask: 0.1020, loss_texture: 0.0385, iou: 0.8586, loss: 0.1405
2026-05-01 13:20:06,647 - mmdet - INFO - Iter [5625/120000]	lr: 1.000e-04, eta: 1 day, 18:37:51, time: 1.104, data_time: 0.012, memory: 37111, loss_mask: 0.1067, loss_texture: 0.0404, iou: 0.8583, loss: 0.1471
2026-05-01 13:20:34,215 - mmdet - INFO - Iter [5650/120000]	lr: 1.000e-04, eta: 1 day, 18:35:16, time: 1.103, data_time: 0.012, memory: 37111, loss_mask: 0.1013, loss_texture: 0.0367, iou: 0.8361, loss: 0.1380
2026-05-01 13:21:01,966 - mmdet - INFO - Iter [5675/120000]	lr: 1.000e-04, eta: 1 day, 18:32:46, time: 1.110, data_time: 0.012, memory: 37111, loss_mask: 0.1130, loss_texture: 0.0387, iou: 0.8563, loss: 0.1517
2026-05-01 13:21:29,479 - mmdet - INFO - Iter [5700/120000]	lr: 1.000e-04, eta: 1 day, 18:30:13, time: 1.101, data_time: 0.012, memory: 37111, loss_mask: 0.0925, loss_texture: 0.0339, iou: 0.8546, loss: 0.1264
2026-05-01 13:21:57,025 - mmdet - INFO - Iter [5725/120000]	lr: 1.000e-04, eta: 1 day, 18:27:41, time: 1.102, data_time: 0.011, memory: 37111, loss_mask: 0.1344, loss_texture: 0.0387, iou: 0.8240, loss: 0.1731
2026-05-01 13:22:24,709 - mmdet - INFO - Iter [5750/120000]	lr: 1.000e-04, eta: 1 day, 18:25:14, time: 1.107, data_time: 0.011, memory: 37111, loss_mask: 0.1341, loss_texture: 0.0431, iou: 0.8307, loss: 0.1771
2026-05-01 13:22:52,326 - mmdet - INFO - Iter [5775/120000]	lr: 1.000e-04, eta: 1 day, 18:22:45, time: 1.105, data_time: 0.012, memory: 37111, loss_mask: 0.1284, loss_texture: 0.0415, iou: 0.8354, loss: 0.1700
2026-05-01 13:23:19,916 - mmdet - INFO - Iter [5800/120000]	lr: 1.000e-04, eta: 1 day, 18:20:18, time: 1.104, data_time: 0.012, memory: 37111, loss_mask: 0.1041, loss_texture: 0.0359, iou: 0.8380, loss: 0.1400
2026-05-01 13:23:47,499 - mmdet - INFO - Iter [5825/120000]	lr: 1.000e-04, eta: 1 day, 18:17:51, time: 1.103, data_time: 0.012, memory: 37111, loss_mask: 0.0948, loss_texture: 0.0359, iou: 0.8772, loss: 0.1307
2026-05-01 13:24:15,253 - mmdet - INFO - Iter [5850/120000]	lr: 1.000e-04, eta: 1 day, 18:15:29, time: 1.110, data_time: 0.012, memory: 37111, loss_mask: 0.1197, loss_texture: 0.0390, iou: 0.8567, loss: 0.1587
2026-05-01 13:24:42,847 - mmdet - INFO - Iter [5875/120000]	lr: 1.000e-04, eta: 1 day, 18:13:04, time: 1.104, data_time: 0.012, memory: 37111, loss_mask: 0.1493, loss_texture: 0.0396, iou: 0.8091, loss: 0.1889
2026-05-01 13:25:10,526 - mmdet - INFO - Iter [5900/120000]	lr: 1.000e-04, eta: 1 day, 18:10:42, time: 1.107, data_time: 0.012, memory: 37111, loss_mask: 0.1439, loss_texture: 0.0437, iou: 0.8112, loss: 0.1876
2026-05-01 13:25:37,971 - mmdet - INFO - Iter [5925/120000]	lr: 1.000e-04, eta: 1 day, 18:08:17, time: 1.098, data_time: 0.012, memory: 37111, loss_mask: 0.1098, loss_texture: 0.0365, iou: 0.8410, loss: 0.1463
2026-05-01 13:26:05,511 - mmdet - INFO - Iter [5950/120000]	lr: 1.000e-04, eta: 1 day, 18:05:54, time: 1.102, data_time: 0.012, memory: 37111, loss_mask: 0.1096, loss_texture: 0.0396, iou: 0.8369, loss: 0.1492
2026-05-01 13:26:33,177 - mmdet - INFO - Iter [5975/120000]	lr: 1.000e-04, eta: 1 day, 18:03:35, time: 1.107, data_time: 0.012, memory: 37111, loss_mask: 0.0974, loss_texture: 0.0384, iou: 0.8638, loss: 0.1358
2026-05-01 13:27:00,901 - mmdet - INFO - 
--- Val evaluation at iter 6000 ---
2026-05-01 13:28:57,830 - mmdet - INFO - 
+------------+-------------+-------------+
| Class      | Val IoU     | Pseudo IoU  |
+------------+-------------+-------------+
| background | 92.02       | 92.68       |
| building   | 66.23       | 69.14       |
| Summary    | mIoU: 79.12 | mIoU: 80.91 |
+------------+-------------+-------------+
Images evaluated: 218
2026-05-01 13:29:00,369 - mmdet - INFO - ★ New best mIoU: 79.12% (prev: 78.21%, Δ=+0.91%) → saved to /home/ubuntu/vy/Denoiser/SegRefiner/work_dirs/exp8_all/best_model.pth
2026-05-01 13:29:00,374 - mmdet - INFO - Exp name: exp8_all.py
2026-05-01 13:29:00,374 - mmdet - INFO - Iter [6000/120000]	lr: 1.000e-04, eta: 1 day, 18:01:18, time: 1.109, data_time: 0.012, memory: 37111, val/mIoU: 0.7912, val/IoU.building: 0.6623, val/IoU.background: 0.9202, val/Pseudo_mIoU: 0.8091, loss_mask: 0.1004, loss_texture: 0.0389, iou: 0.8772, loss: 0.1393
2026-05-01 13:29:28,003 - mmdet - INFO - Iter [6025/120000]	lr: 1.000e-04, eta: 1 day, 18:36:40, time: 5.884, data_time: 4.791, memory: 37111, loss_mask: 0.0830, loss_texture: 0.0305, iou: 0.8657, loss: 0.1135
2026-05-01 13:29:55,704 - mmdet - INFO - Iter [6050/120000]	lr: 1.000e-04, eta: 1 day, 18:34:14, time: 1.108, data_time: 0.012, memory: 37111, loss_mask: 0.1075, loss_texture: 0.0402, iou: 0.8568, loss: 0.1477
2026-05-01 13:30:23,328 - mmdet - INFO - Iter [6075/120000]	lr: 1.000e-04, eta: 1 day, 18:31:48, time: 1.105, data_time: 0.012, memory: 37111, loss_mask: 0.1092, loss_texture: 0.0361, iou: 0.8259, loss: 0.1453
2026-05-01 13:30:51,037 - mmdet - INFO - Iter [6100/120000]	lr: 1.000e-04, eta: 1 day, 18:29:24, time: 1.108, data_time: 0.012, memory: 37111, loss_mask: 0.1035, loss_texture: 0.0378, iou: 0.8530, loss: 0.1414
2026-05-01 13:31:18,591 - mmdet - INFO - Iter [6125/120000]	lr: 1.000e-04, eta: 1 day, 18:26:59, time: 1.102, data_time: 0.011, memory: 37111, loss_mask: 0.0946, loss_texture: 0.0335, iou: 0.8417, loss: 0.1281
2026-05-01 13:31:46,236 - mmdet - INFO - Iter [6150/120000]	lr: 1.000e-04, eta: 1 day, 18:24:36, time: 1.106, data_time: 0.012, memory: 37111, loss_mask: 0.1111, loss_texture: 0.0386, iou: 0.8494, loss: 0.1497
2026-05-01 13:32:14,575 - mmdet - INFO - Iter [6175/120000]	lr: 1.000e-04, eta: 1 day, 18:22:27, time: 1.134, data_time: 0.013, memory: 37111, loss_mask: 0.1008, loss_texture: 0.0366, iou: 0.8729, loss: 0.1373
2026-05-01 13:32:42,554 - mmdet - INFO - Iter [6200/120000]	lr: 1.000e-04, eta: 1 day, 18:20:12, time: 1.119, data_time: 0.013, memory: 37111, loss_mask: 0.1075, loss_texture: 0.0350, iou: 0.8364, loss: 0.1425
2026-05-01 13:33:10,371 - mmdet - INFO - Iter [6225/120000]	lr: 1.000e-04, eta: 1 day, 18:17:55, time: 1.113, data_time: 0.012, memory: 37111, loss_mask: 0.1018, loss_texture: 0.0396, iou: 0.8566, loss: 0.1415
2026-05-01 13:33:38,090 - mmdet - INFO - Iter [6250/120000]	lr: 1.000e-04, eta: 1 day, 18:15:37, time: 1.109, data_time: 0.012, memory: 37111, loss_mask: 0.0937, loss_texture: 0.0364, iou: 0.8732, loss: 0.1301
2026-05-01 13:34:05,605 - mmdet - INFO - Iter [6275/120000]	lr: 1.000e-04, eta: 1 day, 18:13:16, time: 1.101, data_time: 0.012, memory: 37111, loss_mask: 0.0966, loss_texture: 0.0376, iou: 0.8775, loss: 0.1342
2026-05-01 13:34:33,206 - mmdet - INFO - Iter [6300/120000]	lr: 1.000e-04, eta: 1 day, 18:10:58, time: 1.104, data_time: 0.012, memory: 37111, loss_mask: 0.0946, loss_texture: 0.0357, iou: 0.8567, loss: 0.1303
2026-05-01 13:35:00,788 - mmdet - INFO - Iter [6325/120000]	lr: 1.000e-04, eta: 1 day, 18:08:40, time: 1.103, data_time: 0.011, memory: 37111, loss_mask: 0.1012, loss_texture: 0.0371, iou: 0.8525, loss: 0.1382
2026-05-01 13:35:28,366 - mmdet - INFO - Iter [6350/120000]	lr: 1.000e-04, eta: 1 day, 18:06:23, time: 1.103, data_time: 0.012, memory: 37111, loss_mask: 0.0956, loss_texture: 0.0356, iou: 0.8548, loss: 0.1312
2026-05-01 13:35:55,900 - mmdet - INFO - Iter [6375/120000]	lr: 1.000e-04, eta: 1 day, 18:04:06, time: 1.101, data_time: 0.012, memory: 37111, loss_mask: 0.1108, loss_texture: 0.0414, iou: 0.8526, loss: 0.1522
2026-05-01 13:36:23,444 - mmdet - INFO - Iter [6400/120000]	lr: 1.000e-04, eta: 1 day, 18:01:50, time: 1.102, data_time: 0.012, memory: 37111, loss_mask: 0.0973, loss_texture: 0.0375, iou: 0.8643, loss: 0.1349
2026-05-01 13:36:51,057 - mmdet - INFO - Iter [6425/120000]	lr: 1.000e-04, eta: 1 day, 17:59:37, time: 1.105, data_time: 0.012, memory: 37111, loss_mask: 0.0962, loss_texture: 0.0383, iou: 0.8557, loss: 0.1345
2026-05-01 13:37:18,540 - mmdet - INFO - Iter [6450/120000]	lr: 1.000e-04, eta: 1 day, 17:57:21, time: 1.099, data_time: 0.012, memory: 37111, loss_mask: 0.0992, loss_texture: 0.0365, iou: 0.8603, loss: 0.1357
2026-05-01 13:37:46,235 - mmdet - INFO - Iter [6475/120000]	lr: 1.000e-04, eta: 1 day, 17:55:11, time: 1.108, data_time: 0.012, memory: 37111, loss_mask: 0.1157, loss_texture: 0.0399, iou: 0.8293, loss: 0.1556
2026-05-01 13:38:13,942 - mmdet - INFO - 
--- Val evaluation at iter 6500 ---
2026-05-01 13:40:10,634 - mmdet - INFO - 
+------------+-------------+-------------+
| Class      | Val IoU     | Pseudo IoU  |
+------------+-------------+-------------+
| background | 91.76       | 92.68       |
| building   | 64.37       | 69.14       |
| Summary    | mIoU: 78.07 | mIoU: 80.91 |
+------------+-------------+-------------+
Images evaluated: 218
2026-05-01 13:40:11,979 - mmdet - INFO - Iter [6500/120000]	lr: 1.000e-04, eta: 1 day, 17:53:01, time: 1.108, data_time: 0.012, memory: 37111, val/mIoU: 0.7807, val/IoU.building: 0.6437, val/IoU.background: 0.9176, val/Pseudo_mIoU: 0.8091, loss_mask: 0.0950, loss_texture: 0.0368, iou: 0.8630, loss: 0.1318
2026-05-01 13:40:39,568 - mmdet - INFO - Iter [6525/120000]	lr: 1.000e-04, eta: 1 day, 18:25:03, time: 5.825, data_time: 4.733, memory: 37111, loss_mask: 0.0874, loss_texture: 0.0345, iou: 0.8592, loss: 0.1219
2026-05-01 13:41:07,048 - mmdet - INFO - Iter [6550/120000]	lr: 1.000e-04, eta: 1 day, 18:22:42, time: 1.099, data_time: 0.012, memory: 37111, loss_mask: 0.0975, loss_texture: 0.0343, iou: 0.8631, loss: 0.1318
2026-05-01 13:41:34,672 - mmdet - INFO - Iter [6575/120000]	lr: 1.000e-04, eta: 1 day, 18:20:25, time: 1.105, data_time: 0.012, memory: 37111, loss_mask: 0.0991, loss_texture: 0.0379, iou: 0.8631, loss: 0.1370
2026-05-01 13:42:02,251 - mmdet - INFO - Iter [6600/120000]	lr: 1.000e-04, eta: 1 day, 18:18:08, time: 1.103, data_time: 0.012, memory: 37111, loss_mask: 0.0933, loss_texture: 0.0346, iou: 0.8650, loss: 0.1279
2026-05-01 13:42:29,973 - mmdet - INFO - Iter [6625/120000]	lr: 1.000e-04, eta: 1 day, 18:15:54, time: 1.109, data_time: 0.012, memory: 37111, loss_mask: 0.0984, loss_texture: 0.0372, iou: 0.8533, loss: 0.1357
2026-05-01 13:42:57,998 - mmdet - INFO - Iter [6650/120000]	lr: 1.000e-04, eta: 1 day, 18:13:47, time: 1.121, data_time: 0.013, memory: 37111, loss_mask: 0.1210, loss_texture: 0.0398, iou: 0.8203, loss: 0.1609
2026-05-01 13:43:25,740 - mmdet - INFO - Iter [6675/120000]	lr: 1.000e-04, eta: 1 day, 18:11:35, time: 1.110, data_time: 0.012, memory: 37111, loss_mask: 0.1128, loss_texture: 0.0376, iou: 0.8521, loss: 0.1503
2026-05-01 13:43:53,287 - mmdet - INFO - Iter [6700/120000]	lr: 1.000e-04, eta: 1 day, 18:09:21, time: 1.102, data_time: 0.012, memory: 37111, loss_mask: 0.0974, loss_texture: 0.0363, iou: 0.8585, loss: 0.1336
2026-05-01 13:44:20,852 - mmdet - INFO - Iter [6725/120000]	lr: 1.000e-04, eta: 1 day, 18:07:07, time: 1.103, data_time: 0.011, memory: 37111, loss_mask: 0.1061, loss_texture: 0.0395, iou: 0.8545, loss: 0.1455
2026-05-01 13:44:48,516 - mmdet - INFO - Iter [6750/120000]	lr: 1.000e-04, eta: 1 day, 18:04:57, time: 1.107, data_time: 0.012, memory: 37111, loss_mask: 0.1246, loss_texture: 0.0410, iou: 0.8453, loss: 0.1656
2026-05-01 13:45:16,155 - mmdet - INFO - Iter [6775/120000]	lr: 1.000e-04, eta: 1 day, 18:02:46, time: 1.106, data_time: 0.012, memory: 37111, loss_mask: 0.1173, loss_texture: 0.0418, iou: 0.8555, loss: 0.1592
2026-05-01 13:45:43,652 - mmdet - INFO - Iter [6800/120000]	lr: 1.000e-04, eta: 1 day, 18:00:34, time: 1.100, data_time: 0.012, memory: 37111, loss_mask: 0.1082, loss_texture: 0.0383, iou: 0.8472, loss: 0.1465
2026-05-01 13:46:11,279 - mmdet - INFO - Iter [6825/120000]	lr: 1.000e-04, eta: 1 day, 17:58:25, time: 1.105, data_time: 0.012, memory: 37111, loss_mask: 0.1045, loss_texture: 0.0368, iou: 0.8584, loss: 0.1413
2026-05-01 13:46:39,000 - mmdet - INFO - Iter [6850/120000]	lr: 1.000e-04, eta: 1 day, 17:56:18, time: 1.109, data_time: 0.012, memory: 37111, loss_mask: 0.1195, loss_texture: 0.0407, iou: 0.8394, loss: 0.1602
2026-05-01 13:47:06,560 - mmdet - INFO - Iter [6875/120000]	lr: 1.000e-04, eta: 1 day, 17:54:09, time: 1.102, data_time: 0.012, memory: 37111, loss_mask: 0.0865, loss_texture: 0.0314, iou: 0.8521, loss: 0.1179
2026-05-01 13:47:34,208 - mmdet - INFO - Iter [6900/120000]	lr: 1.000e-04, eta: 1 day, 17:52:03, time: 1.106, data_time: 0.012, memory: 37111, loss_mask: 0.1011, loss_texture: 0.0369, iou: 0.8568, loss: 0.1380
2026-05-01 13:48:01,833 - mmdet - INFO - Iter [6925/120000]	lr: 1.000e-04, eta: 1 day, 17:49:57, time: 1.105, data_time: 0.012, memory: 37111, loss_mask: 0.0955, loss_texture: 0.0361, iou: 0.8715, loss: 0.1316
2026-05-01 13:48:29,502 - mmdet - INFO - Iter [6950/120000]	lr: 1.000e-04, eta: 1 day, 17:47:52, time: 1.107, data_time: 0.012, memory: 37111, loss_mask: 0.1368, loss_texture: 0.0427, iou: 0.8239, loss: 0.1795
2026-05-01 13:48:57,047 - mmdet - INFO - Iter [6975/120000]	lr: 1.000e-04, eta: 1 day, 17:45:46, time: 1.102, data_time: 0.012, memory: 37111, loss_mask: 0.1182, loss_texture: 0.0402, iou: 0.8516, loss: 0.1583
2026-05-01 13:49:24,726 - mmdet - INFO - 
--- Val evaluation at iter 7000 ---
2026-05-01 13:51:20,815 - mmdet - INFO - 
+------------+-------------+-------------+
| Class      | Val IoU     | Pseudo IoU  |
+------------+-------------+-------------+
| background | 91.34       | 92.68       |
| building   | 61.48       | 69.14       |
| Summary    | mIoU: 76.41 | mIoU: 80.91 |
+------------+-------------+-------------+
Images evaluated: 218
2026-05-01 13:51:22,174 - mmdet - INFO - Exp name: exp8_all.py
2026-05-01 13:51:22,174 - mmdet - INFO - Iter [7000/120000]	lr: 1.000e-04, eta: 1 day, 17:43:42, time: 1.107, data_time: 0.012, memory: 37111, val/mIoU: 0.7641, val/IoU.building: 0.6148, val/IoU.background: 0.9134, val/Pseudo_mIoU: 0.8091, loss_mask: 0.1193, loss_texture: 0.0417, iou: 0.8479, loss: 0.1610
2026-05-01 13:51:49,681 - mmdet - INFO - Iter [7025/120000]	lr: 1.000e-04, eta: 1 day, 18:13:06, time: 5.798, data_time: 4.709, memory: 37111, loss_mask: 0.1180, loss_texture: 0.0398, iou: 0.8248, loss: 0.1578
2026-05-01 13:52:17,357 - mmdet - INFO - Iter [7050/120000]	lr: 1.000e-04, eta: 1 day, 18:10:57, time: 1.107, data_time: 0.011, memory: 37111, loss_mask: 0.1147, loss_texture: 0.0431, iou: 0.8690, loss: 0.1578
2026-05-01 13:52:44,920 - mmdet - INFO - Iter [7075/120000]	lr: 1.000e-04, eta: 1 day, 18:08:46, time: 1.103, data_time: 0.012, memory: 37111, loss_mask: 0.0848, loss_texture: 0.0313, iou: 0.8694, loss: 0.1161
2026-05-01 13:53:12,529 - mmdet - INFO - Iter [7100/120000]	lr: 1.000e-04, eta: 1 day, 18:06:38, time: 1.104, data_time: 0.012, memory: 37111, loss_mask: 0.0995, loss_texture: 0.0375, iou: 0.8504, loss: 0.1370
2026-05-01 13:53:40,181 - mmdet - INFO - Iter [7125/120000]	lr: 1.000e-04, eta: 1 day, 18:04:30, time: 1.106, data_time: 0.011, memory: 37111, loss_mask: 0.0923, loss_texture: 0.0355, iou: 0.8580, loss: 0.1278
2026-05-01 13:54:07,893 - mmdet - INFO - Iter [7150/120000]	lr: 1.000e-04, eta: 1 day, 18:02:25, time: 1.109, data_time: 0.012, memory: 37111, loss_mask: 0.1158, loss_texture: 0.0400, iou: 0.8492, loss: 0.1558
2026-05-01 13:54:35,388 - mmdet - INFO - Iter [7175/120000]	lr: 1.000e-04, eta: 1 day, 18:00:16, time: 1.100, data_time: 0.012, memory: 37111, loss_mask: 0.1029, loss_texture: 0.0349, iou: 0.8402, loss: 0.1378
2026-05-01 13:55:02,851 - mmdet - INFO - Iter [7200/120000]	lr: 1.000e-04, eta: 1 day, 17:58:08, time: 1.099, data_time: 0.012, memory: 37111, loss_mask: 0.0881, loss_texture: 0.0335, iou: 0.8533, loss: 0.1216
2026-05-01 13:55:30,408 - mmdet - INFO - Iter [7225/120000]	lr: 1.000e-04, eta: 1 day, 17:56:02, time: 1.102, data_time: 0.012, memory: 37111, loss_mask: 0.0987, loss_texture: 0.0355, iou: 0.8652, loss: 0.1342
2026-05-01 13:55:57,939 - mmdet - INFO - Iter [7250/120000]	lr: 1.000e-04, eta: 1 day, 17:53:56, time: 1.101, data_time: 0.011, memory: 37111, loss_mask: 0.0804, loss_texture: 0.0306, iou: 0.8766, loss: 0.1110
2026-05-01 13:56:25,697 - mmdet - INFO - Iter [7275/120000]	lr: 1.000e-04, eta: 1 day, 17:51:55, time: 1.110, data_time: 0.012, memory: 37111, loss_mask: 0.0983, loss_texture: 0.0383, iou: 0.8620, loss: 0.1366
2026-05-01 13:56:53,481 - mmdet - INFO - Iter [7300/120000]	lr: 1.000e-04, eta: 1 day, 17:49:54, time: 1.111, data_time: 0.012, memory: 37111, loss_mask: 0.0955, loss_texture: 0.0377, iou: 0.8587, loss: 0.1332
2026-05-01 13:57:21,192 - mmdet - INFO - Iter [7325/120000]	lr: 1.000e-04, eta: 1 day, 17:47:53, time: 1.108, data_time: 0.011, memory: 37111, loss_mask: 0.0931, loss_texture: 0.0353, iou: 0.8536, loss: 0.1284
2026-05-01 13:57:48,860 - mmdet - INFO - Iter [7350/120000]	lr: 1.000e-04, eta: 1 day, 17:45:52, time: 1.107, data_time: 0.011, memory: 37111, loss_mask: 0.0793, loss_texture: 0.0321, iou: 0.8890, loss: 0.1114
2026-05-01 13:58:16,453 - mmdet - INFO - Iter [7375/120000]	lr: 1.000e-04, eta: 1 day, 17:43:51, time: 1.104, data_time: 0.012, memory: 37111, loss_mask: 0.1013, loss_texture: 0.0366, iou: 0.8377, loss: 0.1379
2026-05-01 13:58:44,151 - mmdet - INFO - Iter [7400/120000]	lr: 1.000e-04, eta: 1 day, 17:41:51, time: 1.108, data_time: 0.012, memory: 37111, loss_mask: 0.2767, loss_texture: 0.0567, iou: 0.7456, loss: 0.3335
2026-05-01 13:59:11,651 - mmdet - INFO - Iter [7425/120000]	lr: 1.000e-04, eta: 1 day, 17:39:50, time: 1.100, data_time: 0.012, memory: 37111, loss_mask: 0.1840, loss_texture: 0.0528, iou: 0.7686, loss: 0.2368
2026-05-01 13:59:39,244 - mmdet - INFO - Iter [7450/120000]	lr: 1.000e-04, eta: 1 day, 17:37:50, time: 1.104, data_time: 0.011, memory: 37111, loss_mask: 0.1279, loss_texture: 0.0402, iou: 0.8181, loss: 0.1682
2026-05-01 14:00:06,885 - mmdet - INFO - Iter [7475/120000]	lr: 1.000e-04, eta: 1 day, 17:35:52, time: 1.106, data_time: 0.012, memory: 37111, loss_mask: 0.1396, loss_texture: 0.0414, iou: 0.8302, loss: 0.1809
2026-05-01 14:00:34,564 - mmdet - INFO - 
--- Val evaluation at iter 7500 ---
2026-05-01 14:02:33,842 - mmdet - INFO - 
+------------+-------------+-------------+
| Class      | Val IoU     | Pseudo IoU  |
+------------+-------------+-------------+
| background | 91.48       | 92.68       |
| building   | 62.44       | 69.14       |
| Summary    | mIoU: 76.96 | mIoU: 80.91 |
+------------+-------------+-------------+
Images evaluated: 218
2026-05-01 14:02:35,214 - mmdet - INFO - Iter [7500/120000]	lr: 1.000e-04, eta: 1 day, 17:33:55, time: 1.107, data_time: 0.012, memory: 37111, val/mIoU: 0.7696, val/IoU.building: 0.6244, val/IoU.background: 0.9148, val/Pseudo_mIoU: 0.8091, loss_mask: 0.1458, loss_texture: 0.0434, iou: 0.8277, loss: 0.1892
2026-05-01 14:03:02,966 - mmdet - INFO - Iter [7525/120000]	lr: 1.000e-04, eta: 1 day, 18:02:02, time: 5.936, data_time: 4.838, memory: 37111, loss_mask: 0.1271, loss_texture: 0.0426, iou: 0.8133, loss: 0.1697
2026-05-01 14:03:30,567 - mmdet - INFO - Iter [7550/120000]	lr: 1.000e-04, eta: 1 day, 17:59:59, time: 1.104, data_time: 0.012, memory: 37111, loss_mask: 0.1041, loss_texture: 0.0374, iou: 0.8478, loss: 0.1415
2026-05-01 14:03:58,346 - mmdet - INFO - Iter [7575/120000]	lr: 1.000e-04, eta: 1 day, 17:57:59, time: 1.111, data_time: 0.012, memory: 37111, loss_mask: 0.1071, loss_texture: 0.0398, iou: 0.8591, loss: 0.1470
2026-05-01 14:04:26,161 - mmdet - INFO - Iter [7600/120000]	lr: 1.000e-04, eta: 1 day, 17:56:00, time: 1.113, data_time: 0.012, memory: 37111, loss_mask: 0.1085, loss_texture: 0.0378, iou: 0.8394, loss: 0.1463
2026-05-01 14:04:53,962 - mmdet - INFO - Iter [7625/120000]	lr: 1.000e-04, eta: 1 day, 17:54:01, time: 1.112, data_time: 0.012, memory: 37111, loss_mask: 0.1159, loss_texture: 0.0358, iou: 0.8387, loss: 0.1517
2026-05-01 14:05:21,992 - mmdet - INFO - Iter [7650/120000]	lr: 1.000e-04, eta: 1 day, 17:52:06, time: 1.121, data_time: 0.012, memory: 37111, loss_mask: 0.1116, loss_texture: 0.0418, iou: 0.8523, loss: 0.1534
2026-05-01 14:05:49,595 - mmdet - INFO - Iter [7675/120000]	lr: 1.000e-04, eta: 1 day, 17:50:06, time: 1.104, data_time: 0.012, memory: 37111, loss_mask: 0.0958, loss_texture: 0.0345, iou: 0.8537, loss: 0.1303
2026-05-01 14:06:17,446 - mmdet - INFO - Iter [7700/120000]	lr: 1.000e-04, eta: 1 day, 17:48:10, time: 1.114, data_time: 0.012, memory: 37111, loss_mask: 0.0927, loss_texture: 0.0357, iou: 0.8701, loss: 0.1284
2026-05-01 14:06:45,167 - mmdet - INFO - Iter [7725/120000]	lr: 1.000e-04, eta: 1 day, 17:46:12, time: 1.109, data_time: 0.012, memory: 37111, loss_mask: 0.0893, loss_texture: 0.0344, iou: 0.8608, loss: 0.1237
2026-05-01 14:07:12,799 - mmdet - INFO - Iter [7750/120000]	lr: 1.000e-04, eta: 1 day, 17:44:14, time: 1.105, data_time: 0.012, memory: 37111, loss_mask: 0.0966, loss_texture: 0.0370, iou: 0.8733, loss: 0.1337
2026-05-01 14:07:40,357 - mmdet - INFO - Iter [7775/120000]	lr: 1.000e-04, eta: 1 day, 17:42:15, time: 1.102, data_time: 0.012, memory: 37111, loss_mask: 0.0943, loss_texture: 0.0354, iou: 0.8550, loss: 0.1297
2026-05-01 14:08:08,022 - mmdet - INFO - Iter [7800/120000]	lr: 1.000e-04, eta: 1 day, 17:40:18, time: 1.107, data_time: 0.012, memory: 37111, loss_mask: 0.0995, loss_texture: 0.0376, iou: 0.8665, loss: 0.1371
2026-05-01 14:08:35,481 - mmdet - INFO - Iter [7825/120000]	lr: 1.000e-04, eta: 1 day, 17:38:19, time: 1.098, data_time: 0.012, memory: 37111, loss_mask: 0.1035, loss_texture: 0.0356, iou: 0.8682, loss: 0.1391
2026-05-01 14:09:03,104 - mmdet - INFO - Iter [7850/120000]	lr: 1.000e-04, eta: 1 day, 17:36:23, time: 1.105, data_time: 0.012, memory: 37111, loss_mask: 0.1220, loss_texture: 0.0413, iou: 0.8318, loss: 0.1633
2026-05-01 14:09:30,568 - mmdet - INFO - Iter [7875/120000]	lr: 1.000e-04, eta: 1 day, 17:34:26, time: 1.099, data_time: 0.012, memory: 37111, loss_mask: 0.1030, loss_texture: 0.0383, iou: 0.8568, loss: 0.1413
2026-05-01 14:09:58,184 - mmdet - INFO - Iter [7900/120000]	lr: 1.000e-04, eta: 1 day, 17:32:31, time: 1.105, data_time: 0.012, memory: 37111, loss_mask: 0.1020, loss_texture: 0.0384, iou: 0.8500, loss: 0.1405
2026-05-01 14:10:25,781 - mmdet - INFO - Iter [7925/120000]	lr: 1.000e-04, eta: 1 day, 17:30:36, time: 1.104, data_time: 0.012, memory: 37111, loss_mask: 0.0993, loss_texture: 0.0370, iou: 0.8567, loss: 0.1363
2026-05-01 14:10:53,573 - mmdet - INFO - Iter [7950/120000]	lr: 1.000e-04, eta: 1 day, 17:28:44, time: 1.112, data_time: 0.012, memory: 37111, loss_mask: 0.1368, loss_texture: 0.0397, iou: 0.8241, loss: 0.1765
2026-05-01 14:11:21,312 - mmdet - INFO - Iter [7975/120000]	lr: 1.000e-04, eta: 1 day, 17:26:53, time: 1.110, data_time: 0.012, memory: 37111, loss_mask: 0.1183, loss_texture: 0.0378, iou: 0.8215, loss: 0.1561
2026-05-01 14:11:49,249 - mmdet - INFO - 
--- Val evaluation at iter 8000 ---
2026-05-01 14:13:47,289 - mmdet - INFO - 
+------------+-------------+-------------+
| Class      | Val IoU     | Pseudo IoU  |
+------------+-------------+-------------+
| background | 91.58       | 92.68       |
| building   | 65.72       | 69.14       |
| Summary    | mIoU: 78.65 | mIoU: 80.91 |
+------------+-------------+-------------+
Images evaluated: 218
2026-05-01 14:13:48,650 - mmdet - INFO - Exp name: exp8_all.py
2026-05-01 14:13:48,650 - mmdet - INFO - Iter [8000/120000]	lr: 1.000e-04, eta: 1 day, 17:25:04, time: 1.118, data_time: 0.012, memory: 37111, val/mIoU: 0.7865, val/IoU.building: 0.6572, val/IoU.background: 0.9158, val/Pseudo_mIoU: 0.8091, loss_mask: 0.1106, loss_texture: 0.0378, iou: 0.8546, loss: 0.1484
2026-05-01 14:14:16,384 - mmdet - INFO - Iter [8025/120000]	lr: 1.000e-04, eta: 1 day, 17:51:00, time: 5.885, data_time: 4.788, memory: 37111, loss_mask: 0.1189, loss_texture: 0.0394, iou: 0.8346, loss: 0.1583
2026-05-01 14:14:44,090 - mmdet - INFO - Iter [8050/120000]	lr: 1.000e-04, eta: 1 day, 17:49:04, time: 1.108, data_time: 0.012, memory: 37111, loss_mask: 0.1329, loss_texture: 0.0395, iou: 0.8414, loss: 0.1725
2026-05-01 14:15:11,821 - mmdet - INFO - Iter [8075/120000]	lr: 1.000e-04, eta: 1 day, 17:47:08, time: 1.109, data_time: 0.012, memory: 37111, loss_mask: 0.0929, loss_texture: 0.0350, iou: 0.8691, loss: 0.1279
2026-05-01 14:15:39,460 - mmdet - INFO - Iter [8100/120000]	lr: 1.000e-04, eta: 1 day, 17:45:12, time: 1.106, data_time: 0.012, memory: 37111, loss_mask: 0.0923, loss_texture: 0.0347, iou: 0.8724, loss: 0.1270
2026-05-01 14:16:07,239 - mmdet - INFO - Iter [8125/120000]	lr: 1.000e-04, eta: 1 day, 17:43:19, time: 1.111, data_time: 0.012, memory: 37111, loss_mask: 0.0936, loss_texture: 0.0359, iou: 0.8639, loss: 0.1296
2026-05-01 14:16:35,087 - mmdet - INFO - Iter [8150/120000]	lr: 1.000e-04, eta: 1 day, 17:41:27, time: 1.114, data_time: 0.012, memory: 37111, loss_mask: 0.0951, loss_texture: 0.0349, iou: 0.8530, loss: 0.1300
2026-05-01 14:17:02,855 - mmdet - INFO - Iter [8175/120000]	lr: 1.000e-04, eta: 1 day, 17:39:34, time: 1.111, data_time: 0.012, memory: 37111, loss_mask: 0.0933, loss_texture: 0.0338, iou: 0.8578, loss: 0.1271
2026-05-01 14:17:30,615 - mmdet - INFO - Iter [8200/120000]	lr: 1.000e-04, eta: 1 day, 17:37:42, time: 1.110, data_time: 0.012, memory: 37111, loss_mask: 0.0938, loss_texture: 0.0339, iou: 0.8574, loss: 0.1276
2026-05-01 14:17:58,233 - mmdet - INFO - Iter [8225/120000]	lr: 1.000e-04, eta: 1 day, 17:35:49, time: 1.105, data_time: 0.012, memory: 37111, loss_mask: 0.0917, loss_texture: 0.0342, iou: 0.8535, loss: 0.1259
2026-05-01 14:18:26,023 - mmdet - INFO - Iter [8250/120000]	lr: 1.000e-04, eta: 1 day, 17:33:58, time: 1.112, data_time: 0.012, memory: 37111, loss_mask: 0.1147, loss_texture: 0.0420, iou: 0.8529, loss: 0.1567
2026-05-01 14:18:53,849 - mmdet - INFO - Iter [8275/120000]	lr: 1.000e-04, eta: 1 day, 17:32:08, time: 1.113, data_time: 0.012, memory: 37111, loss_mask: 0.0884, loss_texture: 0.0344, iou: 0.8691, loss: 0.1227
2026-05-01 14:19:21,604 - mmdet - INFO - Iter [8300/120000]	lr: 1.000e-04, eta: 1 day, 17:30:18, time: 1.110, data_time: 0.012, memory: 37111, loss_mask: 0.0927, loss_texture: 0.0366, iou: 0.8494, loss: 0.1294
2026-05-01 14:19:49,402 - mmdet - INFO - Iter [8325/120000]	lr: 1.000e-04, eta: 1 day, 17:28:29, time: 1.112, data_time: 0.011, memory: 37111, loss_mask: 0.0872, loss_texture: 0.0337, iou: 0.8710, loss: 0.1210
2026-05-01 14:20:17,048 - mmdet - INFO - Iter [8350/120000]	lr: 1.000e-04, eta: 1 day, 17:26:38, time: 1.106, data_time: 0.012, memory: 37111, loss_mask: 0.0913, loss_texture: 0.0338, iou: 0.8856, loss: 0.1251
2026-05-01 14:20:44,708 - mmdet - INFO - Iter [8375/120000]	lr: 1.000e-04, eta: 1 day, 17:24:48, time: 1.106, data_time: 0.012, memory: 37111, loss_mask: 0.0872, loss_texture: 0.0338, iou: 0.8699, loss: 0.1210
2026-05-01 14:21:12,521 - mmdet - INFO - Iter [8400/120000]	lr: 1.000e-04, eta: 1 day, 17:23:00, time: 1.113, data_time: 0.012, memory: 37111, loss_mask: 0.1009, loss_texture: 0.0384, iou: 0.8632, loss: 0.1393
2026-05-01 14:21:40,462 - mmdet - INFO - Iter [8425/120000]	lr: 1.000e-04, eta: 1 day, 17:21:15, time: 1.118, data_time: 0.012, memory: 37111, loss_mask: 0.1035, loss_texture: 0.0403, iou: 0.8449, loss: 0.1439
2026-05-01 14:22:08,268 - mmdet - INFO - Iter [8450/120000]	lr: 1.000e-04, eta: 1 day, 17:19:28, time: 1.112, data_time: 0.011, memory: 37111, loss_mask: 0.1628, loss_texture: 0.0442, iou: 0.8064, loss: 0.2070
2026-05-01 14:22:36,115 - mmdet - INFO - Iter [8475/120000]	lr: 1.000e-04, eta: 1 day, 17:17:43, time: 1.114, data_time: 0.012, memory: 37111, loss_mask: 0.1297, loss_texture: 0.0410, iou: 0.8350, loss: 0.1707
2026-05-01 14:23:03,803 - mmdet - INFO - 
--- Val evaluation at iter 8500 ---
2026-05-01 14:25:01,805 - mmdet - INFO - 
+------------+-------------+-------------+
| Class      | Val IoU     | Pseudo IoU  |
+------------+-------------+-------------+
| background | 91.43       | 92.68       |
| building   | 62.51       | 69.14       |
| Summary    | mIoU: 76.97 | mIoU: 80.91 |
+------------+-------------+-------------+
Images evaluated: 218
2026-05-01 14:25:03,172 - mmdet - INFO - Iter [8500/120000]	lr: 1.000e-04, eta: 1 day, 17:15:56, time: 1.108, data_time: 0.012, memory: 37111, val/mIoU: 0.7697, val/IoU.building: 0.6251, val/IoU.background: 0.9143, val/Pseudo_mIoU: 0.8091, loss_mask: 0.1076, loss_texture: 0.0372, iou: 0.8681, loss: 0.1448
2026-05-01 14:25:30,706 - mmdet - INFO - Iter [8525/120000]	lr: 1.000e-04, eta: 1 day, 17:40:08, time: 5.876, data_time: 4.787, memory: 37111, loss_mask: 0.1082, loss_texture: 0.0359, iou: 0.8505, loss: 0.1441
2026-05-01 14:25:58,225 - mmdet - INFO - Iter [8550/120000]	lr: 1.000e-04, eta: 1 day, 17:38:14, time: 1.101, data_time: 0.012, memory: 37111, loss_mask: 0.1021, loss_texture: 0.0369, iou: 0.8450, loss: 0.1389
2026-05-01 14:26:25,602 - mmdet - INFO - Iter [8575/120000]	lr: 1.000e-04, eta: 1 day, 17:36:19, time: 1.095, data_time: 0.012, memory: 37111, loss_mask: 0.0980, loss_texture: 0.0352, iou: 0.8521, loss: 0.1332
2026-05-01 14:26:53,176 - mmdet - INFO - Iter [8600/120000]	lr: 1.000e-04, eta: 1 day, 17:34:28, time: 1.103, data_time: 0.012, memory: 37111, loss_mask: 0.0890, loss_texture: 0.0329, iou: 0.8608, loss: 0.1219
2026-05-01 14:27:20,747 - mmdet - INFO - Iter [8625/120000]	lr: 1.000e-04, eta: 1 day, 17:32:36, time: 1.103, data_time: 0.012, memory: 37111, loss_mask: 0.0941, loss_texture: 0.0357, iou: 0.8503, loss: 0.1298
2026-05-01 14:27:48,456 - mmdet - INFO - Iter [8650/120000]	lr: 1.000e-04, eta: 1 day, 17:30:47, time: 1.108, data_time: 0.012, memory: 37111, loss_mask: 0.0913, loss_texture: 0.0351, iou: 0.8715, loss: 0.1264
2026-05-01 14:28:16,253 - mmdet - INFO - Iter [8675/120000]	lr: 1.000e-04, eta: 1 day, 17:29:00, time: 1.112, data_time: 0.012, memory: 37111, loss_mask: 0.0828, loss_texture: 0.0325, iou: 0.8609, loss: 0.1153
2026-05-01 14:28:44,103 - mmdet - INFO - Iter [8700/120000]	lr: 1.000e-04, eta: 1 day, 17:27:14, time: 1.114, data_time: 0.012, memory: 37111, loss_mask: 0.1099, loss_texture: 0.0392, iou: 0.8588, loss: 0.1491
2026-05-01 14:29:12,030 - mmdet - INFO - Iter [8725/120000]	lr: 1.000e-04, eta: 1 day, 17:25:29, time: 1.117, data_time: 0.012, memory: 37111, loss_mask: 0.1017, loss_texture: 0.0386, iou: 0.8454, loss: 0.1403
2026-05-01 14:29:39,712 - mmdet - INFO - Iter [8750/120000]	lr: 1.000e-04, eta: 1 day, 17:23:41, time: 1.107, data_time: 0.012, memory: 37111, loss_mask: 0.0784, loss_texture: 0.0309, iou: 0.8724, loss: 0.1093
2026-05-01 14:30:07,364 - mmdet - INFO - Iter [8775/120000]	lr: 1.000e-04, eta: 1 day, 17:21:54, time: 1.106, data_time: 0.012, memory: 37111, loss_mask: 0.1068, loss_texture: 0.0371, iou: 0.8636, loss: 0.1439
2026-05-01 14:30:35,150 - mmdet - INFO - Iter [8800/120000]	lr: 1.000e-04, eta: 1 day, 17:20:08, time: 1.111, data_time: 0.012, memory: 37111, loss_mask: 0.0821, loss_texture: 0.0332, iou: 0.8881, loss: 0.1153
2026-05-01 14:31:02,936 - mmdet - INFO - Iter [8825/120000]	lr: 1.000e-04, eta: 1 day, 17:18:24, time: 1.111, data_time: 0.011, memory: 37111, loss_mask: 0.0879, loss_texture: 0.0340, iou: 0.8686, loss: 0.1218
2026-05-01 14:31:30,765 - mmdet - INFO - Iter [8850/120000]	lr: 1.000e-04, eta: 1 day, 17:16:40, time: 1.113, data_time: 0.012, memory: 37111, loss_mask: 0.0993, loss_texture: 0.0375, iou: 0.8702, loss: 0.1368
2026-05-01 14:31:58,515 - mmdet - INFO - Iter [8875/120000]	lr: 1.000e-04, eta: 1 day, 17:14:55, time: 1.110, data_time: 0.012, memory: 37111, loss_mask: 0.0853, loss_texture: 0.0337, iou: 0.8618, loss: 0.1190
2026-05-01 14:32:26,285 - mmdet - INFO - Iter [8900/120000]	lr: 1.000e-04, eta: 1 day, 17:13:11, time: 1.111, data_time: 0.012, memory: 37111, loss_mask: 0.0968, loss_texture: 0.0328, iou: 0.8597, loss: 0.1296
2026-05-01 14:32:54,122 - mmdet - INFO - Iter [8925/120000]	lr: 1.000e-04, eta: 1 day, 17:11:29, time: 1.113, data_time: 0.012, memory: 37111, loss_mask: 0.1104, loss_texture: 0.0368, iou: 0.8435, loss: 0.1472
2026-05-01 14:33:21,814 - mmdet - INFO - Iter [8950/120000]	lr: 1.000e-04, eta: 1 day, 17:09:45, time: 1.108, data_time: 0.012, memory: 37111, loss_mask: 0.1037, loss_texture: 0.0394, iou: 0.8519, loss: 0.1431
2026-05-01 14:33:49,419 - mmdet - INFO - Iter [8975/120000]	lr: 1.000e-04, eta: 1 day, 17:08:00, time: 1.104, data_time: 0.012, memory: 37111, loss_mask: 0.0908, loss_texture: 0.0338, iou: 0.8784, loss: 0.1246
2026-05-01 14:34:16,806 - mmdet - INFO - 
--- Val evaluation at iter 9000 ---
2026-05-01 14:36:14,649 - mmdet - INFO - 
+------------+-------------+-------------+
| Class      | Val IoU     | Pseudo IoU  |
+------------+-------------+-------------+
| background | 91.46       | 92.68       |
| building   | 62.53       | 69.14       |
| Summary    | mIoU: 76.99 | mIoU: 80.91 |
+------------+-------------+-------------+
Images evaluated: 218
2026-05-01 14:36:16,007 - mmdet - INFO - Exp name: exp8_all.py
2026-05-01 14:36:16,007 - mmdet - INFO - Iter [9000/120000]	lr: 1.000e-04, eta: 1 day, 17:06:14, time: 1.095, data_time: 0.012, memory: 37111, val/mIoU: 0.7699, val/IoU.building: 0.6253, val/IoU.background: 0.9146, val/Pseudo_mIoU: 0.8091, loss_mask: 0.0875, loss_texture: 0.0319, iou: 0.8717, loss: 0.1195
2026-05-01 14:36:43,788 - mmdet - INFO - Iter [9025/120000]	lr: 1.000e-04, eta: 1 day, 17:28:58, time: 5.879, data_time: 4.781, memory: 37111, loss_mask: 0.1046, loss_texture: 0.0388, iou: 0.8643, loss: 0.1434
2026-05-01 14:37:11,514 - mmdet - INFO - Iter [9050/120000]	lr: 1.000e-04, eta: 1 day, 17:27:12, time: 1.109, data_time: 0.012, memory: 37111, loss_mask: 0.0889, loss_texture: 0.0326, iou: 0.8398, loss: 0.1215
2026-05-01 14:37:39,573 - mmdet - INFO - Iter [9075/120000]	lr: 1.000e-04, eta: 1 day, 17:25:30, time: 1.122, data_time: 0.012, memory: 37111, loss_mask: 0.0979, loss_texture: 0.0379, iou: 0.8764, loss: 0.1358
2026-05-01 14:38:07,432 - mmdet - INFO - Iter [9100/120000]	lr: 1.000e-04, eta: 1 day, 17:23:46, time: 1.114, data_time: 0.012, memory: 37111, loss_mask: 0.0903, loss_texture: 0.0357, iou: 0.8616, loss: 0.1259
2026-05-01 14:38:35,215 - mmdet - INFO - Iter [9125/120000]	lr: 1.000e-04, eta: 1 day, 17:22:02, time: 1.111, data_time: 0.012, memory: 37111, loss_mask: 0.0847, loss_texture: 0.0320, iou: 0.8747, loss: 0.1167
2026-05-01 14:39:03,075 - mmdet - INFO - Iter [9150/120000]	lr: 1.000e-04, eta: 1 day, 17:20:19, time: 1.114, data_time: 0.012, memory: 37111, loss_mask: 0.0915, loss_texture: 0.0358, iou: 0.8767, loss: 0.1272
2026-05-01 14:39:30,858 - mmdet - INFO - Iter [9175/120000]	lr: 1.000e-04, eta: 1 day, 17:18:36, time: 1.111, data_time: 0.012, memory: 37111, loss_mask: 0.1002, loss_texture: 0.0363, iou: 0.8467, loss: 0.1365
2026-05-01 14:39:58,605 - mmdet - INFO - Iter [9200/120000]	lr: 1.000e-04, eta: 1 day, 17:16:52, time: 1.110, data_time: 0.012, memory: 37111, loss_mask: 0.1086, loss_texture: 0.0383, iou: 0.8437, loss: 0.1469
2026-05-01 14:40:26,173 - mmdet - INFO - Iter [9225/120000]	lr: 1.000e-04, eta: 1 day, 17:15:07, time: 1.103, data_time: 0.011, memory: 37111, loss_mask: 0.0816, loss_texture: 0.0318, iou: 0.8811, loss: 0.1134
2026-05-01 14:40:53,804 - mmdet - INFO - Iter [9250/120000]	lr: 1.000e-04, eta: 1 day, 17:13:23, time: 1.105, data_time: 0.012, memory: 37111, loss_mask: 0.0893, loss_texture: 0.0357, iou: 0.8784, loss: 0.1250
2026-05-01 14:41:21,505 - mmdet - INFO - Iter [9275/120000]	lr: 1.000e-04, eta: 1 day, 17:11:41, time: 1.108, data_time: 0.012, memory: 37111, loss_mask: 0.0900, loss_texture: 0.0349, iou: 0.8690, loss: 0.1248
2026-05-01 14:41:49,358 - mmdet - INFO - Iter [9300/120000]	lr: 1.000e-04, eta: 1 day, 17:10:00, time: 1.114, data_time: 0.012, memory: 37111, loss_mask: 0.0908, loss_texture: 0.0335, iou: 0.8656, loss: 0.1243
2026-05-01 14:42:17,083 - mmdet - INFO - Iter [9325/120000]	lr: 1.000e-04, eta: 1 day, 17:08:18, time: 1.109, data_time: 0.012, memory: 37111, loss_mask: 0.0886, loss_texture: 0.0343, iou: 0.8553, loss: 0.1229
2026-05-01 14:42:44,758 - mmdet - INFO - Iter [9350/120000]	lr: 1.000e-04, eta: 1 day, 17:06:37, time: 1.107, data_time: 0.012, memory: 37111, loss_mask: 0.0799, loss_texture: 0.0321, iou: 0.8934, loss: 0.1120
2026-05-01 14:43:12,322 - mmdet - INFO - Iter [9375/120000]	lr: 1.000e-04, eta: 1 day, 17:04:54, time: 1.103, data_time: 0.012, memory: 37111, loss_mask: 0.0892, loss_texture: 0.0363, iou: 0.8792, loss: 0.1255
2026-05-01 14:43:39,882 - mmdet - INFO - Iter [9400/120000]	lr: 1.000e-04, eta: 1 day, 17:03:11, time: 1.102, data_time: 0.012, memory: 37111, loss_mask: 0.0946, loss_texture: 0.0375, iou: 0.8585, loss: 0.1321
2026-05-01 14:44:07,400 - mmdet - INFO - Iter [9425/120000]	lr: 1.000e-04, eta: 1 day, 17:01:29, time: 1.101, data_time: 0.011, memory: 37111, loss_mask: 0.0862, loss_texture: 0.0337, iou: 0.8598, loss: 0.1198
2026-05-01 14:44:35,263 - mmdet - INFO - Iter [9450/120000]	lr: 1.000e-04, eta: 1 day, 16:59:51, time: 1.114, data_time: 0.012, memory: 37111, loss_mask: 0.0854, loss_texture: 0.0346, iou: 0.8785, loss: 0.1200
2026-05-01 14:45:03,666 - mmdet - INFO - Iter [9475/120000]	lr: 1.000e-04, eta: 1 day, 16:58:19, time: 1.136, data_time: 0.013, memory: 37111, loss_mask: 0.0821, loss_texture: 0.0334, iou: 0.8840, loss: 0.1155
2026-05-01 14:45:31,562 - mmdet - INFO - 
--- Val evaluation at iter 9500 ---
2026-05-01 14:47:29,907 - mmdet - INFO - 
+------------+-------------+-------------+
| Class      | Val IoU     | Pseudo IoU  |
+------------+-------------+-------------+
| background | 92.05       | 92.68       |
| building   | 65.97       | 69.14       |
| Summary    | mIoU: 79.01 | mIoU: 80.91 |
+------------+-------------+-------------+
Images evaluated: 218
2026-05-01 14:47:31,296 - mmdet - INFO - Iter [9500/120000]	lr: 1.000e-04, eta: 1 day, 16:56:42, time: 1.116, data_time: 0.013, memory: 37111, val/mIoU: 0.7901, val/IoU.building: 0.6597, val/IoU.background: 0.9205, val/Pseudo_mIoU: 0.8091, loss_mask: 0.0843, loss_texture: 0.0342, iou: 0.8776, loss: 0.1185
2026-05-01 14:47:59,133 - mmdet - INFO - Iter [9525/120000]	lr: 1.000e-04, eta: 1 day, 17:18:14, time: 5.903, data_time: 4.801, memory: 37111, loss_mask: 0.0934, loss_texture: 0.0373, iou: 0.8709, loss: 0.1306
2026-05-01 14:48:26,878 - mmdet - INFO - Iter [9550/120000]	lr: 1.000e-04, eta: 1 day, 17:16:32, time: 1.110, data_time: 0.012, memory: 37111, loss_mask: 0.0773, loss_texture: 0.0307, iou: 0.8735, loss: 0.1080
2026-05-01 14:48:54,690 - mmdet - INFO - Iter [9575/120000]	lr: 1.000e-04, eta: 1 day, 17:14:51, time: 1.112, data_time: 0.012, memory: 37111, loss_mask: 0.1012, loss_texture: 0.0392, iou: 0.8789, loss: 0.1404
2026-05-01 14:49:22,723 - mmdet - INFO - Iter [9600/120000]	lr: 1.000e-04, eta: 1 day, 17:13:13, time: 1.121, data_time: 0.013, memory: 37111, loss_mask: 0.0910, loss_texture: 0.0368, iou: 0.8688, loss: 0.1278
2026-05-01 14:49:50,603 - mmdet - INFO - Iter [9625/120000]	lr: 1.000e-04, eta: 1 day, 17:11:34, time: 1.115, data_time: 0.012, memory: 37111, loss_mask: 0.0757, loss_texture: 0.0304, iou: 0.8612, loss: 0.1061
2026-05-01 14:50:18,305 - mmdet - INFO - Iter [9650/120000]	lr: 1.000e-04, eta: 1 day, 17:09:53, time: 1.108, data_time: 0.012, memory: 37111, loss_mask: 0.1046, loss_texture: 0.0360, iou: 0.8488, loss: 0.1406
2026-05-01 14:50:45,867 - mmdet - INFO - Iter [9675/120000]	lr: 1.000e-04, eta: 1 day, 17:08:11, time: 1.102, data_time: 0.012, memory: 37111, loss_mask: 0.0896, loss_texture: 0.0343, iou: 0.8464, loss: 0.1240
2026-05-01 14:51:13,510 - mmdet - INFO - Iter [9700/120000]	lr: 1.000e-04, eta: 1 day, 17:06:30, time: 1.106, data_time: 0.012, memory: 37111, loss_mask: 0.0897, loss_texture: 0.0352, iou: 0.8697, loss: 0.1250
2026-05-01 14:51:41,017 - mmdet - INFO - Iter [9725/120000]	lr: 1.000e-04, eta: 1 day, 17:04:48, time: 1.100, data_time: 0.012, memory: 37111, loss_mask: 0.0910, loss_texture: 0.0339, iou: 0.8795, loss: 0.1249
2026-05-01 14:52:08,676 - mmdet - INFO - Iter [9750/120000]	lr: 1.000e-04, eta: 1 day, 17:03:08, time: 1.106, data_time: 0.011, memory: 37111, loss_mask: 0.1013, loss_texture: 0.0375, iou: 0.8831, loss: 0.1388
2026-05-01 14:52:36,202 - mmdet - INFO - Iter [9775/120000]	lr: 1.000e-04, eta: 1 day, 17:01:27, time: 1.101, data_time: 0.012, memory: 37111, loss_mask: 0.1060, loss_texture: 0.0372, iou: 0.8517, loss: 0.1432
2026-05-01 14:53:03,773 - mmdet - INFO - Iter [9800/120000]	lr: 1.000e-04, eta: 1 day, 16:59:47, time: 1.103, data_time: 0.012, memory: 37111, loss_mask: 0.1163, loss_texture: 0.0351, iou: 0.8331, loss: 0.1514
2026-05-01 14:53:31,445 - mmdet - INFO - Iter [9825/120000]	lr: 1.000e-04, eta: 1 day, 16:58:09, time: 1.107, data_time: 0.012, memory: 37111, loss_mask: 0.0943, loss_texture: 0.0347, iou: 0.8605, loss: 0.1290
2026-05-01 14:53:59,116 - mmdet - INFO - Iter [9850/120000]	lr: 1.000e-04, eta: 1 day, 16:56:30, time: 1.107, data_time: 0.011, memory: 37111, loss_mask: 0.0861, loss_texture: 0.0326, iou: 0.8565, loss: 0.1187
2026-05-01 14:54:26,779 - mmdet - INFO - Iter [9875/120000]	lr: 1.000e-04, eta: 1 day, 16:54:52, time: 1.107, data_time: 0.012, memory: 37111, loss_mask: 0.0862, loss_texture: 0.0316, iou: 0.8588, loss: 0.1178
2026-05-01 14:54:54,514 - mmdet - INFO - Iter [9900/120000]	lr: 1.000e-04, eta: 1 day, 16:53:15, time: 1.109, data_time: 0.012, memory: 37111, loss_mask: 0.0800, loss_texture: 0.0311, iou: 0.8710, loss: 0.1111
2026-05-01 14:55:22,201 - mmdet - INFO - Iter [9925/120000]	lr: 1.000e-04, eta: 1 day, 16:51:38, time: 1.107, data_time: 0.012, memory: 37111, loss_mask: 0.0931, loss_texture: 0.0370, iou: 0.8742, loss: 0.1301
2026-05-01 14:55:49,678 - mmdet - INFO - Iter [9950/120000]	lr: 1.000e-04, eta: 1 day, 16:49:59, time: 1.099, data_time: 0.012, memory: 37111, loss_mask: 0.0906, loss_texture: 0.0341, iou: 0.8625, loss: 0.1248
2026-05-01 14:56:17,377 - mmdet - INFO - Iter [9975/120000]	lr: 1.000e-04, eta: 1 day, 16:48:23, time: 1.108, data_time: 0.012, memory: 37111, loss_mask: 0.0845, loss_texture: 0.0334, iou: 0.8737, loss: 0.1180
2026-05-01 14:56:45,091 - mmdet - INFO - 
--- Val evaluation at iter 10000 ---
2026-05-01 14:58:43,020 - mmdet - INFO - 
+------------+-------------+-------------+
| Class      | Val IoU     | Pseudo IoU  |
+------------+-------------+-------------+
| background | 91.98       | 92.68       |
| building   | 65.40       | 69.14       |
| Summary    | mIoU: 78.69 | mIoU: 80.91 |
+------------+-------------+-------------+
Images evaluated: 218
2026-05-01 14:58:44,382 - mmdet - INFO - Exp name: exp8_all.py
2026-05-01 14:58:44,382 - mmdet - INFO - Iter [10000/120000]	lr: 1.000e-04, eta: 1 day, 16:46:47, time: 1.109, data_time: 0.013, memory: 37111, val/mIoU: 0.7869, val/IoU.building: 0.6540, val/IoU.background: 0.9198, val/Pseudo_mIoU: 0.8091, loss_mask: 0.1094, loss_texture: 0.0407, iou: 0.8373, loss: 0.1500
2026-05-01 14:59:11,993 - mmdet - INFO - Iter [10025/120000]	lr: 1.000e-04, eta: 1 day, 17:07:00, time: 5.876, data_time: 4.783, memory: 37111, loss_mask: 0.0894, loss_texture: 0.0344, iou: 0.8636, loss: 0.1238
2026-05-01 14:59:39,872 - mmdet - INFO - Iter [10050/120000]	lr: 1.000e-04, eta: 1 day, 17:05:23, time: 1.115, data_time: 0.012, memory: 37111, loss_mask: 0.0928, loss_texture: 0.0372, iou: 0.8754, loss: 0.1300
2026-05-01 15:00:07,649 - mmdet - INFO - Iter [10075/120000]	lr: 1.000e-04, eta: 1 day, 17:03:45, time: 1.111, data_time: 0.012, memory: 37111, loss_mask: 0.0895, loss_texture: 0.0354, iou: 0.8682, loss: 0.1249
2026-05-01 15:00:35,357 - mmdet - INFO - Iter [10100/120000]	lr: 1.000e-04, eta: 1 day, 17:02:07, time: 1.108, data_time: 0.012, memory: 37111, loss_mask: 0.0806, loss_texture: 0.0338, iou: 0.8875, loss: 0.1145
2026-05-01 15:01:03,035 - mmdet - INFO - Iter [10125/120000]	lr: 1.000e-04, eta: 1 day, 17:00:29, time: 1.107, data_time: 0.012, memory: 37111, loss_mask: 0.0821, loss_texture: 0.0340, iou: 0.8569, loss: 0.1161
2026-05-01 15:01:30,824 - mmdet - INFO - Iter [10150/120000]	lr: 1.000e-04, eta: 1 day, 16:58:53, time: 1.112, data_time: 0.012, memory: 37111, loss_mask: 0.0991, loss_texture: 0.0364, iou: 0.8617, loss: 0.1355
2026-05-01 15:01:58,586 - mmdet - INFO - Iter [10175/120000]	lr: 1.000e-04, eta: 1 day, 16:57:17, time: 1.110, data_time: 0.012, memory: 37111, loss_mask: 0.0966, loss_texture: 0.0369, iou: 0.8807, loss: 0.1335
2026-05-01 15:02:26,204 - mmdet - INFO - Iter [10200/120000]	lr: 1.000e-04, eta: 1 day, 16:55:39, time: 1.105, data_time: 0.012, memory: 37111, loss_mask: 0.0904, loss_texture: 0.0350, iou: 0.8727, loss: 0.1254
2026-05-01 15:02:54,051 - mmdet - INFO - Iter [10225/120000]	lr: 1.000e-04, eta: 1 day, 16:54:04, time: 1.114, data_time: 0.012, memory: 37111, loss_mask: 0.0852, loss_texture: 0.0337, iou: 0.8796, loss: 0.1189
2026-05-01 15:03:22,052 - mmdet - INFO - Iter [10250/120000]	lr: 1.000e-04, eta: 1 day, 16:52:32, time: 1.120, data_time: 0.013, memory: 37111, loss_mask: 0.0804, loss_texture: 0.0306, iou: 0.8719, loss: 0.1110
2026-05-01 15:03:49,934 - mmdet - INFO - Iter [10275/120000]	lr: 1.000e-04, eta: 1 day, 16:50:58, time: 1.115, data_time: 0.012, memory: 37111, loss_mask: 0.0798, loss_texture: 0.0323, iou: 0.8809, loss: 0.1121
2026-05-01 15:04:18,392 - mmdet - INFO - Iter [10300/120000]	lr: 1.000e-04, eta: 1 day, 16:49:31, time: 1.138, data_time: 0.014, memory: 37111, loss_mask: 0.0788, loss_texture: 0.0323, iou: 0.8796, loss: 0.1112
2026-05-01 15:04:46,215 - mmdet - INFO - Iter [10325/120000]	lr: 1.000e-04, eta: 1 day, 16:47:57, time: 1.113, data_time: 0.012, memory: 37111, loss_mask: 0.0910, loss_texture: 0.0350, iou: 0.8582, loss: 0.1260
2026-05-01 15:05:14,002 - mmdet - INFO - Iter [10350/120000]	lr: 1.000e-04, eta: 1 day, 16:46:23, time: 1.111, data_time: 0.012, memory: 37111, loss_mask: 0.0946, loss_texture: 0.0343, iou: 0.8745, loss: 0.1288
2026-05-01 15:05:41,757 - mmdet - INFO - Iter [10375/120000]	lr: 1.000e-04, eta: 1 day, 16:44:49, time: 1.110, data_time: 0.012, memory: 37111, loss_mask: 0.0940, loss_texture: 0.0361, iou: 0.8630, loss: 0.1301
2026-05-01 15:06:09,519 - mmdet - INFO - Iter [10400/120000]	lr: 1.000e-04, eta: 1 day, 16:43:16, time: 1.110, data_time: 0.012, memory: 37111, loss_mask: 0.0908, loss_texture: 0.0341, iou: 0.8837, loss: 0.1250
2026-05-01 15:06:37,103 - mmdet - INFO - Iter [10425/120000]	lr: 1.000e-04, eta: 1 day, 16:41:41, time: 1.103, data_time: 0.012, memory: 37111, loss_mask: 0.0847, loss_texture: 0.0331, iou: 0.8691, loss: 0.1177
2026-05-01 15:07:05,061 - mmdet - INFO - Iter [10450/120000]	lr: 1.000e-04, eta: 1 day, 16:40:10, time: 1.118, data_time: 0.011, memory: 37111, loss_mask: 0.1003, loss_texture: 0.0372, iou: 0.8665, loss: 0.1375
2026-05-01 15:07:32,987 - mmdet - INFO - Iter [10475/120000]	lr: 1.000e-04, eta: 1 day, 16:38:39, time: 1.117, data_time: 0.012, memory: 37111, loss_mask: 0.0930, loss_texture: 0.0356, iou: 0.8732, loss: 0.1287
2026-05-01 15:08:00,566 - mmdet - INFO - 
--- Val evaluation at iter 10500 ---
2026-05-01 15:09:58,098 - mmdet - INFO - 
+------------+-------------+-------------+
| Class      | Val IoU     | Pseudo IoU  |
+------------+-------------+-------------+
| background | 92.15       | 92.68       |
| building   | 66.40       | 69.14       |
| Summary    | mIoU: 79.27 | mIoU: 80.91 |
+------------+-------------+-------------+
Images evaluated: 218
2026-05-01 15:10:00,753 - mmdet - INFO - ★ New best mIoU: 79.27% (prev: 79.12%, Δ=+0.15%) → saved to /home/ubuntu/vy/Denoiser/SegRefiner/work_dirs/exp8_all/best_model.pth
2026-05-01 15:10:00,758 - mmdet - INFO - Iter [10500/120000]	lr: 1.000e-04, eta: 1 day, 16:37:05, time: 1.103, data_time: 0.012, memory: 37111, val/mIoU: 0.7927, val/IoU.building: 0.6640, val/IoU.background: 0.9215, val/Pseudo_mIoU: 0.8091, loss_mask: 0.0929, loss_texture: 0.0361, iou: 0.8428, loss: 0.1290
2026-05-01 15:10:28,540 - mmdet - INFO - Iter [10525/120000]	lr: 1.000e-04, eta: 1 day, 16:56:24, time: 5.919, data_time: 4.820, memory: 37111, loss_mask: 0.0809, loss_texture: 0.0315, iou: 0.8888, loss: 0.1125
2026-05-01 15:10:56,325 - mmdet - INFO - Iter [10550/120000]	lr: 1.000e-04, eta: 1 day, 16:54:49, time: 1.111, data_time: 0.012, memory: 37111, loss_mask: 0.0957, loss_texture: 0.0372, iou: 0.8689, loss: 0.1329
2026-05-01 15:11:24,123 - mmdet - INFO - Iter [10575/120000]	lr: 1.000e-04, eta: 1 day, 16:53:15, time: 1.112, data_time: 0.012, memory: 37111, loss_mask: 0.0967, loss_texture: 0.0350, iou: 0.8626, loss: 0.1316
2026-05-01 15:11:51,764 - mmdet - INFO - Iter [10600/120000]	lr: 1.000e-04, eta: 1 day, 16:51:40, time: 1.106, data_time: 0.012, memory: 37111, loss_mask: 0.0800, loss_texture: 0.0302, iou: 0.8642, loss: 0.1102
2026-05-01 15:12:19,548 - mmdet - INFO - Iter [10625/120000]	lr: 1.000e-04, eta: 1 day, 16:50:06, time: 1.111, data_time: 0.012, memory: 37111, loss_mask: 0.0806, loss_texture: 0.0335, iou: 0.8842, loss: 0.1141
2026-05-01 15:12:47,408 - mmdet - INFO - Iter [10650/120000]	lr: 1.000e-04, eta: 1 day, 16:48:33, time: 1.114, data_time: 0.012, memory: 37111, loss_mask: 0.0948, loss_texture: 0.0379, iou: 0.8577, loss: 0.1327
2026-05-01 15:13:15,134 - mmdet - INFO - Iter [10675/120000]	lr: 1.000e-04, eta: 1 day, 16:47:00, time: 1.109, data_time: 0.012, memory: 37111, loss_mask: 0.0972, loss_texture: 0.0384, iou: 0.8719, loss: 0.1356
2026-05-01 15:13:42,783 - mmdet - INFO - Iter [10700/120000]	lr: 1.000e-04, eta: 1 day, 16:45:26, time: 1.106, data_time: 0.012, memory: 37111, loss_mask: 0.1612, loss_texture: 0.0416, iou: 0.7969, loss: 0.2028
2026-05-01 15:14:10,619 - mmdet - INFO - Iter [10725/120000]	lr: 1.000e-04, eta: 1 day, 16:43:54, time: 1.113, data_time: 0.012, memory: 37111, loss_mask: 0.1324, loss_texture: 0.0423, iou: 0.8343, loss: 0.1747
2026-05-01 15:14:38,371 - mmdet - INFO - Iter [10750/120000]	lr: 1.000e-04, eta: 1 day, 16:42:21, time: 1.110, data_time: 0.011, memory: 37111, loss_mask: 0.0945, loss_texture: 0.0348, iou: 0.8600, loss: 0.1293
2026-05-01 15:15:06,270 - mmdet - INFO - Iter [10775/120000]	lr: 1.000e-04, eta: 1 day, 16:40:51, time: 1.116, data_time: 0.012, memory: 37111, loss_mask: 0.0971, loss_texture: 0.0379, iou: 0.8752, loss: 0.1350
2026-05-01 15:15:34,068 - mmdet - INFO - Iter [10800/120000]	lr: 1.000e-04, eta: 1 day, 16:39:19, time: 1.112, data_time: 0.012, memory: 37111, loss_mask: 0.0869, loss_texture: 0.0335, iou: 0.8614, loss: 0.1205
2026-05-01 15:16:01,830 - mmdet - INFO - Iter [10825/120000]	lr: 1.000e-04, eta: 1 day, 16:37:48, time: 1.110, data_time: 0.012, memory: 37111, loss_mask: 0.0905, loss_texture: 0.0351, iou: 0.8745, loss: 0.1255
2026-05-01 15:16:29,497 - mmdet - INFO - Iter [10850/120000]	lr: 1.000e-04, eta: 1 day, 16:36:16, time: 1.107, data_time: 0.012, memory: 37111, loss_mask: 0.0842, loss_texture: 0.0331, iou: 0.8697, loss: 0.1173
2026-05-01 15:16:57,083 - mmdet - INFO - Iter [10875/120000]	lr: 1.000e-04, eta: 1 day, 16:34:43, time: 1.103, data_time: 0.012, memory: 37111, loss_mask: 0.0818, loss_texture: 0.0337, iou: 0.8895, loss: 0.1154
2026-05-01 15:17:24,593 - mmdet - INFO - Iter [10900/120000]	lr: 1.000e-04, eta: 1 day, 16:33:10, time: 1.100, data_time: 0.012, memory: 37111, loss_mask: 0.0913, loss_texture: 0.0358, iou: 0.8619, loss: 0.1271
2026-05-01 15:17:52,278 - mmdet - INFO - Iter [10925/120000]	lr: 1.000e-04, eta: 1 day, 16:31:39, time: 1.107, data_time: 0.012, memory: 37111, loss_mask: 0.1028, loss_texture: 0.0380, iou: 0.8592, loss: 0.1408
2026-05-01 15:18:20,008 - mmdet - INFO - Iter [10950/120000]	lr: 1.000e-04, eta: 1 day, 16:30:09, time: 1.109, data_time: 0.012, memory: 37111, loss_mask: 0.1012, loss_texture: 0.0362, iou: 0.8687, loss: 0.1374
2026-05-01 15:18:47,816 - mmdet - INFO - Iter [10975/120000]	lr: 1.000e-04, eta: 1 day, 16:28:39, time: 1.112, data_time: 0.012, memory: 37111, loss_mask: 0.0953, loss_texture: 0.0376, iou: 0.8627, loss: 0.1329
2026-05-01 15:19:15,364 - mmdet - INFO - 
--- Val evaluation at iter 11000 ---
2026-05-01 15:21:12,723 - mmdet - INFO - 
+------------+-------------+-------------+
| Class      | Val IoU     | Pseudo IoU  |
+------------+-------------+-------------+
| background | 91.94       | 92.68       |
| building   | 65.24       | 69.14       |
| Summary    | mIoU: 78.59 | mIoU: 80.91 |
+------------+-------------+-------------+
Images evaluated: 218
2026-05-01 15:21:14,105 - mmdet - INFO - Exp name: exp8_all.py
2026-05-01 15:21:14,105 - mmdet - INFO - Iter [11000/120000]	lr: 1.000e-04, eta: 1 day, 16:27:08, time: 1.102, data_time: 0.012, memory: 37111, val/mIoU: 0.7859, val/IoU.building: 0.6524, val/IoU.background: 0.9194, val/Pseudo_mIoU: 0.8091, loss_mask: 0.0882, loss_texture: 0.0322, iou: 0.8556, loss: 0.1204
2026-05-01 15:21:41,700 - mmdet - INFO - Iter [11025/120000]	lr: 1.000e-04, eta: 1 day, 16:45:11, time: 5.853, data_time: 4.762, memory: 37111, loss_mask: 0.0878, loss_texture: 0.0331, iou: 0.8621, loss: 0.1209
2026-05-01 15:22:09,221 - mmdet - INFO - Iter [11050/120000]	lr: 1.000e-04, eta: 1 day, 16:43:37, time: 1.101, data_time: 0.012, memory: 37111, loss_mask: 0.0987, loss_texture: 0.0341, iou: 0.8698, loss: 0.1328
2026-05-01 15:22:36,789 - mmdet - INFO - Iter [11075/120000]	lr: 1.000e-04, eta: 1 day, 16:42:03, time: 1.103, data_time: 0.012, memory: 37111, loss_mask: 0.0867, loss_texture: 0.0344, iou: 0.8775, loss: 0.1211
2026-05-01 15:23:04,354 - mmdet - INFO - Iter [11100/120000]	lr: 1.000e-04, eta: 1 day, 16:40:30, time: 1.103, data_time: 0.012, memory: 37111, loss_mask: 0.0887, loss_texture: 0.0345, iou: 0.8804, loss: 0.1231
2026-05-01 15:23:31,895 - mmdet - INFO - Iter [11125/120000]	lr: 1.000e-04, eta: 1 day, 16:38:57, time: 1.102, data_time: 0.012, memory: 37111, loss_mask: 0.0890, loss_texture: 0.0352, iou: 0.8813, loss: 0.1242
2026-05-01 15:23:59,643 - mmdet - INFO - Iter [11150/120000]	lr: 1.000e-04, eta: 1 day, 16:37:26, time: 1.110, data_time: 0.012, memory: 37111, loss_mask: 0.0929, loss_texture: 0.0371, iou: 0.8617, loss: 0.1300
2026-05-01 15:24:27,189 - mmdet - INFO - Iter [11175/120000]	lr: 1.000e-04, eta: 1 day, 16:35:54, time: 1.102, data_time: 0.012, memory: 37111, loss_mask: 0.0738, loss_texture: 0.0304, iou: 0.8707, loss: 0.1042
2026-05-01 15:24:54,854 - mmdet - INFO - Iter [11200/120000]	lr: 1.000e-04, eta: 1 day, 16:34:23, time: 1.107, data_time: 0.012, memory: 37111, loss_mask: 0.0909, loss_texture: 0.0353, iou: 0.8674, loss: 0.1262
2026-05-01 15:25:22,637 - mmdet - INFO - Iter [11225/120000]	lr: 1.000e-04, eta: 1 day, 16:32:53, time: 1.111, data_time: 0.012, memory: 37111, loss_mask: 0.0937, loss_texture: 0.0353, iou: 0.8672, loss: 0.1290
2026-05-01 15:25:50,405 - mmdet - INFO - Iter [11250/120000]	lr: 1.000e-04, eta: 1 day, 16:31:24, time: 1.111, data_time: 0.012, memory: 37111, loss_mask: 0.0869, loss_texture: 0.0334, iou: 0.8718, loss: 0.1203
2026-05-01 15:26:17,898 - mmdet - INFO - Iter [11275/120000]	lr: 1.000e-04, eta: 1 day, 16:29:52, time: 1.100, data_time: 0.012, memory: 37111, loss_mask: 0.0919, loss_texture: 0.0341, iou: 0.8610, loss: 0.1260
2026-05-01 15:26:45,508 - mmdet - INFO - Iter [11300/120000]	lr: 1.000e-04, eta: 1 day, 16:28:22, time: 1.104, data_time: 0.012, memory: 37111, loss_mask: 0.0840, loss_texture: 0.0324, iou: 0.8739, loss: 0.1164
2026-05-01 15:27:13,189 - mmdet - INFO - Iter [11325/120000]	lr: 1.000e-04, eta: 1 day, 16:26:52, time: 1.107, data_time: 0.012, memory: 37111, loss_mask: 0.0917, loss_texture: 0.0368, iou: 0.8899, loss: 0.1285
2026-05-01 15:27:40,785 - mmdet - INFO - Iter [11350/120000]	lr: 1.000e-04, eta: 1 day, 16:25:22, time: 1.104, data_time: 0.012, memory: 37111, loss_mask: 0.0860, loss_texture: 0.0356, iou: 0.8825, loss: 0.1216
2026-05-01 15:28:08,347 - mmdet - INFO - Iter [11375/120000]	lr: 1.000e-04, eta: 1 day, 16:23:52, time: 1.102, data_time: 0.012, memory: 37111, loss_mask: 0.0811, loss_texture: 0.0320, iou: 0.8693, loss: 0.1132
2026-05-01 15:28:35,931 - mmdet - INFO - Iter [11400/120000]	lr: 1.000e-04, eta: 1 day, 16:22:23, time: 1.103, data_time: 0.012, memory: 37111, loss_mask: 0.0821, loss_texture: 0.0341, iou: 0.8775, loss: 0.1162
2026-05-01 15:29:03,643 - mmdet - INFO - Iter [11425/120000]	lr: 1.000e-04, eta: 1 day, 16:20:55, time: 1.108, data_time: 0.012, memory: 37111, loss_mask: 0.0870, loss_texture: 0.0341, iou: 0.8718, loss: 0.1211
2026-05-01 15:29:31,487 - mmdet - INFO - Iter [11450/120000]	lr: 1.000e-04, eta: 1 day, 16:19:28, time: 1.114, data_time: 0.012, memory: 37111, loss_mask: 0.0866, loss_texture: 0.0355, iou: 0.8748, loss: 0.1221
2026-05-01 15:29:59,126 - mmdet - INFO - Iter [11475/120000]	lr: 1.000e-04, eta: 1 day, 16:18:00, time: 1.106, data_time: 0.012, memory: 37111, loss_mask: 0.0777, loss_texture: 0.0312, iou: 0.8768, loss: 0.1088
2026-05-01 15:30:27,019 - mmdet - INFO - 
--- Val evaluation at iter 11500 ---
2026-05-01 15:32:24,703 - mmdet - INFO - 
+------------+-------------+-------------+
| Class      | Val IoU     | Pseudo IoU  |
+------------+-------------+-------------+
| background | 91.80       | 92.68       |
| building   | 64.46       | 69.14       |
| Summary    | mIoU: 78.13 | mIoU: 80.91 |
+------------+-------------+-------------+
Images evaluated: 218
2026-05-01 15:32:26,071 - mmdet - INFO - Iter [11500/120000]	lr: 1.000e-04, eta: 1 day, 16:16:34, time: 1.116, data_time: 0.012, memory: 37111, val/mIoU: 0.7813, val/IoU.building: 0.6446, val/IoU.background: 0.9180, val/Pseudo_mIoU: 0.8091, loss_mask: 0.0874, loss_texture: 0.0345, iou: 0.8613, loss: 0.1218
2026-05-01 15:32:53,637 - mmdet - INFO - Iter [11525/120000]	lr: 1.000e-04, eta: 1 day, 16:33:46, time: 5.865, data_time: 4.774, memory: 37111, loss_mask: 0.0834, loss_texture: 0.0328, iou: 0.8677, loss: 0.1162
2026-05-01 15:33:21,252 - mmdet - INFO - Iter [11550/120000]	lr: 1.000e-04, eta: 1 day, 16:32:16, time: 1.105, data_time: 0.012, memory: 37111, loss_mask: 0.0852, loss_texture: 0.0336, iou: 0.8826, loss: 0.1188
2026-05-01 15:33:48,847 - mmdet - INFO - Iter [11575/120000]	lr: 1.000e-04, eta: 1 day, 16:30:46, time: 1.104, data_time: 0.011, memory: 37111, loss_mask: 0.0912, loss_texture: 0.0351, iou: 0.8811, loss: 0.1263
2026-05-01 15:34:16,602 - mmdet - INFO - Iter [11600/120000]	lr: 1.000e-04, eta: 1 day, 16:29:17, time: 1.110, data_time: 0.012, memory: 37111, loss_mask: 0.0752, loss_texture: 0.0308, iou: 0.8828, loss: 0.1059
2026-05-01 15:34:44,583 - mmdet - INFO - Iter [11625/120000]	lr: 1.000e-04, eta: 1 day, 16:27:51, time: 1.119, data_time: 0.012, memory: 37111, loss_mask: 0.0833, loss_texture: 0.0353, iou: 0.8755, loss: 0.1185
2026-05-01 15:35:12,393 - mmdet - INFO - Iter [11650/120000]	lr: 1.000e-04, eta: 1 day, 16:26:23, time: 1.112, data_time: 0.012, memory: 37111, loss_mask: 0.0869, loss_texture: 0.0358, iou: 0.8697, loss: 0.1227
2026-05-01 15:35:40,085 - mmdet - INFO - Iter [11675/120000]	lr: 1.000e-04, eta: 1 day, 16:24:55, time: 1.108, data_time: 0.012, memory: 37111, loss_mask: 0.0801, loss_texture: 0.0328, iou: 0.8631, loss: 0.1128
2026-05-01 15:36:07,612 - mmdet - INFO - Iter [11700/120000]	lr: 1.000e-04, eta: 1 day, 16:23:26, time: 1.101, data_time: 0.012, memory: 37111, loss_mask: 0.0810, loss_texture: 0.0331, iou: 0.8676, loss: 0.1141
2026-05-01 15:36:35,433 - mmdet - INFO - Iter [11725/120000]	lr: 1.000e-04, eta: 1 day, 16:21:59, time: 1.113, data_time: 0.012, memory: 37111, loss_mask: 0.0789, loss_texture: 0.0335, iou: 0.8782, loss: 0.1124
2026-05-01 15:37:03,270 - mmdet - INFO - Iter [11750/120000]	lr: 1.000e-04, eta: 1 day, 16:20:33, time: 1.114, data_time: 0.012, memory: 37111, loss_mask: 0.0933, loss_texture: 0.0352, iou: 0.8692, loss: 0.1285
2026-05-01 15:37:30,989 - mmdet - INFO - Iter [11775/120000]	lr: 1.000e-04, eta: 1 day, 16:19:06, time: 1.109, data_time: 0.012, memory: 37111, loss_mask: 0.0908, loss_texture: 0.0343, iou: 0.8911, loss: 0.1250
2026-05-01 15:37:58,693 - mmdet - INFO - Iter [11800/120000]	lr: 1.000e-04, eta: 1 day, 16:17:39, time: 1.108, data_time: 0.012, memory: 37111, loss_mask: 0.0829, loss_texture: 0.0328, iou: 0.8739, loss: 0.1157
2026-05-01 15:38:27,452 - mmdet - INFO - Iter [11825/120000]	lr: 1.000e-04, eta: 1 day, 16:16:22, time: 1.150, data_time: 0.014, memory: 37111, loss_mask: 0.0858, loss_texture: 0.0338, iou: 0.8826, loss: 0.1196
2026-05-01 15:38:55,250 - mmdet - INFO - Iter [11850/120000]	lr: 1.000e-04, eta: 1 day, 16:14:56, time: 1.112, data_time: 0.012, memory: 37111, loss_mask: 0.0890, loss_texture: 0.0344, iou: 0.8574, loss: 0.1234
2026-05-01 15:39:23,065 - mmdet - INFO - Iter [11875/120000]	lr: 1.000e-04, eta: 1 day, 16:13:31, time: 1.113, data_time: 0.012, memory: 37111, loss_mask: 0.0850, loss_texture: 0.0334, iou: 0.8637, loss: 0.1184
2026-05-01 15:39:50,686 - mmdet - INFO - Iter [11900/120000]	lr: 1.000e-04, eta: 1 day, 16:12:04, time: 1.105, data_time: 0.011, memory: 37111, loss_mask: 0.0981, loss_texture: 0.0366, iou: 0.8600, loss: 0.1347
2026-05-01 15:40:18,338 - mmdet - INFO - Iter [11925/120000]	lr: 1.000e-04, eta: 1 day, 16:10:38, time: 1.106, data_time: 0.012, memory: 37111, loss_mask: 0.0721, loss_texture: 0.0297, iou: 0.8984, loss: 0.1018
2026-05-01 15:40:45,989 - mmdet - INFO - Iter [11950/120000]	lr: 1.000e-04, eta: 1 day, 16:09:12, time: 1.106, data_time: 0.011, memory: 37111, loss_mask: 0.0877, loss_texture: 0.0324, iou: 0.8672, loss: 0.1201
2026-05-01 15:41:13,692 - mmdet - INFO - Iter [11975/120000]	lr: 1.000e-04, eta: 1 day, 16:07:47, time: 1.108, data_time: 0.012, memory: 37111, loss_mask: 0.0854, loss_texture: 0.0317, iou: 0.8611, loss: 0.1171
2026-05-01 15:41:41,452 - mmdet - INFO - 
--- Val evaluation at iter 12000 ---
2026-05-01 15:43:40,044 - mmdet - INFO - 
+------------+-------------+-------------+
| Class      | Val IoU     | Pseudo IoU  |
+------------+-------------+-------------+
| background | 91.98       | 92.68       |
| building   | 65.48       | 69.14       |
| Summary    | mIoU: 78.73 | mIoU: 80.91 |
+------------+-------------+-------------+
Images evaluated: 218
2026-05-01 15:43:41,398 - mmdet - INFO - Exp name: exp8_all.py
2026-05-01 15:43:41,398 - mmdet - INFO - Iter [12000/120000]	lr: 1.000e-04, eta: 1 day, 16:06:22, time: 1.110, data_time: 0.012, memory: 37111, val/mIoU: 0.7873, val/IoU.building: 0.6548, val/IoU.background: 0.9198, val/Pseudo_mIoU: 0.8091, loss_mask: 0.0856, loss_texture: 0.0347, iou: 0.8682, loss: 0.1203
2026-05-01 15:44:09,160 - mmdet - INFO - Iter [12025/120000]	lr: 1.000e-04, eta: 1 day, 16:22:55, time: 5.908, data_time: 4.811, memory: 37111, loss_mask: 0.0851, loss_texture: 0.0359, iou: 0.8705, loss: 0.1210
2026-05-01 15:44:36,824 - mmdet - INFO - Iter [12050/120000]	lr: 1.000e-04, eta: 1 day, 16:21:28, time: 1.107, data_time: 0.012, memory: 37111, loss_mask: 0.0745, loss_texture: 0.0308, iou: 0.8955, loss: 0.1053
2026-05-01 15:45:04,405 - mmdet - INFO - Iter [12075/120000]	lr: 1.000e-04, eta: 1 day, 16:20:00, time: 1.103, data_time: 0.012, memory: 37111, loss_mask: 0.0905, loss_texture: 0.0361, iou: 0.8709, loss: 0.1266
2026-05-01 15:45:32,016 - mmdet - INFO - Iter [12100/120000]	lr: 1.000e-04, eta: 1 day, 16:18:32, time: 1.104, data_time: 0.012, memory: 37111, loss_mask: 0.0908, loss_texture: 0.0337, iou: 0.8874, loss: 0.1245
2026-05-01 15:45:59,540 - mmdet - INFO - Iter [12125/120000]	lr: 1.000e-04, eta: 1 day, 16:17:05, time: 1.101, data_time: 0.012, memory: 37111, loss_mask: 0.0791, loss_texture: 0.0316, iou: 0.8577, loss: 0.1108
2026-05-01 15:46:27,071 - mmdet - INFO - Iter [12150/120000]	lr: 1.000e-04, eta: 1 day, 16:15:37, time: 1.101, data_time: 0.012, memory: 37111, loss_mask: 0.0798, loss_texture: 0.0334, iou: 0.8797, loss: 0.1133
2026-05-01 15:46:54,650 - mmdet - INFO - Iter [12175/120000]	lr: 1.000e-04, eta: 1 day, 16:14:10, time: 1.103, data_time: 0.012, memory: 37111, loss_mask: 0.0864, loss_texture: 0.0349, iou: 0.8840, loss: 0.1212
2026-05-01 15:47:22,148 - mmdet - INFO - Iter [12200/120000]	lr: 1.000e-04, eta: 1 day, 16:12:43, time: 1.100, data_time: 0.012, memory: 37111, loss_mask: 0.0843, loss_texture: 0.0333, iou: 0.8689, loss: 0.1176
2026-05-01 15:47:49,688 - mmdet - INFO - Iter [12225/120000]	lr: 1.000e-04, eta: 1 day, 16:11:16, time: 1.102, data_time: 0.012, memory: 37111, loss_mask: 0.0847, loss_texture: 0.0325, iou: 0.8706, loss: 0.1171
2026-05-01 15:48:17,541 - mmdet - INFO - Iter [12250/120000]	lr: 1.000e-04, eta: 1 day, 16:09:52, time: 1.114, data_time: 0.012, memory: 37111, loss_mask: 0.0832, loss_texture: 0.0336, iou: 0.8691, loss: 0.1167
2026-05-01 15:48:45,300 - mmdet - INFO - Iter [12275/120000]	lr: 1.000e-04, eta: 1 day, 16:08:28, time: 1.110, data_time: 0.012, memory: 37111, loss_mask: 0.0908, loss_texture: 0.0355, iou: 0.8842, loss: 0.1263
2026-05-01 15:49:13,109 - mmdet - INFO - Iter [12300/120000]	lr: 1.000e-04, eta: 1 day, 16:07:04, time: 1.112, data_time: 0.012, memory: 37111, loss_mask: 0.0869, loss_texture: 0.0356, iou: 0.8725, loss: 0.1226
2026-05-01 15:49:40,986 - mmdet - INFO - Iter [12325/120000]	lr: 1.000e-04, eta: 1 day, 16:05:41, time: 1.115, data_time: 0.012, memory: 37111, loss_mask: 0.0918, loss_texture: 0.0351, iou: 0.8788, loss: 0.1269
2026-05-01 15:50:08,760 - mmdet - INFO - Iter [12350/120000]	lr: 1.000e-04, eta: 1 day, 16:04:18, time: 1.111, data_time: 0.012, memory: 37111, loss_mask: 0.1229, loss_texture: 0.0363, iou: 0.8602, loss: 0.1592
2026-05-01 15:50:36,482 - mmdet - INFO - Iter [12375/120000]	lr: 1.000e-04, eta: 1 day, 16:02:54, time: 1.109, data_time: 0.012, memory: 37111, loss_mask: 0.1154, loss_texture: 0.0376, iou: 0.8402, loss: 0.1530
2026-05-01 15:51:04,234 - mmdet - INFO - Iter [12400/120000]	lr: 1.000e-04, eta: 1 day, 16:01:31, time: 1.110, data_time: 0.011, memory: 37111, loss_mask: 0.1224, loss_texture: 0.0402, iou: 0.8490, loss: 0.1626
2026-05-01 15:51:32,114 - mmdet - INFO - Iter [12425/120000]	lr: 1.000e-04, eta: 1 day, 16:00:09, time: 1.115, data_time: 0.012, memory: 37111, loss_mask: 0.0925, loss_texture: 0.0338, iou: 0.8721, loss: 0.1263
2026-05-01 15:51:59,953 - mmdet - INFO - Iter [12450/120000]	lr: 1.000e-04, eta: 1 day, 15:58:47, time: 1.114, data_time: 0.011, memory: 37111, loss_mask: 0.0884, loss_texture: 0.0312, iou: 0.8636, loss: 0.1196
2026-05-01 15:52:27,570 - mmdet - INFO - Iter [12475/120000]	lr: 1.000e-04, eta: 1 day, 15:57:23, time: 1.105, data_time: 0.012, memory: 37111, loss_mask: 0.1005, loss_texture: 0.0353, iou: 0.8580, loss: 0.1359
2026-05-01 15:52:55,230 - mmdet - INFO - 
--- Val evaluation at iter 12500 ---
2026-05-01 15:54:53,515 - mmdet - INFO - 
+------------+-------------+-------------+
| Class      | Val IoU     | Pseudo IoU  |
+------------+-------------+-------------+
| background | 91.89       | 92.68       |
| building   | 65.27       | 69.14       |
| Summary    | mIoU: 78.58 | mIoU: 80.91 |
+------------+-------------+-------------+
Images evaluated: 218
2026-05-01 15:54:54,911 - mmdet - INFO - Iter [12500/120000]	lr: 1.000e-04, eta: 1 day, 15:56:00, time: 1.106, data_time: 0.012, memory: 37111, val/mIoU: 0.7858, val/IoU.building: 0.6527, val/IoU.background: 0.9189, val/Pseudo_mIoU: 0.8091, loss_mask: 0.1016, loss_texture: 0.0365, iou: 0.8563, loss: 0.1381
2026-05-01 15:55:22,799 - mmdet - INFO - Iter [12525/120000]	lr: 1.000e-04, eta: 1 day, 16:11:46, time: 5.903, data_time: 4.801, memory: 37111, loss_mask: 0.0836, loss_texture: 0.0330, iou: 0.8732, loss: 0.1166
2026-05-01 15:55:50,630 - mmdet - INFO - Iter [12550/120000]	lr: 1.000e-04, eta: 1 day, 16:10:22, time: 1.113, data_time: 0.012, memory: 37111, loss_mask: 0.0906, loss_texture: 0.0351, iou: 0.8774, loss: 0.1256
2026-05-01 15:56:18,613 - mmdet - INFO - Iter [12575/120000]	lr: 1.000e-04, eta: 1 day, 16:09:00, time: 1.119, data_time: 0.012, memory: 37111, loss_mask: 0.0836, loss_texture: 0.0351, iou: 0.8815, loss: 0.1187
2026-05-01 15:56:46,446 - mmdet - INFO - Iter [12600/120000]	lr: 1.000e-04, eta: 1 day, 16:07:37, time: 1.113, data_time: 0.011, memory: 37111, loss_mask: 0.0825, loss_texture: 0.0346, iou: 0.8833, loss: 0.1171
2026-05-01 15:57:14,346 - mmdet - INFO - Iter [12625/120000]	lr: 1.000e-04, eta: 1 day, 16:06:15, time: 1.116, data_time: 0.012, memory: 37111, loss_mask: 0.0929, loss_texture: 0.0339, iou: 0.8763, loss: 0.1269
2026-05-01 15:57:42,092 - mmdet - INFO - Iter [12650/120000]	lr: 1.000e-04, eta: 1 day, 16:04:51, time: 1.110, data_time: 0.012, memory: 37111, loss_mask: 0.0878, loss_texture: 0.0299, iou: 0.8515, loss: 0.1177
2026-05-01 15:58:10,042 - mmdet - INFO - Iter [12675/120000]	lr: 1.000e-04, eta: 1 day, 16:03:30, time: 1.118, data_time: 0.012, memory: 37111, loss_mask: 0.0871, loss_texture: 0.0324, iou: 0.8599, loss: 0.1195
2026-05-01 15:58:37,856 - mmdet - INFO - Iter [12700/120000]	lr: 1.000e-04, eta: 1 day, 16:02:07, time: 1.113, data_time: 0.011, memory: 37111, loss_mask: 0.0880, loss_texture: 0.0329, iou: 0.8825, loss: 0.1209
2026-05-01 15:59:05,589 - mmdet - INFO - Iter [12725/120000]	lr: 1.000e-04, eta: 1 day, 16:00:44, time: 1.109, data_time: 0.012, memory: 37111, loss_mask: 0.0804, loss_texture: 0.0341, iou: 0.8767, loss: 0.1145
2026-05-01 15:59:33,385 - mmdet - INFO - Iter [12750/120000]	lr: 1.000e-04, eta: 1 day, 15:59:22, time: 1.112, data_time: 0.012, memory: 37111, loss_mask: 0.0726, loss_texture: 0.0289, iou: 0.8850, loss: 0.1015
2026-05-01 16:00:01,132 - mmdet - INFO - Iter [12775/120000]	lr: 1.000e-04, eta: 1 day, 15:58:00, time: 1.110, data_time: 0.012, memory: 37111, loss_mask: 0.0893, loss_texture: 0.0338, iou: 0.8832, loss: 0.1231
2026-05-01 16:00:28,985 - mmdet - INFO - Iter [12800/120000]	lr: 1.000e-04, eta: 1 day, 15:56:39, time: 1.114, data_time: 0.012, memory: 37111, loss_mask: 0.0858, loss_texture: 0.0345, iou: 0.8856, loss: 0.1203
2026-05-01 16:00:56,762 - mmdet - INFO - Iter [12825/120000]	lr: 1.000e-04, eta: 1 day, 15:55:17, time: 1.111, data_time: 0.012, memory: 37111, loss_mask: 0.1076, loss_texture: 0.0386, iou: 0.8411, loss: 0.1462
2026-05-01 16:01:24,557 - mmdet - INFO - Iter [12850/120000]	lr: 1.000e-04, eta: 1 day, 15:53:56, time: 1.112, data_time: 0.012, memory: 37111, loss_mask: 0.0836, loss_texture: 0.0315, iou: 0.8694, loss: 0.1151
2026-05-01 16:01:52,376 - mmdet - INFO - Iter [12875/120000]	lr: 1.000e-04, eta: 1 day, 15:52:35, time: 1.113, data_time: 0.012, memory: 37111, loss_mask: 0.0859, loss_texture: 0.0340, iou: 0.8705, loss: 0.1198
2026-05-01 16:02:20,083 - mmdet - INFO - Iter [12900/120000]	lr: 1.000e-04, eta: 1 day, 15:51:13, time: 1.108, data_time: 0.012, memory: 37111, loss_mask: 0.0850, loss_texture: 0.0337, iou: 0.8780, loss: 0.1187
2026-05-01 16:02:47,766 - mmdet - INFO - Iter [12925/120000]	lr: 1.000e-04, eta: 1 day, 15:49:52, time: 1.107, data_time: 0.012, memory: 37111, loss_mask: 0.1106, loss_texture: 0.0381, iou: 0.8500, loss: 0.1487
2026-05-01 16:03:15,397 - mmdet - INFO - Iter [12950/120000]	lr: 1.000e-04, eta: 1 day, 15:48:30, time: 1.105, data_time: 0.012, memory: 37111, loss_mask: 0.0868, loss_texture: 0.0334, iou: 0.8728, loss: 0.1202
2026-05-01 16:03:43,084 - mmdet - INFO - Iter [12975/120000]	lr: 1.000e-04, eta: 1 day, 15:47:09, time: 1.107, data_time: 0.012, memory: 37111, loss_mask: 0.0838, loss_texture: 0.0321, iou: 0.8810, loss: 0.1159
2026-05-01 16:04:10,769 - mmdet - INFO - 
--- Val evaluation at iter 13000 ---
2026-05-01 16:06:08,875 - mmdet - INFO - 
+------------+-------------+-------------+
| Class      | Val IoU     | Pseudo IoU  |
+------------+-------------+-------------+
| background | 92.22       | 92.68       |
| building   | 66.80       | 69.14       |
| Summary    | mIoU: 79.51 | mIoU: 80.91 |
+------------+-------------+-------------+
Images evaluated: 218
2026-05-01 16:06:11,637 - mmdet - INFO - ★ New best mIoU: 79.51% (prev: 79.27%, Δ=+0.24%) → saved to /home/ubuntu/vy/Denoiser/SegRefiner/work_dirs/exp8_all/best_model.pth
2026-05-01 16:06:11,642 - mmdet - INFO - Exp name: exp8_all.py
2026-05-01 16:06:11,642 - mmdet - INFO - Iter [13000/120000]	lr: 1.000e-04, eta: 1 day, 15:45:48, time: 1.107, data_time: 0.012, memory: 37111, val/mIoU: 0.7951, val/IoU.building: 0.6680, val/IoU.background: 0.9222, val/Pseudo_mIoU: 0.8091, loss_mask: 0.0929, loss_texture: 0.0367, iou: 0.8690, loss: 0.1296
2026-05-01 16:06:39,332 - mmdet - INFO - Iter [13025/120000]	lr: 1.000e-04, eta: 1 day, 16:01:00, time: 5.942, data_time: 4.847, memory: 37111, loss_mask: 0.0847, loss_texture: 0.0337, iou: 0.8774, loss: 0.1185
2026-05-01 16:07:06,874 - mmdet - INFO - Iter [13050/120000]	lr: 1.000e-04, eta: 1 day, 15:59:36, time: 1.102, data_time: 0.012, memory: 37111, loss_mask: 0.0775, loss_texture: 0.0315, iou: 0.8696, loss: 0.1090
2026-05-01 16:07:34,657 - mmdet - INFO - Iter [13075/120000]	lr: 1.000e-04, eta: 1 day, 15:58:14, time: 1.111, data_time: 0.012, memory: 37111, loss_mask: 0.0778, loss_texture: 0.0325, iou: 0.8927, loss: 0.1103
2026-05-01 16:08:02,370 - mmdet - INFO - Iter [13100/120000]	lr: 1.000e-04, eta: 1 day, 15:56:52, time: 1.109, data_time: 0.012, memory: 37111, loss_mask: 0.0810, loss_texture: 0.0335, iou: 0.8796, loss: 0.1144
2026-05-01 16:08:30,002 - mmdet - INFO - Iter [13125/120000]	lr: 1.000e-04, eta: 1 day, 15:55:30, time: 1.105, data_time: 0.012, memory: 37111, loss_mask: 0.0822, loss_texture: 0.0342, iou: 0.8781, loss: 0.1165
2026-05-01 16:08:57,587 - mmdet - INFO - Iter [13150/120000]	lr: 1.000e-04, eta: 1 day, 15:54:07, time: 1.103, data_time: 0.012, memory: 37111, loss_mask: 0.0775, loss_texture: 0.0317, iou: 0.8781, loss: 0.1092
2026-05-01 16:09:25,299 - mmdet - INFO - Iter [13175/120000]	lr: 1.000e-04, eta: 1 day, 15:52:46, time: 1.108, data_time: 0.012, memory: 37111, loss_mask: 0.0834, loss_texture: 0.0342, iou: 0.8895, loss: 0.1176
2026-05-01 16:09:52,916 - mmdet - INFO - Iter [13200/120000]	lr: 1.000e-04, eta: 1 day, 15:51:24, time: 1.105, data_time: 0.011, memory: 37111, loss_mask: 0.0793, loss_texture: 0.0318, iou: 0.8792, loss: 0.1111
2026-05-01 16:10:20,711 - mmdet - INFO - Iter [13225/120000]	lr: 1.000e-04, eta: 1 day, 15:50:03, time: 1.112, data_time: 0.012, memory: 37111, loss_mask: 0.0852, loss_texture: 0.0332, iou: 0.8767, loss: 0.1184
2026-05-01 16:10:48,274 - mmdet - INFO - Iter [13250/120000]	lr: 1.000e-04, eta: 1 day, 15:48:41, time: 1.103, data_time: 0.012, memory: 37111, loss_mask: 0.0760, loss_texture: 0.0315, iou: 0.8583, loss: 0.1075
2026-05-01 16:11:16,084 - mmdet - INFO - Iter [13275/120000]	lr: 1.000e-04, eta: 1 day, 15:47:21, time: 1.112, data_time: 0.012, memory: 37111, loss_mask: 0.0855, loss_texture: 0.0353, iou: 0.8767, loss: 0.1208
2026-05-01 16:11:44,411 - mmdet - INFO - Iter [13300/120000]	lr: 1.000e-04, eta: 1 day, 15:46:06, time: 1.133, data_time: 0.013, memory: 37111, loss_mask: 0.0861, loss_texture: 0.0341, iou: 0.8726, loss: 0.1202
2026-05-01 16:12:12,068 - mmdet - INFO - Iter [13325/120000]	lr: 1.000e-04, eta: 1 day, 15:44:45, time: 1.106, data_time: 0.011, memory: 37111, loss_mask: 0.0805, loss_texture: 0.0333, iou: 0.8857, loss: 0.1138
2026-05-01 16:12:39,684 - mmdet - INFO - Iter [13350/120000]	lr: 1.000e-04, eta: 1 day, 15:43:24, time: 1.105, data_time: 0.012, memory: 37111, loss_mask: 0.0822, loss_texture: 0.0344, iou: 0.8871, loss: 0.1166
2026-05-01 16:13:07,385 - mmdet - INFO - Iter [13375/120000]	lr: 1.000e-04, eta: 1 day, 15:42:04, time: 1.108, data_time: 0.012, memory: 37111, loss_mask: 0.0772, loss_texture: 0.0317, iou: 0.8709, loss: 0.1090
2026-05-01 16:13:35,083 - mmdet - INFO - Iter [13400/120000]	lr: 1.000e-04, eta: 1 day, 15:40:45, time: 1.108, data_time: 0.011, memory: 37111, loss_mask: 0.0857, loss_texture: 0.0344, iou: 0.8726, loss: 0.1201
2026-05-01 16:14:02,633 - mmdet - INFO - Iter [13425/120000]	lr: 1.000e-04, eta: 1 day, 15:39:24, time: 1.102, data_time: 0.012, memory: 37111, loss_mask: 0.0870, loss_texture: 0.0335, iou: 0.8734, loss: 0.1205
2026-05-01 16:14:30,360 - mmdet - INFO - Iter [13450/120000]	lr: 1.000e-04, eta: 1 day, 15:38:05, time: 1.109, data_time: 0.012, memory: 37111, loss_mask: 0.0780, loss_texture: 0.0315, iou: 0.8687, loss: 0.1094
2026-05-01 16:14:58,039 - mmdet - INFO - Iter [13475/120000]	lr: 1.000e-04, eta: 1 day, 15:36:45, time: 1.107, data_time: 0.012, memory: 37111, loss_mask: 0.1126, loss_texture: 0.0367, iou: 0.8559, loss: 0.1493
2026-05-01 16:15:25,595 - mmdet - INFO - 
--- Val evaluation at iter 13500 ---
2026-05-01 16:17:22,768 - mmdet - INFO - 
+------------+-------------+-------------+
| Class      | Val IoU     | Pseudo IoU  |
+------------+-------------+-------------+
| background | 91.46       | 92.68       |
| building   | 62.92       | 69.14       |
| Summary    | mIoU: 77.19 | mIoU: 80.91 |
+------------+-------------+-------------+
Images evaluated: 218
2026-05-01 16:17:24,113 - mmdet - INFO - Iter [13500/120000]	lr: 1.000e-04, eta: 1 day, 15:35:25, time: 1.102, data_time: 0.011, memory: 37111, val/mIoU: 0.7719, val/IoU.building: 0.6292, val/IoU.background: 0.9146, val/Pseudo_mIoU: 0.8091, loss_mask: 0.1018, loss_texture: 0.0348, iou: 0.8531, loss: 0.1366
2026-05-01 16:17:51,599 - mmdet - INFO - Iter [13525/120000]	lr: 1.000e-04, eta: 1 day, 15:49:38, time: 5.840, data_time: 4.752, memory: 37111, loss_mask: 0.0948, loss_texture: 0.0350, iou: 0.8661, loss: 0.1298
2026-05-01 16:18:19,120 - mmdet - INFO - Iter [13550/120000]	lr: 1.000e-04, eta: 1 day, 15:48:16, time: 1.101, data_time: 0.012, memory: 37111, loss_mask: 0.0961, loss_texture: 0.0368, iou: 0.8816, loss: 0.1329
2026-05-01 16:18:46,765 - mmdet - INFO - Iter [13575/120000]	lr: 1.000e-04, eta: 1 day, 15:46:55, time: 1.106, data_time: 0.012, memory: 37111, loss_mask: 0.0844, loss_texture: 0.0340, iou: 0.8625, loss: 0.1184
2026-05-01 16:19:14,275 - mmdet - INFO - Iter [13600/120000]	lr: 1.000e-04, eta: 1 day, 15:45:34, time: 1.100, data_time: 0.011, memory: 37111, loss_mask: 0.0854, loss_texture: 0.0333, iou: 0.8778, loss: 0.1187
2026-05-01 16:19:41,841 - mmdet - INFO - Iter [13625/120000]	lr: 1.000e-04, eta: 1 day, 15:44:13, time: 1.103, data_time: 0.012, memory: 37111, loss_mask: 0.0974, loss_texture: 0.0386, iou: 0.8799, loss: 0.1360
2026-05-01 16:20:09,479 - mmdet - INFO - Iter [13650/120000]	lr: 1.000e-04, eta: 1 day, 15:42:52, time: 1.105, data_time: 0.012, memory: 37111, loss_mask: 0.0862, loss_texture: 0.0340, iou: 0.8820, loss: 0.1202
2026-05-01 16:20:37,199 - mmdet - INFO - Iter [13675/120000]	lr: 1.000e-04, eta: 1 day, 15:41:33, time: 1.109, data_time: 0.012, memory: 37111, loss_mask: 0.0790, loss_texture: 0.0316, iou: 0.8889, loss: 0.1106
2026-05-01 16:21:04,629 - mmdet - INFO - Iter [13700/120000]	lr: 1.000e-04, eta: 1 day, 15:40:12, time: 1.097, data_time: 0.011, memory: 37111, loss_mask: 0.0805, loss_texture: 0.0316, iou: 0.8599, loss: 0.1121
2026-05-01 16:21:32,392 - mmdet - INFO - Iter [13725/120000]	lr: 1.000e-04, eta: 1 day, 15:38:53, time: 1.111, data_time: 0.011, memory: 37111, loss_mask: 0.0914, loss_texture: 0.0361, iou: 0.8651, loss: 0.1275
2026-05-01 16:22:00,119 - mmdet - INFO - Iter [13750/120000]	lr: 1.000e-04, eta: 1 day, 15:37:34, time: 1.109, data_time: 0.012, memory: 37111, loss_mask: 0.1121, loss_texture: 0.0384, iou: 0.8466, loss: 0.1505
2026-05-01 16:22:27,877 - mmdet - INFO - Iter [13775/120000]	lr: 1.000e-04, eta: 1 day, 15:36:16, time: 1.110, data_time: 0.012, memory: 37111, loss_mask: 0.0895, loss_texture: 0.0339, iou: 0.8847, loss: 0.1234
2026-05-01 16:22:55,619 - mmdet - INFO - Iter [13800/120000]	lr: 1.000e-04, eta: 1 day, 15:34:57, time: 1.110, data_time: 0.011, memory: 37111, loss_mask: 0.0802, loss_texture: 0.0318, iou: 0.8863, loss: 0.1119
2026-05-01 16:23:23,211 - mmdet - INFO - Iter [13825/120000]	lr: 1.000e-04, eta: 1 day, 15:33:38, time: 1.104, data_time: 0.011, memory: 37111, loss_mask: 0.0809, loss_texture: 0.0332, iou: 0.8893, loss: 0.1141
2026-05-01 16:23:50,795 - mmdet - INFO - Iter [13850/120000]	lr: 1.000e-04, eta: 1 day, 15:32:19, time: 1.103, data_time: 0.012, memory: 37111, loss_mask: 0.0886, loss_texture: 0.0323, iou: 0.8539, loss: 0.1209
2026-05-01 16:24:18,434 - mmdet - INFO - Iter [13875/120000]	lr: 1.000e-04, eta: 1 day, 15:31:01, time: 1.106, data_time: 0.012, memory: 37111, loss_mask: 0.1047, loss_texture: 0.0350, iou: 0.8570, loss: 0.1397
2026-05-01 16:24:46,066 - mmdet - INFO - Iter [13900/120000]	lr: 1.000e-04, eta: 1 day, 15:29:42, time: 1.105, data_time: 0.012, memory: 37111, loss_mask: 0.0988, loss_texture: 0.0350, iou: 0.8555, loss: 0.1338
2026-05-01 16:25:13,830 - mmdet - INFO - Iter [13925/120000]	lr: 1.000e-04, eta: 1 day, 15:28:25, time: 1.111, data_time: 0.012, memory: 37111, loss_mask: 0.0908, loss_texture: 0.0338, iou: 0.8643, loss: 0.1246
2026-05-01 16:25:41,501 - mmdet - INFO - Iter [13950/120000]	lr: 1.000e-04, eta: 1 day, 15:27:07, time: 1.107, data_time: 0.012, memory: 37111, loss_mask: 0.0779, loss_texture: 0.0312, iou: 0.8613, loss: 0.1090
2026-05-01 16:26:09,323 - mmdet - INFO - Iter [13975/120000]	lr: 1.000e-04, eta: 1 day, 15:25:51, time: 1.113, data_time: 0.012, memory: 37111, loss_mask: 0.0847, loss_texture: 0.0341, iou: 0.8734, loss: 0.1188
2026-05-01 16:26:36,995 - mmdet - INFO - 
--- Val evaluation at iter 14000 ---
2026-05-01 16:28:33,682 - mmdet - INFO - 
+------------+-------------+-------------+
| Class      | Val IoU     | Pseudo IoU  |
+------------+-------------+-------------+
| background | 92.30       | 92.68       |
| building   | 67.45       | 69.14       |
| Summary    | mIoU: 79.88 | mIoU: 80.91 |
+------------+-------------+-------------+
Images evaluated: 218
2026-05-01 16:28:36,184 - mmdet - INFO - ★ New best mIoU: 79.88% (prev: 79.51%, Δ=+0.37%) → saved to /home/ubuntu/vy/Denoiser/SegRefiner/work_dirs/exp8_all/best_model.pth
2026-05-01 16:28:36,189 - mmdet - INFO - Exp name: exp8_all.py
2026-05-01 16:28:36,189 - mmdet - INFO - Iter [14000/120000]	lr: 1.000e-04, eta: 1 day, 15:24:33, time: 1.107, data_time: 0.011, memory: 37111, val/mIoU: 0.7988, val/IoU.building: 0.6745, val/IoU.background: 0.9230, val/Pseudo_mIoU: 0.8091, loss_mask: 0.0903, loss_texture: 0.0366, iou: 0.8612, loss: 0.1269
2026-05-01 16:29:03,851 - mmdet - INFO - Iter [14025/120000]	lr: 1.000e-04, eta: 1 day, 15:38:17, time: 5.874, data_time: 4.779, memory: 37111, loss_mask: 0.0827, loss_texture: 0.0336, iou: 0.8821, loss: 0.1163
2026-05-01 16:29:31,555 - mmdet - INFO - Iter [14050/120000]	lr: 1.000e-04, eta: 1 day, 15:36:58, time: 1.108, data_time: 0.012, memory: 37111, loss_mask: 0.1050, loss_texture: 0.0374, iou: 0.8583, loss: 0.1424
2026-05-01 16:29:59,244 - mmdet - INFO - Iter [14075/120000]	lr: 1.000e-04, eta: 1 day, 15:35:40, time: 1.108, data_time: 0.012, memory: 37111, loss_mask: 0.0935, loss_texture: 0.0372, iou: 0.8656, loss: 0.1307
2026-05-01 16:30:26,832 - mmdet - INFO - Iter [14100/120000]	lr: 1.000e-04, eta: 1 day, 15:34:20, time: 1.103, data_time: 0.011, memory: 37111, loss_mask: 0.0818, loss_texture: 0.0317, iou: 0.8651, loss: 0.1135
2026-05-01 16:30:54,450 - mmdet - INFO - Iter [14125/120000]	lr: 1.000e-04, eta: 1 day, 15:33:02, time: 1.105, data_time: 0.011, memory: 37111, loss_mask: 0.0754, loss_texture: 0.0312, iou: 0.8831, loss: 0.1066
2026-05-01 16:31:22,018 - mmdet - INFO - Iter [14150/120000]	lr: 1.000e-04, eta: 1 day, 15:31:43, time: 1.103, data_time: 0.012, memory: 37111, loss_mask: 0.0774, loss_texture: 0.0299, iou: 0.8939, loss: 0.1073
2026-05-01 16:31:49,623 - mmdet - INFO - Iter [14175/120000]	lr: 1.000e-04, eta: 1 day, 15:30:24, time: 1.104, data_time: 0.012, memory: 37111, loss_mask: 0.0835, loss_texture: 0.0304, iou: 0.8667, loss: 0.1139
2026-05-01 16:32:17,252 - mmdet - INFO - Iter [14200/120000]	lr: 1.000e-04, eta: 1 day, 15:29:06, time: 1.105, data_time: 0.011, memory: 37111, loss_mask: 0.0755, loss_texture: 0.0321, iou: 0.8863, loss: 0.1076
2026-05-01 16:32:44,951 - mmdet - INFO - Iter [14225/120000]	lr: 1.000e-04, eta: 1 day, 15:27:49, time: 1.108, data_time: 0.012, memory: 37111, loss_mask: 0.0646, loss_texture: 0.0275, iou: 0.8985, loss: 0.0921
2026-05-01 16:33:12,616 - mmdet - INFO - Iter [14250/120000]	lr: 1.000e-04, eta: 1 day, 15:26:32, time: 1.107, data_time: 0.012, memory: 37111, loss_mask: 0.0774, loss_texture: 0.0312, iou: 0.8768, loss: 0.1087
2026-05-01 16:33:40,380 - mmdet - INFO - Iter [14275/120000]	lr: 1.000e-04, eta: 1 day, 15:25:15, time: 1.111, data_time: 0.012, memory: 37111, loss_mask: 0.0761, loss_texture: 0.0307, iou: 0.8873, loss: 0.1068
2026-05-01 16:34:08,163 - mmdet - INFO - Iter [14300/120000]	lr: 1.000e-04, eta: 1 day, 15:23:59, time: 1.111, data_time: 0.011, memory: 37111, loss_mask: 0.0748, loss_texture: 0.0300, iou: 0.8832, loss: 0.1048
2026-05-01 16:34:35,765 - mmdet - INFO - Iter [14325/120000]	lr: 1.000e-04, eta: 1 day, 15:22:41, time: 1.104, data_time: 0.011, memory: 37111, loss_mask: 0.0723, loss_texture: 0.0286, iou: 0.8800, loss: 0.1009
2026-05-01 16:35:03,428 - mmdet - INFO - Iter [14350/120000]	lr: 1.000e-04, eta: 1 day, 15:21:25, time: 1.107, data_time: 0.011, memory: 37111, loss_mask: 0.0804, loss_texture: 0.0334, iou: 0.8781, loss: 0.1138
2026-05-01 16:35:31,128 - mmdet - INFO - Iter [14375/120000]	lr: 1.000e-04, eta: 1 day, 15:20:08, time: 1.108, data_time: 0.012, memory: 37111, loss_mask: 0.0822, loss_texture: 0.0330, iou: 0.8611, loss: 0.1152
2026-05-01 16:35:58,766 - mmdet - INFO - Iter [14400/120000]	lr: 1.000e-04, eta: 1 day, 15:18:52, time: 1.105, data_time: 0.011, memory: 37111, loss_mask: 0.0854, loss_texture: 0.0348, iou: 0.8900, loss: 0.1202
2026-05-01 16:36:26,383 - mmdet - INFO - Iter [14425/120000]	lr: 1.000e-04, eta: 1 day, 15:17:35, time: 1.105, data_time: 0.011, memory: 37111, loss_mask: 0.0735, loss_texture: 0.0306, iou: 0.8969, loss: 0.1041
2026-05-01 16:36:54,027 - mmdet - INFO - Iter [14450/120000]	lr: 1.000e-04, eta: 1 day, 15:16:19, time: 1.106, data_time: 0.012, memory: 37111, loss_mask: 0.0752, loss_texture: 0.0310, iou: 0.8782, loss: 0.1062
2026-05-01 16:37:21,775 - mmdet - INFO - Iter [14475/120000]	lr: 1.000e-04, eta: 1 day, 15:15:03, time: 1.110, data_time: 0.012, memory: 37111, loss_mask: 0.0778, loss_texture: 0.0335, iou: 0.8826, loss: 0.1113
2026-05-01 16:37:49,416 - mmdet - INFO - 
--- Val evaluation at iter 14500 ---
2026-05-01 16:39:46,814 - mmdet - INFO - 
+------------+-------------+-------------+
| Class      | Val IoU     | Pseudo IoU  |
+------------+-------------+-------------+
| background | 92.01       | 92.68       |
| building   | 65.56       | 69.14       |
| Summary    | mIoU: 78.78 | mIoU: 80.91 |
+------------+-------------+-------------+
Images evaluated: 218
2026-05-01 16:39:48,159 - mmdet - INFO - Iter [14500/120000]	lr: 1.000e-04, eta: 1 day, 15:13:47, time: 1.106, data_time: 0.012, memory: 37111, val/mIoU: 0.7878, val/IoU.building: 0.6556, val/IoU.background: 0.9201, val/Pseudo_mIoU: 0.8091, loss_mask: 0.0786, loss_texture: 0.0309, iou: 0.8870, loss: 0.1096
2026-05-01 16:40:15,976 - mmdet - INFO - Iter [14525/120000]	lr: 1.000e-04, eta: 1 day, 15:26:55, time: 5.862, data_time: 4.761, memory: 37111, loss_mask: 0.0760, loss_texture: 0.0323, iou: 0.8765, loss: 0.1083
2026-05-01 16:40:43,676 - mmdet - INFO - Iter [14550/120000]	lr: 1.000e-04, eta: 1 day, 15:25:38, time: 1.108, data_time: 0.012, memory: 37111, loss_mask: 0.0834, loss_texture: 0.0297, iou: 0.8736, loss: 0.1130
2026-05-01 16:41:11,404 - mmdet - INFO - Iter [14575/120000]	lr: 1.000e-04, eta: 1 day, 15:24:22, time: 1.109, data_time: 0.013, memory: 37111, loss_mask: 0.1347, loss_texture: 0.0416, iou: 0.8249, loss: 0.1763
2026-05-01 16:41:39,029 - mmdet - INFO - Iter [14600/120000]	lr: 1.000e-04, eta: 1 day, 15:23:05, time: 1.105, data_time: 0.012, memory: 37111, loss_mask: 0.1079, loss_texture: 0.0396, iou: 0.8339, loss: 0.1475
2026-05-01 16:42:06,599 - mmdet - INFO - Iter [14625/120000]	lr: 1.000e-04, eta: 1 day, 15:21:47, time: 1.103, data_time: 0.012, memory: 37111, loss_mask: 0.0717, loss_texture: 0.0297, iou: 0.8894, loss: 0.1013
2026-05-01 16:42:34,236 - mmdet - INFO - Iter [14650/120000]	lr: 1.000e-04, eta: 1 day, 15:20:31, time: 1.105, data_time: 0.012, memory: 37111, loss_mask: 0.0831, loss_texture: 0.0339, iou: 0.8816, loss: 0.1170
2026-05-01 16:43:01,964 - mmdet - INFO - Iter [14675/120000]	lr: 1.000e-04, eta: 1 day, 15:19:15, time: 1.109, data_time: 0.012, memory: 37111, loss_mask: 0.0795, loss_texture: 0.0319, iou: 0.8650, loss: 0.1115
2026-05-01 16:43:29,611 - mmdet - INFO - Iter [14700/120000]	lr: 1.000e-04, eta: 1 day, 15:17:59, time: 1.106, data_time: 0.011, memory: 37111, loss_mask: 0.0820, loss_texture: 0.0339, iou: 0.8776, loss: 0.1159
2026-05-01 16:43:57,348 - mmdet - INFO - Iter [14725/120000]	lr: 1.000e-04, eta: 1 day, 15:16:43, time: 1.109, data_time: 0.011, memory: 37111, loss_mask: 0.0797, loss_texture: 0.0329, iou: 0.8843, loss: 0.1126
2026-05-01 16:44:25,047 - mmdet - INFO - Iter [14750/120000]	lr: 1.000e-04, eta: 1 day, 15:15:28, time: 1.108, data_time: 0.012, memory: 37111, loss_mask: 0.0840, loss_texture: 0.0353, iou: 0.8838, loss: 0.1193
2026-05-01 16:44:52,599 - mmdet - INFO - Iter [14775/120000]	lr: 1.000e-04, eta: 1 day, 15:14:11, time: 1.102, data_time: 0.012, memory: 37111, loss_mask: 0.0834, loss_texture: 0.0334, iou: 0.8865, loss: 0.1168
2026-05-01 16:45:20,238 - mmdet - INFO - Iter [14800/120000]	lr: 1.000e-04, eta: 1 day, 15:12:56, time: 1.106, data_time: 0.012, memory: 37111, loss_mask: 0.0760, loss_texture: 0.0325, iou: 0.8862, loss: 0.1085
2026-05-01 16:45:47,980 - mmdet - INFO - Iter [14825/120000]	lr: 1.000e-04, eta: 1 day, 15:11:41, time: 1.110, data_time: 0.012, memory: 37111, loss_mask: 0.0760, loss_texture: 0.0317, iou: 0.8630, loss: 0.1077
2026-05-01 16:46:15,666 - mmdet - INFO - Iter [14850/120000]	lr: 1.000e-04, eta: 1 day, 15:10:26, time: 1.107, data_time: 0.012, memory: 37111, loss_mask: 0.0768, loss_texture: 0.0319, iou: 0.8833, loss: 0.1087
2026-05-01 16:46:43,376 - mmdet - INFO - Iter [14875/120000]	lr: 1.000e-04, eta: 1 day, 15:09:11, time: 1.108, data_time: 0.012, memory: 37111, loss_mask: 0.0854, loss_texture: 0.0343, iou: 0.8819, loss: 0.1197
2026-05-01 16:47:10,975 - mmdet - INFO - Iter [14900/120000]	lr: 1.000e-04, eta: 1 day, 15:07:56, time: 1.104, data_time: 0.012, memory: 37111, loss_mask: 0.0710, loss_texture: 0.0299, iou: 0.8861, loss: 0.1009
2026-05-01 16:47:39,180 - mmdet - INFO - Iter [14925/120000]	lr: 1.000e-04, eta: 1 day, 15:06:45, time: 1.128, data_time: 0.013, memory: 37111, loss_mask: 0.0725, loss_texture: 0.0309, iou: 0.8932, loss: 0.1035
2026-05-01 16:48:06,992 - mmdet - INFO - Iter [14950/120000]	lr: 1.000e-04, eta: 1 day, 15:05:32, time: 1.112, data_time: 0.012, memory: 37111, loss_mask: 0.0881, loss_texture: 0.0365, iou: 0.8794, loss: 0.1246
2026-05-01 16:48:34,850 - mmdet - INFO - Iter [14975/120000]	lr: 1.000e-04, eta: 1 day, 15:04:19, time: 1.114, data_time: 0.012, memory: 37111, loss_mask: 0.0748, loss_texture: 0.0320, iou: 0.8926, loss: 0.1067
2026-05-01 16:49:02,631 - mmdet - INFO - 
--- Val evaluation at iter 15000 ---
2026-05-01 16:50:59,751 - mmdet - INFO - 
+------------+-------------+-------------+
| Class      | Val IoU     | Pseudo IoU  |
+------------+-------------+-------------+
| background | 92.07       | 92.68       |
| building   | 65.91       | 69.14       |
| Summary    | mIoU: 78.99 | mIoU: 80.91 |
+------------+-------------+-------------+
Images evaluated: 218
2026-05-01 16:51:01,120 - mmdet - INFO - Exp name: exp8_all.py
2026-05-01 16:51:01,121 - mmdet - INFO - Iter [15000/120000]	lr: 1.000e-04, eta: 1 day, 15:03:05, time: 1.111, data_time: 0.012, memory: 37111, val/mIoU: 0.7899, val/IoU.building: 0.6591, val/IoU.background: 0.9207, val/Pseudo_mIoU: 0.8091, loss_mask: 0.0800, loss_texture: 0.0334, iou: 0.8887, loss: 0.1134
2026-05-01 16:51:28,863 - mmdet - INFO - Iter [15025/120000]	lr: 1.000e-04, eta: 1 day, 15:15:40, time: 5.849, data_time: 4.751, memory: 37111, loss_mask: 0.0801, loss_texture: 0.0318, iou: 0.8735, loss: 0.1120
2026-05-01 16:51:56,732 - mmdet - INFO - Iter [15050/120000]	lr: 1.000e-04, eta: 1 day, 15:14:26, time: 1.115, data_time: 0.011, memory: 37111, loss_mask: 0.1142, loss_texture: 0.0366, iou: 0.8639, loss: 0.1508
2026-05-01 16:52:24,523 - mmdet - INFO - Iter [15075/120000]	lr: 1.000e-04, eta: 1 day, 15:13:11, time: 1.112, data_time: 0.012, memory: 37111, loss_mask: 0.1001, loss_texture: 0.0356, iou: 0.8593, loss: 0.1357
2026-05-01 16:52:52,348 - mmdet - INFO - Iter [15100/120000]	lr: 1.000e-04, eta: 1 day, 15:11:57, time: 1.113, data_time: 0.012, memory: 37111, loss_mask: 0.0887, loss_texture: 0.0354, iou: 0.8860, loss: 0.1241
2026-05-01 16:53:20,070 - mmdet - INFO - Iter [15125/120000]	lr: 1.000e-04, eta: 1 day, 15:10:43, time: 1.109, data_time: 0.012, memory: 37111, loss_mask: 0.0855, loss_texture: 0.0340, iou: 0.8735, loss: 0.1195
2026-05-01 16:53:47,686 - mmdet - INFO - Iter [15150/120000]	lr: 1.000e-04, eta: 1 day, 15:09:27, time: 1.105, data_time: 0.011, memory: 37111, loss_mask: 0.0827, loss_texture: 0.0323, iou: 0.8655, loss: 0.1149
2026-05-01 16:54:15,492 - mmdet - INFO - Iter [15175/120000]	lr: 1.000e-04, eta: 1 day, 15:08:14, time: 1.112, data_time: 0.012, memory: 37111, loss_mask: 0.0806, loss_texture: 0.0335, iou: 0.8828, loss: 0.1141
2026-05-01 16:54:43,199 - mmdet - INFO - Iter [15200/120000]	lr: 1.000e-04, eta: 1 day, 15:06:59, time: 1.108, data_time: 0.012, memory: 37111, loss_mask: 0.0736, loss_texture: 0.0299, iou: 0.8925, loss: 0.1035
2026-05-01 16:55:10,972 - mmdet - INFO - Iter [15225/120000]	lr: 1.000e-04, eta: 1 day, 15:05:46, time: 1.111, data_time: 0.012, memory: 37111, loss_mask: 0.0919, loss_texture: 0.0366, iou: 0.8845, loss: 0.1286
2026-05-01 16:55:38,817 - mmdet - INFO - Iter [15250/120000]	lr: 1.000e-04, eta: 1 day, 15:04:33, time: 1.114, data_time: 0.012, memory: 37111, loss_mask: 0.0705, loss_texture: 0.0301, iou: 0.8655, loss: 0.1006
2026-05-01 16:56:06,672 - mmdet - INFO - Iter [15275/120000]	lr: 1.000e-04, eta: 1 day, 15:03:20, time: 1.114, data_time: 0.012, memory: 37111, loss_mask: 0.0903, loss_texture: 0.0331, iou: 0.8606, loss: 0.1234
2026-05-01 16:56:34,506 - mmdet - INFO - Iter [15300/120000]	lr: 1.000e-04, eta: 1 day, 15:02:07, time: 1.113, data_time: 0.012, memory: 37111, loss_mask: 0.0815, loss_texture: 0.0337, iou: 0.8897, loss: 0.1152
2026-05-01 16:57:02,260 - mmdet - INFO - Iter [15325/120000]	lr: 1.000e-04, eta: 1 day, 15:00:54, time: 1.110, data_time: 0.012, memory: 37111, loss_mask: 0.0701, loss_texture: 0.0298, iou: 0.8679, loss: 0.0999
2026-05-01 16:57:30,053 - mmdet - INFO - Iter [15350/120000]	lr: 1.000e-04, eta: 1 day, 14:59:41, time: 1.112, data_time: 0.012, memory: 37111, loss_mask: 0.0883, loss_texture: 0.0360, iou: 0.8753, loss: 0.1243
2026-05-01 16:57:57,754 - mmdet - INFO - Iter [15375/120000]	lr: 1.000e-04, eta: 1 day, 14:58:28, time: 1.108, data_time: 0.012, memory: 37111, loss_mask: 0.0722, loss_texture: 0.0295, iou: 0.8908, loss: 0.1017
2026-05-01 16:58:25,479 - mmdet - INFO - Iter [15400/120000]	lr: 1.000e-04, eta: 1 day, 14:57:15, time: 1.109, data_time: 0.012, memory: 37111, loss_mask: 0.0710, loss_texture: 0.0301, iou: 0.8819, loss: 0.1011
2026-05-01 16:58:53,314 - mmdet - INFO - Iter [15425/120000]	lr: 1.000e-04, eta: 1 day, 14:56:03, time: 1.113, data_time: 0.012, memory: 37111, loss_mask: 0.0802, loss_texture: 0.0329, iou: 0.8725, loss: 0.1131
2026-05-01 16:59:21,173 - mmdet - INFO - Iter [15450/120000]	lr: 1.000e-04, eta: 1 day, 14:54:51, time: 1.114, data_time: 0.012, memory: 37111, loss_mask: 0.0844, loss_texture: 0.0347, iou: 0.8731, loss: 0.1191
2026-05-01 16:59:48,933 - mmdet - INFO - Iter [15475/120000]	lr: 1.000e-04, eta: 1 day, 14:53:39, time: 1.110, data_time: 0.012, memory: 37111, loss_mask: 0.0763, loss_texture: 0.0322, iou: 0.8732, loss: 0.1085
2026-05-01 17:00:16,593 - mmdet - INFO - 
--- Val evaluation at iter 15500 ---
2026-05-01 17:02:14,219 - mmdet - INFO - 
+------------+-------------+-------------+
| Class      | Val IoU     | Pseudo IoU  |
+------------+-------------+-------------+
| background | 92.09       | 92.68       |
| building   | 65.88       | 69.14       |
| Summary    | mIoU: 78.99 | mIoU: 80.91 |
+------------+-------------+-------------+
Images evaluated: 218
2026-05-01 17:02:15,685 - mmdet - INFO - Iter [15500/120000]	lr: 1.000e-04, eta: 1 day, 14:52:26, time: 1.106, data_time: 0.012, memory: 37111, val/mIoU: 0.7899, val/IoU.building: 0.6588, val/IoU.background: 0.9209, val/Pseudo_mIoU: 0.8091, loss_mask: 0.0716, loss_texture: 0.0309, iou: 0.8922, loss: 0.1025
2026-05-01 17:02:43,230 - mmdet - INFO - Iter [15525/120000]	lr: 1.000e-04, eta: 1 day, 15:04:34, time: 5.865, data_time: 4.776, memory: 37111, loss_mask: 0.0701, loss_texture: 0.0286, iou: 0.8851, loss: 0.0987
2026-05-01 17:03:10,894 - mmdet - INFO - Iter [15550/120000]	lr: 1.000e-04, eta: 1 day, 15:03:20, time: 1.107, data_time: 0.012, memory: 37111, loss_mask: 0.0832, loss_texture: 0.0337, iou: 0.8870, loss: 0.1169
2026-05-01 17:03:38,503 - mmdet - INFO - Iter [15575/120000]	lr: 1.000e-04, eta: 1 day, 15:02:06, time: 1.104, data_time: 0.012, memory: 37111, loss_mask: 0.0772, loss_texture: 0.0325, iou: 0.8859, loss: 0.1097
2026-05-01 17:04:06,136 - mmdet - INFO - Iter [15600/120000]	lr: 1.000e-04, eta: 1 day, 15:00:52, time: 1.105, data_time: 0.011, memory: 37111, loss_mask: 0.0787, loss_texture: 0.0334, iou: 0.8798, loss: 0.1121
2026-05-01 17:04:33,729 - mmdet - INFO - Iter [15625/120000]	lr: 1.000e-04, eta: 1 day, 14:59:38, time: 1.104, data_time: 0.012, memory: 37111, loss_mask: 0.0761, loss_texture: 0.0322, iou: 0.8897, loss: 0.1083
2026-05-01 17:05:01,331 - mmdet - INFO - Iter [15650/120000]	lr: 1.000e-04, eta: 1 day, 14:58:24, time: 1.104, data_time: 0.012, memory: 37111, loss_mask: 0.0827, loss_texture: 0.0333, iou: 0.8956, loss: 0.1161
2026-05-01 17:05:29,050 - mmdet - INFO - Iter [15675/120000]	lr: 1.000e-04, eta: 1 day, 14:57:12, time: 1.109, data_time: 0.012, memory: 37111, loss_mask: 0.0770, loss_texture: 0.0329, iou: 0.8879, loss: 0.1099
2026-05-01 17:05:56,768 - mmdet - INFO - Iter [15700/120000]	lr: 1.000e-04, eta: 1 day, 14:55:59, time: 1.109, data_time: 0.012, memory: 37111, loss_mask: 0.0703, loss_texture: 0.0302, iou: 0.8857, loss: 0.1004
2026-05-01 17:06:24,452 - mmdet - INFO - Iter [15725/120000]	lr: 1.000e-04, eta: 1 day, 14:54:46, time: 1.107, data_time: 0.012, memory: 37111, loss_mask: 0.0885, loss_texture: 0.0363, iou: 0.8661, loss: 0.1248
2026-05-01 17:06:52,207 - mmdet - INFO - Iter [15750/120000]	lr: 1.000e-04, eta: 1 day, 14:53:34, time: 1.110, data_time: 0.012, memory: 37111, loss_mask: 0.0763, loss_texture: 0.0310, iou: 0.8773, loss: 0.1072
2026-05-01 17:07:19,927 - mmdet - INFO - Iter [15775/120000]	lr: 1.000e-04, eta: 1 day, 14:52:22, time: 1.109, data_time: 0.012, memory: 37111, loss_mask: 0.0831, loss_texture: 0.0336, iou: 0.8780, loss: 0.1167
2026-05-01 17:07:47,576 - mmdet - INFO - Iter [15800/120000]	lr: 1.000e-04, eta: 1 day, 14:51:09, time: 1.106, data_time: 0.011, memory: 37111, loss_mask: 0.0823, loss_texture: 0.0348, iou: 0.8788, loss: 0.1170
2026-05-01 17:08:15,234 - mmdet - INFO - Iter [15825/120000]	lr: 1.000e-04, eta: 1 day, 14:49:57, time: 1.106, data_time: 0.012, memory: 37111, loss_mask: 0.1103, loss_texture: 0.0384, iou: 0.8564, loss: 0.1487
2026-05-01 17:08:42,803 - mmdet - INFO - Iter [15850/120000]	lr: 1.000e-04, eta: 1 day, 14:48:44, time: 1.103, data_time: 0.012, memory: 37111, loss_mask: 0.0993, loss_texture: 0.0361, iou: 0.8514, loss: 0.1354
2026-05-01 17:09:10,483 - mmdet - INFO - Iter [15875/120000]	lr: 1.000e-04, eta: 1 day, 14:47:32, time: 1.107, data_time: 0.012, memory: 37111, loss_mask: 0.0865, loss_texture: 0.0328, iou: 0.8652, loss: 0.1193
2026-05-01 17:09:38,084 - mmdet - INFO - Iter [15900/120000]	lr: 1.000e-04, eta: 1 day, 14:46:19, time: 1.104, data_time: 0.011, memory: 37111, loss_mask: 0.0917, loss_texture: 0.0338, iou: 0.8545, loss: 0.1255
2026-05-01 17:10:05,886 - mmdet - INFO - Iter [15925/120000]	lr: 1.000e-04, eta: 1 day, 14:45:09, time: 1.112, data_time: 0.012, memory: 37111, loss_mask: 0.0953, loss_texture: 0.0363, iou: 0.8747, loss: 0.1316
2026-05-01 17:10:33,599 - mmdet - INFO - Iter [15950/120000]	lr: 1.000e-04, eta: 1 day, 14:43:57, time: 1.109, data_time: 0.012, memory: 37111, loss_mask: 0.0884, loss_texture: 0.0344, iou: 0.8702, loss: 0.1228
2026-05-01 17:11:01,215 - mmdet - INFO - Iter [15975/120000]	lr: 1.000e-04, eta: 1 day, 14:42:45, time: 1.105, data_time: 0.012, memory: 37111, loss_mask: 0.0844, loss_texture: 0.0334, iou: 0.8892, loss: 0.1178
2026-05-01 17:11:28,764 - mmdet - INFO - 
--- Val evaluation at iter 16000 ---
2026-05-01 17:13:25,610 - mmdet - INFO - 
+------------+-------------+-------------+
| Class      | Val IoU     | Pseudo IoU  |
+------------+-------------+-------------+
| background | 92.24       | 92.68       |
| building   | 67.04       | 69.14       |
| Summary    | mIoU: 79.64 | mIoU: 80.91 |
+------------+-------------+-------------+
Images evaluated: 218
2026-05-01 17:13:26,990 - mmdet - INFO - Exp name: exp8_all.py
2026-05-01 17:13:26,990 - mmdet - INFO - Iter [16000/120000]	lr: 1.000e-04, eta: 1 day, 14:41:33, time: 1.102, data_time: 0.012, memory: 37111, val/mIoU: 0.7964, val/IoU.building: 0.6704, val/IoU.background: 0.9224, val/Pseudo_mIoU: 0.8091, loss_mask: 0.0762, loss_texture: 0.0311, iou: 0.8810, loss: 0.1074
2026-05-01 17:13:54,580 - mmdet - INFO - Iter [16025/120000]	lr: 1.000e-04, eta: 1 day, 14:53:09, time: 5.833, data_time: 4.741, memory: 37111, loss_mask: 0.0807, loss_texture: 0.0322, iou: 0.8767, loss: 0.1129
2026-05-01 17:14:22,228 - mmdet - INFO - Iter [16050/120000]	lr: 1.000e-04, eta: 1 day, 14:51:56, time: 1.106, data_time: 0.012, memory: 37111, loss_mask: 0.0786, loss_texture: 0.0323, iou: 0.8852, loss: 0.1109
2026-05-01 17:14:49,947 - mmdet - INFO - Iter [16075/120000]	lr: 1.000e-04, eta: 1 day, 14:50:44, time: 1.109, data_time: 0.012, memory: 37111, loss_mask: 0.0794, loss_texture: 0.0325, iou: 0.8881, loss: 0.1119
2026-05-01 17:15:17,811 - mmdet - INFO - Iter [16100/120000]	lr: 1.000e-04, eta: 1 day, 14:49:33, time: 1.115, data_time: 0.011, memory: 37111, loss_mask: 0.0699, loss_texture: 0.0300, iou: 0.9007, loss: 0.0999
2026-05-01 17:15:45,461 - mmdet - INFO - Iter [16125/120000]	lr: 1.000e-04, eta: 1 day, 14:48:21, time: 1.106, data_time: 0.012, memory: 37111, loss_mask: 0.0793, loss_texture: 0.0332, iou: 0.8807, loss: 0.1125
2026-05-01 17:16:13,805 - mmdet - INFO - Iter [16150/120000]	lr: 1.000e-04, eta: 1 day, 14:47:13, time: 1.134, data_time: 0.013, memory: 37111, loss_mask: 0.0724, loss_texture: 0.0304, iou: 0.8824, loss: 0.1029
2026-05-01 17:16:41,435 - mmdet - INFO - Iter [16175/120000]	lr: 1.000e-04, eta: 1 day, 14:46:01, time: 1.105, data_time: 0.012, memory: 37111, loss_mask: 0.0687, loss_texture: 0.0283, iou: 0.8677, loss: 0.0970
2026-05-01 17:17:09,137 - mmdet - INFO - Iter [16200/120000]	lr: 1.000e-04, eta: 1 day, 14:44:50, time: 1.108, data_time: 0.012, memory: 37111, loss_mask: 0.0858, loss_texture: 0.0336, iou: 0.8791, loss: 0.1194
2026-05-01 17:17:36,869 - mmdet - INFO - Iter [16225/120000]	lr: 1.000e-04, eta: 1 day, 14:43:39, time: 1.109, data_time: 0.013, memory: 37111, loss_mask: 0.0834, loss_texture: 0.0351, iou: 0.8881, loss: 0.1186
2026-05-01 17:18:04,527 - mmdet - INFO - Iter [16250/120000]	lr: 1.000e-04, eta: 1 day, 14:42:27, time: 1.106, data_time: 0.012, memory: 37111, loss_mask: 0.0739, loss_texture: 0.0317, iou: 0.8809, loss: 0.1056
2026-05-01 17:18:32,046 - mmdet - INFO - Iter [16275/120000]	lr: 1.000e-04, eta: 1 day, 14:41:15, time: 1.101, data_time: 0.011, memory: 37111, loss_mask: 0.0734, loss_texture: 0.0298, iou: 0.8763, loss: 0.1033
2026-05-01 17:18:59,699 - mmdet - INFO - Iter [16300/120000]	lr: 1.000e-04, eta: 1 day, 14:40:04, time: 1.106, data_time: 0.012, memory: 37111, loss_mask: 0.0730, loss_texture: 0.0283, iou: 0.8753, loss: 0.1013
2026-05-01 17:19:27,544 - mmdet - INFO - Iter [16325/120000]	lr: 1.000e-04, eta: 1 day, 14:38:54, time: 1.114, data_time: 0.012, memory: 37111, loss_mask: 0.0786, loss_texture: 0.0314, iou: 0.8855, loss: 0.1099
2026-05-01 17:19:55,318 - mmdet - INFO - Iter [16350/120000]	lr: 1.000e-04, eta: 1 day, 14:37:44, time: 1.111, data_time: 0.012, memory: 37111, loss_mask: 0.0799, loss_texture: 0.0309, iou: 0.8697, loss: 0.1108
2026-05-01 17:20:22,962 - mmdet - INFO - Iter [16375/120000]	lr: 1.000e-04, eta: 1 day, 14:36:33, time: 1.106, data_time: 0.012, memory: 37111, loss_mask: 0.1065, loss_texture: 0.0366, iou: 0.8700, loss: 0.1432
2026-05-01 17:20:50,611 - mmdet - INFO - Iter [16400/120000]	lr: 1.000e-04, eta: 1 day, 14:35:22, time: 1.106, data_time: 0.012, memory: 37111, loss_mask: 0.1013, loss_texture: 0.0362, iou: 0.8575, loss: 0.1375
2026-05-01 17:21:18,184 - mmdet - INFO - Iter [16425/120000]	lr: 1.000e-04, eta: 1 day, 14:34:11, time: 1.103, data_time: 0.012, memory: 37111, loss_mask: 0.0817, loss_texture: 0.0323, iou: 0.8641, loss: 0.1140
2026-05-01 17:21:45,804 - mmdet - INFO - Iter [16450/120000]	lr: 1.000e-04, eta: 1 day, 14:33:01, time: 1.105, data_time: 0.011, memory: 37111, loss_mask: 0.0827, loss_texture: 0.0325, iou: 0.8772, loss: 0.1152
2026-05-01 17:22:13,491 - mmdet - INFO - Iter [16475/120000]	lr: 1.000e-04, eta: 1 day, 14:31:51, time: 1.107, data_time: 0.011, memory: 37111, loss_mask: 0.0861, loss_texture: 0.0347, iou: 0.8880, loss: 0.1208
2026-05-01 17:22:41,261 - mmdet - INFO - 
--- Val evaluation at iter 16500 ---
2026-05-01 17:24:37,441 - mmdet - INFO - 
+------------+-------------+-------------+
| Class      | Val IoU     | Pseudo IoU  |
+------------+-------------+-------------+
| background | 92.26       | 92.68       |
| building   | 67.03       | 69.14       |
| Summary    | mIoU: 79.65 | mIoU: 80.91 |
+------------+-------------+-------------+
Images evaluated: 218
2026-05-01 17:24:38,782 - mmdet - INFO - Iter [16500/120000]	lr: 1.000e-04, eta: 1 day, 14:30:41, time: 1.111, data_time: 0.012, memory: 37111, val/mIoU: 0.7965, val/IoU.building: 0.6703, val/IoU.background: 0.9226, val/Pseudo_mIoU: 0.8091, loss_mask: 0.0834, loss_texture: 0.0344, iou: 0.8858, loss: 0.1178
2026-05-01 17:25:06,426 - mmdet - INFO - Iter [16525/120000]	lr: 1.000e-04, eta: 1 day, 14:41:47, time: 5.807, data_time: 4.714, memory: 37111, loss_mask: 0.0827, loss_texture: 0.0348, iou: 0.8994, loss: 0.1175
2026-05-01 17:25:34,122 - mmdet - INFO - Iter [16550/120000]	lr: 1.000e-04, eta: 1 day, 14:40:36, time: 1.108, data_time: 0.012, memory: 37111, loss_mask: 0.0878, loss_texture: 0.0327, iou: 0.8631, loss: 0.1205
2026-05-01 17:26:01,725 - mmdet - INFO - Iter [16575/120000]	lr: 1.000e-04, eta: 1 day, 14:39:25, time: 1.104, data_time: 0.012, memory: 37111, loss_mask: 0.0763, loss_texture: 0.0307, iou: 0.8692, loss: 0.1071
2026-05-01 17:26:29,284 - mmdet - INFO - Iter [16600/120000]	lr: 1.000e-04, eta: 1 day, 14:38:13, time: 1.102, data_time: 0.012, memory: 37111, loss_mask: 0.0779, loss_texture: 0.0324, iou: 0.8688, loss: 0.1103
2026-05-01 17:26:56,945 - mmdet - INFO - Iter [16625/120000]	lr: 1.000e-04, eta: 1 day, 14:37:02, time: 1.106, data_time: 0.012, memory: 37111, loss_mask: 0.0765, loss_texture: 0.0305, iou: 0.8710, loss: 0.1070
2026-05-01 17:27:24,587 - mmdet - INFO - Iter [16650/120000]	lr: 1.000e-04, eta: 1 day, 14:35:52, time: 1.106, data_time: 0.011, memory: 37111, loss_mask: 0.0807, loss_texture: 0.0325, iou: 0.8758, loss: 0.1132
2026-05-01 17:27:52,280 - mmdet - INFO - Iter [16675/120000]	lr: 1.000e-04, eta: 1 day, 14:34:41, time: 1.108, data_time: 0.011, memory: 37111, loss_mask: 0.0788, loss_texture: 0.0316, iou: 0.8709, loss: 0.1104
2026-05-01 17:28:19,950 - mmdet - INFO - Iter [16700/120000]	lr: 1.000e-04, eta: 1 day, 14:33:31, time: 1.107, data_time: 0.012, memory: 37111, loss_mask: 0.0822, loss_texture: 0.0316, iou: 0.8913, loss: 0.1139
2026-05-01 17:28:47,454 - mmdet - INFO - Iter [16725/120000]	lr: 1.000e-04, eta: 1 day, 14:32:20, time: 1.100, data_time: 0.012, memory: 37111, loss_mask: 0.0739, loss_texture: 0.0300, iou: 0.8928, loss: 0.1040
2026-05-01 17:29:15,077 - mmdet - INFO - Iter [16750/120000]	lr: 1.000e-04, eta: 1 day, 14:31:10, time: 1.105, data_time: 0.011, memory: 37111, loss_mask: 0.0856, loss_texture: 0.0348, iou: 0.8759, loss: 0.1204
2026-05-01 17:29:42,788 - mmdet - INFO - Iter [16775/120000]	lr: 1.000e-04, eta: 1 day, 14:30:00, time: 1.108, data_time: 0.011, memory: 37111, loss_mask: 0.0835, loss_texture: 0.0348, iou: 0.8800, loss: 0.1184
2026-05-01 17:30:10,380 - mmdet - INFO - Iter [16800/120000]	lr: 1.000e-04, eta: 1 day, 14:28:50, time: 1.104, data_time: 0.012, memory: 37111, loss_mask: 0.0705, loss_texture: 0.0289, iou: 0.8843, loss: 0.0994
2026-05-01 17:30:38,737 - mmdet - INFO - Iter [16825/120000]	lr: 1.000e-04, eta: 1 day, 14:27:44, time: 1.134, data_time: 0.013, memory: 37111, loss_mask: 0.0865, loss_texture: 0.0362, iou: 0.8640, loss: 0.1227
2026-05-01 17:31:06,690 - mmdet - INFO - Iter [16850/120000]	lr: 1.000e-04, eta: 1 day, 14:26:36, time: 1.118, data_time: 0.012, memory: 37111, loss_mask: 0.0754, loss_texture: 0.0307, iou: 0.8945, loss: 0.1061
2026-05-01 17:31:34,615 - mmdet - INFO - Iter [16875/120000]	lr: 1.000e-04, eta: 1 day, 14:25:29, time: 1.117, data_time: 0.012, memory: 37111, loss_mask: 0.0762, loss_texture: 0.0326, iou: 0.9009, loss: 0.1087
2026-05-01 17:32:02,380 - mmdet - INFO - Iter [16900/120000]	lr: 1.000e-04, eta: 1 day, 14:24:20, time: 1.111, data_time: 0.012, memory: 37111, loss_mask: 0.0744, loss_texture: 0.0297, iou: 0.8775, loss: 0.1041
2026-05-01 17:32:30,186 - mmdet - INFO - Iter [16925/120000]	lr: 1.000e-04, eta: 1 day, 14:23:11, time: 1.112, data_time: 0.012, memory: 37111, loss_mask: 0.0812, loss_texture: 0.0352, iou: 0.8681, loss: 0.1164
2026-05-01 17:32:57,924 - mmdet - INFO - Iter [16950/120000]	lr: 1.000e-04, eta: 1 day, 14:22:03, time: 1.110, data_time: 0.012, memory: 37111, loss_mask: 0.0779, loss_texture: 0.0290, iou: 0.8634, loss: 0.1069
2026-05-01 17:33:25,790 - mmdet - INFO - Iter [16975/120000]	lr: 1.000e-04, eta: 1 day, 14:20:55, time: 1.115, data_time: 0.012, memory: 37111, loss_mask: 0.0832, loss_texture: 0.0326, iou: 0.8854, loss: 0.1158
2026-05-01 17:33:53,552 - mmdet - INFO - 
--- Val evaluation at iter 17000 ---
2026-05-01 17:35:50,330 - mmdet - INFO - 
+------------+-------------+-------------+
| Class      | Val IoU     | Pseudo IoU  |
+------------+-------------+-------------+
| background | 92.20       | 92.68       |
| building   | 66.72       | 69.14       |
| Summary    | mIoU: 79.46 | mIoU: 80.91 |
+------------+-------------+-------------+
Images evaluated: 218
2026-05-01 17:35:51,680 - mmdet - INFO - Exp name: exp8_all.py
2026-05-01 17:35:51,681 - mmdet - INFO - Iter [17000/120000]	lr: 1.000e-04, eta: 1 day, 14:19:47, time: 1.110, data_time: 0.011, memory: 37111, val/mIoU: 0.7946, val/IoU.building: 0.6672, val/IoU.background: 0.9220, val/Pseudo_mIoU: 0.8091, loss_mask: 0.0770, loss_texture: 0.0320, iou: 0.8791, loss: 0.1090
2026-05-01 17:36:19,332 - mmdet - INFO - Iter [17025/120000]	lr: 1.000e-04, eta: 1 day, 14:30:32, time: 5.831, data_time: 4.737, memory: 37111, loss_mask: 0.0827, loss_texture: 0.0335, iou: 0.8813, loss: 0.1162
2026-05-01 17:36:46,911 - mmdet - INFO - Iter [17050/120000]	lr: 1.000e-04, eta: 1 day, 14:29:22, time: 1.103, data_time: 0.012, memory: 37111, loss_mask: 0.0760, loss_texture: 0.0297, iou: 0.8810, loss: 0.1057
2026-05-01 17:37:14,553 - mmdet - INFO - Iter [17075/120000]	lr: 1.000e-04, eta: 1 day, 14:28:12, time: 1.106, data_time: 0.012, memory: 37111, loss_mask: 0.0722, loss_texture: 0.0298, iou: 0.8645, loss: 0.1020
2026-05-01 17:37:42,231 - mmdet - INFO - Iter [17100/120000]	lr: 1.000e-04, eta: 1 day, 14:27:03, time: 1.107, data_time: 0.012, memory: 37111, loss_mask: 0.0750, loss_texture: 0.0294, iou: 0.8938, loss: 0.1044
2026-05-01 17:38:09,765 - mmdet - INFO - Iter [17125/120000]	lr: 1.000e-04, eta: 1 day, 14:25:52, time: 1.101, data_time: 0.012, memory: 37111, loss_mask: 0.0770, loss_texture: 0.0312, iou: 0.8846, loss: 0.1082
2026-05-01 17:38:37,475 - mmdet - INFO - Iter [17150/120000]	lr: 1.000e-04, eta: 1 day, 14:24:43, time: 1.108, data_time: 0.012, memory: 37111, loss_mask: 0.0797, loss_texture: 0.0333, iou: 0.8980, loss: 0.1130
2026-05-01 17:39:05,156 - mmdet - INFO - Iter [17175/120000]	lr: 1.000e-04, eta: 1 day, 14:23:34, time: 1.107, data_time: 0.012, memory: 37111, loss_mask: 0.0770, loss_texture: 0.0314, iou: 0.8688, loss: 0.1084
2026-05-01 17:39:32,947 - mmdet - INFO - Iter [17200/120000]	lr: 1.000e-04, eta: 1 day, 14:22:26, time: 1.112, data_time: 0.011, memory: 37111, loss_mask: 0.0853, loss_texture: 0.0351, iou: 0.8757, loss: 0.1204
2026-05-01 17:40:00,670 - mmdet - INFO - Iter [17225/120000]	lr: 1.000e-04, eta: 1 day, 14:21:17, time: 1.109, data_time: 0.012, memory: 37111, loss_mask: 0.0851, loss_texture: 0.0345, iou: 0.8889, loss: 0.1196
2026-05-01 17:40:28,269 - mmdet - INFO - Iter [17250/120000]	lr: 1.000e-04, eta: 1 day, 14:20:08, time: 1.104, data_time: 0.012, memory: 37111, loss_mask: 0.0868, loss_texture: 0.0365, iou: 0.8838, loss: 0.1233
2026-05-01 17:40:56,006 - mmdet - INFO - Iter [17275/120000]	lr: 1.000e-04, eta: 1 day, 14:19:00, time: 1.109, data_time: 0.012, memory: 37111, loss_mask: 0.0751, loss_texture: 0.0319, iou: 0.8869, loss: 0.1070
2026-05-01 17:41:23,643 - mmdet - INFO - Iter [17300/120000]	lr: 1.000e-04, eta: 1 day, 14:17:51, time: 1.105, data_time: 0.012, memory: 37111, loss_mask: 0.0693, loss_texture: 0.0284, iou: 0.8783, loss: 0.0977
2026-05-01 17:41:51,304 - mmdet - INFO - Iter [17325/120000]	lr: 1.000e-04, eta: 1 day, 14:16:42, time: 1.106, data_time: 0.012, memory: 37111, loss_mask: 0.0735, loss_texture: 0.0318, iou: 0.8819, loss: 0.1052
2026-05-01 17:42:18,982 - mmdet - INFO - Iter [17350/120000]	lr: 1.000e-04, eta: 1 day, 14:15:34, time: 1.107, data_time: 0.012, memory: 37111, loss_mask: 0.0678, loss_texture: 0.0295, iou: 0.8836, loss: 0.0974
2026-05-01 17:42:46,577 - mmdet - INFO - Iter [17375/120000]	lr: 1.000e-04, eta: 1 day, 14:14:25, time: 1.104, data_time: 0.012, memory: 37111, loss_mask: 0.0698, loss_texture: 0.0304, iou: 0.8928, loss: 0.1001
2026-05-01 17:43:14,257 - mmdet - INFO - Iter [17400/120000]	lr: 1.000e-04, eta: 1 day, 14:13:17, time: 1.107, data_time: 0.011, memory: 37111, loss_mask: 0.0781, loss_texture: 0.0333, iou: 0.8965, loss: 0.1115
2026-05-01 17:43:41,955 - mmdet - INFO - Iter [17425/120000]	lr: 1.000e-04, eta: 1 day, 14:12:09, time: 1.108, data_time: 0.012, memory: 37111, loss_mask: 0.0678, loss_texture: 0.0297, iou: 0.8890, loss: 0.0976
2026-05-01 17:44:09,583 - mmdet - INFO - Iter [17450/120000]	lr: 1.000e-04, eta: 1 day, 14:11:01, time: 1.105, data_time: 0.011, memory: 37111, loss_mask: 0.0675, loss_texture: 0.0298, iou: 0.8917, loss: 0.0972
2026-05-01 17:44:37,189 - mmdet - INFO - Iter [17475/120000]	lr: 1.000e-04, eta: 1 day, 14:09:53, time: 1.104, data_time: 0.012, memory: 37111, loss_mask: 0.0668, loss_texture: 0.0293, iou: 0.8908, loss: 0.0962
2026-05-01 17:45:04,808 - mmdet - INFO - 
--- Val evaluation at iter 17500 ---
2026-05-01 17:47:01,067 - mmdet - INFO - 
+------------+-------------+-------------+
| Class      | Val IoU     | Pseudo IoU  |
+------------+-------------+-------------+
| background | 92.38       | 92.68       |
| building   | 67.70       | 69.14       |
| Summary    | mIoU: 80.04 | mIoU: 80.91 |
+------------+-------------+-------------+
Images evaluated: 218
2026-05-01 17:47:03,501 - mmdet - INFO - ★ New best mIoU: 80.04% (prev: 79.88%, Δ=+0.16%) → saved to /home/ubuntu/vy/Denoiser/SegRefiner/work_dirs/exp8_all/best_model.pth
2026-05-01 17:47:03,506 - mmdet - INFO - Iter [17500/120000]	lr: 1.000e-04, eta: 1 day, 14:08:45, time: 1.105, data_time: 0.012, memory: 37111, val/mIoU: 0.8004, val/IoU.building: 0.6770, val/IoU.background: 0.9238, val/Pseudo_mIoU: 0.8091, loss_mask: 0.0652, loss_texture: 0.0281, iou: 0.9029, loss: 0.0933
2026-05-01 17:47:31,310 - mmdet - INFO - Iter [17525/120000]	lr: 1.000e-04, eta: 1 day, 14:19:12, time: 5.860, data_time: 4.761, memory: 37111, loss_mask: 0.0878, loss_texture: 0.0373, iou: 0.8863, loss: 0.1251
2026-05-01 17:47:59,061 - mmdet - INFO - Iter [17550/120000]	lr: 1.000e-04, eta: 1 day, 14:18:04, time: 1.110, data_time: 0.012, memory: 37111, loss_mask: 0.0753, loss_texture: 0.0325, iou: 0.8855, loss: 0.1078
2026-05-01 17:48:26,658 - mmdet - INFO - Iter [17575/120000]	lr: 1.000e-04, eta: 1 day, 14:16:55, time: 1.104, data_time: 0.012, memory: 37111, loss_mask: 0.0725, loss_texture: 0.0305, iou: 0.8759, loss: 0.1030
2026-05-01 17:48:54,206 - mmdet - INFO - Iter [17600/120000]	lr: 1.000e-04, eta: 1 day, 14:15:46, time: 1.102, data_time: 0.011, memory: 37111, loss_mask: 0.0752, loss_texture: 0.0318, iou: 0.8897, loss: 0.1070
2026-05-01 17:49:21,831 - mmdet - INFO - Iter [17625/120000]	lr: 1.000e-04, eta: 1 day, 14:14:38, time: 1.105, data_time: 0.012, memory: 37111, loss_mask: 0.0705, loss_texture: 0.0302, iou: 0.8831, loss: 0.1008
2026-05-01 17:49:49,537 - mmdet - INFO - Iter [17650/120000]	lr: 1.000e-04, eta: 1 day, 14:13:30, time: 1.108, data_time: 0.012, memory: 37111, loss_mask: 0.0773, loss_texture: 0.0326, iou: 0.8800, loss: 0.1099
2026-05-01 17:50:17,226 - mmdet - INFO - Iter [17675/120000]	lr: 1.000e-04, eta: 1 day, 14:12:22, time: 1.108, data_time: 0.012, memory: 37111, loss_mask: 0.0717, loss_texture: 0.0310, iou: 0.8855, loss: 0.1027
2026-05-01 17:50:45,153 - mmdet - INFO - Iter [17700/120000]	lr: 1.000e-04, eta: 1 day, 14:11:16, time: 1.117, data_time: 0.012, memory: 37111, loss_mask: 0.0842, loss_texture: 0.0363, iou: 0.8909, loss: 0.1205
2026-05-01 17:51:12,749 - mmdet - INFO - Iter [17725/120000]	lr: 1.000e-04, eta: 1 day, 14:10:07, time: 1.104, data_time: 0.012, memory: 37111, loss_mask: 0.0706, loss_texture: 0.0314, iou: 0.8839, loss: 0.1020
2026-05-01 17:51:40,250 - mmdet - INFO - Iter [17750/120000]	lr: 1.000e-04, eta: 1 day, 14:08:59, time: 1.100, data_time: 0.012, memory: 37111, loss_mask: 0.0798, loss_texture: 0.0335, iou: 0.8875, loss: 0.1133
2026-05-01 17:52:07,901 - mmdet - INFO - Iter [17775/120000]	lr: 1.000e-04, eta: 1 day, 14:07:51, time: 1.106, data_time: 0.012, memory: 37111, loss_mask: 0.0690, loss_texture: 0.0303, iou: 0.8952, loss: 0.0993
2026-05-01 17:52:35,486 - mmdet - INFO - Iter [17800/120000]	lr: 1.000e-04, eta: 1 day, 14:06:43, time: 1.103, data_time: 0.011, memory: 37111, loss_mask: 0.0724, loss_texture: 0.0300, iou: 0.8832, loss: 0.1024
2026-05-01 17:53:03,173 - mmdet - INFO - Iter [17825/120000]	lr: 1.000e-04, eta: 1 day, 14:05:36, time: 1.107, data_time: 0.012, memory: 37111, loss_mask: 0.0762, loss_texture: 0.0319, iou: 0.8813, loss: 0.1081
2026-05-01 17:53:30,666 - mmdet - INFO - Iter [17850/120000]	lr: 1.000e-04, eta: 1 day, 14:04:28, time: 1.100, data_time: 0.011, memory: 37111, loss_mask: 0.0738, loss_texture: 0.0298, iou: 0.8853, loss: 0.1036
2026-05-01 17:53:58,261 - mmdet - INFO - Iter [17875/120000]	lr: 1.000e-04, eta: 1 day, 14:03:20, time: 1.104, data_time: 0.012, memory: 37111, loss_mask: 0.0773, loss_texture: 0.0328, iou: 0.8829, loss: 0.1101
2026-05-01 17:54:25,897 - mmdet - INFO - Iter [17900/120000]	lr: 1.000e-04, eta: 1 day, 14:02:13, time: 1.105, data_time: 0.012, memory: 37111, loss_mask: 0.0658, loss_texture: 0.0262, iou: 0.8848, loss: 0.0921
2026-05-01 17:54:53,582 - mmdet - INFO - Iter [17925/120000]	lr: 1.000e-04, eta: 1 day, 14:01:06, time: 1.107, data_time: 0.012, memory: 37111, loss_mask: 0.0775, loss_texture: 0.0318, iou: 0.8693, loss: 0.1093
2026-05-01 17:55:21,157 - mmdet - INFO - Iter [17950/120000]	lr: 1.000e-04, eta: 1 day, 13:59:59, time: 1.103, data_time: 0.011, memory: 37111, loss_mask: 0.0685, loss_texture: 0.0273, iou: 0.8781, loss: 0.0958
2026-05-01 17:55:48,994 - mmdet - INFO - Iter [17975/120000]	lr: 1.000e-04, eta: 1 day, 13:58:53, time: 1.113, data_time: 0.012, memory: 37111, loss_mask: 0.0854, loss_texture: 0.0358, iou: 0.8751, loss: 0.1212
2026-05-01 17:56:16,741 - mmdet - INFO - 
--- Val evaluation at iter 18000 ---
2026-05-01 17:58:13,145 - mmdet - INFO - 
+------------+-------------+-------------+
| Class      | Val IoU     | Pseudo IoU  |
+------------+-------------+-------------+
| background | 92.30       | 92.68       |
| building   | 67.07       | 69.14       |
| Summary    | mIoU: 79.68 | mIoU: 80.91 |
+------------+-------------+-------------+
Images evaluated: 218
2026-05-01 17:58:14,524 - mmdet - INFO - Exp name: exp8_all.py
2026-05-01 17:58:14,524 - mmdet - INFO - Iter [18000/120000]	lr: 1.000e-04, eta: 1 day, 13:57:47, time: 1.110, data_time: 0.012, memory: 37111, val/mIoU: 0.7968, val/IoU.building: 0.6707, val/IoU.background: 0.9230, val/Pseudo_mIoU: 0.8091, loss_mask: 0.0791, loss_texture: 0.0328, iou: 0.8964, loss: 0.1119
2026-05-01 17:58:42,154 - mmdet - INFO - Iter [18025/120000]	lr: 1.000e-04, eta: 1 day, 14:07:47, time: 5.817, data_time: 4.724, memory: 37111, loss_mask: 0.0793, loss_texture: 0.0332, iou: 0.8966, loss: 0.1124
2026-05-01 17:59:09,632 - mmdet - INFO - Iter [18050/120000]	lr: 1.000e-04, eta: 1 day, 14:06:38, time: 1.099, data_time: 0.012, memory: 37111, loss_mask: 0.0643, loss_texture: 0.0282, iou: 0.8904, loss: 0.0925
2026-05-01 17:59:37,407 - mmdet - INFO - Iter [18075/120000]	lr: 1.000e-04, eta: 1 day, 14:05:31, time: 1.111, data_time: 0.012, memory: 37111, loss_mask: 0.0690, loss_texture: 0.0302, iou: 0.8907, loss: 0.0992
2026-05-01 18:00:04,954 - mmdet - INFO - Iter [18100/120000]	lr: 1.000e-04, eta: 1 day, 14:04:23, time: 1.102, data_time: 0.011, memory: 37111, loss_mask: 0.0673, loss_texture: 0.0296, iou: 0.8909, loss: 0.0968
2026-05-01 18:00:32,661 - mmdet - INFO - Iter [18125/120000]	lr: 1.000e-04, eta: 1 day, 14:03:16, time: 1.108, data_time: 0.012, memory: 37111, loss_mask: 0.0659, loss_texture: 0.0284, iou: 0.8847, loss: 0.0943
2026-05-01 18:01:00,137 - mmdet - INFO - Iter [18150/120000]	lr: 1.000e-04, eta: 1 day, 14:02:08, time: 1.099, data_time: 0.012, memory: 37111, loss_mask: 0.0624, loss_texture: 0.0268, iou: 0.8937, loss: 0.0893
2026-05-01 18:01:27,710 - mmdet - INFO - Iter [18175/120000]	lr: 1.000e-04, eta: 1 day, 14:01:01, time: 1.103, data_time: 0.012, memory: 37111, loss_mask: 0.0733, loss_texture: 0.0316, iou: 0.8847, loss: 0.1049
2026-05-01 18:01:55,232 - mmdet - INFO - Iter [18200/120000]	lr: 1.000e-04, eta: 1 day, 13:59:53, time: 1.101, data_time: 0.011, memory: 37111, loss_mask: 0.0643, loss_texture: 0.0274, iou: 0.8865, loss: 0.0917
2026-05-01 18:02:22,827 - mmdet - INFO - Iter [18225/120000]	lr: 1.000e-04, eta: 1 day, 13:58:46, time: 1.104, data_time: 0.012, memory: 37111, loss_mask: 0.0723, loss_texture: 0.0313, iou: 0.9102, loss: 0.1036
2026-05-01 18:02:50,628 - mmdet - INFO - Iter [18250/120000]	lr: 1.000e-04, eta: 1 day, 13:57:40, time: 1.112, data_time: 0.012, memory: 37111, loss_mask: 0.0866, loss_texture: 0.0342, iou: 0.8801, loss: 0.1208
2026-05-01 18:03:18,310 - mmdet - INFO - Iter [18275/120000]	lr: 1.000e-04, eta: 1 day, 13:56:34, time: 1.107, data_time: 0.012, memory: 37111, loss_mask: 0.1032, loss_texture: 0.0355, iou: 0.8526, loss: 0.1386
2026-05-01 18:03:45,911 - mmdet - INFO - Iter [18300/120000]	lr: 1.000e-04, eta: 1 day, 13:55:27, time: 1.104, data_time: 0.012, memory: 37111, loss_mask: 0.0939, loss_texture: 0.0354, iou: 0.8656, loss: 0.1293
2026-05-01 18:04:13,697 - mmdet - INFO - Iter [18325/120000]	lr: 1.000e-04, eta: 1 day, 13:54:22, time: 1.111, data_time: 0.012, memory: 37111, loss_mask: 0.0827, loss_texture: 0.0339, iou: 0.8808, loss: 0.1166
2026-05-01 18:04:41,524 - mmdet - INFO - Iter [18350/120000]	lr: 1.000e-04, eta: 1 day, 13:53:16, time: 1.113, data_time: 0.012, memory: 37111, loss_mask: 0.0782, loss_texture: 0.0324, iou: 0.8798, loss: 0.1106
2026-05-01 18:05:09,209 - mmdet - INFO - Iter [18375/120000]	lr: 1.000e-04, eta: 1 day, 13:52:10, time: 1.107, data_time: 0.012, memory: 37111, loss_mask: 0.0852, loss_texture: 0.0330, iou: 0.8772, loss: 0.1182
2026-05-01 18:05:36,948 - mmdet - INFO - Iter [18400/120000]	lr: 1.000e-04, eta: 1 day, 13:51:05, time: 1.110, data_time: 0.012, memory: 37111, loss_mask: 0.0737, loss_texture: 0.0297, iou: 0.8872, loss: 0.1034
2026-05-01 18:06:04,716 - mmdet - INFO - Iter [18425/120000]	lr: 1.000e-04, eta: 1 day, 13:50:00, time: 1.111, data_time: 0.012, memory: 37111, loss_mask: 0.0686, loss_texture: 0.0275, iou: 0.8789, loss: 0.0961
2026-05-01 18:06:32,319 - mmdet - INFO - Iter [18450/120000]	lr: 1.000e-04, eta: 1 day, 13:48:53, time: 1.104, data_time: 0.011, memory: 37111, loss_mask: 0.0673, loss_texture: 0.0278, iou: 0.8864, loss: 0.0951
2026-05-01 18:06:59,956 - mmdet - INFO - Iter [18475/120000]	lr: 1.000e-04, eta: 1 day, 13:47:48, time: 1.105, data_time: 0.012, memory: 37111, loss_mask: 0.0785, loss_texture: 0.0338, iou: 0.8829, loss: 0.1123
2026-05-01 18:07:27,510 - mmdet - INFO - 
--- Val evaluation at iter 18500 ---
2026-05-01 18:09:23,884 - mmdet - INFO - 
+------------+-------------+-------------+
| Class      | Val IoU     | Pseudo IoU  |
+------------+-------------+-------------+
| background | 92.09       | 92.68       |
| building   | 66.05       | 69.14       |
| Summary    | mIoU: 79.07 | mIoU: 80.91 |
+------------+-------------+-------------+
Images evaluated: 218
2026-05-01 18:09:25,218 - mmdet - INFO - Iter [18500/120000]	lr: 1.000e-04, eta: 1 day, 13:46:41, time: 1.102, data_time: 0.012, memory: 37111, val/mIoU: 0.7907, val/IoU.building: 0.6605, val/IoU.background: 0.9209, val/Pseudo_mIoU: 0.8091, loss_mask: 0.0800, loss_texture: 0.0328, iou: 0.8941, loss: 0.1128
2026-05-01 18:09:52,824 - mmdet - INFO - Iter [18525/120000]	lr: 1.000e-04, eta: 1 day, 13:56:20, time: 5.813, data_time: 4.721, memory: 37111, loss_mask: 0.0745, loss_texture: 0.0308, iou: 0.8735, loss: 0.1053
2026-05-01 18:10:20,444 - mmdet - INFO - Iter [18550/120000]	lr: 1.000e-04, eta: 1 day, 13:55:14, time: 1.105, data_time: 0.012, memory: 37111, loss_mask: 0.0735, loss_texture: 0.0302, iou: 0.8807, loss: 0.1038
2026-05-01 18:10:48,139 - mmdet - INFO - Iter [18575/120000]	lr: 1.000e-04, eta: 1 day, 13:54:08, time: 1.108, data_time: 0.012, memory: 37111, loss_mask: 0.0832, loss_texture: 0.0342, iou: 0.8767, loss: 0.1173
2026-05-01 18:11:15,774 - mmdet - INFO - Iter [18600/120000]	lr: 1.000e-04, eta: 1 day, 13:53:01, time: 1.105, data_time: 0.012, memory: 37111, loss_mask: 0.0711, loss_texture: 0.0298, iou: 0.8789, loss: 0.1009
2026-05-01 18:11:43,542 - mmdet - INFO - Iter [18625/120000]	lr: 1.000e-04, eta: 1 day, 13:51:56, time: 1.111, data_time: 0.012, memory: 37111, loss_mask: 0.0774, loss_texture: 0.0314, iou: 0.8786, loss: 0.1088
2026-05-01 18:12:11,143 - mmdet - INFO - Iter [18650/120000]	lr: 1.000e-04, eta: 1 day, 13:50:50, time: 1.104, data_time: 0.012, memory: 37111, loss_mask: 0.0843, loss_texture: 0.0348, iou: 0.8814, loss: 0.1192
2026-05-01 18:12:38,799 - mmdet - INFO - Iter [18675/120000]	lr: 1.000e-04, eta: 1 day, 13:49:44, time: 1.106, data_time: 0.012, memory: 37111, loss_mask: 0.0733, loss_texture: 0.0299, iou: 0.8925, loss: 0.1033
2026-05-01 18:13:06,331 - mmdet - INFO - Iter [18700/120000]	lr: 1.000e-04, eta: 1 day, 13:48:37, time: 1.101, data_time: 0.011, memory: 37111, loss_mask: 0.0668, loss_texture: 0.0283, iou: 0.8906, loss: 0.0950
2026-05-01 18:13:33,878 - mmdet - INFO - Iter [18725/120000]	lr: 1.000e-04, eta: 1 day, 13:47:31, time: 1.102, data_time: 0.012, memory: 37111, loss_mask: 0.0741, loss_texture: 0.0307, iou: 0.8807, loss: 0.1048
2026-05-01 18:14:01,501 - mmdet - INFO - Iter [18750/120000]	lr: 1.000e-04, eta: 1 day, 13:46:25, time: 1.105, data_time: 0.012, memory: 37111, loss_mask: 0.0702, loss_texture: 0.0308, iou: 0.8938, loss: 0.1009
2026-05-01 18:14:29,210 - mmdet - INFO - Iter [18775/120000]	lr: 1.000e-04, eta: 1 day, 13:45:20, time: 1.108, data_time: 0.012, memory: 37111, loss_mask: 0.0774, loss_texture: 0.0321, iou: 0.8726, loss: 0.1095
2026-05-01 18:14:56,949 - mmdet - INFO - Iter [18800/120000]	lr: 1.000e-04, eta: 1 day, 13:44:15, time: 1.110, data_time: 0.012, memory: 37111, loss_mask: 0.0700, loss_texture: 0.0297, iou: 0.8817, loss: 0.0997
2026-05-01 18:15:24,661 - mmdet - INFO - Iter [18825/120000]	lr: 1.000e-04, eta: 1 day, 13:43:10, time: 1.108, data_time: 0.012, memory: 37111, loss_mask: 0.0745, loss_texture: 0.0322, iou: 0.8934, loss: 0.1066
2026-05-01 18:15:52,241 - mmdet - INFO - Iter [18850/120000]	lr: 1.000e-04, eta: 1 day, 13:42:04, time: 1.103, data_time: 0.012, memory: 37111, loss_mask: 0.0734, loss_texture: 0.0298, iou: 0.8877, loss: 0.1033
2026-05-01 18:16:19,916 - mmdet - INFO - Iter [18875/120000]	lr: 1.000e-04, eta: 1 day, 13:40:59, time: 1.107, data_time: 0.012, memory: 37111, loss_mask: 0.0787, loss_texture: 0.0336, iou: 0.9005, loss: 0.1123
2026-05-01 18:16:47,539 - mmdet - INFO - Iter [18900/120000]	lr: 1.000e-04, eta: 1 day, 13:39:54, time: 1.105, data_time: 0.011, memory: 37111, loss_mask: 0.0787, loss_texture: 0.0326, iou: 0.8922, loss: 0.1113
2026-05-01 18:17:15,097 - mmdet - INFO - Iter [18925/120000]	lr: 1.000e-04, eta: 1 day, 13:38:49, time: 1.102, data_time: 0.012, memory: 37111, loss_mask: 0.0752, loss_texture: 0.0315, iou: 0.8912, loss: 0.1067
2026-05-01 18:17:42,793 - mmdet - INFO - Iter [18950/120000]	lr: 1.000e-04, eta: 1 day, 13:37:44, time: 1.108, data_time: 0.012, memory: 37111, loss_mask: 0.0723, loss_texture: 0.0310, iou: 0.8935, loss: 0.1032
2026-05-01 18:18:10,463 - mmdet - INFO - Iter [18975/120000]	lr: 1.000e-04, eta: 1 day, 13:36:40, time: 1.107, data_time: 0.012, memory: 37111, loss_mask: 0.0720, loss_texture: 0.0306, iou: 0.8937, loss: 0.1025
2026-05-01 18:18:38,187 - mmdet - INFO - 
--- Val evaluation at iter 19000 ---
2026-05-01 18:20:34,889 - mmdet - INFO - 
+------------+-------------+-------------+
| Class      | Val IoU     | Pseudo IoU  |
+------------+-------------+-------------+
| background | 90.86       | 92.68       |
| building   | 59.20       | 69.14       |
| Summary    | mIoU: 75.03 | mIoU: 80.91 |
+------------+-------------+-------------+
Images evaluated: 218
2026-05-01 18:20:36,235 - mmdet - INFO - Exp name: exp8_all.py
2026-05-01 18:20:36,235 - mmdet - INFO - Iter [19000/120000]	lr: 1.000e-04, eta: 1 day, 13:35:35, time: 1.109, data_time: 0.012, memory: 37111, val/mIoU: 0.7503, val/IoU.building: 0.5920, val/IoU.background: 0.9086, val/Pseudo_mIoU: 0.8091, loss_mask: 0.0946, loss_texture: 0.0353, iou: 0.8731, loss: 0.1299
2026-05-01 18:21:03,944 - mmdet - INFO - Iter [19025/120000]	lr: 1.000e-04, eta: 1 day, 13:44:58, time: 5.830, data_time: 4.736, memory: 37111, loss_mask: 0.0970, loss_texture: 0.0369, iou: 0.8629, loss: 0.1339
2026-05-01 18:21:31,626 - mmdet - INFO - Iter [19050/120000]	lr: 1.000e-04, eta: 1 day, 13:43:52, time: 1.107, data_time: 0.012, memory: 37111, loss_mask: 0.0792, loss_texture: 0.0310, iou: 0.8602, loss: 0.1102
2026-05-01 18:21:59,233 - mmdet - INFO - Iter [19075/120000]	lr: 1.000e-04, eta: 1 day, 13:42:47, time: 1.104, data_time: 0.012, memory: 37111, loss_mask: 0.0931, loss_texture: 0.0349, iou: 0.8597, loss: 0.1280
2026-05-01 18:22:26,800 - mmdet - INFO - Iter [19100/120000]	lr: 1.000e-04, eta: 1 day, 13:41:41, time: 1.103, data_time: 0.011, memory: 37111, loss_mask: 0.0836, loss_texture: 0.0335, iou: 0.8705, loss: 0.1171
2026-05-01 18:22:54,496 - mmdet - INFO - Iter [19125/120000]	lr: 1.000e-04, eta: 1 day, 13:40:36, time: 1.108, data_time: 0.012, memory: 37111, loss_mask: 0.0837, loss_texture: 0.0337, iou: 0.8903, loss: 0.1174
2026-05-01 18:23:22,212 - mmdet - INFO - Iter [19150/120000]	lr: 1.000e-04, eta: 1 day, 13:39:32, time: 1.109, data_time: 0.011, memory: 37111, loss_mask: 0.0780, loss_texture: 0.0316, iou: 0.8825, loss: 0.1095
2026-05-01 18:23:49,889 - mmdet - INFO - Iter [19175/120000]	lr: 1.000e-04, eta: 1 day, 13:38:27, time: 1.107, data_time: 0.012, memory: 37111, loss_mask: 0.0827, loss_texture: 0.0315, iou: 0.8760, loss: 0.1141
2026-05-01 18:24:17,463 - mmdet - INFO - Iter [19200/120000]	lr: 1.000e-04, eta: 1 day, 13:37:22, time: 1.103, data_time: 0.011, memory: 37111, loss_mask: 0.0850, loss_texture: 0.0334, iou: 0.8731, loss: 0.1183
2026-05-01 18:24:45,110 - mmdet - INFO - Iter [19225/120000]	lr: 1.000e-04, eta: 1 day, 13:36:17, time: 1.106, data_time: 0.012, memory: 37111, loss_mask: 0.0730, loss_texture: 0.0309, iou: 0.8842, loss: 0.1039
2026-05-01 18:25:12,807 - mmdet - INFO - Iter [19250/120000]	lr: 1.000e-04, eta: 1 day, 13:35:12, time: 1.108, data_time: 0.011, memory: 37111, loss_mask: 0.0728, loss_texture: 0.0305, iou: 0.8776, loss: 0.1034
2026-05-01 18:25:40,538 - mmdet - INFO - Iter [19275/120000]	lr: 1.000e-04, eta: 1 day, 13:34:08, time: 1.109, data_time: 0.012, memory: 37111, loss_mask: 0.0841, loss_texture: 0.0343, iou: 0.8816, loss: 0.1184
2026-05-01 18:26:08,123 - mmdet - INFO - Iter [19300/120000]	lr: 1.000e-04, eta: 1 day, 13:33:04, time: 1.103, data_time: 0.012, memory: 37111, loss_mask: 0.0773, loss_texture: 0.0326, iou: 0.8903, loss: 0.1099
2026-05-01 18:26:35,828 - mmdet - INFO - Iter [19325/120000]	lr: 1.000e-04, eta: 1 day, 13:31:59, time: 1.108, data_time: 0.012, memory: 37111, loss_mask: 0.0708, loss_texture: 0.0299, iou: 0.8931, loss: 0.1007
2026-05-01 18:27:03,441 - mmdet - INFO - Iter [19350/120000]	lr: 1.000e-04, eta: 1 day, 13:30:55, time: 1.105, data_time: 0.012, memory: 37111, loss_mask: 0.0761, loss_texture: 0.0322, iou: 0.8974, loss: 0.1083
2026-05-01 18:27:31,133 - mmdet - INFO - Iter [19375/120000]	lr: 1.000e-04, eta: 1 day, 13:29:51, time: 1.108, data_time: 0.012, memory: 37111, loss_mask: 0.0725, loss_texture: 0.0314, iou: 0.8869, loss: 0.1039
2026-05-01 18:27:58,767 - mmdet - INFO - Iter [19400/120000]	lr: 1.000e-04, eta: 1 day, 13:28:47, time: 1.105, data_time: 0.012, memory: 37111, loss_mask: 0.0749, loss_texture: 0.0328, iou: 0.9022, loss: 0.1076
2026-05-01 18:28:26,454 - mmdet - INFO - Iter [19425/120000]	lr: 1.000e-04, eta: 1 day, 13:27:43, time: 1.107, data_time: 0.012, memory: 37111, loss_mask: 0.0762, loss_texture: 0.0318, iou: 0.8717, loss: 0.1080
2026-05-01 18:28:54,106 - mmdet - INFO - Iter [19450/120000]	lr: 1.000e-04, eta: 1 day, 13:26:39, time: 1.106, data_time: 0.011, memory: 37111, loss_mask: 0.0694, loss_texture: 0.0303, iou: 0.8852, loss: 0.0997
2026-05-01 18:29:21,827 - mmdet - INFO - Iter [19475/120000]	lr: 1.000e-04, eta: 1 day, 13:25:36, time: 1.109, data_time: 0.012, memory: 37111, loss_mask: 0.0813, loss_texture: 0.0363, iou: 0.8826, loss: 0.1176
2026-05-01 18:29:49,261 - mmdet - INFO - 
--- Val evaluation at iter 19500 ---
2026-05-01 18:31:45,637 - mmdet - INFO - 
+------------+-------------+-------------+
| Class      | Val IoU     | Pseudo IoU  |
+------------+-------------+-------------+
| background | 92.36       | 92.68       |
| building   | 67.63       | 69.14       |
| Summary    | mIoU: 80.00 | mIoU: 80.91 |
+------------+-------------+-------------+
Images evaluated: 218
2026-05-01 18:31:46,998 - mmdet - INFO - Iter [19500/120000]	lr: 1.000e-04, eta: 1 day, 13:24:31, time: 1.097, data_time: 0.012, memory: 37111, val/mIoU: 0.8000, val/IoU.building: 0.6763, val/IoU.background: 0.9236, val/Pseudo_mIoU: 0.8091, loss_mask: 0.0695, loss_texture: 0.0290, iou: 0.8895, loss: 0.0985
2026-05-01 18:32:14,541 - mmdet - INFO - Iter [19525/120000]	lr: 1.000e-04, eta: 1 day, 13:33:33, time: 5.811, data_time: 4.722, memory: 37111, loss_mask: 0.0681, loss_texture: 0.0285, iou: 0.8696, loss: 0.0966
2026-05-01 18:32:42,127 - mmdet - INFO - Iter [19550/120000]	lr: 1.000e-04, eta: 1 day, 13:32:28, time: 1.103, data_time: 0.012, memory: 37111, loss_mask: 0.0789, loss_texture: 0.0329, iou: 0.8766, loss: 0.1118
2026-05-01 18:33:09,878 - mmdet - INFO - Iter [19575/120000]	lr: 1.000e-04, eta: 1 day, 13:31:24, time: 1.110, data_time: 0.012, memory: 37111, loss_mask: 0.0707, loss_texture: 0.0321, iou: 0.8993, loss: 0.1028
2026-05-01 18:33:37,459 - mmdet - INFO - Iter [19600/120000]	lr: 1.000e-04, eta: 1 day, 13:30:19, time: 1.103, data_time: 0.012, memory: 37111, loss_mask: 0.0809, loss_texture: 0.0343, iou: 0.8830, loss: 0.1152
2026-05-01 18:34:05,209 - mmdet - INFO - Iter [19625/120000]	lr: 1.000e-04, eta: 1 day, 13:29:16, time: 1.110, data_time: 0.012, memory: 37111, loss_mask: 0.0632, loss_texture: 0.0287, iou: 0.8921, loss: 0.0920
2026-05-01 18:34:32,845 - mmdet - INFO - Iter [19650/120000]	lr: 1.000e-04, eta: 1 day, 13:28:12, time: 1.105, data_time: 0.011, memory: 37111, loss_mask: 0.0685, loss_texture: 0.0291, iou: 0.8969, loss: 0.0976
2026-05-01 18:35:00,456 - mmdet - INFO - Iter [19675/120000]	lr: 1.000e-04, eta: 1 day, 13:27:08, time: 1.104, data_time: 0.012, memory: 37111, loss_mask: 0.0699, loss_texture: 0.0304, iou: 0.8914, loss: 0.1003
2026-05-01 18:35:28,120 - mmdet - INFO - Iter [19700/120000]	lr: 1.000e-04, eta: 1 day, 13:26:04, time: 1.107, data_time: 0.011, memory: 37111, loss_mask: 0.0779, loss_texture: 0.0337, iou: 0.8879, loss: 0.1116
2026-05-01 18:35:55,843 - mmdet - INFO - Iter [19725/120000]	lr: 1.000e-04, eta: 1 day, 13:25:00, time: 1.109, data_time: 0.012, memory: 37111, loss_mask: 0.0733, loss_texture: 0.0305, iou: 0.8738, loss: 0.1038
2026-05-01 18:36:23,745 - mmdet - INFO - Iter [19750/120000]	lr: 1.000e-04, eta: 1 day, 13:23:58, time: 1.116, data_time: 0.012, memory: 37111, loss_mask: 0.0690, loss_texture: 0.0303, iou: 0.9050, loss: 0.0994
2026-05-01 18:36:51,354 - mmdet - INFO - Iter [19775/120000]	lr: 1.000e-04, eta: 1 day, 13:22:54, time: 1.104, data_time: 0.012, memory: 37111, loss_mask: 0.0730, loss_texture: 0.0321, iou: 0.8852, loss: 0.1051
2026-05-01 18:37:18,964 - mmdet - INFO - Iter [19800/120000]	lr: 1.000e-04, eta: 1 day, 13:21:50, time: 1.104, data_time: 0.012, memory: 37111, loss_mask: 0.0682, loss_texture: 0.0284, iou: 0.8687, loss: 0.0965
2026-05-01 18:37:46,638 - mmdet - INFO - Iter [19825/120000]	lr: 1.000e-04, eta: 1 day, 13:20:47, time: 1.107, data_time: 0.012, memory: 37111, loss_mask: 0.0738, loss_texture: 0.0323, iou: 0.8817, loss: 0.1061
2026-05-01 18:38:14,222 - mmdet - INFO - Iter [19850/120000]	lr: 1.000e-04, eta: 1 day, 13:19:43, time: 1.103, data_time: 0.012, memory: 37111, loss_mask: 0.0894, loss_texture: 0.0338, iou: 0.8826, loss: 0.1231
2026-05-01 18:38:41,618 - mmdet - INFO - Iter [19875/120000]	lr: 1.000e-04, eta: 1 day, 13:18:39, time: 1.096, data_time: 0.012, memory: 37111, loss_mask: 0.0686, loss_texture: 0.0273, iou: 0.8918, loss: 0.0959
2026-05-01 18:39:09,288 - mmdet - INFO - Iter [19900/120000]	lr: 1.000e-04, eta: 1 day, 13:17:36, time: 1.107, data_time: 0.011, memory: 37111, loss_mask: 0.0914, loss_texture: 0.0353, iou: 0.8841, loss: 0.1267
2026-05-01 18:39:36,945 - mmdet - INFO - Iter [19925/120000]	lr: 1.000e-04, eta: 1 day, 13:16:33, time: 1.106, data_time: 0.012, memory: 37111, loss_mask: 0.0964, loss_texture: 0.0342, iou: 0.8597, loss: 0.1306
2026-05-01 18:40:04,614 - mmdet - INFO - Iter [19950/120000]	lr: 1.000e-04, eta: 1 day, 13:15:30, time: 1.107, data_time: 0.012, memory: 37111, loss_mask: 0.1210, loss_texture: 0.0360, iou: 0.8393, loss: 0.1570
2026-05-01 18:40:32,226 - mmdet - INFO - Iter [19975/120000]	lr: 1.000e-04, eta: 1 day, 13:14:27, time: 1.104, data_time: 0.012, memory: 37111, loss_mask: 0.1253, loss_texture: 0.0365, iou: 0.8629, loss: 0.1618
2026-05-01 18:40:59,856 - mmdet - INFO - 
--- Val evaluation at iter 20000 ---
2026-05-01 18:42:56,703 - mmdet - INFO - 
+------------+-------------+-------------+
| Class      | Val IoU     | Pseudo IoU  |
+------------+-------------+-------------+
| background | 92.11       | 92.68       |
| building   | 66.23       | 69.14       |
| Summary    | mIoU: 79.17 | mIoU: 80.91 |
+------------+-------------+-------------+
Images evaluated: 218
2026-05-01 18:42:58,078 - mmdet - INFO - Exp name: exp8_all.py
2026-05-01 18:42:58,078 - mmdet - INFO - Iter [20000/120000]	lr: 1.000e-04, eta: 1 day, 13:13:24, time: 1.105, data_time: 0.011, memory: 37111, val/mIoU: 0.7917, val/IoU.building: 0.6623, val/IoU.background: 0.9211, val/Pseudo_mIoU: 0.8091, loss_mask: 0.0931, loss_texture: 0.0332, iou: 0.8589, loss: 0.1263
2026-05-01 18:43:25,738 - mmdet - INFO - Iter [20025/120000]	lr: 1.000e-04, eta: 1 day, 13:22:11, time: 5.835, data_time: 4.741, memory: 37111, loss_mask: 0.1035, loss_texture: 0.0360, iou: 0.8632, loss: 0.1394
2026-05-01 18:43:53,392 - mmdet - INFO - Iter [20050/120000]	lr: 1.000e-04, eta: 1 day, 13:21:08, time: 1.106, data_time: 0.012, memory: 37111, loss_mask: 0.0997, loss_texture: 0.0392, iou: 0.8669, loss: 0.1389
2026-05-01 18:44:21,188 - mmdet - INFO - Iter [20075/120000]	lr: 1.000e-04, eta: 1 day, 13:20:05, time: 1.112, data_time: 0.012, memory: 37111, loss_mask: 0.0830, loss_texture: 0.0340, iou: 0.8805, loss: 0.1170
2026-05-01 18:44:48,717 - mmdet - INFO - Iter [20100/120000]	lr: 1.000e-04, eta: 1 day, 13:19:01, time: 1.101, data_time: 0.012, memory: 37111, loss_mask: 0.0782, loss_texture: 0.0304, iou: 0.8783, loss: 0.1086
2026-05-01 18:45:16,362 - mmdet - INFO - Iter [20125/120000]	lr: 1.000e-04, eta: 1 day, 13:17:58, time: 1.106, data_time: 0.012, memory: 37111, loss_mask: 0.0756, loss_texture: 0.0312, iou: 0.8798, loss: 0.1068
2026-05-01 18:45:43,970 - mmdet - INFO - Iter [20150/120000]	lr: 1.000e-04, eta: 1 day, 13:16:55, time: 1.104, data_time: 0.012, memory: 37111, loss_mask: 0.0783, loss_texture: 0.0313, iou: 0.8678, loss: 0.1096
2026-05-01 18:46:11,745 - mmdet - INFO - Iter [20175/120000]	lr: 1.000e-04, eta: 1 day, 13:15:52, time: 1.111, data_time: 0.012, memory: 37111, loss_mask: 0.0720, loss_texture: 0.0314, iou: 0.8975, loss: 0.1034
2026-05-01 18:46:39,379 - mmdet - INFO - Iter [20200/120000]	lr: 1.000e-04, eta: 1 day, 13:14:49, time: 1.105, data_time: 0.011, memory: 37111, loss_mask: 0.0733, loss_texture: 0.0293, iou: 0.8921, loss: 0.1026
2026-05-01 18:47:06,955 - mmdet - INFO - Iter [20225/120000]	lr: 1.000e-04, eta: 1 day, 13:13:46, time: 1.103, data_time: 0.012, memory: 37111, loss_mask: 0.0720, loss_texture: 0.0294, iou: 0.8866, loss: 0.1015
2026-05-01 18:47:34,550 - mmdet - INFO - Iter [20250/120000]	lr: 1.000e-04, eta: 1 day, 13:12:43, time: 1.104, data_time: 0.012, memory: 37111, loss_mask: 0.0768, loss_texture: 0.0325, iou: 0.8737, loss: 0.1093
2026-05-01 18:48:02,234 - mmdet - INFO - Iter [20275/120000]	lr: 1.000e-04, eta: 1 day, 13:11:40, time: 1.107, data_time: 0.012, memory: 37111, loss_mask: 0.0711, loss_texture: 0.0300, iou: 0.8997, loss: 0.1011
2026-05-01 18:48:29,866 - mmdet - INFO - Iter [20300/120000]	lr: 1.000e-04, eta: 1 day, 13:10:38, time: 1.105, data_time: 0.012, memory: 37111, loss_mask: 0.0834, loss_texture: 0.0348, iou: 0.8955, loss: 0.1182
2026-05-01 18:48:57,458 - mmdet - INFO - Iter [20325/120000]	lr: 1.000e-04, eta: 1 day, 13:09:35, time: 1.104, data_time: 0.012, memory: 37111, loss_mask: 0.0802, loss_texture: 0.0302, iou: 0.8795, loss: 0.1103
2026-05-01 18:49:25,105 - mmdet - INFO - Iter [20350/120000]	lr: 1.000e-04, eta: 1 day, 13:08:32, time: 1.106, data_time: 0.012, memory: 37111, loss_mask: 0.0767, loss_texture: 0.0321, iou: 0.8865, loss: 0.1088
2026-05-01 18:49:52,777 - mmdet - INFO - Iter [20375/120000]	lr: 1.000e-04, eta: 1 day, 13:07:30, time: 1.107, data_time: 0.012, memory: 37111, loss_mask: 0.0777, loss_texture: 0.0321, iou: 0.8821, loss: 0.1098
2026-05-01 18:50:20,458 - mmdet - INFO - Iter [20400/120000]	lr: 1.000e-04, eta: 1 day, 13:06:28, time: 1.107, data_time: 0.012, memory: 37111, loss_mask: 0.0728, loss_texture: 0.0310, iou: 0.8912, loss: 0.1038
2026-05-01 18:50:48,096 - mmdet - INFO - Iter [20425/120000]	lr: 1.000e-04, eta: 1 day, 13:05:26, time: 1.105, data_time: 0.012, memory: 37111, loss_mask: 0.0672, loss_texture: 0.0295, iou: 0.8854, loss: 0.0966
2026-05-01 18:51:15,798 - mmdet - INFO - Iter [20450/120000]	lr: 1.000e-04, eta: 1 day, 13:04:24, time: 1.108, data_time: 0.012, memory: 37111, loss_mask: 0.0710, loss_texture: 0.0308, iou: 0.8820, loss: 0.1018
2026-05-01 18:51:43,517 - mmdet - INFO - Iter [20475/120000]	lr: 1.000e-04, eta: 1 day, 13:03:22, time: 1.109, data_time: 0.012, memory: 37111, loss_mask: 0.0772, loss_texture: 0.0335, iou: 0.8966, loss: 0.1107
2026-05-01 18:52:11,053 - mmdet - INFO - 
--- Val evaluation at iter 20500 ---
2026-05-01 18:54:07,842 - mmdet - INFO - 
+------------+-------------+-------------+
| Class      | Val IoU     | Pseudo IoU  |
+------------+-------------+-------------+
| background | 91.80       | 92.68       |
| building   | 64.02       | 69.14       |
| Summary    | mIoU: 77.91 | mIoU: 80.91 |
+------------+-------------+-------------+
Images evaluated: 218
2026-05-01 18:54:09,200 - mmdet - INFO - Iter [20500/120000]	lr: 1.000e-04, eta: 1 day, 13:02:20, time: 1.101, data_time: 0.012, memory: 37111, val/mIoU: 0.7791, val/IoU.building: 0.6402, val/IoU.background: 0.9180, val/Pseudo_mIoU: 0.8091, loss_mask: 0.0700, loss_texture: 0.0292, iou: 0.8949, loss: 0.0992
2026-05-01 18:54:36,855 - mmdet - INFO - Iter [20525/120000]	lr: 1.000e-04, eta: 1 day, 13:10:50, time: 5.832, data_time: 4.739, memory: 37111, loss_mask: 0.0761, loss_texture: 0.0316, iou: 0.8662, loss: 0.1077
2026-05-01 18:55:04,443 - mmdet - INFO - Iter [20550/120000]	lr: 1.000e-04, eta: 1 day, 13:09:47, time: 1.104, data_time: 0.011, memory: 37111, loss_mask: 0.0749, loss_texture: 0.0316, iou: 0.8896, loss: 0.1065
2026-05-01 18:55:32,121 - mmdet - INFO - Iter [20575/120000]	lr: 1.000e-04, eta: 1 day, 13:08:45, time: 1.107, data_time: 0.012, memory: 37111, loss_mask: 0.0721, loss_texture: 0.0332, iou: 0.8959, loss: 0.1052
2026-05-01 18:55:59,766 - mmdet - INFO - Iter [20600/120000]	lr: 1.000e-04, eta: 1 day, 13:07:43, time: 1.106, data_time: 0.011, memory: 37111, loss_mask: 0.0709, loss_texture: 0.0296, iou: 0.9090, loss: 0.1005
2026-05-01 18:56:27,387 - mmdet - INFO - Iter [20625/120000]	lr: 1.000e-04, eta: 1 day, 13:06:40, time: 1.105, data_time: 0.012, memory: 37111, loss_mask: 0.0884, loss_texture: 0.0354, iou: 0.8763, loss: 0.1239
2026-05-01 18:56:55,121 - mmdet - INFO - Iter [20650/120000]	lr: 1.000e-04, eta: 1 day, 13:05:38, time: 1.109, data_time: 0.012, memory: 37111, loss_mask: 0.0746, loss_texture: 0.0318, iou: 0.8566, loss: 0.1064
2026-05-01 18:57:22,811 - mmdet - INFO - Iter [20675/120000]	lr: 1.000e-04, eta: 1 day, 13:04:36, time: 1.108, data_time: 0.012, memory: 37111, loss_mask: 0.0709, loss_texture: 0.0296, iou: 0.8905, loss: 0.1004
2026-05-01 18:57:50,425 - mmdet - INFO - Iter [20700/120000]	lr: 1.000e-04, eta: 1 day, 13:03:34, time: 1.105, data_time: 0.011, memory: 37111, loss_mask: 0.0737, loss_texture: 0.0300, iou: 0.8812, loss: 0.1037
2026-05-01 18:58:18,039 - mmdet - INFO - Iter [20725/120000]	lr: 1.000e-04, eta: 1 day, 13:02:32, time: 1.105, data_time: 0.012, memory: 37111, loss_mask: 0.0732, loss_texture: 0.0304, iou: 0.8956, loss: 0.1036
2026-05-01 18:58:45,759 - mmdet - INFO - Iter [20750/120000]	lr: 1.000e-04, eta: 1 day, 13:01:30, time: 1.109, data_time: 0.011, memory: 37111, loss_mask: 0.0810, loss_texture: 0.0336, iou: 0.8786, loss: 0.1146
2026-05-01 18:59:13,435 - mmdet - INFO - Iter [20775/120000]	lr: 1.000e-04, eta: 1 day, 13:00:28, time: 1.107, data_time: 0.012, memory: 37111, loss_mask: 0.0799, loss_texture: 0.0336, iou: 0.8972, loss: 0.1136
2026-05-01 18:59:41,055 - mmdet - INFO - Iter [20800/120000]	lr: 1.000e-04, eta: 1 day, 12:59:26, time: 1.105, data_time: 0.012, memory: 37111, loss_mask: 0.0695, loss_texture: 0.0295, iou: 0.8861, loss: 0.0990
2026-05-01 19:00:08,689 - mmdet - INFO - Iter [20825/120000]	lr: 1.000e-04, eta: 1 day, 12:58:25, time: 1.105, data_time: 0.012, memory: 37111, loss_mask: 0.0757, loss_texture: 0.0312, iou: 0.8697, loss: 0.1070
2026-05-01 19:00:36,335 - mmdet - INFO - Iter [20850/120000]	lr: 1.000e-04, eta: 1 day, 12:57:23, time: 1.106, data_time: 0.012, memory: 37111, loss_mask: 0.0697, loss_texture: 0.0302, iou: 0.8979, loss: 0.0999
2026-05-01 19:01:03,980 - mmdet - INFO - Iter [20875/120000]	lr: 1.000e-04, eta: 1 day, 12:56:21, time: 1.106, data_time: 0.012, memory: 37111, loss_mask: 0.0735, loss_texture: 0.0310, iou: 0.8965, loss: 0.1045
2026-05-01 19:01:31,705 - mmdet - INFO - Iter [20900/120000]	lr: 1.000e-04, eta: 1 day, 12:55:20, time: 1.109, data_time: 0.011, memory: 37111, loss_mask: 0.0665, loss_texture: 0.0293, iou: 0.8857, loss: 0.0958
2026-05-01 19:01:59,405 - mmdet - INFO - Iter [20925/120000]	lr: 1.000e-04, eta: 1 day, 12:54:19, time: 1.108, data_time: 0.012, memory: 37111, loss_mask: 0.0729, loss_texture: 0.0314, iou: 0.8866, loss: 0.1044
2026-05-01 19:02:27,038 - mmdet - INFO - Iter [20950/120000]	lr: 1.000e-04, eta: 1 day, 12:53:18, time: 1.105, data_time: 0.012, memory: 37111, loss_mask: 0.0666, loss_texture: 0.0281, iou: 0.9004, loss: 0.0947
2026-05-01 19:02:54,450 - mmdet - INFO - Iter [20975/120000]	lr: 1.000e-04, eta: 1 day, 12:52:15, time: 1.097, data_time: 0.012, memory: 37111, loss_mask: 0.0704, loss_texture: 0.0288, iou: 0.8664, loss: 0.0992
2026-05-01 19:03:22,085 - mmdet - INFO - 
--- Val evaluation at iter 21000 ---
2026-05-01 19:05:18,822 - mmdet - INFO - 
+------------+-------------+-------------+
| Class      | Val IoU     | Pseudo IoU  |
+------------+-------------+-------------+
| background | 92.29       | 92.68       |
| building   | 66.88       | 69.14       |
| Summary    | mIoU: 79.59 | mIoU: 80.91 |
+------------+-------------+-------------+
Images evaluated: 218
2026-05-01 19:05:20,201 - mmdet - INFO - Exp name: exp8_all.py
2026-05-01 19:05:20,201 - mmdet - INFO - Iter [21000/120000]	lr: 1.000e-04, eta: 1 day, 12:51:14, time: 1.105, data_time: 0.012, memory: 37111, val/mIoU: 0.7959, val/IoU.building: 0.6688, val/IoU.background: 0.9229, val/Pseudo_mIoU: 0.8091, loss_mask: 0.0727, loss_texture: 0.0324, iou: 0.8946, loss: 0.1051
2026-05-01 19:05:47,719 - mmdet - INFO - Iter [21025/120000]	lr: 1.000e-04, eta: 1 day, 12:59:28, time: 5.825, data_time: 4.737, memory: 37111, loss_mask: 0.0675, loss_texture: 0.0288, iou: 0.8999, loss: 0.0964
2026-05-01 19:06:15,390 - mmdet - INFO - Iter [21050/120000]	lr: 1.000e-04, eta: 1 day, 12:58:27, time: 1.107, data_time: 0.012, memory: 37111, loss_mask: 0.0714, loss_texture: 0.0307, iou: 0.8995, loss: 0.1021
2026-05-01 19:06:43,182 - mmdet - INFO - Iter [21075/120000]	lr: 1.000e-04, eta: 1 day, 12:57:26, time: 1.112, data_time: 0.012, memory: 37111, loss_mask: 0.0700, loss_texture: 0.0316, iou: 0.8810, loss: 0.1015
2026-05-01 19:07:10,862 - mmdet - INFO - Iter [21100/120000]	lr: 1.000e-04, eta: 1 day, 12:56:24, time: 1.107, data_time: 0.011, memory: 37111, loss_mask: 0.0803, loss_texture: 0.0344, iou: 0.8839, loss: 0.1147
2026-05-01 19:07:38,360 - mmdet - INFO - Iter [21125/120000]	lr: 1.000e-04, eta: 1 day, 12:55:22, time: 1.100, data_time: 0.012, memory: 37111, loss_mask: 0.0702, loss_texture: 0.0291, iou: 0.8869, loss: 0.0992
2026-05-01 19:08:05,958 - mmdet - INFO - Iter [21150/120000]	lr: 1.000e-04, eta: 1 day, 12:54:20, time: 1.104, data_time: 0.012, memory: 37111, loss_mask: 0.0743, loss_texture: 0.0314, iou: 0.8861, loss: 0.1057
2026-05-01 19:08:33,556 - mmdet - INFO - Iter [21175/120000]	lr: 1.000e-04, eta: 1 day, 12:53:19, time: 1.104, data_time: 0.012, memory: 37111, loss_mask: 0.0657, loss_texture: 0.0285, iou: 0.9012, loss: 0.0942
2026-05-01 19:09:01,310 - mmdet - INFO - Iter [21200/120000]	lr: 1.000e-04, eta: 1 day, 12:52:18, time: 1.110, data_time: 0.011, memory: 37111, loss_mask: 0.0736, loss_texture: 0.0311, iou: 0.8893, loss: 0.1047
2026-05-01 19:09:28,879 - mmdet - INFO - Iter [21225/120000]	lr: 1.000e-04, eta: 1 day, 12:51:16, time: 1.103, data_time: 0.012, memory: 37111, loss_mask: 0.0832, loss_texture: 0.0359, iou: 0.8798, loss: 0.1191
2026-05-01 19:09:56,418 - mmdet - INFO - Iter [21250/120000]	lr: 1.000e-04, eta: 1 day, 12:50:15, time: 1.102, data_time: 0.012, memory: 37111, loss_mask: 0.0688, loss_texture: 0.0289, iou: 0.8995, loss: 0.0976
2026-05-01 19:10:23,991 - mmdet - INFO - Iter [21275/120000]	lr: 1.000e-04, eta: 1 day, 12:49:13, time: 1.103, data_time: 0.012, memory: 37111, loss_mask: 0.0642, loss_texture: 0.0272, iou: 0.8893, loss: 0.0913
2026-05-01 19:10:51,714 - mmdet - INFO - Iter [21300/120000]	lr: 1.000e-04, eta: 1 day, 12:48:13, time: 1.109, data_time: 0.012, memory: 37111, loss_mask: 0.0739, loss_texture: 0.0332, iou: 0.8890, loss: 0.1071
2026-05-01 19:11:19,453 - mmdet - INFO - Iter [21325/120000]	lr: 1.000e-04, eta: 1 day, 12:47:12, time: 1.110, data_time: 0.012, memory: 37111, loss_mask: 0.0811, loss_texture: 0.0338, iou: 0.8888, loss: 0.1149
2026-05-01 19:11:47,292 - mmdet - INFO - Iter [21350/120000]	lr: 1.000e-04, eta: 1 day, 12:46:12, time: 1.114, data_time: 0.012, memory: 37111, loss_mask: 0.0806, loss_texture: 0.0344, iou: 0.8875, loss: 0.1149
2026-05-01 19:12:14,950 - mmdet - INFO - Iter [21375/120000]	lr: 1.000e-04, eta: 1 day, 12:45:11, time: 1.106, data_time: 0.012, memory: 37111, loss_mask: 0.0780, loss_texture: 0.0328, iou: 0.8819, loss: 0.1108
2026-05-01 19:12:42,653 - mmdet - INFO - Iter [21400/120000]	lr: 1.000e-04, eta: 1 day, 12:44:11, time: 1.108, data_time: 0.012, memory: 37111, loss_mask: 0.0701, loss_texture: 0.0310, iou: 0.8938, loss: 0.1011
2026-05-01 19:13:10,368 - mmdet - INFO - Iter [21425/120000]	lr: 1.000e-04, eta: 1 day, 12:43:11, time: 1.109, data_time: 0.012, memory: 37111, loss_mask: 0.0729, loss_texture: 0.0314, iou: 0.8986, loss: 0.1043
2026-05-01 19:13:37,972 - mmdet - INFO - Iter [21450/120000]	lr: 1.000e-04, eta: 1 day, 12:42:10, time: 1.104, data_time: 0.012, memory: 37111, loss_mask: 0.0755, loss_texture: 0.0325, iou: 0.8796, loss: 0.1080
2026-05-01 19:14:05,540 - mmdet - INFO - Iter [21475/120000]	lr: 1.000e-04, eta: 1 day, 12:41:09, time: 1.103, data_time: 0.012, memory: 37111, loss_mask: 0.0673, loss_texture: 0.0297, iou: 0.8836, loss: 0.0971
2026-05-01 19:14:33,046 - mmdet - INFO - 
--- Val evaluation at iter 21500 ---
2026-05-01 19:16:28,998 - mmdet - INFO - 
+------------+-------------+-------------+
| Class      | Val IoU     | Pseudo IoU  |
+------------+-------------+-------------+
| background | 92.46       | 92.68       |
| building   | 67.99       | 69.14       |
| Summary    | mIoU: 80.22 | mIoU: 80.91 |
+------------+-------------+-------------+
Images evaluated: 218
2026-05-01 19:16:31,443 - mmdet - INFO - ★ New best mIoU: 80.22% (prev: 80.04%, Δ=+0.18%) → saved to /home/ubuntu/vy/Denoiser/SegRefiner/work_dirs/exp8_all/best_model.pth
2026-05-01 19:16:31,448 - mmdet - INFO - Iter [21500/120000]	lr: 1.000e-04, eta: 1 day, 12:40:08, time: 1.100, data_time: 0.011, memory: 37111, val/mIoU: 0.8022, val/IoU.building: 0.6799, val/IoU.background: 0.9246, val/Pseudo_mIoU: 0.8091, loss_mask: 0.0635, loss_texture: 0.0274, iou: 0.8979, loss: 0.0909
2026-05-01 19:16:59,062 - mmdet - INFO - Iter [21525/120000]	lr: 1.000e-04, eta: 1 day, 12:48:09, time: 5.841, data_time: 4.749, memory: 37111, loss_mask: 0.0709, loss_texture: 0.0298, iou: 0.8811, loss: 0.1007
2026-05-01 19:17:26,655 - mmdet - INFO - Iter [21550/120000]	lr: 1.000e-04, eta: 1 day, 12:47:08, time: 1.104, data_time: 0.012, memory: 37111, loss_mask: 0.0698, loss_texture: 0.0310, iou: 0.8993, loss: 0.1007
2026-05-01 19:17:54,274 - mmdet - INFO - Iter [21575/120000]	lr: 1.000e-04, eta: 1 day, 12:46:07, time: 1.105, data_time: 0.012, memory: 37111, loss_mask: 0.0679, loss_texture: 0.0286, iou: 0.8966, loss: 0.0964
2026-05-01 19:18:21,775 - mmdet - INFO - Iter [21600/120000]	lr: 1.000e-04, eta: 1 day, 12:45:06, time: 1.100, data_time: 0.011, memory: 37111, loss_mask: 0.0712, loss_texture: 0.0292, iou: 0.8724, loss: 0.1004
2026-05-01 19:18:49,407 - mmdet - INFO - Iter [21625/120000]	lr: 1.000e-04, eta: 1 day, 12:44:05, time: 1.105, data_time: 0.012, memory: 37111, loss_mask: 0.0691, loss_texture: 0.0303, iou: 0.8984, loss: 0.0994
2026-05-01 19:19:17,046 - mmdet - INFO - Iter [21650/120000]	lr: 1.000e-04, eta: 1 day, 12:43:04, time: 1.106, data_time: 0.012, memory: 37111, loss_mask: 0.0676, loss_texture: 0.0296, iou: 0.8914, loss: 0.0973
2026-05-01 19:19:44,685 - mmdet - INFO - Iter [21675/120000]	lr: 1.000e-04, eta: 1 day, 12:42:03, time: 1.106, data_time: 0.012, memory: 37111, loss_mask: 0.0735, loss_texture: 0.0314, iou: 0.8921, loss: 0.1049
2026-05-01 19:20:12,208 - mmdet - INFO - Iter [21700/120000]	lr: 1.000e-04, eta: 1 day, 12:41:02, time: 1.101, data_time: 0.011, memory: 37111, loss_mask: 0.0776, loss_texture: 0.0323, iou: 0.8972, loss: 0.1100
2026-05-01 19:20:40,020 - mmdet - INFO - Iter [21725/120000]	lr: 1.000e-04, eta: 1 day, 12:40:03, time: 1.112, data_time: 0.012, memory: 37111, loss_mask: 0.0731, loss_texture: 0.0318, iou: 0.8745, loss: 0.1049
2026-05-01 19:21:07,444 - mmdet - INFO - Iter [21750/120000]	lr: 1.000e-04, eta: 1 day, 12:39:01, time: 1.097, data_time: 0.012, memory: 37111, loss_mask: 0.0731, loss_texture: 0.0305, iou: 0.8835, loss: 0.1036
2026-05-01 19:21:34,947 - mmdet - INFO - Iter [21775/120000]	lr: 1.000e-04, eta: 1 day, 12:38:00, time: 1.100, data_time: 0.012, memory: 37111, loss_mask: 0.0626, loss_texture: 0.0265, iou: 0.8834, loss: 0.0891
2026-05-01 19:22:02,660 - mmdet - INFO - Iter [21800/120000]	lr: 1.000e-04, eta: 1 day, 12:37:00, time: 1.109, data_time: 0.012, memory: 37111, loss_mask: 0.0876, loss_texture: 0.0352, iou: 0.8854, loss: 0.1228
2026-05-01 19:22:30,286 - mmdet - INFO - Iter [21825/120000]	lr: 1.000e-04, eta: 1 day, 12:36:00, time: 1.105, data_time: 0.012, memory: 37111, loss_mask: 0.0714, loss_texture: 0.0297, iou: 0.8862, loss: 0.1011
2026-05-01 19:22:58,026 - mmdet - INFO - Iter [21850/120000]	lr: 1.000e-04, eta: 1 day, 12:35:00, time: 1.110, data_time: 0.011, memory: 37111, loss_mask: 0.0752, loss_texture: 0.0317, iou: 0.8944, loss: 0.1069
2026-05-01 19:23:25,715 - mmdet - INFO - Iter [21875/120000]	lr: 1.000e-04, eta: 1 day, 12:34:01, time: 1.108, data_time: 0.012, memory: 37111, loss_mask: 0.0758, loss_texture: 0.0315, iou: 0.8819, loss: 0.1073
2026-05-01 19:23:53,188 - mmdet - INFO - Iter [21900/120000]	lr: 1.000e-04, eta: 1 day, 12:33:00, time: 1.099, data_time: 0.012, memory: 37111, loss_mask: 0.0764, loss_texture: 0.0314, iou: 0.8777, loss: 0.1078
2026-05-01 19:24:20,724 - mmdet - INFO - Iter [21925/120000]	lr: 1.000e-04, eta: 1 day, 12:31:59, time: 1.101, data_time: 0.012, memory: 37111, loss_mask: 0.0764, loss_texture: 0.0318, iou: 0.8912, loss: 0.1081
2026-05-01 19:24:48,429 - mmdet - INFO - Iter [21950/120000]	lr: 1.000e-04, eta: 1 day, 12:31:00, time: 1.108, data_time: 0.012, memory: 37111, loss_mask: 0.0781, loss_texture: 0.0325, iou: 0.8721, loss: 0.1106
2026-05-01 19:25:16,031 - mmdet - INFO - Iter [21975/120000]	lr: 1.000e-04, eta: 1 day, 12:30:00, time: 1.104, data_time: 0.012, memory: 37111, loss_mask: 0.0663, loss_texture: 0.0288, iou: 0.9125, loss: 0.0951
2026-05-01 19:25:43,678 - mmdet - INFO - 
--- Val evaluation at iter 22000 ---
2026-05-01 19:27:40,392 - mmdet - INFO - 
+------------+-------------+-------------+
| Class      | Val IoU     | Pseudo IoU  |
+------------+-------------+-------------+
| background | 91.88       | 92.68       |
| building   | 64.68       | 69.14       |
| Summary    | mIoU: 78.28 | mIoU: 80.91 |
+------------+-------------+-------------+
Images evaluated: 218
2026-05-01 19:27:41,758 - mmdet - INFO - Exp name: exp8_all.py
2026-05-01 19:27:41,759 - mmdet - INFO - Iter [22000/120000]	lr: 1.000e-04, eta: 1 day, 12:29:00, time: 1.106, data_time: 0.011, memory: 37111, val/mIoU: 0.7828, val/IoU.building: 0.6468, val/IoU.background: 0.9188, val/Pseudo_mIoU: 0.8091, loss_mask: 0.0829, loss_texture: 0.0345, iou: 0.8795, loss: 0.1173
2026-05-01 19:28:09,381 - mmdet - INFO - Iter [22025/120000]	lr: 1.000e-04, eta: 1 day, 12:36:46, time: 5.828, data_time: 4.735, memory: 37111, loss_mask: 0.0830, loss_texture: 0.0322, iou: 0.8889, loss: 0.1152
2026-05-01 19:28:37,036 - mmdet - INFO - Iter [22050/120000]	lr: 1.000e-04, eta: 1 day, 12:35:46, time: 1.106, data_time: 0.012, memory: 37111, loss_mask: 0.0732, loss_texture: 0.0304, iou: 0.8848, loss: 0.1037
2026-05-01 19:29:04,585 - mmdet - INFO - Iter [22075/120000]	lr: 1.000e-04, eta: 1 day, 12:34:45, time: 1.102, data_time: 0.012, memory: 37111, loss_mask: 0.0695, loss_texture: 0.0297, iou: 0.8975, loss: 0.0992
2026-05-01 19:29:32,328 - mmdet - INFO - Iter [22100/120000]	lr: 1.000e-04, eta: 1 day, 12:33:46, time: 1.110, data_time: 0.012, memory: 37111, loss_mask: 0.0777, loss_texture: 0.0324, iou: 0.8862, loss: 0.1101
2026-05-01 19:30:00,065 - mmdet - INFO - Iter [22125/120000]	lr: 1.000e-04, eta: 1 day, 12:32:46, time: 1.109, data_time: 0.012, memory: 37111, loss_mask: 0.0801, loss_texture: 0.0318, iou: 0.8753, loss: 0.1119
2026-05-01 19:30:27,607 - mmdet - INFO - Iter [22150/120000]	lr: 1.000e-04, eta: 1 day, 12:31:46, time: 1.102, data_time: 0.012, memory: 37111, loss_mask: 0.0759, loss_texture: 0.0284, iou: 0.8668, loss: 0.1043
2026-05-01 19:30:55,350 - mmdet - INFO - Iter [22175/120000]	lr: 1.000e-04, eta: 1 day, 12:30:46, time: 1.110, data_time: 0.012, memory: 37111, loss_mask: 0.0725, loss_texture: 0.0318, iou: 0.8701, loss: 0.1044
2026-05-01 19:31:23,158 - mmdet - INFO - Iter [22200/120000]	lr: 1.000e-04, eta: 1 day, 12:29:47, time: 1.112, data_time: 0.012, memory: 37111, loss_mask: 0.0706, loss_texture: 0.0298, iou: 0.8965, loss: 0.1004
2026-05-01 19:31:50,822 - mmdet - INFO - Iter [22225/120000]	lr: 1.000e-04, eta: 1 day, 12:28:47, time: 1.107, data_time: 0.012, memory: 37111, loss_mask: 0.0684, loss_texture: 0.0296, iou: 0.9026, loss: 0.0980
2026-05-01 19:32:18,446 - mmdet - INFO - Iter [22250/120000]	lr: 1.000e-04, eta: 1 day, 12:27:48, time: 1.105, data_time: 0.012, memory: 37111, loss_mask: 0.0666, loss_texture: 0.0297, iou: 0.8933, loss: 0.0963
2026-05-01 19:32:46,102 - mmdet - INFO - Iter [22275/120000]	lr: 1.000e-04, eta: 1 day, 12:26:48, time: 1.106, data_time: 0.012, memory: 37111, loss_mask: 0.0604, loss_texture: 0.0269, iou: 0.9105, loss: 0.0873
2026-05-01 19:33:13,762 - mmdet - INFO - Iter [22300/120000]	lr: 1.000e-04, eta: 1 day, 12:25:49, time: 1.106, data_time: 0.012, memory: 37111, loss_mask: 0.0644, loss_texture: 0.0284, iou: 0.8847, loss: 0.0928
2026-05-01 19:33:41,381 - mmdet - INFO - Iter [22325/120000]	lr: 1.000e-04, eta: 1 day, 12:24:49, time: 1.105, data_time: 0.012, memory: 37111, loss_mask: 0.0693, loss_texture: 0.0301, iou: 0.8959, loss: 0.0994
2026-05-01 19:34:08,936 - mmdet - INFO - Iter [22350/120000]	lr: 1.000e-04, eta: 1 day, 12:23:49, time: 1.102, data_time: 0.012, memory: 37111, loss_mask: 0.0771, loss_texture: 0.0308, iou: 0.8824, loss: 0.1079
2026-05-01 19:34:36,522 - mmdet - INFO - Iter [22375/120000]	lr: 1.000e-04, eta: 1 day, 12:22:50, time: 1.103, data_time: 0.012, memory: 37111, loss_mask: 0.0785, loss_texture: 0.0316, iou: 0.8800, loss: 0.1102
2026-05-01 19:35:04,217 - mmdet - INFO - Iter [22400/120000]	lr: 1.000e-04, eta: 1 day, 12:21:51, time: 1.108, data_time: 0.012, memory: 37111, loss_mask: 0.0857, loss_texture: 0.0359, iou: 0.8870, loss: 0.1216
2026-05-01 19:35:31,837 - mmdet - INFO - Iter [22425/120000]	lr: 1.000e-04, eta: 1 day, 12:20:52, time: 1.105, data_time: 0.012, memory: 37111, loss_mask: 0.0781, loss_texture: 0.0323, iou: 0.8826, loss: 0.1104
2026-05-01 19:35:59,593 - mmdet - INFO - Iter [22450/120000]	lr: 1.000e-04, eta: 1 day, 12:19:53, time: 1.110, data_time: 0.011, memory: 37111, loss_mask: 0.0622, loss_texture: 0.0258, iou: 0.8939, loss: 0.0880
2026-05-01 19:36:27,223 - mmdet - INFO - Iter [22475/120000]	lr: 1.000e-04, eta: 1 day, 12:18:54, time: 1.105, data_time: 0.012, memory: 37111, loss_mask: 0.0595, loss_texture: 0.0257, iou: 0.9112, loss: 0.0853
2026-05-01 19:36:54,808 - mmdet - INFO - 
--- Val evaluation at iter 22500 ---
2026-05-01 19:38:51,567 - mmdet - INFO - 
+------------+-------------+-------------+
| Class      | Val IoU     | Pseudo IoU  |
+------------+-------------+-------------+
| background | 91.70       | 92.68       |
| building   | 66.37       | 69.14       |
| Summary    | mIoU: 79.04 | mIoU: 80.91 |
+------------+-------------+-------------+
Images evaluated: 218
2026-05-01 19:38:52,914 - mmdet - INFO - Iter [22500/120000]	lr: 1.000e-04, eta: 1 day, 12:17:55, time: 1.103, data_time: 0.012, memory: 37111, val/mIoU: 0.7904, val/IoU.building: 0.6637, val/IoU.background: 0.9170, val/Pseudo_mIoU: 0.8091, loss_mask: 0.0782, loss_texture: 0.0320, iou: 0.8858, loss: 0.1102
2026-05-01 19:39:20,571 - mmdet - INFO - Iter [22525/120000]	lr: 1.000e-04, eta: 1 day, 12:25:27, time: 5.830, data_time: 4.737, memory: 37111, loss_mask: 0.0907, loss_texture: 0.0328, iou: 0.8607, loss: 0.1236
2026-05-01 19:39:48,267 - mmdet - INFO - Iter [22550/120000]	lr: 1.000e-04, eta: 1 day, 12:24:28, time: 1.108, data_time: 0.012, memory: 37111, loss_mask: 0.0938, loss_texture: 0.0371, iou: 0.8643, loss: 0.1309
2026-05-01 19:40:15,976 - mmdet - INFO - Iter [22575/120000]	lr: 1.000e-04, eta: 1 day, 12:23:29, time: 1.108, data_time: 0.012, memory: 37111, loss_mask: 0.0771, loss_texture: 0.0290, iou: 0.8780, loss: 0.1061
2026-05-01 19:40:43,679 - mmdet - INFO - Iter [22600/120000]	lr: 1.000e-04, eta: 1 day, 12:22:29, time: 1.108, data_time: 0.011, memory: 37111, loss_mask: 0.0763, loss_texture: 0.0300, iou: 0.8878, loss: 0.1063
2026-05-01 19:41:11,117 - mmdet - INFO - Iter [22625/120000]	lr: 1.000e-04, eta: 1 day, 12:21:29, time: 1.098, data_time: 0.012, memory: 37111, loss_mask: 0.0747, loss_texture: 0.0302, iou: 0.8923, loss: 0.1049
2026-05-01 19:41:38,883 - mmdet - INFO - Iter [22650/120000]	lr: 1.000e-04, eta: 1 day, 12:20:31, time: 1.111, data_time: 0.011, memory: 37111, loss_mask: 0.1115, loss_texture: 0.0374, iou: 0.8580, loss: 0.1489
2026-05-01 19:42:06,564 - mmdet - INFO - Iter [22675/120000]	lr: 1.000e-04, eta: 1 day, 12:19:32, time: 1.107, data_time: 0.012, memory: 37111, loss_mask: 0.0755, loss_texture: 0.0306, iou: 0.8750, loss: 0.1061
2026-05-01 19:42:34,157 - mmdet - INFO - Iter [22700/120000]	lr: 1.000e-04, eta: 1 day, 12:18:32, time: 1.104, data_time: 0.011, memory: 37111, loss_mask: 0.0826, loss_texture: 0.0314, iou: 0.8611, loss: 0.1140
2026-05-01 19:43:01,845 - mmdet - INFO - Iter [22725/120000]	lr: 1.000e-04, eta: 1 day, 12:17:33, time: 1.108, data_time: 0.012, memory: 37111, loss_mask: 0.0747, loss_texture: 0.0324, iou: 0.8804, loss: 0.1071
2026-05-01 19:43:29,462 - mmdet - INFO - Iter [22750/120000]	lr: 1.000e-04, eta: 1 day, 12:16:34, time: 1.105, data_time: 0.012, memory: 37111, loss_mask: 0.0734, loss_texture: 0.0298, iou: 0.8851, loss: 0.1031
2026-05-01 19:43:57,088 - mmdet - INFO - Iter [22775/120000]	lr: 1.000e-04, eta: 1 day, 12:15:35, time: 1.105, data_time: 0.012, memory: 37111, loss_mask: 0.0905, loss_texture: 0.0353, iou: 0.8843, loss: 0.1258
2026-05-01 19:44:24,612 - mmdet - INFO - Iter [22800/120000]	lr: 1.000e-04, eta: 1 day, 12:14:36, time: 1.101, data_time: 0.011, memory: 37111, loss_mask: 0.0817, loss_texture: 0.0310, iou: 0.8722, loss: 0.1127
2026-05-01 19:44:52,236 - mmdet - INFO - Iter [22825/120000]	lr: 1.000e-04, eta: 1 day, 12:13:37, time: 1.105, data_time: 0.012, memory: 37111, loss_mask: 0.0871, loss_texture: 0.0342, iou: 0.8823, loss: 0.1212
2026-05-01 19:45:19,844 - mmdet - INFO - Iter [22850/120000]	lr: 1.000e-04, eta: 1 day, 12:12:38, time: 1.104, data_time: 0.012, memory: 37111, loss_mask: 0.0755, loss_texture: 0.0322, iou: 0.8996, loss: 0.1077
2026-05-01 19:45:47,470 - mmdet - INFO - Iter [22875/120000]	lr: 1.000e-04, eta: 1 day, 12:11:40, time: 1.105, data_time: 0.012, memory: 37111, loss_mask: 0.0817, loss_texture: 0.0347, iou: 0.8666, loss: 0.1164
2026-05-01 19:46:15,139 - mmdet - INFO - Iter [22900/120000]	lr: 1.000e-04, eta: 1 day, 12:10:41, time: 1.107, data_time: 0.012, memory: 37111, loss_mask: 0.0627, loss_texture: 0.0263, iou: 0.8908, loss: 0.0890
2026-05-01 19:46:42,853 - mmdet - INFO - Iter [22925/120000]	lr: 1.000e-04, eta: 1 day, 12:09:43, time: 1.109, data_time: 0.012, memory: 37111, loss_mask: 0.0868, loss_texture: 0.0352, iou: 0.8729, loss: 0.1221
2026-05-01 19:47:10,530 - mmdet - INFO - Iter [22950/120000]	lr: 1.000e-04, eta: 1 day, 12:08:45, time: 1.107, data_time: 0.012, memory: 37111, loss_mask: 0.0942, loss_texture: 0.0345, iou: 0.8823, loss: 0.1287
2026-05-01 19:47:38,229 - mmdet - INFO - Iter [22975/120000]	lr: 1.000e-04, eta: 1 day, 12:07:47, time: 1.108, data_time: 0.012, memory: 37111, loss_mask: 0.0866, loss_texture: 0.0320, iou: 0.8580, loss: 0.1186
2026-05-01 19:48:05,806 - mmdet - INFO - 
--- Val evaluation at iter 23000 ---
2026-05-01 19:50:02,501 - mmdet - INFO - 
+------------+-------------+-------------+
| Class      | Val IoU     | Pseudo IoU  |
+------------+-------------+-------------+
| background | 92.18       | 92.68       |
| building   | 66.51       | 69.14       |
| Summary    | mIoU: 79.35 | mIoU: 80.91 |
+------------+-------------+-------------+
Images evaluated: 218
2026-05-01 19:50:03,869 - mmdet - INFO - Exp name: exp8_all.py
2026-05-01 19:50:03,870 - mmdet - INFO - Iter [23000/120000]	lr: 1.000e-04, eta: 1 day, 12:06:48, time: 1.103, data_time: 0.011, memory: 37111, val/mIoU: 0.7935, val/IoU.building: 0.6651, val/IoU.background: 0.9218, val/Pseudo_mIoU: 0.8091, loss_mask: 0.0800, loss_texture: 0.0324, iou: 0.8865, loss: 0.1124
2026-05-01 19:50:31,363 - mmdet - INFO - Iter [23025/120000]	lr: 1.000e-04, eta: 1 day, 12:14:07, time: 5.822, data_time: 4.735, memory: 37111, loss_mask: 0.0759, loss_texture: 0.0311, iou: 0.8908, loss: 0.1071
2026-05-01 19:50:58,936 - mmdet - INFO - Iter [23050/120000]	lr: 1.000e-04, eta: 1 day, 12:13:08, time: 1.103, data_time: 0.012, memory: 37111, loss_mask: 0.0698, loss_texture: 0.0303, iou: 0.8902, loss: 0.1001
2026-05-01 19:51:26,580 - mmdet - INFO - Iter [23075/120000]	lr: 1.000e-04, eta: 1 day, 12:12:09, time: 1.106, data_time: 0.012, memory: 37111, loss_mask: 0.0716, loss_texture: 0.0318, iou: 0.8819, loss: 0.1034
2026-05-01 19:51:54,207 - mmdet - INFO - Iter [23100/120000]	lr: 1.000e-04, eta: 1 day, 12:11:10, time: 1.105, data_time: 0.012, memory: 37111, loss_mask: 0.0767, loss_texture: 0.0320, iou: 0.8875, loss: 0.1087
2026-05-01 19:52:22,028 - mmdet - INFO - Iter [23125/120000]	lr: 1.000e-04, eta: 1 day, 12:10:12, time: 1.113, data_time: 0.012, memory: 37111, loss_mask: 0.0754, loss_texture: 0.0322, iou: 0.8887, loss: 0.1076
2026-05-01 19:52:49,607 - mmdet - INFO - Iter [23150/120000]	lr: 1.000e-04, eta: 1 day, 12:09:13, time: 1.103, data_time: 0.011, memory: 37111, loss_mask: 0.0773, loss_texture: 0.0306, iou: 0.8767, loss: 0.1080
2026-05-01 19:53:17,291 - mmdet - INFO - Iter [23175/120000]	lr: 1.000e-04, eta: 1 day, 12:08:15, time: 1.107, data_time: 0.012, memory: 37111, loss_mask: 0.0703, loss_texture: 0.0291, iou: 0.8841, loss: 0.0994
2026-05-01 19:53:44,918 - mmdet - INFO - Iter [23200/120000]	lr: 1.000e-04, eta: 1 day, 12:07:17, time: 1.105, data_time: 0.011, memory: 37111, loss_mask: 0.0698, loss_texture: 0.0314, iou: 0.9077, loss: 0.1012
2026-05-01 19:54:12,517 - mmdet - INFO - Iter [23225/120000]	lr: 1.000e-04, eta: 1 day, 12:06:18, time: 1.104, data_time: 0.012, memory: 37111, loss_mask: 0.0660, loss_texture: 0.0279, iou: 0.8876, loss: 0.0938
2026-05-01 19:54:40,133 - mmdet - INFO - Iter [23250/120000]	lr: 1.000e-04, eta: 1 day, 12:05:20, time: 1.105, data_time: 0.011, memory: 37111, loss_mask: 0.0606, loss_texture: 0.0266, iou: 0.8844, loss: 0.0872
2026-05-01 19:55:07,806 - mmdet - INFO - Iter [23275/120000]	lr: 1.000e-04, eta: 1 day, 12:04:22, time: 1.107, data_time: 0.012, memory: 37111, loss_mask: 0.0701, loss_texture: 0.0302, iou: 0.8916, loss: 0.1003
2026-05-01 19:55:35,387 - mmdet - INFO - Iter [23300/120000]	lr: 1.000e-04, eta: 1 day, 12:03:23, time: 1.103, data_time: 0.012, memory: 37111, loss_mask: 0.0734, loss_texture: 0.0306, iou: 0.8888, loss: 0.1040
2026-05-01 19:56:03,168 - mmdet - INFO - Iter [23325/120000]	lr: 1.000e-04, eta: 1 day, 12:02:26, time: 1.111, data_time: 0.012, memory: 37111, loss_mask: 0.0696, loss_texture: 0.0304, iou: 0.8917, loss: 0.1000
2026-05-01 19:56:30,798 - mmdet - INFO - Iter [23350/120000]	lr: 1.000e-04, eta: 1 day, 12:01:28, time: 1.105, data_time: 0.012, memory: 37111, loss_mask: 0.0727, loss_texture: 0.0307, iou: 0.8910, loss: 0.1034
2026-05-01 19:56:58,503 - mmdet - INFO - Iter [23375/120000]	lr: 1.000e-04, eta: 1 day, 12:00:30, time: 1.108, data_time: 0.012, memory: 37111, loss_mask: 0.0665, loss_texture: 0.0294, iou: 0.8930, loss: 0.0960
2026-05-01 19:57:26,226 - mmdet - INFO - Iter [23400/120000]	lr: 1.000e-04, eta: 1 day, 11:59:32, time: 1.109, data_time: 0.011, memory: 37111, loss_mask: 0.0711, loss_texture: 0.0317, iou: 0.8890, loss: 0.1027
2026-05-01 19:57:53,815 - mmdet - INFO - Iter [23425/120000]	lr: 1.000e-04, eta: 1 day, 11:58:34, time: 1.104, data_time: 0.012, memory: 37111, loss_mask: 0.0622, loss_texture: 0.0291, iou: 0.8932, loss: 0.0913
2026-05-01 19:58:21,406 - mmdet - INFO - Iter [23450/120000]	lr: 1.000e-04, eta: 1 day, 11:57:36, time: 1.104, data_time: 0.011, memory: 37111, loss_mask: 0.0670, loss_texture: 0.0290, iou: 0.8835, loss: 0.0960
2026-05-01 19:58:49,204 - mmdet - INFO - Iter [23475/120000]	lr: 1.000e-04, eta: 1 day, 11:56:39, time: 1.112, data_time: 0.012, memory: 37111, loss_mask: 0.0730, loss_texture: 0.0317, iou: 0.8994, loss: 0.1047
2026-05-01 19:59:16,877 - mmdet - INFO - 
--- Val evaluation at iter 23500 ---
2026-05-01 20:01:13,492 - mmdet - INFO - 
+------------+-------------+-------------+
| Class      | Val IoU     | Pseudo IoU  |
+------------+-------------+-------------+
| background | 92.29       | 92.68       |
| building   | 67.03       | 69.14       |
| Summary    | mIoU: 79.66 | mIoU: 80.91 |
+------------+-------------+-------------+
Images evaluated: 218
2026-05-01 20:01:14,870 - mmdet - INFO - Iter [23500/120000]	lr: 1.000e-04, eta: 1 day, 11:55:42, time: 1.107, data_time: 0.011, memory: 37111, val/mIoU: 0.7966, val/IoU.building: 0.6703, val/IoU.background: 0.9229, val/Pseudo_mIoU: 0.8091, loss_mask: 0.0726, loss_texture: 0.0311, iou: 0.8916, loss: 0.1036
2026-05-01 20:01:42,565 - mmdet - INFO - Iter [23525/120000]	lr: 1.000e-04, eta: 1 day, 12:02:48, time: 5.827, data_time: 4.732, memory: 37111, loss_mask: 0.0659, loss_texture: 0.0291, iou: 0.8952, loss: 0.0951
2026-05-01 20:02:10,264 - mmdet - INFO - Iter [23550/120000]	lr: 1.000e-04, eta: 1 day, 12:01:50, time: 1.108, data_time: 0.012, memory: 37111, loss_mask: 0.0650, loss_texture: 0.0289, iou: 0.8886, loss: 0.0939
2026-05-01 20:02:38,181 - mmdet - INFO - Iter [23575/120000]	lr: 1.000e-04, eta: 1 day, 12:00:54, time: 1.117, data_time: 0.012, memory: 37111, loss_mask: 0.0697, loss_texture: 0.0297, iou: 0.8972, loss: 0.0994
2026-05-01 20:03:05,902 - mmdet - INFO - Iter [23600/120000]	lr: 1.000e-04, eta: 1 day, 11:59:56, time: 1.109, data_time: 0.012, memory: 37111, loss_mask: 0.0796, loss_texture: 0.0346, iou: 0.8867, loss: 0.1143
2026-05-01 20:03:33,752 - mmdet - INFO - Iter [23625/120000]	lr: 1.000e-04, eta: 1 day, 11:58:59, time: 1.114, data_time: 0.012, memory: 37111, loss_mask: 0.0732, loss_texture: 0.0327, iou: 0.8955, loss: 0.1059
2026-05-01 20:04:01,563 - mmdet - INFO - Iter [23650/120000]	lr: 1.000e-04, eta: 1 day, 11:58:02, time: 1.112, data_time: 0.011, memory: 37111, loss_mask: 0.0676, loss_texture: 0.0285, iou: 0.8956, loss: 0.0961
2026-05-01 20:04:29,285 - mmdet - INFO - Iter [23675/120000]	lr: 1.000e-04, eta: 1 day, 11:57:04, time: 1.109, data_time: 0.012, memory: 37111, loss_mask: 0.0698, loss_texture: 0.0309, iou: 0.8962, loss: 0.1006
2026-05-01 20:04:56,892 - mmdet - INFO - Iter [23700/120000]	lr: 1.000e-04, eta: 1 day, 11:56:06, time: 1.104, data_time: 0.012, memory: 37111, loss_mask: 0.0641, loss_texture: 0.0275, iou: 0.8797, loss: 0.0915
2026-05-01 20:05:24,673 - mmdet - INFO - Iter [23725/120000]	lr: 1.000e-04, eta: 1 day, 11:55:09, time: 1.111, data_time: 0.012, memory: 37111, loss_mask: 0.0756, loss_texture: 0.0312, iou: 0.8911, loss: 0.1069
2026-05-01 20:05:52,498 - mmdet - INFO - Iter [23750/120000]	lr: 1.000e-04, eta: 1 day, 11:54:12, time: 1.113, data_time: 0.012, memory: 37111, loss_mask: 0.0701, loss_texture: 0.0309, iou: 0.8858, loss: 0.1010
2026-05-01 20:06:20,332 - mmdet - INFO - Iter [23775/120000]	lr: 1.000e-04, eta: 1 day, 11:53:15, time: 1.113, data_time: 0.012, memory: 37111, loss_mask: 0.0699, loss_texture: 0.0295, iou: 0.8942, loss: 0.0994
2026-05-01 20:06:48,141 - mmdet - INFO - Iter [23800/120000]	lr: 1.000e-04, eta: 1 day, 11:52:18, time: 1.112, data_time: 0.012, memory: 37111, loss_mask: 0.0662, loss_texture: 0.0283, iou: 0.8986, loss: 0.0945
2026-05-01 20:07:15,771 - mmdet - INFO - Iter [23825/120000]	lr: 1.000e-04, eta: 1 day, 11:51:21, time: 1.105, data_time: 0.012, memory: 37111, loss_mask: 0.0780, loss_texture: 0.0330, iou: 0.8750, loss: 0.1110
2026-05-01 20:07:43,388 - mmdet - INFO - Iter [23850/120000]	lr: 1.000e-04, eta: 1 day, 11:50:23, time: 1.105, data_time: 0.012, memory: 37111, loss_mask: 0.0642, loss_texture: 0.0290, iou: 0.9031, loss: 0.0932
2026-05-01 20:08:11,054 - mmdet - INFO - Iter [23875/120000]	lr: 1.000e-04, eta: 1 day, 11:49:26, time: 1.107, data_time: 0.012, memory: 37111, loss_mask: 0.0673, loss_texture: 0.0293, iou: 0.8866, loss: 0.0966
2026-05-01 20:08:38,687 - mmdet - INFO - Iter [23900/120000]	lr: 1.000e-04, eta: 1 day, 11:48:29, time: 1.105, data_time: 0.011, memory: 37111, loss_mask: 0.0635, loss_texture: 0.0271, iou: 0.8890, loss: 0.0906
2026-05-01 20:09:06,574 - mmdet - INFO - Iter [23925/120000]	lr: 1.000e-04, eta: 1 day, 11:47:33, time: 1.115, data_time: 0.012, memory: 37111, loss_mask: 0.0643, loss_texture: 0.0271, iou: 0.9099, loss: 0.0914
2026-05-01 20:09:34,284 - mmdet - INFO - Iter [23950/120000]	lr: 1.000e-04, eta: 1 day, 11:46:36, time: 1.108, data_time: 0.011, memory: 37111, loss_mask: 0.0668, loss_texture: 0.0280, iou: 0.8766, loss: 0.0949
2026-05-01 20:10:01,998 - mmdet - INFO - Iter [23975/120000]	lr: 1.000e-04, eta: 1 day, 11:45:39, time: 1.109, data_time: 0.012, memory: 37111, loss_mask: 0.0701, loss_texture: 0.0303, iou: 0.8776, loss: 0.1004
2026-05-01 20:10:29,643 - mmdet - INFO - 
--- Val evaluation at iter 24000 ---
2026-05-01 20:12:26,306 - mmdet - INFO - 
+------------+-------------+-------------+
| Class      | Val IoU     | Pseudo IoU  |
+------------+-------------+-------------+
| background | 92.31       | 92.68       |
| building   | 67.20       | 69.14       |
| Summary    | mIoU: 79.75 | mIoU: 80.91 |
+------------+-------------+-------------+
Images evaluated: 218
2026-05-01 20:12:27,680 - mmdet - INFO - Exp name: exp8_all.py
2026-05-01 20:12:27,680 - mmdet - INFO - Iter [24000/120000]	lr: 1.000e-04, eta: 1 day, 11:44:42, time: 1.106, data_time: 0.011, memory: 37111, val/mIoU: 0.7975, val/IoU.building: 0.6720, val/IoU.background: 0.9231, val/Pseudo_mIoU: 0.8091, loss_mask: 0.0675, loss_texture: 0.0287, iou: 0.8942, loss: 0.0962
2026-05-01 20:12:55,286 - mmdet - INFO - Iter [24025/120000]	lr: 1.000e-04, eta: 1 day, 11:51:36, time: 5.826, data_time: 4.734, memory: 37111, loss_mask: 0.0614, loss_texture: 0.0264, iou: 0.8708, loss: 0.0878
2026-05-01 20:13:22,894 - mmdet - INFO - Iter [24050/120000]	lr: 1.000e-04, eta: 1 day, 11:50:39, time: 1.104, data_time: 0.012, memory: 37111, loss_mask: 0.0667, loss_texture: 0.0280, iou: 0.8913, loss: 0.0947
2026-05-01 20:13:50,614 - mmdet - INFO - Iter [24075/120000]	lr: 1.000e-04, eta: 1 day, 11:49:42, time: 1.109, data_time: 0.012, memory: 37111, loss_mask: 0.0684, loss_texture: 0.0297, iou: 0.8880, loss: 0.0981
2026-05-01 20:14:18,272 - mmdet - INFO - Iter [24100/120000]	lr: 1.000e-04, eta: 1 day, 11:48:44, time: 1.106, data_time: 0.012, memory: 37111, loss_mask: 0.0680, loss_texture: 0.0307, iou: 0.9015, loss: 0.0987
2026-05-01 20:14:45,949 - mmdet - INFO - Iter [24125/120000]	lr: 1.000e-04, eta: 1 day, 11:47:47, time: 1.107, data_time: 0.012, memory: 37111, loss_mask: 0.0639, loss_texture: 0.0284, iou: 0.9048, loss: 0.0923
2026-05-01 20:15:13,848 - mmdet - INFO - Iter [24150/120000]	lr: 1.000e-04, eta: 1 day, 11:46:51, time: 1.116, data_time: 0.011, memory: 37111, loss_mask: 0.0748, loss_texture: 0.0326, iou: 0.8848, loss: 0.1074
2026-05-01 20:15:41,475 - mmdet - INFO - Iter [24175/120000]	lr: 1.000e-04, eta: 1 day, 11:45:54, time: 1.105, data_time: 0.012, memory: 37111, loss_mask: 0.0746, loss_texture: 0.0323, iou: 0.8969, loss: 0.1069
2026-05-01 20:16:09,138 - mmdet - INFO - Iter [24200/120000]	lr: 1.000e-04, eta: 1 day, 11:44:57, time: 1.107, data_time: 0.012, memory: 37111, loss_mask: 0.0761, loss_texture: 0.0322, iou: 0.8766, loss: 0.1082
2026-05-01 20:16:36,877 - mmdet - INFO - Iter [24225/120000]	lr: 1.000e-04, eta: 1 day, 11:44:00, time: 1.110, data_time: 0.012, memory: 37111, loss_mask: 0.0690, loss_texture: 0.0308, iou: 0.8909, loss: 0.0998
2026-05-01 20:17:04,588 - mmdet - INFO - Iter [24250/120000]	lr: 1.000e-04, eta: 1 day, 11:43:03, time: 1.108, data_time: 0.012, memory: 37111, loss_mask: 0.0676, loss_texture: 0.0292, iou: 0.9036, loss: 0.0967
2026-05-01 20:17:32,378 - mmdet - INFO - Iter [24275/120000]	lr: 1.000e-04, eta: 1 day, 11:42:07, time: 1.112, data_time: 0.012, memory: 37111, loss_mask: 0.0768, loss_texture: 0.0338, iou: 0.8935, loss: 0.1106
2026-05-01 20:18:00,061 - mmdet - INFO - Iter [24300/120000]	lr: 1.000e-04, eta: 1 day, 11:41:10, time: 1.107, data_time: 0.012, memory: 37111, loss_mask: 0.0646, loss_texture: 0.0283, iou: 0.9035, loss: 0.0929
2026-05-01 20:18:27,716 - mmdet - INFO - Iter [24325/120000]	lr: 1.000e-04, eta: 1 day, 11:40:13, time: 1.106, data_time: 0.012, memory: 37111, loss_mask: 0.0658, loss_texture: 0.0287, iou: 0.8850, loss: 0.0945
2026-05-01 20:18:55,249 - mmdet - INFO - Iter [24350/120000]	lr: 1.000e-04, eta: 1 day, 11:39:16, time: 1.101, data_time: 0.011, memory: 37111, loss_mask: 0.0735, loss_texture: 0.0301, iou: 0.8926, loss: 0.1036
2026-05-01 20:19:22,877 - mmdet - INFO - Iter [24375/120000]	lr: 1.000e-04, eta: 1 day, 11:38:19, time: 1.105, data_time: 0.012, memory: 37111, loss_mask: 0.0591, loss_texture: 0.0263, iou: 0.8744, loss: 0.0854
2026-05-01 20:19:50,454 - mmdet - INFO - Iter [24400/120000]	lr: 1.000e-04, eta: 1 day, 11:37:22, time: 1.103, data_time: 0.012, memory: 37111, loss_mask: 0.0724, loss_texture: 0.0305, iou: 0.8731, loss: 0.1030
2026-05-01 20:20:18,103 - mmdet - INFO - Iter [24425/120000]	lr: 1.000e-04, eta: 1 day, 11:36:26, time: 1.106, data_time: 0.012, memory: 37111, loss_mask: 0.0656, loss_texture: 0.0287, iou: 0.9013, loss: 0.0943
2026-05-01 20:20:45,740 - mmdet - INFO - Iter [24450/120000]	lr: 1.000e-04, eta: 1 day, 11:35:29, time: 1.105, data_time: 0.011, memory: 37111, loss_mask: 0.0776, loss_texture: 0.0333, iou: 0.8854, loss: 0.1109
2026-05-01 20:21:13,292 - mmdet - INFO - Iter [24475/120000]	lr: 1.000e-04, eta: 1 day, 11:34:32, time: 1.102, data_time: 0.012, memory: 37111, loss_mask: 0.0688, loss_texture: 0.0287, iou: 0.8884, loss: 0.0975
2026-05-01 20:21:40,803 - mmdet - INFO - 
--- Val evaluation at iter 24500 ---
2026-05-01 20:23:37,156 - mmdet - INFO - 
+------------+-------------+-------------+
| Class      | Val IoU     | Pseudo IoU  |
+------------+-------------+-------------+
| background | 92.26       | 92.68       |
| building   | 67.14       | 69.14       |
| Summary    | mIoU: 79.70 | mIoU: 80.91 |
+------------+-------------+-------------+
Images evaluated: 218
2026-05-01 20:23:38,492 - mmdet - INFO - Iter [24500/120000]	lr: 1.000e-04, eta: 1 day, 11:33:35, time: 1.100, data_time: 0.012, memory: 37111, val/mIoU: 0.7970, val/IoU.building: 0.6714, val/IoU.background: 0.9226, val/Pseudo_mIoU: 0.8091, loss_mask: 0.0698, loss_texture: 0.0294, iou: 0.8868, loss: 0.0992
2026-05-01 20:24:06,163 - mmdet - INFO - Iter [24525/120000]	lr: 1.000e-04, eta: 1 day, 11:40:17, time: 5.814, data_time: 4.719, memory: 37111, loss_mask: 0.0603, loss_texture: 0.0263, iou: 0.8877, loss: 0.0865
2026-05-01 20:24:33,870 - mmdet - INFO - Iter [24550/120000]	lr: 1.000e-04, eta: 1 day, 11:39:21, time: 1.108, data_time: 0.012, memory: 37111, loss_mask: 0.0761, loss_texture: 0.0317, iou: 0.8868, loss: 0.1079
2026-05-01 20:25:01,591 - mmdet - INFO - Iter [24575/120000]	lr: 1.000e-04, eta: 1 day, 11:38:24, time: 1.109, data_time: 0.012, memory: 37111, loss_mask: 0.0728, loss_texture: 0.0314, iou: 0.9060, loss: 0.1042
2026-05-01 20:25:29,309 - mmdet - INFO - Iter [24600/120000]	lr: 1.000e-04, eta: 1 day, 11:37:28, time: 1.109, data_time: 0.011, memory: 37111, loss_mask: 0.0675, loss_texture: 0.0303, iou: 0.8970, loss: 0.0978
2026-05-01 20:25:57,055 - mmdet - INFO - Iter [24625/120000]	lr: 1.000e-04, eta: 1 day, 11:36:31, time: 1.110, data_time: 0.012, memory: 37111, loss_mask: 0.0742, loss_texture: 0.0324, iou: 0.8891, loss: 0.1065
2026-05-01 20:26:24,720 - mmdet - INFO - Iter [24650/120000]	lr: 1.000e-04, eta: 1 day, 11:35:35, time: 1.107, data_time: 0.012, memory: 37111, loss_mask: 0.0639, loss_texture: 0.0275, iou: 0.8984, loss: 0.0913
2026-05-01 20:26:52,408 - mmdet - INFO - Iter [24675/120000]	lr: 1.000e-04, eta: 1 day, 11:34:38, time: 1.108, data_time: 0.012, memory: 37111, loss_mask: 0.0621, loss_texture: 0.0277, iou: 0.8988, loss: 0.0898
2026-05-01 20:27:20,149 - mmdet - INFO - Iter [24700/120000]	lr: 1.000e-04, eta: 1 day, 11:33:42, time: 1.110, data_time: 0.011, memory: 37111, loss_mask: 0.0647, loss_texture: 0.0294, iou: 0.9038, loss: 0.0941
2026-05-01 20:27:47,777 - mmdet - INFO - Iter [24725/120000]	lr: 1.000e-04, eta: 1 day, 11:32:46, time: 1.105, data_time: 0.012, memory: 37111, loss_mask: 0.0611, loss_texture: 0.0276, iou: 0.8924, loss: 0.0887
2026-05-01 20:28:15,540 - mmdet - INFO - Iter [24750/120000]	lr: 1.000e-04, eta: 1 day, 11:31:50, time: 1.111, data_time: 0.012, memory: 37111, loss_mask: 0.0731, loss_texture: 0.0316, iou: 0.8908, loss: 0.1047
2026-05-01 20:28:43,224 - mmdet - INFO - Iter [24775/120000]	lr: 1.000e-04, eta: 1 day, 11:30:54, time: 1.107, data_time: 0.012, memory: 37111, loss_mask: 0.0648, loss_texture: 0.0290, iou: 0.8960, loss: 0.0938
2026-05-01 20:29:10,882 - mmdet - INFO - Iter [24800/120000]	lr: 1.000e-04, eta: 1 day, 11:29:57, time: 1.106, data_time: 0.012, memory: 37111, loss_mask: 0.0722, loss_texture: 0.0301, iou: 0.8856, loss: 0.1023
2026-05-01 20:29:38,496 - mmdet - INFO - Iter [24825/120000]	lr: 1.000e-04, eta: 1 day, 11:29:01, time: 1.105, data_time: 0.012, memory: 37111, loss_mask: 0.0700, loss_texture: 0.0293, iou: 0.8913, loss: 0.0992
2026-05-01 20:30:06,086 - mmdet - INFO - Iter [24850/120000]	lr: 1.000e-04, eta: 1 day, 11:28:05, time: 1.104, data_time: 0.011, memory: 37111, loss_mask: 0.0620, loss_texture: 0.0276, iou: 0.8956, loss: 0.0896
2026-05-01 20:30:33,805 - mmdet - INFO - Iter [24875/120000]	lr: 1.000e-04, eta: 1 day, 11:27:09, time: 1.109, data_time: 0.012, memory: 37111, loss_mask: 0.0740, loss_texture: 0.0306, iou: 0.8810, loss: 0.1046
2026-05-01 20:31:01,547 - mmdet - INFO - Iter [24900/120000]	lr: 1.000e-04, eta: 1 day, 11:26:13, time: 1.110, data_time: 0.011, memory: 37111, loss_mask: 0.0692, loss_texture: 0.0310, iou: 0.8947, loss: 0.1002
2026-05-01 20:31:29,411 - mmdet - INFO - Iter [24925/120000]	lr: 1.000e-04, eta: 1 day, 11:25:18, time: 1.115, data_time: 0.012, memory: 37111, loss_mask: 0.0812, loss_texture: 0.0308, iou: 0.9013, loss: 0.1120
2026-05-01 20:31:57,090 - mmdet - INFO - Iter [24950/120000]	lr: 1.000e-04, eta: 1 day, 11:24:22, time: 1.107, data_time: 0.011, memory: 37111, loss_mask: 0.0814, loss_texture: 0.0327, iou: 0.8750, loss: 0.1141
2026-05-01 20:32:24,763 - mmdet - INFO - Iter [24975/120000]	lr: 1.000e-04, eta: 1 day, 11:23:26, time: 1.107, data_time: 0.012, memory: 37111, loss_mask: 0.0720, loss_texture: 0.0303, iou: 0.8836, loss: 0.1022
2026-05-01 20:32:52,436 - mmdet - INFO - 
--- Val evaluation at iter 25000 ---
2026-05-01 20:34:49,257 - mmdet - INFO - 
+------------+-------------+-------------+
| Class      | Val IoU     | Pseudo IoU  |
+------------+-------------+-------------+
| background | 92.06       | 92.68       |
| building   | 67.33       | 69.14       |
| Summary    | mIoU: 79.69 | mIoU: 80.91 |
+------------+-------------+-------------+
Images evaluated: 218
2026-05-01 20:34:50,614 - mmdet - INFO - Exp name: exp8_all.py
2026-05-01 20:34:50,615 - mmdet - INFO - Iter [25000/120000]	lr: 1.000e-04, eta: 1 day, 11:22:31, time: 1.107, data_time: 0.012, memory: 37111, val/mIoU: 0.7969, val/IoU.building: 0.6733, val/IoU.background: 0.9206, val/Pseudo_mIoU: 0.8091, loss_mask: 0.0712, loss_texture: 0.0311, iou: 0.9019, loss: 0.1023
2026-05-01 20:35:18,228 - mmdet - INFO - Iter [25025/120000]	lr: 1.000e-04, eta: 1 day, 11:29:03, time: 5.832, data_time: 4.740, memory: 37111, loss_mask: 0.0649, loss_texture: 0.0279, iou: 0.8733, loss: 0.0928
2026-05-01 20:35:45,807 - mmdet - INFO - Iter [25050/120000]	lr: 1.000e-04, eta: 1 day, 11:28:07, time: 1.103, data_time: 0.012, memory: 37111, loss_mask: 0.0702, loss_texture: 0.0308, iou: 0.8884, loss: 0.1010
2026-05-01 20:36:13,632 - mmdet - INFO - Iter [25075/120000]	lr: 1.000e-04, eta: 1 day, 11:27:11, time: 1.113, data_time: 0.012, memory: 37111, loss_mask: 0.0735, loss_texture: 0.0328, iou: 0.8754, loss: 0.1062
2026-05-01 20:36:41,286 - mmdet - INFO - Iter [25100/120000]	lr: 1.000e-04, eta: 1 day, 11:26:15, time: 1.106, data_time: 0.011, memory: 37111, loss_mask: 0.0723, loss_texture: 0.0320, iou: 0.8946, loss: 0.1043
2026-05-01 20:37:08,805 - mmdet - INFO - Iter [25125/120000]	lr: 1.000e-04, eta: 1 day, 11:25:18, time: 1.101, data_time: 0.012, memory: 37111, loss_mask: 0.0707, loss_texture: 0.0295, iou: 0.8904, loss: 0.1002
2026-05-01 20:37:36,364 - mmdet - INFO - Iter [25150/120000]	lr: 1.000e-04, eta: 1 day, 11:24:22, time: 1.102, data_time: 0.012, memory: 37111, loss_mask: 0.0667, loss_texture: 0.0303, iou: 0.9037, loss: 0.0970
2026-05-01 20:38:04,123 - mmdet - INFO - Iter [25175/120000]	lr: 1.000e-04, eta: 1 day, 11:23:26, time: 1.110, data_time: 0.012, memory: 37111, loss_mask: 0.0658, loss_texture: 0.0276, iou: 0.8995, loss: 0.0933
2026-05-01 20:38:31,740 - mmdet - INFO - Iter [25200/120000]	lr: 1.000e-04, eta: 1 day, 11:22:30, time: 1.105, data_time: 0.011, memory: 37111, loss_mask: 0.0698, loss_texture: 0.0297, iou: 0.9014, loss: 0.0996
2026-05-01 20:38:59,410 - mmdet - INFO - Iter [25225/120000]	lr: 1.000e-04, eta: 1 day, 11:21:34, time: 1.107, data_time: 0.012, memory: 37111, loss_mask: 0.0638, loss_texture: 0.0272, iou: 0.8847, loss: 0.0910
2026-05-01 20:39:26,964 - mmdet - INFO - Iter [25250/120000]	lr: 1.000e-04, eta: 1 day, 11:20:38, time: 1.102, data_time: 0.011, memory: 37111, loss_mask: 0.0758, loss_texture: 0.0331, iou: 0.8603, loss: 0.1090
2026-05-01 20:39:54,515 - mmdet - INFO - Iter [25275/120000]	lr: 1.000e-04, eta: 1 day, 11:19:42, time: 1.102, data_time: 0.012, memory: 37111, loss_mask: 0.0634, loss_texture: 0.0288, iou: 0.8953, loss: 0.0922
2026-05-01 20:40:22,079 - mmdet - INFO - Iter [25300/120000]	lr: 1.000e-04, eta: 1 day, 11:18:46, time: 1.103, data_time: 0.012, memory: 37111, loss_mask: 0.0601, loss_texture: 0.0266, iou: 0.8936, loss: 0.0868
2026-05-01 20:40:49,633 - mmdet - INFO - Iter [25325/120000]	lr: 1.000e-04, eta: 1 day, 11:17:50, time: 1.102, data_time: 0.012, memory: 37111, loss_mask: 0.0713, loss_texture: 0.0297, iou: 0.8917, loss: 0.1010
2026-05-01 20:41:17,026 - mmdet - INFO - Iter [25350/120000]	lr: 1.000e-04, eta: 1 day, 11:16:53, time: 1.096, data_time: 0.012, memory: 37111, loss_mask: 0.0580, loss_texture: 0.0246, iou: 0.9137, loss: 0.0826
2026-05-01 20:41:44,684 - mmdet - INFO - Iter [25375/120000]	lr: 1.000e-04, eta: 1 day, 11:15:58, time: 1.106, data_time: 0.012, memory: 37111, loss_mask: 0.0774, loss_texture: 0.0324, iou: 0.8855, loss: 0.1098
2026-05-01 20:42:12,265 - mmdet - INFO - Iter [25400/120000]	lr: 1.000e-04, eta: 1 day, 11:15:02, time: 1.103, data_time: 0.012, memory: 37111, loss_mask: 0.0742, loss_texture: 0.0309, iou: 0.8869, loss: 0.1051
2026-05-01 20:42:39,868 - mmdet - INFO - Iter [25425/120000]	lr: 1.000e-04, eta: 1 day, 11:14:07, time: 1.104, data_time: 0.012, memory: 37111, loss_mask: 0.0783, loss_texture: 0.0315, iou: 0.8864, loss: 0.1099
2026-05-01 20:43:07,672 - mmdet - INFO - Iter [25450/120000]	lr: 1.000e-04, eta: 1 day, 11:13:12, time: 1.112, data_time: 0.011, memory: 37111, loss_mask: 0.0784, loss_texture: 0.0326, iou: 0.8938, loss: 0.1109
2026-05-01 20:43:35,376 - mmdet - INFO - Iter [25475/120000]	lr: 1.000e-04, eta: 1 day, 11:12:17, time: 1.108, data_time: 0.012, memory: 37111, loss_mask: 0.0832, loss_texture: 0.0327, iou: 0.8815, loss: 0.1159
2026-05-01 20:44:02,974 - mmdet - INFO - 
--- Val evaluation at iter 25500 ---
2026-05-01 20:45:59,882 - mmdet - INFO - 
+------------+-------------+-------------+
| Class      | Val IoU     | Pseudo IoU  |
+------------+-------------+-------------+
| background | 92.33       | 92.68       |
| building   | 67.35       | 69.14       |
| Summary    | mIoU: 79.84 | mIoU: 80.91 |
+------------+-------------+-------------+
Images evaluated: 218
2026-05-01 20:46:01,219 - mmdet - INFO - Iter [25500/120000]	lr: 1.000e-04, eta: 1 day, 11:11:21, time: 1.104, data_time: 0.012, memory: 37111, val/mIoU: 0.7984, val/IoU.building: 0.6735, val/IoU.background: 0.9233, val/Pseudo_mIoU: 0.8091, loss_mask: 0.0632, loss_texture: 0.0275, iou: 0.8929, loss: 0.0907
2026-05-01 20:46:28,942 - mmdet - INFO - Iter [25525/120000]	lr: 1.000e-04, eta: 1 day, 11:17:44, time: 5.839, data_time: 4.743, memory: 37111, loss_mask: 0.0746, loss_texture: 0.0319, iou: 0.8899, loss: 0.1065
2026-05-01 20:46:56,568 - mmdet - INFO - Iter [25550/120000]	lr: 1.000e-04, eta: 1 day, 11:16:48, time: 1.105, data_time: 0.012, memory: 37111, loss_mask: 0.0651, loss_texture: 0.0282, iou: 0.8985, loss: 0.0933
2026-05-01 20:47:24,301 - mmdet - INFO - Iter [25575/120000]	lr: 1.000e-04, eta: 1 day, 11:15:53, time: 1.109, data_time: 0.012, memory: 37111, loss_mask: 0.0650, loss_texture: 0.0288, iou: 0.8948, loss: 0.0937
2026-05-01 20:47:51,989 - mmdet - INFO - Iter [25600/120000]	lr: 1.000e-04, eta: 1 day, 11:14:57, time: 1.108, data_time: 0.011, memory: 37111, loss_mask: 0.0618, loss_texture: 0.0279, iou: 0.8955, loss: 0.0897
2026-05-01 20:48:19,566 - mmdet - INFO - Iter [25625/120000]	lr: 1.000e-04, eta: 1 day, 11:14:02, time: 1.103, data_time: 0.012, memory: 37111, loss_mask: 0.0695, loss_texture: 0.0312, iou: 0.8771, loss: 0.1007
2026-05-01 20:48:47,138 - mmdet - INFO - Iter [25650/120000]	lr: 1.000e-04, eta: 1 day, 11:13:06, time: 1.103, data_time: 0.012, memory: 37111, loss_mask: 0.0678, loss_texture: 0.0304, iou: 0.8852, loss: 0.0982
2026-05-01 20:49:15,053 - mmdet - INFO - Iter [25675/120000]	lr: 1.000e-04, eta: 1 day, 11:12:11, time: 1.117, data_time: 0.012, memory: 37111, loss_mask: 0.0679, loss_texture: 0.0302, iou: 0.8879, loss: 0.0981
2026-05-01 20:49:42,611 - mmdet - INFO - Iter [25700/120000]	lr: 1.000e-04, eta: 1 day, 11:11:16, time: 1.102, data_time: 0.012, memory: 37111, loss_mask: 0.0695, loss_texture: 0.0306, iou: 0.9017, loss: 0.1000
2026-05-01 20:50:10,359 - mmdet - INFO - Iter [25725/120000]	lr: 1.000e-04, eta: 1 day, 11:10:21, time: 1.110, data_time: 0.012, memory: 37111, loss_mask: 0.0713, loss_texture: 0.0306, iou: 0.8911, loss: 0.1019
2026-05-01 20:50:38,052 - mmdet - INFO - Iter [25750/120000]	lr: 1.000e-04, eta: 1 day, 11:09:25, time: 1.108, data_time: 0.012, memory: 37111, loss_mask: 0.0655, loss_texture: 0.0295, iou: 0.9011, loss: 0.0950
2026-05-01 20:51:05,781 - mmdet - INFO - Iter [25775/120000]	lr: 1.000e-04, eta: 1 day, 11:08:31, time: 1.109, data_time: 0.012, memory: 37111, loss_mask: 0.0551, loss_texture: 0.0252, iou: 0.9100, loss: 0.0803
2026-05-01 20:51:33,290 - mmdet - INFO - Iter [25800/120000]	lr: 1.000e-04, eta: 1 day, 11:07:35, time: 1.100, data_time: 0.011, memory: 37111, loss_mask: 0.0640, loss_texture: 0.0279, iou: 0.8839, loss: 0.0919
2026-05-01 20:52:00,890 - mmdet - INFO - Iter [25825/120000]	lr: 1.000e-04, eta: 1 day, 11:06:40, time: 1.104, data_time: 0.012, memory: 37111, loss_mask: 0.0636, loss_texture: 0.0283, iou: 0.9085, loss: 0.0918
2026-05-01 20:52:28,626 - mmdet - INFO - Iter [25850/120000]	lr: 1.000e-04, eta: 1 day, 11:05:45, time: 1.109, data_time: 0.012, memory: 37111, loss_mask: 0.0866, loss_texture: 0.0358, iou: 0.8805, loss: 0.1224
2026-05-01 20:52:56,296 - mmdet - INFO - Iter [25875/120000]	lr: 1.000e-04, eta: 1 day, 11:04:50, time: 1.107, data_time: 0.012, memory: 37111, loss_mask: 0.0643, loss_texture: 0.0277, iou: 0.8831, loss: 0.0920
2026-05-01 20:53:24,020 - mmdet - INFO - Iter [25900/120000]	lr: 1.000e-04, eta: 1 day, 11:03:55, time: 1.109, data_time: 0.011, memory: 37111, loss_mask: 0.0708, loss_texture: 0.0280, iou: 0.8895, loss: 0.0988
2026-05-01 20:53:51,610 - mmdet - INFO - Iter [25925/120000]	lr: 1.000e-04, eta: 1 day, 11:03:00, time: 1.104, data_time: 0.012, memory: 37111, loss_mask: 0.0818, loss_texture: 0.0325, iou: 0.8760, loss: 0.1142
2026-05-01 20:54:19,271 - mmdet - INFO - Iter [25950/120000]	lr: 1.000e-04, eta: 1 day, 11:02:05, time: 1.106, data_time: 0.012, memory: 37111, loss_mask: 0.0821, loss_texture: 0.0335, iou: 0.8888, loss: 0.1157
2026-05-01 20:54:46,894 - mmdet - INFO - Iter [25975/120000]	lr: 1.000e-04, eta: 1 day, 11:01:10, time: 1.105, data_time: 0.012, memory: 37111, loss_mask: 0.0706, loss_texture: 0.0298, iou: 0.8783, loss: 0.1003
2026-05-01 20:55:14,568 - mmdet - INFO - 
--- Val evaluation at iter 26000 ---
2026-05-01 20:57:11,722 - mmdet - INFO - 
+------------+-------------+-------------+
| Class      | Val IoU     | Pseudo IoU  |
+------------+-------------+-------------+
| background | 92.19       | 92.68       |
| building   | 66.62       | 69.14       |
| Summary    | mIoU: 79.41 | mIoU: 80.91 |
+------------+-------------+-------------+
Images evaluated: 218
2026-05-01 20:57:13,088 - mmdet - INFO - Exp name: exp8_all.py
2026-05-01 20:57:13,088 - mmdet - INFO - Iter [26000/120000]	lr: 1.000e-04, eta: 1 day, 11:00:16, time: 1.107, data_time: 0.011, memory: 37111, val/mIoU: 0.7941, val/IoU.building: 0.6662, val/IoU.background: 0.9219, val/Pseudo_mIoU: 0.8091, loss_mask: 0.0704, loss_texture: 0.0298, iou: 0.9048, loss: 0.1002
2026-05-01 20:57:40,764 - mmdet - INFO - Iter [26025/120000]	lr: 1.000e-04, eta: 1 day, 11:06:29, time: 5.848, data_time: 4.753, memory: 37111, loss_mask: 0.0750, loss_texture: 0.0308, iou: 0.8833, loss: 0.1058
2026-05-01 20:58:08,452 - mmdet - INFO - Iter [26050/120000]	lr: 1.000e-04, eta: 1 day, 11:05:34, time: 1.108, data_time: 0.012, memory: 37111, loss_mask: 0.0762, loss_texture: 0.0300, iou: 0.8586, loss: 0.1062
2026-05-01 20:58:36,096 - mmdet - INFO - Iter [26075/120000]	lr: 1.000e-04, eta: 1 day, 11:04:39, time: 1.106, data_time: 0.012, memory: 37111, loss_mask: 0.0723, loss_texture: 0.0279, iou: 0.8815, loss: 0.1002
2026-05-01 20:59:03,875 - mmdet - INFO - Iter [26100/120000]	lr: 1.000e-04, eta: 1 day, 11:03:44, time: 1.111, data_time: 0.012, memory: 37111, loss_mask: 0.0781, loss_texture: 0.0310, iou: 0.8901, loss: 0.1091
2026-05-01 20:59:31,625 - mmdet - INFO - Iter [26125/120000]	lr: 1.000e-04, eta: 1 day, 11:02:50, time: 1.110, data_time: 0.012, memory: 37111, loss_mask: 0.0717, loss_texture: 0.0290, iou: 0.8919, loss: 0.1008
2026-05-01 20:59:59,350 - mmdet - INFO - Iter [26150/120000]	lr: 1.000e-04, eta: 1 day, 11:01:55, time: 1.109, data_time: 0.011, memory: 37111, loss_mask: 0.0707, loss_texture: 0.0288, iou: 0.8971, loss: 0.0995
2026-05-01 21:00:27,017 - mmdet - INFO - Iter [26175/120000]	lr: 1.000e-04, eta: 1 day, 11:01:00, time: 1.107, data_time: 0.012, memory: 37111, loss_mask: 0.0818, loss_texture: 0.0308, iou: 0.8762, loss: 0.1126
2026-05-01 21:00:54,748 - mmdet - INFO - Iter [26200/120000]	lr: 1.000e-04, eta: 1 day, 11:00:06, time: 1.109, data_time: 0.011, memory: 37111, loss_mask: 0.0714, loss_texture: 0.0299, iou: 0.8815, loss: 0.1013
2026-05-01 21:01:22,609 - mmdet - INFO - Iter [26225/120000]	lr: 1.000e-04, eta: 1 day, 10:59:12, time: 1.114, data_time: 0.012, memory: 37111, loss_mask: 0.0703, loss_texture: 0.0310, iou: 0.8907, loss: 0.1013
2026-05-01 21:01:50,364 - mmdet - INFO - Iter [26250/120000]	lr: 1.000e-04, eta: 1 day, 10:58:17, time: 1.110, data_time: 0.012, memory: 37111, loss_mask: 0.0710, loss_texture: 0.0278, iou: 0.8912, loss: 0.0988
2026-05-01 21:02:17,976 - mmdet - INFO - Iter [26275/120000]	lr: 1.000e-04, eta: 1 day, 10:57:22, time: 1.104, data_time: 0.012, memory: 37111, loss_mask: 0.0697, loss_texture: 0.0295, iou: 0.8995, loss: 0.0992
2026-05-01 21:02:45,750 - mmdet - INFO - Iter [26300/120000]	lr: 1.000e-04, eta: 1 day, 10:56:28, time: 1.111, data_time: 0.012, memory: 37111, loss_mask: 0.0681, loss_texture: 0.0306, iou: 0.9043, loss: 0.0987
2026-05-01 21:03:13,506 - mmdet - INFO - Iter [26325/120000]	lr: 1.000e-04, eta: 1 day, 10:55:34, time: 1.110, data_time: 0.012, memory: 37111, loss_mask: 0.0699, loss_texture: 0.0310, iou: 0.8827, loss: 0.1009
2026-05-01 21:03:41,275 - mmdet - INFO - Iter [26350/120000]	lr: 1.000e-04, eta: 1 day, 10:54:40, time: 1.111, data_time: 0.011, memory: 37111, loss_mask: 0.0725, loss_texture: 0.0309, iou: 0.8815, loss: 0.1033
2026-05-01 21:04:09,027 - mmdet - INFO - Iter [26375/120000]	lr: 1.000e-04, eta: 1 day, 10:53:46, time: 1.110, data_time: 0.012, memory: 37111, loss_mask: 0.0732, loss_texture: 0.0315, iou: 0.8934, loss: 0.1047
2026-05-01 21:04:36,651 - mmdet - INFO - Iter [26400/120000]	lr: 1.000e-04, eta: 1 day, 10:52:51, time: 1.105, data_time: 0.012, memory: 37111, loss_mask: 0.0621, loss_texture: 0.0267, iou: 0.9005, loss: 0.0888
2026-05-01 21:05:04,265 - mmdet - INFO - Iter [26425/120000]	lr: 1.000e-04, eta: 1 day, 10:51:57, time: 1.105, data_time: 0.012, memory: 37111, loss_mask: 0.0613, loss_texture: 0.0279, iou: 0.8862, loss: 0.0893
2026-05-01 21:05:31,931 - mmdet - INFO - Iter [26450/120000]	lr: 1.000e-04, eta: 1 day, 10:51:02, time: 1.107, data_time: 0.012, memory: 37111, loss_mask: 0.0584, loss_texture: 0.0259, iou: 0.9068, loss: 0.0844
2026-05-01 21:05:59,796 - mmdet - INFO - Iter [26475/120000]	lr: 1.000e-04, eta: 1 day, 10:50:09, time: 1.115, data_time: 0.012, memory: 37111, loss_mask: 0.0722, loss_texture: 0.0313, iou: 0.8707, loss: 0.1035
2026-05-01 21:06:27,569 - mmdet - INFO - 
--- Val evaluation at iter 26500 ---
2026-05-01 21:08:25,211 - mmdet - INFO - 
+------------+-------------+-------------+
| Class      | Val IoU     | Pseudo IoU  |
+------------+-------------+-------------+
| background | 92.50       | 92.68       |
| building   | 68.74       | 69.14       |
| Summary    | mIoU: 80.62 | mIoU: 80.91 |
+------------+-------------+-------------+
Images evaluated: 218
2026-05-01 21:08:27,778 - mmdet - INFO - ★ New best mIoU: 80.62% (prev: 80.22%, Δ=+0.40%) → saved to /home/ubuntu/vy/Denoiser/SegRefiner/work_dirs/exp8_all/best_model.pth
2026-05-01 21:08:27,783 - mmdet - INFO - Iter [26500/120000]	lr: 1.000e-04, eta: 1 day, 10:49:15, time: 1.111, data_time: 0.012, memory: 37111, val/mIoU: 0.8062, val/IoU.building: 0.6874, val/IoU.background: 0.9250, val/Pseudo_mIoU: 0.8091, loss_mask: 0.0637, loss_texture: 0.0274, iou: 0.8966, loss: 0.0911
2026-05-01 21:08:55,362 - mmdet - INFO - Iter [26525/120000]	lr: 1.000e-04, eta: 1 day, 10:55:24, time: 5.912, data_time: 4.820, memory: 37111, loss_mask: 0.0668, loss_texture: 0.0285, iou: 0.8976, loss: 0.0954
2026-05-01 21:09:22,964 - mmdet - INFO - Iter [26550/120000]	lr: 1.000e-04, eta: 1 day, 10:54:29, time: 1.104, data_time: 0.011, memory: 37111, loss_mask: 0.0610, loss_texture: 0.0253, iou: 0.9011, loss: 0.0863
2026-05-01 21:09:50,662 - mmdet - INFO - Iter [26575/120000]	lr: 1.000e-04, eta: 1 day, 10:53:35, time: 1.108, data_time: 0.012, memory: 37111, loss_mask: 0.0746, loss_texture: 0.0323, iou: 0.8952, loss: 0.1069
2026-05-01 21:10:18,394 - mmdet - INFO - Iter [26600/120000]	lr: 1.000e-04, eta: 1 day, 10:52:41, time: 1.109, data_time: 0.011, memory: 37111, loss_mask: 0.0546, loss_texture: 0.0246, iou: 0.9159, loss: 0.0792
2026-05-01 21:10:46,165 - mmdet - INFO - Iter [26625/120000]	lr: 1.000e-04, eta: 1 day, 10:51:47, time: 1.111, data_time: 0.012, memory: 37111, loss_mask: 0.0729, loss_texture: 0.0313, iou: 0.8858, loss: 0.1042
2026-05-01 21:11:13,824 - mmdet - INFO - Iter [26650/120000]	lr: 1.000e-04, eta: 1 day, 10:50:52, time: 1.106, data_time: 0.012, memory: 37111, loss_mask: 0.0676, loss_texture: 0.0297, iou: 0.8973, loss: 0.0973
2026-05-01 21:11:41,606 - mmdet - INFO - Iter [26675/120000]	lr: 1.000e-04, eta: 1 day, 10:49:58, time: 1.111, data_time: 0.012, memory: 37111, loss_mask: 0.0728, loss_texture: 0.0320, iou: 0.8769, loss: 0.1048
2026-05-01 21:12:09,391 - mmdet - INFO - Iter [26700/120000]	lr: 1.000e-04, eta: 1 day, 10:49:04, time: 1.111, data_time: 0.012, memory: 37111, loss_mask: 0.0672, loss_texture: 0.0303, iou: 0.8946, loss: 0.0974
2026-05-01 21:12:37,193 - mmdet - INFO - Iter [26725/120000]	lr: 1.000e-04, eta: 1 day, 10:48:10, time: 1.112, data_time: 0.012, memory: 37111, loss_mask: 0.0674, loss_texture: 0.0291, iou: 0.9003, loss: 0.0965
2026-05-01 21:13:05,018 - mmdet - INFO - Iter [26750/120000]	lr: 1.000e-04, eta: 1 day, 10:47:17, time: 1.113, data_time: 0.012, memory: 37111, loss_mask: 0.0748, loss_texture: 0.0328, iou: 0.8930, loss: 0.1076
2026-05-01 21:13:32,740 - mmdet - INFO - Iter [26775/120000]	lr: 1.000e-04, eta: 1 day, 10:46:23, time: 1.109, data_time: 0.012, memory: 37111, loss_mask: 0.0608, loss_texture: 0.0274, iou: 0.9147, loss: 0.0882
2026-05-01 21:14:00,514 - mmdet - INFO - Iter [26800/120000]	lr: 1.000e-04, eta: 1 day, 10:45:29, time: 1.111, data_time: 0.011, memory: 37111, loss_mask: 0.0659, loss_texture: 0.0290, iou: 0.8858, loss: 0.0948
2026-05-01 21:14:28,477 - mmdet - INFO - Iter [26825/120000]	lr: 1.000e-04, eta: 1 day, 10:44:36, time: 1.119, data_time: 0.012, memory: 37111, loss_mask: 0.0636, loss_texture: 0.0289, iou: 0.9144, loss: 0.0924
2026-05-01 21:14:56,105 - mmdet - INFO - Iter [26850/120000]	lr: 1.000e-04, eta: 1 day, 10:43:42, time: 1.105, data_time: 0.012, memory: 37111, loss_mask: 0.0665, loss_texture: 0.0285, iou: 0.8757, loss: 0.0950
2026-05-01 21:15:23,850 - mmdet - INFO - Iter [26875/120000]	lr: 1.000e-04, eta: 1 day, 10:42:48, time: 1.110, data_time: 0.012, memory: 37111, loss_mask: 0.0658, loss_texture: 0.0300, iou: 0.8942, loss: 0.0958
2026-05-01 21:15:51,492 - mmdet - INFO - Iter [26900/120000]	lr: 1.000e-04, eta: 1 day, 10:41:54, time: 1.106, data_time: 0.011, memory: 37111, loss_mask: 0.0593, loss_texture: 0.0266, iou: 0.9124, loss: 0.0859
2026-05-01 21:16:19,255 - mmdet - INFO - Iter [26925/120000]	lr: 1.000e-04, eta: 1 day, 10:41:01, time: 1.111, data_time: 0.012, memory: 37111, loss_mask: 0.0717, loss_texture: 0.0306, iou: 0.8931, loss: 0.1024
2026-05-01 21:16:47,074 - mmdet - INFO - Iter [26950/120000]	lr: 1.000e-04, eta: 1 day, 10:40:08, time: 1.113, data_time: 0.012, memory: 37111, loss_mask: 0.0732, loss_texture: 0.0323, iou: 0.8807, loss: 0.1055
2026-05-01 21:17:14,800 - mmdet - INFO - Iter [26975/120000]	lr: 1.000e-04, eta: 1 day, 10:39:14, time: 1.109, data_time: 0.012, memory: 37111, loss_mask: 0.0705, loss_texture: 0.0316, iou: 0.8915, loss: 0.1021
2026-05-01 21:17:42,302 - mmdet - INFO - 
--- Val evaluation at iter 27000 ---
2026-05-01 21:19:39,098 - mmdet - INFO - 
+------------+-------------+-------------+
| Class      | Val IoU     | Pseudo IoU  |
+------------+-------------+-------------+
| background | 92.02       | 92.68       |
| building   | 65.48       | 69.14       |
| Summary    | mIoU: 78.75 | mIoU: 80.91 |
+------------+-------------+-------------+
Images evaluated: 218
2026-05-01 21:19:40,477 - mmdet - INFO - Exp name: exp8_all.py
2026-05-01 21:19:40,477 - mmdet - INFO - Iter [27000/120000]	lr: 1.000e-04, eta: 1 day, 10:38:20, time: 1.100, data_time: 0.012, memory: 37111, val/mIoU: 0.7875, val/IoU.building: 0.6548, val/IoU.background: 0.9202, val/Pseudo_mIoU: 0.8091, loss_mask: 0.0676, loss_texture: 0.0277, iou: 0.8928, loss: 0.0953
2026-05-01 21:20:08,161 - mmdet - INFO - Iter [27025/120000]	lr: 1.000e-04, eta: 1 day, 10:44:13, time: 5.834, data_time: 4.739, memory: 37111, loss_mask: 0.0643, loss_texture: 0.0294, iou: 0.9099, loss: 0.0937
2026-05-01 21:20:35,963 - mmdet - INFO - Iter [27050/120000]	lr: 1.000e-04, eta: 1 day, 10:43:19, time: 1.112, data_time: 0.012, memory: 37111, loss_mask: 0.0581, loss_texture: 0.0252, iou: 0.8815, loss: 0.0833
2026-05-01 21:21:03,775 - mmdet - INFO - Iter [27075/120000]	lr: 1.000e-04, eta: 1 day, 10:42:25, time: 1.112, data_time: 0.012, memory: 37111, loss_mask: 0.0692, loss_texture: 0.0304, iou: 0.9056, loss: 0.0997
2026-05-01 21:21:31,482 - mmdet - INFO - Iter [27100/120000]	lr: 1.000e-04, eta: 1 day, 10:41:32, time: 1.108, data_time: 0.011, memory: 37111, loss_mask: 0.0659, loss_texture: 0.0285, iou: 0.8998, loss: 0.0944
2026-05-01 21:21:59,029 - mmdet - INFO - Iter [27125/120000]	lr: 1.000e-04, eta: 1 day, 10:40:37, time: 1.102, data_time: 0.012, memory: 37111, loss_mask: 0.0679, loss_texture: 0.0304, iou: 0.8926, loss: 0.0983
2026-05-01 21:22:26,698 - mmdet - INFO - Iter [27150/120000]	lr: 1.000e-04, eta: 1 day, 10:39:43, time: 1.107, data_time: 0.012, memory: 37111, loss_mask: 0.0687, loss_texture: 0.0283, iou: 0.8836, loss: 0.0970
2026-05-01 21:22:54,383 - mmdet - INFO - Iter [27175/120000]	lr: 1.000e-04, eta: 1 day, 10:38:50, time: 1.107, data_time: 0.012, memory: 37111, loss_mask: 0.0619, loss_texture: 0.0272, iou: 0.8875, loss: 0.0891
2026-05-01 21:23:22,262 - mmdet - INFO - Iter [27200/120000]	lr: 1.000e-04, eta: 1 day, 10:37:56, time: 1.115, data_time: 0.011, memory: 37111, loss_mask: 0.0631, loss_texture: 0.0286, iou: 0.9019, loss: 0.0918
2026-05-01 21:23:49,917 - mmdet - INFO - Iter [27225/120000]	lr: 1.000e-04, eta: 1 day, 10:37:03, time: 1.106, data_time: 0.012, memory: 37111, loss_mask: 0.0837, loss_texture: 0.0311, iou: 0.8715, loss: 0.1148
2026-05-01 21:24:17,776 - mmdet - INFO - Iter [27250/120000]	lr: 1.000e-04, eta: 1 day, 10:36:10, time: 1.114, data_time: 0.011, memory: 37111, loss_mask: 0.0912, loss_texture: 0.0345, iou: 0.8888, loss: 0.1257
2026-05-01 21:24:45,741 - mmdet - INFO - Iter [27275/120000]	lr: 1.000e-04, eta: 1 day, 10:35:17, time: 1.119, data_time: 0.012, memory: 37111, loss_mask: 0.0771, loss_texture: 0.0318, iou: 0.8690, loss: 0.1089
2026-05-01 21:25:13,397 - mmdet - INFO - Iter [27300/120000]	lr: 1.000e-04, eta: 1 day, 10:34:23, time: 1.106, data_time: 0.012, memory: 37111, loss_mask: 0.0646, loss_texture: 0.0292, iou: 0.8899, loss: 0.0939
2026-05-01 21:25:41,035 - mmdet - INFO - Iter [27325/120000]	lr: 1.000e-04, eta: 1 day, 10:33:30, time: 1.106, data_time: 0.012, memory: 37111, loss_mask: 0.0746, loss_texture: 0.0320, iou: 0.8843, loss: 0.1065
2026-05-01 21:26:08,751 - mmdet - INFO - Iter [27350/120000]	lr: 1.000e-04, eta: 1 day, 10:32:36, time: 1.109, data_time: 0.012, memory: 37111, loss_mask: 0.0738, loss_texture: 0.0325, iou: 0.8850, loss: 0.1063
2026-05-01 21:26:36,492 - mmdet - INFO - Iter [27375/120000]	lr: 1.000e-04, eta: 1 day, 10:31:43, time: 1.110, data_time: 0.012, memory: 37111, loss_mask: 0.0664, loss_texture: 0.0282, iou: 0.9099, loss: 0.0945
2026-05-01 21:27:04,201 - mmdet - INFO - Iter [27400/120000]	lr: 1.000e-04, eta: 1 day, 10:30:50, time: 1.108, data_time: 0.012, memory: 37111, loss_mask: 0.0605, loss_texture: 0.0267, iou: 0.9062, loss: 0.0873
2026-05-01 21:27:32,016 - mmdet - INFO - Iter [27425/120000]	lr: 1.000e-04, eta: 1 day, 10:29:57, time: 1.113, data_time: 0.012, memory: 37111, loss_mask: 0.0727, loss_texture: 0.0320, iou: 0.8994, loss: 0.1047
2026-05-01 21:27:59,748 - mmdet - INFO - Iter [27450/120000]	lr: 1.000e-04, eta: 1 day, 10:29:04, time: 1.109, data_time: 0.012, memory: 37111, loss_mask: 0.0631, loss_texture: 0.0282, iou: 0.8873, loss: 0.0912
2026-05-01 21:28:27,379 - mmdet - INFO - Iter [27475/120000]	lr: 1.000e-04, eta: 1 day, 10:28:10, time: 1.105, data_time: 0.012, memory: 37111, loss_mask: 0.0565, loss_texture: 0.0247, iou: 0.8996, loss: 0.0811
2026-05-01 21:28:54,874 - mmdet - INFO - 
--- Val evaluation at iter 27500 ---
2026-05-01 21:30:51,934 - mmdet - INFO - 
+------------+-------------+-------------+
| Class      | Val IoU     | Pseudo IoU  |
+------------+-------------+-------------+
| background | 92.40       | 92.68       |
| building   | 67.84       | 69.14       |
| Summary    | mIoU: 80.12 | mIoU: 80.91 |
+------------+-------------+-------------+
Images evaluated: 218
2026-05-01 21:30:53,309 - mmdet - INFO - Iter [27500/120000]	lr: 1.000e-04, eta: 1 day, 10:27:16, time: 1.100, data_time: 0.011, memory: 37111, val/mIoU: 0.8012, val/IoU.building: 0.6784, val/IoU.background: 0.9240, val/Pseudo_mIoU: 0.8091, loss_mask: 0.0579, loss_texture: 0.0254, iou: 0.9058, loss: 0.0833
2026-05-01 21:31:21,138 - mmdet - INFO - Iter [27525/120000]	lr: 1.000e-04, eta: 1 day, 10:33:02, time: 5.851, data_time: 4.749, memory: 37111, loss_mask: 0.0792, loss_texture: 0.0352, iou: 0.9060, loss: 0.1144
2026-05-01 21:31:48,889 - mmdet - INFO - Iter [27550/120000]	lr: 1.000e-04, eta: 1 day, 10:32:08, time: 1.110, data_time: 0.012, memory: 37111, loss_mask: 0.0653, loss_texture: 0.0289, iou: 0.8931, loss: 0.0942
2026-05-01 21:32:16,600 - mmdet - INFO - Iter [27575/120000]	lr: 1.000e-04, eta: 1 day, 10:31:15, time: 1.108, data_time: 0.012, memory: 37111, loss_mask: 0.0635, loss_texture: 0.0277, iou: 0.8918, loss: 0.0912
2026-05-01 21:32:44,220 - mmdet - INFO - Iter [27600/120000]	lr: 1.000e-04, eta: 1 day, 10:30:21, time: 1.105, data_time: 0.011, memory: 37111, loss_mask: 0.0583, loss_texture: 0.0249, iou: 0.8944, loss: 0.0832
2026-05-01 21:33:12,145 - mmdet - INFO - Iter [27625/120000]	lr: 1.000e-04, eta: 1 day, 10:29:29, time: 1.117, data_time: 0.012, memory: 37111, loss_mask: 0.0824, loss_texture: 0.0350, iou: 0.8788, loss: 0.1174
2026-05-01 21:33:40,084 - mmdet - INFO - Iter [27650/120000]	lr: 1.000e-04, eta: 1 day, 10:28:36, time: 1.118, data_time: 0.012, memory: 37111, loss_mask: 0.0714, loss_texture: 0.0316, iou: 0.9000, loss: 0.1030
2026-05-01 21:34:07,627 - mmdet - INFO - Iter [27675/120000]	lr: 1.000e-04, eta: 1 day, 10:27:42, time: 1.102, data_time: 0.012, memory: 37111, loss_mask: 0.0678, loss_texture: 0.0261, iou: 0.8968, loss: 0.0939
2026-05-01 21:34:35,215 - mmdet - INFO - Iter [27700/120000]	lr: 1.000e-04, eta: 1 day, 10:26:49, time: 1.103, data_time: 0.011, memory: 37111, loss_mask: 0.0912, loss_texture: 0.0353, iou: 0.8649, loss: 0.1265
2026-05-01 21:35:02,737 - mmdet - INFO - Iter [27725/120000]	lr: 1.000e-04, eta: 1 day, 10:25:55, time: 1.101, data_time: 0.012, memory: 37111, loss_mask: 0.0701, loss_texture: 0.0295, iou: 0.8970, loss: 0.0997
2026-05-01 21:35:30,382 - mmdet - INFO - Iter [27750/120000]	lr: 1.000e-04, eta: 1 day, 10:25:02, time: 1.106, data_time: 0.012, memory: 37111, loss_mask: 0.0684, loss_texture: 0.0293, iou: 0.8637, loss: 0.0977
2026-05-01 21:35:58,157 - mmdet - INFO - Iter [27775/120000]	lr: 1.000e-04, eta: 1 day, 10:24:09, time: 1.111, data_time: 0.012, memory: 37111, loss_mask: 0.0671, loss_texture: 0.0296, iou: 0.8908, loss: 0.0966
2026-05-01 21:36:25,911 - mmdet - INFO - Iter [27800/120000]	lr: 1.000e-04, eta: 1 day, 10:23:16, time: 1.110, data_time: 0.011, memory: 37111, loss_mask: 0.0729, loss_texture: 0.0309, iou: 0.9001, loss: 0.1038
2026-05-01 21:36:53,732 - mmdet - INFO - Iter [27825/120000]	lr: 1.000e-04, eta: 1 day, 10:22:23, time: 1.113, data_time: 0.012, memory: 37111, loss_mask: 0.0710, loss_texture: 0.0312, iou: 0.8991, loss: 0.1022
2026-05-01 21:37:21,676 - mmdet - INFO - Iter [27850/120000]	lr: 1.000e-04, eta: 1 day, 10:21:31, time: 1.118, data_time: 0.012, memory: 37111, loss_mask: 0.0667, loss_texture: 0.0299, iou: 0.8825, loss: 0.0966
2026-05-01 21:37:49,380 - mmdet - INFO - Iter [27875/120000]	lr: 1.000e-04, eta: 1 day, 10:20:38, time: 1.108, data_time: 0.012, memory: 37111, loss_mask: 0.0597, loss_texture: 0.0277, iou: 0.9023, loss: 0.0874
2026-05-01 21:38:17,142 - mmdet - INFO - Iter [27900/120000]	lr: 1.000e-04, eta: 1 day, 10:19:46, time: 1.110, data_time: 0.011, memory: 37111, loss_mask: 0.0646, loss_texture: 0.0290, iou: 0.9045, loss: 0.0936
2026-05-01 21:38:44,804 - mmdet - INFO - Iter [27925/120000]	lr: 1.000e-04, eta: 1 day, 10:18:53, time: 1.106, data_time: 0.012, memory: 37111, loss_mask: 0.0620, loss_texture: 0.0276, iou: 0.9069, loss: 0.0896
2026-05-01 21:39:12,466 - mmdet - INFO - Iter [27950/120000]	lr: 1.000e-04, eta: 1 day, 10:18:00, time: 1.106, data_time: 0.012, memory: 37111, loss_mask: 0.0690, loss_texture: 0.0305, iou: 0.8694, loss: 0.0995
2026-05-01 21:39:40,239 - mmdet - INFO - Iter [27975/120000]	lr: 1.000e-04, eta: 1 day, 10:17:07, time: 1.111, data_time: 0.012, memory: 37111, loss_mask: 0.0713, loss_texture: 0.0311, iou: 0.8995, loss: 0.1024
2026-05-01 21:40:08,023 - mmdet - INFO - 
--- Val evaluation at iter 28000 ---
2026-05-01 21:42:04,638 - mmdet - INFO - 
+------------+-------------+-------------+
| Class      | Val IoU     | Pseudo IoU  |
+------------+-------------+-------------+
| background | 92.33       | 92.68       |
| building   | 67.51       | 69.14       |
| Summary    | mIoU: 79.92 | mIoU: 80.91 |
+------------+-------------+-------------+
Images evaluated: 218
2026-05-01 21:42:06,390 - mmdet - INFO - Exp name: exp8_all.py
2026-05-01 21:42:06,391 - mmdet - INFO - Iter [28000/120000]	lr: 1.000e-04, eta: 1 day, 10:16:15, time: 1.111, data_time: 0.012, memory: 37111, val/mIoU: 0.7992, val/IoU.building: 0.6751, val/IoU.background: 0.9233, val/Pseudo_mIoU: 0.8091, loss_mask: 0.0783, loss_texture: 0.0325, iou: 0.8837, loss: 0.1108
2026-05-01 21:42:34,113 - mmdet - INFO - Iter [28025/120000]	lr: 1.000e-04, eta: 1 day, 10:21:51, time: 5.844, data_time: 4.747, memory: 37111, loss_mask: 0.0786, loss_texture: 0.0337, iou: 0.8906, loss: 0.1123
2026-05-01 21:43:02,060 - mmdet - INFO - Iter [28050/120000]	lr: 1.000e-04, eta: 1 day, 10:20:58, time: 1.118, data_time: 0.012, memory: 37111, loss_mask: 0.0678, loss_texture: 0.0299, iou: 0.8906, loss: 0.0977
2026-05-01 21:43:29,953 - mmdet - INFO - Iter [28075/120000]	lr: 1.000e-04, eta: 1 day, 10:20:06, time: 1.116, data_time: 0.012, memory: 37111, loss_mask: 0.0640, loss_texture: 0.0277, iou: 0.8942, loss: 0.0917
2026-05-01 21:43:57,655 - mmdet - INFO - Iter [28100/120000]	lr: 1.000e-04, eta: 1 day, 10:19:13, time: 1.108, data_time: 0.012, memory: 37111, loss_mask: 0.0627, loss_texture: 0.0268, iou: 0.8976, loss: 0.0895
2026-05-01 21:44:25,558 - mmdet - INFO - Iter [28125/120000]	lr: 1.000e-04, eta: 1 day, 10:18:21, time: 1.116, data_time: 0.012, memory: 37111, loss_mask: 0.0573, loss_texture: 0.0259, iou: 0.8947, loss: 0.0832
2026-05-01 21:44:53,419 - mmdet - INFO - Iter [28150/120000]	lr: 1.000e-04, eta: 1 day, 10:17:28, time: 1.114, data_time: 0.012, memory: 37111, loss_mask: 0.0614, loss_texture: 0.0278, iou: 0.8888, loss: 0.0892
2026-05-01 21:45:21,262 - mmdet - INFO - Iter [28175/120000]	lr: 1.000e-04, eta: 1 day, 10:16:36, time: 1.114, data_time: 0.012, memory: 37111, loss_mask: 0.0606, loss_texture: 0.0278, iou: 0.8956, loss: 0.0884
2026-05-01 21:45:49,220 - mmdet - INFO - Iter [28200/120000]	lr: 1.000e-04, eta: 1 day, 10:15:44, time: 1.118, data_time: 0.012, memory: 37111, loss_mask: 0.0614, loss_texture: 0.0278, iou: 0.9013, loss: 0.0892
2026-05-01 21:46:16,902 - mmdet - INFO - Iter [28225/120000]	lr: 1.000e-04, eta: 1 day, 10:14:51, time: 1.107, data_time: 0.012, memory: 37111, loss_mask: 0.0714, loss_texture: 0.0300, iou: 0.8964, loss: 0.1014
2026-05-01 21:46:44,591 - mmdet - INFO - Iter [28250/120000]	lr: 1.000e-04, eta: 1 day, 10:13:59, time: 1.108, data_time: 0.011, memory: 37111, loss_mask: 0.0732, loss_texture: 0.0311, iou: 0.8794, loss: 0.1043
2026-05-01 21:47:12,466 - mmdet - INFO - Iter [28275/120000]	lr: 1.000e-04, eta: 1 day, 10:13:07, time: 1.115, data_time: 0.012, memory: 37111, loss_mask: 0.0715, loss_texture: 0.0301, iou: 0.8886, loss: 0.1016
2026-05-01 21:47:40,242 - mmdet - INFO - Iter [28300/120000]	lr: 1.000e-04, eta: 1 day, 10:12:14, time: 1.111, data_time: 0.011, memory: 37111, loss_mask: 0.0746, loss_texture: 0.0316, iou: 0.9033, loss: 0.1063
2026-05-01 21:48:07,935 - mmdet - INFO - Iter [28325/120000]	lr: 1.000e-04, eta: 1 day, 10:11:22, time: 1.108, data_time: 0.012, memory: 37111, loss_mask: 0.0579, loss_texture: 0.0265, iou: 0.9003, loss: 0.0844
2026-05-01 21:48:35,580 - mmdet - INFO - Iter [28350/120000]	lr: 1.000e-04, eta: 1 day, 10:10:29, time: 1.106, data_time: 0.012, memory: 37111, loss_mask: 0.0632, loss_texture: 0.0283, iou: 0.8834, loss: 0.0915
2026-05-01 21:49:03,293 - mmdet - INFO - Iter [28375/120000]	lr: 1.000e-04, eta: 1 day, 10:09:36, time: 1.109, data_time: 0.012, memory: 37111, loss_mask: 0.0638, loss_texture: 0.0286, iou: 0.8885, loss: 0.0924
2026-05-01 21:49:31,037 - mmdet - INFO - Iter [28400/120000]	lr: 1.000e-04, eta: 1 day, 10:08:44, time: 1.110, data_time: 0.012, memory: 37111, loss_mask: 0.0652, loss_texture: 0.0280, iou: 0.8981, loss: 0.0931
2026-05-01 21:49:58,893 - mmdet - INFO - Iter [28425/120000]	lr: 1.000e-04, eta: 1 day, 10:07:52, time: 1.114, data_time: 0.012, memory: 37111, loss_mask: 0.0742, loss_texture: 0.0333, iou: 0.8893, loss: 0.1075
2026-05-01 21:50:26,601 - mmdet - INFO - Iter [28450/120000]	lr: 1.000e-04, eta: 1 day, 10:07:00, time: 1.108, data_time: 0.012, memory: 37111, loss_mask: 0.0612, loss_texture: 0.0271, iou: 0.8741, loss: 0.0884
2026-05-01 21:50:54,420 - mmdet - INFO - Iter [28475/120000]	lr: 1.000e-04, eta: 1 day, 10:06:08, time: 1.113, data_time: 0.012, memory: 37111, loss_mask: 0.0760, loss_texture: 0.0342, iou: 0.9021, loss: 0.1102
2026-05-01 21:51:22,224 - mmdet - INFO - 
--- Val evaluation at iter 28500 ---
2026-05-01 21:53:19,115 - mmdet - INFO - 
+------------+-------------+-------------+
| Class      | Val IoU     | Pseudo IoU  |
+------------+-------------+-------------+
| background | 92.15       | 92.68       |
| building   | 66.25       | 69.14       |
| Summary    | mIoU: 79.20 | mIoU: 80.91 |
+------------+-------------+-------------+
Images evaluated: 218
2026-05-01 21:53:20,487 - mmdet - INFO - Iter [28500/120000]	lr: 1.000e-04, eta: 1 day, 10:05:16, time: 1.112, data_time: 0.012, memory: 37111, val/mIoU: 0.7920, val/IoU.building: 0.6625, val/IoU.background: 0.9215, val/Pseudo_mIoU: 0.8091, loss_mask: 0.0605, loss_texture: 0.0269, iou: 0.9155, loss: 0.0874
2026-05-01 21:53:48,319 - mmdet - INFO - Iter [28525/120000]	lr: 1.000e-04, eta: 1 day, 10:10:43, time: 5.844, data_time: 4.743, memory: 37111, loss_mask: 0.0640, loss_texture: 0.0290, iou: 0.9078, loss: 0.0930
2026-05-01 21:54:15,986 - mmdet - INFO - Iter [28550/120000]	lr: 1.000e-04, eta: 1 day, 10:09:51, time: 1.107, data_time: 0.012, memory: 37111, loss_mask: 0.0624, loss_texture: 0.0279, iou: 0.8865, loss: 0.0903
2026-05-01 21:54:43,803 - mmdet - INFO - Iter [28575/120000]	lr: 1.000e-04, eta: 1 day, 10:08:59, time: 1.113, data_time: 0.012, memory: 37111, loss_mask: 0.0660, loss_texture: 0.0292, iou: 0.8900, loss: 0.0952
2026-05-01 21:55:11,569 - mmdet - INFO - Iter [28600/120000]	lr: 1.000e-04, eta: 1 day, 10:08:06, time: 1.111, data_time: 0.012, memory: 37111, loss_mask: 0.0698, loss_texture: 0.0308, iou: 0.8958, loss: 0.1005
2026-05-01 21:55:39,434 - mmdet - INFO - Iter [28625/120000]	lr: 1.000e-04, eta: 1 day, 10:07:14, time: 1.115, data_time: 0.012, memory: 37111, loss_mask: 0.0700, loss_texture: 0.0296, iou: 0.8838, loss: 0.0997
2026-05-01 21:56:07,289 - mmdet - INFO - Iter [28650/120000]	lr: 1.000e-04, eta: 1 day, 10:06:22, time: 1.114, data_time: 0.011, memory: 37111, loss_mask: 0.0694, loss_texture: 0.0305, iou: 0.8976, loss: 0.0999
2026-05-01 21:56:35,004 - mmdet - INFO - Iter [28675/120000]	lr: 1.000e-04, eta: 1 day, 10:05:30, time: 1.109, data_time: 0.012, memory: 37111, loss_mask: 0.0661, loss_texture: 0.0281, iou: 0.8885, loss: 0.0942
2026-05-01 21:57:02,674 - mmdet - INFO - Iter [28700/120000]	lr: 1.000e-04, eta: 1 day, 10:04:38, time: 1.107, data_time: 0.011, memory: 37111, loss_mask: 0.0674, loss_texture: 0.0292, iou: 0.8942, loss: 0.0966
2026-05-01 21:57:30,271 - mmdet - INFO - Iter [28725/120000]	lr: 1.000e-04, eta: 1 day, 10:03:45, time: 1.104, data_time: 0.012, memory: 37111, loss_mask: 0.0647, loss_texture: 0.0296, iou: 0.9058, loss: 0.0943
2026-05-01 21:57:58,084 - mmdet - INFO - Iter [28750/120000]	lr: 1.000e-04, eta: 1 day, 10:02:53, time: 1.113, data_time: 0.012, memory: 37111, loss_mask: 0.0645, loss_texture: 0.0286, iou: 0.9042, loss: 0.0931
2026-05-01 21:58:25,927 - mmdet - INFO - Iter [28775/120000]	lr: 1.000e-04, eta: 1 day, 10:02:01, time: 1.114, data_time: 0.012, memory: 37111, loss_mask: 0.0730, loss_texture: 0.0302, iou: 0.8965, loss: 0.1031
2026-05-01 21:58:53,759 - mmdet - INFO - Iter [28800/120000]	lr: 1.000e-04, eta: 1 day, 10:01:09, time: 1.113, data_time: 0.011, memory: 37111, loss_mask: 0.0649, loss_texture: 0.0280, iou: 0.8974, loss: 0.0929
2026-05-01 21:59:21,788 - mmdet - INFO - Iter [28825/120000]	lr: 1.000e-04, eta: 1 day, 10:00:18, time: 1.121, data_time: 0.012, memory: 37111, loss_mask: 0.0712, loss_texture: 0.0306, iou: 0.8923, loss: 0.1017
2026-05-01 21:59:49,703 - mmdet - INFO - Iter [28850/120000]	lr: 1.000e-04, eta: 1 day, 9:59:27, time: 1.117, data_time: 0.012, memory: 37111, loss_mask: 0.0769, loss_texture: 0.0326, iou: 0.8972, loss: 0.1095
2026-05-01 22:00:17,370 - mmdet - INFO - Iter [28875/120000]	lr: 1.000e-04, eta: 1 day, 9:58:35, time: 1.107, data_time: 0.012, memory: 37111, loss_mask: 0.0673, loss_texture: 0.0291, iou: 0.8967, loss: 0.0964
2026-05-01 22:00:45,105 - mmdet - INFO - Iter [28900/120000]	lr: 1.000e-04, eta: 1 day, 9:57:43, time: 1.109, data_time: 0.012, memory: 37111, loss_mask: 0.0703, loss_texture: 0.0305, iou: 0.8855, loss: 0.1008
2026-05-01 22:01:12,802 - mmdet - INFO - Iter [28925/120000]	lr: 1.000e-04, eta: 1 day, 9:56:51, time: 1.108, data_time: 0.012, memory: 37111, loss_mask: 0.0614, loss_texture: 0.0265, iou: 0.8765, loss: 0.0879
2026-05-01 22:01:40,496 - mmdet - INFO - Iter [28950/120000]	lr: 1.000e-04, eta: 1 day, 9:55:59, time: 1.108, data_time: 0.011, memory: 37111, loss_mask: 0.0602, loss_texture: 0.0270, iou: 0.8865, loss: 0.0872
2026-05-01 22:02:08,233 - mmdet - INFO - Iter [28975/120000]	lr: 1.000e-04, eta: 1 day, 9:55:07, time: 1.109, data_time: 0.012, memory: 37111, loss_mask: 0.0637, loss_texture: 0.0287, iou: 0.8958, loss: 0.0924
2026-05-01 22:02:36,052 - mmdet - INFO - 
--- Val evaluation at iter 29000 ---
2026-05-01 22:04:32,213 - mmdet - INFO - 
+------------+-------------+-------------+
| Class      | Val IoU     | Pseudo IoU  |
+------------+-------------+-------------+
| background | 92.34       | 92.68       |
| building   | 67.29       | 69.14       |
| Summary    | mIoU: 79.81 | mIoU: 80.91 |
+------------+-------------+-------------+
Images evaluated: 218
2026-05-01 22:04:33,728 - mmdet - INFO - Exp name: exp8_all.py
2026-05-01 22:04:33,729 - mmdet - INFO - Iter [29000/120000]	lr: 1.000e-04, eta: 1 day, 9:54:16, time: 1.113, data_time: 0.012, memory: 37111, val/mIoU: 0.7981, val/IoU.building: 0.6729, val/IoU.background: 0.9234, val/Pseudo_mIoU: 0.8091, loss_mask: 0.0683, loss_texture: 0.0312, iou: 0.9025, loss: 0.0995
2026-05-01 22:05:01,182 - mmdet - INFO - Iter [29025/120000]	lr: 1.000e-04, eta: 1 day, 9:59:32, time: 5.805, data_time: 4.719, memory: 37111, loss_mask: 0.0677, loss_texture: 0.0303, iou: 0.8942, loss: 0.0980
2026-05-01 22:05:28,799 - mmdet - INFO - Iter [29050/120000]	lr: 1.000e-04, eta: 1 day, 9:58:39, time: 1.105, data_time: 0.012, memory: 37111, loss_mask: 0.0692, loss_texture: 0.0296, iou: 0.9004, loss: 0.0988
2026-05-01 22:05:56,462 - mmdet - INFO - Iter [29075/120000]	lr: 1.000e-04, eta: 1 day, 9:57:47, time: 1.107, data_time: 0.012, memory: 37111, loss_mask: 0.0608, loss_texture: 0.0270, iou: 0.8944, loss: 0.0879
2026-05-01 22:06:24,177 - mmdet - INFO - Iter [29100/120000]	lr: 1.000e-04, eta: 1 day, 9:56:55, time: 1.109, data_time: 0.012, memory: 37111, loss_mask: 0.0668, loss_texture: 0.0297, iou: 0.8955, loss: 0.0965
2026-05-01 22:06:51,885 - mmdet - INFO - Iter [29125/120000]	lr: 1.000e-04, eta: 1 day, 9:56:03, time: 1.108, data_time: 0.012, memory: 37111, loss_mask: 0.0679, loss_texture: 0.0303, iou: 0.8956, loss: 0.0982
2026-05-01 22:07:19,609 - mmdet - INFO - Iter [29150/120000]	lr: 1.000e-04, eta: 1 day, 9:55:11, time: 1.109, data_time: 0.012, memory: 37111, loss_mask: 0.0699, loss_texture: 0.0306, iou: 0.9051, loss: 0.1006
2026-05-01 22:07:47,621 - mmdet - INFO - Iter [29175/120000]	lr: 1.000e-04, eta: 1 day, 9:54:20, time: 1.120, data_time: 0.012, memory: 37111, loss_mask: 0.0690, loss_texture: 0.0301, iou: 0.8943, loss: 0.0991
2026-05-01 22:08:15,395 - mmdet - INFO - Iter [29200/120000]	lr: 1.000e-04, eta: 1 day, 9:53:28, time: 1.111, data_time: 0.012, memory: 37111, loss_mask: 0.0680, loss_texture: 0.0306, iou: 0.9029, loss: 0.0986
2026-05-01 22:08:43,205 - mmdet - INFO - Iter [29225/120000]	lr: 1.000e-04, eta: 1 day, 9:52:37, time: 1.112, data_time: 0.012, memory: 37111, loss_mask: 0.0670, loss_texture: 0.0295, iou: 0.8775, loss: 0.0965
2026-05-01 22:09:10,825 - mmdet - INFO - Iter [29250/120000]	lr: 1.000e-04, eta: 1 day, 9:51:45, time: 1.105, data_time: 0.012, memory: 37111, loss_mask: 0.0643, loss_texture: 0.0281, iou: 0.9026, loss: 0.0924
2026-05-01 22:09:38,705 - mmdet - INFO - Iter [29275/120000]	lr: 1.000e-04, eta: 1 day, 9:50:54, time: 1.115, data_time: 0.012, memory: 37111, loss_mask: 0.0653, loss_texture: 0.0296, iou: 0.8972, loss: 0.0948
2026-05-01 22:10:06,441 - mmdet - INFO - Iter [29300/120000]	lr: 1.000e-04, eta: 1 day, 9:50:02, time: 1.109, data_time: 0.012, memory: 37111, loss_mask: 0.0690, loss_texture: 0.0307, iou: 0.8981, loss: 0.0997
2026-05-01 22:10:34,144 - mmdet - INFO - Iter [29325/120000]	lr: 1.000e-04, eta: 1 day, 9:49:10, time: 1.108, data_time: 0.012, memory: 37111, loss_mask: 0.0574, loss_texture: 0.0267, iou: 0.8934, loss: 0.0841
2026-05-01 22:11:01,895 - mmdet - INFO - Iter [29350/120000]	lr: 1.000e-04, eta: 1 day, 9:48:19, time: 1.110, data_time: 0.012, memory: 37111, loss_mask: 0.0644, loss_texture: 0.0289, iou: 0.8912, loss: 0.0933
2026-05-01 22:11:29,588 - mmdet - INFO - Iter [29375/120000]	lr: 1.000e-04, eta: 1 day, 9:47:27, time: 1.108, data_time: 0.012, memory: 37111, loss_mask: 0.0681, loss_texture: 0.0299, iou: 0.8979, loss: 0.0980
2026-05-01 22:11:57,350 - mmdet - INFO - Iter [29400/120000]	lr: 1.000e-04, eta: 1 day, 9:46:36, time: 1.110, data_time: 0.012, memory: 37111, loss_mask: 0.0668, loss_texture: 0.0296, iou: 0.8951, loss: 0.0964
2026-05-01 22:12:24,926 - mmdet - INFO - Iter [29425/120000]	lr: 1.000e-04, eta: 1 day, 9:45:44, time: 1.103, data_time: 0.012, memory: 37111, loss_mask: 0.0702, loss_texture: 0.0298, iou: 0.8835, loss: 0.1000
2026-05-01 22:12:52,628 - mmdet - INFO - Iter [29450/120000]	lr: 1.000e-04, eta: 1 day, 9:44:52, time: 1.108, data_time: 0.012, memory: 37111, loss_mask: 0.0686, loss_texture: 0.0301, iou: 0.8829, loss: 0.0987
2026-05-01 22:13:20,304 - mmdet - INFO - Iter [29475/120000]	lr: 1.000e-04, eta: 1 day, 9:44:00, time: 1.107, data_time: 0.012, memory: 37111, loss_mask: 0.0677, loss_texture: 0.0306, iou: 0.8941, loss: 0.0984
2026-05-01 22:13:48,043 - mmdet - INFO - 
--- Val evaluation at iter 29500 ---
2026-05-01 22:15:45,634 - mmdet - INFO - 
+------------+-------------+-------------+
| Class      | Val IoU     | Pseudo IoU  |
+------------+-------------+-------------+
| background | 92.24       | 92.68       |
| building   | 66.40       | 69.14       |
| Summary    | mIoU: 79.32 | mIoU: 80.91 |
+------------+-------------+-------------+
Images evaluated: 218
2026-05-01 22:15:46,905 - mmdet - INFO - Iter [29500/120000]	lr: 1.000e-04, eta: 1 day, 9:43:09, time: 1.110, data_time: 0.012, memory: 37111, val/mIoU: 0.7932, val/IoU.building: 0.6640, val/IoU.background: 0.9224, val/Pseudo_mIoU: 0.8091, loss_mask: 0.0667, loss_texture: 0.0289, iou: 0.8860, loss: 0.0956
2026-05-01 22:16:14,578 - mmdet - INFO - Iter [29525/120000]	lr: 1.000e-04, eta: 1 day, 9:48:22, time: 5.861, data_time: 4.768, memory: 37111, loss_mask: 0.0608, loss_texture: 0.0261, iou: 0.9106, loss: 0.0869
2026-05-01 22:16:42,327 - mmdet - INFO - Iter [29550/120000]	lr: 1.000e-04, eta: 1 day, 9:47:30, time: 1.110, data_time: 0.012, memory: 37111, loss_mask: 0.0714, loss_texture: 0.0314, iou: 0.9006, loss: 0.1029
2026-05-01 22:17:10,043 - mmdet - INFO - Iter [29575/120000]	lr: 1.000e-04, eta: 1 day, 9:46:39, time: 1.109, data_time: 0.012, memory: 37111, loss_mask: 0.0687, loss_texture: 0.0302, iou: 0.8941, loss: 0.0989
2026-05-01 22:17:37,639 - mmdet - INFO - Iter [29600/120000]	lr: 1.000e-04, eta: 1 day, 9:45:47, time: 1.104, data_time: 0.011, memory: 37111, loss_mask: 0.0607, loss_texture: 0.0276, iou: 0.8954, loss: 0.0884
2026-05-01 22:18:05,398 - mmdet - INFO - Iter [29625/120000]	lr: 1.000e-04, eta: 1 day, 9:44:55, time: 1.110, data_time: 0.012, memory: 37111, loss_mask: 0.0611, loss_texture: 0.0285, iou: 0.9046, loss: 0.0896
2026-05-01 22:18:32,856 - mmdet - INFO - Iter [29650/120000]	lr: 1.000e-04, eta: 1 day, 9:44:03, time: 1.098, data_time: 0.012, memory: 37111, loss_mask: 0.0704, loss_texture: 0.0278, iou: 0.8843, loss: 0.0982
2026-05-01 22:19:00,571 - mmdet - INFO - Iter [29675/120000]	lr: 1.000e-04, eta: 1 day, 9:43:11, time: 1.109, data_time: 0.012, memory: 37111, loss_mask: 0.0803, loss_texture: 0.0326, iou: 0.8859, loss: 0.1129
2026-05-01 22:19:28,195 - mmdet - INFO - Iter [29700/120000]	lr: 1.000e-04, eta: 1 day, 9:42:19, time: 1.105, data_time: 0.012, memory: 37111, loss_mask: 0.0703, loss_texture: 0.0290, iou: 0.8989, loss: 0.0992
2026-05-01 22:19:55,869 - mmdet - INFO - Iter [29725/120000]	lr: 1.000e-04, eta: 1 day, 9:41:28, time: 1.107, data_time: 0.012, memory: 37111, loss_mask: 0.0753, loss_texture: 0.0330, iou: 0.8774, loss: 0.1082
2026-05-01 22:20:23,443 - mmdet - INFO - Iter [29750/120000]	lr: 1.000e-04, eta: 1 day, 9:40:36, time: 1.103, data_time: 0.012, memory: 37111, loss_mask: 0.0675, loss_texture: 0.0297, iou: 0.8862, loss: 0.0973
2026-05-01 22:20:51,080 - mmdet - INFO - Iter [29775/120000]	lr: 1.000e-04, eta: 1 day, 9:39:44, time: 1.105, data_time: 0.012, memory: 37111, loss_mask: 0.0618, loss_texture: 0.0278, iou: 0.8883, loss: 0.0897
2026-05-01 22:21:18,741 - mmdet - INFO - Iter [29800/120000]	lr: 1.000e-04, eta: 1 day, 9:38:53, time: 1.106, data_time: 0.011, memory: 37111, loss_mask: 0.0603, loss_texture: 0.0275, iou: 0.8960, loss: 0.0878
2026-05-01 22:21:46,319 - mmdet - INFO - Iter [29825/120000]	lr: 1.000e-04, eta: 1 day, 9:38:01, time: 1.103, data_time: 0.012, memory: 37111, loss_mask: 0.0672, loss_texture: 0.0304, iou: 0.8944, loss: 0.0976
2026-05-01 22:22:13,894 - mmdet - INFO - Iter [29850/120000]	lr: 1.000e-04, eta: 1 day, 9:37:10, time: 1.103, data_time: 0.011, memory: 37111, loss_mask: 0.0620, loss_texture: 0.0281, iou: 0.8900, loss: 0.0901
2026-05-01 22:22:41,577 - mmdet - INFO - Iter [29875/120000]	lr: 1.000e-04, eta: 1 day, 9:36:18, time: 1.107, data_time: 0.012, memory: 37111, loss_mask: 0.0645, loss_texture: 0.0283, iou: 0.9166, loss: 0.0928
2026-05-01 22:23:09,315 - mmdet - INFO - Iter [29900/120000]	lr: 1.000e-04, eta: 1 day, 9:35:27, time: 1.110, data_time: 0.011, memory: 37111, loss_mask: 0.0657, loss_texture: 0.0297, iou: 0.8978, loss: 0.0954
2026-05-01 22:23:37,148 - mmdet - INFO - Iter [29925/120000]	lr: 1.000e-04, eta: 1 day, 9:34:36, time: 1.113, data_time: 0.012, memory: 37111, loss_mask: 0.0663, loss_texture: 0.0297, iou: 0.8861, loss: 0.0959
2026-05-01 22:24:04,789 - mmdet - INFO - Iter [29950/120000]	lr: 1.000e-04, eta: 1 day, 9:33:45, time: 1.106, data_time: 0.011, memory: 37111, loss_mask: 0.0609, loss_texture: 0.0264, iou: 0.9038, loss: 0.0873
2026-05-01 22:24:32,480 - mmdet - INFO - Iter [29975/120000]	lr: 1.000e-04, eta: 1 day, 9:32:54, time: 1.108, data_time: 0.012, memory: 37111, loss_mask: 0.0668, loss_texture: 0.0297, iou: 0.8929, loss: 0.0965
2026-05-01 22:25:00,178 - mmdet - INFO - 
--- Val evaluation at iter 30000 ---
2026-05-01 22:26:57,084 - mmdet - INFO - 
+------------+-------------+-------------+
| Class      | Val IoU     | Pseudo IoU  |
+------------+-------------+-------------+
| background | 92.24       | 92.68       |
| building   | 66.72       | 69.14       |
| Summary    | mIoU: 79.48 | mIoU: 80.91 |
+------------+-------------+-------------+
Images evaluated: 218
2026-05-01 22:26:58,435 - mmdet - INFO - Exp name: exp8_all.py
2026-05-01 22:26:58,435 - mmdet - INFO - Iter [30000/120000]	lr: 1.000e-04, eta: 1 day, 9:32:03, time: 1.108, data_time: 0.012, memory: 37111, val/mIoU: 0.7948, val/IoU.building: 0.6672, val/IoU.background: 0.9224, val/Pseudo_mIoU: 0.8091, loss_mask: 0.0691, loss_texture: 0.0306, iou: 0.8850, loss: 0.0997
2026-05-01 22:27:26,093 - mmdet - INFO - Iter [30025/120000]	lr: 1.000e-04, eta: 1 day, 9:37:06, time: 5.837, data_time: 4.743, memory: 37111, loss_mask: 0.0729, loss_texture: 0.0319, iou: 0.8969, loss: 0.1048
2026-05-01 22:27:53,749 - mmdet - INFO - Iter [30050/120000]	lr: 1.000e-04, eta: 1 day, 9:36:15, time: 1.106, data_time: 0.012, memory: 37111, loss_mask: 0.0687, loss_texture: 0.0304, iou: 0.9013, loss: 0.0991
2026-05-01 22:28:21,425 - mmdet - INFO - Iter [30075/120000]	lr: 1.000e-04, eta: 1 day, 9:35:23, time: 1.107, data_time: 0.012, memory: 37111, loss_mask: 0.0579, loss_texture: 0.0266, iou: 0.9059, loss: 0.0846
2026-05-01 22:28:49,146 - mmdet - INFO - Iter [30100/120000]	lr: 1.000e-04, eta: 1 day, 9:34:32, time: 1.109, data_time: 0.012, memory: 37111, loss_mask: 0.0559, loss_texture: 0.0254, iou: 0.9021, loss: 0.0814
2026-05-01 22:29:16,849 - mmdet - INFO - Iter [30125/120000]	lr: 1.000e-04, eta: 1 day, 9:33:41, time: 1.108, data_time: 0.012, memory: 37111, loss_mask: 0.0709, loss_texture: 0.0304, iou: 0.8804, loss: 0.1012
2026-05-01 22:29:44,429 - mmdet - INFO - Iter [30150/120000]	lr: 1.000e-04, eta: 1 day, 9:32:49, time: 1.103, data_time: 0.012, memory: 37111, loss_mask: 0.0746, loss_texture: 0.0302, iou: 0.8887, loss: 0.1048
2026-05-01 22:30:11,862 - mmdet - INFO - Iter [30175/120000]	lr: 1.000e-04, eta: 1 day, 9:31:57, time: 1.097, data_time: 0.012, memory: 37111, loss_mask: 0.0715, loss_texture: 0.0283, iou: 0.8849, loss: 0.0998
2026-05-01 22:30:39,537 - mmdet - INFO - Iter [30200/120000]	lr: 1.000e-04, eta: 1 day, 9:31:06, time: 1.107, data_time: 0.011, memory: 37111, loss_mask: 0.0727, loss_texture: 0.0301, iou: 0.8773, loss: 0.1027
2026-05-01 22:31:07,316 - mmdet - INFO - Iter [30225/120000]	lr: 1.000e-04, eta: 1 day, 9:30:15, time: 1.111, data_time: 0.012, memory: 37111, loss_mask: 0.0679, loss_texture: 0.0290, iou: 0.8846, loss: 0.0969
2026-05-01 22:31:34,866 - mmdet - INFO - Iter [30250/120000]	lr: 1.000e-04, eta: 1 day, 9:29:24, time: 1.102, data_time: 0.011, memory: 37111, loss_mask: 0.0634, loss_texture: 0.0273, iou: 0.8957, loss: 0.0907
2026-05-01 22:32:02,615 - mmdet - INFO - Iter [30275/120000]	lr: 1.000e-04, eta: 1 day, 9:28:33, time: 1.110, data_time: 0.012, memory: 37111, loss_mask: 0.0722, loss_texture: 0.0298, iou: 0.8905, loss: 0.1020
2026-05-01 22:32:30,327 - mmdet - INFO - Iter [30300/120000]	lr: 1.000e-04, eta: 1 day, 9:27:42, time: 1.108, data_time: 0.012, memory: 37111, loss_mask: 0.0795, loss_texture: 0.0341, iou: 0.8885, loss: 0.1136
2026-05-01 22:32:58,091 - mmdet - INFO - Iter [30325/120000]	lr: 1.000e-04, eta: 1 day, 9:26:51, time: 1.111, data_time: 0.012, memory: 37111, loss_mask: 0.0646, loss_texture: 0.0290, iou: 0.8892, loss: 0.0936
2026-05-01 22:33:25,688 - mmdet - INFO - Iter [30350/120000]	lr: 1.000e-04, eta: 1 day, 9:26:00, time: 1.104, data_time: 0.012, memory: 37111, loss_mask: 0.0636, loss_texture: 0.0284, iou: 0.9004, loss: 0.0920
2026-05-01 22:33:53,300 - mmdet - INFO - Iter [30375/120000]	lr: 1.000e-04, eta: 1 day, 9:25:09, time: 1.104, data_time: 0.012, memory: 37111, loss_mask: 0.0616, loss_texture: 0.0272, iou: 0.9073, loss: 0.0888
2026-05-01 22:34:21,031 - mmdet - INFO - Iter [30400/120000]	lr: 1.000e-04, eta: 1 day, 9:24:18, time: 1.109, data_time: 0.012, memory: 37111, loss_mask: 0.0755, loss_texture: 0.0332, iou: 0.8900, loss: 0.1087
2026-05-01 22:34:48,674 - mmdet - INFO - Iter [30425/120000]	lr: 1.000e-04, eta: 1 day, 9:23:27, time: 1.106, data_time: 0.012, memory: 37111, loss_mask: 0.0666, loss_texture: 0.0287, iou: 0.8879, loss: 0.0953
2026-05-01 22:35:16,354 - mmdet - INFO - Iter [30450/120000]	lr: 1.000e-04, eta: 1 day, 9:22:36, time: 1.107, data_time: 0.011, memory: 37111, loss_mask: 0.0673, loss_texture: 0.0308, iou: 0.8957, loss: 0.0982
2026-05-01 22:35:44,030 - mmdet - INFO - Iter [30475/120000]	lr: 1.000e-04, eta: 1 day, 9:21:45, time: 1.107, data_time: 0.012, memory: 37111, loss_mask: 0.0625, loss_texture: 0.0281, iou: 0.8887, loss: 0.0906
2026-05-01 22:36:11,765 - mmdet - INFO - 
--- Val evaluation at iter 30500 ---
2026-05-01 22:38:08,349 - mmdet - INFO - 
+------------+-------------+-------------+
| Class      | Val IoU     | Pseudo IoU  |
+------------+-------------+-------------+
| background | 92.28       | 92.68       |
| building   | 66.78       | 69.14       |
| Summary    | mIoU: 79.53 | mIoU: 80.91 |
+------------+-------------+-------------+
Images evaluated: 218
2026-05-01 22:38:09,726 - mmdet - INFO - Iter [30500/120000]	lr: 1.000e-04, eta: 1 day, 9:20:55, time: 1.109, data_time: 0.011, memory: 37111, val/mIoU: 0.7953, val/IoU.building: 0.6678, val/IoU.background: 0.9228, val/Pseudo_mIoU: 0.8091, loss_mask: 0.0668, loss_texture: 0.0294, iou: 0.8945, loss: 0.0962
2026-05-01 22:38:37,272 - mmdet - INFO - Iter [30525/120000]	lr: 1.000e-04, eta: 1 day, 9:25:50, time: 5.820, data_time: 4.730, memory: 37111, loss_mask: 0.0626, loss_texture: 0.0288, iou: 0.8941, loss: 0.0914
2026-05-01 22:39:04,984 - mmdet - INFO - Iter [30550/120000]	lr: 1.000e-04, eta: 1 day, 9:24:59, time: 1.108, data_time: 0.011, memory: 37111, loss_mask: 0.0676, loss_texture: 0.0296, iou: 0.8893, loss: 0.0973
2026-05-01 22:39:32,546 - mmdet - INFO - Iter [30575/120000]	lr: 1.000e-04, eta: 1 day, 9:24:07, time: 1.102, data_time: 0.012, memory: 37111, loss_mask: 0.0768, loss_texture: 0.0293, iou: 0.8957, loss: 0.1061
2026-05-01 22:40:00,339 - mmdet - INFO - Iter [30600/120000]	lr: 1.000e-04, eta: 1 day, 9:23:17, time: 1.112, data_time: 0.012, memory: 37111, loss_mask: 0.0778, loss_texture: 0.0317, iou: 0.8970, loss: 0.1095
2026-05-01 22:40:27,888 - mmdet - INFO - Iter [30625/120000]	lr: 1.000e-04, eta: 1 day, 9:22:25, time: 1.102, data_time: 0.012, memory: 37111, loss_mask: 0.0667, loss_texture: 0.0275, iou: 0.8873, loss: 0.0942
2026-05-01 22:40:55,531 - mmdet - INFO - Iter [30650/120000]	lr: 1.000e-04, eta: 1 day, 9:21:34, time: 1.106, data_time: 0.012, memory: 37111, loss_mask: 0.0606, loss_texture: 0.0265, iou: 0.8909, loss: 0.0871
2026-05-01 22:41:23,234 - mmdet - INFO - Iter [30675/120000]	lr: 1.000e-04, eta: 1 day, 9:20:44, time: 1.108, data_time: 0.012, memory: 37111, loss_mask: 0.0715, loss_texture: 0.0311, iou: 0.8778, loss: 0.1025
2026-05-01 22:41:50,831 - mmdet - INFO - Iter [30700/120000]	lr: 1.000e-04, eta: 1 day, 9:19:52, time: 1.104, data_time: 0.011, memory: 37111, loss_mask: 0.0559, loss_texture: 0.0251, iou: 0.9023, loss: 0.0810
2026-05-01 22:42:18,450 - mmdet - INFO - Iter [30725/120000]	lr: 1.000e-04, eta: 1 day, 9:19:02, time: 1.105, data_time: 0.012, memory: 37111, loss_mask: 0.0730, loss_texture: 0.0317, iou: 0.9067, loss: 0.1047
2026-05-01 22:42:46,047 - mmdet - INFO - Iter [30750/120000]	lr: 1.000e-04, eta: 1 day, 9:18:11, time: 1.104, data_time: 0.012, memory: 37111, loss_mask: 0.0659, loss_texture: 0.0284, iou: 0.8692, loss: 0.0944
2026-05-01 22:43:13,877 - mmdet - INFO - Iter [30775/120000]	lr: 1.000e-04, eta: 1 day, 9:17:20, time: 1.113, data_time: 0.012, memory: 37111, loss_mask: 0.0724, loss_texture: 0.0320, iou: 0.8952, loss: 0.1045
2026-05-01 22:43:41,603 - mmdet - INFO - Iter [30800/120000]	lr: 1.000e-04, eta: 1 day, 9:16:30, time: 1.109, data_time: 0.012, memory: 37111, loss_mask: 0.0701, loss_texture: 0.0311, iou: 0.9133, loss: 0.1012
2026-05-01 22:44:09,179 - mmdet - INFO - Iter [30825/120000]	lr: 1.000e-04, eta: 1 day, 9:15:39, time: 1.103, data_time: 0.012, memory: 37111, loss_mask: 0.0647, loss_texture: 0.0290, iou: 0.8876, loss: 0.0937
2026-05-01 22:44:36,894 - mmdet - INFO - Iter [30850/120000]	lr: 1.000e-04, eta: 1 day, 9:14:48, time: 1.109, data_time: 0.011, memory: 37111, loss_mask: 0.0633, loss_texture: 0.0292, iou: 0.8952, loss: 0.0925
2026-05-01 22:45:04,586 - mmdet - INFO - Iter [30875/120000]	lr: 1.000e-04, eta: 1 day, 9:13:58, time: 1.108, data_time: 0.012, memory: 37111, loss_mask: 0.0695, loss_texture: 0.0302, iou: 0.9010, loss: 0.0997
2026-05-01 22:45:32,130 - mmdet - INFO - Iter [30900/120000]	lr: 1.000e-04, eta: 1 day, 9:13:07, time: 1.102, data_time: 0.011, memory: 37111, loss_mask: 0.0514, loss_texture: 0.0228, iou: 0.8863, loss: 0.0742
2026-05-01 22:45:59,738 - mmdet - INFO - Iter [30925/120000]	lr: 1.000e-04, eta: 1 day, 9:12:16, time: 1.104, data_time: 0.012, memory: 37111, loss_mask: 0.0664, loss_texture: 0.0287, iou: 0.8811, loss: 0.0952
2026-05-01 22:46:27,375 - mmdet - INFO - Iter [30950/120000]	lr: 1.000e-04, eta: 1 day, 9:11:26, time: 1.105, data_time: 0.011, memory: 37111, loss_mask: 0.0601, loss_texture: 0.0275, iou: 0.9048, loss: 0.0876
2026-05-01 22:46:55,083 - mmdet - INFO - Iter [30975/120000]	lr: 1.000e-04, eta: 1 day, 9:10:35, time: 1.108, data_time: 0.012, memory: 37111, loss_mask: 0.0624, loss_texture: 0.0288, iou: 0.9130, loss: 0.0913
2026-05-01 22:47:22,625 - mmdet - INFO - 
--- Val evaluation at iter 31000 ---
2026-05-01 22:49:19,357 - mmdet - INFO - 
+------------+-------------+-------------+
| Class      | Val IoU     | Pseudo IoU  |
+------------+-------------+-------------+
| background | 92.20       | 92.68       |
| building   | 66.45       | 69.14       |
| Summary    | mIoU: 79.33 | mIoU: 80.91 |
+------------+-------------+-------------+
Images evaluated: 218
2026-05-01 22:49:20,722 - mmdet - INFO - Exp name: exp8_all.py
2026-05-01 22:49:20,722 - mmdet - INFO - Iter [31000/120000]	lr: 1.000e-04, eta: 1 day, 9:09:45, time: 1.102, data_time: 0.011, memory: 37111, val/mIoU: 0.7933, val/IoU.building: 0.6645, val/IoU.background: 0.9220, val/Pseudo_mIoU: 0.8091, loss_mask: 0.0572, loss_texture: 0.0262, iou: 0.8914, loss: 0.0833
2026-05-01 22:49:48,298 - mmdet - INFO - Iter [31025/120000]	lr: 1.000e-04, eta: 1 day, 9:14:33, time: 5.827, data_time: 4.736, memory: 37111, loss_mask: 0.0599, loss_texture: 0.0270, iou: 0.9085, loss: 0.0868
2026-05-01 22:50:15,808 - mmdet - INFO - Iter [31050/120000]	lr: 1.000e-04, eta: 1 day, 9:13:42, time: 1.100, data_time: 0.012, memory: 37111, loss_mask: 0.0604, loss_texture: 0.0269, iou: 0.8941, loss: 0.0874
2026-05-01 22:50:43,529 - mmdet - INFO - Iter [31075/120000]	lr: 1.000e-04, eta: 1 day, 9:12:51, time: 1.109, data_time: 0.012, memory: 37111, loss_mask: 0.0728, loss_texture: 0.0321, iou: 0.9004, loss: 0.1049
2026-05-01 22:51:11,130 - mmdet - INFO - Iter [31100/120000]	lr: 1.000e-04, eta: 1 day, 9:12:00, time: 1.104, data_time: 0.012, memory: 37111, loss_mask: 0.0674, loss_texture: 0.0295, iou: 0.8788, loss: 0.0969
2026-05-01 22:51:38,826 - mmdet - INFO - Iter [31125/120000]	lr: 1.000e-04, eta: 1 day, 9:11:10, time: 1.108, data_time: 0.012, memory: 37111, loss_mask: 0.0555, loss_texture: 0.0259, iou: 0.9050, loss: 0.0814
2026-05-01 22:52:06,571 - mmdet - INFO - Iter [31150/120000]	lr: 1.000e-04, eta: 1 day, 9:10:19, time: 1.110, data_time: 0.012, memory: 37111, loss_mask: 0.0635, loss_texture: 0.0286, iou: 0.9034, loss: 0.0921
2026-05-01 22:52:34,340 - mmdet - INFO - Iter [31175/120000]	lr: 1.000e-04, eta: 1 day, 9:09:29, time: 1.111, data_time: 0.012, memory: 37111, loss_mask: 0.0674, loss_texture: 0.0300, iou: 0.9041, loss: 0.0974
2026-05-01 22:53:01,976 - mmdet - INFO - Iter [31200/120000]	lr: 1.000e-04, eta: 1 day, 9:08:39, time: 1.105, data_time: 0.011, memory: 37111, loss_mask: 0.0644, loss_texture: 0.0296, iou: 0.9052, loss: 0.0939
2026-05-01 22:53:29,592 - mmdet - INFO - Iter [31225/120000]	lr: 1.000e-04, eta: 1 day, 9:07:48, time: 1.105, data_time: 0.012, memory: 37111, loss_mask: 0.0640, loss_texture: 0.0292, iou: 0.8940, loss: 0.0932
2026-05-01 22:53:57,346 - mmdet - INFO - Iter [31250/120000]	lr: 1.000e-04, eta: 1 day, 9:06:58, time: 1.110, data_time: 0.012, memory: 37111, loss_mask: 0.0715, loss_texture: 0.0318, iou: 0.9073, loss: 0.1033
2026-05-01 22:54:24,849 - mmdet - INFO - Iter [31275/120000]	lr: 1.000e-04, eta: 1 day, 9:06:07, time: 1.100, data_time: 0.012, memory: 37111, loss_mask: 0.0575, loss_texture: 0.0260, iou: 0.8851, loss: 0.0835
2026-05-01 22:54:52,500 - mmdet - INFO - Iter [31300/120000]	lr: 1.000e-04, eta: 1 day, 9:05:17, time: 1.106, data_time: 0.012, memory: 37111, loss_mask: 0.0723, loss_texture: 0.0324, iou: 0.8905, loss: 0.1047
2026-05-01 22:55:20,186 - mmdet - INFO - Iter [31325/120000]	lr: 1.000e-04, eta: 1 day, 9:04:26, time: 1.107, data_time: 0.012, memory: 37111, loss_mask: 0.0568, loss_texture: 0.0265, iou: 0.9002, loss: 0.0834
2026-05-01 22:55:47,874 - mmdet - INFO - Iter [31350/120000]	lr: 1.000e-04, eta: 1 day, 9:03:36, time: 1.108, data_time: 0.012, memory: 37111, loss_mask: 0.0661, loss_texture: 0.0298, iou: 0.9013, loss: 0.0959
2026-05-01 22:56:15,516 - mmdet - INFO - Iter [31375/120000]	lr: 1.000e-04, eta: 1 day, 9:02:46, time: 1.106, data_time: 0.012, memory: 37111, loss_mask: 0.0654, loss_texture: 0.0294, iou: 0.9072, loss: 0.0948
2026-05-01 22:56:42,989 - mmdet - INFO - Iter [31400/120000]	lr: 1.000e-04, eta: 1 day, 9:01:55, time: 1.099, data_time: 0.011, memory: 37111, loss_mask: 0.0605, loss_texture: 0.0266, iou: 0.8983, loss: 0.0870
2026-05-01 22:57:10,717 - mmdet - INFO - Iter [31425/120000]	lr: 1.000e-04, eta: 1 day, 9:01:05, time: 1.109, data_time: 0.012, memory: 37111, loss_mask: 0.0615, loss_texture: 0.0278, iou: 0.8976, loss: 0.0894
2026-05-01 22:57:38,422 - mmdet - INFO - Iter [31450/120000]	lr: 1.000e-04, eta: 1 day, 9:00:15, time: 1.108, data_time: 0.011, memory: 37111, loss_mask: 0.0654, loss_texture: 0.0294, iou: 0.8940, loss: 0.0948
2026-05-01 22:58:06,186 - mmdet - INFO - Iter [31475/120000]	lr: 1.000e-04, eta: 1 day, 8:59:25, time: 1.111, data_time: 0.012, memory: 37111, loss_mask: 0.0638, loss_texture: 0.0282, iou: 0.9008, loss: 0.0920
2026-05-01 22:58:33,853 - mmdet - INFO - 
--- Val evaluation at iter 31500 ---
2026-05-01 23:00:30,394 - mmdet - INFO - 
+------------+-------------+-------------+
| Class      | Val IoU     | Pseudo IoU  |
+------------+-------------+-------------+
| background | 92.30       | 92.68       |
| building   | 67.28       | 69.14       |
| Summary    | mIoU: 79.79 | mIoU: 80.91 |
+------------+-------------+-------------+
Images evaluated: 218
2026-05-01 23:00:31,761 - mmdet - INFO - Iter [31500/120000]	lr: 1.000e-04, eta: 1 day, 8:58:35, time: 1.107, data_time: 0.012, memory: 37111, val/mIoU: 0.7979, val/IoU.building: 0.6728, val/IoU.background: 0.9230, val/Pseudo_mIoU: 0.8091, loss_mask: 0.0668, loss_texture: 0.0291, iou: 0.9033, loss: 0.0959
2026-05-01 23:00:59,501 - mmdet - INFO - Iter [31525/120000]	lr: 1.000e-04, eta: 1 day, 9:03:16, time: 5.826, data_time: 4.729, memory: 37111, loss_mask: 0.0709, loss_texture: 0.0310, iou: 0.8879, loss: 0.1019
2026-05-01 23:01:27,249 - mmdet - INFO - Iter [31550/120000]	lr: 1.000e-04, eta: 1 day, 9:02:26, time: 1.110, data_time: 0.011, memory: 37111, loss_mask: 0.0715, loss_texture: 0.0306, iou: 0.9025, loss: 0.1021
2026-05-01 23:01:54,853 - mmdet - INFO - Iter [31575/120000]	lr: 1.000e-04, eta: 1 day, 9:01:36, time: 1.104, data_time: 0.012, memory: 37111, loss_mask: 0.0646, loss_texture: 0.0282, iou: 0.8932, loss: 0.0927
2026-05-01 23:02:22,458 - mmdet - INFO - Iter [31600/120000]	lr: 1.000e-04, eta: 1 day, 9:00:45, time: 1.104, data_time: 0.012, memory: 37111, loss_mask: 0.0662, loss_texture: 0.0280, iou: 0.8827, loss: 0.0942
2026-05-01 23:02:50,024 - mmdet - INFO - Iter [31625/120000]	lr: 1.000e-04, eta: 1 day, 8:59:55, time: 1.103, data_time: 0.012, memory: 37111, loss_mask: 0.0588, loss_texture: 0.0262, iou: 0.8916, loss: 0.0850
2026-05-01 23:03:17,840 - mmdet - INFO - Iter [31650/120000]	lr: 1.000e-04, eta: 1 day, 8:59:05, time: 1.113, data_time: 0.012, memory: 37111, loss_mask: 0.0699, loss_texture: 0.0304, iou: 0.9044, loss: 0.1003
2026-05-01 23:03:45,607 - mmdet - INFO - Iter [31675/120000]	lr: 1.000e-04, eta: 1 day, 8:58:15, time: 1.111, data_time: 0.012, memory: 37111, loss_mask: 0.0648, loss_texture: 0.0288, iou: 0.9041, loss: 0.0937
2026-05-01 23:04:13,331 - mmdet - INFO - Iter [31700/120000]	lr: 1.000e-04, eta: 1 day, 8:57:25, time: 1.109, data_time: 0.012, memory: 37111, loss_mask: 0.0680, loss_texture: 0.0288, iou: 0.8723, loss: 0.0968
2026-05-01 23:04:40,926 - mmdet - INFO - Iter [31725/120000]	lr: 1.000e-04, eta: 1 day, 8:56:35, time: 1.104, data_time: 0.012, memory: 37111, loss_mask: 0.0632, loss_texture: 0.0282, iou: 0.8949, loss: 0.0914
2026-05-01 23:05:08,572 - mmdet - INFO - Iter [31750/120000]	lr: 1.000e-04, eta: 1 day, 8:55:45, time: 1.106, data_time: 0.012, memory: 37111, loss_mask: 0.0596, loss_texture: 0.0267, iou: 0.9096, loss: 0.0863
2026-05-01 23:05:36,281 - mmdet - INFO - Iter [31775/120000]	lr: 1.000e-04, eta: 1 day, 8:54:55, time: 1.108, data_time: 0.012, memory: 37111, loss_mask: 0.0661, loss_texture: 0.0288, iou: 0.8938, loss: 0.0949
2026-05-01 23:06:04,001 - mmdet - INFO - Iter [31800/120000]	lr: 1.000e-04, eta: 1 day, 8:54:05, time: 1.109, data_time: 0.012, memory: 37111, loss_mask: 0.0585, loss_texture: 0.0270, iou: 0.9014, loss: 0.0855
2026-05-01 23:06:31,642 - mmdet - INFO - Iter [31825/120000]	lr: 1.000e-04, eta: 1 day, 8:53:15, time: 1.106, data_time: 0.012, memory: 37111, loss_mask: 0.0609, loss_texture: 0.0276, iou: 0.8930, loss: 0.0885
2026-05-01 23:06:59,317 - mmdet - INFO - Iter [31850/120000]	lr: 1.000e-04, eta: 1 day, 8:52:25, time: 1.107, data_time: 0.012, memory: 37111, loss_mask: 0.0609, loss_texture: 0.0274, iou: 0.8991, loss: 0.0883
2026-05-01 23:07:27,017 - mmdet - INFO - Iter [31875/120000]	lr: 1.000e-04, eta: 1 day, 8:51:36, time: 1.108, data_time: 0.012, memory: 37111, loss_mask: 0.0701, loss_texture: 0.0287, iou: 0.9045, loss: 0.0989
2026-05-01 23:07:54,715 - mmdet - INFO - Iter [31900/120000]	lr: 1.000e-04, eta: 1 day, 8:50:46, time: 1.108, data_time: 0.011, memory: 37111, loss_mask: 0.0703, loss_texture: 0.0311, iou: 0.8953, loss: 0.1014
2026-05-01 23:08:22,514 - mmdet - INFO - Iter [31925/120000]	lr: 1.000e-04, eta: 1 day, 8:49:56, time: 1.112, data_time: 0.012, memory: 37111, loss_mask: 0.0687, loss_texture: 0.0302, iou: 0.8930, loss: 0.0989
2026-05-01 23:08:50,294 - mmdet - INFO - Iter [31950/120000]	lr: 1.000e-04, eta: 1 day, 8:49:07, time: 1.111, data_time: 0.011, memory: 37111, loss_mask: 0.0730, loss_texture: 0.0326, iou: 0.9031, loss: 0.1056
2026-05-01 23:09:17,865 - mmdet - INFO - Iter [31975/120000]	lr: 1.000e-04, eta: 1 day, 8:48:17, time: 1.103, data_time: 0.012, memory: 37111, loss_mask: 0.0616, loss_texture: 0.0277, iou: 0.8996, loss: 0.0893
2026-05-01 23:09:45,443 - mmdet - INFO - 
--- Val evaluation at iter 32000 ---
2026-05-01 23:11:42,042 - mmdet - INFO - 
+------------+-------------+-------------+
| Class      | Val IoU     | Pseudo IoU  |
+------------+-------------+-------------+
| background | 92.39       | 92.68       |
| building   | 67.37       | 69.14       |
| Summary    | mIoU: 79.88 | mIoU: 80.91 |
+------------+-------------+-------------+
Images evaluated: 218
2026-05-01 23:11:43,383 - mmdet - INFO - Exp name: exp8_all.py
2026-05-01 23:11:43,383 - mmdet - INFO - Iter [32000/120000]	lr: 1.000e-04, eta: 1 day, 8:47:27, time: 1.103, data_time: 0.011, memory: 37111, val/mIoU: 0.7988, val/IoU.building: 0.6737, val/IoU.background: 0.9239, val/Pseudo_mIoU: 0.8091, loss_mask: 0.0556, loss_texture: 0.0250, iou: 0.8830, loss: 0.0805
2026-05-01 23:12:11,043 - mmdet - INFO - Iter [32025/120000]	lr: 1.000e-04, eta: 1 day, 8:52:01, time: 5.824, data_time: 4.731, memory: 37111, loss_mask: 0.0652, loss_texture: 0.0285, iou: 0.8986, loss: 0.0938
2026-05-01 23:12:38,725 - mmdet - INFO - Iter [32050/120000]	lr: 1.000e-04, eta: 1 day, 8:51:11, time: 1.107, data_time: 0.012, memory: 37111, loss_mask: 0.0680, loss_texture: 0.0300, iou: 0.8839, loss: 0.0979
2026-05-01 23:13:06,351 - mmdet - INFO - Iter [32075/120000]	lr: 1.000e-04, eta: 1 day, 8:50:21, time: 1.105, data_time: 0.012, memory: 37111, loss_mask: 0.0607, loss_texture: 0.0278, iou: 0.8915, loss: 0.0886
2026-05-01 23:13:34,027 - mmdet - INFO - Iter [32100/120000]	lr: 1.000e-04, eta: 1 day, 8:49:32, time: 1.107, data_time: 0.012, memory: 37111, loss_mask: 0.0585, loss_texture: 0.0263, iou: 0.9073, loss: 0.0849
2026-05-01 23:14:01,671 - mmdet - INFO - Iter [32125/120000]	lr: 1.000e-04, eta: 1 day, 8:48:42, time: 1.106, data_time: 0.012, memory: 37111, loss_mask: 0.0645, loss_texture: 0.0279, iou: 0.8906, loss: 0.0924
2026-05-01 23:14:29,275 - mmdet - INFO - Iter [32150/120000]	lr: 1.000e-04, eta: 1 day, 8:47:52, time: 1.104, data_time: 0.012, memory: 37111, loss_mask: 0.0667, loss_texture: 0.0291, iou: 0.8881, loss: 0.0958
2026-05-01 23:14:56,960 - mmdet - INFO - Iter [32175/120000]	lr: 1.000e-04, eta: 1 day, 8:47:02, time: 1.107, data_time: 0.012, memory: 37111, loss_mask: 0.0596, loss_texture: 0.0266, iou: 0.9046, loss: 0.0862
2026-05-01 23:15:24,888 - mmdet - INFO - Iter [32200/120000]	lr: 1.000e-04, eta: 1 day, 8:46:13, time: 1.117, data_time: 0.012, memory: 37111, loss_mask: 0.0679, loss_texture: 0.0293, iou: 0.9103, loss: 0.0973
2026-05-01 23:15:52,454 - mmdet - INFO - Iter [32225/120000]	lr: 1.000e-04, eta: 1 day, 8:45:23, time: 1.103, data_time: 0.012, memory: 37111, loss_mask: 0.0624, loss_texture: 0.0282, iou: 0.8948, loss: 0.0906
2026-05-01 23:16:20,048 - mmdet - INFO - Iter [32250/120000]	lr: 1.000e-04, eta: 1 day, 8:44:33, time: 1.104, data_time: 0.011, memory: 37111, loss_mask: 0.0614, loss_texture: 0.0276, iou: 0.8895, loss: 0.0890
2026-05-01 23:16:47,683 - mmdet - INFO - Iter [32275/120000]	lr: 1.000e-04, eta: 1 day, 8:43:43, time: 1.105, data_time: 0.012, memory: 37111, loss_mask: 0.0671, loss_texture: 0.0298, iou: 0.8855, loss: 0.0969
2026-05-01 23:17:15,431 - mmdet - INFO - Iter [32300/120000]	lr: 1.000e-04, eta: 1 day, 8:42:54, time: 1.110, data_time: 0.012, memory: 37111, loss_mask: 0.0702, loss_texture: 0.0318, iou: 0.9008, loss: 0.1019
2026-05-01 23:17:43,071 - mmdet - INFO - Iter [32325/120000]	lr: 1.000e-04, eta: 1 day, 8:42:04, time: 1.106, data_time: 0.012, memory: 37111, loss_mask: 0.0619, loss_texture: 0.0276, iou: 0.8981, loss: 0.0895
2026-05-01 23:18:10,816 - mmdet - INFO - Iter [32350/120000]	lr: 1.000e-04, eta: 1 day, 8:41:15, time: 1.110, data_time: 0.011, memory: 37111, loss_mask: 0.0650, loss_texture: 0.0290, iou: 0.8909, loss: 0.0939
2026-05-01 23:18:38,384 - mmdet - INFO - Iter [32375/120000]	lr: 1.000e-04, eta: 1 day, 8:40:25, time: 1.103, data_time: 0.012, memory: 37111, loss_mask: 0.0637, loss_texture: 0.0280, iou: 0.9071, loss: 0.0916
2026-05-01 23:19:06,183 - mmdet - INFO - Iter [32400/120000]	lr: 1.000e-04, eta: 1 day, 8:39:36, time: 1.112, data_time: 0.011, memory: 37111, loss_mask: 0.0657, loss_texture: 0.0300, iou: 0.9019, loss: 0.0957
2026-05-01 23:19:33,915 - mmdet - INFO - Iter [32425/120000]	lr: 1.000e-04, eta: 1 day, 8:38:47, time: 1.109, data_time: 0.012, memory: 37111, loss_mask: 0.0709, loss_texture: 0.0316, iou: 0.8938, loss: 0.1025
2026-05-01 23:20:01,532 - mmdet - INFO - Iter [32450/120000]	lr: 1.000e-04, eta: 1 day, 8:37:57, time: 1.105, data_time: 0.012, memory: 37111, loss_mask: 0.0680, loss_texture: 0.0285, iou: 0.8940, loss: 0.0965
2026-05-01 23:20:29,081 - mmdet - INFO - Iter [32475/120000]	lr: 1.000e-04, eta: 1 day, 8:37:07, time: 1.102, data_time: 0.012, memory: 37111, loss_mask: 0.0606, loss_texture: 0.0268, iou: 0.8970, loss: 0.0874
2026-05-01 23:20:56,849 - mmdet - INFO - 
--- Val evaluation at iter 32500 ---
2026-05-01 23:22:53,711 - mmdet - INFO - 
+------------+-------------+-------------+
| Class      | Val IoU     | Pseudo IoU  |
+------------+-------------+-------------+
| background | 92.44       | 92.68       |
| building   | 67.92       | 69.14       |
| Summary    | mIoU: 80.18 | mIoU: 80.91 |
+------------+-------------+-------------+
Images evaluated: 218
2026-05-01 23:22:55,090 - mmdet - INFO - Iter [32500/120000]	lr: 1.000e-04, eta: 1 day, 8:36:18, time: 1.111, data_time: 0.012, memory: 37111, val/mIoU: 0.8018, val/IoU.building: 0.6792, val/IoU.background: 0.9244, val/Pseudo_mIoU: 0.8091, loss_mask: 0.0647, loss_texture: 0.0289, iou: 0.9083, loss: 0.0937
2026-05-01 23:23:22,900 - mmdet - INFO - Iter [32525/120000]	lr: 1.000e-04, eta: 1 day, 8:40:47, time: 5.842, data_time: 4.742, memory: 37111, loss_mask: 0.0620, loss_texture: 0.0279, iou: 0.9026, loss: 0.0900
2026-05-01 23:23:50,626 - mmdet - INFO - Iter [32550/120000]	lr: 1.000e-04, eta: 1 day, 8:39:58, time: 1.109, data_time: 0.012, memory: 37111, loss_mask: 0.0578, loss_texture: 0.0269, iou: 0.8941, loss: 0.0847
2026-05-01 23:24:18,339 - mmdet - INFO - Iter [32575/120000]	lr: 1.000e-04, eta: 1 day, 8:39:08, time: 1.108, data_time: 0.012, memory: 37111, loss_mask: 0.0669, loss_texture: 0.0306, iou: 0.8778, loss: 0.0975
2026-05-01 23:24:45,972 - mmdet - INFO - Iter [32600/120000]	lr: 1.000e-04, eta: 1 day, 8:38:19, time: 1.105, data_time: 0.012, memory: 37111, loss_mask: 0.0662, loss_texture: 0.0300, iou: 0.9025, loss: 0.0961
2026-05-01 23:25:13,490 - mmdet - INFO - Iter [32625/120000]	lr: 1.000e-04, eta: 1 day, 8:37:29, time: 1.101, data_time: 0.012, memory: 37111, loss_mask: 0.0528, loss_texture: 0.0246, iou: 0.9108, loss: 0.0774
2026-05-01 23:25:41,170 - mmdet - INFO - Iter [32650/120000]	lr: 1.000e-04, eta: 1 day, 8:36:39, time: 1.107, data_time: 0.012, memory: 37111, loss_mask: 0.0638, loss_texture: 0.0287, iou: 0.8982, loss: 0.0925
2026-05-01 23:26:08,717 - mmdet - INFO - Iter [32675/120000]	lr: 1.000e-04, eta: 1 day, 8:35:49, time: 1.102, data_time: 0.012, memory: 37111, loss_mask: 0.0664, loss_texture: 0.0297, iou: 0.8956, loss: 0.0961
2026-05-01 23:26:36,317 - mmdet - INFO - Iter [32700/120000]	lr: 1.000e-04, eta: 1 day, 8:35:00, time: 1.104, data_time: 0.011, memory: 37111, loss_mask: 0.0600, loss_texture: 0.0268, iou: 0.9044, loss: 0.0868
2026-05-01 23:27:04,088 - mmdet - INFO - Iter [32725/120000]	lr: 1.000e-04, eta: 1 day, 8:34:11, time: 1.111, data_time: 0.012, memory: 37111, loss_mask: 0.0630, loss_texture: 0.0293, iou: 0.9099, loss: 0.0923
2026-05-01 23:27:31,754 - mmdet - INFO - Iter [32750/120000]	lr: 1.000e-04, eta: 1 day, 8:33:21, time: 1.107, data_time: 0.012, memory: 37111, loss_mask: 0.0678, loss_texture: 0.0305, iou: 0.8962, loss: 0.0983
2026-05-01 23:27:59,423 - mmdet - INFO - Iter [32775/120000]	lr: 1.000e-04, eta: 1 day, 8:32:32, time: 1.107, data_time: 0.012, memory: 37111, loss_mask: 0.0596, loss_texture: 0.0271, iou: 0.9022, loss: 0.0867
2026-05-01 23:28:27,021 - mmdet - INFO - Iter [32800/120000]	lr: 1.000e-04, eta: 1 day, 8:31:43, time: 1.104, data_time: 0.012, memory: 37111, loss_mask: 0.0582, loss_texture: 0.0259, iou: 0.8924, loss: 0.0840
2026-05-01 23:28:54,661 - mmdet - INFO - Iter [32825/120000]	lr: 1.000e-04, eta: 1 day, 8:30:53, time: 1.106, data_time: 0.012, memory: 37111, loss_mask: 0.0691, loss_texture: 0.0290, iou: 0.8924, loss: 0.0982
2026-05-01 23:29:22,334 - mmdet - INFO - Iter [32850/120000]	lr: 1.000e-04, eta: 1 day, 8:30:04, time: 1.107, data_time: 0.011, memory: 37111, loss_mask: 0.0769, loss_texture: 0.0320, iou: 0.8907, loss: 0.1089
2026-05-01 23:29:50,088 - mmdet - INFO - Iter [32875/120000]	lr: 1.000e-04, eta: 1 day, 8:29:15, time: 1.110, data_time: 0.012, memory: 37111, loss_mask: 0.0641, loss_texture: 0.0295, iou: 0.8857, loss: 0.0937
2026-05-01 23:30:17,909 - mmdet - INFO - Iter [32900/120000]	lr: 1.000e-04, eta: 1 day, 8:28:26, time: 1.113, data_time: 0.012, memory: 37111, loss_mask: 0.0631, loss_texture: 0.0282, iou: 0.8943, loss: 0.0913
2026-05-01 23:30:45,585 - mmdet - INFO - Iter [32925/120000]	lr: 1.000e-04, eta: 1 day, 8:27:37, time: 1.107, data_time: 0.012, memory: 37111, loss_mask: 0.0631, loss_texture: 0.0285, iou: 0.8973, loss: 0.0916
2026-05-01 23:31:13,249 - mmdet - INFO - Iter [32950/120000]	lr: 1.000e-04, eta: 1 day, 8:26:48, time: 1.107, data_time: 0.012, memory: 37111, loss_mask: 0.0618, loss_texture: 0.0279, iou: 0.8993, loss: 0.0897
2026-05-01 23:31:40,793 - mmdet - INFO - Iter [32975/120000]	lr: 1.000e-04, eta: 1 day, 8:25:59, time: 1.102, data_time: 0.012, memory: 37111, loss_mask: 0.0595, loss_texture: 0.0248, iou: 0.8919, loss: 0.0844
2026-05-01 23:32:08,493 - mmdet - INFO - 
--- Val evaluation at iter 33000 ---
2026-05-01 23:34:07,865 - mmdet - INFO - 
+------------+-------------+-------------+
| Class      | Val IoU     | Pseudo IoU  |
+------------+-------------+-------------+
| background | 92.32       | 92.68       |
| building   | 67.56       | 69.14       |
| Summary    | mIoU: 79.94 | mIoU: 80.91 |
+------------+-------------+-------------+
Images evaluated: 218
2026-05-01 23:34:09,253 - mmdet - INFO - Exp name: exp8_all.py
2026-05-01 23:34:09,253 - mmdet - INFO - Iter [33000/120000]	lr: 1.000e-04, eta: 1 day, 8:25:10, time: 1.108, data_time: 0.012, memory: 37111, val/mIoU: 0.7994, val/IoU.building: 0.6756, val/IoU.background: 0.9232, val/Pseudo_mIoU: 0.8091, loss_mask: 0.0924, loss_texture: 0.0313, iou: 0.8766, loss: 0.1236
2026-05-01 23:34:37,006 - mmdet - INFO - Iter [33025/120000]	lr: 1.000e-04, eta: 1 day, 8:29:39, time: 5.941, data_time: 4.843, memory: 37111, loss_mask: 0.0754, loss_texture: 0.0283, iou: 0.8864, loss: 0.1037
2026-05-01 23:35:05,192 - mmdet - INFO - Iter [33050/120000]	lr: 1.000e-04, eta: 1 day, 8:28:51, time: 1.127, data_time: 0.012, memory: 37111, loss_mask: 0.0699, loss_texture: 0.0297, iou: 0.9036, loss: 0.0995
2026-05-01 23:35:33,077 - mmdet - INFO - Iter [33075/120000]	lr: 1.000e-04, eta: 1 day, 8:28:02, time: 1.115, data_time: 0.012, memory: 37111, loss_mask: 0.0657, loss_texture: 0.0277, iou: 0.8888, loss: 0.0935
2026-05-01 23:36:00,964 - mmdet - INFO - Iter [33100/120000]	lr: 1.000e-04, eta: 1 day, 8:27:14, time: 1.115, data_time: 0.012, memory: 37111, loss_mask: 0.0708, loss_texture: 0.0291, iou: 0.8785, loss: 0.0998
2026-05-01 23:36:28,806 - mmdet - INFO - Iter [33125/120000]	lr: 1.000e-04, eta: 1 day, 8:26:25, time: 1.114, data_time: 0.012, memory: 37111, loss_mask: 0.0756, loss_texture: 0.0313, iou: 0.8804, loss: 0.1069
2026-05-01 23:36:56,641 - mmdet - INFO - Iter [33150/120000]	lr: 1.000e-04, eta: 1 day, 8:25:36, time: 1.113, data_time: 0.012, memory: 37111, loss_mask: 0.0739, loss_texture: 0.0312, iou: 0.9008, loss: 0.1051
2026-05-01 23:37:24,386 - mmdet - INFO - Iter [33175/120000]	lr: 1.000e-04, eta: 1 day, 8:24:47, time: 1.110, data_time: 0.013, memory: 37111, loss_mask: 0.0548, loss_texture: 0.0238, iou: 0.8920, loss: 0.0786
2026-05-01 23:37:52,169 - mmdet - INFO - Iter [33200/120000]	lr: 1.000e-04, eta: 1 day, 8:23:59, time: 1.111, data_time: 0.012, memory: 37111, loss_mask: 0.0651, loss_texture: 0.0283, iou: 0.8943, loss: 0.0933
2026-05-01 23:38:19,996 - mmdet - INFO - Iter [33225/120000]	lr: 1.000e-04, eta: 1 day, 8:23:10, time: 1.113, data_time: 0.012, memory: 37111, loss_mask: 0.0677, loss_texture: 0.0299, iou: 0.8951, loss: 0.0976
2026-05-01 23:38:47,732 - mmdet - INFO - Iter [33250/120000]	lr: 1.000e-04, eta: 1 day, 8:22:21, time: 1.109, data_time: 0.012, memory: 37111, loss_mask: 0.0602, loss_texture: 0.0276, iou: 0.8957, loss: 0.0879
2026-05-01 23:39:15,294 - mmdet - INFO - Iter [33275/120000]	lr: 1.000e-04, eta: 1 day, 8:21:32, time: 1.102, data_time: 0.012, memory: 37111, loss_mask: 0.0667, loss_texture: 0.0295, iou: 0.8819, loss: 0.0962
2026-05-01 23:39:43,049 - mmdet - INFO - Iter [33300/120000]	lr: 1.000e-04, eta: 1 day, 8:20:43, time: 1.110, data_time: 0.012, memory: 37111, loss_mask: 0.0601, loss_texture: 0.0267, iou: 0.9049, loss: 0.0868
2026-05-01 23:40:10,987 - mmdet - INFO - Iter [33325/120000]	lr: 1.000e-04, eta: 1 day, 8:19:55, time: 1.118, data_time: 0.013, memory: 37111, loss_mask: 0.0701, loss_texture: 0.0314, iou: 0.8659, loss: 0.1015
2026-05-01 23:40:38,739 - mmdet - INFO - Iter [33350/120000]	lr: 1.000e-04, eta: 1 day, 8:19:06, time: 1.110, data_time: 0.012, memory: 37111, loss_mask: 0.0603, loss_texture: 0.0269, iou: 0.9090, loss: 0.0872
2026-05-01 23:41:06,483 - mmdet - INFO - Iter [33375/120000]	lr: 1.000e-04, eta: 1 day, 8:18:17, time: 1.110, data_time: 0.012, memory: 37111, loss_mask: 0.0715, loss_texture: 0.0304, iou: 0.9025, loss: 0.1019
2026-05-01 23:41:34,135 - mmdet - INFO - Iter [33400/120000]	lr: 1.000e-04, eta: 1 day, 8:17:29, time: 1.106, data_time: 0.012, memory: 37111, loss_mask: 0.0634, loss_texture: 0.0289, iou: 0.9044, loss: 0.0923
2026-05-01 23:42:01,771 - mmdet - INFO - Iter [33425/120000]	lr: 1.000e-04, eta: 1 day, 8:16:40, time: 1.105, data_time: 0.012, memory: 37111, loss_mask: 0.0652, loss_texture: 0.0282, iou: 0.9095, loss: 0.0934
2026-05-01 23:42:29,418 - mmdet - INFO - Iter [33450/120000]	lr: 1.000e-04, eta: 1 day, 8:15:51, time: 1.106, data_time: 0.011, memory: 37111, loss_mask: 0.0628, loss_texture: 0.0279, iou: 0.8824, loss: 0.0907
2026-05-01 23:42:57,184 - mmdet - INFO - Iter [33475/120000]	lr: 1.000e-04, eta: 1 day, 8:15:02, time: 1.111, data_time: 0.012, memory: 37111, loss_mask: 0.0661, loss_texture: 0.0301, iou: 0.8968, loss: 0.0962
2026-05-01 23:43:24,944 - mmdet - INFO - 
--- Val evaluation at iter 33500 ---
2026-05-01 23:45:22,938 - mmdet - INFO - 
+------------+-------------+-------------+
| Class      | Val IoU     | Pseudo IoU  |
+------------+-------------+-------------+
| background | 92.17       | 92.68       |
| building   | 66.51       | 69.14       |
| Summary    | mIoU: 79.34 | mIoU: 80.91 |
+------------+-------------+-------------+
Images evaluated: 218
2026-05-01 23:45:24,320 - mmdet - INFO - Iter [33500/120000]	lr: 1.000e-04, eta: 1 day, 8:14:14, time: 1.110, data_time: 0.012, memory: 37111, val/mIoU: 0.7934, val/IoU.building: 0.6651, val/IoU.background: 0.9217, val/Pseudo_mIoU: 0.8091, loss_mask: 0.0631, loss_texture: 0.0287, iou: 0.8936, loss: 0.0917
2026-05-01 23:45:52,052 - mmdet - INFO - Iter [33525/120000]	lr: 1.000e-04, eta: 1 day, 8:18:33, time: 5.884, data_time: 4.787, memory: 37111, loss_mask: 0.0703, loss_texture: 0.0313, iou: 0.9058, loss: 0.1016
2026-05-01 23:46:19,853 - mmdet - INFO - Iter [33550/120000]	lr: 1.000e-04, eta: 1 day, 8:17:45, time: 1.112, data_time: 0.011, memory: 37111, loss_mask: 0.0712, loss_texture: 0.0313, iou: 0.8896, loss: 0.1025
2026-05-01 23:46:47,691 - mmdet - INFO - Iter [33575/120000]	lr: 1.000e-04, eta: 1 day, 8:16:56, time: 1.113, data_time: 0.012, memory: 37111, loss_mask: 0.0723, loss_texture: 0.0331, iou: 0.8919, loss: 0.1054
2026-05-01 23:47:15,382 - mmdet - INFO - Iter [33600/120000]	lr: 1.000e-04, eta: 1 day, 8:16:07, time: 1.108, data_time: 0.012, memory: 37111, loss_mask: 0.0564, loss_texture: 0.0253, iou: 0.8998, loss: 0.0817
2026-05-01 23:47:43,012 - mmdet - INFO - Iter [33625/120000]	lr: 1.000e-04, eta: 1 day, 8:15:18, time: 1.105, data_time: 0.012, memory: 37111, loss_mask: 0.0592, loss_texture: 0.0258, iou: 0.9111, loss: 0.0850
2026-05-01 23:48:10,648 - mmdet - INFO - Iter [33650/120000]	lr: 1.000e-04, eta: 1 day, 8:14:29, time: 1.105, data_time: 0.011, memory: 37111, loss_mask: 0.0614, loss_texture: 0.0268, iou: 0.9119, loss: 0.0882
2026-05-01 23:48:38,548 - mmdet - INFO - Iter [33675/120000]	lr: 1.000e-04, eta: 1 day, 8:13:41, time: 1.116, data_time: 0.012, memory: 37111, loss_mask: 0.0796, loss_texture: 0.0348, iou: 0.8957, loss: 0.1144
2026-05-01 23:49:06,242 - mmdet - INFO - Iter [33700/120000]	lr: 1.000e-04, eta: 1 day, 8:12:52, time: 1.108, data_time: 0.011, memory: 37111, loss_mask: 0.0602, loss_texture: 0.0274, iou: 0.8952, loss: 0.0877
2026-05-01 23:49:33,765 - mmdet - INFO - Iter [33725/120000]	lr: 1.000e-04, eta: 1 day, 8:12:03, time: 1.101, data_time: 0.012, memory: 37111, loss_mask: 0.0613, loss_texture: 0.0272, iou: 0.8978, loss: 0.0885
2026-05-01 23:50:01,353 - mmdet - INFO - Iter [33750/120000]	lr: 1.000e-04, eta: 1 day, 8:11:14, time: 1.104, data_time: 0.012, memory: 37111, loss_mask: 0.0594, loss_texture: 0.0270, iou: 0.9097, loss: 0.0865
2026-05-01 23:50:29,000 - mmdet - INFO - Iter [33775/120000]	lr: 1.000e-04, eta: 1 day, 8:10:25, time: 1.106, data_time: 0.012, memory: 37111, loss_mask: 0.0636, loss_texture: 0.0280, iou: 0.8991, loss: 0.0916
2026-05-01 23:50:56,724 - mmdet - INFO - Iter [33800/120000]	lr: 1.000e-04, eta: 1 day, 8:09:37, time: 1.109, data_time: 0.011, memory: 37111, loss_mask: 0.0688, loss_texture: 0.0294, iou: 0.8912, loss: 0.0982
2026-05-01 23:51:24,429 - mmdet - INFO - Iter [33825/120000]	lr: 1.000e-04, eta: 1 day, 8:08:48, time: 1.108, data_time: 0.012, memory: 37111, loss_mask: 0.0708, loss_texture: 0.0296, iou: 0.8850, loss: 0.1004
2026-05-01 23:51:52,144 - mmdet - INFO - Iter [33850/120000]	lr: 1.000e-04, eta: 1 day, 8:08:00, time: 1.109, data_time: 0.011, memory: 37111, loss_mask: 0.0637, loss_texture: 0.0279, iou: 0.8739, loss: 0.0917
2026-05-01 23:52:19,806 - mmdet - INFO - Iter [33875/120000]	lr: 1.000e-04, eta: 1 day, 8:07:11, time: 1.106, data_time: 0.012, memory: 37111, loss_mask: 0.0672, loss_texture: 0.0288, iou: 0.8837, loss: 0.0959
2026-05-01 23:52:47,358 - mmdet - INFO - Iter [33900/120000]	lr: 1.000e-04, eta: 1 day, 8:06:22, time: 1.102, data_time: 0.012, memory: 37111, loss_mask: 0.0576, loss_texture: 0.0258, iou: 0.8915, loss: 0.0834
2026-05-01 23:53:15,011 - mmdet - INFO - Iter [33925/120000]	lr: 1.000e-04, eta: 1 day, 8:05:34, time: 1.106, data_time: 0.012, memory: 37111, loss_mask: 0.1027, loss_texture: 0.0350, iou: 0.8713, loss: 0.1377
2026-05-01 23:53:42,809 - mmdet - INFO - Iter [33950/120000]	lr: 1.000e-04, eta: 1 day, 8:04:46, time: 1.112, data_time: 0.012, memory: 37111, loss_mask: 0.0920, loss_texture: 0.0350, iou: 0.8655, loss: 0.1270
2026-05-01 23:54:10,567 - mmdet - INFO - Iter [33975/120000]	lr: 1.000e-04, eta: 1 day, 8:03:58, time: 1.110, data_time: 0.012, memory: 37111, loss_mask: 0.0849, loss_texture: 0.0322, iou: 0.8753, loss: 0.1171
2026-05-01 23:54:38,342 - mmdet - INFO - 
--- Val evaluation at iter 34000 ---
2026-05-01 23:56:35,802 - mmdet - INFO - 
+------------+-------------+-------------+
| Class      | Val IoU     | Pseudo IoU  |
+------------+-------------+-------------+
| background | 92.12       | 92.68       |
| building   | 66.30       | 69.14       |
| Summary    | mIoU: 79.21 | mIoU: 80.91 |
+------------+-------------+-------------+
Images evaluated: 218
2026-05-01 23:56:37,148 - mmdet - INFO - Exp name: exp8_all.py
2026-05-01 23:56:37,148 - mmdet - INFO - Iter [34000/120000]	lr: 1.000e-04, eta: 1 day, 8:03:09, time: 1.111, data_time: 0.012, memory: 37111, val/mIoU: 0.7921, val/IoU.building: 0.6630, val/IoU.background: 0.9212, val/Pseudo_mIoU: 0.8091, loss_mask: 0.0806, loss_texture: 0.0305, iou: 0.8844, loss: 0.1110
2026-05-01 23:57:04,763 - mmdet - INFO - Iter [34025/120000]	lr: 1.000e-04, eta: 1 day, 8:07:21, time: 5.857, data_time: 4.765, memory: 37111, loss_mask: 0.0725, loss_texture: 0.0299, iou: 0.8875, loss: 0.1024
2026-05-01 23:57:32,484 - mmdet - INFO - Iter [34050/120000]	lr: 1.000e-04, eta: 1 day, 8:06:33, time: 1.109, data_time: 0.012, memory: 37111, loss_mask: 0.0673, loss_texture: 0.0297, iou: 0.9109, loss: 0.0970
2026-05-01 23:58:00,351 - mmdet - INFO - Iter [34075/120000]	lr: 1.000e-04, eta: 1 day, 8:05:44, time: 1.115, data_time: 0.012, memory: 37111, loss_mask: 0.0695, loss_texture: 0.0305, iou: 0.8930, loss: 0.0999
2026-05-01 23:58:28,097 - mmdet - INFO - Iter [34100/120000]	lr: 1.000e-04, eta: 1 day, 8:04:56, time: 1.110, data_time: 0.012, memory: 37111, loss_mask: 0.0621, loss_texture: 0.0267, iou: 0.9082, loss: 0.0888
2026-05-01 23:58:56,024 - mmdet - INFO - Iter [34125/120000]	lr: 1.000e-04, eta: 1 day, 8:04:08, time: 1.117, data_time: 0.012, memory: 37111, loss_mask: 0.0690, loss_texture: 0.0298, iou: 0.8916, loss: 0.0988
2026-05-01 23:59:24,122 - mmdet - INFO - Iter [34150/120000]	lr: 1.000e-04, eta: 1 day, 8:03:21, time: 1.124, data_time: 0.012, memory: 37111, loss_mask: 0.0746, loss_texture: 0.0307, iou: 0.9038, loss: 0.1053
2026-05-01 23:59:52,466 - mmdet - INFO - Iter [34175/120000]	lr: 1.000e-04, eta: 1 day, 8:02:34, time: 1.134, data_time: 0.013, memory: 37111, loss_mask: 0.0779, loss_texture: 0.0324, iou: 0.8881, loss: 0.1103
2026-05-02 00:00:20,385 - mmdet - INFO - Iter [34200/120000]	lr: 1.000e-04, eta: 1 day, 8:01:46, time: 1.117, data_time: 0.011, memory: 37111, loss_mask: 0.0668, loss_texture: 0.0287, iou: 0.8827, loss: 0.0954
2026-05-02 00:00:48,520 - mmdet - INFO - Iter [34225/120000]	lr: 1.000e-04, eta: 1 day, 8:00:59, time: 1.125, data_time: 0.013, memory: 37111, loss_mask: 0.0741, loss_texture: 0.0316, iou: 0.8868, loss: 0.1057
2026-05-02 00:01:16,255 - mmdet - INFO - Iter [34250/120000]	lr: 1.000e-04, eta: 1 day, 8:00:10, time: 1.109, data_time: 0.011, memory: 37111, loss_mask: 0.0624, loss_texture: 0.0268, iou: 0.8883, loss: 0.0892
2026-05-02 00:01:43,856 - mmdet - INFO - Iter [34275/120000]	lr: 1.000e-04, eta: 1 day, 7:59:22, time: 1.104, data_time: 0.012, memory: 37111, loss_mask: 0.0649, loss_texture: 0.0282, iou: 0.9016, loss: 0.0931
2026-05-02 00:02:11,577 - mmdet - INFO - Iter [34300/120000]	lr: 1.000e-04, eta: 1 day, 7:58:34, time: 1.109, data_time: 0.011, memory: 37111, loss_mask: 0.0645, loss_texture: 0.0283, iou: 0.8962, loss: 0.0928
2026-05-02 00:02:39,389 - mmdet - INFO - Iter [34325/120000]	lr: 1.000e-04, eta: 1 day, 7:57:46, time: 1.112, data_time: 0.012, memory: 37111, loss_mask: 0.0691, loss_texture: 0.0296, iou: 0.9001, loss: 0.0986
2026-05-02 00:03:07,188 - mmdet - INFO - Iter [34350/120000]	lr: 1.000e-04, eta: 1 day, 7:56:58, time: 1.112, data_time: 0.012, memory: 37111, loss_mask: 0.0642, loss_texture: 0.0263, iou: 0.8974, loss: 0.0905
2026-05-02 00:03:34,870 - mmdet - INFO - Iter [34375/120000]	lr: 1.000e-04, eta: 1 day, 7:56:09, time: 1.107, data_time: 0.012, memory: 37111, loss_mask: 0.0634, loss_texture: 0.0272, iou: 0.8835, loss: 0.0906
2026-05-02 00:04:02,631 - mmdet - INFO - Iter [34400/120000]	lr: 1.000e-04, eta: 1 day, 7:55:21, time: 1.110, data_time: 0.012, memory: 37111, loss_mask: 0.0714, loss_texture: 0.0331, iou: 0.8899, loss: 0.1045
2026-05-02 00:04:30,541 - mmdet - INFO - Iter [34425/120000]	lr: 1.000e-04, eta: 1 day, 7:54:34, time: 1.116, data_time: 0.013, memory: 37111, loss_mask: 0.0643, loss_texture: 0.0283, iou: 0.8861, loss: 0.0925
2026-05-02 00:04:58,529 - mmdet - INFO - Iter [34450/120000]	lr: 1.000e-04, eta: 1 day, 7:53:46, time: 1.119, data_time: 0.012, memory: 37111, loss_mask: 0.0757, loss_texture: 0.0317, iou: 0.9002, loss: 0.1074
2026-05-02 00:05:26,504 - mmdet - INFO - Iter [34475/120000]	lr: 1.000e-04, eta: 1 day, 7:52:59, time: 1.119, data_time: 0.011, memory: 37111, loss_mask: 0.0708, loss_texture: 0.0307, iou: 0.8954, loss: 0.1015
2026-05-02 00:05:54,392 - mmdet - INFO - 
--- Val evaluation at iter 34500 ---
2026-05-02 00:07:52,198 - mmdet - INFO - 
+------------+-------------+-------------+
| Class      | Val IoU     | Pseudo IoU  |
+------------+-------------+-------------+
| background | 92.36       | 92.68       |
| building   | 67.67       | 69.14       |
| Summary    | mIoU: 80.02 | mIoU: 80.91 |
+------------+-------------+-------------+
Images evaluated: 218
2026-05-02 00:07:53,546 - mmdet - INFO - Iter [34500/120000]	lr: 1.000e-04, eta: 1 day, 7:52:11, time: 1.116, data_time: 0.012, memory: 37111, val/mIoU: 0.8002, val/IoU.building: 0.6767, val/IoU.background: 0.9236, val/Pseudo_mIoU: 0.8091, loss_mask: 0.0676, loss_texture: 0.0302, iou: 0.8916, loss: 0.0978
2026-05-02 00:08:21,423 - mmdet - INFO - Iter [34525/120000]	lr: 1.000e-04, eta: 1 day, 7:56:19, time: 5.881, data_time: 4.780, memory: 37111, loss_mask: 0.0673, loss_texture: 0.0298, iou: 0.8997, loss: 0.0971
2026-05-02 00:08:49,169 - mmdet - INFO - Iter [34550/120000]	lr: 1.000e-04, eta: 1 day, 7:55:31, time: 1.110, data_time: 0.012, memory: 37111, loss_mask: 0.0629, loss_texture: 0.0293, iou: 0.8931, loss: 0.0922
2026-05-02 00:09:17,158 - mmdet - INFO - Iter [34575/120000]	lr: 1.000e-04, eta: 1 day, 7:54:43, time: 1.120, data_time: 0.012, memory: 37111, loss_mask: 0.0661, loss_texture: 0.0289, iou: 0.8956, loss: 0.0950
2026-05-02 00:09:44,991 - mmdet - INFO - Iter [34600/120000]	lr: 1.000e-04, eta: 1 day, 7:53:55, time: 1.113, data_time: 0.012, memory: 37111, loss_mask: 0.0619, loss_texture: 0.0273, iou: 0.9044, loss: 0.0893
2026-05-02 00:10:12,799 - mmdet - INFO - Iter [34625/120000]	lr: 1.000e-04, eta: 1 day, 7:53:07, time: 1.112, data_time: 0.012, memory: 37111, loss_mask: 0.0657, loss_texture: 0.0290, iou: 0.9018, loss: 0.0946
2026-05-02 00:10:40,588 - mmdet - INFO - Iter [34650/120000]	lr: 1.000e-04, eta: 1 day, 7:52:19, time: 1.112, data_time: 0.011, memory: 37111, loss_mask: 0.0641, loss_texture: 0.0285, iou: 0.8974, loss: 0.0926
2026-05-02 00:11:08,405 - mmdet - INFO - Iter [34675/120000]	lr: 1.000e-04, eta: 1 day, 7:51:31, time: 1.113, data_time: 0.012, memory: 37111, loss_mask: 0.0663, loss_texture: 0.0302, iou: 0.8921, loss: 0.0965
2026-05-02 00:11:36,229 - mmdet - INFO - Iter [34700/120000]	lr: 1.000e-04, eta: 1 day, 7:50:44, time: 1.113, data_time: 0.012, memory: 37111, loss_mask: 0.0718, loss_texture: 0.0315, iou: 0.8921, loss: 0.1032
2026-05-02 00:12:03,970 - mmdet - INFO - Iter [34725/120000]	lr: 1.000e-04, eta: 1 day, 7:49:56, time: 1.110, data_time: 0.013, memory: 37111, loss_mask: 0.0603, loss_texture: 0.0271, iou: 0.9006, loss: 0.0874
2026-05-02 00:12:31,702 - mmdet - INFO - Iter [34750/120000]	lr: 1.000e-04, eta: 1 day, 7:49:08, time: 1.109, data_time: 0.012, memory: 37111, loss_mask: 0.0570, loss_texture: 0.0267, iou: 0.8919, loss: 0.0837
2026-05-02 00:12:59,580 - mmdet - INFO - Iter [34775/120000]	lr: 1.000e-04, eta: 1 day, 7:48:20, time: 1.115, data_time: 0.012, memory: 37111, loss_mask: 0.0660, loss_texture: 0.0303, iou: 0.8892, loss: 0.0963
2026-05-02 00:13:27,649 - mmdet - INFO - Iter [34800/120000]	lr: 1.000e-04, eta: 1 day, 7:47:33, time: 1.123, data_time: 0.012, memory: 37111, loss_mask: 0.0642, loss_texture: 0.0292, iou: 0.8924, loss: 0.0934
2026-05-02 00:13:55,491 - mmdet - INFO - Iter [34825/120000]	lr: 1.000e-04, eta: 1 day, 7:46:45, time: 1.114, data_time: 0.012, memory: 37111, loss_mask: 0.0606, loss_texture: 0.0276, iou: 0.9122, loss: 0.0883
2026-05-02 00:14:23,198 - mmdet - INFO - Iter [34850/120000]	lr: 1.000e-04, eta: 1 day, 7:45:57, time: 1.108, data_time: 0.012, memory: 37111, loss_mask: 0.0574, loss_texture: 0.0265, iou: 0.9075, loss: 0.0839
2026-05-02 00:14:50,932 - mmdet - INFO - Iter [34875/120000]	lr: 1.000e-04, eta: 1 day, 7:45:10, time: 1.109, data_time: 0.012, memory: 37111, loss_mask: 0.0636, loss_texture: 0.0287, iou: 0.9068, loss: 0.0923
2026-05-02 00:15:18,696 - mmdet - INFO - Iter [34900/120000]	lr: 1.000e-04, eta: 1 day, 7:44:22, time: 1.111, data_time: 0.012, memory: 37111, loss_mask: 0.0798, loss_texture: 0.0356, iou: 0.8996, loss: 0.1154
2026-05-02 00:15:46,488 - mmdet - INFO - Iter [34925/120000]	lr: 1.000e-04, eta: 1 day, 7:43:34, time: 1.112, data_time: 0.013, memory: 37111, loss_mask: 0.0620, loss_texture: 0.0287, iou: 0.9003, loss: 0.0907
2026-05-02 00:16:14,239 - mmdet - INFO - Iter [34950/120000]	lr: 1.000e-04, eta: 1 day, 7:42:46, time: 1.110, data_time: 0.012, memory: 37111, loss_mask: 0.0599, loss_texture: 0.0277, iou: 0.9090, loss: 0.0875
2026-05-02 00:16:42,041 - mmdet - INFO - Iter [34975/120000]	lr: 1.000e-04, eta: 1 day, 7:41:59, time: 1.112, data_time: 0.012, memory: 37111, loss_mask: 0.0638, loss_texture: 0.0287, iou: 0.8884, loss: 0.0925
2026-05-02 00:17:09,761 - mmdet - INFO - 
--- Val evaluation at iter 35000 ---
2026-05-02 00:19:08,148 - mmdet - INFO - 
+------------+-------------+-------------+
| Class      | Val IoU     | Pseudo IoU  |
+------------+-------------+-------------+
| background | 92.40       | 92.68       |
| building   | 67.64       | 69.14       |
| Summary    | mIoU: 80.02 | mIoU: 80.91 |
+------------+-------------+-------------+
Images evaluated: 218
2026-05-02 00:19:09,494 - mmdet - INFO - Exp name: exp8_all.py
2026-05-02 00:19:09,494 - mmdet - INFO - Iter [35000/120000]	lr: 1.000e-04, eta: 1 day, 7:41:11, time: 1.109, data_time: 0.012, memory: 37111, val/mIoU: 0.8002, val/IoU.building: 0.6764, val/IoU.background: 0.9240, val/Pseudo_mIoU: 0.8091, loss_mask: 0.0626, loss_texture: 0.0271, iou: 0.8988, loss: 0.0896
2026-05-02 00:19:37,275 - mmdet - INFO - Iter [35025/120000]	lr: 1.000e-04, eta: 1 day, 7:45:14, time: 5.901, data_time: 4.803, memory: 37111, loss_mask: 0.0628, loss_texture: 0.0283, iou: 0.9129, loss: 0.0910
2026-05-02 00:20:05,233 - mmdet - INFO - Iter [35050/120000]	lr: 1.000e-04, eta: 1 day, 7:44:27, time: 1.118, data_time: 0.012, memory: 37111, loss_mask: 0.0568, loss_texture: 0.0258, iou: 0.8945, loss: 0.0827
2026-05-02 00:20:33,355 - mmdet - INFO - Iter [35075/120000]	lr: 1.000e-04, eta: 1 day, 7:43:40, time: 1.125, data_time: 0.012, memory: 37111, loss_mask: 0.0652, loss_texture: 0.0296, iou: 0.8945, loss: 0.0948
2026-05-02 00:21:01,214 - mmdet - INFO - Iter [35100/120000]	lr: 1.000e-04, eta: 1 day, 7:42:52, time: 1.114, data_time: 0.012, memory: 37111, loss_mask: 0.0644, loss_texture: 0.0289, iou: 0.9014, loss: 0.0933
2026-05-02 00:21:29,131 - mmdet - INFO - Iter [35125/120000]	lr: 1.000e-04, eta: 1 day, 7:42:05, time: 1.117, data_time: 0.013, memory: 37111, loss_mask: 0.0567, loss_texture: 0.0258, iou: 0.9089, loss: 0.0825
2026-05-02 00:21:56,919 - mmdet - INFO - Iter [35150/120000]	lr: 1.000e-04, eta: 1 day, 7:41:17, time: 1.112, data_time: 0.012, memory: 37111, loss_mask: 0.0607, loss_texture: 0.0276, iou: 0.9219, loss: 0.0883
2026-05-02 00:22:24,742 - mmdet - INFO - Iter [35175/120000]	lr: 1.000e-04, eta: 1 day, 7:40:30, time: 1.113, data_time: 0.012, memory: 37111, loss_mask: 0.0586, loss_texture: 0.0269, iou: 0.8853, loss: 0.0855
2026-05-02 00:22:52,570 - mmdet - INFO - Iter [35200/120000]	lr: 1.000e-04, eta: 1 day, 7:39:42, time: 1.113, data_time: 0.012, memory: 37111, loss_mask: 0.0626, loss_texture: 0.0287, iou: 0.9039, loss: 0.0913
2026-05-02 00:23:20,250 - mmdet - INFO - Iter [35225/120000]	lr: 1.000e-04, eta: 1 day, 7:38:54, time: 1.107, data_time: 0.012, memory: 37111, loss_mask: 0.0608, loss_texture: 0.0276, iou: 0.9047, loss: 0.0884
2026-05-02 00:23:48,029 - mmdet - INFO - Iter [35250/120000]	lr: 1.000e-04, eta: 1 day, 7:38:07, time: 1.111, data_time: 0.012, memory: 37111, loss_mask: 0.0540, loss_texture: 0.0253, iou: 0.8930, loss: 0.0794
2026-05-02 00:24:15,860 - mmdet - INFO - Iter [35275/120000]	lr: 1.000e-04, eta: 1 day, 7:37:19, time: 1.113, data_time: 0.012, memory: 37111, loss_mask: 0.0584, loss_texture: 0.0262, iou: 0.9048, loss: 0.0846
2026-05-02 00:24:43,712 - mmdet - INFO - Iter [35300/120000]	lr: 1.000e-04, eta: 1 day, 7:36:32, time: 1.114, data_time: 0.012, memory: 37111, loss_mask: 0.0655, loss_texture: 0.0300, iou: 0.9069, loss: 0.0956
2026-05-02 00:25:11,595 - mmdet - INFO - Iter [35325/120000]	lr: 1.000e-04, eta: 1 day, 7:35:44, time: 1.115, data_time: 0.013, memory: 37111, loss_mask: 0.0604, loss_texture: 0.0272, iou: 0.8905, loss: 0.0876
2026-05-02 00:25:39,476 - mmdet - INFO - Iter [35350/120000]	lr: 1.000e-04, eta: 1 day, 7:34:57, time: 1.115, data_time: 0.012, memory: 37111, loss_mask: 0.0716, loss_texture: 0.0330, iou: 0.9009, loss: 0.1046
2026-05-02 00:26:07,187 - mmdet - INFO - Iter [35375/120000]	lr: 1.000e-04, eta: 1 day, 7:34:10, time: 1.108, data_time: 0.012, memory: 37111, loss_mask: 0.0666, loss_texture: 0.0295, iou: 0.9047, loss: 0.0960
2026-05-02 00:26:35,086 - mmdet - INFO - Iter [35400/120000]	lr: 1.000e-04, eta: 1 day, 7:33:22, time: 1.116, data_time: 0.012, memory: 37111, loss_mask: 0.0646, loss_texture: 0.0294, iou: 0.8862, loss: 0.0941
2026-05-02 00:27:03,137 - mmdet - INFO - Iter [35425/120000]	lr: 1.000e-04, eta: 1 day, 7:32:36, time: 1.122, data_time: 0.013, memory: 37111, loss_mask: 0.0627, loss_texture: 0.0280, iou: 0.8937, loss: 0.0907
2026-05-02 00:27:31,247 - mmdet - INFO - Iter [35450/120000]	lr: 1.000e-04, eta: 1 day, 7:31:49, time: 1.124, data_time: 0.012, memory: 37111, loss_mask: 0.0670, loss_texture: 0.0309, iou: 0.8966, loss: 0.0978
2026-05-02 00:27:59,160 - mmdet - INFO - Iter [35475/120000]	lr: 1.000e-04, eta: 1 day, 7:31:02, time: 1.117, data_time: 0.012, memory: 37111, loss_mask: 0.0584, loss_texture: 0.0272, iou: 0.9085, loss: 0.0856
2026-05-02 00:28:27,020 - mmdet - INFO - 
--- Val evaluation at iter 35500 ---
2026-05-02 00:30:25,299 - mmdet - INFO - 
+------------+-------------+-------------+
| Class      | Val IoU     | Pseudo IoU  |
+------------+-------------+-------------+
| background | 92.49       | 92.68       |
| building   | 68.26       | 69.14       |
| Summary    | mIoU: 80.38 | mIoU: 80.91 |
+------------+-------------+-------------+
Images evaluated: 218
2026-05-02 00:30:26,641 - mmdet - INFO - Iter [35500/120000]	lr: 1.000e-04, eta: 1 day, 7:30:15, time: 1.114, data_time: 0.012, memory: 37111, val/mIoU: 0.8038, val/IoU.building: 0.6826, val/IoU.background: 0.9249, val/Pseudo_mIoU: 0.8091, loss_mask: 0.0635, loss_texture: 0.0293, iou: 0.9073, loss: 0.0927
2026-05-02 00:30:54,532 - mmdet - INFO - Iter [35525/120000]	lr: 1.000e-04, eta: 1 day, 7:34:12, time: 5.900, data_time: 4.797, memory: 37111, loss_mask: 0.0634, loss_texture: 0.0293, iou: 0.9152, loss: 0.0926
2026-05-02 00:31:22,468 - mmdet - INFO - Iter [35550/120000]	lr: 1.000e-04, eta: 1 day, 7:33:25, time: 1.117, data_time: 0.011, memory: 37111, loss_mask: 0.0644, loss_texture: 0.0299, iou: 0.8999, loss: 0.0943
2026-05-02 00:31:50,331 - mmdet - INFO - Iter [35575/120000]	lr: 1.000e-04, eta: 1 day, 7:32:38, time: 1.114, data_time: 0.011, memory: 37111, loss_mask: 0.0602, loss_texture: 0.0282, iou: 0.9097, loss: 0.0884
2026-05-02 00:32:18,163 - mmdet - INFO - Iter [35600/120000]	lr: 1.000e-04, eta: 1 day, 7:31:51, time: 1.113, data_time: 0.012, memory: 37111, loss_mask: 0.0596, loss_texture: 0.0271, iou: 0.9047, loss: 0.0867
2026-05-02 00:32:45,881 - mmdet - INFO - Iter [35625/120000]	lr: 1.000e-04, eta: 1 day, 7:31:03, time: 1.109, data_time: 0.012, memory: 37111, loss_mask: 0.0540, loss_texture: 0.0242, iou: 0.8985, loss: 0.0782
2026-05-02 00:33:13,662 - mmdet - INFO - Iter [35650/120000]	lr: 1.000e-04, eta: 1 day, 7:30:16, time: 1.111, data_time: 0.011, memory: 37111, loss_mask: 0.0615, loss_texture: 0.0288, iou: 0.8898, loss: 0.0903
2026-05-02 00:33:41,547 - mmdet - INFO - Iter [35675/120000]	lr: 1.000e-04, eta: 1 day, 7:29:28, time: 1.115, data_time: 0.012, memory: 37111, loss_mask: 0.0662, loss_texture: 0.0296, iou: 0.8828, loss: 0.0958
2026-05-02 00:34:09,326 - mmdet - INFO - Iter [35700/120000]	lr: 1.000e-04, eta: 1 day, 7:28:41, time: 1.111, data_time: 0.012, memory: 37111, loss_mask: 0.0705, loss_texture: 0.0309, iou: 0.8899, loss: 0.1013
2026-05-02 00:34:37,118 - mmdet - INFO - Iter [35725/120000]	lr: 1.000e-04, eta: 1 day, 7:27:54, time: 1.112, data_time: 0.012, memory: 37111, loss_mask: 0.0747, loss_texture: 0.0305, iou: 0.8903, loss: 0.1052
2026-05-02 00:35:04,931 - mmdet - INFO - Iter [35750/120000]	lr: 1.000e-04, eta: 1 day, 7:27:06, time: 1.112, data_time: 0.012, memory: 37111, loss_mask: 0.0790, loss_texture: 0.0321, iou: 0.8902, loss: 0.1111
2026-05-02 00:35:32,637 - mmdet - INFO - Iter [35775/120000]	lr: 1.000e-04, eta: 1 day, 7:26:19, time: 1.108, data_time: 0.012, memory: 37111, loss_mask: 0.0694, loss_texture: 0.0292, iou: 0.8942, loss: 0.0985
2026-05-02 00:36:00,538 - mmdet - INFO - Iter [35800/120000]	lr: 1.000e-04, eta: 1 day, 7:25:32, time: 1.116, data_time: 0.012, memory: 37111, loss_mask: 0.0677, loss_texture: 0.0302, iou: 0.8880, loss: 0.0978
2026-05-02 00:36:28,552 - mmdet - INFO - Iter [35825/120000]	lr: 1.000e-04, eta: 1 day, 7:24:45, time: 1.121, data_time: 0.013, memory: 37111, loss_mask: 0.0635, loss_texture: 0.0285, iou: 0.8958, loss: 0.0920
2026-05-02 00:36:56,537 - mmdet - INFO - Iter [35850/120000]	lr: 1.000e-04, eta: 1 day, 7:23:59, time: 1.119, data_time: 0.012, memory: 37111, loss_mask: 0.0630, loss_texture: 0.0278, iou: 0.8922, loss: 0.0909
2026-05-02 00:37:24,310 - mmdet - INFO - Iter [35875/120000]	lr: 1.000e-04, eta: 1 day, 7:23:11, time: 1.111, data_time: 0.012, memory: 37111, loss_mask: 0.0599, loss_texture: 0.0253, iou: 0.9033, loss: 0.0853
2026-05-02 00:37:52,043 - mmdet - INFO - Iter [35900/120000]	lr: 1.000e-04, eta: 1 day, 7:22:24, time: 1.109, data_time: 0.012, memory: 37111, loss_mask: 0.0915, loss_texture: 0.0325, iou: 0.8698, loss: 0.1240
2026-05-02 00:38:19,854 - mmdet - INFO - Iter [35925/120000]	lr: 1.000e-04, eta: 1 day, 7:21:37, time: 1.112, data_time: 0.012, memory: 37111, loss_mask: 0.0783, loss_texture: 0.0297, iou: 0.8775, loss: 0.1079
2026-05-02 00:38:47,607 - mmdet - INFO - Iter [35950/120000]	lr: 1.000e-04, eta: 1 day, 7:20:50, time: 1.110, data_time: 0.012, memory: 37111, loss_mask: 0.0779, loss_texture: 0.0307, iou: 0.8893, loss: 0.1086
2026-05-02 00:39:15,648 - mmdet - INFO - Iter [35975/120000]	lr: 1.000e-04, eta: 1 day, 7:20:03, time: 1.122, data_time: 0.012, memory: 37111, loss_mask: 0.0980, loss_texture: 0.0359, iou: 0.8770, loss: 0.1339
2026-05-02 00:39:43,614 - mmdet - INFO - 
--- Val evaluation at iter 36000 ---
2026-05-02 00:41:41,897 - mmdet - INFO - 
+------------+-------------+-------------+
| Class      | Val IoU     | Pseudo IoU  |
+------------+-------------+-------------+
| background | 91.97       | 92.68       |
| building   | 65.28       | 69.14       |
| Summary    | mIoU: 78.63 | mIoU: 80.91 |
+------------+-------------+-------------+
Images evaluated: 218
2026-05-02 00:41:43,286 - mmdet - INFO - Exp name: exp8_all.py
2026-05-02 00:41:43,286 - mmdet - INFO - Iter [36000/120000]	lr: 1.000e-04, eta: 1 day, 7:19:17, time: 1.119, data_time: 0.012, memory: 37111, val/mIoU: 0.7863, val/IoU.building: 0.6528, val/IoU.background: 0.9197, val/Pseudo_mIoU: 0.8091, loss_mask: 0.0898, loss_texture: 0.0369, iou: 0.8764, loss: 0.1267
2026-05-02 00:42:10,796 - mmdet - INFO - Iter [36025/120000]	lr: 1.000e-04, eta: 1 day, 7:23:08, time: 5.887, data_time: 4.799, memory: 37111, loss_mask: 0.0649, loss_texture: 0.0274, iou: 0.8825, loss: 0.0922
2026-05-02 00:42:38,588 - mmdet - INFO - Iter [36050/120000]	lr: 1.000e-04, eta: 1 day, 7:22:21, time: 1.112, data_time: 0.012, memory: 37111, loss_mask: 0.0731, loss_texture: 0.0301, iou: 0.8883, loss: 0.1032
2026-05-02 00:43:06,157 - mmdet - INFO - Iter [36075/120000]	lr: 1.000e-04, eta: 1 day, 7:21:33, time: 1.103, data_time: 0.012, memory: 37111, loss_mask: 0.0648, loss_texture: 0.0287, iou: 0.8798, loss: 0.0935
2026-05-02 00:43:33,764 - mmdet - INFO - Iter [36100/120000]	lr: 1.000e-04, eta: 1 day, 7:20:45, time: 1.104, data_time: 0.012, memory: 37111, loss_mask: 0.0658, loss_texture: 0.0284, iou: 0.9083, loss: 0.0942
2026-05-02 00:44:01,506 - mmdet - INFO - Iter [36125/120000]	lr: 1.000e-04, eta: 1 day, 7:19:58, time: 1.110, data_time: 0.012, memory: 37111, loss_mask: 0.0693, loss_texture: 0.0314, iou: 0.9005, loss: 0.1007
2026-05-02 00:44:29,305 - mmdet - INFO - Iter [36150/120000]	lr: 1.000e-04, eta: 1 day, 7:19:11, time: 1.112, data_time: 0.012, memory: 37111, loss_mask: 0.0738, loss_texture: 0.0330, iou: 0.8946, loss: 0.1067
2026-05-02 00:44:57,036 - mmdet - INFO - Iter [36175/120000]	lr: 1.000e-04, eta: 1 day, 7:18:24, time: 1.109, data_time: 0.012, memory: 37111, loss_mask: 0.1260, loss_texture: 0.0322, iou: 0.8458, loss: 0.1582
2026-05-02 00:45:24,684 - mmdet - INFO - Iter [36200/120000]	lr: 1.000e-04, eta: 1 day, 7:17:36, time: 1.106, data_time: 0.012, memory: 37111, loss_mask: 0.1100, loss_texture: 0.0349, iou: 0.8668, loss: 0.1449
2026-05-02 00:45:52,311 - mmdet - INFO - Iter [36225/120000]	lr: 1.000e-04, eta: 1 day, 7:16:49, time: 1.105, data_time: 0.012, memory: 37111, loss_mask: 0.0797, loss_texture: 0.0305, iou: 0.8838, loss: 0.1102
2026-05-02 00:46:20,034 - mmdet - INFO - Iter [36250/120000]	lr: 1.000e-04, eta: 1 day, 7:16:02, time: 1.109, data_time: 0.012, memory: 37111, loss_mask: 0.0790, loss_texture: 0.0317, iou: 0.8780, loss: 0.1107
2026-05-02 00:46:47,720 - mmdet - INFO - Iter [36275/120000]	lr: 1.000e-04, eta: 1 day, 7:15:14, time: 1.107, data_time: 0.012, memory: 37111, loss_mask: 0.0795, loss_texture: 0.0335, iou: 0.9016, loss: 0.1130
2026-05-02 00:47:15,413 - mmdet - INFO - Iter [36300/120000]	lr: 1.000e-04, eta: 1 day, 7:14:27, time: 1.108, data_time: 0.012, memory: 37111, loss_mask: 0.0671, loss_texture: 0.0291, iou: 0.8869, loss: 0.0962
2026-05-02 00:47:43,018 - mmdet - INFO - Iter [36325/120000]	lr: 1.000e-04, eta: 1 day, 7:13:40, time: 1.104, data_time: 0.012, memory: 37111, loss_mask: 0.0540, loss_texture: 0.0241, iou: 0.8978, loss: 0.0780
2026-05-02 00:48:10,627 - mmdet - INFO - Iter [36350/120000]	lr: 1.000e-04, eta: 1 day, 7:12:52, time: 1.104, data_time: 0.012, memory: 37111, loss_mask: 0.0648, loss_texture: 0.0295, iou: 0.8882, loss: 0.0943
2026-05-02 00:48:38,362 - mmdet - INFO - Iter [36375/120000]	lr: 1.000e-04, eta: 1 day, 7:12:05, time: 1.109, data_time: 0.012, memory: 37111, loss_mask: 0.0751, loss_texture: 0.0318, iou: 0.8921, loss: 0.1069
2026-05-02 00:49:06,046 - mmdet - INFO - Iter [36400/120000]	lr: 1.000e-04, eta: 1 day, 7:11:18, time: 1.107, data_time: 0.012, memory: 37111, loss_mask: 0.0616, loss_texture: 0.0261, iou: 0.8971, loss: 0.0877
2026-05-02 00:49:33,656 - mmdet - INFO - Iter [36425/120000]	lr: 1.000e-04, eta: 1 day, 7:10:31, time: 1.104, data_time: 0.012, memory: 37111, loss_mask: 0.0739, loss_texture: 0.0302, iou: 0.8738, loss: 0.1041
2026-05-02 00:50:01,433 - mmdet - INFO - Iter [36450/120000]	lr: 1.000e-04, eta: 1 day, 7:09:44, time: 1.111, data_time: 0.012, memory: 37111, loss_mask: 0.0666, loss_texture: 0.0290, iou: 0.8962, loss: 0.0957
2026-05-02 00:50:29,208 - mmdet - INFO - Iter [36475/120000]	lr: 1.000e-04, eta: 1 day, 7:08:57, time: 1.111, data_time: 0.012, memory: 37111, loss_mask: 0.0658, loss_texture: 0.0291, iou: 0.9074, loss: 0.0949
2026-05-02 00:50:56,771 - mmdet - INFO - 
--- Val evaluation at iter 36500 ---
2026-05-02 00:52:54,582 - mmdet - INFO - 
+------------+-------------+-------------+
| Class      | Val IoU     | Pseudo IoU  |
+------------+-------------+-------------+
| background | 92.31       | 92.68       |
| building   | 67.12       | 69.14       |
| Summary    | mIoU: 79.71 | mIoU: 80.91 |
+------------+-------------+-------------+
Images evaluated: 218
2026-05-02 00:52:55,947 - mmdet - INFO - Iter [36500/120000]	lr: 1.000e-04, eta: 1 day, 7:08:10, time: 1.103, data_time: 0.012, memory: 37111, val/mIoU: 0.7971, val/IoU.building: 0.6712, val/IoU.background: 0.9231, val/Pseudo_mIoU: 0.8091, loss_mask: 0.0713, loss_texture: 0.0316, iou: 0.8814, loss: 0.1028
2026-05-02 00:53:23,724 - mmdet - INFO - Iter [36525/120000]	lr: 1.000e-04, eta: 1 day, 7:11:56, time: 5.878, data_time: 4.780, memory: 37111, loss_mask: 0.0616, loss_texture: 0.0278, iou: 0.9059, loss: 0.0894
2026-05-02 00:53:51,379 - mmdet - INFO - Iter [36550/120000]	lr: 1.000e-04, eta: 1 day, 7:11:08, time: 1.106, data_time: 0.012, memory: 37111, loss_mask: 0.0617, loss_texture: 0.0272, iou: 0.9091, loss: 0.0890
2026-05-02 00:54:19,051 - mmdet - INFO - Iter [36575/120000]	lr: 1.000e-04, eta: 1 day, 7:10:21, time: 1.107, data_time: 0.011, memory: 37111, loss_mask: 0.0635, loss_texture: 0.0284, iou: 0.9019, loss: 0.0919
2026-05-02 00:54:46,748 - mmdet - INFO - Iter [36600/120000]	lr: 1.000e-04, eta: 1 day, 7:09:34, time: 1.108, data_time: 0.012, memory: 37111, loss_mask: 0.0728, loss_texture: 0.0324, iou: 0.8927, loss: 0.1052
2026-05-02 00:55:14,514 - mmdet - INFO - Iter [36625/120000]	lr: 1.000e-04, eta: 1 day, 7:08:47, time: 1.111, data_time: 0.012, memory: 37111, loss_mask: 0.0552, loss_texture: 0.0246, iou: 0.8977, loss: 0.0799
2026-05-02 00:55:42,379 - mmdet - INFO - Iter [36650/120000]	lr: 1.000e-04, eta: 1 day, 7:08:00, time: 1.115, data_time: 0.012, memory: 37111, loss_mask: 0.0669, loss_texture: 0.0300, iou: 0.8878, loss: 0.0969
2026-05-02 00:56:10,230 - mmdet - INFO - Iter [36675/120000]	lr: 1.000e-04, eta: 1 day, 7:07:14, time: 1.114, data_time: 0.012, memory: 37111, loss_mask: 0.0636, loss_texture: 0.0288, iou: 0.8959, loss: 0.0924
2026-05-02 00:56:38,138 - mmdet - INFO - Iter [36700/120000]	lr: 1.000e-04, eta: 1 day, 7:06:27, time: 1.116, data_time: 0.012, memory: 37111, loss_mask: 0.0582, loss_texture: 0.0264, iou: 0.9069, loss: 0.0845
2026-05-02 00:57:05,952 - mmdet - INFO - Iter [36725/120000]	lr: 1.000e-04, eta: 1 day, 7:05:40, time: 1.113, data_time: 0.012, memory: 37111, loss_mask: 0.0669, loss_texture: 0.0291, iou: 0.8923, loss: 0.0960
2026-05-02 00:57:33,569 - mmdet - INFO - Iter [36750/120000]	lr: 1.000e-04, eta: 1 day, 7:04:53, time: 1.105, data_time: 0.012, memory: 37111, loss_mask: 0.0589, loss_texture: 0.0258, iou: 0.8926, loss: 0.0847
2026-05-02 00:58:01,392 - mmdet - INFO - Iter [36775/120000]	lr: 1.000e-04, eta: 1 day, 7:04:06, time: 1.113, data_time: 0.011, memory: 37111, loss_mask: 0.0662, loss_texture: 0.0296, iou: 0.9022, loss: 0.0958
2026-05-02 00:58:29,221 - mmdet - INFO - Iter [36800/120000]	lr: 1.000e-04, eta: 1 day, 7:03:20, time: 1.113, data_time: 0.012, memory: 37111, loss_mask: 0.0692, loss_texture: 0.0309, iou: 0.8856, loss: 0.1002
2026-05-02 00:58:56,977 - mmdet - INFO - Iter [36825/120000]	lr: 1.000e-04, eta: 1 day, 7:02:33, time: 1.110, data_time: 0.012, memory: 37111, loss_mask: 0.0647, loss_texture: 0.0295, iou: 0.9035, loss: 0.0942
2026-05-02 00:59:24,954 - mmdet - INFO - Iter [36850/120000]	lr: 1.000e-04, eta: 1 day, 7:01:47, time: 1.119, data_time: 0.012, memory: 37111, loss_mask: 0.0573, loss_texture: 0.0263, iou: 0.9133, loss: 0.0836
2026-05-02 00:59:52,760 - mmdet - INFO - Iter [36875/120000]	lr: 1.000e-04, eta: 1 day, 7:01:00, time: 1.112, data_time: 0.012, memory: 37111, loss_mask: 0.0616, loss_texture: 0.0276, iou: 0.8837, loss: 0.0892
2026-05-02 01:00:20,418 - mmdet - INFO - Iter [36900/120000]	lr: 1.000e-04, eta: 1 day, 7:00:13, time: 1.106, data_time: 0.012, memory: 37111, loss_mask: 0.0639, loss_texture: 0.0291, iou: 0.9162, loss: 0.0930
2026-05-02 01:00:47,916 - mmdet - INFO - Iter [36925/120000]	lr: 1.000e-04, eta: 1 day, 6:59:26, time: 1.100, data_time: 0.012, memory: 37111, loss_mask: 0.0592, loss_texture: 0.0264, iou: 0.8979, loss: 0.0856
2026-05-02 01:01:15,396 - mmdet - INFO - Iter [36950/120000]	lr: 1.000e-04, eta: 1 day, 6:58:39, time: 1.099, data_time: 0.011, memory: 37111, loss_mask: 0.0639, loss_texture: 0.0288, iou: 0.8937, loss: 0.0926
2026-05-02 01:01:43,178 - mmdet - INFO - Iter [36975/120000]	lr: 1.000e-04, eta: 1 day, 6:57:52, time: 1.111, data_time: 0.011, memory: 37111, loss_mask: 0.0643, loss_texture: 0.0299, iou: 0.9067, loss: 0.0942
2026-05-02 01:02:10,787 - mmdet - INFO - 
--- Val evaluation at iter 37000 ---
2026-05-02 01:04:06,638 - mmdet - INFO - 
+------------+-------------+-------------+
| Class      | Val IoU     | Pseudo IoU  |
+------------+-------------+-------------+
| background | 92.21       | 92.68       |
| building   | 66.61       | 69.14       |
| Summary    | mIoU: 79.41 | mIoU: 80.91 |
+------------+-------------+-------------+
Images evaluated: 218
2026-05-02 01:04:07,990 - mmdet - INFO - Exp name: exp8_all.py
2026-05-02 01:04:07,990 - mmdet - INFO - Iter [37000/120000]	lr: 1.000e-04, eta: 1 day, 6:57:05, time: 1.104, data_time: 0.012, memory: 37111, val/mIoU: 0.7941, val/IoU.building: 0.6661, val/IoU.background: 0.9221, val/Pseudo_mIoU: 0.8091, loss_mask: 0.0600, loss_texture: 0.0277, iou: 0.9044, loss: 0.0877
2026-05-02 01:04:35,438 - mmdet - INFO - Iter [37025/120000]	lr: 1.000e-04, eta: 1 day, 7:00:41, time: 5.786, data_time: 4.701, memory: 37111, loss_mask: 0.0584, loss_texture: 0.0255, iou: 0.8936, loss: 0.0840
2026-05-02 01:05:03,030 - mmdet - INFO - Iter [37050/120000]	lr: 1.000e-04, eta: 1 day, 6:59:53, time: 1.104, data_time: 0.012, memory: 37111, loss_mask: 0.0649, loss_texture: 0.0277, iou: 0.9017, loss: 0.0926
2026-05-02 01:05:30,630 - mmdet - INFO - Iter [37075/120000]	lr: 1.000e-04, eta: 1 day, 6:59:06, time: 1.104, data_time: 0.011, memory: 37111, loss_mask: 0.0634, loss_texture: 0.0284, iou: 0.9029, loss: 0.0919
2026-05-02 01:05:58,259 - mmdet - INFO - Iter [37100/120000]	lr: 1.000e-04, eta: 1 day, 6:58:19, time: 1.105, data_time: 0.012, memory: 37111, loss_mask: 0.0626, loss_texture: 0.0295, iou: 0.8953, loss: 0.0921
2026-05-02 01:06:25,931 - mmdet - INFO - Iter [37125/120000]	lr: 1.000e-04, eta: 1 day, 6:57:32, time: 1.107, data_time: 0.012, memory: 37111, loss_mask: 0.0639, loss_texture: 0.0283, iou: 0.8913, loss: 0.0922
2026-05-02 01:06:53,633 - mmdet - INFO - Iter [37150/120000]	lr: 1.000e-04, eta: 1 day, 6:56:46, time: 1.108, data_time: 0.012, memory: 37111, loss_mask: 0.0631, loss_texture: 0.0282, iou: 0.9053, loss: 0.0914
2026-05-02 01:07:21,285 - mmdet - INFO - Iter [37175/120000]	lr: 1.000e-04, eta: 1 day, 6:55:59, time: 1.106, data_time: 0.011, memory: 37111, loss_mask: 0.0591, loss_texture: 0.0270, iou: 0.8944, loss: 0.0861
2026-05-02 01:07:49,210 - mmdet - INFO - Iter [37200/120000]	lr: 1.000e-04, eta: 1 day, 6:55:12, time: 1.117, data_time: 0.012, memory: 37111, loss_mask: 0.0722, loss_texture: 0.0324, iou: 0.8941, loss: 0.1046
2026-05-02 01:08:16,924 - mmdet - INFO - Iter [37225/120000]	lr: 1.000e-04, eta: 1 day, 6:54:26, time: 1.109, data_time: 0.012, memory: 37111, loss_mask: 0.0581, loss_texture: 0.0269, iou: 0.8932, loss: 0.0850
2026-05-02 01:08:44,638 - mmdet - INFO - Iter [37250/120000]	lr: 1.000e-04, eta: 1 day, 6:53:39, time: 1.109, data_time: 0.012, memory: 37111, loss_mask: 0.0542, loss_texture: 0.0259, iou: 0.9179, loss: 0.0802
2026-05-02 01:09:12,361 - mmdet - INFO - Iter [37275/120000]	lr: 1.000e-04, eta: 1 day, 6:52:52, time: 1.109, data_time: 0.012, memory: 37111, loss_mask: 0.0660, loss_texture: 0.0295, iou: 0.9031, loss: 0.0955
2026-05-02 01:09:39,933 - mmdet - INFO - Iter [37300/120000]	lr: 1.000e-04, eta: 1 day, 6:52:05, time: 1.103, data_time: 0.012, memory: 37111, loss_mask: 0.0624, loss_texture: 0.0288, iou: 0.8951, loss: 0.0912
2026-05-02 01:10:08,415 - mmdet - INFO - Iter [37325/120000]	lr: 1.000e-04, eta: 1 day, 6:51:20, time: 1.139, data_time: 0.014, memory: 37111, loss_mask: 0.0646, loss_texture: 0.0304, iou: 0.8963, loss: 0.0950
2026-05-02 01:10:36,373 - mmdet - INFO - Iter [37350/120000]	lr: 1.000e-04, eta: 1 day, 6:50:34, time: 1.118, data_time: 0.012, memory: 37111, loss_mask: 0.0634, loss_texture: 0.0296, iou: 0.9083, loss: 0.0930
2026-05-02 01:11:04,242 - mmdet - INFO - Iter [37375/120000]	lr: 1.000e-04, eta: 1 day, 6:49:48, time: 1.115, data_time: 0.012, memory: 37111, loss_mask: 0.0574, loss_texture: 0.0270, iou: 0.8989, loss: 0.0844
2026-05-02 01:11:31,951 - mmdet - INFO - Iter [37400/120000]	lr: 1.000e-04, eta: 1 day, 6:49:02, time: 1.108, data_time: 0.012, memory: 37111, loss_mask: 0.0634, loss_texture: 0.0289, iou: 0.8940, loss: 0.0923
2026-05-02 01:11:59,711 - mmdet - INFO - Iter [37425/120000]	lr: 1.000e-04, eta: 1 day, 6:48:15, time: 1.110, data_time: 0.012, memory: 37111, loss_mask: 0.0610, loss_texture: 0.0286, iou: 0.8971, loss: 0.0895
2026-05-02 01:12:27,388 - mmdet - INFO - Iter [37450/120000]	lr: 1.000e-04, eta: 1 day, 6:47:29, time: 1.107, data_time: 0.011, memory: 37111, loss_mask: 0.0683, loss_texture: 0.0301, iou: 0.8948, loss: 0.0984
2026-05-02 01:12:55,223 - mmdet - INFO - Iter [37475/120000]	lr: 1.000e-04, eta: 1 day, 6:46:42, time: 1.113, data_time: 0.012, memory: 37111, loss_mask: 0.0623, loss_texture: 0.0284, iou: 0.9013, loss: 0.0908
2026-05-02 01:13:22,944 - mmdet - INFO - 
--- Val evaluation at iter 37500 ---
2026-05-02 01:15:20,516 - mmdet - INFO - 
+------------+-------------+-------------+
| Class      | Val IoU     | Pseudo IoU  |
+------------+-------------+-------------+
| background | 92.15       | 92.68       |
| building   | 66.27       | 69.14       |
| Summary    | mIoU: 79.21 | mIoU: 80.91 |
+------------+-------------+-------------+
Images evaluated: 218
2026-05-02 01:15:21,856 - mmdet - INFO - Iter [37500/120000]	lr: 1.000e-04, eta: 1 day, 6:45:56, time: 1.109, data_time: 0.012, memory: 37111, val/mIoU: 0.7921, val/IoU.building: 0.6627, val/IoU.background: 0.9215, val/Pseudo_mIoU: 0.8091, loss_mask: 0.0605, loss_texture: 0.0267, iou: 0.8965, loss: 0.0871
2026-05-02 01:15:49,580 - mmdet - INFO - Iter [37525/120000]	lr: 1.000e-04, eta: 1 day, 6:49:31, time: 5.865, data_time: 4.770, memory: 37111, loss_mask: 0.0730, loss_texture: 0.0302, iou: 0.9081, loss: 0.1032
2026-05-02 01:16:17,268 - mmdet - INFO - Iter [37550/120000]	lr: 1.000e-04, eta: 1 day, 6:48:44, time: 1.108, data_time: 0.012, memory: 37111, loss_mask: 0.0659, loss_texture: 0.0297, iou: 0.9015, loss: 0.0956
2026-05-02 01:16:45,066 - mmdet - INFO - Iter [37575/120000]	lr: 1.000e-04, eta: 1 day, 6:47:58, time: 1.112, data_time: 0.012, memory: 37111, loss_mask: 0.0531, loss_texture: 0.0250, iou: 0.9038, loss: 0.0781
2026-05-02 01:17:12,845 - mmdet - INFO - Iter [37600/120000]	lr: 1.000e-04, eta: 1 day, 6:47:11, time: 1.111, data_time: 0.012, memory: 37111, loss_mask: 0.0627, loss_texture: 0.0272, iou: 0.8899, loss: 0.0899
2026-05-02 01:17:40,331 - mmdet - INFO - Iter [37625/120000]	lr: 1.000e-04, eta: 1 day, 6:46:24, time: 1.099, data_time: 0.012, memory: 37111, loss_mask: 0.0551, loss_texture: 0.0248, iou: 0.9024, loss: 0.0798
2026-05-02 01:18:08,005 - mmdet - INFO - Iter [37650/120000]	lr: 1.000e-04, eta: 1 day, 6:45:38, time: 1.107, data_time: 0.012, memory: 37111, loss_mask: 0.0684, loss_texture: 0.0302, iou: 0.8890, loss: 0.0986
2026-05-02 01:18:35,684 - mmdet - INFO - Iter [37675/120000]	lr: 1.000e-04, eta: 1 day, 6:44:51, time: 1.107, data_time: 0.012, memory: 37111, loss_mask: 0.0593, loss_texture: 0.0270, iou: 0.9033, loss: 0.0863
2026-05-02 01:19:03,272 - mmdet - INFO - Iter [37700/120000]	lr: 1.000e-04, eta: 1 day, 6:44:04, time: 1.104, data_time: 0.012, memory: 37111, loss_mask: 0.0609, loss_texture: 0.0278, iou: 0.8998, loss: 0.0887
2026-05-02 01:19:30,929 - mmdet - INFO - Iter [37725/120000]	lr: 1.000e-04, eta: 1 day, 6:43:18, time: 1.106, data_time: 0.013, memory: 37111, loss_mask: 0.0657, loss_texture: 0.0288, iou: 0.9005, loss: 0.0946
2026-05-02 01:19:58,779 - mmdet - INFO - Iter [37750/120000]	lr: 1.000e-04, eta: 1 day, 6:42:32, time: 1.114, data_time: 0.012, memory: 37111, loss_mask: 0.0643, loss_texture: 0.0289, iou: 0.9069, loss: 0.0932
2026-05-02 01:20:26,705 - mmdet - INFO - Iter [37775/120000]	lr: 1.000e-04, eta: 1 day, 6:41:46, time: 1.117, data_time: 0.011, memory: 37111, loss_mask: 0.0654, loss_texture: 0.0306, iou: 0.8962, loss: 0.0960
2026-05-02 01:20:54,503 - mmdet - INFO - Iter [37800/120000]	lr: 1.000e-04, eta: 1 day, 6:40:59, time: 1.112, data_time: 0.012, memory: 37111, loss_mask: 0.0595, loss_texture: 0.0268, iou: 0.8959, loss: 0.0863
2026-05-02 01:21:22,254 - mmdet - INFO - Iter [37825/120000]	lr: 1.000e-04, eta: 1 day, 6:40:13, time: 1.110, data_time: 0.012, memory: 37111, loss_mask: 0.0629, loss_texture: 0.0281, iou: 0.8892, loss: 0.0910
2026-05-02 01:21:49,948 - mmdet - INFO - Iter [37850/120000]	lr: 1.000e-04, eta: 1 day, 6:39:27, time: 1.108, data_time: 0.012, memory: 37111, loss_mask: 0.0583, loss_texture: 0.0267, iou: 0.8971, loss: 0.0850
2026-05-02 01:22:17,691 - mmdet - INFO - Iter [37875/120000]	lr: 1.000e-04, eta: 1 day, 6:38:40, time: 1.110, data_time: 0.012, memory: 37111, loss_mask: 0.0561, loss_texture: 0.0254, iou: 0.9023, loss: 0.0815
2026-05-02 01:22:45,611 - mmdet - INFO - Iter [37900/120000]	lr: 1.000e-04, eta: 1 day, 6:37:55, time: 1.117, data_time: 0.012, memory: 37111, loss_mask: 0.0577, loss_texture: 0.0258, iou: 0.9034, loss: 0.0836
2026-05-02 01:23:14,203 - mmdet - INFO - Iter [37925/120000]	lr: 1.000e-04, eta: 1 day, 6:37:10, time: 1.144, data_time: 0.014, memory: 37111, loss_mask: 0.0637, loss_texture: 0.0288, iou: 0.9156, loss: 0.0926
2026-05-02 01:23:41,851 - mmdet - INFO - Iter [37950/120000]	lr: 1.000e-04, eta: 1 day, 6:36:24, time: 1.106, data_time: 0.012, memory: 37111, loss_mask: 0.0636, loss_texture: 0.0286, iou: 0.9133, loss: 0.0921
2026-05-02 01:24:09,347 - mmdet - INFO - Iter [37975/120000]	lr: 1.000e-04, eta: 1 day, 6:35:37, time: 1.100, data_time: 0.012, memory: 37111, loss_mask: 0.0571, loss_texture: 0.0261, iou: 0.9002, loss: 0.0832
2026-05-02 01:24:37,049 - mmdet - INFO - 
--- Val evaluation at iter 38000 ---
2026-05-02 01:26:35,109 - mmdet - INFO - 
+------------+-------------+-------------+
| Class      | Val IoU     | Pseudo IoU  |
+------------+-------------+-------------+
| background | 92.35       | 92.68       |
| building   | 67.43       | 69.14       |
| Summary    | mIoU: 79.89 | mIoU: 80.91 |
+------------+-------------+-------------+
Images evaluated: 218
2026-05-02 01:26:36,468 - mmdet - INFO - Exp name: exp8_all.py
2026-05-02 01:26:36,468 - mmdet - INFO - Iter [38000/120000]	lr: 1.000e-04, eta: 1 day, 6:34:51, time: 1.108, data_time: 0.012, memory: 37111, val/mIoU: 0.7989, val/IoU.building: 0.6743, val/IoU.background: 0.9235, val/Pseudo_mIoU: 0.8091, loss_mask: 0.0564, loss_texture: 0.0258, iou: 0.9003, loss: 0.0822
2026-05-02 01:27:04,407 - mmdet - INFO - Iter [38025/120000]	lr: 1.000e-04, eta: 1 day, 6:38:23, time: 5.894, data_time: 4.790, memory: 37111, loss_mask: 0.0546, loss_texture: 0.0246, iou: 0.9093, loss: 0.0792
2026-05-02 01:27:32,242 - mmdet - INFO - Iter [38050/120000]	lr: 1.000e-04, eta: 1 day, 6:37:36, time: 1.113, data_time: 0.012, memory: 37111, loss_mask: 0.0594, loss_texture: 0.0280, iou: 0.9025, loss: 0.0874
2026-05-02 01:28:00,138 - mmdet - INFO - Iter [38075/120000]	lr: 1.000e-04, eta: 1 day, 6:36:50, time: 1.116, data_time: 0.012, memory: 37111, loss_mask: 0.0622, loss_texture: 0.0283, iou: 0.9077, loss: 0.0905
2026-05-02 01:28:28,029 - mmdet - INFO - Iter [38100/120000]	lr: 1.000e-04, eta: 1 day, 6:36:05, time: 1.116, data_time: 0.012, memory: 37111, loss_mask: 0.0566, loss_texture: 0.0263, iou: 0.9075, loss: 0.0829
2026-05-02 01:28:56,135 - mmdet - INFO - Iter [38125/120000]	lr: 1.000e-04, eta: 1 day, 6:35:19, time: 1.124, data_time: 0.013, memory: 37111, loss_mask: 0.0649, loss_texture: 0.0296, iou: 0.8851, loss: 0.0945
2026-05-02 01:29:24,044 - mmdet - INFO - Iter [38150/120000]	lr: 1.000e-04, eta: 1 day, 6:34:33, time: 1.116, data_time: 0.012, memory: 37111, loss_mask: 0.0564, loss_texture: 0.0269, iou: 0.9064, loss: 0.0833
2026-05-02 01:29:51,734 - mmdet - INFO - Iter [38175/120000]	lr: 1.000e-04, eta: 1 day, 6:33:47, time: 1.108, data_time: 0.012, memory: 37111, loss_mask: 0.0564, loss_texture: 0.0266, iou: 0.9016, loss: 0.0830
2026-05-02 01:30:19,493 - mmdet - INFO - Iter [38200/120000]	lr: 1.000e-04, eta: 1 day, 6:33:01, time: 1.110, data_time: 0.012, memory: 37111, loss_mask: 0.0649, loss_texture: 0.0303, iou: 0.9074, loss: 0.0952
2026-05-02 01:30:47,321 - mmdet - INFO - Iter [38225/120000]	lr: 1.000e-04, eta: 1 day, 6:32:15, time: 1.113, data_time: 0.012, memory: 37111, loss_mask: 0.0609, loss_texture: 0.0285, iou: 0.9087, loss: 0.0894
2026-05-02 01:31:15,470 - mmdet - INFO - Iter [38250/120000]	lr: 1.000e-04, eta: 1 day, 6:31:29, time: 1.126, data_time: 0.012, memory: 37111, loss_mask: 0.0692, loss_texture: 0.0314, iou: 0.8839, loss: 0.1006
2026-05-02 01:31:43,358 - mmdet - INFO - Iter [38275/120000]	lr: 1.000e-04, eta: 1 day, 6:30:44, time: 1.116, data_time: 0.012, memory: 37111, loss_mask: 0.0618, loss_texture: 0.0276, iou: 0.8851, loss: 0.0894
2026-05-02 01:32:10,985 - mmdet - INFO - Iter [38300/120000]	lr: 1.000e-04, eta: 1 day, 6:29:57, time: 1.105, data_time: 0.012, memory: 37111, loss_mask: 0.0578, loss_texture: 0.0263, iou: 0.8983, loss: 0.0841
2026-05-02 01:32:38,603 - mmdet - INFO - Iter [38325/120000]	lr: 1.000e-04, eta: 1 day, 6:29:11, time: 1.105, data_time: 0.013, memory: 37111, loss_mask: 0.0595, loss_texture: 0.0272, iou: 0.8970, loss: 0.0867
2026-05-02 01:33:06,306 - mmdet - INFO - Iter [38350/120000]	lr: 1.000e-04, eta: 1 day, 6:28:25, time: 1.108, data_time: 0.012, memory: 37111, loss_mask: 0.0593, loss_texture: 0.0274, iou: 0.8996, loss: 0.0866
2026-05-02 01:33:33,865 - mmdet - INFO - Iter [38375/120000]	lr: 1.000e-04, eta: 1 day, 6:27:38, time: 1.102, data_time: 0.012, memory: 37111, loss_mask: 0.0583, loss_texture: 0.0271, iou: 0.9063, loss: 0.0854
2026-05-02 01:34:01,567 - mmdet - INFO - Iter [38400/120000]	lr: 1.000e-04, eta: 1 day, 6:26:52, time: 1.108, data_time: 0.012, memory: 37111, loss_mask: 0.0545, loss_texture: 0.0261, iou: 0.9095, loss: 0.0806
2026-05-02 01:34:29,234 - mmdet - INFO - Iter [38425/120000]	lr: 1.000e-04, eta: 1 day, 6:26:06, time: 1.107, data_time: 0.012, memory: 37111, loss_mask: 0.0616, loss_texture: 0.0277, iou: 0.9112, loss: 0.0893
2026-05-02 01:34:56,961 - mmdet - INFO - Iter [38450/120000]	lr: 1.000e-04, eta: 1 day, 6:25:20, time: 1.109, data_time: 0.012, memory: 37111, loss_mask: 0.0581, loss_texture: 0.0262, iou: 0.8974, loss: 0.0843
2026-05-02 01:35:24,697 - mmdet - INFO - Iter [38475/120000]	lr: 1.000e-04, eta: 1 day, 6:24:34, time: 1.109, data_time: 0.012, memory: 37111, loss_mask: 0.0624, loss_texture: 0.0280, iou: 0.9013, loss: 0.0904
2026-05-02 01:35:52,759 - mmdet - INFO - 
--- Val evaluation at iter 38500 ---
2026-05-02 01:37:51,206 - mmdet - INFO - 
+------------+-------------+-------------+
| Class      | Val IoU     | Pseudo IoU  |
+------------+-------------+-------------+
| background | 92.30       | 92.68       |
| building   | 66.93       | 69.14       |
| Summary    | mIoU: 79.61 | mIoU: 80.91 |
+------------+-------------+-------------+
Images evaluated: 218
2026-05-02 01:37:52,579 - mmdet - INFO - Iter [38500/120000]	lr: 1.000e-04, eta: 1 day, 6:23:49, time: 1.122, data_time: 0.012, memory: 37111, val/mIoU: 0.7961, val/IoU.building: 0.6693, val/IoU.background: 0.9230, val/Pseudo_mIoU: 0.8091, loss_mask: 0.0618, loss_texture: 0.0286, iou: 0.8992, loss: 0.0904
2026-05-02 01:38:20,169 - mmdet - INFO - Iter [38525/120000]	lr: 1.000e-04, eta: 1 day, 6:27:16, time: 5.896, data_time: 4.806, memory: 37111, loss_mask: 0.0594, loss_texture: 0.0265, iou: 0.9107, loss: 0.0860
2026-05-02 01:38:48,098 - mmdet - INFO - Iter [38550/120000]	lr: 1.000e-04, eta: 1 day, 6:26:30, time: 1.117, data_time: 0.012, memory: 37111, loss_mask: 0.0621, loss_texture: 0.0283, iou: 0.9005, loss: 0.0904
2026-05-02 01:39:15,964 - mmdet - INFO - Iter [38575/120000]	lr: 1.000e-04, eta: 1 day, 6:25:45, time: 1.115, data_time: 0.012, memory: 37111, loss_mask: 0.0579, loss_texture: 0.0271, iou: 0.8967, loss: 0.0851
2026-05-02 01:39:43,660 - mmdet - INFO - Iter [38600/120000]	lr: 1.000e-04, eta: 1 day, 6:24:58, time: 1.108, data_time: 0.012, memory: 37111, loss_mask: 0.0580, loss_texture: 0.0266, iou: 0.9098, loss: 0.0846
2026-05-02 01:40:11,459 - mmdet - INFO - Iter [38625/120000]	lr: 1.000e-04, eta: 1 day, 6:24:13, time: 1.112, data_time: 0.012, memory: 37111, loss_mask: 0.0681, loss_texture: 0.0306, iou: 0.8961, loss: 0.0987
2026-05-02 01:40:39,463 - mmdet - INFO - Iter [38650/120000]	lr: 1.000e-04, eta: 1 day, 6:23:27, time: 1.120, data_time: 0.012, memory: 37111, loss_mask: 0.0581, loss_texture: 0.0276, iou: 0.8927, loss: 0.0857
2026-05-02 01:41:07,163 - mmdet - INFO - Iter [38675/120000]	lr: 1.000e-04, eta: 1 day, 6:22:41, time: 1.108, data_time: 0.012, memory: 37111, loss_mask: 0.0578, loss_texture: 0.0256, iou: 0.9173, loss: 0.0835
2026-05-02 01:41:34,931 - mmdet - INFO - Iter [38700/120000]	lr: 1.000e-04, eta: 1 day, 6:21:55, time: 1.111, data_time: 0.012, memory: 37111, loss_mask: 0.0557, loss_texture: 0.0250, iou: 0.8981, loss: 0.0808
2026-05-02 01:42:02,821 - mmdet - INFO - Iter [38725/120000]	lr: 1.000e-04, eta: 1 day, 6:21:09, time: 1.116, data_time: 0.013, memory: 37111, loss_mask: 0.0610, loss_texture: 0.0287, iou: 0.9001, loss: 0.0898
2026-05-02 01:42:30,749 - mmdet - INFO - Iter [38750/120000]	lr: 1.000e-04, eta: 1 day, 6:20:24, time: 1.117, data_time: 0.012, memory: 37111, loss_mask: 0.0567, loss_texture: 0.0260, iou: 0.9064, loss: 0.0826
2026-05-02 01:42:58,438 - mmdet - INFO - Iter [38775/120000]	lr: 1.000e-04, eta: 1 day, 6:19:38, time: 1.108, data_time: 0.012, memory: 37111, loss_mask: 0.0596, loss_texture: 0.0277, iou: 0.8926, loss: 0.0873
2026-05-02 01:43:25,969 - mmdet - INFO - Iter [38800/120000]	lr: 1.000e-04, eta: 1 day, 6:18:52, time: 1.101, data_time: 0.012, memory: 37111, loss_mask: 0.0572, loss_texture: 0.0264, iou: 0.8948, loss: 0.0837
2026-05-02 01:43:53,779 - mmdet - INFO - Iter [38825/120000]	lr: 1.000e-04, eta: 1 day, 6:18:06, time: 1.112, data_time: 0.012, memory: 37111, loss_mask: 0.0625, loss_texture: 0.0288, iou: 0.9088, loss: 0.0913
2026-05-02 01:44:21,412 - mmdet - INFO - Iter [38850/120000]	lr: 1.000e-04, eta: 1 day, 6:17:20, time: 1.105, data_time: 0.012, memory: 37111, loss_mask: 0.0636, loss_texture: 0.0290, iou: 0.9108, loss: 0.0925
2026-05-02 01:44:49,136 - mmdet - INFO - Iter [38875/120000]	lr: 1.000e-04, eta: 1 day, 6:16:34, time: 1.109, data_time: 0.011, memory: 37111, loss_mask: 0.0567, loss_texture: 0.0271, iou: 0.9181, loss: 0.0837
2026-05-02 01:45:16,916 - mmdet - INFO - Iter [38900/120000]	lr: 1.000e-04, eta: 1 day, 6:15:48, time: 1.111, data_time: 0.012, memory: 37111, loss_mask: 0.0803, loss_texture: 0.0326, iou: 0.8726, loss: 0.1130
2026-05-02 01:45:44,590 - mmdet - INFO - Iter [38925/120000]	lr: 1.000e-04, eta: 1 day, 6:15:02, time: 1.107, data_time: 0.013, memory: 37111, loss_mask: 0.0618, loss_texture: 0.0261, iou: 0.8870, loss: 0.0879
2026-05-02 01:46:12,453 - mmdet - INFO - Iter [38950/120000]	lr: 1.000e-04, eta: 1 day, 6:14:17, time: 1.114, data_time: 0.012, memory: 37111, loss_mask: 0.0660, loss_texture: 0.0277, iou: 0.8990, loss: 0.0937
2026-05-02 01:46:40,079 - mmdet - INFO - Iter [38975/120000]	lr: 1.000e-04, eta: 1 day, 6:13:31, time: 1.105, data_time: 0.012, memory: 37111, loss_mask: 0.0678, loss_texture: 0.0299, iou: 0.8959, loss: 0.0976
2026-05-02 01:47:07,755 - mmdet - INFO - 
--- Val evaluation at iter 39000 ---
2026-05-02 01:49:05,392 - mmdet - INFO - 
+------------+-------------+-------------+
| Class      | Val IoU     | Pseudo IoU  |
+------------+-------------+-------------+
| background | 91.98       | 92.68       |
| building   | 65.05       | 69.14       |
| Summary    | mIoU: 78.51 | mIoU: 80.91 |
+------------+-------------+-------------+
Images evaluated: 218
2026-05-02 01:49:06,740 - mmdet - INFO - Exp name: exp8_all.py
2026-05-02 01:49:06,740 - mmdet - INFO - Iter [39000/120000]	lr: 1.000e-04, eta: 1 day, 6:12:45, time: 1.107, data_time: 0.012, memory: 37111, val/mIoU: 0.7851, val/IoU.building: 0.6505, val/IoU.background: 0.9198, val/Pseudo_mIoU: 0.8091, loss_mask: 0.0689, loss_texture: 0.0298, iou: 0.8834, loss: 0.0987
2026-05-02 01:49:34,534 - mmdet - INFO - Iter [39025/120000]	lr: 1.000e-04, eta: 1 day, 6:16:06, time: 5.871, data_time: 4.772, memory: 37111, loss_mask: 0.0700, loss_texture: 0.0305, iou: 0.9007, loss: 0.1005
2026-05-02 01:50:02,310 - mmdet - INFO - Iter [39050/120000]	lr: 1.000e-04, eta: 1 day, 6:15:21, time: 1.111, data_time: 0.012, memory: 37111, loss_mask: 0.0621, loss_texture: 0.0276, iou: 0.9024, loss: 0.0897
2026-05-02 01:50:30,040 - mmdet - INFO - Iter [39075/120000]	lr: 1.000e-04, eta: 1 day, 6:14:35, time: 1.109, data_time: 0.012, memory: 37111, loss_mask: 0.0568, loss_texture: 0.0261, iou: 0.9032, loss: 0.0829
2026-05-02 01:50:57,839 - mmdet - INFO - Iter [39100/120000]	lr: 1.000e-04, eta: 1 day, 6:13:49, time: 1.112, data_time: 0.012, memory: 37111, loss_mask: 0.0705, loss_texture: 0.0323, iou: 0.9089, loss: 0.1028
2026-05-02 01:51:25,674 - mmdet - INFO - Iter [39125/120000]	lr: 1.000e-04, eta: 1 day, 6:13:03, time: 1.113, data_time: 0.013, memory: 37111, loss_mask: 0.0617, loss_texture: 0.0285, iou: 0.8947, loss: 0.0902
2026-05-02 01:51:53,623 - mmdet - INFO - Iter [39150/120000]	lr: 1.000e-04, eta: 1 day, 6:12:18, time: 1.118, data_time: 0.012, memory: 37111, loss_mask: 0.0629, loss_texture: 0.0291, iou: 0.8970, loss: 0.0920
2026-05-02 01:52:21,227 - mmdet - INFO - Iter [39175/120000]	lr: 1.000e-04, eta: 1 day, 6:11:32, time: 1.104, data_time: 0.012, memory: 37111, loss_mask: 0.0608, loss_texture: 0.0274, iou: 0.8916, loss: 0.0883
2026-05-02 01:52:49,069 - mmdet - INFO - Iter [39200/120000]	lr: 1.000e-04, eta: 1 day, 6:10:47, time: 1.114, data_time: 0.012, memory: 37111, loss_mask: 0.0685, loss_texture: 0.0309, iou: 0.9091, loss: 0.0995
2026-05-02 01:53:16,912 - mmdet - INFO - Iter [39225/120000]	lr: 1.000e-04, eta: 1 day, 6:10:01, time: 1.114, data_time: 0.012, memory: 37111, loss_mask: 0.0594, loss_texture: 0.0273, iou: 0.9066, loss: 0.0867
2026-05-02 01:53:44,791 - mmdet - INFO - Iter [39250/120000]	lr: 1.000e-04, eta: 1 day, 6:09:16, time: 1.115, data_time: 0.012, memory: 37111, loss_mask: 0.0618, loss_texture: 0.0277, iou: 0.9042, loss: 0.0895
2026-05-02 01:54:12,474 - mmdet - INFO - Iter [39275/120000]	lr: 1.000e-04, eta: 1 day, 6:08:30, time: 1.107, data_time: 0.012, memory: 37111, loss_mask: 0.0599, loss_texture: 0.0266, iou: 0.9116, loss: 0.0865
2026-05-02 01:54:40,287 - mmdet - INFO - Iter [39300/120000]	lr: 1.000e-04, eta: 1 day, 6:07:44, time: 1.113, data_time: 0.012, memory: 37111, loss_mask: 0.0577, loss_texture: 0.0262, iou: 0.9144, loss: 0.0838
2026-05-02 01:55:08,047 - mmdet - INFO - Iter [39325/120000]	lr: 1.000e-04, eta: 1 day, 6:06:59, time: 1.110, data_time: 0.012, memory: 37111, loss_mask: 0.0634, loss_texture: 0.0267, iou: 0.8831, loss: 0.0901
2026-05-02 01:55:35,742 - mmdet - INFO - Iter [39350/120000]	lr: 1.000e-04, eta: 1 day, 6:06:13, time: 1.108, data_time: 0.012, memory: 37111, loss_mask: 0.0614, loss_texture: 0.0268, iou: 0.8825, loss: 0.0881
2026-05-02 01:56:03,551 - mmdet - INFO - Iter [39375/120000]	lr: 1.000e-04, eta: 1 day, 6:05:28, time: 1.112, data_time: 0.012, memory: 37111, loss_mask: 0.0721, loss_texture: 0.0307, iou: 0.8874, loss: 0.1029
2026-05-02 01:56:31,278 - mmdet - INFO - Iter [39400/120000]	lr: 1.000e-04, eta: 1 day, 6:04:42, time: 1.109, data_time: 0.012, memory: 37111, loss_mask: 0.0647, loss_texture: 0.0289, iou: 0.9003, loss: 0.0936
2026-05-02 01:56:59,163 - mmdet - INFO - Iter [39425/120000]	lr: 1.000e-04, eta: 1 day, 6:03:57, time: 1.115, data_time: 0.012, memory: 37111, loss_mask: 0.0657, loss_texture: 0.0300, iou: 0.8958, loss: 0.0957
2026-05-02 01:57:26,814 - mmdet - INFO - Iter [39450/120000]	lr: 1.000e-04, eta: 1 day, 6:03:11, time: 1.106, data_time: 0.011, memory: 37111, loss_mask: 0.0652, loss_texture: 0.0286, iou: 0.9034, loss: 0.0938
2026-05-02 01:57:54,389 - mmdet - INFO - Iter [39475/120000]	lr: 1.000e-04, eta: 1 day, 6:02:25, time: 1.103, data_time: 0.012, memory: 37111, loss_mask: 0.0711, loss_texture: 0.0304, iou: 0.9058, loss: 0.1015
2026-05-02 01:58:22,129 - mmdet - INFO - 
--- Val evaluation at iter 39500 ---
2026-05-02 02:00:18,560 - mmdet - INFO - 
+------------+-------------+-------------+
| Class      | Val IoU     | Pseudo IoU  |
+------------+-------------+-------------+
| background | 92.40       | 92.68       |
| building   | 67.86       | 69.14       |
| Summary    | mIoU: 80.13 | mIoU: 80.91 |
+------------+-------------+-------------+
Images evaluated: 218
2026-05-02 02:00:19,927 - mmdet - INFO - Iter [39500/120000]	lr: 1.000e-04, eta: 1 day, 6:01:40, time: 1.110, data_time: 0.012, memory: 37111, val/mIoU: 0.8013, val/IoU.building: 0.6786, val/IoU.background: 0.9240, val/Pseudo_mIoU: 0.8091, loss_mask: 0.0687, loss_texture: 0.0305, iou: 0.8973, loss: 0.0992
2026-05-02 02:00:47,393 - mmdet - INFO - Iter [39525/120000]	lr: 1.000e-04, eta: 1 day, 6:04:54, time: 5.811, data_time: 4.724, memory: 37111, loss_mask: 0.0592, loss_texture: 0.0257, iou: 0.8835, loss: 0.0849
2026-05-02 02:01:14,904 - mmdet - INFO - Iter [39550/120000]	lr: 1.000e-04, eta: 1 day, 6:04:08, time: 1.100, data_time: 0.012, memory: 37111, loss_mask: 0.0679, loss_texture: 0.0293, iou: 0.8823, loss: 0.0972
2026-05-02 02:01:42,463 - mmdet - INFO - Iter [39575/120000]	lr: 1.000e-04, eta: 1 day, 6:03:22, time: 1.102, data_time: 0.012, memory: 37111, loss_mask: 0.0575, loss_texture: 0.0252, iou: 0.8945, loss: 0.0826
2026-05-02 02:02:10,192 - mmdet - INFO - Iter [39600/120000]	lr: 1.000e-04, eta: 1 day, 6:02:36, time: 1.109, data_time: 0.012, memory: 37111, loss_mask: 0.0664, loss_texture: 0.0300, iou: 0.8994, loss: 0.0964
2026-05-02 02:02:37,665 - mmdet - INFO - Iter [39625/120000]	lr: 1.000e-04, eta: 1 day, 6:01:50, time: 1.099, data_time: 0.013, memory: 37111, loss_mask: 0.0605, loss_texture: 0.0271, iou: 0.8803, loss: 0.0876
2026-05-02 02:03:05,287 - mmdet - INFO - Iter [39650/120000]	lr: 1.000e-04, eta: 1 day, 6:01:04, time: 1.105, data_time: 0.012, memory: 37111, loss_mask: 0.0692, loss_texture: 0.0312, iou: 0.9165, loss: 0.1005
2026-05-02 02:03:32,961 - mmdet - INFO - Iter [39675/120000]	lr: 1.000e-04, eta: 1 day, 6:00:18, time: 1.107, data_time: 0.012, memory: 37111, loss_mask: 0.0596, loss_texture: 0.0281, iou: 0.8887, loss: 0.0877
2026-05-02 02:04:00,673 - mmdet - INFO - Iter [39700/120000]	lr: 1.000e-04, eta: 1 day, 5:59:33, time: 1.108, data_time: 0.012, memory: 37111, loss_mask: 0.0634, loss_texture: 0.0284, iou: 0.9011, loss: 0.0918
2026-05-02 02:04:28,392 - mmdet - INFO - Iter [39725/120000]	lr: 1.000e-04, eta: 1 day, 5:58:47, time: 1.109, data_time: 0.012, memory: 37111, loss_mask: 0.0678, loss_texture: 0.0305, iou: 0.9012, loss: 0.0983
2026-05-02 02:04:55,885 - mmdet - INFO - Iter [39750/120000]	lr: 1.000e-04, eta: 1 day, 5:58:01, time: 1.100, data_time: 0.012, memory: 37111, loss_mask: 0.0640, loss_texture: 0.0288, iou: 0.9002, loss: 0.0928
2026-05-02 02:05:23,686 - mmdet - INFO - Iter [39775/120000]	lr: 1.000e-04, eta: 1 day, 5:57:16, time: 1.112, data_time: 0.012, memory: 37111, loss_mask: 0.0630, loss_texture: 0.0294, iou: 0.9034, loss: 0.0924
2026-05-02 02:05:51,407 - mmdet - INFO - Iter [39800/120000]	lr: 1.000e-04, eta: 1 day, 5:56:31, time: 1.109, data_time: 0.012, memory: 37111, loss_mask: 0.0625, loss_texture: 0.0286, iou: 0.8988, loss: 0.0911
2026-05-02 02:06:19,218 - mmdet - INFO - Iter [39825/120000]	lr: 1.000e-04, eta: 1 day, 5:55:45, time: 1.112, data_time: 0.012, memory: 37111, loss_mask: 0.0684, loss_texture: 0.0304, iou: 0.9037, loss: 0.0989
2026-05-02 02:06:46,824 - mmdet - INFO - Iter [39850/120000]	lr: 1.000e-04, eta: 1 day, 5:55:00, time: 1.104, data_time: 0.012, memory: 37111, loss_mask: 0.0578, loss_texture: 0.0254, iou: 0.8940, loss: 0.0832
2026-05-02 02:07:14,504 - mmdet - INFO - Iter [39875/120000]	lr: 1.000e-04, eta: 1 day, 5:54:14, time: 1.107, data_time: 0.012, memory: 37111, loss_mask: 0.0630, loss_texture: 0.0289, iou: 0.9107, loss: 0.0919
2026-05-02 02:07:42,197 - mmdet - INFO - Iter [39900/120000]	lr: 1.000e-04, eta: 1 day, 5:53:29, time: 1.108, data_time: 0.012, memory: 37111, loss_mask: 0.0701, loss_texture: 0.0310, iou: 0.8985, loss: 0.1012
2026-05-02 02:08:09,833 - mmdet - INFO - Iter [39925/120000]	lr: 1.000e-04, eta: 1 day, 5:52:43, time: 1.105, data_time: 0.012, memory: 37111, loss_mask: 0.0687, loss_texture: 0.0304, iou: 0.8939, loss: 0.0991
2026-05-02 02:08:37,368 - mmdet - INFO - Iter [39950/120000]	lr: 1.000e-04, eta: 1 day, 5:51:57, time: 1.101, data_time: 0.012, memory: 37111, loss_mask: 0.0577, loss_texture: 0.0258, iou: 0.8849, loss: 0.0835
2026-05-02 02:09:05,329 - mmdet - INFO - Iter [39975/120000]	lr: 1.000e-04, eta: 1 day, 5:51:13, time: 1.118, data_time: 0.012, memory: 37111, loss_mask: 0.0575, loss_texture: 0.0261, iou: 0.9000, loss: 0.0836
2026-05-02 02:09:33,506 - mmdet - INFO - 
--- Val evaluation at iter 40000 ---
2026-05-02 02:11:31,517 - mmdet - INFO - 
+------------+-------------+-------------+
| Class      | Val IoU     | Pseudo IoU  |
+------------+-------------+-------------+
| background | 92.35       | 92.68       |
| building   | 67.41       | 69.14       |
| Summary    | mIoU: 79.88 | mIoU: 80.91 |
+------------+-------------+-------------+
Images evaluated: 218
2026-05-02 02:11:32,878 - mmdet - INFO - Exp name: exp8_all.py
2026-05-02 02:11:32,879 - mmdet - INFO - Iter [40000/120000]	lr: 1.000e-04, eta: 1 day, 5:50:28, time: 1.127, data_time: 0.014, memory: 37111, val/mIoU: 0.7988, val/IoU.building: 0.6741, val/IoU.background: 0.9235, val/Pseudo_mIoU: 0.8091, loss_mask: 0.0559, loss_texture: 0.0263, iou: 0.9104, loss: 0.0821
2026-05-02 02:12:00,712 - mmdet - INFO - Iter [40025/120000]	lr: 1.000e-04, eta: 1 day, 5:53:42, time: 5.888, data_time: 4.789, memory: 37111, loss_mask: 0.0586, loss_texture: 0.0275, iou: 0.8953, loss: 0.0861
2026-05-02 02:12:28,407 - mmdet - INFO - Iter [40050/120000]	lr: 1.000e-04, eta: 1 day, 5:52:56, time: 1.108, data_time: 0.012, memory: 37111, loss_mask: 0.0560, loss_texture: 0.0266, iou: 0.9022, loss: 0.0826
2026-05-02 02:12:56,105 - mmdet - INFO - Iter [40075/120000]	lr: 1.000e-04, eta: 1 day, 5:52:11, time: 1.108, data_time: 0.012, memory: 37111, loss_mask: 0.0472, loss_texture: 0.0218, iou: 0.9121, loss: 0.0690
2026-05-02 02:13:24,021 - mmdet - INFO - Iter [40100/120000]	lr: 1.000e-04, eta: 1 day, 5:51:26, time: 1.117, data_time: 0.012, memory: 37111, loss_mask: 0.0639, loss_texture: 0.0297, iou: 0.8969, loss: 0.0936
2026-05-02 02:13:51,765 - mmdet - INFO - Iter [40125/120000]	lr: 1.000e-04, eta: 1 day, 5:50:40, time: 1.110, data_time: 0.012, memory: 37111, loss_mask: 0.0546, loss_texture: 0.0250, iou: 0.8938, loss: 0.0797
2026-05-02 02:14:19,385 - mmdet - INFO - Iter [40150/120000]	lr: 1.000e-04, eta: 1 day, 5:49:55, time: 1.105, data_time: 0.012, memory: 37111, loss_mask: 0.0538, loss_texture: 0.0248, iou: 0.9233, loss: 0.0786
2026-05-02 02:14:47,133 - mmdet - INFO - Iter [40175/120000]	lr: 1.000e-04, eta: 1 day, 5:49:10, time: 1.110, data_time: 0.012, memory: 37111, loss_mask: 0.0611, loss_texture: 0.0284, iou: 0.8973, loss: 0.0895
2026-05-02 02:15:14,959 - mmdet - INFO - Iter [40200/120000]	lr: 1.000e-04, eta: 1 day, 5:48:24, time: 1.113, data_time: 0.012, memory: 37111, loss_mask: 0.0583, loss_texture: 0.0270, iou: 0.9031, loss: 0.0853
2026-05-02 02:15:42,659 - mmdet - INFO - Iter [40225/120000]	lr: 1.000e-04, eta: 1 day, 5:47:39, time: 1.108, data_time: 0.012, memory: 37111, loss_mask: 0.0601, loss_texture: 0.0269, iou: 0.9041, loss: 0.0869
2026-05-02 02:16:10,311 - mmdet - INFO - Iter [40250/120000]	lr: 1.000e-04, eta: 1 day, 5:46:54, time: 1.106, data_time: 0.012, memory: 37111, loss_mask: 0.0539, loss_texture: 0.0248, iou: 0.9148, loss: 0.0786
2026-05-02 02:16:38,089 - mmdet - INFO - Iter [40275/120000]	lr: 1.000e-04, eta: 1 day, 5:46:08, time: 1.111, data_time: 0.012, memory: 37111, loss_mask: 0.0605, loss_texture: 0.0286, iou: 0.9132, loss: 0.0891
2026-05-02 02:17:05,946 - mmdet - INFO - Iter [40300/120000]	lr: 1.000e-04, eta: 1 day, 5:45:23, time: 1.114, data_time: 0.012, memory: 37111, loss_mask: 0.0595, loss_texture: 0.0275, iou: 0.9011, loss: 0.0870
2026-05-02 02:17:33,666 - mmdet - INFO - Iter [40325/120000]	lr: 1.000e-04, eta: 1 day, 5:44:38, time: 1.109, data_time: 0.013, memory: 37111, loss_mask: 0.0570, loss_texture: 0.0265, iou: 0.9027, loss: 0.0835
2026-05-02 02:18:01,444 - mmdet - INFO - Iter [40350/120000]	lr: 1.000e-04, eta: 1 day, 5:43:53, time: 1.111, data_time: 0.012, memory: 37111, loss_mask: 0.0623, loss_texture: 0.0281, iou: 0.8984, loss: 0.0904
2026-05-02 02:18:29,263 - mmdet - INFO - Iter [40375/120000]	lr: 1.000e-04, eta: 1 day, 5:43:08, time: 1.113, data_time: 0.012, memory: 37111, loss_mask: 0.0615, loss_texture: 0.0276, iou: 0.8929, loss: 0.0891
2026-05-02 02:18:57,178 - mmdet - INFO - Iter [40400/120000]	lr: 1.000e-04, eta: 1 day, 5:42:23, time: 1.117, data_time: 0.012, memory: 37111, loss_mask: 0.0619, loss_texture: 0.0289, iou: 0.9050, loss: 0.0908
2026-05-02 02:19:24,828 - mmdet - INFO - Iter [40425/120000]	lr: 1.000e-04, eta: 1 day, 5:41:38, time: 1.106, data_time: 0.012, memory: 37111, loss_mask: 0.0691, loss_texture: 0.0308, iou: 0.8920, loss: 0.0999
2026-05-02 02:19:52,431 - mmdet - INFO - Iter [40450/120000]	lr: 1.000e-04, eta: 1 day, 5:40:53, time: 1.104, data_time: 0.012, memory: 37111, loss_mask: 0.0542, loss_texture: 0.0249, iou: 0.8970, loss: 0.0791
2026-05-02 02:20:20,122 - mmdet - INFO - Iter [40475/120000]	lr: 1.000e-04, eta: 1 day, 5:40:08, time: 1.108, data_time: 0.012, memory: 37111, loss_mask: 0.0529, loss_texture: 0.0247, iou: 0.9179, loss: 0.0775
2026-05-02 02:20:47,977 - mmdet - INFO - 
--- Val evaluation at iter 40500 ---
2026-05-02 02:22:45,916 - mmdet - INFO - 
+------------+-------------+-------------+
| Class      | Val IoU     | Pseudo IoU  |
+------------+-------------+-------------+
| background | 92.44       | 92.68       |
| building   | 68.00       | 69.14       |
| Summary    | mIoU: 80.22 | mIoU: 80.91 |
+------------+-------------+-------------+
Images evaluated: 218
2026-05-02 02:22:47,268 - mmdet - INFO - Iter [40500/120000]	lr: 1.000e-04, eta: 1 day, 5:39:23, time: 1.114, data_time: 0.012, memory: 37111, val/mIoU: 0.8022, val/IoU.building: 0.6800, val/IoU.background: 0.9244, val/Pseudo_mIoU: 0.8091, loss_mask: 0.0589, loss_texture: 0.0272, iou: 0.9074, loss: 0.0861
2026-05-02 02:23:15,102 - mmdet - INFO - Iter [40525/120000]	lr: 1.000e-04, eta: 1 day, 5:42:32, time: 5.885, data_time: 4.785, memory: 37111, loss_mask: 0.0615, loss_texture: 0.0281, iou: 0.8826, loss: 0.0897
2026-05-02 02:23:43,011 - mmdet - INFO - Iter [40550/120000]	lr: 1.000e-04, eta: 1 day, 5:41:47, time: 1.116, data_time: 0.012, memory: 37111, loss_mask: 0.0698, loss_texture: 0.0318, iou: 0.8965, loss: 0.1016
2026-05-02 02:24:10,835 - mmdet - INFO - Iter [40575/120000]	lr: 1.000e-04, eta: 1 day, 5:41:02, time: 1.113, data_time: 0.012, memory: 37111, loss_mask: 0.0738, loss_texture: 0.0337, iou: 0.8937, loss: 0.1075
2026-05-02 02:24:38,714 - mmdet - INFO - Iter [40600/120000]	lr: 1.000e-04, eta: 1 day, 5:40:17, time: 1.115, data_time: 0.012, memory: 37111, loss_mask: 0.0708, loss_texture: 0.0317, iou: 0.9037, loss: 0.1026
2026-05-02 02:25:06,292 - mmdet - INFO - Iter [40625/120000]	lr: 1.000e-04, eta: 1 day, 5:39:32, time: 1.103, data_time: 0.013, memory: 37111, loss_mask: 0.0588, loss_texture: 0.0262, iou: 0.8973, loss: 0.0850
2026-05-02 02:25:34,016 - mmdet - INFO - Iter [40650/120000]	lr: 1.000e-04, eta: 1 day, 5:38:47, time: 1.109, data_time: 0.012, memory: 37111, loss_mask: 0.0590, loss_texture: 0.0259, iou: 0.8796, loss: 0.0850
2026-05-02 02:26:02,655 - mmdet - INFO - Iter [40675/120000]	lr: 1.000e-04, eta: 1 day, 5:38:03, time: 1.146, data_time: 0.014, memory: 37111, loss_mask: 0.0604, loss_texture: 0.0272, iou: 0.8979, loss: 0.0876
2026-05-02 02:26:30,412 - mmdet - INFO - Iter [40700/120000]	lr: 1.000e-04, eta: 1 day, 5:37:18, time: 1.110, data_time: 0.012, memory: 37111, loss_mask: 0.0601, loss_texture: 0.0266, iou: 0.9111, loss: 0.0867
2026-05-02 02:26:58,159 - mmdet - INFO - Iter [40725/120000]	lr: 1.000e-04, eta: 1 day, 5:36:33, time: 1.110, data_time: 0.013, memory: 37111, loss_mask: 0.0633, loss_texture: 0.0289, iou: 0.8995, loss: 0.0921
2026-05-02 02:27:25,978 - mmdet - INFO - Iter [40750/120000]	lr: 1.000e-04, eta: 1 day, 5:35:48, time: 1.113, data_time: 0.012, memory: 37111, loss_mask: 0.0604, loss_texture: 0.0276, iou: 0.8893, loss: 0.0881
2026-05-02 02:27:53,845 - mmdet - INFO - Iter [40775/120000]	lr: 1.000e-04, eta: 1 day, 5:35:03, time: 1.115, data_time: 0.012, memory: 37111, loss_mask: 0.0588, loss_texture: 0.0271, iou: 0.9099, loss: 0.0859
2026-05-02 02:28:21,615 - mmdet - INFO - Iter [40800/120000]	lr: 1.000e-04, eta: 1 day, 5:34:18, time: 1.111, data_time: 0.012, memory: 37111, loss_mask: 0.0635, loss_texture: 0.0294, iou: 0.9009, loss: 0.0928
2026-05-02 02:28:49,426 - mmdet - INFO - Iter [40825/120000]	lr: 1.000e-04, eta: 1 day, 5:33:34, time: 1.112, data_time: 0.012, memory: 37111, loss_mask: 0.0616, loss_texture: 0.0279, iou: 0.9136, loss: 0.0895
2026-05-02 02:29:17,001 - mmdet - INFO - Iter [40850/120000]	lr: 1.000e-04, eta: 1 day, 5:32:48, time: 1.103, data_time: 0.011, memory: 37111, loss_mask: 0.0678, loss_texture: 0.0299, iou: 0.8865, loss: 0.0976
2026-05-02 02:29:44,800 - mmdet - INFO - Iter [40875/120000]	lr: 1.000e-04, eta: 1 day, 5:32:04, time: 1.112, data_time: 0.011, memory: 37111, loss_mask: 0.0658, loss_texture: 0.0311, iou: 0.8994, loss: 0.0969
2026-05-02 02:30:12,636 - mmdet - INFO - Iter [40900/120000]	lr: 1.000e-04, eta: 1 day, 5:31:19, time: 1.113, data_time: 0.012, memory: 37111, loss_mask: 0.0722, loss_texture: 0.0317, iou: 0.8912, loss: 0.1039
2026-05-02 02:30:40,291 - mmdet - INFO - Iter [40925/120000]	lr: 1.000e-04, eta: 1 day, 5:30:34, time: 1.106, data_time: 0.012, memory: 37111, loss_mask: 0.0530, loss_texture: 0.0241, iou: 0.9010, loss: 0.0772
2026-05-02 02:31:07,906 - mmdet - INFO - Iter [40950/120000]	lr: 1.000e-04, eta: 1 day, 5:29:49, time: 1.105, data_time: 0.012, memory: 37111, loss_mask: 0.0615, loss_texture: 0.0273, iou: 0.9034, loss: 0.0888
2026-05-02 02:31:35,535 - mmdet - INFO - Iter [40975/120000]	lr: 1.000e-04, eta: 1 day, 5:29:04, time: 1.105, data_time: 0.012, memory: 37111, loss_mask: 0.0599, loss_texture: 0.0266, iou: 0.8955, loss: 0.0865
2026-05-02 02:32:03,327 - mmdet - INFO - 
--- Val evaluation at iter 41000 ---
2026-05-02 02:34:00,312 - mmdet - INFO - 
+------------+-------------+-------------+
| Class      | Val IoU     | Pseudo IoU  |
+------------+-------------+-------------+
| background | 92.25       | 92.68       |
| building   | 66.67       | 69.14       |
| Summary    | mIoU: 79.46 | mIoU: 80.91 |
+------------+-------------+-------------+
Images evaluated: 218
2026-05-02 02:34:01,669 - mmdet - INFO - Exp name: exp8_all.py
2026-05-02 02:34:01,669 - mmdet - INFO - Iter [41000/120000]	lr: 1.000e-04, eta: 1 day, 5:28:19, time: 1.112, data_time: 0.012, memory: 37111, val/mIoU: 0.7946, val/IoU.building: 0.6667, val/IoU.background: 0.9225, val/Pseudo_mIoU: 0.8091, loss_mask: 0.0706, loss_texture: 0.0330, iou: 0.8955, loss: 0.1036
2026-05-02 02:34:29,524 - mmdet - INFO - Iter [41025/120000]	lr: 1.000e-04, eta: 1 day, 5:31:22, time: 5.848, data_time: 4.747, memory: 37111, loss_mask: 0.0660, loss_texture: 0.0297, iou: 0.9094, loss: 0.0957
2026-05-02 02:34:57,167 - mmdet - INFO - Iter [41050/120000]	lr: 1.000e-04, eta: 1 day, 5:30:37, time: 1.106, data_time: 0.012, memory: 37111, loss_mask: 0.0554, loss_texture: 0.0256, iou: 0.9009, loss: 0.0810
2026-05-02 02:35:25,041 - mmdet - INFO - Iter [41075/120000]	lr: 1.000e-04, eta: 1 day, 5:29:52, time: 1.115, data_time: 0.012, memory: 37111, loss_mask: 0.0550, loss_texture: 0.0252, iou: 0.8996, loss: 0.0802
2026-05-02 02:35:52,813 - mmdet - INFO - Iter [41100/120000]	lr: 1.000e-04, eta: 1 day, 5:29:07, time: 1.111, data_time: 0.012, memory: 37111, loss_mask: 0.0669, loss_texture: 0.0304, iou: 0.8932, loss: 0.0974
2026-05-02 02:36:20,458 - mmdet - INFO - Iter [41125/120000]	lr: 1.000e-04, eta: 1 day, 5:28:22, time: 1.106, data_time: 0.012, memory: 37111, loss_mask: 0.0558, loss_texture: 0.0255, iou: 0.9095, loss: 0.0813
2026-05-02 02:36:48,300 - mmdet - INFO - Iter [41150/120000]	lr: 1.000e-04, eta: 1 day, 5:27:37, time: 1.114, data_time: 0.011, memory: 37111, loss_mask: 0.0613, loss_texture: 0.0285, iou: 0.9009, loss: 0.0898
2026-05-02 02:37:16,115 - mmdet - INFO - Iter [41175/120000]	lr: 1.000e-04, eta: 1 day, 5:26:53, time: 1.113, data_time: 0.012, memory: 37111, loss_mask: 0.0661, loss_texture: 0.0305, iou: 0.8973, loss: 0.0966
2026-05-02 02:37:44,125 - mmdet - INFO - Iter [41200/120000]	lr: 1.000e-04, eta: 1 day, 5:26:08, time: 1.120, data_time: 0.012, memory: 37111, loss_mask: 0.0600, loss_texture: 0.0283, iou: 0.9163, loss: 0.0883
2026-05-02 02:38:11,863 - mmdet - INFO - Iter [41225/120000]	lr: 1.000e-04, eta: 1 day, 5:25:23, time: 1.110, data_time: 0.012, memory: 37111, loss_mask: 0.0559, loss_texture: 0.0251, iou: 0.9103, loss: 0.0810
2026-05-02 02:38:39,692 - mmdet - INFO - Iter [41250/120000]	lr: 1.000e-04, eta: 1 day, 5:24:39, time: 1.113, data_time: 0.011, memory: 37111, loss_mask: 0.0662, loss_texture: 0.0296, iou: 0.8871, loss: 0.0958
2026-05-02 02:39:07,474 - mmdet - INFO - Iter [41275/120000]	lr: 1.000e-04, eta: 1 day, 5:23:54, time: 1.111, data_time: 0.012, memory: 37111, loss_mask: 0.0631, loss_texture: 0.0293, iou: 0.9105, loss: 0.0924
2026-05-02 02:39:35,259 - mmdet - INFO - Iter [41300/120000]	lr: 1.000e-04, eta: 1 day, 5:23:09, time: 1.111, data_time: 0.012, memory: 37111, loss_mask: 0.0646, loss_texture: 0.0289, iou: 0.8835, loss: 0.0935
2026-05-02 02:40:02,912 - mmdet - INFO - Iter [41325/120000]	lr: 1.000e-04, eta: 1 day, 5:22:24, time: 1.106, data_time: 0.012, memory: 37111, loss_mask: 0.0554, loss_texture: 0.0259, iou: 0.8984, loss: 0.0813
2026-05-02 02:40:30,798 - mmdet - INFO - Iter [41350/120000]	lr: 1.000e-04, eta: 1 day, 5:21:40, time: 1.115, data_time: 0.012, memory: 37111, loss_mask: 0.0665, loss_texture: 0.0297, iou: 0.8899, loss: 0.0962
2026-05-02 02:40:58,523 - mmdet - INFO - Iter [41375/120000]	lr: 1.000e-04, eta: 1 day, 5:20:55, time: 1.109, data_time: 0.012, memory: 37111, loss_mask: 0.0821, loss_texture: 0.0296, iou: 0.8840, loss: 0.1117
2026-05-02 02:41:26,417 - mmdet - INFO - Iter [41400/120000]	lr: 1.000e-04, eta: 1 day, 5:20:11, time: 1.116, data_time: 0.012, memory: 37111, loss_mask: 0.0860, loss_texture: 0.0331, iou: 0.8914, loss: 0.1191
2026-05-02 02:41:54,321 - mmdet - INFO - Iter [41425/120000]	lr: 1.000e-04, eta: 1 day, 5:19:26, time: 1.116, data_time: 0.012, memory: 37111, loss_mask: 0.0816, loss_texture: 0.0302, iou: 0.8904, loss: 0.1117
2026-05-02 02:42:21,959 - mmdet - INFO - Iter [41450/120000]	lr: 1.000e-04, eta: 1 day, 5:18:41, time: 1.106, data_time: 0.011, memory: 37111, loss_mask: 0.0770, loss_texture: 0.0299, iou: 0.8768, loss: 0.1069
2026-05-02 02:42:49,854 - mmdet - INFO - Iter [41475/120000]	lr: 1.000e-04, eta: 1 day, 5:17:57, time: 1.116, data_time: 0.012, memory: 37111, loss_mask: 0.0803, loss_texture: 0.0340, iou: 0.8903, loss: 0.1142
2026-05-02 02:43:17,764 - mmdet - INFO - 
--- Val evaluation at iter 41500 ---
2026-05-02 02:45:15,268 - mmdet - INFO - 
+------------+-------------+-------------+
| Class      | Val IoU     | Pseudo IoU  |
+------------+-------------+-------------+
| background | 92.25       | 92.68       |
| building   | 67.16       | 69.14       |
| Summary    | mIoU: 79.71 | mIoU: 80.91 |
+------------+-------------+-------------+
Images evaluated: 218
2026-05-02 02:45:16,641 - mmdet - INFO - Iter [41500/120000]	lr: 1.000e-04, eta: 1 day, 5:17:13, time: 1.116, data_time: 0.012, memory: 37111, val/mIoU: 0.7971, val/IoU.building: 0.6716, val/IoU.background: 0.9225, val/Pseudo_mIoU: 0.8091, loss_mask: 0.0818, loss_texture: 0.0324, iou: 0.8810, loss: 0.1142
2026-05-02 02:45:44,271 - mmdet - INFO - Iter [41525/120000]	lr: 1.000e-04, eta: 1 day, 5:20:13, time: 5.860, data_time: 4.767, memory: 37111, loss_mask: 0.0792, loss_texture: 0.0302, iou: 0.8778, loss: 0.1094
2026-05-02 02:46:11,937 - mmdet - INFO - Iter [41550/120000]	lr: 1.000e-04, eta: 1 day, 5:19:28, time: 1.107, data_time: 0.012, memory: 37111, loss_mask: 0.0680, loss_texture: 0.0279, iou: 0.8864, loss: 0.0959
2026-05-02 02:46:39,786 - mmdet - INFO - Iter [41575/120000]	lr: 1.000e-04, eta: 1 day, 5:18:43, time: 1.114, data_time: 0.012, memory: 37111, loss_mask: 0.0689, loss_texture: 0.0297, iou: 0.8963, loss: 0.0986
2026-05-02 02:47:07,533 - mmdet - INFO - Iter [41600/120000]	lr: 1.000e-04, eta: 1 day, 5:17:58, time: 1.110, data_time: 0.012, memory: 37111, loss_mask: 0.0620, loss_texture: 0.0281, iou: 0.8999, loss: 0.0900
2026-05-02 02:47:35,439 - mmdet - INFO - Iter [41625/120000]	lr: 1.000e-04, eta: 1 day, 5:17:14, time: 1.116, data_time: 0.012, memory: 37111, loss_mask: 0.0623, loss_texture: 0.0283, iou: 0.8925, loss: 0.0905
2026-05-02 02:48:03,119 - mmdet - INFO - Iter [41650/120000]	lr: 1.000e-04, eta: 1 day, 5:16:29, time: 1.107, data_time: 0.012, memory: 37111, loss_mask: 0.0589, loss_texture: 0.0274, iou: 0.8930, loss: 0.0863
2026-05-02 02:48:30,846 - mmdet - INFO - Iter [41675/120000]	lr: 1.000e-04, eta: 1 day, 5:15:44, time: 1.109, data_time: 0.012, memory: 37111, loss_mask: 0.0568, loss_texture: 0.0255, iou: 0.9033, loss: 0.0824
2026-05-02 02:48:58,680 - mmdet - INFO - Iter [41700/120000]	lr: 1.000e-04, eta: 1 day, 5:15:00, time: 1.113, data_time: 0.012, memory: 37111, loss_mask: 0.0677, loss_texture: 0.0306, iou: 0.9084, loss: 0.0983
2026-05-02 02:49:26,625 - mmdet - INFO - Iter [41725/120000]	lr: 1.000e-04, eta: 1 day, 5:14:16, time: 1.118, data_time: 0.012, memory: 37111, loss_mask: 0.0589, loss_texture: 0.0273, iou: 0.9081, loss: 0.0862
2026-05-02 02:49:54,306 - mmdet - INFO - Iter [41750/120000]	lr: 1.000e-04, eta: 1 day, 5:13:31, time: 1.107, data_time: 0.012, memory: 37111, loss_mask: 0.0590, loss_texture: 0.0265, iou: 0.8882, loss: 0.0855
2026-05-02 02:50:21,859 - mmdet - INFO - Iter [41775/120000]	lr: 1.000e-04, eta: 1 day, 5:12:46, time: 1.102, data_time: 0.012, memory: 37111, loss_mask: 0.0628, loss_texture: 0.0281, iou: 0.9082, loss: 0.0909
2026-05-02 02:50:49,552 - mmdet - INFO - Iter [41800/120000]	lr: 1.000e-04, eta: 1 day, 5:12:01, time: 1.108, data_time: 0.012, memory: 37111, loss_mask: 0.0647, loss_texture: 0.0291, iou: 0.8757, loss: 0.0938
2026-05-02 02:51:17,225 - mmdet - INFO - Iter [41825/120000]	lr: 1.000e-04, eta: 1 day, 5:11:17, time: 1.107, data_time: 0.013, memory: 37111, loss_mask: 0.0625, loss_texture: 0.0287, iou: 0.8986, loss: 0.0913
2026-05-02 02:51:44,851 - mmdet - INFO - Iter [41850/120000]	lr: 1.000e-04, eta: 1 day, 5:10:32, time: 1.105, data_time: 0.012, memory: 37111, loss_mask: 0.0604, loss_texture: 0.0269, iou: 0.9147, loss: 0.0872
2026-05-02 02:52:12,681 - mmdet - INFO - Iter [41875/120000]	lr: 1.000e-04, eta: 1 day, 5:09:47, time: 1.113, data_time: 0.012, memory: 37111, loss_mask: 0.0539, loss_texture: 0.0250, iou: 0.9071, loss: 0.0789
2026-05-02 02:52:40,351 - mmdet - INFO - Iter [41900/120000]	lr: 1.000e-04, eta: 1 day, 5:09:03, time: 1.107, data_time: 0.012, memory: 37111, loss_mask: 0.0665, loss_texture: 0.0285, iou: 0.9063, loss: 0.0950
2026-05-02 02:53:08,179 - mmdet - INFO - Iter [41925/120000]	lr: 1.000e-04, eta: 1 day, 5:08:18, time: 1.113, data_time: 0.013, memory: 37111, loss_mask: 0.0657, loss_texture: 0.0298, iou: 0.8997, loss: 0.0956
2026-05-02 02:53:35,635 - mmdet - INFO - Iter [41950/120000]	lr: 1.000e-04, eta: 1 day, 5:07:33, time: 1.098, data_time: 0.012, memory: 37111, loss_mask: 0.0600, loss_texture: 0.0266, iou: 0.8972, loss: 0.0866
2026-05-02 02:54:03,399 - mmdet - INFO - Iter [41975/120000]	lr: 1.000e-04, eta: 1 day, 5:06:49, time: 1.111, data_time: 0.012, memory: 37111, loss_mask: 0.0547, loss_texture: 0.0265, iou: 0.9006, loss: 0.0813
2026-05-02 02:54:31,100 - mmdet - INFO - 
--- Val evaluation at iter 42000 ---
2026-05-02 02:56:27,406 - mmdet - INFO - 
+------------+-------------+-------------+
| Class      | Val IoU     | Pseudo IoU  |
+------------+-------------+-------------+
| background | 92.35       | 92.68       |
| building   | 67.52       | 69.14       |
| Summary    | mIoU: 79.94 | mIoU: 80.91 |
+------------+-------------+-------------+
Images evaluated: 218
2026-05-02 02:56:28,749 - mmdet - INFO - Exp name: exp8_all.py
2026-05-02 02:56:28,749 - mmdet - INFO - Iter [42000/120000]	lr: 1.000e-04, eta: 1 day, 5:06:05, time: 1.108, data_time: 0.012, memory: 37111, val/mIoU: 0.7994, val/IoU.building: 0.6752, val/IoU.background: 0.9235, val/Pseudo_mIoU: 0.8091, loss_mask: 0.0652, loss_texture: 0.0293, iou: 0.8960, loss: 0.0945
2026-05-02 02:56:56,324 - mmdet - INFO - Iter [42025/120000]	lr: 1.000e-04, eta: 1 day, 5:08:58, time: 5.809, data_time: 4.719, memory: 37111, loss_mask: 0.0627, loss_texture: 0.0277, iou: 0.9004, loss: 0.0904
2026-05-02 02:57:24,048 - mmdet - INFO - Iter [42050/120000]	lr: 1.000e-04, eta: 1 day, 5:08:14, time: 1.109, data_time: 0.012, memory: 37111, loss_mask: 0.0584, loss_texture: 0.0270, iou: 0.9107, loss: 0.0854
2026-05-02 02:57:51,661 - mmdet - INFO - Iter [42075/120000]	lr: 1.000e-04, eta: 1 day, 5:07:29, time: 1.105, data_time: 0.012, memory: 37111, loss_mask: 0.0670, loss_texture: 0.0289, iou: 0.8928, loss: 0.0959
2026-05-02 02:58:19,210 - mmdet - INFO - Iter [42100/120000]	lr: 1.000e-04, eta: 1 day, 5:06:44, time: 1.102, data_time: 0.012, memory: 37111, loss_mask: 0.0569, loss_texture: 0.0254, iou: 0.8962, loss: 0.0824
2026-05-02 02:58:46,923 - mmdet - INFO - Iter [42125/120000]	lr: 1.000e-04, eta: 1 day, 5:05:59, time: 1.109, data_time: 0.012, memory: 37111, loss_mask: 0.0614, loss_texture: 0.0278, iou: 0.8896, loss: 0.0892
2026-05-02 02:59:14,587 - mmdet - INFO - Iter [42150/120000]	lr: 1.000e-04, eta: 1 day, 5:05:15, time: 1.107, data_time: 0.012, memory: 37111, loss_mask: 0.0570, loss_texture: 0.0259, iou: 0.9080, loss: 0.0829
2026-05-02 02:59:42,293 - mmdet - INFO - Iter [42175/120000]	lr: 1.000e-04, eta: 1 day, 5:04:30, time: 1.108, data_time: 0.012, memory: 37111, loss_mask: 0.0675, loss_texture: 0.0307, iou: 0.9047, loss: 0.0982
2026-05-02 03:00:09,925 - mmdet - INFO - Iter [42200/120000]	lr: 1.000e-04, eta: 1 day, 5:03:45, time: 1.105, data_time: 0.012, memory: 37111, loss_mask: 0.0642, loss_texture: 0.0280, iou: 0.8991, loss: 0.0921
2026-05-02 03:00:37,515 - mmdet - INFO - Iter [42225/120000]	lr: 1.000e-04, eta: 1 day, 5:03:01, time: 1.104, data_time: 0.012, memory: 37111, loss_mask: 0.0603, loss_texture: 0.0275, iou: 0.8925, loss: 0.0878
2026-05-02 03:01:05,154 - mmdet - INFO - Iter [42250/120000]	lr: 1.000e-04, eta: 1 day, 5:02:16, time: 1.106, data_time: 0.012, memory: 37111, loss_mask: 0.0700, loss_texture: 0.0316, iou: 0.8909, loss: 0.1016
2026-05-02 03:01:32,913 - mmdet - INFO - Iter [42275/120000]	lr: 1.000e-04, eta: 1 day, 5:01:32, time: 1.110, data_time: 0.012, memory: 37111, loss_mask: 0.0672, loss_texture: 0.0315, iou: 0.9092, loss: 0.0987
2026-05-02 03:02:00,778 - mmdet - INFO - Iter [42300/120000]	lr: 1.000e-04, eta: 1 day, 5:00:47, time: 1.115, data_time: 0.012, memory: 37111, loss_mask: 0.0885, loss_texture: 0.0333, iou: 0.8793, loss: 0.1218
2026-05-02 03:02:28,526 - mmdet - INFO - Iter [42325/120000]	lr: 1.000e-04, eta: 1 day, 5:00:03, time: 1.110, data_time: 0.012, memory: 37111, loss_mask: 0.0779, loss_texture: 0.0308, iou: 0.8780, loss: 0.1087
2026-05-02 03:02:56,073 - mmdet - INFO - Iter [42350/120000]	lr: 1.000e-04, eta: 1 day, 4:59:18, time: 1.102, data_time: 0.012, memory: 37111, loss_mask: 0.0589, loss_texture: 0.0255, iou: 0.8898, loss: 0.0845
2026-05-02 03:03:23,675 - mmdet - INFO - Iter [42375/120000]	lr: 1.000e-04, eta: 1 day, 4:58:34, time: 1.104, data_time: 0.012, memory: 37111, loss_mask: 0.0800, loss_texture: 0.0303, iou: 0.8796, loss: 0.1104
2026-05-02 03:03:51,350 - mmdet - INFO - Iter [42400/120000]	lr: 1.000e-04, eta: 1 day, 4:57:49, time: 1.107, data_time: 0.012, memory: 37111, loss_mask: 0.0747, loss_texture: 0.0306, iou: 0.9050, loss: 0.1054
2026-05-02 03:04:19,075 - mmdet - INFO - Iter [42425/120000]	lr: 1.000e-04, eta: 1 day, 4:57:05, time: 1.109, data_time: 0.012, memory: 37111, loss_mask: 0.0709, loss_texture: 0.0307, iou: 0.8734, loss: 0.1016
2026-05-02 03:04:46,657 - mmdet - INFO - Iter [42450/120000]	lr: 1.000e-04, eta: 1 day, 4:56:21, time: 1.103, data_time: 0.012, memory: 37111, loss_mask: 0.0664, loss_texture: 0.0285, iou: 0.8955, loss: 0.0949
2026-05-02 03:05:14,269 - mmdet - INFO - Iter [42475/120000]	lr: 1.000e-04, eta: 1 day, 4:55:36, time: 1.104, data_time: 0.012, memory: 37111, loss_mask: 0.0721, loss_texture: 0.0316, iou: 0.8817, loss: 0.1036
2026-05-02 03:05:42,051 - mmdet - INFO - 
--- Val evaluation at iter 42500 ---
2026-05-02 03:07:37,074 - mmdet - INFO - 
+------------+-------------+-------------+
| Class      | Val IoU     | Pseudo IoU  |
+------------+-------------+-------------+
| background | 92.16       | 92.68       |
| building   | 66.51       | 69.14       |
| Summary    | mIoU: 79.33 | mIoU: 80.91 |
+------------+-------------+-------------+
Images evaluated: 218
2026-05-02 03:07:38,440 - mmdet - INFO - Iter [42500/120000]	lr: 1.000e-04, eta: 1 day, 4:54:52, time: 1.111, data_time: 0.012, memory: 37111, val/mIoU: 0.7933, val/IoU.building: 0.6651, val/IoU.background: 0.9216, val/Pseudo_mIoU: 0.8091, loss_mask: 0.0683, loss_texture: 0.0280, iou: 0.8987, loss: 0.0963
2026-05-02 03:08:06,104 - mmdet - INFO - Iter [42525/120000]	lr: 1.000e-04, eta: 1 day, 4:57:40, time: 5.762, data_time: 4.668, memory: 37111, loss_mask: 0.0803, loss_texture: 0.0297, iou: 0.8863, loss: 0.1100
2026-05-02 03:08:33,799 - mmdet - INFO - Iter [42550/120000]	lr: 1.000e-04, eta: 1 day, 4:56:55, time: 1.108, data_time: 0.012, memory: 37111, loss_mask: 0.0907, loss_texture: 0.0321, iou: 0.8740, loss: 0.1229
2026-05-02 03:09:01,410 - mmdet - INFO - Iter [42575/120000]	lr: 1.000e-04, eta: 1 day, 4:56:10, time: 1.104, data_time: 0.012, memory: 37111, loss_mask: 0.0671, loss_texture: 0.0271, iou: 0.9019, loss: 0.0942
2026-05-02 03:09:29,059 - mmdet - INFO - Iter [42600/120000]	lr: 1.000e-04, eta: 1 day, 4:55:26, time: 1.106, data_time: 0.012, memory: 37111, loss_mask: 0.0808, loss_texture: 0.0300, iou: 0.8964, loss: 0.1108
2026-05-02 03:09:56,764 - mmdet - INFO - Iter [42625/120000]	lr: 1.000e-04, eta: 1 day, 4:54:42, time: 1.108, data_time: 0.012, memory: 37111, loss_mask: 0.0758, loss_texture: 0.0321, iou: 0.8910, loss: 0.1079
2026-05-02 03:10:24,266 - mmdet - INFO - Iter [42650/120000]	lr: 1.000e-04, eta: 1 day, 4:53:57, time: 1.100, data_time: 0.012, memory: 37111, loss_mask: 0.0639, loss_texture: 0.0275, iou: 0.8930, loss: 0.0914
2026-05-02 03:10:51,961 - mmdet - INFO - Iter [42675/120000]	lr: 1.000e-04, eta: 1 day, 4:53:12, time: 1.108, data_time: 0.011, memory: 37111, loss_mask: 0.0692, loss_texture: 0.0286, iou: 0.8852, loss: 0.0978
2026-05-02 03:11:19,502 - mmdet - INFO - Iter [42700/120000]	lr: 1.000e-04, eta: 1 day, 4:52:28, time: 1.102, data_time: 0.012, memory: 37111, loss_mask: 0.0672, loss_texture: 0.0284, iou: 0.8841, loss: 0.0955
2026-05-02 03:11:47,060 - mmdet - INFO - Iter [42725/120000]	lr: 1.000e-04, eta: 1 day, 4:51:43, time: 1.102, data_time: 0.012, memory: 37111, loss_mask: 0.0573, loss_texture: 0.0249, iou: 0.8840, loss: 0.0822
2026-05-02 03:12:14,644 - mmdet - INFO - Iter [42750/120000]	lr: 1.000e-04, eta: 1 day, 4:50:59, time: 1.103, data_time: 0.012, memory: 37111, loss_mask: 0.0688, loss_texture: 0.0304, iou: 0.8867, loss: 0.0992
2026-05-02 03:12:42,240 - mmdet - INFO - Iter [42775/120000]	lr: 1.000e-04, eta: 1 day, 4:50:14, time: 1.104, data_time: 0.012, memory: 37111, loss_mask: 0.0681, loss_texture: 0.0297, iou: 0.8886, loss: 0.0977
2026-05-02 03:13:09,875 - mmdet - INFO - Iter [42800/120000]	lr: 1.000e-04, eta: 1 day, 4:49:30, time: 1.105, data_time: 0.012, memory: 37111, loss_mask: 0.0650, loss_texture: 0.0278, iou: 0.9141, loss: 0.0928
2026-05-02 03:13:37,636 - mmdet - INFO - Iter [42825/120000]	lr: 1.000e-04, eta: 1 day, 4:48:46, time: 1.110, data_time: 0.012, memory: 37111, loss_mask: 0.0704, loss_texture: 0.0311, iou: 0.9087, loss: 0.1016
2026-05-02 03:14:05,294 - mmdet - INFO - Iter [42850/120000]	lr: 1.000e-04, eta: 1 day, 4:48:01, time: 1.106, data_time: 0.012, memory: 37111, loss_mask: 0.0612, loss_texture: 0.0283, iou: 0.9035, loss: 0.0895
2026-05-02 03:14:32,729 - mmdet - INFO - Iter [42875/120000]	lr: 1.000e-04, eta: 1 day, 4:47:17, time: 1.097, data_time: 0.012, memory: 37111, loss_mask: 0.0573, loss_texture: 0.0263, iou: 0.9052, loss: 0.0836
2026-05-02 03:15:00,343 - mmdet - INFO - Iter [42900/120000]	lr: 1.000e-04, eta: 1 day, 4:46:32, time: 1.105, data_time: 0.012, memory: 37111, loss_mask: 0.0605, loss_texture: 0.0269, iou: 0.8981, loss: 0.0874
2026-05-02 03:15:28,071 - mmdet - INFO - Iter [42925/120000]	lr: 1.000e-04, eta: 1 day, 4:45:48, time: 1.109, data_time: 0.013, memory: 37111, loss_mask: 0.0638, loss_texture: 0.0293, iou: 0.8935, loss: 0.0931
2026-05-02 03:15:55,752 - mmdet - INFO - Iter [42950/120000]	lr: 1.000e-04, eta: 1 day, 4:45:04, time: 1.107, data_time: 0.012, memory: 37111, loss_mask: 0.0637, loss_texture: 0.0290, iou: 0.8914, loss: 0.0927
2026-05-02 03:16:23,551 - mmdet - INFO - Iter [42975/120000]	lr: 1.000e-04, eta: 1 day, 4:44:20, time: 1.112, data_time: 0.012, memory: 37111, loss_mask: 0.0614, loss_texture: 0.0291, iou: 0.9144, loss: 0.0905
2026-05-02 03:16:51,155 - mmdet - INFO - 
--- Val evaluation at iter 43000 ---
2026-05-02 03:18:47,802 - mmdet - INFO - 
+------------+-------------+-------------+
| Class      | Val IoU     | Pseudo IoU  |
+------------+-------------+-------------+
| background | 92.34       | 92.68       |
| building   | 67.32       | 69.14       |
| Summary    | mIoU: 79.83 | mIoU: 80.91 |
+------------+-------------+-------------+
Images evaluated: 218
2026-05-02 03:18:49,172 - mmdet - INFO - Exp name: exp8_all.py
2026-05-02 03:18:49,173 - mmdet - INFO - Iter [43000/120000]	lr: 1.000e-04, eta: 1 day, 4:43:36, time: 1.104, data_time: 0.012, memory: 37111, val/mIoU: 0.7983, val/IoU.building: 0.6732, val/IoU.background: 0.9234, val/Pseudo_mIoU: 0.8091, loss_mask: 0.0566, loss_texture: 0.0264, iou: 0.9148, loss: 0.0830
2026-05-02 03:19:16,884 - mmdet - INFO - Iter [43025/120000]	lr: 1.000e-04, eta: 1 day, 4:46:23, time: 5.829, data_time: 4.733, memory: 37111, loss_mask: 0.0673, loss_texture: 0.0305, iou: 0.8947, loss: 0.0978
2026-05-02 03:19:44,480 - mmdet - INFO - Iter [43050/120000]	lr: 1.000e-04, eta: 1 day, 4:45:39, time: 1.104, data_time: 0.012, memory: 37111, loss_mask: 0.0635, loss_texture: 0.0284, iou: 0.8936, loss: 0.0920
2026-05-02 03:20:11,994 - mmdet - INFO - Iter [43075/120000]	lr: 1.000e-04, eta: 1 day, 4:44:54, time: 1.101, data_time: 0.012, memory: 37111, loss_mask: 0.0505, loss_texture: 0.0237, iou: 0.9094, loss: 0.0742
2026-05-02 03:20:39,659 - mmdet - INFO - Iter [43100/120000]	lr: 1.000e-04, eta: 1 day, 4:44:10, time: 1.107, data_time: 0.012, memory: 37111, loss_mask: 0.0645, loss_texture: 0.0293, iou: 0.8983, loss: 0.0938
2026-05-02 03:21:07,304 - mmdet - INFO - Iter [43125/120000]	lr: 1.000e-04, eta: 1 day, 4:43:25, time: 1.106, data_time: 0.012, memory: 37111, loss_mask: 0.0610, loss_texture: 0.0265, iou: 0.8987, loss: 0.0875
2026-05-02 03:21:35,066 - mmdet - INFO - Iter [43150/120000]	lr: 1.000e-04, eta: 1 day, 4:42:41, time: 1.110, data_time: 0.011, memory: 37111, loss_mask: 0.0564, loss_texture: 0.0262, iou: 0.9038, loss: 0.0826
2026-05-02 03:22:02,765 - mmdet - INFO - Iter [43175/120000]	lr: 1.000e-04, eta: 1 day, 4:41:57, time: 1.108, data_time: 0.012, memory: 37111, loss_mask: 0.0586, loss_texture: 0.0272, iou: 0.9144, loss: 0.0858
2026-05-02 03:22:30,343 - mmdet - INFO - Iter [43200/120000]	lr: 1.000e-04, eta: 1 day, 4:41:13, time: 1.103, data_time: 0.012, memory: 37111, loss_mask: 0.0522, loss_texture: 0.0247, iou: 0.9134, loss: 0.0770
2026-05-02 03:22:58,021 - mmdet - INFO - Iter [43225/120000]	lr: 1.000e-04, eta: 1 day, 4:40:29, time: 1.107, data_time: 0.012, memory: 37111, loss_mask: 0.0566, loss_texture: 0.0271, iou: 0.9149, loss: 0.0838
2026-05-02 03:23:25,702 - mmdet - INFO - Iter [43250/120000]	lr: 1.000e-04, eta: 1 day, 4:39:44, time: 1.107, data_time: 0.012, memory: 37111, loss_mask: 0.0619, loss_texture: 0.0291, iou: 0.8922, loss: 0.0909
2026-05-02 03:23:53,425 - mmdet - INFO - Iter [43275/120000]	lr: 1.000e-04, eta: 1 day, 4:39:00, time: 1.109, data_time: 0.012, memory: 37111, loss_mask: 0.0617, loss_texture: 0.0278, iou: 0.9071, loss: 0.0895
2026-05-02 03:24:21,207 - mmdet - INFO - Iter [43300/120000]	lr: 1.000e-04, eta: 1 day, 4:38:16, time: 1.111, data_time: 0.012, memory: 37111, loss_mask: 0.0627, loss_texture: 0.0275, iou: 0.8908, loss: 0.0903
2026-05-02 03:24:48,992 - mmdet - INFO - Iter [43325/120000]	lr: 1.000e-04, eta: 1 day, 4:37:33, time: 1.111, data_time: 0.012, memory: 37111, loss_mask: 0.0542, loss_texture: 0.0251, iou: 0.9019, loss: 0.0793
2026-05-02 03:25:16,727 - mmdet - INFO - Iter [43350/120000]	lr: 1.000e-04, eta: 1 day, 4:36:49, time: 1.109, data_time: 0.012, memory: 37111, loss_mask: 0.0625, loss_texture: 0.0270, iou: 0.8856, loss: 0.0895
2026-05-02 03:25:44,430 - mmdet - INFO - Iter [43375/120000]	lr: 1.000e-04, eta: 1 day, 4:36:05, time: 1.108, data_time: 0.012, memory: 37111, loss_mask: 0.0561, loss_texture: 0.0265, iou: 0.9157, loss: 0.0826
2026-05-02 03:26:12,725 - mmdet - INFO - Iter [43400/120000]	lr: 1.000e-04, eta: 1 day, 4:35:22, time: 1.132, data_time: 0.013, memory: 37111, loss_mask: 0.0581, loss_texture: 0.0267, iou: 0.9069, loss: 0.0848
2026-05-02 03:26:40,840 - mmdet - INFO - Iter [43425/120000]	lr: 1.000e-04, eta: 1 day, 4:34:38, time: 1.125, data_time: 0.013, memory: 37111, loss_mask: 0.0607, loss_texture: 0.0279, iou: 0.9028, loss: 0.0886
2026-05-02 03:27:08,678 - mmdet - INFO - Iter [43450/120000]	lr: 1.000e-04, eta: 1 day, 4:33:55, time: 1.114, data_time: 0.012, memory: 37111, loss_mask: 0.0588, loss_texture: 0.0270, iou: 0.9010, loss: 0.0858
2026-05-02 03:27:36,478 - mmdet - INFO - Iter [43475/120000]	lr: 1.000e-04, eta: 1 day, 4:33:11, time: 1.112, data_time: 0.012, memory: 37111, loss_mask: 0.0633, loss_texture: 0.0283, iou: 0.9058, loss: 0.0916
2026-05-02 03:28:04,182 - mmdet - INFO - 
--- Val evaluation at iter 43500 ---
2026-05-02 03:30:01,076 - mmdet - INFO - 
+------------+-------------+-------------+
| Class      | Val IoU     | Pseudo IoU  |
+------------+-------------+-------------+
| background | 92.21       | 92.68       |
| building   | 66.62       | 69.14       |
| Summary    | mIoU: 79.41 | mIoU: 80.91 |
+------------+-------------+-------------+
Images evaluated: 218
2026-05-02 03:30:02,448 - mmdet - INFO - Iter [43500/120000]	lr: 1.000e-04, eta: 1 day, 4:32:27, time: 1.108, data_time: 0.012, memory: 37111, val/mIoU: 0.7941, val/IoU.building: 0.6662, val/IoU.background: 0.9221, val/Pseudo_mIoU: 0.8091, loss_mask: 0.0586, loss_texture: 0.0262, iou: 0.9111, loss: 0.0848
2026-05-02 03:30:30,075 - mmdet - INFO - Iter [43525/120000]	lr: 1.000e-04, eta: 1 day, 4:35:11, time: 5.836, data_time: 4.743, memory: 37111, loss_mask: 0.0583, loss_texture: 0.0266, iou: 0.8837, loss: 0.0849
2026-05-02 03:30:57,953 - mmdet - INFO - Iter [43550/120000]	lr: 1.000e-04, eta: 1 day, 4:34:27, time: 1.115, data_time: 0.012, memory: 37111, loss_mask: 0.0681, loss_texture: 0.0309, iou: 0.9099, loss: 0.0990
2026-05-02 03:31:25,902 - mmdet - INFO - Iter [43575/120000]	lr: 1.000e-04, eta: 1 day, 4:33:43, time: 1.118, data_time: 0.012, memory: 37111, loss_mask: 0.0615, loss_texture: 0.0285, iou: 0.9068, loss: 0.0899
2026-05-02 03:31:53,599 - mmdet - INFO - Iter [43600/120000]	lr: 1.000e-04, eta: 1 day, 4:32:59, time: 1.108, data_time: 0.012, memory: 37111, loss_mask: 0.0569, loss_texture: 0.0252, iou: 0.9011, loss: 0.0821
2026-05-02 03:32:21,421 - mmdet - INFO - Iter [43625/120000]	lr: 1.000e-04, eta: 1 day, 4:32:16, time: 1.113, data_time: 0.012, memory: 37111, loss_mask: 0.0653, loss_texture: 0.0293, iou: 0.8917, loss: 0.0946
2026-05-02 03:32:49,008 - mmdet - INFO - Iter [43650/120000]	lr: 1.000e-04, eta: 1 day, 4:31:31, time: 1.103, data_time: 0.012, memory: 37111, loss_mask: 0.0637, loss_texture: 0.0290, iou: 0.8943, loss: 0.0926
2026-05-02 03:33:16,559 - mmdet - INFO - Iter [43675/120000]	lr: 1.000e-04, eta: 1 day, 4:30:47, time: 1.102, data_time: 0.012, memory: 37111, loss_mask: 0.0633, loss_texture: 0.0292, iou: 0.8977, loss: 0.0925
2026-05-02 03:33:44,118 - mmdet - INFO - Iter [43700/120000]	lr: 1.000e-04, eta: 1 day, 4:30:03, time: 1.102, data_time: 0.012, memory: 37111, loss_mask: 0.0589, loss_texture: 0.0272, iou: 0.8967, loss: 0.0861
2026-05-02 03:34:11,773 - mmdet - INFO - Iter [43725/120000]	lr: 1.000e-04, eta: 1 day, 4:29:19, time: 1.106, data_time: 0.012, memory: 37111, loss_mask: 0.0592, loss_texture: 0.0275, iou: 0.9071, loss: 0.0867
2026-05-02 03:34:39,499 - mmdet - INFO - Iter [43750/120000]	lr: 1.000e-04, eta: 1 day, 4:28:35, time: 1.109, data_time: 0.011, memory: 37111, loss_mask: 0.0574, loss_texture: 0.0259, iou: 0.9079, loss: 0.0833
2026-05-02 03:35:07,262 - mmdet - INFO - Iter [43775/120000]	lr: 1.000e-04, eta: 1 day, 4:27:51, time: 1.111, data_time: 0.012, memory: 37111, loss_mask: 0.0563, loss_texture: 0.0261, iou: 0.8964, loss: 0.0824
2026-05-02 03:35:35,159 - mmdet - INFO - Iter [43800/120000]	lr: 1.000e-04, eta: 1 day, 4:27:08, time: 1.116, data_time: 0.012, memory: 37111, loss_mask: 0.0568, loss_texture: 0.0270, iou: 0.8994, loss: 0.0838
2026-05-02 03:36:02,912 - mmdet - INFO - Iter [43825/120000]	lr: 1.000e-04, eta: 1 day, 4:26:24, time: 1.110, data_time: 0.012, memory: 37111, loss_mask: 0.0598, loss_texture: 0.0274, iou: 0.9052, loss: 0.0872
2026-05-02 03:36:30,504 - mmdet - INFO - Iter [43850/120000]	lr: 1.000e-04, eta: 1 day, 4:25:40, time: 1.104, data_time: 0.012, memory: 37111, loss_mask: 0.0578, loss_texture: 0.0272, iou: 0.9096, loss: 0.0851
2026-05-02 03:36:58,353 - mmdet - INFO - Iter [43875/120000]	lr: 1.000e-04, eta: 1 day, 4:24:56, time: 1.114, data_time: 0.012, memory: 37111, loss_mask: 0.0575, loss_texture: 0.0262, iou: 0.8904, loss: 0.0837
2026-05-02 03:37:26,147 - mmdet - INFO - Iter [43900/120000]	lr: 1.000e-04, eta: 1 day, 4:24:13, time: 1.112, data_time: 0.012, memory: 37111, loss_mask: 0.0554, loss_texture: 0.0259, iou: 0.9039, loss: 0.0813
2026-05-02 03:37:53,888 - mmdet - INFO - Iter [43925/120000]	lr: 1.000e-04, eta: 1 day, 4:23:29, time: 1.110, data_time: 0.012, memory: 37111, loss_mask: 0.0665, loss_texture: 0.0305, iou: 0.8944, loss: 0.0969
2026-05-02 03:38:21,753 - mmdet - INFO - Iter [43950/120000]	lr: 1.000e-04, eta: 1 day, 4:22:45, time: 1.115, data_time: 0.012, memory: 37111, loss_mask: 0.0648, loss_texture: 0.0305, iou: 0.8981, loss: 0.0953
2026-05-02 03:38:49,439 - mmdet - INFO - Iter [43975/120000]	lr: 1.000e-04, eta: 1 day, 4:22:02, time: 1.107, data_time: 0.012, memory: 37111, loss_mask: 0.0612, loss_texture: 0.0286, iou: 0.8895, loss: 0.0898
2026-05-02 03:39:17,015 - mmdet - INFO - 
--- Val evaluation at iter 44000 ---
2026-05-02 03:41:13,608 - mmdet - INFO - 
+------------+-------------+-------------+
| Class      | Val IoU     | Pseudo IoU  |
+------------+-------------+-------------+
| background | 92.37       | 92.68       |
| building   | 67.53       | 69.14       |
| Summary    | mIoU: 79.95 | mIoU: 80.91 |
+------------+-------------+-------------+
Images evaluated: 218
2026-05-02 03:41:14,961 - mmdet - INFO - Exp name: exp8_all.py
2026-05-02 03:41:14,961 - mmdet - INFO - Iter [44000/120000]	lr: 1.000e-04, eta: 1 day, 4:21:18, time: 1.103, data_time: 0.012, memory: 37111, val/mIoU: 0.7995, val/IoU.building: 0.6753, val/IoU.background: 0.9237, val/Pseudo_mIoU: 0.8091, loss_mask: 0.0517, loss_texture: 0.0243, iou: 0.9065, loss: 0.0760
2026-05-02 03:41:42,702 - mmdet - INFO - Iter [44025/120000]	lr: 1.000e-04, eta: 1 day, 4:23:58, time: 5.827, data_time: 4.730, memory: 37111, loss_mask: 0.0630, loss_texture: 0.0289, iou: 0.9131, loss: 0.0919
2026-05-02 03:42:10,439 - mmdet - INFO - Iter [44050/120000]	lr: 1.000e-04, eta: 1 day, 4:23:14, time: 1.109, data_time: 0.011, memory: 37111, loss_mask: 0.0541, loss_texture: 0.0247, iou: 0.9115, loss: 0.0788
2026-05-02 03:42:38,120 - mmdet - INFO - Iter [44075/120000]	lr: 1.000e-04, eta: 1 day, 4:22:30, time: 1.107, data_time: 0.012, memory: 37111, loss_mask: 0.0600, loss_texture: 0.0272, iou: 0.9162, loss: 0.0871
2026-05-02 03:43:05,967 - mmdet - INFO - Iter [44100/120000]	lr: 1.000e-04, eta: 1 day, 4:21:46, time: 1.114, data_time: 0.012, memory: 37111, loss_mask: 0.0625, loss_texture: 0.0292, iou: 0.8896, loss: 0.0917
2026-05-02 03:43:33,744 - mmdet - INFO - Iter [44125/120000]	lr: 1.000e-04, eta: 1 day, 4:21:03, time: 1.111, data_time: 0.012, memory: 37111, loss_mask: 0.0610, loss_texture: 0.0280, iou: 0.8947, loss: 0.0890
2026-05-02 03:44:01,449 - mmdet - INFO - Iter [44150/120000]	lr: 1.000e-04, eta: 1 day, 4:20:19, time: 1.108, data_time: 0.012, memory: 37111, loss_mask: 0.0581, loss_texture: 0.0275, iou: 0.8993, loss: 0.0856
2026-05-02 03:44:29,247 - mmdet - INFO - Iter [44175/120000]	lr: 1.000e-04, eta: 1 day, 4:19:35, time: 1.112, data_time: 0.012, memory: 37111, loss_mask: 0.0550, loss_texture: 0.0259, iou: 0.9143, loss: 0.0809
2026-05-02 03:44:57,213 - mmdet - INFO - Iter [44200/120000]	lr: 1.000e-04, eta: 1 day, 4:18:52, time: 1.119, data_time: 0.012, memory: 37111, loss_mask: 0.0582, loss_texture: 0.0281, iou: 0.9063, loss: 0.0863
2026-05-02 03:45:25,012 - mmdet - INFO - Iter [44225/120000]	lr: 1.000e-04, eta: 1 day, 4:18:08, time: 1.112, data_time: 0.012, memory: 37111, loss_mask: 0.0584, loss_texture: 0.0276, iou: 0.9124, loss: 0.0860
2026-05-02 03:45:52,809 - mmdet - INFO - Iter [44250/120000]	lr: 1.000e-04, eta: 1 day, 4:17:25, time: 1.112, data_time: 0.012, memory: 37111, loss_mask: 0.0600, loss_texture: 0.0277, iou: 0.9033, loss: 0.0877
2026-05-02 03:46:20,538 - mmdet - INFO - Iter [44275/120000]	lr: 1.000e-04, eta: 1 day, 4:16:41, time: 1.109, data_time: 0.012, memory: 37111, loss_mask: 0.0568, loss_texture: 0.0262, iou: 0.9040, loss: 0.0830
2026-05-02 03:46:48,382 - mmdet - INFO - Iter [44300/120000]	lr: 1.000e-04, eta: 1 day, 4:15:57, time: 1.114, data_time: 0.012, memory: 37111, loss_mask: 0.0583, loss_texture: 0.0267, iou: 0.9009, loss: 0.0850
2026-05-02 03:47:16,011 - mmdet - INFO - Iter [44325/120000]	lr: 1.000e-04, eta: 1 day, 4:15:14, time: 1.105, data_time: 0.012, memory: 37111, loss_mask: 0.0574, loss_texture: 0.0265, iou: 0.9003, loss: 0.0839
2026-05-02 03:47:43,701 - mmdet - INFO - Iter [44350/120000]	lr: 1.000e-04, eta: 1 day, 4:14:30, time: 1.108, data_time: 0.012, memory: 37111, loss_mask: 0.0507, loss_texture: 0.0243, iou: 0.8959, loss: 0.0750
2026-05-02 03:48:11,440 - mmdet - INFO - Iter [44375/120000]	lr: 1.000e-04, eta: 1 day, 4:13:46, time: 1.110, data_time: 0.012, memory: 37111, loss_mask: 0.0583, loss_texture: 0.0268, iou: 0.9084, loss: 0.0850
2026-05-02 03:48:39,275 - mmdet - INFO - Iter [44400/120000]	lr: 1.000e-04, eta: 1 day, 4:13:03, time: 1.113, data_time: 0.012, memory: 37111, loss_mask: 0.0615, loss_texture: 0.0285, iou: 0.8952, loss: 0.0900
2026-05-02 03:49:06,948 - mmdet - INFO - Iter [44425/120000]	lr: 1.000e-04, eta: 1 day, 4:12:19, time: 1.107, data_time: 0.012, memory: 37111, loss_mask: 0.0678, loss_texture: 0.0318, iou: 0.9061, loss: 0.0996
2026-05-02 03:49:34,648 - mmdet - INFO - Iter [44450/120000]	lr: 1.000e-04, eta: 1 day, 4:11:36, time: 1.108, data_time: 0.012, memory: 37111, loss_mask: 0.0598, loss_texture: 0.0272, iou: 0.9022, loss: 0.0870
2026-05-02 03:50:02,448 - mmdet - INFO - Iter [44475/120000]	lr: 1.000e-04, eta: 1 day, 4:10:52, time: 1.112, data_time: 0.012, memory: 37111, loss_mask: 0.0598, loss_texture: 0.0277, iou: 0.9069, loss: 0.0875
2026-05-02 03:50:30,137 - mmdet - INFO - 
--- Val evaluation at iter 44500 ---
2026-05-02 03:52:26,831 - mmdet - INFO - 
+------------+-------------+-------------+
| Class      | Val IoU     | Pseudo IoU  |
+------------+-------------+-------------+
| background | 92.47       | 92.68       |
| building   | 68.00       | 69.14       |
| Summary    | mIoU: 80.24 | mIoU: 80.91 |
+------------+-------------+-------------+
Images evaluated: 218
2026-05-02 03:52:28,200 - mmdet - INFO - Iter [44500/120000]	lr: 1.000e-04, eta: 1 day, 4:10:09, time: 1.108, data_time: 0.012, memory: 37111, val/mIoU: 0.8024, val/IoU.building: 0.6800, val/IoU.background: 0.9247, val/Pseudo_mIoU: 0.8091, loss_mask: 0.0521, loss_texture: 0.0245, iou: 0.9112, loss: 0.0766
2026-05-02 03:52:55,821 - mmdet - INFO - Iter [44525/120000]	lr: 1.000e-04, eta: 1 day, 4:12:45, time: 5.827, data_time: 4.735, memory: 37111, loss_mask: 0.0625, loss_texture: 0.0286, iou: 0.9148, loss: 0.0910
2026-05-02 03:53:23,542 - mmdet - INFO - Iter [44550/120000]	lr: 1.000e-04, eta: 1 day, 4:12:01, time: 1.109, data_time: 0.012, memory: 37111, loss_mask: 0.0609, loss_texture: 0.0281, iou: 0.9224, loss: 0.0890
2026-05-02 03:53:51,268 - mmdet - INFO - Iter [44575/120000]	lr: 1.000e-04, eta: 1 day, 4:11:18, time: 1.109, data_time: 0.012, memory: 37111, loss_mask: 0.0606, loss_texture: 0.0275, iou: 0.8935, loss: 0.0881
2026-05-02 03:54:18,962 - mmdet - INFO - Iter [44600/120000]	lr: 1.000e-04, eta: 1 day, 4:10:34, time: 1.108, data_time: 0.012, memory: 37111, loss_mask: 0.0662, loss_texture: 0.0299, iou: 0.8953, loss: 0.0961
2026-05-02 03:54:46,516 - mmdet - INFO - Iter [44625/120000]	lr: 1.000e-04, eta: 1 day, 4:09:50, time: 1.102, data_time: 0.012, memory: 37111, loss_mask: 0.0533, loss_texture: 0.0250, iou: 0.9001, loss: 0.0783
2026-05-02 03:55:14,170 - mmdet - INFO - Iter [44650/120000]	lr: 1.000e-04, eta: 1 day, 4:09:07, time: 1.106, data_time: 0.012, memory: 37111, loss_mask: 0.0624, loss_texture: 0.0288, iou: 0.8903, loss: 0.0912
2026-05-02 03:55:41,776 - mmdet - INFO - Iter [44675/120000]	lr: 1.000e-04, eta: 1 day, 4:08:23, time: 1.104, data_time: 0.012, memory: 37111, loss_mask: 0.0557, loss_texture: 0.0264, iou: 0.8989, loss: 0.0821
2026-05-02 03:56:09,448 - mmdet - INFO - Iter [44700/120000]	lr: 1.000e-04, eta: 1 day, 4:07:39, time: 1.107, data_time: 0.012, memory: 37111, loss_mask: 0.0545, loss_texture: 0.0259, iou: 0.9170, loss: 0.0803
2026-05-02 03:56:36,930 - mmdet - INFO - Iter [44725/120000]	lr: 1.000e-04, eta: 1 day, 4:06:55, time: 1.099, data_time: 0.012, memory: 37111, loss_mask: 0.0670, loss_texture: 0.0304, iou: 0.8925, loss: 0.0974
2026-05-02 03:57:04,599 - mmdet - INFO - Iter [44750/120000]	lr: 1.000e-04, eta: 1 day, 4:06:12, time: 1.107, data_time: 0.012, memory: 37111, loss_mask: 0.0573, loss_texture: 0.0266, iou: 0.9000, loss: 0.0838
2026-05-02 03:57:32,255 - mmdet - INFO - Iter [44775/120000]	lr: 1.000e-04, eta: 1 day, 4:05:28, time: 1.106, data_time: 0.012, memory: 37111, loss_mask: 0.0550, loss_texture: 0.0262, iou: 0.9068, loss: 0.0812
2026-05-02 03:57:59,900 - mmdet - INFO - Iter [44800/120000]	lr: 1.000e-04, eta: 1 day, 4:04:44, time: 1.106, data_time: 0.012, memory: 37111, loss_mask: 0.0578, loss_texture: 0.0264, iou: 0.9110, loss: 0.0842
2026-05-02 03:58:27,578 - mmdet - INFO - Iter [44825/120000]	lr: 1.000e-04, eta: 1 day, 4:04:01, time: 1.107, data_time: 0.012, memory: 37111, loss_mask: 0.0491, loss_texture: 0.0234, iou: 0.9014, loss: 0.0726
2026-05-02 03:58:55,299 - mmdet - INFO - Iter [44850/120000]	lr: 1.000e-04, eta: 1 day, 4:03:17, time: 1.109, data_time: 0.012, memory: 37111, loss_mask: 0.0619, loss_texture: 0.0293, iou: 0.8995, loss: 0.0912
2026-05-02 03:59:22,887 - mmdet - INFO - Iter [44875/120000]	lr: 1.000e-04, eta: 1 day, 4:02:34, time: 1.104, data_time: 0.012, memory: 37111, loss_mask: 0.0606, loss_texture: 0.0283, iou: 0.8991, loss: 0.0889
2026-05-02 03:59:50,520 - mmdet - INFO - Iter [44900/120000]	lr: 1.000e-04, eta: 1 day, 4:01:50, time: 1.105, data_time: 0.012, memory: 37111, loss_mask: 0.0659, loss_texture: 0.0311, iou: 0.9125, loss: 0.0970
2026-05-02 04:00:18,157 - mmdet - INFO - Iter [44925/120000]	lr: 1.000e-04, eta: 1 day, 4:01:07, time: 1.105, data_time: 0.012, memory: 37111, loss_mask: 0.0723, loss_texture: 0.0328, iou: 0.8910, loss: 0.1051
2026-05-02 04:00:45,815 - mmdet - INFO - Iter [44950/120000]	lr: 1.000e-04, eta: 1 day, 4:00:23, time: 1.106, data_time: 0.011, memory: 37111, loss_mask: 0.0611, loss_texture: 0.0278, iou: 0.9040, loss: 0.0889
2026-05-02 04:01:13,553 - mmdet - INFO - Iter [44975/120000]	lr: 1.000e-04, eta: 1 day, 3:59:40, time: 1.109, data_time: 0.012, memory: 37111, loss_mask: 0.0596, loss_texture: 0.0284, iou: 0.9144, loss: 0.0880
2026-05-02 04:01:41,077 - mmdet - INFO - 
--- Val evaluation at iter 45000 ---
2026-05-02 04:03:37,107 - mmdet - INFO - 
+------------+-------------+-------------+
| Class      | Val IoU     | Pseudo IoU  |
+------------+-------------+-------------+
| background | 92.47       | 92.68       |
| building   | 68.08       | 69.14       |
| Summary    | mIoU: 80.27 | mIoU: 80.91 |
+------------+-------------+-------------+
Images evaluated: 218
2026-05-02 04:03:38,475 - mmdet - INFO - Exp name: exp8_all.py
2026-05-02 04:03:38,475 - mmdet - INFO - Iter [45000/120000]	lr: 1.000e-04, eta: 1 day, 3:58:56, time: 1.101, data_time: 0.012, memory: 37111, val/mIoU: 0.8027, val/IoU.building: 0.6808, val/IoU.background: 0.9247, val/Pseudo_mIoU: 0.8091, loss_mask: 0.0575, loss_texture: 0.0264, iou: 0.8903, loss: 0.0840
2026-05-02 04:04:06,093 - mmdet - INFO - Iter [45025/120000]	lr: 1.000e-04, eta: 1 day, 4:01:28, time: 5.801, data_time: 4.708, memory: 37111, loss_mask: 0.0564, loss_texture: 0.0271, iou: 0.9045, loss: 0.0835
2026-05-02 04:04:33,766 - mmdet - INFO - Iter [45050/120000]	lr: 1.000e-04, eta: 1 day, 4:00:44, time: 1.107, data_time: 0.012, memory: 37111, loss_mask: 0.0532, loss_texture: 0.0253, iou: 0.8983, loss: 0.0785
2026-05-02 04:05:01,283 - mmdet - INFO - Iter [45075/120000]	lr: 1.000e-04, eta: 1 day, 4:00:01, time: 1.101, data_time: 0.012, memory: 37111, loss_mask: 0.0545, loss_texture: 0.0254, iou: 0.9124, loss: 0.0799
2026-05-02 04:05:28,961 - mmdet - INFO - Iter [45100/120000]	lr: 1.000e-04, eta: 1 day, 3:59:17, time: 1.107, data_time: 0.012, memory: 37111, loss_mask: 0.0588, loss_texture: 0.0277, iou: 0.8992, loss: 0.0865
2026-05-02 04:05:56,468 - mmdet - INFO - Iter [45125/120000]	lr: 1.000e-04, eta: 1 day, 3:58:33, time: 1.100, data_time: 0.012, memory: 37111, loss_mask: 0.0533, loss_texture: 0.0240, iou: 0.8982, loss: 0.0774
2026-05-02 04:06:24,046 - mmdet - INFO - Iter [45150/120000]	lr: 1.000e-04, eta: 1 day, 3:57:50, time: 1.103, data_time: 0.012, memory: 37111, loss_mask: 0.0548, loss_texture: 0.0244, iou: 0.9174, loss: 0.0792
2026-05-02 04:06:51,772 - mmdet - INFO - Iter [45175/120000]	lr: 1.000e-04, eta: 1 day, 3:57:06, time: 1.109, data_time: 0.012, memory: 37111, loss_mask: 0.0650, loss_texture: 0.0299, iou: 0.8972, loss: 0.0949
2026-05-02 04:07:19,548 - mmdet - INFO - Iter [45200/120000]	lr: 1.000e-04, eta: 1 day, 3:56:23, time: 1.111, data_time: 0.012, memory: 37111, loss_mask: 0.0577, loss_texture: 0.0268, iou: 0.9005, loss: 0.0846
2026-05-02 04:07:47,196 - mmdet - INFO - Iter [45225/120000]	lr: 1.000e-04, eta: 1 day, 3:55:40, time: 1.106, data_time: 0.012, memory: 37111, loss_mask: 0.0571, loss_texture: 0.0259, iou: 0.8839, loss: 0.0830
2026-05-02 04:08:14,851 - mmdet - INFO - Iter [45250/120000]	lr: 1.000e-04, eta: 1 day, 3:54:56, time: 1.106, data_time: 0.012, memory: 37111, loss_mask: 0.0679, loss_texture: 0.0298, iou: 0.9123, loss: 0.0977
2026-05-02 04:08:42,496 - mmdet - INFO - Iter [45275/120000]	lr: 1.000e-04, eta: 1 day, 3:54:13, time: 1.106, data_time: 0.012, memory: 37111, loss_mask: 0.0510, loss_texture: 0.0238, iou: 0.8867, loss: 0.0748
2026-05-02 04:09:10,280 - mmdet - INFO - Iter [45300/120000]	lr: 1.000e-04, eta: 1 day, 3:53:29, time: 1.111, data_time: 0.012, memory: 37111, loss_mask: 0.0707, loss_texture: 0.0319, iou: 0.8943, loss: 0.1026
2026-05-02 04:09:37,996 - mmdet - INFO - Iter [45325/120000]	lr: 1.000e-04, eta: 1 day, 3:52:46, time: 1.109, data_time: 0.012, memory: 37111, loss_mask: 0.0651, loss_texture: 0.0291, iou: 0.9012, loss: 0.0942
2026-05-02 04:10:05,634 - mmdet - INFO - Iter [45350/120000]	lr: 1.000e-04, eta: 1 day, 3:52:03, time: 1.106, data_time: 0.011, memory: 37111, loss_mask: 0.0675, loss_texture: 0.0284, iou: 0.8934, loss: 0.0959
2026-05-02 04:10:33,453 - mmdet - INFO - Iter [45375/120000]	lr: 1.000e-04, eta: 1 day, 3:51:20, time: 1.113, data_time: 0.012, memory: 37111, loss_mask: 0.0661, loss_texture: 0.0289, iou: 0.8935, loss: 0.0950
2026-05-02 04:11:01,098 - mmdet - INFO - Iter [45400/120000]	lr: 1.000e-04, eta: 1 day, 3:50:36, time: 1.106, data_time: 0.012, memory: 37111, loss_mask: 0.0672, loss_texture: 0.0289, iou: 0.9094, loss: 0.0961
2026-05-02 04:11:28,824 - mmdet - INFO - Iter [45425/120000]	lr: 1.000e-04, eta: 1 day, 3:49:53, time: 1.109, data_time: 0.012, memory: 37111, loss_mask: 0.0608, loss_texture: 0.0275, iou: 0.9056, loss: 0.0883
2026-05-02 04:11:56,573 - mmdet - INFO - Iter [45450/120000]	lr: 1.000e-04, eta: 1 day, 3:49:10, time: 1.110, data_time: 0.012, memory: 37111, loss_mask: 0.0615, loss_texture: 0.0278, iou: 0.8902, loss: 0.0893
2026-05-02 04:12:24,305 - mmdet - INFO - Iter [45475/120000]	lr: 1.000e-04, eta: 1 day, 3:48:27, time: 1.109, data_time: 0.012, memory: 37111, loss_mask: 0.0680, loss_texture: 0.0300, iou: 0.9004, loss: 0.0980
2026-05-02 04:12:51,896 - mmdet - INFO - 
--- Val evaluation at iter 45500 ---
2026-05-02 04:14:49,096 - mmdet - INFO - 
+------------+-------------+-------------+
| Class      | Val IoU     | Pseudo IoU  |
+------------+-------------+-------------+
| background | 92.34       | 92.68       |
| building   | 67.55       | 69.14       |
| Summary    | mIoU: 79.95 | mIoU: 80.91 |
+------------+-------------+-------------+
Images evaluated: 218
2026-05-02 04:14:50,462 - mmdet - INFO - Iter [45500/120000]	lr: 1.000e-04, eta: 1 day, 3:47:43, time: 1.104, data_time: 0.012, memory: 37111, val/mIoU: 0.7995, val/IoU.building: 0.6755, val/IoU.background: 0.9234, val/Pseudo_mIoU: 0.8091, loss_mask: 0.0641, loss_texture: 0.0279, iou: 0.9023, loss: 0.0920
2026-05-02 04:15:18,217 - mmdet - INFO - Iter [45525/120000]	lr: 1.000e-04, eta: 1 day, 3:50:14, time: 5.853, data_time: 4.756, memory: 37111, loss_mask: 0.0553, loss_texture: 0.0258, iou: 0.8919, loss: 0.0811
2026-05-02 04:15:45,783 - mmdet - INFO - Iter [45550/120000]	lr: 1.000e-04, eta: 1 day, 3:49:31, time: 1.103, data_time: 0.012, memory: 37111, loss_mask: 0.0643, loss_texture: 0.0289, iou: 0.8946, loss: 0.0932
2026-05-02 04:16:13,286 - mmdet - INFO - Iter [45575/120000]	lr: 1.000e-04, eta: 1 day, 3:48:47, time: 1.100, data_time: 0.012, memory: 37111, loss_mask: 0.0564, loss_texture: 0.0260, iou: 0.9102, loss: 0.0825
2026-05-02 04:16:41,124 - mmdet - INFO - Iter [45600/120000]	lr: 1.000e-04, eta: 1 day, 3:48:04, time: 1.113, data_time: 0.012, memory: 37111, loss_mask: 0.0588, loss_texture: 0.0271, iou: 0.8916, loss: 0.0859
2026-05-02 04:17:08,824 - mmdet - INFO - Iter [45625/120000]	lr: 1.000e-04, eta: 1 day, 3:47:20, time: 1.108, data_time: 0.012, memory: 37111, loss_mask: 0.0609, loss_texture: 0.0286, iou: 0.8920, loss: 0.0895
2026-05-02 04:17:36,493 - mmdet - INFO - Iter [45650/120000]	lr: 1.000e-04, eta: 1 day, 3:46:37, time: 1.107, data_time: 0.012, memory: 37111, loss_mask: 0.0526, loss_texture: 0.0248, iou: 0.9134, loss: 0.0773
2026-05-02 04:18:04,228 - mmdet - INFO - Iter [45675/120000]	lr: 1.000e-04, eta: 1 day, 3:45:54, time: 1.109, data_time: 0.011, memory: 37111, loss_mask: 0.0587, loss_texture: 0.0270, iou: 0.8996, loss: 0.0858
2026-05-02 04:18:31,881 - mmdet - INFO - Iter [45700/120000]	lr: 1.000e-04, eta: 1 day, 3:45:11, time: 1.106, data_time: 0.012, memory: 37111, loss_mask: 0.0657, loss_texture: 0.0300, iou: 0.8969, loss: 0.0956
2026-05-02 04:18:59,535 - mmdet - INFO - Iter [45725/120000]	lr: 1.000e-04, eta: 1 day, 3:44:27, time: 1.106, data_time: 0.012, memory: 37111, loss_mask: 0.0586, loss_texture: 0.0270, iou: 0.9172, loss: 0.0857
2026-05-02 04:19:27,087 - mmdet - INFO - Iter [45750/120000]	lr: 1.000e-04, eta: 1 day, 3:43:44, time: 1.102, data_time: 0.012, memory: 37111, loss_mask: 0.0668, loss_texture: 0.0306, iou: 0.8988, loss: 0.0974
2026-05-02 04:19:54,874 - mmdet - INFO - Iter [45775/120000]	lr: 1.000e-04, eta: 1 day, 3:43:01, time: 1.111, data_time: 0.012, memory: 37111, loss_mask: 0.0589, loss_texture: 0.0277, iou: 0.8946, loss: 0.0866
2026-05-02 04:20:22,548 - mmdet - INFO - Iter [45800/120000]	lr: 1.000e-04, eta: 1 day, 3:42:18, time: 1.107, data_time: 0.012, memory: 37111, loss_mask: 0.0624, loss_texture: 0.0274, iou: 0.8984, loss: 0.0898
2026-05-02 04:20:50,287 - mmdet - INFO - Iter [45825/120000]	lr: 1.000e-04, eta: 1 day, 3:41:34, time: 1.110, data_time: 0.012, memory: 37111, loss_mask: 0.0587, loss_texture: 0.0274, iou: 0.9043, loss: 0.0861
2026-05-02 04:21:17,805 - mmdet - INFO - Iter [45850/120000]	lr: 1.000e-04, eta: 1 day, 3:40:51, time: 1.101, data_time: 0.012, memory: 37111, loss_mask: 0.0614, loss_texture: 0.0267, iou: 0.8997, loss: 0.0881
2026-05-02 04:21:45,475 - mmdet - INFO - Iter [45875/120000]	lr: 1.000e-04, eta: 1 day, 3:40:08, time: 1.107, data_time: 0.012, memory: 37111, loss_mask: 0.0594, loss_texture: 0.0269, iou: 0.8895, loss: 0.0863
2026-05-02 04:22:13,217 - mmdet - INFO - Iter [45900/120000]	lr: 1.000e-04, eta: 1 day, 3:39:25, time: 1.110, data_time: 0.012, memory: 37111, loss_mask: 0.0703, loss_texture: 0.0325, iou: 0.9116, loss: 0.1028
2026-05-02 04:22:40,798 - mmdet - INFO - Iter [45925/120000]	lr: 1.000e-04, eta: 1 day, 3:38:42, time: 1.103, data_time: 0.012, memory: 37111, loss_mask: 0.0620, loss_texture: 0.0296, iou: 0.8936, loss: 0.0916
2026-05-02 04:23:08,506 - mmdet - INFO - Iter [45950/120000]	lr: 1.000e-04, eta: 1 day, 3:37:58, time: 1.108, data_time: 0.012, memory: 37111, loss_mask: 0.0650, loss_texture: 0.0282, iou: 0.9074, loss: 0.0932
2026-05-02 04:23:36,211 - mmdet - INFO - Iter [45975/120000]	lr: 1.000e-04, eta: 1 day, 3:37:15, time: 1.108, data_time: 0.011, memory: 37111, loss_mask: 0.0707, loss_texture: 0.0311, iou: 0.8989, loss: 0.1018
2026-05-02 04:24:03,792 - mmdet - INFO - 
--- Val evaluation at iter 46000 ---
2026-05-02 04:26:00,017 - mmdet - INFO - 
+------------+-------------+-------------+
| Class      | Val IoU     | Pseudo IoU  |
+------------+-------------+-------------+
| background | 92.45       | 92.68       |
| building   | 68.08       | 69.14       |
| Summary    | mIoU: 80.27 | mIoU: 80.91 |
+------------+-------------+-------------+
Images evaluated: 218
2026-05-02 04:26:01,378 - mmdet - INFO - Exp name: exp8_all.py
2026-05-02 04:26:01,378 - mmdet - INFO - Iter [46000/120000]	lr: 1.000e-04, eta: 1 day, 3:36:32, time: 1.103, data_time: 0.012, memory: 37111, val/mIoU: 0.8027, val/IoU.building: 0.6808, val/IoU.background: 0.9245, val/Pseudo_mIoU: 0.8091, loss_mask: 0.0627, loss_texture: 0.0272, iou: 0.8954, loss: 0.0899
2026-05-02 04:26:28,988 - mmdet - INFO - Iter [46025/120000]	lr: 1.000e-04, eta: 1 day, 3:38:58, time: 5.808, data_time: 4.716, memory: 37111, loss_mask: 0.0539, loss_texture: 0.0251, iou: 0.9063, loss: 0.0789
2026-05-02 04:26:56,563 - mmdet - INFO - Iter [46050/120000]	lr: 1.000e-04, eta: 1 day, 3:38:15, time: 1.103, data_time: 0.012, memory: 37111, loss_mask: 0.0672, loss_texture: 0.0303, iou: 0.8982, loss: 0.0975
2026-05-02 04:27:24,190 - mmdet - INFO - Iter [46075/120000]	lr: 1.000e-04, eta: 1 day, 3:37:31, time: 1.105, data_time: 0.012, memory: 37111, loss_mask: 0.0605, loss_texture: 0.0281, iou: 0.8949, loss: 0.0886
2026-05-02 04:27:51,892 - mmdet - INFO - Iter [46100/120000]	lr: 1.000e-04, eta: 1 day, 3:36:48, time: 1.108, data_time: 0.012, memory: 37111, loss_mask: 0.0570, loss_texture: 0.0256, iou: 0.8869, loss: 0.0826
2026-05-02 04:28:19,589 - mmdet - INFO - Iter [46125/120000]	lr: 1.000e-04, eta: 1 day, 3:36:05, time: 1.108, data_time: 0.012, memory: 37111, loss_mask: 0.0700, loss_texture: 0.0298, iou: 0.8954, loss: 0.0998
2026-05-02 04:28:47,260 - mmdet - INFO - Iter [46150/120000]	lr: 1.000e-04, eta: 1 day, 3:35:22, time: 1.107, data_time: 0.012, memory: 37111, loss_mask: 0.0633, loss_texture: 0.0284, iou: 0.9080, loss: 0.0918
2026-05-02 04:29:14,760 - mmdet - INFO - Iter [46175/120000]	lr: 1.000e-04, eta: 1 day, 3:34:38, time: 1.100, data_time: 0.012, memory: 37111, loss_mask: 0.0614, loss_texture: 0.0288, iou: 0.9042, loss: 0.0902
2026-05-02 04:29:42,463 - mmdet - INFO - Iter [46200/120000]	lr: 1.000e-04, eta: 1 day, 3:33:55, time: 1.108, data_time: 0.012, memory: 37111, loss_mask: 0.0597, loss_texture: 0.0275, iou: 0.8987, loss: 0.0872
2026-05-02 04:30:10,228 - mmdet - INFO - Iter [46225/120000]	lr: 1.000e-04, eta: 1 day, 3:33:12, time: 1.111, data_time: 0.013, memory: 37111, loss_mask: 0.0560, loss_texture: 0.0259, iou: 0.9189, loss: 0.0819
2026-05-02 04:30:37,886 - mmdet - INFO - Iter [46250/120000]	lr: 1.000e-04, eta: 1 day, 3:32:29, time: 1.106, data_time: 0.012, memory: 37111, loss_mask: 0.0597, loss_texture: 0.0274, iou: 0.9047, loss: 0.0871
2026-05-02 04:31:05,625 - mmdet - INFO - Iter [46275/120000]	lr: 1.000e-04, eta: 1 day, 3:31:46, time: 1.110, data_time: 0.012, memory: 37111, loss_mask: 0.0693, loss_texture: 0.0316, iou: 0.9015, loss: 0.1009
2026-05-02 04:31:33,329 - mmdet - INFO - Iter [46300/120000]	lr: 1.000e-04, eta: 1 day, 3:31:03, time: 1.108, data_time: 0.012, memory: 37111, loss_mask: 0.0583, loss_texture: 0.0276, iou: 0.9138, loss: 0.0859
2026-05-02 04:32:00,887 - mmdet - INFO - Iter [46325/120000]	lr: 1.000e-04, eta: 1 day, 3:30:20, time: 1.102, data_time: 0.012, memory: 37111, loss_mask: 0.0545, loss_texture: 0.0247, iou: 0.8996, loss: 0.0792
2026-05-02 04:32:28,441 - mmdet - INFO - Iter [46350/120000]	lr: 1.000e-04, eta: 1 day, 3:29:37, time: 1.102, data_time: 0.012, memory: 37111, loss_mask: 0.0556, loss_texture: 0.0260, iou: 0.8840, loss: 0.0816
2026-05-02 04:32:56,098 - mmdet - INFO - Iter [46375/120000]	lr: 1.000e-04, eta: 1 day, 3:28:54, time: 1.106, data_time: 0.012, memory: 37111, loss_mask: 0.0529, loss_texture: 0.0248, iou: 0.9145, loss: 0.0777
2026-05-02 04:33:23,617 - mmdet - INFO - Iter [46400/120000]	lr: 1.000e-04, eta: 1 day, 3:28:11, time: 1.101, data_time: 0.012, memory: 37111, loss_mask: 0.0605, loss_texture: 0.0276, iou: 0.9013, loss: 0.0881
2026-05-02 04:33:51,305 - mmdet - INFO - Iter [46425/120000]	lr: 1.000e-04, eta: 1 day, 3:27:28, time: 1.108, data_time: 0.012, memory: 37111, loss_mask: 0.0621, loss_texture: 0.0282, iou: 0.9066, loss: 0.0903
2026-05-02 04:34:18,991 - mmdet - INFO - Iter [46450/120000]	lr: 1.000e-04, eta: 1 day, 3:26:45, time: 1.107, data_time: 0.011, memory: 37111, loss_mask: 0.0592, loss_texture: 0.0271, iou: 0.9030, loss: 0.0863
2026-05-02 04:34:46,695 - mmdet - INFO - Iter [46475/120000]	lr: 1.000e-04, eta: 1 day, 3:26:02, time: 1.108, data_time: 0.011, memory: 37111, loss_mask: 0.0676, loss_texture: 0.0306, iou: 0.8918, loss: 0.0982
2026-05-02 04:35:14,331 - mmdet - INFO - 
--- Val evaluation at iter 46500 ---
2026-05-02 04:37:10,936 - mmdet - INFO - 
+------------+-------------+-------------+
| Class      | Val IoU     | Pseudo IoU  |
+------------+-------------+-------------+
| background | 92.36       | 92.68       |
| building   | 67.41       | 69.14       |
| Summary    | mIoU: 79.89 | mIoU: 80.91 |
+------------+-------------+-------------+
Images evaluated: 218
2026-05-02 04:37:12,301 - mmdet - INFO - Iter [46500/120000]	lr: 1.000e-04, eta: 1 day, 3:25:19, time: 1.105, data_time: 0.012, memory: 37111, val/mIoU: 0.7989, val/IoU.building: 0.6741, val/IoU.background: 0.9236, val/Pseudo_mIoU: 0.8091, loss_mask: 0.0563, loss_texture: 0.0255, iou: 0.9011, loss: 0.0818
2026-05-02 04:37:39,945 - mmdet - INFO - Iter [46525/120000]	lr: 1.000e-04, eta: 1 day, 3:27:42, time: 5.825, data_time: 4.732, memory: 37111, loss_mask: 0.0608, loss_texture: 0.0279, iou: 0.9191, loss: 0.0887
2026-05-02 04:38:07,606 - mmdet - INFO - Iter [46550/120000]	lr: 1.000e-04, eta: 1 day, 3:26:59, time: 1.106, data_time: 0.011, memory: 37111, loss_mask: 0.0622, loss_texture: 0.0280, iou: 0.8851, loss: 0.0902
2026-05-02 04:38:35,189 - mmdet - INFO - Iter [46575/120000]	lr: 1.000e-04, eta: 1 day, 3:26:16, time: 1.103, data_time: 0.012, memory: 37111, loss_mask: 0.0608, loss_texture: 0.0283, iou: 0.9083, loss: 0.0890
2026-05-02 04:39:02,772 - mmdet - INFO - Iter [46600/120000]	lr: 1.000e-04, eta: 1 day, 3:25:33, time: 1.103, data_time: 0.012, memory: 37111, loss_mask: 0.0559, loss_texture: 0.0266, iou: 0.9066, loss: 0.0825
2026-05-02 04:39:30,492 - mmdet - INFO - Iter [46625/120000]	lr: 1.000e-04, eta: 1 day, 3:24:50, time: 1.109, data_time: 0.012, memory: 37111, loss_mask: 0.0555, loss_texture: 0.0259, iou: 0.8971, loss: 0.0814
2026-05-02 04:39:58,053 - mmdet - INFO - Iter [46650/120000]	lr: 1.000e-04, eta: 1 day, 3:24:07, time: 1.102, data_time: 0.011, memory: 37111, loss_mask: 0.0495, loss_texture: 0.0238, iou: 0.8949, loss: 0.0734
2026-05-02 04:40:25,712 - mmdet - INFO - Iter [46675/120000]	lr: 1.000e-04, eta: 1 day, 3:23:24, time: 1.106, data_time: 0.011, memory: 37111, loss_mask: 0.0570, loss_texture: 0.0264, iou: 0.8941, loss: 0.0835
2026-05-02 04:40:53,536 - mmdet - INFO - Iter [46700/120000]	lr: 1.000e-04, eta: 1 day, 3:22:41, time: 1.113, data_time: 0.012, memory: 37111, loss_mask: 0.0646, loss_texture: 0.0298, iou: 0.9036, loss: 0.0944
2026-05-02 04:41:21,226 - mmdet - INFO - Iter [46725/120000]	lr: 1.000e-04, eta: 1 day, 3:21:58, time: 1.108, data_time: 0.012, memory: 37111, loss_mask: 0.0685, loss_texture: 0.0321, iou: 0.8929, loss: 0.1005
2026-05-02 04:41:48,824 - mmdet - INFO - Iter [46750/120000]	lr: 1.000e-04, eta: 1 day, 3:21:15, time: 1.104, data_time: 0.011, memory: 37111, loss_mask: 0.0561, loss_texture: 0.0262, iou: 0.9093, loss: 0.0823
2026-05-02 04:42:16,323 - mmdet - INFO - Iter [46775/120000]	lr: 1.000e-04, eta: 1 day, 3:20:32, time: 1.100, data_time: 0.012, memory: 37111, loss_mask: 0.0573, loss_texture: 0.0265, iou: 0.9234, loss: 0.0838
2026-05-02 04:42:44,049 - mmdet - INFO - Iter [46800/120000]	lr: 1.000e-04, eta: 1 day, 3:19:49, time: 1.109, data_time: 0.012, memory: 37111, loss_mask: 0.0541, loss_texture: 0.0255, iou: 0.9174, loss: 0.0796
2026-05-02 04:43:11,698 - mmdet - INFO - Iter [46825/120000]	lr: 1.000e-04, eta: 1 day, 3:19:06, time: 1.106, data_time: 0.012, memory: 37111, loss_mask: 0.0541, loss_texture: 0.0251, iou: 0.9141, loss: 0.0792
2026-05-02 04:43:39,247 - mmdet - INFO - Iter [46850/120000]	lr: 1.000e-04, eta: 1 day, 3:18:23, time: 1.102, data_time: 0.012, memory: 37111, loss_mask: 0.0532, loss_texture: 0.0247, iou: 0.9050, loss: 0.0779
2026-05-02 04:44:07,041 - mmdet - INFO - Iter [46875/120000]	lr: 1.000e-04, eta: 1 day, 3:17:41, time: 1.112, data_time: 0.012, memory: 37111, loss_mask: 0.0684, loss_texture: 0.0316, iou: 0.9064, loss: 0.1000
2026-05-02 04:44:34,692 - mmdet - INFO - Iter [46900/120000]	lr: 1.000e-04, eta: 1 day, 3:16:58, time: 1.106, data_time: 0.012, memory: 37111, loss_mask: 0.0618, loss_texture: 0.0285, iou: 0.8918, loss: 0.0902
2026-05-02 04:45:02,447 - mmdet - INFO - Iter [46925/120000]	lr: 1.000e-04, eta: 1 day, 3:16:15, time: 1.110, data_time: 0.012, memory: 37111, loss_mask: 0.0579, loss_texture: 0.0271, iou: 0.8898, loss: 0.0850
2026-05-02 04:45:30,069 - mmdet - INFO - Iter [46950/120000]	lr: 1.000e-04, eta: 1 day, 3:15:32, time: 1.105, data_time: 0.012, memory: 37111, loss_mask: 0.0580, loss_texture: 0.0274, iou: 0.9103, loss: 0.0854
2026-05-02 04:45:57,445 - mmdet - INFO - Iter [46975/120000]	lr: 1.000e-04, eta: 1 day, 3:14:49, time: 1.095, data_time: 0.012, memory: 37111, loss_mask: 0.0589, loss_texture: 0.0270, iou: 0.8980, loss: 0.0860
2026-05-02 04:46:24,956 - mmdet - INFO - 
--- Val evaluation at iter 47000 ---
2026-05-02 04:48:21,229 - mmdet - INFO - 
+------------+-------------+-------------+
| Class      | Val IoU     | Pseudo IoU  |
+------------+-------------+-------------+
| background | 92.48       | 92.68       |
| building   | 67.95       | 69.14       |
| Summary    | mIoU: 80.21 | mIoU: 80.91 |
+------------+-------------+-------------+
Images evaluated: 218
2026-05-02 04:48:22,606 - mmdet - INFO - Exp name: exp8_all.py
2026-05-02 04:48:22,606 - mmdet - INFO - Iter [47000/120000]	lr: 1.000e-04, eta: 1 day, 3:14:06, time: 1.100, data_time: 0.012, memory: 37111, val/mIoU: 0.8021, val/IoU.building: 0.6795, val/IoU.background: 0.9248, val/Pseudo_mIoU: 0.8091, loss_mask: 0.0533, loss_texture: 0.0247, iou: 0.9043, loss: 0.0780
2026-05-02 04:48:50,304 - mmdet - INFO - Iter [47025/120000]	lr: 1.000e-04, eta: 1 day, 3:16:26, time: 5.814, data_time: 4.718, memory: 37111, loss_mask: 0.0532, loss_texture: 0.0254, iou: 0.9116, loss: 0.0786
2026-05-02 04:49:18,049 - mmdet - INFO - Iter [47050/120000]	lr: 1.000e-04, eta: 1 day, 3:15:43, time: 1.110, data_time: 0.012, memory: 37111, loss_mask: 0.0543, loss_texture: 0.0251, iou: 0.8997, loss: 0.0794
2026-05-02 04:49:45,611 - mmdet - INFO - Iter [47075/120000]	lr: 1.000e-04, eta: 1 day, 3:15:00, time: 1.102, data_time: 0.011, memory: 37111, loss_mask: 0.0573, loss_texture: 0.0269, iou: 0.9170, loss: 0.0842
2026-05-02 04:50:13,295 - mmdet - INFO - Iter [47100/120000]	lr: 1.000e-04, eta: 1 day, 3:14:17, time: 1.107, data_time: 0.012, memory: 37111, loss_mask: 0.0666, loss_texture: 0.0303, iou: 0.9112, loss: 0.0969
2026-05-02 04:50:40,908 - mmdet - INFO - Iter [47125/120000]	lr: 1.000e-04, eta: 1 day, 3:13:34, time: 1.105, data_time: 0.012, memory: 37111, loss_mask: 0.0684, loss_texture: 0.0280, iou: 0.9017, loss: 0.0964
2026-05-02 04:51:08,518 - mmdet - INFO - Iter [47150/120000]	lr: 1.000e-04, eta: 1 day, 3:12:51, time: 1.104, data_time: 0.012, memory: 37111, loss_mask: 0.0662, loss_texture: 0.0255, iou: 0.8772, loss: 0.0917
2026-05-02 04:51:36,345 - mmdet - INFO - Iter [47175/120000]	lr: 1.000e-04, eta: 1 day, 3:12:09, time: 1.113, data_time: 0.012, memory: 37111, loss_mask: 0.0660, loss_texture: 0.0268, iou: 0.8857, loss: 0.0928
2026-05-02 04:52:03,915 - mmdet - INFO - Iter [47200/120000]	lr: 1.000e-04, eta: 1 day, 3:11:26, time: 1.103, data_time: 0.012, memory: 37111, loss_mask: 0.0622, loss_texture: 0.0254, iou: 0.8883, loss: 0.0876
2026-05-02 04:52:31,613 - mmdet - INFO - Iter [47225/120000]	lr: 1.000e-04, eta: 1 day, 3:10:43, time: 1.108, data_time: 0.012, memory: 37111, loss_mask: 0.0624, loss_texture: 0.0269, iou: 0.8774, loss: 0.0893
2026-05-02 04:52:59,097 - mmdet - INFO - Iter [47250/120000]	lr: 1.000e-04, eta: 1 day, 3:10:00, time: 1.099, data_time: 0.012, memory: 37111, loss_mask: 0.0678, loss_texture: 0.0291, iou: 0.9005, loss: 0.0970
2026-05-02 04:53:26,738 - mmdet - INFO - Iter [47275/120000]	lr: 1.000e-04, eta: 1 day, 3:09:17, time: 1.106, data_time: 0.011, memory: 37111, loss_mask: 0.0619, loss_texture: 0.0283, iou: 0.8985, loss: 0.0902
2026-05-02 04:53:54,521 - mmdet - INFO - Iter [47300/120000]	lr: 1.000e-04, eta: 1 day, 3:08:35, time: 1.111, data_time: 0.012, memory: 37111, loss_mask: 0.0639, loss_texture: 0.0289, iou: 0.9027, loss: 0.0928
2026-05-02 04:54:22,262 - mmdet - INFO - Iter [47325/120000]	lr: 1.000e-04, eta: 1 day, 3:07:52, time: 1.110, data_time: 0.012, memory: 37111, loss_mask: 0.0551, loss_texture: 0.0259, iou: 0.9086, loss: 0.0810
2026-05-02 04:54:49,961 - mmdet - INFO - Iter [47350/120000]	lr: 1.000e-04, eta: 1 day, 3:07:09, time: 1.108, data_time: 0.011, memory: 37111, loss_mask: 0.0658, loss_texture: 0.0295, iou: 0.9046, loss: 0.0952
2026-05-02 04:55:17,713 - mmdet - INFO - Iter [47375/120000]	lr: 1.000e-04, eta: 1 day, 3:06:27, time: 1.110, data_time: 0.011, memory: 37111, loss_mask: 0.0639, loss_texture: 0.0288, iou: 0.8988, loss: 0.0928
2026-05-02 04:55:45,513 - mmdet - INFO - Iter [47400/120000]	lr: 1.000e-04, eta: 1 day, 3:05:44, time: 1.112, data_time: 0.012, memory: 37111, loss_mask: 0.0588, loss_texture: 0.0279, iou: 0.9019, loss: 0.0867
2026-05-02 04:56:13,112 - mmdet - INFO - Iter [47425/120000]	lr: 1.000e-04, eta: 1 day, 3:05:02, time: 1.104, data_time: 0.012, memory: 37111, loss_mask: 0.0515, loss_texture: 0.0243, iou: 0.9078, loss: 0.0757
2026-05-02 04:56:40,908 - mmdet - INFO - Iter [47450/120000]	lr: 1.000e-04, eta: 1 day, 3:04:19, time: 1.112, data_time: 0.011, memory: 37111, loss_mask: 0.0525, loss_texture: 0.0249, iou: 0.8989, loss: 0.0774
2026-05-02 04:57:08,488 - mmdet - INFO - Iter [47475/120000]	lr: 1.000e-04, eta: 1 day, 3:03:36, time: 1.103, data_time: 0.011, memory: 37111, loss_mask: 0.0551, loss_texture: 0.0263, iou: 0.8908, loss: 0.0814
2026-05-02 04:57:36,248 - mmdet - INFO - 
--- Val evaluation at iter 47500 ---
2026-05-02 04:59:32,550 - mmdet - INFO - 
+------------+-------------+-------------+
| Class      | Val IoU     | Pseudo IoU  |
+------------+-------------+-------------+
| background | 92.43       | 92.68       |
| building   | 67.96       | 69.14       |
| Summary    | mIoU: 80.20 | mIoU: 80.91 |
+------------+-------------+-------------+
Images evaluated: 218
2026-05-02 04:59:33,938 - mmdet - INFO - Iter [47500/120000]	lr: 1.000e-04, eta: 1 day, 3:02:54, time: 1.110, data_time: 0.012, memory: 37111, val/mIoU: 0.8020, val/IoU.building: 0.6796, val/IoU.background: 0.9243, val/Pseudo_mIoU: 0.8091, loss_mask: 0.0665, loss_texture: 0.0298, iou: 0.9082, loss: 0.0963
2026-05-02 05:00:01,428 - mmdet - INFO - Iter [47525/120000]	lr: 1.000e-04, eta: 1 day, 3:05:11, time: 5.807, data_time: 4.720, memory: 37111, loss_mask: 0.0618, loss_texture: 0.0270, iou: 0.9017, loss: 0.0888
2026-05-02 05:00:29,038 - mmdet - INFO - Iter [47550/120000]	lr: 1.000e-04, eta: 1 day, 3:04:28, time: 1.104, data_time: 0.012, memory: 37111, loss_mask: 0.0592, loss_texture: 0.0267, iou: 0.9098, loss: 0.0859
2026-05-02 05:00:56,657 - mmdet - INFO - Iter [47575/120000]	lr: 1.000e-04, eta: 1 day, 3:03:45, time: 1.105, data_time: 0.012, memory: 37111, loss_mask: 0.0543, loss_texture: 0.0259, iou: 0.9063, loss: 0.0802
2026-05-02 05:01:24,497 - mmdet - INFO - Iter [47600/120000]	lr: 1.000e-04, eta: 1 day, 3:03:03, time: 1.114, data_time: 0.012, memory: 37111, loss_mask: 0.0587, loss_texture: 0.0272, iou: 0.8953, loss: 0.0859
2026-05-02 05:01:52,271 - mmdet - INFO - Iter [47625/120000]	lr: 1.000e-04, eta: 1 day, 3:02:20, time: 1.111, data_time: 0.012, memory: 37111, loss_mask: 0.0560, loss_texture: 0.0268, iou: 0.9092, loss: 0.0828
2026-05-02 05:02:19,940 - mmdet - INFO - Iter [47650/120000]	lr: 1.000e-04, eta: 1 day, 3:01:37, time: 1.107, data_time: 0.012, memory: 37111, loss_mask: 0.0565, loss_texture: 0.0265, iou: 0.8995, loss: 0.0830
2026-05-02 05:02:47,676 - mmdet - INFO - Iter [47675/120000]	lr: 1.000e-04, eta: 1 day, 3:00:55, time: 1.109, data_time: 0.012, memory: 37111, loss_mask: 0.0586, loss_texture: 0.0270, iou: 0.9056, loss: 0.0857
2026-05-02 05:03:15,531 - mmdet - INFO - Iter [47700/120000]	lr: 1.000e-04, eta: 1 day, 3:00:12, time: 1.114, data_time: 0.012, memory: 37111, loss_mask: 0.0531, loss_texture: 0.0247, iou: 0.8990, loss: 0.0778
2026-05-02 05:03:43,285 - mmdet - INFO - Iter [47725/120000]	lr: 1.000e-04, eta: 1 day, 2:59:30, time: 1.110, data_time: 0.012, memory: 37111, loss_mask: 0.0525, loss_texture: 0.0234, iou: 0.8972, loss: 0.0759
2026-05-02 05:04:11,133 - mmdet - INFO - Iter [47750/120000]	lr: 1.000e-04, eta: 1 day, 2:58:48, time: 1.114, data_time: 0.012, memory: 37111, loss_mask: 0.0694, loss_texture: 0.0316, iou: 0.8981, loss: 0.1010
2026-05-02 05:04:38,804 - mmdet - INFO - Iter [47775/120000]	lr: 1.000e-04, eta: 1 day, 2:58:05, time: 1.107, data_time: 0.012, memory: 37111, loss_mask: 0.0613, loss_texture: 0.0282, iou: 0.9100, loss: 0.0894
2026-05-02 05:05:06,520 - mmdet - INFO - Iter [47800/120000]	lr: 1.000e-04, eta: 1 day, 2:57:23, time: 1.109, data_time: 0.012, memory: 37111, loss_mask: 0.0607, loss_texture: 0.0286, iou: 0.8971, loss: 0.0893
2026-05-02 05:05:34,340 - mmdet - INFO - Iter [47825/120000]	lr: 1.000e-04, eta: 1 day, 2:56:40, time: 1.113, data_time: 0.013, memory: 37111, loss_mask: 0.0646, loss_texture: 0.0302, iou: 0.8906, loss: 0.0948
2026-05-02 05:06:02,185 - mmdet - INFO - Iter [47850/120000]	lr: 1.000e-04, eta: 1 day, 2:55:58, time: 1.114, data_time: 0.012, memory: 37111, loss_mask: 0.0565, loss_texture: 0.0270, iou: 0.9020, loss: 0.0835
2026-05-02 05:06:30,051 - mmdet - INFO - Iter [47875/120000]	lr: 1.000e-04, eta: 1 day, 2:55:16, time: 1.115, data_time: 0.012, memory: 37111, loss_mask: 0.0553, loss_texture: 0.0261, iou: 0.9087, loss: 0.0813
2026-05-02 05:06:57,751 - mmdet - INFO - Iter [47900/120000]	lr: 1.000e-04, eta: 1 day, 2:54:33, time: 1.108, data_time: 0.012, memory: 37111, loss_mask: 0.0593, loss_texture: 0.0260, iou: 0.8940, loss: 0.0853
2026-05-02 05:07:25,528 - mmdet - INFO - Iter [47925/120000]	lr: 1.000e-04, eta: 1 day, 2:53:51, time: 1.111, data_time: 0.013, memory: 37111, loss_mask: 0.0574, loss_texture: 0.0248, iou: 0.9237, loss: 0.0821
2026-05-02 05:07:53,202 - mmdet - INFO - Iter [47950/120000]	lr: 1.000e-04, eta: 1 day, 2:53:08, time: 1.107, data_time: 0.012, memory: 37111, loss_mask: 0.0744, loss_texture: 0.0293, iou: 0.8879, loss: 0.1037
2026-05-02 05:08:20,970 - mmdet - INFO - Iter [47975/120000]	lr: 1.000e-04, eta: 1 day, 2:52:26, time: 1.111, data_time: 0.012, memory: 37111, loss_mask: 0.0757, loss_texture: 0.0319, iou: 0.8861, loss: 0.1077
2026-05-02 05:08:48,753 - mmdet - INFO - 
--- Val evaluation at iter 48000 ---
2026-05-02 05:10:45,603 - mmdet - INFO - 
+------------+-------------+-------------+
| Class      | Val IoU     | Pseudo IoU  |
+------------+-------------+-------------+
| background | 92.37       | 92.68       |
| building   | 67.63       | 69.14       |
| Summary    | mIoU: 80.00 | mIoU: 80.91 |
+------------+-------------+-------------+
Images evaluated: 218
2026-05-02 05:10:46,954 - mmdet - INFO - Exp name: exp8_all.py
2026-05-02 05:10:46,954 - mmdet - INFO - Iter [48000/120000]	lr: 1.000e-04, eta: 1 day, 2:51:44, time: 1.111, data_time: 0.012, memory: 37111, val/mIoU: 0.8000, val/IoU.building: 0.6763, val/IoU.background: 0.9237, val/Pseudo_mIoU: 0.8091, loss_mask: 0.0669, loss_texture: 0.0290, iou: 0.8863, loss: 0.0959
2026-05-02 05:11:14,508 - mmdet - INFO - Iter [48025/120000]	lr: 1.000e-04, eta: 1 day, 2:53:58, time: 5.830, data_time: 4.740, memory: 37111, loss_mask: 0.0584, loss_texture: 0.0254, iou: 0.8940, loss: 0.0838
2026-05-02 05:11:42,232 - mmdet - INFO - Iter [48050/120000]	lr: 1.000e-04, eta: 1 day, 2:53:16, time: 1.109, data_time: 0.012, memory: 37111, loss_mask: 0.0652, loss_texture: 0.0287, iou: 0.9079, loss: 0.0940
2026-05-02 05:12:09,813 - mmdet - INFO - Iter [48075/120000]	lr: 1.000e-04, eta: 1 day, 2:52:33, time: 1.103, data_time: 0.012, memory: 37111, loss_mask: 0.0589, loss_texture: 0.0273, iou: 0.8882, loss: 0.0861
2026-05-02 05:12:37,385 - mmdet - INFO - Iter [48100/120000]	lr: 1.000e-04, eta: 1 day, 2:51:51, time: 1.103, data_time: 0.012, memory: 37111, loss_mask: 0.0570, loss_texture: 0.0238, iou: 0.9143, loss: 0.0808
2026-05-02 05:13:05,105 - mmdet - INFO - Iter [48125/120000]	lr: 1.000e-04, eta: 1 day, 2:51:08, time: 1.109, data_time: 0.013, memory: 37111, loss_mask: 0.0638, loss_texture: 0.0285, iou: 0.8948, loss: 0.0923
2026-05-02 05:13:32,764 - mmdet - INFO - Iter [48150/120000]	lr: 1.000e-04, eta: 1 day, 2:50:26, time: 1.106, data_time: 0.011, memory: 37111, loss_mask: 0.0587, loss_texture: 0.0271, iou: 0.9055, loss: 0.0858
2026-05-02 05:14:00,414 - mmdet - INFO - Iter [48175/120000]	lr: 1.000e-04, eta: 1 day, 2:49:43, time: 1.106, data_time: 0.012, memory: 37111, loss_mask: 0.0641, loss_texture: 0.0283, iou: 0.9031, loss: 0.0924
2026-05-02 05:14:27,994 - mmdet - INFO - Iter [48200/120000]	lr: 1.000e-04, eta: 1 day, 2:49:00, time: 1.103, data_time: 0.012, memory: 37111, loss_mask: 0.0602, loss_texture: 0.0281, iou: 0.9050, loss: 0.0883
2026-05-02 05:14:55,516 - mmdet - INFO - Iter [48225/120000]	lr: 1.000e-04, eta: 1 day, 2:48:18, time: 1.101, data_time: 0.012, memory: 37111, loss_mask: 0.0605, loss_texture: 0.0281, iou: 0.9043, loss: 0.0885
2026-05-02 05:15:24,159 - mmdet - INFO - Iter [48250/120000]	lr: 1.000e-04, eta: 1 day, 2:47:37, time: 1.146, data_time: 0.014, memory: 37111, loss_mask: 0.0586, loss_texture: 0.0271, iou: 0.9038, loss: 0.0857
2026-05-02 05:15:51,849 - mmdet - INFO - Iter [48275/120000]	lr: 1.000e-04, eta: 1 day, 2:46:54, time: 1.108, data_time: 0.012, memory: 37111, loss_mask: 0.0593, loss_texture: 0.0260, iou: 0.9054, loss: 0.0853
2026-05-02 05:16:19,666 - mmdet - INFO - Iter [48300/120000]	lr: 1.000e-04, eta: 1 day, 2:46:12, time: 1.113, data_time: 0.012, memory: 37111, loss_mask: 0.0575, loss_texture: 0.0267, iou: 0.8942, loss: 0.0842
2026-05-02 05:16:47,347 - mmdet - INFO - Iter [48325/120000]	lr: 1.000e-04, eta: 1 day, 2:45:30, time: 1.107, data_time: 0.013, memory: 37111, loss_mask: 0.0553, loss_texture: 0.0254, iou: 0.9082, loss: 0.0806
2026-05-02 05:17:15,048 - mmdet - INFO - Iter [48350/120000]	lr: 1.000e-04, eta: 1 day, 2:44:47, time: 1.108, data_time: 0.012, memory: 37111, loss_mask: 0.0609, loss_texture: 0.0288, iou: 0.8988, loss: 0.0897
2026-05-02 05:17:42,766 - mmdet - INFO - Iter [48375/120000]	lr: 1.000e-04, eta: 1 day, 2:44:05, time: 1.109, data_time: 0.012, memory: 37111, loss_mask: 0.0646, loss_texture: 0.0297, iou: 0.9031, loss: 0.0942
2026-05-02 05:18:10,515 - mmdet - INFO - Iter [48400/120000]	lr: 1.000e-04, eta: 1 day, 2:43:23, time: 1.110, data_time: 0.012, memory: 37111, loss_mask: 0.0642, loss_texture: 0.0291, iou: 0.9044, loss: 0.0934
2026-05-02 05:18:38,112 - mmdet - INFO - Iter [48425/120000]	lr: 1.000e-04, eta: 1 day, 2:42:40, time: 1.104, data_time: 0.012, memory: 37111, loss_mask: 0.0520, loss_texture: 0.0242, iou: 0.9042, loss: 0.0761
2026-05-02 05:19:05,757 - mmdet - INFO - Iter [48450/120000]	lr: 1.000e-04, eta: 1 day, 2:41:58, time: 1.106, data_time: 0.012, memory: 37111, loss_mask: 0.0640, loss_texture: 0.0294, iou: 0.8942, loss: 0.0934
2026-05-02 05:19:33,450 - mmdet - INFO - Iter [48475/120000]	lr: 1.000e-04, eta: 1 day, 2:41:16, time: 1.108, data_time: 0.012, memory: 37111, loss_mask: 0.0568, loss_texture: 0.0269, iou: 0.8823, loss: 0.0837
2026-05-02 05:20:01,202 - mmdet - INFO - 
--- Val evaluation at iter 48500 ---
2026-05-02 05:21:58,960 - mmdet - INFO - 
+------------+-------------+-------------+
| Class      | Val IoU     | Pseudo IoU  |
+------------+-------------+-------------+
| background | 92.52       | 92.68       |
| building   | 68.64       | 69.14       |
| Summary    | mIoU: 80.58 | mIoU: 80.91 |
+------------+-------------+-------------+
Images evaluated: 218
2026-05-02 05:22:00,343 - mmdet - INFO - Iter [48500/120000]	lr: 1.000e-04, eta: 1 day, 2:40:34, time: 1.110, data_time: 0.012, memory: 37111, val/mIoU: 0.8058, val/IoU.building: 0.6864, val/IoU.background: 0.9252, val/Pseudo_mIoU: 0.8091, loss_mask: 0.0637, loss_texture: 0.0292, iou: 0.9056, loss: 0.0929
2026-05-02 05:22:28,072 - mmdet - INFO - Iter [48525/120000]	lr: 1.000e-04, eta: 1 day, 2:42:47, time: 5.875, data_time: 4.778, memory: 37111, loss_mask: 0.0608, loss_texture: 0.0274, iou: 0.8999, loss: 0.0882
2026-05-02 05:22:55,907 - mmdet - INFO - Iter [48550/120000]	lr: 1.000e-04, eta: 1 day, 2:42:05, time: 1.113, data_time: 0.012, memory: 37111, loss_mask: 0.0619, loss_texture: 0.0292, iou: 0.9175, loss: 0.0911
2026-05-02 05:23:23,815 - mmdet - INFO - Iter [48575/120000]	lr: 1.000e-04, eta: 1 day, 2:41:23, time: 1.116, data_time: 0.012, memory: 37111, loss_mask: 0.0560, loss_texture: 0.0269, iou: 0.9075, loss: 0.0829
2026-05-02 05:23:51,570 - mmdet - INFO - Iter [48600/120000]	lr: 1.000e-04, eta: 1 day, 2:40:40, time: 1.110, data_time: 0.012, memory: 37111, loss_mask: 0.0529, loss_texture: 0.0252, iou: 0.9198, loss: 0.0782
2026-05-02 05:24:19,341 - mmdet - INFO - Iter [48625/120000]	lr: 1.000e-04, eta: 1 day, 2:39:58, time: 1.111, data_time: 0.012, memory: 37111, loss_mask: 0.0593, loss_texture: 0.0279, iou: 0.8926, loss: 0.0871
2026-05-02 05:24:47,145 - mmdet - INFO - Iter [48650/120000]	lr: 1.000e-04, eta: 1 day, 2:39:16, time: 1.112, data_time: 0.012, memory: 37111, loss_mask: 0.0549, loss_texture: 0.0268, iou: 0.9077, loss: 0.0816
2026-05-02 05:25:14,799 - mmdet - INFO - Iter [48675/120000]	lr: 1.000e-04, eta: 1 day, 2:38:34, time: 1.106, data_time: 0.012, memory: 37111, loss_mask: 0.0563, loss_texture: 0.0267, iou: 0.8986, loss: 0.0830
2026-05-02 05:25:42,539 - mmdet - INFO - Iter [48700/120000]	lr: 1.000e-04, eta: 1 day, 2:37:51, time: 1.110, data_time: 0.012, memory: 37111, loss_mask: 0.0594, loss_texture: 0.0278, iou: 0.8962, loss: 0.0873
2026-05-02 05:26:10,376 - mmdet - INFO - Iter [48725/120000]	lr: 1.000e-04, eta: 1 day, 2:37:09, time: 1.113, data_time: 0.013, memory: 37111, loss_mask: 0.0529, loss_texture: 0.0252, iou: 0.9190, loss: 0.0780
2026-05-02 05:26:38,225 - mmdet - INFO - Iter [48750/120000]	lr: 1.000e-04, eta: 1 day, 2:36:27, time: 1.114, data_time: 0.012, memory: 37111, loss_mask: 0.0576, loss_texture: 0.0272, iou: 0.9093, loss: 0.0847
2026-05-02 05:27:05,863 - mmdet - INFO - Iter [48775/120000]	lr: 1.000e-04, eta: 1 day, 2:35:45, time: 1.105, data_time: 0.012, memory: 37111, loss_mask: 0.0611, loss_texture: 0.0278, iou: 0.9120, loss: 0.0889
2026-05-02 05:27:33,655 - mmdet - INFO - Iter [48800/120000]	lr: 1.000e-04, eta: 1 day, 2:35:03, time: 1.112, data_time: 0.012, memory: 37111, loss_mask: 0.0576, loss_texture: 0.0262, iou: 0.9110, loss: 0.0838
2026-05-02 05:28:01,341 - mmdet - INFO - Iter [48825/120000]	lr: 1.000e-04, eta: 1 day, 2:34:21, time: 1.107, data_time: 0.013, memory: 37111, loss_mask: 0.0670, loss_texture: 0.0293, iou: 0.8883, loss: 0.0964
2026-05-02 05:28:29,024 - mmdet - INFO - Iter [48850/120000]	lr: 1.000e-04, eta: 1 day, 2:33:38, time: 1.107, data_time: 0.012, memory: 37111, loss_mask: 0.0595, loss_texture: 0.0262, iou: 0.8887, loss: 0.0856
2026-05-02 05:28:56,772 - mmdet - INFO - Iter [48875/120000]	lr: 1.000e-04, eta: 1 day, 2:32:56, time: 1.110, data_time: 0.012, memory: 37111, loss_mask: 0.0604, loss_texture: 0.0275, iou: 0.8912, loss: 0.0879
2026-05-02 05:29:24,433 - mmdet - INFO - Iter [48900/120000]	lr: 1.000e-04, eta: 1 day, 2:32:14, time: 1.106, data_time: 0.012, memory: 37111, loss_mask: 0.0623, loss_texture: 0.0291, iou: 0.9012, loss: 0.0914
2026-05-02 05:29:52,329 - mmdet - INFO - Iter [48925/120000]	lr: 1.000e-04, eta: 1 day, 2:31:32, time: 1.116, data_time: 0.013, memory: 37111, loss_mask: 0.0662, loss_texture: 0.0303, iou: 0.8980, loss: 0.0965
2026-05-02 05:30:20,028 - mmdet - INFO - Iter [48950/120000]	lr: 1.000e-04, eta: 1 day, 2:30:50, time: 1.108, data_time: 0.011, memory: 37111, loss_mask: 0.0687, loss_texture: 0.0302, iou: 0.9003, loss: 0.0989
2026-05-02 05:30:47,804 - mmdet - INFO - Iter [48975/120000]	lr: 1.000e-04, eta: 1 day, 2:30:08, time: 1.111, data_time: 0.012, memory: 37111, loss_mask: 0.0576, loss_texture: 0.0266, iou: 0.9184, loss: 0.0842
2026-05-02 05:31:15,548 - mmdet - INFO - 
--- Val evaluation at iter 49000 ---
2026-05-02 05:33:11,991 - mmdet - INFO - 
+------------+-------------+-------------+
| Class      | Val IoU     | Pseudo IoU  |
+------------+-------------+-------------+
| background | 92.37       | 92.68       |
| building   | 67.59       | 69.14       |
| Summary    | mIoU: 79.98 | mIoU: 80.91 |
+------------+-------------+-------------+
Images evaluated: 218
2026-05-02 05:33:13,344 - mmdet - INFO - Exp name: exp8_all.py
2026-05-02 05:33:13,344 - mmdet - INFO - Iter [49000/120000]	lr: 1.000e-04, eta: 1 day, 2:29:26, time: 1.110, data_time: 0.012, memory: 37111, val/mIoU: 0.7998, val/IoU.building: 0.6759, val/IoU.background: 0.9237, val/Pseudo_mIoU: 0.8091, loss_mask: 0.0616, loss_texture: 0.0282, iou: 0.8971, loss: 0.0897
2026-05-02 05:33:41,074 - mmdet - INFO - Iter [49025/120000]	lr: 1.000e-04, eta: 1 day, 2:31:35, time: 5.821, data_time: 4.725, memory: 37111, loss_mask: 0.0628, loss_texture: 0.0290, iou: 0.9074, loss: 0.0918
2026-05-02 05:34:08,801 - mmdet - INFO - Iter [49050/120000]	lr: 1.000e-04, eta: 1 day, 2:30:52, time: 1.109, data_time: 0.012, memory: 37111, loss_mask: 0.0605, loss_texture: 0.0279, iou: 0.9050, loss: 0.0884
2026-05-02 05:34:36,548 - mmdet - INFO - Iter [49075/120000]	lr: 1.000e-04, eta: 1 day, 2:30:10, time: 1.110, data_time: 0.012, memory: 37111, loss_mask: 0.0556, loss_texture: 0.0266, iou: 0.8943, loss: 0.0822
2026-05-02 05:35:04,391 - mmdet - INFO - Iter [49100/120000]	lr: 1.000e-04, eta: 1 day, 2:29:28, time: 1.114, data_time: 0.012, memory: 37111, loss_mask: 0.0566, loss_texture: 0.0267, iou: 0.9072, loss: 0.0833
2026-05-02 05:35:32,047 - mmdet - INFO - Iter [49125/120000]	lr: 1.000e-04, eta: 1 day, 2:28:46, time: 1.106, data_time: 0.013, memory: 37111, loss_mask: 0.0572, loss_texture: 0.0264, iou: 0.8986, loss: 0.0836
2026-05-02 05:35:59,768 - mmdet - INFO - Iter [49150/120000]	lr: 1.000e-04, eta: 1 day, 2:28:04, time: 1.109, data_time: 0.012, memory: 37111, loss_mask: 0.0616, loss_texture: 0.0287, iou: 0.9036, loss: 0.0903
2026-05-02 05:36:27,480 - mmdet - INFO - Iter [49175/120000]	lr: 1.000e-04, eta: 1 day, 2:27:22, time: 1.108, data_time: 0.012, memory: 37111, loss_mask: 0.0534, loss_texture: 0.0250, iou: 0.9065, loss: 0.0784
2026-05-02 05:36:55,253 - mmdet - INFO - Iter [49200/120000]	lr: 1.000e-04, eta: 1 day, 2:26:40, time: 1.111, data_time: 0.012, memory: 37111, loss_mask: 0.0640, loss_texture: 0.0299, iou: 0.8998, loss: 0.0938
2026-05-02 05:37:22,840 - mmdet - INFO - Iter [49225/120000]	lr: 1.000e-04, eta: 1 day, 2:25:57, time: 1.103, data_time: 0.012, memory: 37111, loss_mask: 0.0602, loss_texture: 0.0282, iou: 0.9114, loss: 0.0883
2026-05-02 05:37:50,628 - mmdet - INFO - Iter [49250/120000]	lr: 1.000e-04, eta: 1 day, 2:25:15, time: 1.111, data_time: 0.012, memory: 37111, loss_mask: 0.0610, loss_texture: 0.0283, iou: 0.8927, loss: 0.0893
2026-05-02 05:38:18,414 - mmdet - INFO - Iter [49275/120000]	lr: 1.000e-04, eta: 1 day, 2:24:33, time: 1.111, data_time: 0.012, memory: 37111, loss_mask: 0.0595, loss_texture: 0.0285, iou: 0.9190, loss: 0.0880
2026-05-02 05:38:46,216 - mmdet - INFO - Iter [49300/120000]	lr: 1.000e-04, eta: 1 day, 2:23:52, time: 1.112, data_time: 0.012, memory: 37111, loss_mask: 0.0590, loss_texture: 0.0287, iou: 0.9051, loss: 0.0878
2026-05-02 05:39:13,957 - mmdet - INFO - Iter [49325/120000]	lr: 1.000e-04, eta: 1 day, 2:23:10, time: 1.110, data_time: 0.013, memory: 37111, loss_mask: 0.0504, loss_texture: 0.0229, iou: 0.9014, loss: 0.0733
2026-05-02 05:39:41,932 - mmdet - INFO - Iter [49350/120000]	lr: 1.000e-04, eta: 1 day, 2:22:28, time: 1.119, data_time: 0.012, memory: 37111, loss_mask: 0.0600, loss_texture: 0.0288, iou: 0.9069, loss: 0.0888
2026-05-02 05:40:09,788 - mmdet - INFO - Iter [49375/120000]	lr: 1.000e-04, eta: 1 day, 2:21:46, time: 1.114, data_time: 0.012, memory: 37111, loss_mask: 0.0516, loss_texture: 0.0240, iou: 0.9087, loss: 0.0757
2026-05-02 05:40:37,356 - mmdet - INFO - Iter [49400/120000]	lr: 1.000e-04, eta: 1 day, 2:21:04, time: 1.103, data_time: 0.012, memory: 37111, loss_mask: 0.0627, loss_texture: 0.0281, iou: 0.9030, loss: 0.0908
2026-05-02 05:41:05,040 - mmdet - INFO - Iter [49425/120000]	lr: 1.000e-04, eta: 1 day, 2:20:22, time: 1.107, data_time: 0.013, memory: 37111, loss_mask: 0.0674, loss_texture: 0.0296, iou: 0.9068, loss: 0.0971
2026-05-02 05:41:32,718 - mmdet - INFO - Iter [49450/120000]	lr: 1.000e-04, eta: 1 day, 2:19:40, time: 1.107, data_time: 0.012, memory: 37111, loss_mask: 0.0580, loss_texture: 0.0263, iou: 0.8931, loss: 0.0844
2026-05-02 05:42:00,479 - mmdet - INFO - Iter [49475/120000]	lr: 1.000e-04, eta: 1 day, 2:18:58, time: 1.110, data_time: 0.012, memory: 37111, loss_mask: 0.0604, loss_texture: 0.0286, iou: 0.9040, loss: 0.0890
2026-05-02 05:42:28,161 - mmdet - INFO - 
--- Val evaluation at iter 49500 ---
2026-05-02 05:44:26,004 - mmdet - INFO - 
+------------+-------------+-------------+
| Class      | Val IoU     | Pseudo IoU  |
+------------+-------------+-------------+
| background | 92.32       | 92.68       |
| building   | 67.10       | 69.14       |
| Summary    | mIoU: 79.71 | mIoU: 80.91 |
+------------+-------------+-------------+
Images evaluated: 218
2026-05-02 05:44:27,399 - mmdet - INFO - Iter [49500/120000]	lr: 1.000e-04, eta: 1 day, 2:18:16, time: 1.107, data_time: 0.012, memory: 37111, val/mIoU: 0.7971, val/IoU.building: 0.6710, val/IoU.background: 0.9232, val/Pseudo_mIoU: 0.8091, loss_mask: 0.0580, loss_texture: 0.0264, iou: 0.9012, loss: 0.0844
2026-05-02 05:44:55,161 - mmdet - INFO - Iter [49525/120000]	lr: 1.000e-04, eta: 1 day, 2:20:24, time: 5.880, data_time: 4.782, memory: 37111, loss_mask: 0.0616, loss_texture: 0.0287, iou: 0.8975, loss: 0.0903
2026-05-02 05:45:22,868 - mmdet - INFO - Iter [49550/120000]	lr: 1.000e-04, eta: 1 day, 2:19:42, time: 1.108, data_time: 0.012, memory: 37111, loss_mask: 0.0507, loss_texture: 0.0236, iou: 0.9017, loss: 0.0743
2026-05-02 05:45:50,745 - mmdet - INFO - Iter [49575/120000]	lr: 1.000e-04, eta: 1 day, 2:19:00, time: 1.115, data_time: 0.012, memory: 37111, loss_mask: 0.0595, loss_texture: 0.0281, iou: 0.9089, loss: 0.0876
2026-05-02 05:46:18,339 - mmdet - INFO - Iter [49600/120000]	lr: 1.000e-04, eta: 1 day, 2:18:18, time: 1.104, data_time: 0.012, memory: 37111, loss_mask: 0.0610, loss_texture: 0.0280, iou: 0.8988, loss: 0.0890
2026-05-02 05:46:45,996 - mmdet - INFO - Iter [49625/120000]	lr: 1.000e-04, eta: 1 day, 2:17:36, time: 1.106, data_time: 0.012, memory: 37111, loss_mask: 0.0561, loss_texture: 0.0266, iou: 0.9110, loss: 0.0827
2026-05-02 05:47:13,580 - mmdet - INFO - Iter [49650/120000]	lr: 1.000e-04, eta: 1 day, 2:16:53, time: 1.103, data_time: 0.012, memory: 37111, loss_mask: 0.0652, loss_texture: 0.0291, iou: 0.8951, loss: 0.0942
2026-05-02 05:47:41,344 - mmdet - INFO - Iter [49675/120000]	lr: 1.000e-04, eta: 1 day, 2:16:11, time: 1.111, data_time: 0.011, memory: 37111, loss_mask: 0.0586, loss_texture: 0.0272, iou: 0.8983, loss: 0.0858
2026-05-02 05:48:09,108 - mmdet - INFO - Iter [49700/120000]	lr: 1.000e-04, eta: 1 day, 2:15:30, time: 1.111, data_time: 0.012, memory: 37111, loss_mask: 0.0614, loss_texture: 0.0282, iou: 0.8949, loss: 0.0896
2026-05-02 05:48:36,814 - mmdet - INFO - Iter [49725/120000]	lr: 1.000e-04, eta: 1 day, 2:14:48, time: 1.108, data_time: 0.012, memory: 37111, loss_mask: 0.0524, loss_texture: 0.0249, iou: 0.9014, loss: 0.0772
2026-05-02 05:49:04,397 - mmdet - INFO - Iter [49750/120000]	lr: 1.000e-04, eta: 1 day, 2:14:05, time: 1.103, data_time: 0.012, memory: 37111, loss_mask: 0.0564, loss_texture: 0.0260, iou: 0.9093, loss: 0.0824
2026-05-02 05:49:32,130 - mmdet - INFO - Iter [49775/120000]	lr: 1.000e-04, eta: 1 day, 2:13:24, time: 1.109, data_time: 0.012, memory: 37111, loss_mask: 0.0614, loss_texture: 0.0285, iou: 0.9047, loss: 0.0899
2026-05-02 05:49:59,797 - mmdet - INFO - Iter [49800/120000]	lr: 1.000e-04, eta: 1 day, 2:12:42, time: 1.107, data_time: 0.012, memory: 37111, loss_mask: 0.0577, loss_texture: 0.0268, iou: 0.9141, loss: 0.0845
2026-05-02 05:50:27,621 - mmdet - INFO - Iter [49825/120000]	lr: 1.000e-04, eta: 1 day, 2:12:00, time: 1.113, data_time: 0.013, memory: 37111, loss_mask: 0.0580, loss_texture: 0.0272, iou: 0.9064, loss: 0.0852
2026-05-02 05:50:55,171 - mmdet - INFO - Iter [49850/120000]	lr: 1.000e-04, eta: 1 day, 2:11:18, time: 1.102, data_time: 0.012, memory: 37111, loss_mask: 0.0463, loss_texture: 0.0215, iou: 0.9100, loss: 0.0678
2026-05-02 05:51:22,825 - mmdet - INFO - Iter [49875/120000]	lr: 1.000e-04, eta: 1 day, 2:10:36, time: 1.106, data_time: 0.011, memory: 37111, loss_mask: 0.0625, loss_texture: 0.0290, iou: 0.9024, loss: 0.0915
2026-05-02 05:51:50,463 - mmdet - INFO - Iter [49900/120000]	lr: 1.000e-04, eta: 1 day, 2:09:54, time: 1.106, data_time: 0.012, memory: 37111, loss_mask: 0.0585, loss_texture: 0.0270, iou: 0.9048, loss: 0.0855
2026-05-02 05:52:18,192 - mmdet - INFO - Iter [49925/120000]	lr: 1.000e-04, eta: 1 day, 2:09:12, time: 1.109, data_time: 0.012, memory: 37111, loss_mask: 0.0613, loss_texture: 0.0287, iou: 0.8930, loss: 0.0900
2026-05-02 05:52:45,971 - mmdet - INFO - Iter [49950/120000]	lr: 1.000e-04, eta: 1 day, 2:08:30, time: 1.111, data_time: 0.012, memory: 37111, loss_mask: 0.0628, loss_texture: 0.0294, iou: 0.9118, loss: 0.0921
2026-05-02 05:53:13,774 - mmdet - INFO - Iter [49975/120000]	lr: 1.000e-04, eta: 1 day, 2:07:49, time: 1.112, data_time: 0.012, memory: 37111, loss_mask: 0.0589, loss_texture: 0.0281, iou: 0.9085, loss: 0.0870
2026-05-02 05:53:41,471 - mmdet - INFO - 
--- Val evaluation at iter 50000 ---
2026-05-02 05:55:37,738 - mmdet - INFO - 
+------------+-------------+-------------+
| Class      | Val IoU     | Pseudo IoU  |
+------------+-------------+-------------+
| background | 92.34       | 92.68       |
| building   | 67.35       | 69.14       |
| Summary    | mIoU: 79.85 | mIoU: 80.91 |
+------------+-------------+-------------+
Images evaluated: 218
2026-05-02 05:55:39,120 - mmdet - INFO - Exp name: exp8_all.py
2026-05-02 05:55:39,120 - mmdet - INFO - Iter [50000/120000]	lr: 1.000e-04, eta: 1 day, 2:07:07, time: 1.108, data_time: 0.012, memory: 37111, val/mIoU: 0.7985, val/IoU.building: 0.6735, val/IoU.background: 0.9234, val/Pseudo_mIoU: 0.8091, loss_mask: 0.0606, loss_texture: 0.0283, iou: 0.9126, loss: 0.0889
2026-05-02 05:56:06,730 - mmdet - INFO - Iter [50025/120000]	lr: 1.000e-04, eta: 1 day, 2:09:09, time: 5.810, data_time: 4.718, memory: 37111, loss_mask: 0.0570, loss_texture: 0.0260, iou: 0.9072, loss: 0.0830
2026-05-02 05:56:34,367 - mmdet - INFO - Iter [50050/120000]	lr: 1.000e-04, eta: 1 day, 2:08:27, time: 1.105, data_time: 0.012, memory: 37111, loss_mask: 0.0596, loss_texture: 0.0279, iou: 0.9027, loss: 0.0875
2026-05-02 05:57:02,020 - mmdet - INFO - Iter [50075/120000]	lr: 1.000e-04, eta: 1 day, 2:07:45, time: 1.106, data_time: 0.012, memory: 37111, loss_mask: 0.0630, loss_texture: 0.0292, iou: 0.9033, loss: 0.0923
2026-05-02 05:57:29,796 - mmdet - INFO - Iter [50100/120000]	lr: 1.000e-04, eta: 1 day, 2:07:04, time: 1.111, data_time: 0.012, memory: 37111, loss_mask: 0.0636, loss_texture: 0.0293, iou: 0.9022, loss: 0.0929
2026-05-02 05:57:57,556 - mmdet - INFO - Iter [50125/120000]	lr: 1.000e-04, eta: 1 day, 2:06:22, time: 1.110, data_time: 0.012, memory: 37111, loss_mask: 0.0516, loss_texture: 0.0244, iou: 0.9030, loss: 0.0760
2026-05-02 05:58:25,424 - mmdet - INFO - Iter [50150/120000]	lr: 1.000e-04, eta: 1 day, 2:05:40, time: 1.115, data_time: 0.011, memory: 37111, loss_mask: 0.0659, loss_texture: 0.0311, iou: 0.9043, loss: 0.0970
2026-05-02 05:58:52,965 - mmdet - INFO - Iter [50175/120000]	lr: 1.000e-04, eta: 1 day, 2:04:58, time: 1.102, data_time: 0.012, memory: 37111, loss_mask: 0.0566, loss_texture: 0.0266, iou: 0.9080, loss: 0.0831
2026-05-02 05:59:20,510 - mmdet - INFO - Iter [50200/120000]	lr: 1.000e-04, eta: 1 day, 2:04:16, time: 1.102, data_time: 0.012, memory: 37111, loss_mask: 0.0567, loss_texture: 0.0263, iou: 0.8904, loss: 0.0830
2026-05-02 05:59:48,257 - mmdet - INFO - Iter [50225/120000]	lr: 1.000e-04, eta: 1 day, 2:03:34, time: 1.110, data_time: 0.013, memory: 37111, loss_mask: 0.0603, loss_texture: 0.0271, iou: 0.9138, loss: 0.0874
2026-05-02 06:00:15,815 - mmdet - INFO - Iter [50250/120000]	lr: 1.000e-04, eta: 1 day, 2:02:52, time: 1.102, data_time: 0.012, memory: 37111, loss_mask: 0.0569, loss_texture: 0.0264, iou: 0.9028, loss: 0.0833
2026-05-02 06:00:43,525 - mmdet - INFO - Iter [50275/120000]	lr: 1.000e-04, eta: 1 day, 2:02:10, time: 1.108, data_time: 0.012, memory: 37111, loss_mask: 0.0597, loss_texture: 0.0274, iou: 0.9012, loss: 0.0872
2026-05-02 06:01:11,244 - mmdet - INFO - Iter [50300/120000]	lr: 1.000e-04, eta: 1 day, 2:01:29, time: 1.109, data_time: 0.012, memory: 37111, loss_mask: 0.0661, loss_texture: 0.0313, iou: 0.9078, loss: 0.0974
2026-05-02 06:01:38,981 - mmdet - INFO - Iter [50325/120000]	lr: 1.000e-04, eta: 1 day, 2:00:47, time: 1.109, data_time: 0.012, memory: 37111, loss_mask: 0.0604, loss_texture: 0.0280, iou: 0.8972, loss: 0.0885
2026-05-02 06:02:06,594 - mmdet - INFO - Iter [50350/120000]	lr: 1.000e-04, eta: 1 day, 2:00:05, time: 1.105, data_time: 0.012, memory: 37111, loss_mask: 0.0610, loss_texture: 0.0254, iou: 0.8794, loss: 0.0864
2026-05-02 06:02:34,271 - mmdet - INFO - Iter [50375/120000]	lr: 1.000e-04, eta: 1 day, 1:59:23, time: 1.107, data_time: 0.012, memory: 37111, loss_mask: 0.0847, loss_texture: 0.0316, iou: 0.8766, loss: 0.1162
2026-05-02 06:03:02,030 - mmdet - INFO - Iter [50400/120000]	lr: 1.000e-04, eta: 1 day, 1:58:42, time: 1.110, data_time: 0.012, memory: 37111, loss_mask: 0.0759, loss_texture: 0.0325, iou: 0.9013, loss: 0.1084
2026-05-02 06:03:29,786 - mmdet - INFO - Iter [50425/120000]	lr: 1.000e-04, eta: 1 day, 1:58:00, time: 1.110, data_time: 0.013, memory: 37111, loss_mask: 0.0822, loss_texture: 0.0298, iou: 0.8626, loss: 0.1121
2026-05-02 06:03:57,447 - mmdet - INFO - Iter [50450/120000]	lr: 1.000e-04, eta: 1 day, 1:57:18, time: 1.106, data_time: 0.012, memory: 37111, loss_mask: 0.0877, loss_texture: 0.0320, iou: 0.8810, loss: 0.1197
2026-05-02 06:04:25,105 - mmdet - INFO - Iter [50475/120000]	lr: 1.000e-04, eta: 1 day, 1:56:36, time: 1.106, data_time: 0.011, memory: 37111, loss_mask: 0.0972, loss_texture: 0.0329, iou: 0.8936, loss: 0.1301
2026-05-02 06:04:52,903 - mmdet - INFO - 
--- Val evaluation at iter 50500 ---
2026-05-02 06:06:49,683 - mmdet - INFO - 
+------------+-------------+-------------+
| Class      | Val IoU     | Pseudo IoU  |
+------------+-------------+-------------+
| background | 92.11       | 92.68       |
| building   | 66.01       | 69.14       |
| Summary    | mIoU: 79.06 | mIoU: 80.91 |
+------------+-------------+-------------+
Images evaluated: 218
2026-05-02 06:06:51,023 - mmdet - INFO - Iter [50500/120000]	lr: 1.000e-04, eta: 1 day, 1:55:55, time: 1.112, data_time: 0.011, memory: 37111, val/mIoU: 0.7906, val/IoU.building: 0.6601, val/IoU.background: 0.9211, val/Pseudo_mIoU: 0.8091, loss_mask: 0.0905, loss_texture: 0.0341, iou: 0.8764, loss: 0.1246
2026-05-02 06:07:18,719 - mmdet - INFO - Iter [50525/120000]	lr: 1.000e-04, eta: 1 day, 1:57:56, time: 5.833, data_time: 4.738, memory: 37111, loss_mask: 0.0660, loss_texture: 0.0283, iou: 0.8882, loss: 0.0943
2026-05-02 06:07:46,467 - mmdet - INFO - Iter [50550/120000]	lr: 1.000e-04, eta: 1 day, 1:57:14, time: 1.110, data_time: 0.012, memory: 37111, loss_mask: 0.0690, loss_texture: 0.0291, iou: 0.8858, loss: 0.0981
2026-05-02 06:08:14,055 - mmdet - INFO - Iter [50575/120000]	lr: 1.000e-04, eta: 1 day, 1:56:32, time: 1.104, data_time: 0.012, memory: 37111, loss_mask: 0.0629, loss_texture: 0.0270, iou: 0.9030, loss: 0.0899
2026-05-02 06:08:41,686 - mmdet - INFO - Iter [50600/120000]	lr: 1.000e-04, eta: 1 day, 1:55:50, time: 1.105, data_time: 0.012, memory: 37111, loss_mask: 0.0618, loss_texture: 0.0282, iou: 0.9151, loss: 0.0900
2026-05-02 06:09:09,446 - mmdet - INFO - Iter [50625/120000]	lr: 1.000e-04, eta: 1 day, 1:55:08, time: 1.110, data_time: 0.012, memory: 37111, loss_mask: 0.0581, loss_texture: 0.0267, iou: 0.8873, loss: 0.0848
2026-05-02 06:09:37,088 - mmdet - INFO - Iter [50650/120000]	lr: 1.000e-04, eta: 1 day, 1:54:27, time: 1.106, data_time: 0.012, memory: 37111, loss_mask: 0.0628, loss_texture: 0.0278, iou: 0.8977, loss: 0.0906
2026-05-02 06:10:04,768 - mmdet - INFO - Iter [50675/120000]	lr: 1.000e-04, eta: 1 day, 1:53:45, time: 1.107, data_time: 0.012, memory: 37111, loss_mask: 0.0600, loss_texture: 0.0271, iou: 0.8918, loss: 0.0871
2026-05-02 06:10:32,504 - mmdet - INFO - Iter [50700/120000]	lr: 1.000e-04, eta: 1 day, 1:53:03, time: 1.109, data_time: 0.012, memory: 37111, loss_mask: 0.0551, loss_texture: 0.0253, iou: 0.8925, loss: 0.0804
2026-05-02 06:11:00,102 - mmdet - INFO - Iter [50725/120000]	lr: 1.000e-04, eta: 1 day, 1:52:21, time: 1.104, data_time: 0.012, memory: 37111, loss_mask: 0.0591, loss_texture: 0.0275, iou: 0.9128, loss: 0.0866
2026-05-02 06:11:27,825 - mmdet - INFO - Iter [50750/120000]	lr: 1.000e-04, eta: 1 day, 1:51:40, time: 1.109, data_time: 0.012, memory: 37111, loss_mask: 0.0599, loss_texture: 0.0278, iou: 0.9145, loss: 0.0877
2026-05-02 06:11:55,549 - mmdet - INFO - Iter [50775/120000]	lr: 1.000e-04, eta: 1 day, 1:50:58, time: 1.109, data_time: 0.012, memory: 37111, loss_mask: 0.0639, loss_texture: 0.0286, iou: 0.9068, loss: 0.0925
2026-05-02 06:12:23,240 - mmdet - INFO - Iter [50800/120000]	lr: 1.000e-04, eta: 1 day, 1:50:16, time: 1.108, data_time: 0.012, memory: 37111, loss_mask: 0.0594, loss_texture: 0.0264, iou: 0.9072, loss: 0.0858
2026-05-02 06:12:51,012 - mmdet - INFO - Iter [50825/120000]	lr: 1.000e-04, eta: 1 day, 1:49:35, time: 1.111, data_time: 0.012, memory: 37111, loss_mask: 0.0586, loss_texture: 0.0264, iou: 0.8872, loss: 0.0850
2026-05-02 06:13:18,818 - mmdet - INFO - Iter [50850/120000]	lr: 1.000e-04, eta: 1 day, 1:48:53, time: 1.112, data_time: 0.012, memory: 37111, loss_mask: 0.0596, loss_texture: 0.0274, iou: 0.9044, loss: 0.0870
2026-05-02 06:13:46,541 - mmdet - INFO - Iter [50875/120000]	lr: 1.000e-04, eta: 1 day, 1:48:12, time: 1.109, data_time: 0.012, memory: 37111, loss_mask: 0.0628, loss_texture: 0.0287, iou: 0.8994, loss: 0.0914
2026-05-02 06:14:14,302 - mmdet - INFO - Iter [50900/120000]	lr: 1.000e-04, eta: 1 day, 1:47:30, time: 1.110, data_time: 0.011, memory: 37111, loss_mask: 0.0546, loss_texture: 0.0258, iou: 0.9004, loss: 0.0804
2026-05-02 06:14:42,077 - mmdet - INFO - Iter [50925/120000]	lr: 1.000e-04, eta: 1 day, 1:46:49, time: 1.111, data_time: 0.012, memory: 37111, loss_mask: 0.0632, loss_texture: 0.0298, iou: 0.9113, loss: 0.0930
2026-05-02 06:15:09,892 - mmdet - INFO - Iter [50950/120000]	lr: 1.000e-04, eta: 1 day, 1:46:07, time: 1.113, data_time: 0.012, memory: 37111, loss_mask: 0.0612, loss_texture: 0.0284, iou: 0.9201, loss: 0.0896
2026-05-02 06:15:37,442 - mmdet - INFO - Iter [50975/120000]	lr: 1.000e-04, eta: 1 day, 1:45:26, time: 1.102, data_time: 0.012, memory: 37111, loss_mask: 0.0534, loss_texture: 0.0247, iou: 0.9046, loss: 0.0781
2026-05-02 06:16:05,028 - mmdet - INFO - 
--- Val evaluation at iter 51000 ---
2026-05-02 06:18:01,208 - mmdet - INFO - 
+------------+-------------+-------------+
| Class      | Val IoU     | Pseudo IoU  |
+------------+-------------+-------------+
| background | 92.43       | 92.68       |
| building   | 68.00       | 69.14       |
| Summary    | mIoU: 80.22 | mIoU: 80.91 |
+------------+-------------+-------------+
Images evaluated: 218
2026-05-02 06:18:02,583 - mmdet - INFO - Exp name: exp8_all.py
2026-05-02 06:18:02,583 - mmdet - INFO - Iter [51000/120000]	lr: 1.000e-04, eta: 1 day, 1:44:44, time: 1.103, data_time: 0.012, memory: 37111, val/mIoU: 0.8022, val/IoU.building: 0.6800, val/IoU.background: 0.9243, val/Pseudo_mIoU: 0.8091, loss_mask: 0.0610, loss_texture: 0.0289, iou: 0.9000, loss: 0.0899
2026-05-02 06:18:30,252 - mmdet - INFO - Iter [51025/120000]	lr: 1.000e-04, eta: 1 day, 1:46:41, time: 5.809, data_time: 4.715, memory: 37111, loss_mask: 0.0604, loss_texture: 0.0281, iou: 0.9041, loss: 0.0885
2026-05-02 06:18:57,791 - mmdet - INFO - Iter [51050/120000]	lr: 1.000e-04, eta: 1 day, 1:45:59, time: 1.102, data_time: 0.012, memory: 37111, loss_mask: 0.0570, loss_texture: 0.0261, iou: 0.8983, loss: 0.0831
2026-05-02 06:19:25,474 - mmdet - INFO - Iter [51075/120000]	lr: 1.000e-04, eta: 1 day, 1:45:18, time: 1.107, data_time: 0.012, memory: 37111, loss_mask: 0.0636, loss_texture: 0.0300, iou: 0.8971, loss: 0.0936
2026-05-02 06:19:53,025 - mmdet - INFO - Iter [51100/120000]	lr: 1.000e-04, eta: 1 day, 1:44:36, time: 1.102, data_time: 0.012, memory: 37111, loss_mask: 0.0559, loss_texture: 0.0258, iou: 0.9036, loss: 0.0818
2026-05-02 06:20:20,689 - mmdet - INFO - Iter [51125/120000]	lr: 1.000e-04, eta: 1 day, 1:43:54, time: 1.107, data_time: 0.012, memory: 37111, loss_mask: 0.0686, loss_texture: 0.0304, iou: 0.8980, loss: 0.0990
2026-05-02 06:20:48,292 - mmdet - INFO - Iter [51150/120000]	lr: 1.000e-04, eta: 1 day, 1:43:12, time: 1.104, data_time: 0.011, memory: 37111, loss_mask: 0.0612, loss_texture: 0.0280, iou: 0.9114, loss: 0.0892
2026-05-02 06:21:15,927 - mmdet - INFO - Iter [51175/120000]	lr: 1.000e-04, eta: 1 day, 1:42:31, time: 1.105, data_time: 0.011, memory: 37111, loss_mask: 0.0595, loss_texture: 0.0265, iou: 0.9066, loss: 0.0860
2026-05-02 06:21:43,681 - mmdet - INFO - Iter [51200/120000]	lr: 1.000e-04, eta: 1 day, 1:41:49, time: 1.110, data_time: 0.012, memory: 37111, loss_mask: 0.0619, loss_texture: 0.0283, iou: 0.8929, loss: 0.0902
2026-05-02 06:22:11,351 - mmdet - INFO - Iter [51225/120000]	lr: 1.000e-04, eta: 1 day, 1:41:08, time: 1.107, data_time: 0.012, memory: 37111, loss_mask: 0.0595, loss_texture: 0.0276, iou: 0.8953, loss: 0.0871
2026-05-02 06:22:38,973 - mmdet - INFO - Iter [51250/120000]	lr: 1.000e-04, eta: 1 day, 1:40:26, time: 1.105, data_time: 0.012, memory: 37111, loss_mask: 0.0687, loss_texture: 0.0301, iou: 0.8862, loss: 0.0988
2026-05-02 06:23:06,712 - mmdet - INFO - Iter [51275/120000]	lr: 1.000e-04, eta: 1 day, 1:39:45, time: 1.110, data_time: 0.012, memory: 37111, loss_mask: 0.0671, loss_texture: 0.0307, iou: 0.8997, loss: 0.0978
2026-05-02 06:23:34,435 - mmdet - INFO - Iter [51300/120000]	lr: 1.000e-04, eta: 1 day, 1:39:03, time: 1.109, data_time: 0.012, memory: 37111, loss_mask: 0.0609, loss_texture: 0.0282, iou: 0.9112, loss: 0.0891
2026-05-02 06:24:02,119 - mmdet - INFO - Iter [51325/120000]	lr: 1.000e-04, eta: 1 day, 1:38:22, time: 1.107, data_time: 0.012, memory: 37111, loss_mask: 0.0598, loss_texture: 0.0275, iou: 0.9077, loss: 0.0874
2026-05-02 06:24:29,659 - mmdet - INFO - Iter [51350/120000]	lr: 1.000e-04, eta: 1 day, 1:37:40, time: 1.102, data_time: 0.012, memory: 37111, loss_mask: 0.0580, loss_texture: 0.0267, iou: 0.8971, loss: 0.0847
2026-05-02 06:24:57,316 - mmdet - INFO - Iter [51375/120000]	lr: 1.000e-04, eta: 1 day, 1:36:58, time: 1.106, data_time: 0.011, memory: 37111, loss_mask: 0.0626, loss_texture: 0.0289, iou: 0.8934, loss: 0.0915
2026-05-02 06:25:24,834 - mmdet - INFO - Iter [51400/120000]	lr: 1.000e-04, eta: 1 day, 1:36:17, time: 1.101, data_time: 0.012, memory: 37111, loss_mask: 0.0598, loss_texture: 0.0277, iou: 0.8898, loss: 0.0875
2026-05-02 06:25:52,438 - mmdet - INFO - Iter [51425/120000]	lr: 1.000e-04, eta: 1 day, 1:35:35, time: 1.104, data_time: 0.012, memory: 37111, loss_mask: 0.0546, loss_texture: 0.0249, iou: 0.9082, loss: 0.0794
2026-05-02 06:26:20,149 - mmdet - INFO - Iter [51450/120000]	lr: 1.000e-04, eta: 1 day, 1:34:54, time: 1.108, data_time: 0.011, memory: 37111, loss_mask: 0.0625, loss_texture: 0.0277, iou: 0.9028, loss: 0.0902
2026-05-02 06:26:47,833 - mmdet - INFO - Iter [51475/120000]	lr: 1.000e-04, eta: 1 day, 1:34:12, time: 1.107, data_time: 0.011, memory: 37111, loss_mask: 0.0559, loss_texture: 0.0264, iou: 0.9082, loss: 0.0823
2026-05-02 06:27:15,509 - mmdet - INFO - 
--- Val evaluation at iter 51500 ---
2026-05-02 06:29:10,787 - mmdet - INFO - 
+------------+-------------+-------------+
| Class      | Val IoU     | Pseudo IoU  |
+------------+-------------+-------------+
| background | 92.39       | 92.68       |
| building   | 67.53       | 69.14       |
| Summary    | mIoU: 79.96 | mIoU: 80.91 |
+------------+-------------+-------------+
Images evaluated: 218
2026-05-02 06:29:12,154 - mmdet - INFO - Iter [51500/120000]	lr: 1.000e-04, eta: 1 day, 1:33:31, time: 1.107, data_time: 0.012, memory: 37111, val/mIoU: 0.7996, val/IoU.building: 0.6753, val/IoU.background: 0.9239, val/Pseudo_mIoU: 0.8091, loss_mask: 0.0651, loss_texture: 0.0309, iou: 0.8976, loss: 0.0960
2026-05-02 06:29:39,882 - mmdet - INFO - Iter [51525/120000]	lr: 1.000e-04, eta: 1 day, 1:35:24, time: 5.775, data_time: 4.678, memory: 37111, loss_mask: 0.0528, loss_texture: 0.0249, iou: 0.9089, loss: 0.0776
2026-05-02 06:30:07,642 - mmdet - INFO - Iter [51550/120000]	lr: 1.000e-04, eta: 1 day, 1:34:43, time: 1.110, data_time: 0.012, memory: 37111, loss_mask: 0.0609, loss_texture: 0.0297, iou: 0.9141, loss: 0.0906
2026-05-02 06:30:35,233 - mmdet - INFO - Iter [51575/120000]	lr: 1.000e-04, eta: 1 day, 1:34:01, time: 1.104, data_time: 0.012, memory: 37111, loss_mask: 0.0530, loss_texture: 0.0236, iou: 0.8803, loss: 0.0765
2026-05-02 06:31:02,747 - mmdet - INFO - Iter [51600/120000]	lr: 1.000e-04, eta: 1 day, 1:33:20, time: 1.101, data_time: 0.012, memory: 37111, loss_mask: 0.0573, loss_texture: 0.0262, iou: 0.8983, loss: 0.0835
2026-05-02 06:31:30,327 - mmdet - INFO - Iter [51625/120000]	lr: 1.000e-04, eta: 1 day, 1:32:38, time: 1.103, data_time: 0.012, memory: 37111, loss_mask: 0.0584, loss_texture: 0.0275, iou: 0.9121, loss: 0.0859
2026-05-02 06:31:58,043 - mmdet - INFO - Iter [51650/120000]	lr: 1.000e-04, eta: 1 day, 1:31:56, time: 1.109, data_time: 0.012, memory: 37111, loss_mask: 0.0619, loss_texture: 0.0289, iou: 0.8905, loss: 0.0908
2026-05-02 06:32:25,868 - mmdet - INFO - Iter [51675/120000]	lr: 1.000e-04, eta: 1 day, 1:31:15, time: 1.113, data_time: 0.012, memory: 37111, loss_mask: 0.0639, loss_texture: 0.0300, iou: 0.9109, loss: 0.0939
2026-05-02 06:32:54,186 - mmdet - INFO - Iter [51700/120000]	lr: 1.000e-04, eta: 1 day, 1:30:35, time: 1.133, data_time: 0.013, memory: 37111, loss_mask: 0.0642, loss_texture: 0.0301, iou: 0.9073, loss: 0.0942
2026-05-02 06:33:22,056 - mmdet - INFO - Iter [51725/120000]	lr: 1.000e-04, eta: 1 day, 1:29:53, time: 1.115, data_time: 0.013, memory: 37111, loss_mask: 0.0522, loss_texture: 0.0246, iou: 0.9119, loss: 0.0768
2026-05-02 06:33:49,692 - mmdet - INFO - Iter [51750/120000]	lr: 1.000e-04, eta: 1 day, 1:29:12, time: 1.105, data_time: 0.012, memory: 37111, loss_mask: 0.0553, loss_texture: 0.0268, iou: 0.9009, loss: 0.0820
2026-05-02 06:34:17,247 - mmdet - INFO - Iter [51775/120000]	lr: 1.000e-04, eta: 1 day, 1:28:30, time: 1.102, data_time: 0.011, memory: 37111, loss_mask: 0.0606, loss_texture: 0.0291, iou: 0.9017, loss: 0.0897
2026-05-02 06:34:44,927 - mmdet - INFO - Iter [51800/120000]	lr: 1.000e-04, eta: 1 day, 1:27:49, time: 1.107, data_time: 0.012, memory: 37111, loss_mask: 0.0567, loss_texture: 0.0267, iou: 0.9092, loss: 0.0833
2026-05-02 06:35:12,435 - mmdet - INFO - Iter [51825/120000]	lr: 1.000e-04, eta: 1 day, 1:27:07, time: 1.100, data_time: 0.012, memory: 37111, loss_mask: 0.0584, loss_texture: 0.0280, iou: 0.9008, loss: 0.0864
2026-05-02 06:35:40,137 - mmdet - INFO - Iter [51850/120000]	lr: 1.000e-04, eta: 1 day, 1:26:26, time: 1.108, data_time: 0.011, memory: 37111, loss_mask: 0.0515, loss_texture: 0.0248, iou: 0.9077, loss: 0.0763
2026-05-02 06:36:07,852 - mmdet - INFO - Iter [51875/120000]	lr: 1.000e-04, eta: 1 day, 1:25:45, time: 1.109, data_time: 0.012, memory: 37111, loss_mask: 0.0596, loss_texture: 0.0283, iou: 0.9178, loss: 0.0879
2026-05-02 06:36:35,515 - mmdet - INFO - Iter [51900/120000]	lr: 1.000e-04, eta: 1 day, 1:25:03, time: 1.107, data_time: 0.012, memory: 37111, loss_mask: 0.0647, loss_texture: 0.0303, iou: 0.8964, loss: 0.0950
2026-05-02 06:37:03,418 - mmdet - INFO - Iter [51925/120000]	lr: 1.000e-04, eta: 1 day, 1:24:22, time: 1.116, data_time: 0.013, memory: 37111, loss_mask: 0.0568, loss_texture: 0.0272, iou: 0.9054, loss: 0.0840
2026-05-02 06:37:31,681 - mmdet - INFO - Iter [51950/120000]	lr: 1.000e-04, eta: 1 day, 1:23:42, time: 1.131, data_time: 0.013, memory: 37111, loss_mask: 0.0573, loss_texture: 0.0264, iou: 0.9020, loss: 0.0837
2026-05-02 06:37:59,302 - mmdet - INFO - Iter [51975/120000]	lr: 1.000e-04, eta: 1 day, 1:23:00, time: 1.105, data_time: 0.012, memory: 37111, loss_mask: 0.0594, loss_texture: 0.0266, iou: 0.8951, loss: 0.0859
2026-05-02 06:38:26,980 - mmdet - INFO - 
--- Val evaluation at iter 52000 ---
2026-05-02 06:40:23,681 - mmdet - INFO - 
+------------+-------------+-------------+
| Class      | Val IoU     | Pseudo IoU  |
+------------+-------------+-------------+
| background | 92.44       | 92.68       |
| building   | 68.07       | 69.14       |
| Summary    | mIoU: 80.26 | mIoU: 80.91 |
+------------+-------------+-------------+
Images evaluated: 218
2026-05-02 06:40:25,050 - mmdet - INFO - Exp name: exp8_all.py
2026-05-02 06:40:25,051 - mmdet - INFO - Iter [52000/120000]	lr: 1.000e-04, eta: 1 day, 1:22:19, time: 1.107, data_time: 0.012, memory: 37111, val/mIoU: 0.8026, val/IoU.building: 0.6807, val/IoU.background: 0.9244, val/Pseudo_mIoU: 0.8091, loss_mask: 0.0621, loss_texture: 0.0291, iou: 0.9113, loss: 0.0912
2026-05-02 06:40:52,558 - mmdet - INFO - Iter [52025/120000]	lr: 1.000e-04, eta: 1 day, 1:24:12, time: 5.823, data_time: 4.735, memory: 37111, loss_mask: 0.0552, loss_texture: 0.0256, iou: 0.9069, loss: 0.0808
2026-05-02 06:41:20,291 - mmdet - INFO - Iter [52050/120000]	lr: 1.000e-04, eta: 1 day, 1:23:30, time: 1.109, data_time: 0.012, memory: 37111, loss_mask: 0.0600, loss_texture: 0.0286, iou: 0.9002, loss: 0.0886
2026-05-02 06:41:48,425 - mmdet - INFO - Iter [52075/120000]	lr: 1.000e-04, eta: 1 day, 1:22:50, time: 1.125, data_time: 0.013, memory: 37111, loss_mask: 0.0661, loss_texture: 0.0300, iou: 0.9110, loss: 0.0961
2026-05-02 06:42:16,399 - mmdet - INFO - Iter [52100/120000]	lr: 1.000e-04, eta: 1 day, 1:22:09, time: 1.119, data_time: 0.013, memory: 37111, loss_mask: 0.0533, loss_texture: 0.0247, iou: 0.9185, loss: 0.0780
2026-05-02 06:42:44,050 - mmdet - INFO - Iter [52125/120000]	lr: 1.000e-04, eta: 1 day, 1:21:27, time: 1.106, data_time: 0.012, memory: 37111, loss_mask: 0.0559, loss_texture: 0.0263, iou: 0.9026, loss: 0.0823
2026-05-02 06:43:11,813 - mmdet - INFO - Iter [52150/120000]	lr: 1.000e-04, eta: 1 day, 1:20:46, time: 1.111, data_time: 0.012, memory: 37111, loss_mask: 0.0638, loss_texture: 0.0299, iou: 0.9004, loss: 0.0937
2026-05-02 06:43:39,288 - mmdet - INFO - Iter [52175/120000]	lr: 1.000e-04, eta: 1 day, 1:20:04, time: 1.099, data_time: 0.011, memory: 37111, loss_mask: 0.0609, loss_texture: 0.0279, iou: 0.8995, loss: 0.0888
2026-05-02 06:44:06,946 - mmdet - INFO - Iter [52200/120000]	lr: 1.000e-04, eta: 1 day, 1:19:23, time: 1.106, data_time: 0.012, memory: 37111, loss_mask: 0.0519, loss_texture: 0.0253, iou: 0.9041, loss: 0.0772
2026-05-02 06:44:34,593 - mmdet - INFO - Iter [52225/120000]	lr: 1.000e-04, eta: 1 day, 1:18:42, time: 1.106, data_time: 0.012, memory: 37111, loss_mask: 0.0598, loss_texture: 0.0277, iou: 0.9101, loss: 0.0875
2026-05-02 06:45:02,246 - mmdet - INFO - Iter [52250/120000]	lr: 1.000e-04, eta: 1 day, 1:18:00, time: 1.106, data_time: 0.012, memory: 37111, loss_mask: 0.0590, loss_texture: 0.0282, iou: 0.8984, loss: 0.0873
2026-05-02 06:45:29,899 - mmdet - INFO - Iter [52275/120000]	lr: 1.000e-04, eta: 1 day, 1:17:19, time: 1.106, data_time: 0.012, memory: 37111, loss_mask: 0.0618, loss_texture: 0.0292, iou: 0.9074, loss: 0.0910
2026-05-02 06:45:57,708 - mmdet - INFO - Iter [52300/120000]	lr: 1.000e-04, eta: 1 day, 1:16:38, time: 1.112, data_time: 0.012, memory: 37111, loss_mask: 0.0595, loss_texture: 0.0276, iou: 0.9117, loss: 0.0871
2026-05-02 06:46:25,333 - mmdet - INFO - Iter [52325/120000]	lr: 1.000e-04, eta: 1 day, 1:15:56, time: 1.105, data_time: 0.012, memory: 37111, loss_mask: 0.0532, loss_texture: 0.0252, iou: 0.8966, loss: 0.0784
2026-05-02 06:46:53,004 - mmdet - INFO - Iter [52350/120000]	lr: 1.000e-04, eta: 1 day, 1:15:15, time: 1.107, data_time: 0.012, memory: 37111, loss_mask: 0.0516, loss_texture: 0.0251, iou: 0.8971, loss: 0.0767
2026-05-02 06:47:20,735 - mmdet - INFO - Iter [52375/120000]	lr: 1.000e-04, eta: 1 day, 1:14:34, time: 1.109, data_time: 0.012, memory: 37111, loss_mask: 0.0558, loss_texture: 0.0264, iou: 0.8924, loss: 0.0821
2026-05-02 06:47:48,598 - mmdet - INFO - Iter [52400/120000]	lr: 1.000e-04, eta: 1 day, 1:13:53, time: 1.115, data_time: 0.012, memory: 37111, loss_mask: 0.0602, loss_texture: 0.0289, iou: 0.9116, loss: 0.0890
2026-05-02 06:48:16,241 - mmdet - INFO - Iter [52425/120000]	lr: 1.000e-04, eta: 1 day, 1:13:12, time: 1.106, data_time: 0.012, memory: 37111, loss_mask: 0.0518, loss_texture: 0.0245, iou: 0.9086, loss: 0.0764
2026-05-02 06:48:43,852 - mmdet - INFO - Iter [52450/120000]	lr: 1.000e-04, eta: 1 day, 1:12:30, time: 1.104, data_time: 0.011, memory: 37111, loss_mask: 0.0587, loss_texture: 0.0276, iou: 0.9168, loss: 0.0863
2026-05-02 06:49:11,517 - mmdet - INFO - Iter [52475/120000]	lr: 1.000e-04, eta: 1 day, 1:11:49, time: 1.107, data_time: 0.012, memory: 37111, loss_mask: 0.0579, loss_texture: 0.0279, iou: 0.9118, loss: 0.0857
2026-05-02 06:49:39,284 - mmdet - INFO - 
--- Val evaluation at iter 52500 ---
2026-05-02 06:51:36,026 - mmdet - INFO - 
+------------+-------------+-------------+
| Class      | Val IoU     | Pseudo IoU  |
+------------+-------------+-------------+
| background | 92.30       | 92.68       |
| building   | 67.05       | 69.14       |
| Summary    | mIoU: 79.67 | mIoU: 80.91 |
+------------+-------------+-------------+
Images evaluated: 218
2026-05-02 06:51:37,391 - mmdet - INFO - Iter [52500/120000]	lr: 1.000e-04, eta: 1 day, 1:11:08, time: 1.111, data_time: 0.012, memory: 37111, val/mIoU: 0.7967, val/IoU.building: 0.6705, val/IoU.background: 0.9230, val/Pseudo_mIoU: 0.8091, loss_mask: 0.0581, loss_texture: 0.0274, iou: 0.9160, loss: 0.0855
2026-05-02 06:52:04,987 - mmdet - INFO - Iter [52525/120000]	lr: 1.000e-04, eta: 1 day, 1:12:59, time: 5.828, data_time: 4.736, memory: 37111, loss_mask: 0.0587, loss_texture: 0.0276, iou: 0.9014, loss: 0.0863
2026-05-02 06:52:32,622 - mmdet - INFO - Iter [52550/120000]	lr: 1.000e-04, eta: 1 day, 1:12:17, time: 1.105, data_time: 0.012, memory: 37111, loss_mask: 0.0582, loss_texture: 0.0273, iou: 0.9108, loss: 0.0855
2026-05-02 06:53:00,285 - mmdet - INFO - Iter [52575/120000]	lr: 1.000e-04, eta: 1 day, 1:11:36, time: 1.107, data_time: 0.012, memory: 37111, loss_mask: 0.0572, loss_texture: 0.0271, iou: 0.8998, loss: 0.0843
2026-05-02 06:53:27,967 - mmdet - INFO - Iter [52600/120000]	lr: 1.000e-04, eta: 1 day, 1:10:55, time: 1.107, data_time: 0.012, memory: 37111, loss_mask: 0.0577, loss_texture: 0.0280, iou: 0.8884, loss: 0.0857
2026-05-02 06:53:55,941 - mmdet - INFO - Iter [52625/120000]	lr: 1.000e-04, eta: 1 day, 1:10:14, time: 1.119, data_time: 0.012, memory: 37111, loss_mask: 0.0540, loss_texture: 0.0267, iou: 0.9207, loss: 0.0807
2026-05-02 06:54:23,684 - mmdet - INFO - Iter [52650/120000]	lr: 1.000e-04, eta: 1 day, 1:09:33, time: 1.110, data_time: 0.011, memory: 37111, loss_mask: 0.0585, loss_texture: 0.0275, iou: 0.9205, loss: 0.0860
2026-05-02 06:54:51,428 - mmdet - INFO - Iter [52675/120000]	lr: 1.000e-04, eta: 1 day, 1:08:52, time: 1.110, data_time: 0.012, memory: 37111, loss_mask: 0.0581, loss_texture: 0.0278, iou: 0.8973, loss: 0.0859
2026-05-02 06:55:19,158 - mmdet - INFO - Iter [52700/120000]	lr: 1.000e-04, eta: 1 day, 1:08:10, time: 1.109, data_time: 0.012, memory: 37111, loss_mask: 0.0591, loss_texture: 0.0272, iou: 0.9122, loss: 0.0863
2026-05-02 06:55:46,803 - mmdet - INFO - Iter [52725/120000]	lr: 1.000e-04, eta: 1 day, 1:07:29, time: 1.106, data_time: 0.012, memory: 37111, loss_mask: 0.0564, loss_texture: 0.0272, iou: 0.9037, loss: 0.0837
2026-05-02 06:56:14,436 - mmdet - INFO - Iter [52750/120000]	lr: 1.000e-04, eta: 1 day, 1:06:48, time: 1.105, data_time: 0.011, memory: 37111, loss_mask: 0.0549, loss_texture: 0.0261, iou: 0.9066, loss: 0.0810
2026-05-02 06:56:42,249 - mmdet - INFO - Iter [52775/120000]	lr: 1.000e-04, eta: 1 day, 1:06:07, time: 1.113, data_time: 0.012, memory: 37111, loss_mask: 0.0523, loss_texture: 0.0244, iou: 0.9154, loss: 0.0767
2026-05-02 06:57:09,944 - mmdet - INFO - Iter [52800/120000]	lr: 1.000e-04, eta: 1 day, 1:05:26, time: 1.108, data_time: 0.012, memory: 37111, loss_mask: 0.0484, loss_texture: 0.0231, iou: 0.9000, loss: 0.0715
2026-05-02 06:57:37,779 - mmdet - INFO - Iter [52825/120000]	lr: 1.000e-04, eta: 1 day, 1:04:45, time: 1.113, data_time: 0.012, memory: 37111, loss_mask: 0.0542, loss_texture: 0.0258, iou: 0.9163, loss: 0.0801
2026-05-02 06:58:05,507 - mmdet - INFO - Iter [52850/120000]	lr: 1.000e-04, eta: 1 day, 1:04:04, time: 1.109, data_time: 0.011, memory: 37111, loss_mask: 0.0514, loss_texture: 0.0247, iou: 0.9014, loss: 0.0761
2026-05-02 06:58:33,224 - mmdet - INFO - Iter [52875/120000]	lr: 1.000e-04, eta: 1 day, 1:03:23, time: 1.109, data_time: 0.012, memory: 37111, loss_mask: 0.0593, loss_texture: 0.0279, iou: 0.8875, loss: 0.0872
2026-05-02 06:59:00,924 - mmdet - INFO - Iter [52900/120000]	lr: 1.000e-04, eta: 1 day, 1:02:42, time: 1.108, data_time: 0.012, memory: 37111, loss_mask: 0.0528, loss_texture: 0.0246, iou: 0.9201, loss: 0.0774
2026-05-02 06:59:28,839 - mmdet - INFO - Iter [52925/120000]	lr: 1.000e-04, eta: 1 day, 1:02:01, time: 1.117, data_time: 0.012, memory: 37111, loss_mask: 0.0612, loss_texture: 0.0284, iou: 0.9073, loss: 0.0896
2026-05-02 06:59:56,608 - mmdet - INFO - Iter [52950/120000]	lr: 1.000e-04, eta: 1 day, 1:01:20, time: 1.111, data_time: 0.012, memory: 37111, loss_mask: 0.0522, loss_texture: 0.0248, iou: 0.9063, loss: 0.0770
2026-05-02 07:00:24,234 - mmdet - INFO - Iter [52975/120000]	lr: 1.000e-04, eta: 1 day, 1:00:39, time: 1.105, data_time: 0.011, memory: 37111, loss_mask: 0.0586, loss_texture: 0.0270, iou: 0.9060, loss: 0.0856
2026-05-02 07:00:51,940 - mmdet - INFO - 
--- Val evaluation at iter 53000 ---
2026-05-02 07:02:47,921 - mmdet - INFO - 
+------------+-------------+-------------+
| Class      | Val IoU     | Pseudo IoU  |
+------------+-------------+-------------+
| background | 92.45       | 92.68       |
| building   | 68.09       | 69.14       |
| Summary    | mIoU: 80.27 | mIoU: 80.91 |
+------------+-------------+-------------+
Images evaluated: 218
2026-05-02 07:02:49,270 - mmdet - INFO - Exp name: exp8_all.py
2026-05-02 07:02:49,270 - mmdet - INFO - Iter [53000/120000]	lr: 1.000e-04, eta: 1 day, 0:59:58, time: 1.108, data_time: 0.012, memory: 37111, val/mIoU: 0.8027, val/IoU.building: 0.6809, val/IoU.background: 0.9245, val/Pseudo_mIoU: 0.8091, loss_mask: 0.0630, loss_texture: 0.0296, iou: 0.9045, loss: 0.0926
2026-05-02 07:03:16,960 - mmdet - INFO - Iter [53025/120000]	lr: 1.000e-04, eta: 1 day, 1:01:45, time: 5.801, data_time: 4.705, memory: 37111, loss_mask: 0.0605, loss_texture: 0.0291, iou: 0.8872, loss: 0.0896
2026-05-02 07:03:44,592 - mmdet - INFO - Iter [53050/120000]	lr: 1.000e-04, eta: 1 day, 1:01:04, time: 1.105, data_time: 0.012, memory: 37111, loss_mask: 0.0492, loss_texture: 0.0229, iou: 0.9024, loss: 0.0721
2026-05-02 07:04:12,475 - mmdet - INFO - Iter [53075/120000]	lr: 1.000e-04, eta: 1 day, 1:00:23, time: 1.115, data_time: 0.012, memory: 37111, loss_mask: 0.0654, loss_texture: 0.0306, iou: 0.9049, loss: 0.0961
2026-05-02 07:04:40,330 - mmdet - INFO - Iter [53100/120000]	lr: 1.000e-04, eta: 1 day, 0:59:42, time: 1.114, data_time: 0.012, memory: 37111, loss_mask: 0.0536, loss_texture: 0.0252, iou: 0.9150, loss: 0.0787
2026-05-02 07:05:08,185 - mmdet - INFO - Iter [53125/120000]	lr: 1.000e-04, eta: 1 day, 0:59:01, time: 1.114, data_time: 0.013, memory: 37111, loss_mask: 0.0598, loss_texture: 0.0287, iou: 0.9129, loss: 0.0884
2026-05-02 07:05:35,601 - mmdet - INFO - Iter [53150/120000]	lr: 1.000e-04, eta: 1 day, 0:58:20, time: 1.097, data_time: 0.012, memory: 37111, loss_mask: 0.0544, loss_texture: 0.0255, iou: 0.9172, loss: 0.0800
2026-05-02 07:06:03,245 - mmdet - INFO - Iter [53175/120000]	lr: 1.000e-04, eta: 1 day, 0:57:39, time: 1.106, data_time: 0.012, memory: 37111, loss_mask: 0.0577, loss_texture: 0.0274, iou: 0.9086, loss: 0.0851
2026-05-02 07:06:30,765 - mmdet - INFO - Iter [53200/120000]	lr: 1.000e-04, eta: 1 day, 0:56:57, time: 1.101, data_time: 0.012, memory: 37111, loss_mask: 0.0596, loss_texture: 0.0276, iou: 0.9181, loss: 0.0872
2026-05-02 07:06:58,388 - mmdet - INFO - Iter [53225/120000]	lr: 1.000e-04, eta: 1 day, 0:56:16, time: 1.105, data_time: 0.012, memory: 37111, loss_mask: 0.0561, loss_texture: 0.0268, iou: 0.9186, loss: 0.0830
2026-05-02 07:07:26,071 - mmdet - INFO - Iter [53250/120000]	lr: 1.000e-04, eta: 1 day, 0:55:35, time: 1.107, data_time: 0.012, memory: 37111, loss_mask: 0.0507, loss_texture: 0.0243, iou: 0.9076, loss: 0.0750
2026-05-02 07:07:53,694 - mmdet - INFO - Iter [53275/120000]	lr: 1.000e-04, eta: 1 day, 0:54:54, time: 1.105, data_time: 0.011, memory: 37111, loss_mask: 0.0542, loss_texture: 0.0252, iou: 0.9046, loss: 0.0794
2026-05-02 07:08:21,429 - mmdet - INFO - Iter [53300/120000]	lr: 1.000e-04, eta: 1 day, 0:54:13, time: 1.109, data_time: 0.012, memory: 37111, loss_mask: 0.0544, loss_texture: 0.0262, iou: 0.8936, loss: 0.0806
2026-05-02 07:08:49,322 - mmdet - INFO - Iter [53325/120000]	lr: 1.000e-04, eta: 1 day, 0:53:32, time: 1.116, data_time: 0.012, memory: 37111, loss_mask: 0.0662, loss_texture: 0.0295, iou: 0.8899, loss: 0.0958
2026-05-02 07:09:17,163 - mmdet - INFO - Iter [53350/120000]	lr: 1.000e-04, eta: 1 day, 0:52:52, time: 1.114, data_time: 0.012, memory: 37111, loss_mask: 0.0646, loss_texture: 0.0304, iou: 0.8860, loss: 0.0950
2026-05-02 07:09:44,783 - mmdet - INFO - Iter [53375/120000]	lr: 1.000e-04, eta: 1 day, 0:52:10, time: 1.105, data_time: 0.012, memory: 37111, loss_mask: 0.0557, loss_texture: 0.0267, iou: 0.9117, loss: 0.0824
2026-05-02 07:10:12,426 - mmdet - INFO - Iter [53400/120000]	lr: 1.000e-04, eta: 1 day, 0:51:29, time: 1.106, data_time: 0.012, memory: 37111, loss_mask: 0.0529, loss_texture: 0.0252, iou: 0.9059, loss: 0.0781
2026-05-02 07:10:39,959 - mmdet - INFO - Iter [53425/120000]	lr: 1.000e-04, eta: 1 day, 0:50:48, time: 1.101, data_time: 0.012, memory: 37111, loss_mask: 0.0632, loss_texture: 0.0289, iou: 0.8918, loss: 0.0920
2026-05-02 07:11:07,695 - mmdet - INFO - Iter [53450/120000]	lr: 1.000e-04, eta: 1 day, 0:50:07, time: 1.109, data_time: 0.012, memory: 37111, loss_mask: 0.0619, loss_texture: 0.0292, iou: 0.9155, loss: 0.0911
2026-05-02 07:11:35,219 - mmdet - INFO - Iter [53475/120000]	lr: 1.000e-04, eta: 1 day, 0:49:26, time: 1.101, data_time: 0.012, memory: 37111, loss_mask: 0.0518, loss_texture: 0.0245, iou: 0.8965, loss: 0.0763
2026-05-02 07:12:03,467 - mmdet - INFO - 
--- Val evaluation at iter 53500 ---
2026-05-02 07:14:01,829 - mmdet - INFO - 
+------------+-------------+-------------+
| Class      | Val IoU     | Pseudo IoU  |
+------------+-------------+-------------+
| background | 92.38       | 92.68       |
| building   | 67.17       | 69.14       |
| Summary    | mIoU: 79.78 | mIoU: 80.91 |
+------------+-------------+-------------+
Images evaluated: 218
2026-05-02 07:14:03,219 - mmdet - INFO - Iter [53500/120000]	lr: 1.000e-04, eta: 1 day, 0:48:46, time: 1.130, data_time: 0.014, memory: 37111, val/mIoU: 0.7978, val/IoU.building: 0.6717, val/IoU.background: 0.9238, val/Pseudo_mIoU: 0.8091, loss_mask: 0.0485, loss_texture: 0.0233, iou: 0.9205, loss: 0.0717
2026-05-02 07:14:30,896 - mmdet - INFO - Iter [53525/120000]	lr: 1.000e-04, eta: 1 day, 0:50:34, time: 5.897, data_time: 4.802, memory: 37111, loss_mask: 0.0582, loss_texture: 0.0278, iou: 0.9094, loss: 0.0860
2026-05-02 07:14:58,469 - mmdet - INFO - Iter [53550/120000]	lr: 1.000e-04, eta: 1 day, 0:49:53, time: 1.103, data_time: 0.012, memory: 37111, loss_mask: 0.0537, loss_texture: 0.0247, iou: 0.9022, loss: 0.0784
2026-05-02 07:15:26,017 - mmdet - INFO - Iter [53575/120000]	lr: 1.000e-04, eta: 1 day, 0:49:12, time: 1.102, data_time: 0.012, memory: 37111, loss_mask: 0.0553, loss_texture: 0.0262, iou: 0.9017, loss: 0.0816
2026-05-02 07:15:53,771 - mmdet - INFO - Iter [53600/120000]	lr: 1.000e-04, eta: 1 day, 0:48:31, time: 1.110, data_time: 0.012, memory: 37111, loss_mask: 0.0612, loss_texture: 0.0291, iou: 0.9096, loss: 0.0903
2026-05-02 07:16:21,403 - mmdet - INFO - Iter [53625/120000]	lr: 1.000e-04, eta: 1 day, 0:47:50, time: 1.105, data_time: 0.012, memory: 37111, loss_mask: 0.0574, loss_texture: 0.0260, iou: 0.9059, loss: 0.0834
2026-05-02 07:16:49,000 - mmdet - INFO - Iter [53650/120000]	lr: 1.000e-04, eta: 1 day, 0:47:09, time: 1.104, data_time: 0.012, memory: 37111, loss_mask: 0.0540, loss_texture: 0.0246, iou: 0.8989, loss: 0.0786
2026-05-02 07:17:16,863 - mmdet - INFO - Iter [53675/120000]	lr: 1.000e-04, eta: 1 day, 0:46:28, time: 1.115, data_time: 0.012, memory: 37111, loss_mask: 0.0571, loss_texture: 0.0266, iou: 0.8946, loss: 0.0836
2026-05-02 07:17:44,753 - mmdet - INFO - Iter [53700/120000]	lr: 1.000e-04, eta: 1 day, 0:45:47, time: 1.116, data_time: 0.012, memory: 37111, loss_mask: 0.0548, loss_texture: 0.0258, iou: 0.9111, loss: 0.0806
2026-05-02 07:18:12,506 - mmdet - INFO - Iter [53725/120000]	lr: 1.000e-04, eta: 1 day, 0:45:06, time: 1.110, data_time: 0.012, memory: 37111, loss_mask: 0.0602, loss_texture: 0.0286, iou: 0.9098, loss: 0.0887
2026-05-02 07:18:40,160 - mmdet - INFO - Iter [53750/120000]	lr: 1.000e-04, eta: 1 day, 0:44:25, time: 1.106, data_time: 0.012, memory: 37111, loss_mask: 0.0589, loss_texture: 0.0281, iou: 0.9070, loss: 0.0870
2026-05-02 07:19:07,746 - mmdet - INFO - Iter [53775/120000]	lr: 1.000e-04, eta: 1 day, 0:43:44, time: 1.103, data_time: 0.012, memory: 37111, loss_mask: 0.0545, loss_texture: 0.0262, iou: 0.9147, loss: 0.0807
2026-05-02 07:19:35,385 - mmdet - INFO - Iter [53800/120000]	lr: 1.000e-04, eta: 1 day, 0:43:03, time: 1.106, data_time: 0.012, memory: 37111, loss_mask: 0.0615, loss_texture: 0.0286, iou: 0.8905, loss: 0.0901
2026-05-02 07:20:03,056 - mmdet - INFO - Iter [53825/120000]	lr: 1.000e-04, eta: 1 day, 0:42:22, time: 1.107, data_time: 0.012, memory: 37111, loss_mask: 0.0505, loss_texture: 0.0239, iou: 0.9042, loss: 0.0744
2026-05-02 07:20:30,828 - mmdet - INFO - Iter [53850/120000]	lr: 1.000e-04, eta: 1 day, 0:41:42, time: 1.111, data_time: 0.012, memory: 37111, loss_mask: 0.0554, loss_texture: 0.0259, iou: 0.9129, loss: 0.0813
2026-05-02 07:20:58,515 - mmdet - INFO - Iter [53875/120000]	lr: 1.000e-04, eta: 1 day, 0:41:01, time: 1.107, data_time: 0.012, memory: 37111, loss_mask: 0.0595, loss_texture: 0.0286, iou: 0.9138, loss: 0.0881
2026-05-02 07:21:26,144 - mmdet - INFO - Iter [53900/120000]	lr: 1.000e-04, eta: 1 day, 0:40:20, time: 1.105, data_time: 0.012, memory: 37111, loss_mask: 0.0584, loss_texture: 0.0282, iou: 0.9044, loss: 0.0866
2026-05-02 07:21:53,728 - mmdet - INFO - Iter [53925/120000]	lr: 1.000e-04, eta: 1 day, 0:39:39, time: 1.103, data_time: 0.012, memory: 37111, loss_mask: 0.0907, loss_texture: 0.0269, iou: 0.9078, loss: 0.1176
2026-05-02 07:22:21,387 - mmdet - INFO - Iter [53950/120000]	lr: 1.000e-04, eta: 1 day, 0:38:58, time: 1.106, data_time: 0.012, memory: 37111, loss_mask: 0.1043, loss_texture: 0.0327, iou: 0.8425, loss: 0.1370
2026-05-02 07:22:48,995 - mmdet - INFO - Iter [53975/120000]	lr: 1.000e-04, eta: 1 day, 0:38:17, time: 1.104, data_time: 0.012, memory: 37111, loss_mask: 0.0955, loss_texture: 0.0335, iou: 0.8682, loss: 0.1290
2026-05-02 07:23:16,680 - mmdet - INFO - 
--- Val evaluation at iter 54000 ---
2026-05-02 07:25:13,972 - mmdet - INFO - 
+------------+-------------+-------------+
| Class      | Val IoU     | Pseudo IoU  |
+------------+-------------+-------------+
| background | 92.17       | 92.68       |
| building   | 66.53       | 69.14       |
| Summary    | mIoU: 79.35 | mIoU: 80.91 |
+------------+-------------+-------------+
Images evaluated: 218
2026-05-02 07:25:15,360 - mmdet - INFO - Exp name: exp8_all.py
2026-05-02 07:25:15,361 - mmdet - INFO - Iter [54000/120000]	lr: 1.000e-04, eta: 1 day, 0:37:36, time: 1.107, data_time: 0.012, memory: 37111, val/mIoU: 0.7935, val/IoU.building: 0.6653, val/IoU.background: 0.9217, val/Pseudo_mIoU: 0.8091, loss_mask: 0.0747, loss_texture: 0.0297, iou: 0.8917, loss: 0.1045
2026-05-02 07:25:42,725 - mmdet - INFO - Iter [54025/120000]	lr: 1.000e-04, eta: 1 day, 0:39:20, time: 5.842, data_time: 4.759, memory: 37111, loss_mask: 0.0708, loss_texture: 0.0295, iou: 0.8782, loss: 0.1003
2026-05-02 07:26:10,351 - mmdet - INFO - Iter [54050/120000]	lr: 1.000e-04, eta: 1 day, 0:38:39, time: 1.105, data_time: 0.012, memory: 37111, loss_mask: 0.0639, loss_texture: 0.0270, iou: 0.8914, loss: 0.0909
2026-05-02 07:26:37,970 - mmdet - INFO - Iter [54075/120000]	lr: 1.000e-04, eta: 1 day, 0:37:58, time: 1.105, data_time: 0.012, memory: 37111, loss_mask: 0.0650, loss_texture: 0.0292, iou: 0.9025, loss: 0.0941
2026-05-02 07:27:05,340 - mmdet - INFO - Iter [54100/120000]	lr: 1.000e-04, eta: 1 day, 0:37:17, time: 1.095, data_time: 0.012, memory: 37111, loss_mask: 0.0563, loss_texture: 0.0254, iou: 0.9033, loss: 0.0817
2026-05-02 07:27:32,883 - mmdet - INFO - Iter [54125/120000]	lr: 1.000e-04, eta: 1 day, 0:36:36, time: 1.102, data_time: 0.012, memory: 37111, loss_mask: 0.0613, loss_texture: 0.0278, iou: 0.8991, loss: 0.0892
2026-05-02 07:28:00,422 - mmdet - INFO - Iter [54150/120000]	lr: 1.000e-04, eta: 1 day, 0:35:55, time: 1.102, data_time: 0.012, memory: 37111, loss_mask: 0.0583, loss_texture: 0.0253, iou: 0.8965, loss: 0.0837
2026-05-02 07:28:28,064 - mmdet - INFO - Iter [54175/120000]	lr: 1.000e-04, eta: 1 day, 0:35:14, time: 1.106, data_time: 0.012, memory: 37111, loss_mask: 0.0686, loss_texture: 0.0312, iou: 0.8979, loss: 0.0998
2026-05-02 07:28:55,750 - mmdet - INFO - Iter [54200/120000]	lr: 1.000e-04, eta: 1 day, 0:34:33, time: 1.107, data_time: 0.012, memory: 37111, loss_mask: 0.0653, loss_texture: 0.0296, iou: 0.8672, loss: 0.0949
2026-05-02 07:29:23,457 - mmdet - INFO - Iter [54225/120000]	lr: 1.000e-04, eta: 1 day, 0:33:52, time: 1.108, data_time: 0.012, memory: 37111, loss_mask: 0.0665, loss_texture: 0.0300, iou: 0.8835, loss: 0.0965
2026-05-02 07:29:51,104 - mmdet - INFO - Iter [54250/120000]	lr: 1.000e-04, eta: 1 day, 0:33:12, time: 1.106, data_time: 0.012, memory: 37111, loss_mask: 0.0572, loss_texture: 0.0258, iou: 0.9055, loss: 0.0829
2026-05-02 07:30:18,798 - mmdet - INFO - Iter [54275/120000]	lr: 1.000e-04, eta: 1 day, 0:32:31, time: 1.108, data_time: 0.012, memory: 37111, loss_mask: 0.0634, loss_texture: 0.0292, iou: 0.9059, loss: 0.0926
2026-05-02 07:30:46,524 - mmdet - INFO - Iter [54300/120000]	lr: 1.000e-04, eta: 1 day, 0:31:50, time: 1.109, data_time: 0.012, memory: 37111, loss_mask: 0.0556, loss_texture: 0.0258, iou: 0.9079, loss: 0.0814
2026-05-02 07:31:14,236 - mmdet - INFO - Iter [54325/120000]	lr: 1.000e-04, eta: 1 day, 0:31:09, time: 1.108, data_time: 0.012, memory: 37111, loss_mask: 0.0618, loss_texture: 0.0274, iou: 0.9108, loss: 0.0892
2026-05-02 07:31:41,873 - mmdet - INFO - Iter [54350/120000]	lr: 1.000e-04, eta: 1 day, 0:30:29, time: 1.105, data_time: 0.011, memory: 37111, loss_mask: 0.0638, loss_texture: 0.0285, iou: 0.9252, loss: 0.0924
2026-05-02 07:32:09,529 - mmdet - INFO - Iter [54375/120000]	lr: 1.000e-04, eta: 1 day, 0:29:48, time: 1.106, data_time: 0.012, memory: 37111, loss_mask: 0.0614, loss_texture: 0.0290, iou: 0.9167, loss: 0.0904
2026-05-02 07:32:37,024 - mmdet - INFO - Iter [54400/120000]	lr: 1.000e-04, eta: 1 day, 0:29:07, time: 1.100, data_time: 0.012, memory: 37111, loss_mask: 0.0635, loss_texture: 0.0285, iou: 0.8910, loss: 0.0920
2026-05-02 07:33:04,811 - mmdet - INFO - Iter [54425/120000]	lr: 1.000e-04, eta: 1 day, 0:28:26, time: 1.111, data_time: 0.012, memory: 37111, loss_mask: 0.0558, loss_texture: 0.0268, iou: 0.9190, loss: 0.0826
2026-05-02 07:33:32,503 - mmdet - INFO - Iter [54450/120000]	lr: 1.000e-04, eta: 1 day, 0:27:46, time: 1.108, data_time: 0.012, memory: 37111, loss_mask: 0.0562, loss_texture: 0.0266, iou: 0.9055, loss: 0.0828
2026-05-02 07:34:01,051 - mmdet - INFO - Iter [54475/120000]	lr: 1.000e-04, eta: 1 day, 0:27:06, time: 1.142, data_time: 0.014, memory: 37111, loss_mask: 0.0666, loss_texture: 0.0306, iou: 0.8949, loss: 0.0972
2026-05-02 07:34:28,879 - mmdet - INFO - 
--- Val evaluation at iter 54500 ---
2026-05-02 07:36:26,807 - mmdet - INFO - 
+------------+-------------+-------------+
| Class      | Val IoU     | Pseudo IoU  |
+------------+-------------+-------------+
| background | 92.46       | 92.68       |
| building   | 68.26       | 69.14       |
| Summary    | mIoU: 80.36 | mIoU: 80.91 |
+------------+-------------+-------------+
Images evaluated: 218
2026-05-02 07:36:28,163 - mmdet - INFO - Iter [54500/120000]	lr: 1.000e-04, eta: 1 day, 0:26:25, time: 1.113, data_time: 0.012, memory: 37111, val/mIoU: 0.8036, val/IoU.building: 0.6826, val/IoU.background: 0.9246, val/Pseudo_mIoU: 0.8091, loss_mask: 0.0607, loss_texture: 0.0286, iou: 0.9090, loss: 0.0893
2026-05-02 07:36:55,852 - mmdet - INFO - Iter [54525/120000]	lr: 1.000e-04, eta: 1 day, 0:28:08, time: 5.879, data_time: 4.783, memory: 37111, loss_mask: 0.0602, loss_texture: 0.0283, iou: 0.8874, loss: 0.0885
2026-05-02 07:37:23,518 - mmdet - INFO - Iter [54550/120000]	lr: 1.000e-04, eta: 1 day, 0:27:27, time: 1.107, data_time: 0.012, memory: 37111, loss_mask: 0.0571, loss_texture: 0.0268, iou: 0.9000, loss: 0.0839
2026-05-02 07:37:51,261 - mmdet - INFO - Iter [54575/120000]	lr: 1.000e-04, eta: 1 day, 0:26:47, time: 1.110, data_time: 0.012, memory: 37111, loss_mask: 0.0513, loss_texture: 0.0249, iou: 0.8931, loss: 0.0762
2026-05-02 07:38:19,071 - mmdet - INFO - Iter [54600/120000]	lr: 1.000e-04, eta: 1 day, 0:26:06, time: 1.112, data_time: 0.012, memory: 37111, loss_mask: 0.0546, loss_texture: 0.0265, iou: 0.8859, loss: 0.0811
2026-05-02 07:38:46,834 - mmdet - INFO - Iter [54625/120000]	lr: 1.000e-04, eta: 1 day, 0:25:25, time: 1.111, data_time: 0.012, memory: 37111, loss_mask: 0.0520, loss_texture: 0.0248, iou: 0.9140, loss: 0.0768
2026-05-02 07:39:14,583 - mmdet - INFO - Iter [54650/120000]	lr: 1.000e-04, eta: 1 day, 0:24:45, time: 1.110, data_time: 0.012, memory: 37111, loss_mask: 0.0519, loss_texture: 0.0246, iou: 0.9225, loss: 0.0765
2026-05-02 07:39:42,256 - mmdet - INFO - Iter [54675/120000]	lr: 1.000e-04, eta: 1 day, 0:24:04, time: 1.107, data_time: 0.012, memory: 37111, loss_mask: 0.0588, loss_texture: 0.0281, iou: 0.9144, loss: 0.0869
2026-05-02 07:40:09,824 - mmdet - INFO - Iter [54700/120000]	lr: 1.000e-04, eta: 1 day, 0:23:23, time: 1.103, data_time: 0.012, memory: 37111, loss_mask: 0.0511, loss_texture: 0.0248, iou: 0.9039, loss: 0.0759
2026-05-02 07:40:37,410 - mmdet - INFO - Iter [54725/120000]	lr: 1.000e-04, eta: 1 day, 0:22:42, time: 1.103, data_time: 0.011, memory: 37111, loss_mask: 0.0578, loss_texture: 0.0273, iou: 0.9077, loss: 0.0851
2026-05-02 07:41:05,078 - mmdet - INFO - Iter [54750/120000]	lr: 1.000e-04, eta: 1 day, 0:22:02, time: 1.107, data_time: 0.012, memory: 37111, loss_mask: 0.0533, loss_texture: 0.0255, iou: 0.8948, loss: 0.0788
2026-05-02 07:41:32,736 - mmdet - INFO - Iter [54775/120000]	lr: 1.000e-04, eta: 1 day, 0:21:21, time: 1.106, data_time: 0.012, memory: 37111, loss_mask: 0.0606, loss_texture: 0.0284, iou: 0.9145, loss: 0.0890
2026-05-02 07:42:00,255 - mmdet - INFO - Iter [54800/120000]	lr: 1.000e-04, eta: 1 day, 0:20:40, time: 1.101, data_time: 0.012, memory: 37111, loss_mask: 0.0585, loss_texture: 0.0279, iou: 0.9152, loss: 0.0864
2026-05-02 07:42:27,863 - mmdet - INFO - Iter [54825/120000]	lr: 1.000e-04, eta: 1 day, 0:19:59, time: 1.104, data_time: 0.012, memory: 37111, loss_mask: 0.0594, loss_texture: 0.0271, iou: 0.8821, loss: 0.0865
2026-05-02 07:42:55,558 - mmdet - INFO - Iter [54850/120000]	lr: 1.000e-04, eta: 1 day, 0:19:19, time: 1.108, data_time: 0.012, memory: 37111, loss_mask: 0.0579, loss_texture: 0.0270, iou: 0.9155, loss: 0.0849
2026-05-02 07:43:23,330 - mmdet - INFO - Iter [54875/120000]	lr: 1.000e-04, eta: 1 day, 0:18:38, time: 1.111, data_time: 0.012, memory: 37111, loss_mask: 0.0591, loss_texture: 0.0283, iou: 0.9113, loss: 0.0875
2026-05-02 07:43:51,050 - mmdet - INFO - Iter [54900/120000]	lr: 1.000e-04, eta: 1 day, 0:17:58, time: 1.109, data_time: 0.012, memory: 37111, loss_mask: 0.0595, loss_texture: 0.0276, iou: 0.9043, loss: 0.0871
2026-05-02 07:44:18,597 - mmdet - INFO - Iter [54925/120000]	lr: 1.000e-04, eta: 1 day, 0:17:17, time: 1.102, data_time: 0.011, memory: 37111, loss_mask: 0.0522, loss_texture: 0.0243, iou: 0.9046, loss: 0.0766
2026-05-02 07:44:46,253 - mmdet - INFO - Iter [54950/120000]	lr: 1.000e-04, eta: 1 day, 0:16:36, time: 1.106, data_time: 0.012, memory: 37111, loss_mask: 0.0613, loss_texture: 0.0285, iou: 0.9013, loss: 0.0898
2026-05-02 07:45:13,810 - mmdet - INFO - Iter [54975/120000]	lr: 1.000e-04, eta: 1 day, 0:15:55, time: 1.102, data_time: 0.012, memory: 37111, loss_mask: 0.0581, loss_texture: 0.0269, iou: 0.9013, loss: 0.0850
2026-05-02 07:45:41,435 - mmdet - INFO - 
--- Val evaluation at iter 55000 ---
2026-05-02 07:47:38,229 - mmdet - INFO - 
+------------+-------------+-------------+
| Class      | Val IoU     | Pseudo IoU  |
+------------+-------------+-------------+
| background | 92.53       | 92.68       |
| building   | 68.51       | 69.14       |
| Summary    | mIoU: 80.52 | mIoU: 80.91 |
+------------+-------------+-------------+
Images evaluated: 218
2026-05-02 07:47:39,610 - mmdet - INFO - Exp name: exp8_all.py
2026-05-02 07:47:39,610 - mmdet - INFO - Iter [55000/120000]	lr: 1.000e-04, eta: 1 day, 0:15:15, time: 1.105, data_time: 0.012, memory: 37111, val/mIoU: 0.8052, val/IoU.building: 0.6851, val/IoU.background: 0.9253, val/Pseudo_mIoU: 0.8091, loss_mask: 0.0626, loss_texture: 0.0282, iou: 0.9105, loss: 0.0908
2026-05-02 07:48:07,380 - mmdet - INFO - Iter [55025/120000]	lr: 1.000e-04, eta: 1 day, 0:16:54, time: 5.838, data_time: 4.739, memory: 37111, loss_mask: 0.0591, loss_texture: 0.0281, iou: 0.8967, loss: 0.0872
2026-05-02 07:48:35,091 - mmdet - INFO - Iter [55050/120000]	lr: 1.000e-04, eta: 1 day, 0:16:13, time: 1.108, data_time: 0.012, memory: 37111, loss_mask: 0.0622, loss_texture: 0.0284, iou: 0.8963, loss: 0.0907
2026-05-02 07:49:02,808 - mmdet - INFO - Iter [55075/120000]	lr: 1.000e-04, eta: 1 day, 0:15:33, time: 1.109, data_time: 0.012, memory: 37111, loss_mask: 0.0629, loss_texture: 0.0292, iou: 0.8885, loss: 0.0921
2026-05-02 07:49:30,529 - mmdet - INFO - Iter [55100/120000]	lr: 1.000e-04, eta: 1 day, 0:14:52, time: 1.109, data_time: 0.011, memory: 37111, loss_mask: 0.0568, loss_texture: 0.0271, iou: 0.9116, loss: 0.0839
2026-05-02 07:49:58,105 - mmdet - INFO - Iter [55125/120000]	lr: 1.000e-04, eta: 1 day, 0:14:11, time: 1.103, data_time: 0.012, memory: 37111, loss_mask: 0.0514, loss_texture: 0.0244, iou: 0.9116, loss: 0.0758
2026-05-02 07:50:25,669 - mmdet - INFO - Iter [55150/120000]	lr: 1.000e-04, eta: 1 day, 0:13:31, time: 1.103, data_time: 0.012, memory: 37111, loss_mask: 0.0532, loss_texture: 0.0248, iou: 0.9003, loss: 0.0780
2026-05-02 07:50:53,397 - mmdet - INFO - Iter [55175/120000]	lr: 1.000e-04, eta: 1 day, 0:12:50, time: 1.109, data_time: 0.013, memory: 37111, loss_mask: 0.0589, loss_texture: 0.0267, iou: 0.9106, loss: 0.0856
2026-05-02 07:51:20,957 - mmdet - INFO - Iter [55200/120000]	lr: 1.000e-04, eta: 1 day, 0:12:09, time: 1.102, data_time: 0.012, memory: 37111, loss_mask: 0.0582, loss_texture: 0.0268, iou: 0.8978, loss: 0.0850
2026-05-02 07:51:49,118 - mmdet - INFO - Iter [55225/120000]	lr: 1.000e-04, eta: 1 day, 0:11:29, time: 1.126, data_time: 0.013, memory: 37111, loss_mask: 0.0586, loss_texture: 0.0266, iou: 0.8899, loss: 0.0852
2026-05-02 07:52:16,987 - mmdet - INFO - Iter [55250/120000]	lr: 1.000e-04, eta: 1 day, 0:10:49, time: 1.115, data_time: 0.012, memory: 37111, loss_mask: 0.0574, loss_texture: 0.0261, iou: 0.9177, loss: 0.0835
2026-05-02 07:52:44,887 - mmdet - INFO - Iter [55275/120000]	lr: 1.000e-04, eta: 1 day, 0:10:09, time: 1.116, data_time: 0.012, memory: 37111, loss_mask: 0.0609, loss_texture: 0.0285, iou: 0.9044, loss: 0.0893
2026-05-02 07:53:12,650 - mmdet - INFO - Iter [55300/120000]	lr: 1.000e-04, eta: 1 day, 0:09:28, time: 1.111, data_time: 0.012, memory: 37111, loss_mask: 0.0531, loss_texture: 0.0256, iou: 0.9074, loss: 0.0787
2026-05-02 07:53:40,339 - mmdet - INFO - Iter [55325/120000]	lr: 1.000e-04, eta: 1 day, 0:08:48, time: 1.108, data_time: 0.012, memory: 37111, loss_mask: 0.0498, loss_texture: 0.0241, iou: 0.9157, loss: 0.0739
2026-05-02 07:54:07,948 - mmdet - INFO - Iter [55350/120000]	lr: 1.000e-04, eta: 1 day, 0:08:07, time: 1.104, data_time: 0.012, memory: 37111, loss_mask: 0.0636, loss_texture: 0.0271, iou: 0.9109, loss: 0.0907
2026-05-02 07:54:35,789 - mmdet - INFO - Iter [55375/120000]	lr: 1.000e-04, eta: 1 day, 0:07:27, time: 1.114, data_time: 0.013, memory: 37111, loss_mask: 0.0640, loss_texture: 0.0275, iou: 0.8776, loss: 0.0915
2026-05-02 07:55:03,527 - mmdet - INFO - Iter [55400/120000]	lr: 1.000e-04, eta: 1 day, 0:06:46, time: 1.110, data_time: 0.012, memory: 37111, loss_mask: 0.0725, loss_texture: 0.0302, iou: 0.8933, loss: 0.1026
2026-05-02 07:55:31,328 - mmdet - INFO - Iter [55425/120000]	lr: 1.000e-04, eta: 1 day, 0:06:06, time: 1.112, data_time: 0.012, memory: 37111, loss_mask: 0.0729, loss_texture: 0.0312, iou: 0.8966, loss: 0.1041
2026-05-02 07:55:58,905 - mmdet - INFO - Iter [55450/120000]	lr: 1.000e-04, eta: 1 day, 0:05:25, time: 1.103, data_time: 0.013, memory: 37111, loss_mask: 0.0490, loss_texture: 0.0214, iou: 0.9007, loss: 0.0704
2026-05-02 07:56:26,529 - mmdet - INFO - Iter [55475/120000]	lr: 1.000e-04, eta: 1 day, 0:04:45, time: 1.105, data_time: 0.012, memory: 37111, loss_mask: 0.0635, loss_texture: 0.0279, iou: 0.9003, loss: 0.0914
2026-05-02 07:56:54,319 - mmdet - INFO - 
--- Val evaluation at iter 55500 ---
2026-05-02 07:58:51,552 - mmdet - INFO - 
+------------+-------------+-------------+
| Class      | Val IoU     | Pseudo IoU  |
+------------+-------------+-------------+
| background | 92.02       | 92.68       |
| building   | 65.32       | 69.14       |
| Summary    | mIoU: 78.67 | mIoU: 80.91 |
+------------+-------------+-------------+
Images evaluated: 218
2026-05-02 07:58:52,937 - mmdet - INFO - Iter [55500/120000]	lr: 1.000e-04, eta: 1 day, 0:04:05, time: 1.112, data_time: 0.012, memory: 37111, val/mIoU: 0.7867, val/IoU.building: 0.6532, val/IoU.background: 0.9202, val/Pseudo_mIoU: 0.8091, loss_mask: 0.0580, loss_texture: 0.0265, iou: 0.8961, loss: 0.0845
2026-05-02 07:59:20,690 - mmdet - INFO - Iter [55525/120000]	lr: 1.000e-04, eta: 1 day, 0:05:42, time: 5.855, data_time: 4.757, memory: 37111, loss_mask: 0.0643, loss_texture: 0.0287, iou: 0.9023, loss: 0.0931
2026-05-02 07:59:48,553 - mmdet - INFO - Iter [55550/120000]	lr: 1.000e-04, eta: 1 day, 0:05:02, time: 1.115, data_time: 0.012, memory: 37111, loss_mask: 0.0619, loss_texture: 0.0287, iou: 0.9090, loss: 0.0905
2026-05-02 08:00:16,457 - mmdet - INFO - Iter [55575/120000]	lr: 1.000e-04, eta: 1 day, 0:04:21, time: 1.116, data_time: 0.013, memory: 37111, loss_mask: 0.0630, loss_texture: 0.0285, iou: 0.9042, loss: 0.0915
2026-05-02 08:00:44,108 - mmdet - INFO - Iter [55600/120000]	lr: 1.000e-04, eta: 1 day, 0:03:41, time: 1.106, data_time: 0.012, memory: 37111, loss_mask: 0.0625, loss_texture: 0.0288, iou: 0.8923, loss: 0.0913
2026-05-02 08:01:11,880 - mmdet - INFO - Iter [55625/120000]	lr: 1.000e-04, eta: 1 day, 0:03:00, time: 1.111, data_time: 0.012, memory: 37111, loss_mask: 0.0545, loss_texture: 0.0253, iou: 0.8980, loss: 0.0798
2026-05-02 08:01:39,456 - mmdet - INFO - Iter [55650/120000]	lr: 1.000e-04, eta: 1 day, 0:02:20, time: 1.103, data_time: 0.012, memory: 37111, loss_mask: 0.0572, loss_texture: 0.0267, iou: 0.9185, loss: 0.0839
2026-05-02 08:02:07,182 - mmdet - INFO - Iter [55675/120000]	lr: 1.000e-04, eta: 1 day, 0:01:39, time: 1.109, data_time: 0.012, memory: 37111, loss_mask: 0.0635, loss_texture: 0.0296, iou: 0.9027, loss: 0.0931
2026-05-02 08:02:34,894 - mmdet - INFO - Iter [55700/120000]	lr: 1.000e-04, eta: 1 day, 0:00:59, time: 1.108, data_time: 0.012, memory: 37111, loss_mask: 0.0599, loss_texture: 0.0282, iou: 0.9097, loss: 0.0880
2026-05-02 08:03:02,462 - mmdet - INFO - Iter [55725/120000]	lr: 1.000e-04, eta: 1 day, 0:00:18, time: 1.103, data_time: 0.012, memory: 37111, loss_mask: 0.0607, loss_texture: 0.0275, iou: 0.8898, loss: 0.0882
2026-05-02 08:03:30,150 - mmdet - INFO - Iter [55750/120000]	lr: 1.000e-04, eta: 23:59:38, time: 1.107, data_time: 0.012, memory: 37111, loss_mask: 0.0607, loss_texture: 0.0279, iou: 0.9184, loss: 0.0886
2026-05-02 08:03:57,730 - mmdet - INFO - Iter [55775/120000]	lr: 1.000e-04, eta: 23:58:57, time: 1.103, data_time: 0.013, memory: 37111, loss_mask: 0.0506, loss_texture: 0.0243, iou: 0.9116, loss: 0.0749
2026-05-02 08:04:25,388 - mmdet - INFO - Iter [55800/120000]	lr: 1.000e-04, eta: 23:58:17, time: 1.106, data_time: 0.012, memory: 37111, loss_mask: 0.0624, loss_texture: 0.0279, iou: 0.8937, loss: 0.0903
2026-05-02 08:04:52,969 - mmdet - INFO - Iter [55825/120000]	lr: 1.000e-04, eta: 23:57:36, time: 1.103, data_time: 0.012, memory: 37111, loss_mask: 0.0580, loss_texture: 0.0276, iou: 0.8959, loss: 0.0856
2026-05-02 08:05:20,526 - mmdet - INFO - Iter [55850/120000]	lr: 1.000e-04, eta: 23:56:56, time: 1.102, data_time: 0.012, memory: 37111, loss_mask: 0.0541, loss_texture: 0.0255, iou: 0.9044, loss: 0.0796
2026-05-02 08:05:48,056 - mmdet - INFO - Iter [55875/120000]	lr: 1.000e-04, eta: 23:56:15, time: 1.101, data_time: 0.012, memory: 37111, loss_mask: 0.0528, loss_texture: 0.0253, iou: 0.9022, loss: 0.0781
2026-05-02 08:06:15,661 - mmdet - INFO - Iter [55900/120000]	lr: 1.000e-04, eta: 23:55:35, time: 1.104, data_time: 0.012, memory: 37111, loss_mask: 0.0554, loss_texture: 0.0266, iou: 0.9183, loss: 0.0820
2026-05-02 08:06:43,259 - mmdet - INFO - Iter [55925/120000]	lr: 1.000e-04, eta: 23:54:54, time: 1.104, data_time: 0.012, memory: 37111, loss_mask: 0.0489, loss_texture: 0.0234, iou: 0.9109, loss: 0.0723
2026-05-02 08:07:11,104 - mmdet - INFO - Iter [55950/120000]	lr: 1.000e-04, eta: 23:54:14, time: 1.114, data_time: 0.012, memory: 37111, loss_mask: 0.0635, loss_texture: 0.0311, iou: 0.9045, loss: 0.0946
2026-05-02 08:07:38,975 - mmdet - INFO - Iter [55975/120000]	lr: 1.000e-04, eta: 23:53:34, time: 1.115, data_time: 0.013, memory: 37111, loss_mask: 0.0508, loss_texture: 0.0244, iou: 0.9127, loss: 0.0752
2026-05-02 08:08:06,786 - mmdet - INFO - 
--- Val evaluation at iter 56000 ---
2026-05-02 08:10:04,397 - mmdet - INFO - 
+------------+-------------+-------------+
| Class      | Val IoU     | Pseudo IoU  |
+------------+-------------+-------------+
| background | 92.29       | 92.68       |
| building   | 66.80       | 69.14       |
| Summary    | mIoU: 79.55 | mIoU: 80.91 |
+------------+-------------+-------------+
Images evaluated: 218
2026-05-02 08:10:05,763 - mmdet - INFO - Exp name: exp8_all.py
2026-05-02 08:10:05,763 - mmdet - INFO - Iter [56000/120000]	lr: 1.000e-04, eta: 23:52:54, time: 1.112, data_time: 0.012, memory: 37111, val/mIoU: 0.7955, val/IoU.building: 0.6680, val/IoU.background: 0.9229, val/Pseudo_mIoU: 0.8091, loss_mask: 0.0611, loss_texture: 0.0286, iou: 0.9077, loss: 0.0897
2026-05-02 08:10:33,318 - mmdet - INFO - Iter [56025/120000]	lr: 1.000e-04, eta: 23:54:29, time: 5.861, data_time: 4.771, memory: 37111, loss_mask: 0.0507, loss_texture: 0.0236, iou: 0.8989, loss: 0.0743
2026-05-02 08:11:00,990 - mmdet - INFO - Iter [56050/120000]	lr: 1.000e-04, eta: 23:53:49, time: 1.107, data_time: 0.012, memory: 37111, loss_mask: 0.0589, loss_texture: 0.0274, iou: 0.8949, loss: 0.0863
2026-05-02 08:11:28,623 - mmdet - INFO - Iter [56075/120000]	lr: 1.000e-04, eta: 23:53:08, time: 1.105, data_time: 0.012, memory: 37111, loss_mask: 0.0614, loss_texture: 0.0288, iou: 0.9076, loss: 0.0902
2026-05-02 08:11:56,301 - mmdet - INFO - Iter [56100/120000]	lr: 1.000e-04, eta: 23:52:28, time: 1.107, data_time: 0.012, memory: 37111, loss_mask: 0.0638, loss_texture: 0.0299, iou: 0.9047, loss: 0.0937
2026-05-02 08:12:23,936 - mmdet - INFO - Iter [56125/120000]	lr: 1.000e-04, eta: 23:51:47, time: 1.105, data_time: 0.012, memory: 37111, loss_mask: 0.0597, loss_texture: 0.0282, iou: 0.9054, loss: 0.0879
2026-05-02 08:12:51,675 - mmdet - INFO - Iter [56150/120000]	lr: 1.000e-04, eta: 23:51:07, time: 1.110, data_time: 0.012, memory: 37111, loss_mask: 0.0633, loss_texture: 0.0298, iou: 0.9125, loss: 0.0931
2026-05-02 08:13:19,298 - mmdet - INFO - Iter [56175/120000]	lr: 1.000e-04, eta: 23:50:27, time: 1.105, data_time: 0.012, memory: 37111, loss_mask: 0.0578, loss_texture: 0.0260, iou: 0.9025, loss: 0.0838
2026-05-02 08:13:46,942 - mmdet - INFO - Iter [56200/120000]	lr: 1.000e-04, eta: 23:49:46, time: 1.106, data_time: 0.012, memory: 37111, loss_mask: 0.0548, loss_texture: 0.0258, iou: 0.9185, loss: 0.0806
2026-05-02 08:14:14,471 - mmdet - INFO - Iter [56225/120000]	lr: 1.000e-04, eta: 23:49:06, time: 1.101, data_time: 0.012, memory: 37111, loss_mask: 0.0549, loss_texture: 0.0267, iou: 0.8968, loss: 0.0816
2026-05-02 08:14:42,032 - mmdet - INFO - Iter [56250/120000]	lr: 1.000e-04, eta: 23:48:25, time: 1.102, data_time: 0.012, memory: 37111, loss_mask: 0.0554, loss_texture: 0.0265, iou: 0.9102, loss: 0.0819
2026-05-02 08:15:09,655 - mmdet - INFO - Iter [56275/120000]	lr: 1.000e-04, eta: 23:47:45, time: 1.105, data_time: 0.012, memory: 37111, loss_mask: 0.0500, loss_texture: 0.0240, iou: 0.9039, loss: 0.0740
2026-05-02 08:15:37,363 - mmdet - INFO - Iter [56300/120000]	lr: 1.000e-04, eta: 23:47:05, time: 1.108, data_time: 0.012, memory: 37111, loss_mask: 0.0609, loss_texture: 0.0282, iou: 0.9172, loss: 0.0891
2026-05-02 08:16:04,879 - mmdet - INFO - Iter [56325/120000]	lr: 1.000e-04, eta: 23:46:24, time: 1.101, data_time: 0.012, memory: 37111, loss_mask: 0.0564, loss_texture: 0.0265, iou: 0.9003, loss: 0.0829
2026-05-02 08:16:32,537 - mmdet - INFO - Iter [56350/120000]	lr: 1.000e-04, eta: 23:45:44, time: 1.106, data_time: 0.012, memory: 37111, loss_mask: 0.0600, loss_texture: 0.0276, iou: 0.8904, loss: 0.0877
2026-05-02 08:17:00,205 - mmdet - INFO - Iter [56375/120000]	lr: 1.000e-04, eta: 23:45:04, time: 1.107, data_time: 0.012, memory: 37111, loss_mask: 0.0626, loss_texture: 0.0291, iou: 0.9110, loss: 0.0918
2026-05-02 08:17:27,822 - mmdet - INFO - Iter [56400/120000]	lr: 1.000e-04, eta: 23:44:23, time: 1.105, data_time: 0.012, memory: 37111, loss_mask: 0.0548, loss_texture: 0.0251, iou: 0.9012, loss: 0.0799
2026-05-02 08:17:55,338 - mmdet - INFO - Iter [56425/120000]	lr: 1.000e-04, eta: 23:43:43, time: 1.101, data_time: 0.012, memory: 37111, loss_mask: 0.0553, loss_texture: 0.0257, iou: 0.9124, loss: 0.0810
2026-05-02 08:18:22,801 - mmdet - INFO - Iter [56450/120000]	lr: 1.000e-04, eta: 23:43:02, time: 1.099, data_time: 0.012, memory: 37111, loss_mask: 0.0577, loss_texture: 0.0266, iou: 0.9142, loss: 0.0842
2026-05-02 08:18:50,577 - mmdet - INFO - Iter [56475/120000]	lr: 1.000e-04, eta: 23:42:22, time: 1.111, data_time: 0.013, memory: 37111, loss_mask: 0.0571, loss_texture: 0.0269, iou: 0.8984, loss: 0.0840
2026-05-02 08:19:18,231 - mmdet - INFO - 
--- Val evaluation at iter 56500 ---
2026-05-02 08:21:14,429 - mmdet - INFO - 
+------------+-------------+-------------+
| Class      | Val IoU     | Pseudo IoU  |
+------------+-------------+-------------+
| background | 92.19       | 92.68       |
| building   | 66.44       | 69.14       |
| Summary    | mIoU: 79.32 | mIoU: 80.91 |
+------------+-------------+-------------+
Images evaluated: 218
2026-05-02 08:21:15,813 - mmdet - INFO - Iter [56500/120000]	lr: 1.000e-04, eta: 23:41:42, time: 1.106, data_time: 0.012, memory: 37111, val/mIoU: 0.7932, val/IoU.building: 0.6644, val/IoU.background: 0.9219, val/Pseudo_mIoU: 0.8091, loss_mask: 0.0566, loss_texture: 0.0266, iou: 0.9068, loss: 0.0833
2026-05-02 08:21:43,456 - mmdet - INFO - Iter [56525/120000]	lr: 1.000e-04, eta: 23:43:14, time: 5.809, data_time: 4.715, memory: 37111, loss_mask: 0.0624, loss_texture: 0.0292, iou: 0.8936, loss: 0.0916
2026-05-02 08:22:11,284 - mmdet - INFO - Iter [56550/120000]	lr: 1.000e-04, eta: 23:42:34, time: 1.113, data_time: 0.012, memory: 37111, loss_mask: 0.0659, loss_texture: 0.0292, iou: 0.8987, loss: 0.0951
2026-05-02 08:22:38,939 - mmdet - INFO - Iter [56575/120000]	lr: 1.000e-04, eta: 23:41:53, time: 1.106, data_time: 0.012, memory: 37111, loss_mask: 0.0660, loss_texture: 0.0303, iou: 0.8961, loss: 0.0963
2026-05-02 08:23:06,564 - mmdet - INFO - Iter [56600/120000]	lr: 1.000e-04, eta: 23:41:13, time: 1.105, data_time: 0.012, memory: 37111, loss_mask: 0.0554, loss_texture: 0.0258, iou: 0.9087, loss: 0.0812
2026-05-02 08:23:34,185 - mmdet - INFO - Iter [56625/120000]	lr: 1.000e-04, eta: 23:40:33, time: 1.105, data_time: 0.011, memory: 37111, loss_mask: 0.0510, loss_texture: 0.0245, iou: 0.9010, loss: 0.0756
2026-05-02 08:24:01,869 - mmdet - INFO - Iter [56650/120000]	lr: 1.000e-04, eta: 23:39:52, time: 1.107, data_time: 0.012, memory: 37111, loss_mask: 0.0606, loss_texture: 0.0293, iou: 0.9045, loss: 0.0899
2026-05-02 08:24:29,734 - mmdet - INFO - Iter [56675/120000]	lr: 1.000e-04, eta: 23:39:12, time: 1.115, data_time: 0.012, memory: 37111, loss_mask: 0.0579, loss_texture: 0.0273, iou: 0.9017, loss: 0.0852
2026-05-02 08:24:57,260 - mmdet - INFO - Iter [56700/120000]	lr: 1.000e-04, eta: 23:38:32, time: 1.101, data_time: 0.012, memory: 37111, loss_mask: 0.0555, loss_texture: 0.0253, iou: 0.8862, loss: 0.0808
2026-05-02 08:25:24,890 - mmdet - INFO - Iter [56725/120000]	lr: 1.000e-04, eta: 23:37:52, time: 1.105, data_time: 0.012, memory: 37111, loss_mask: 0.0567, loss_texture: 0.0269, iou: 0.9074, loss: 0.0836
2026-05-02 08:25:52,547 - mmdet - INFO - Iter [56750/120000]	lr: 1.000e-04, eta: 23:37:11, time: 1.106, data_time: 0.012, memory: 37111, loss_mask: 0.0599, loss_texture: 0.0283, iou: 0.9132, loss: 0.0883
2026-05-02 08:26:20,005 - mmdet - INFO - Iter [56775/120000]	lr: 1.000e-04, eta: 23:36:31, time: 1.098, data_time: 0.013, memory: 37111, loss_mask: 0.0541, loss_texture: 0.0255, iou: 0.9243, loss: 0.0796
2026-05-02 08:26:47,634 - mmdet - INFO - Iter [56800/120000]	lr: 1.000e-04, eta: 23:35:51, time: 1.105, data_time: 0.012, memory: 37111, loss_mask: 0.0563, loss_texture: 0.0266, iou: 0.8966, loss: 0.0830
2026-05-02 08:27:15,414 - mmdet - INFO - Iter [56825/120000]	lr: 1.000e-04, eta: 23:35:10, time: 1.111, data_time: 0.012, memory: 37111, loss_mask: 0.0632, loss_texture: 0.0295, iou: 0.9182, loss: 0.0927
2026-05-02 08:27:43,035 - mmdet - INFO - Iter [56850/120000]	lr: 1.000e-04, eta: 23:34:30, time: 1.105, data_time: 0.012, memory: 37111, loss_mask: 0.0656, loss_texture: 0.0313, iou: 0.8985, loss: 0.0970
2026-05-02 08:28:10,538 - mmdet - INFO - Iter [56875/120000]	lr: 1.000e-04, eta: 23:33:50, time: 1.100, data_time: 0.012, memory: 37111, loss_mask: 0.0539, loss_texture: 0.0258, iou: 0.9082, loss: 0.0796
2026-05-02 08:28:38,173 - mmdet - INFO - Iter [56900/120000]	lr: 1.000e-04, eta: 23:33:10, time: 1.105, data_time: 0.012, memory: 37111, loss_mask: 0.0530, loss_texture: 0.0248, iou: 0.9182, loss: 0.0779
2026-05-02 08:29:05,805 - mmdet - INFO - Iter [56925/120000]	lr: 1.000e-04, eta: 23:32:29, time: 1.105, data_time: 0.012, memory: 37111, loss_mask: 0.0454, loss_texture: 0.0224, iou: 0.9000, loss: 0.0678
2026-05-02 08:29:33,397 - mmdet - INFO - Iter [56950/120000]	lr: 1.000e-04, eta: 23:31:49, time: 1.104, data_time: 0.012, memory: 37111, loss_mask: 0.0511, loss_texture: 0.0245, iou: 0.9035, loss: 0.0756
2026-05-02 08:30:00,980 - mmdet - INFO - Iter [56975/120000]	lr: 1.000e-04, eta: 23:31:09, time: 1.103, data_time: 0.012, memory: 37111, loss_mask: 0.0576, loss_texture: 0.0274, iou: 0.9122, loss: 0.0850
2026-05-02 08:30:28,570 - mmdet - INFO - 
--- Val evaluation at iter 57000 ---
2026-05-02 08:32:24,847 - mmdet - INFO - 
+------------+-------------+-------------+
| Class      | Val IoU     | Pseudo IoU  |
+------------+-------------+-------------+
| background | 92.28       | 92.68       |
| building   | 66.67       | 69.14       |
| Summary    | mIoU: 79.47 | mIoU: 80.91 |
+------------+-------------+-------------+
Images evaluated: 218
2026-05-02 08:32:26,217 - mmdet - INFO - Exp name: exp8_all.py
2026-05-02 08:32:26,217 - mmdet - INFO - Iter [57000/120000]	lr: 1.000e-04, eta: 23:30:29, time: 1.104, data_time: 0.011, memory: 37111, val/mIoU: 0.7947, val/IoU.building: 0.6667, val/IoU.background: 0.9228, val/Pseudo_mIoU: 0.8091, loss_mask: 0.0597, loss_texture: 0.0274, iou: 0.8979, loss: 0.0872
2026-05-02 08:32:53,833 - mmdet - INFO - Iter [57025/120000]	lr: 1.000e-04, eta: 23:31:59, time: 5.811, data_time: 4.718, memory: 37111, loss_mask: 0.1123, loss_texture: 0.0327, iou: 0.8732, loss: 0.1449
2026-05-02 08:33:21,431 - mmdet - INFO - Iter [57050/120000]	lr: 1.000e-04, eta: 23:31:18, time: 1.104, data_time: 0.012, memory: 37111, loss_mask: 0.1053, loss_texture: 0.0356, iou: 0.8636, loss: 0.1409
2026-05-02 08:33:48,993 - mmdet - INFO - Iter [57075/120000]	lr: 1.000e-04, eta: 23:30:38, time: 1.103, data_time: 0.012, memory: 37111, loss_mask: 0.0944, loss_texture: 0.0286, iou: 0.8652, loss: 0.1230
2026-05-02 08:34:16,777 - mmdet - INFO - Iter [57100/120000]	lr: 1.000e-04, eta: 23:29:58, time: 1.111, data_time: 0.011, memory: 37111, loss_mask: 0.0824, loss_texture: 0.0324, iou: 0.8911, loss: 0.1148
2026-05-02 08:34:44,479 - mmdet - INFO - Iter [57125/120000]	lr: 1.000e-04, eta: 23:29:18, time: 1.108, data_time: 0.012, memory: 37111, loss_mask: 0.0702, loss_texture: 0.0295, iou: 0.8883, loss: 0.0997
2026-05-02 08:35:12,028 - mmdet - INFO - Iter [57150/120000]	lr: 1.000e-04, eta: 23:28:37, time: 1.102, data_time: 0.012, memory: 37111, loss_mask: 0.0673, loss_texture: 0.0303, iou: 0.8962, loss: 0.0976
2026-05-02 08:35:39,664 - mmdet - INFO - Iter [57175/120000]	lr: 1.000e-04, eta: 23:27:57, time: 1.105, data_time: 0.012, memory: 37111, loss_mask: 0.0590, loss_texture: 0.0262, iou: 0.8781, loss: 0.0852
2026-05-02 08:36:07,220 - mmdet - INFO - Iter [57200/120000]	lr: 1.000e-04, eta: 23:27:17, time: 1.102, data_time: 0.012, memory: 37111, loss_mask: 0.0523, loss_texture: 0.0230, iou: 0.9163, loss: 0.0752
2026-05-02 08:36:34,785 - mmdet - INFO - Iter [57225/120000]	lr: 1.000e-04, eta: 23:26:37, time: 1.103, data_time: 0.012, memory: 37111, loss_mask: 0.0682, loss_texture: 0.0300, iou: 0.8971, loss: 0.0982
2026-05-02 08:37:02,294 - mmdet - INFO - Iter [57250/120000]	lr: 1.000e-04, eta: 23:25:56, time: 1.100, data_time: 0.012, memory: 37111, loss_mask: 0.0571, loss_texture: 0.0257, iou: 0.9150, loss: 0.0828
2026-05-02 08:37:29,956 - mmdet - INFO - Iter [57275/120000]	lr: 1.000e-04, eta: 23:25:16, time: 1.106, data_time: 0.012, memory: 37111, loss_mask: 0.0736, loss_texture: 0.0328, iou: 0.9038, loss: 0.1064
2026-05-02 08:37:57,577 - mmdet - INFO - Iter [57300/120000]	lr: 1.000e-04, eta: 23:24:36, time: 1.105, data_time: 0.012, memory: 37111, loss_mask: 0.0553, loss_texture: 0.0261, iou: 0.8886, loss: 0.0814
2026-05-02 08:38:25,680 - mmdet - INFO - Iter [57325/120000]	lr: 1.000e-04, eta: 23:23:56, time: 1.124, data_time: 0.012, memory: 37111, loss_mask: 0.0572, loss_texture: 0.0264, iou: 0.9180, loss: 0.0836
2026-05-02 08:38:53,886 - mmdet - INFO - Iter [57350/120000]	lr: 1.000e-04, eta: 23:23:17, time: 1.128, data_time: 0.013, memory: 37111, loss_mask: 0.0567, loss_texture: 0.0261, iou: 0.8966, loss: 0.0828
2026-05-02 08:39:21,547 - mmdet - INFO - Iter [57375/120000]	lr: 1.000e-04, eta: 23:22:37, time: 1.106, data_time: 0.012, memory: 37111, loss_mask: 0.0607, loss_texture: 0.0279, iou: 0.8897, loss: 0.0886
2026-05-02 08:39:49,089 - mmdet - INFO - Iter [57400/120000]	lr: 1.000e-04, eta: 23:21:57, time: 1.102, data_time: 0.012, memory: 37111, loss_mask: 0.0618, loss_texture: 0.0288, iou: 0.9113, loss: 0.0906
2026-05-02 08:40:16,703 - mmdet - INFO - Iter [57425/120000]	lr: 1.000e-04, eta: 23:21:17, time: 1.105, data_time: 0.012, memory: 37111, loss_mask: 0.0530, loss_texture: 0.0240, iou: 0.8932, loss: 0.0769
2026-05-02 08:40:44,410 - mmdet - INFO - Iter [57450/120000]	lr: 1.000e-04, eta: 23:20:37, time: 1.108, data_time: 0.012, memory: 37111, loss_mask: 0.0654, loss_texture: 0.0307, iou: 0.9081, loss: 0.0961
2026-05-02 08:41:12,134 - mmdet - INFO - Iter [57475/120000]	lr: 1.000e-04, eta: 23:19:57, time: 1.109, data_time: 0.012, memory: 37111, loss_mask: 0.0544, loss_texture: 0.0256, iou: 0.9011, loss: 0.0800
2026-05-02 08:41:39,676 - mmdet - INFO - 
--- Val evaluation at iter 57500 ---
2026-05-02 08:43:36,270 - mmdet - INFO - 
+------------+-------------+-------------+
| Class      | Val IoU     | Pseudo IoU  |
+------------+-------------+-------------+
| background | 92.50       | 92.68       |
| building   | 68.17       | 69.14       |
| Summary    | mIoU: 80.34 | mIoU: 80.91 |
+------------+-------------+-------------+
Images evaluated: 218
2026-05-02 08:43:37,652 - mmdet - INFO - Iter [57500/120000]	lr: 1.000e-04, eta: 23:19:16, time: 1.102, data_time: 0.012, memory: 37111, val/mIoU: 0.8034, val/IoU.building: 0.6817, val/IoU.background: 0.9250, val/Pseudo_mIoU: 0.8091, loss_mask: 0.0544, loss_texture: 0.0260, iou: 0.9046, loss: 0.0804
2026-05-02 08:44:05,364 - mmdet - INFO - Iter [57525/120000]	lr: 1.000e-04, eta: 23:20:45, time: 5.827, data_time: 4.731, memory: 37111, loss_mask: 0.0527, loss_texture: 0.0248, iou: 0.9116, loss: 0.0775
2026-05-02 08:44:33,045 - mmdet - INFO - Iter [57550/120000]	lr: 1.000e-04, eta: 23:20:05, time: 1.107, data_time: 0.012, memory: 37111, loss_mask: 0.0705, loss_texture: 0.0294, iou: 0.8932, loss: 0.1000
2026-05-02 08:45:00,759 - mmdet - INFO - Iter [57575/120000]	lr: 1.000e-04, eta: 23:19:25, time: 1.109, data_time: 0.012, memory: 37111, loss_mask: 0.0635, loss_texture: 0.0287, iou: 0.9086, loss: 0.0922
2026-05-02 08:45:28,339 - mmdet - INFO - Iter [57600/120000]	lr: 1.000e-04, eta: 23:18:44, time: 1.103, data_time: 0.012, memory: 37111, loss_mask: 0.0546, loss_texture: 0.0248, iou: 0.9051, loss: 0.0794
2026-05-02 08:45:55,965 - mmdet - INFO - Iter [57625/120000]	lr: 1.000e-04, eta: 23:18:04, time: 1.105, data_time: 0.012, memory: 37111, loss_mask: 0.0539, loss_texture: 0.0255, iou: 0.8992, loss: 0.0794
2026-05-02 08:46:23,556 - mmdet - INFO - Iter [57650/120000]	lr: 1.000e-04, eta: 23:17:24, time: 1.104, data_time: 0.012, memory: 37111, loss_mask: 0.0612, loss_texture: 0.0282, iou: 0.9015, loss: 0.0894
2026-05-02 08:46:51,118 - mmdet - INFO - Iter [57675/120000]	lr: 1.000e-04, eta: 23:16:44, time: 1.102, data_time: 0.011, memory: 37111, loss_mask: 0.0567, loss_texture: 0.0257, iou: 0.9100, loss: 0.0823
2026-05-02 08:47:18,742 - mmdet - INFO - Iter [57700/120000]	lr: 1.000e-04, eta: 23:16:04, time: 1.105, data_time: 0.012, memory: 37111, loss_mask: 0.0604, loss_texture: 0.0279, iou: 0.8945, loss: 0.0883
2026-05-02 08:47:46,503 - mmdet - INFO - Iter [57725/120000]	lr: 1.000e-04, eta: 23:15:24, time: 1.110, data_time: 0.012, memory: 37111, loss_mask: 0.0594, loss_texture: 0.0272, iou: 0.9091, loss: 0.0866
2026-05-02 08:48:14,178 - mmdet - INFO - Iter [57750/120000]	lr: 1.000e-04, eta: 23:14:44, time: 1.107, data_time: 0.012, memory: 37111, loss_mask: 0.0510, loss_texture: 0.0247, iou: 0.9090, loss: 0.0757
2026-05-02 08:48:41,935 - mmdet - INFO - Iter [57775/120000]	lr: 1.000e-04, eta: 23:14:04, time: 1.110, data_time: 0.012, memory: 37111, loss_mask: 0.0613, loss_texture: 0.0287, iou: 0.9039, loss: 0.0900
2026-05-02 08:49:09,518 - mmdet - INFO - Iter [57800/120000]	lr: 1.000e-04, eta: 23:13:24, time: 1.103, data_time: 0.012, memory: 37111, loss_mask: 0.0603, loss_texture: 0.0283, iou: 0.8960, loss: 0.0886
2026-05-02 08:49:37,228 - mmdet - INFO - Iter [57825/120000]	lr: 1.000e-04, eta: 23:12:44, time: 1.108, data_time: 0.012, memory: 37111, loss_mask: 0.0607, loss_texture: 0.0297, iou: 0.9102, loss: 0.0903
2026-05-02 08:50:04,918 - mmdet - INFO - Iter [57850/120000]	lr: 1.000e-04, eta: 23:12:04, time: 1.108, data_time: 0.012, memory: 37111, loss_mask: 0.0562, loss_texture: 0.0267, iou: 0.8999, loss: 0.0829
2026-05-02 08:50:32,622 - mmdet - INFO - Iter [57875/120000]	lr: 1.000e-04, eta: 23:11:24, time: 1.108, data_time: 0.012, memory: 37111, loss_mask: 0.0534, loss_texture: 0.0256, iou: 0.8958, loss: 0.0791
2026-05-02 08:51:00,347 - mmdet - INFO - Iter [57900/120000]	lr: 1.000e-04, eta: 23:10:44, time: 1.109, data_time: 0.012, memory: 37111, loss_mask: 0.0579, loss_texture: 0.0275, iou: 0.9152, loss: 0.0854
2026-05-02 08:51:28,168 - mmdet - INFO - Iter [57925/120000]	lr: 1.000e-04, eta: 23:10:04, time: 1.113, data_time: 0.012, memory: 37111, loss_mask: 0.0602, loss_texture: 0.0284, iou: 0.8999, loss: 0.0886
2026-05-02 08:51:55,714 - mmdet - INFO - Iter [57950/120000]	lr: 1.000e-04, eta: 23:09:24, time: 1.102, data_time: 0.012, memory: 37111, loss_mask: 0.0482, loss_texture: 0.0233, iou: 0.9014, loss: 0.0715
2026-05-02 08:52:23,280 - mmdet - INFO - Iter [57975/120000]	lr: 1.000e-04, eta: 23:08:44, time: 1.103, data_time: 0.011, memory: 37111, loss_mask: 0.0554, loss_texture: 0.0258, iou: 0.9045, loss: 0.0812
2026-05-02 08:52:51,083 - mmdet - INFO - 
--- Val evaluation at iter 58000 ---
2026-05-02 08:54:47,223 - mmdet - INFO - 
+------------+-------------+-------------+
| Class      | Val IoU     | Pseudo IoU  |
+------------+-------------+-------------+
| background | 92.37       | 92.68       |
| building   | 67.35       | 69.14       |
| Summary    | mIoU: 79.86 | mIoU: 80.91 |
+------------+-------------+-------------+
Images evaluated: 218
2026-05-02 08:54:48,562 - mmdet - INFO - Exp name: exp8_all.py
2026-05-02 08:54:48,562 - mmdet - INFO - Iter [58000/120000]	lr: 1.000e-04, eta: 23:08:05, time: 1.112, data_time: 0.011, memory: 37111, val/mIoU: 0.7986, val/IoU.building: 0.6735, val/IoU.background: 0.9237, val/Pseudo_mIoU: 0.8091, loss_mask: 0.0546, loss_texture: 0.0262, iou: 0.9147, loss: 0.0808
2026-05-02 08:55:16,106 - mmdet - INFO - Iter [58025/120000]	lr: 1.000e-04, eta: 23:09:30, time: 5.801, data_time: 4.712, memory: 37111, loss_mask: 0.0565, loss_texture: 0.0264, iou: 0.8950, loss: 0.0829
2026-05-02 08:55:43,666 - mmdet - INFO - Iter [58050/120000]	lr: 1.000e-04, eta: 23:08:50, time: 1.102, data_time: 0.012, memory: 37111, loss_mask: 0.0670, loss_texture: 0.0288, iou: 0.9120, loss: 0.0958
2026-05-02 08:56:11,390 - mmdet - INFO - Iter [58075/120000]	lr: 1.000e-04, eta: 23:08:10, time: 1.109, data_time: 0.012, memory: 37111, loss_mask: 0.0659, loss_texture: 0.0287, iou: 0.8937, loss: 0.0945
2026-05-02 08:56:38,989 - mmdet - INFO - Iter [58100/120000]	lr: 1.000e-04, eta: 23:07:30, time: 1.104, data_time: 0.012, memory: 37111, loss_mask: 0.0624, loss_texture: 0.0286, iou: 0.8900, loss: 0.0910
2026-05-02 08:57:06,590 - mmdet - INFO - Iter [58125/120000]	lr: 1.000e-04, eta: 23:06:50, time: 1.104, data_time: 0.012, memory: 37111, loss_mask: 0.0567, loss_texture: 0.0260, iou: 0.9085, loss: 0.0827
2026-05-02 08:57:34,358 - mmdet - INFO - Iter [58150/120000]	lr: 1.000e-04, eta: 23:06:10, time: 1.111, data_time: 0.012, memory: 37111, loss_mask: 0.0661, loss_texture: 0.0299, iou: 0.9088, loss: 0.0960
2026-05-02 08:58:01,964 - mmdet - INFO - Iter [58175/120000]	lr: 1.000e-04, eta: 23:05:30, time: 1.104, data_time: 0.012, memory: 37111, loss_mask: 0.0515, loss_texture: 0.0236, iou: 0.9186, loss: 0.0751
2026-05-02 08:58:29,644 - mmdet - INFO - Iter [58200/120000]	lr: 1.000e-04, eta: 23:04:50, time: 1.107, data_time: 0.012, memory: 37111, loss_mask: 0.0517, loss_texture: 0.0247, iou: 0.8978, loss: 0.0764
2026-05-02 08:58:57,249 - mmdet - INFO - Iter [58225/120000]	lr: 1.000e-04, eta: 23:04:10, time: 1.104, data_time: 0.012, memory: 37111, loss_mask: 0.0583, loss_texture: 0.0270, iou: 0.9111, loss: 0.0853
2026-05-02 08:59:24,898 - mmdet - INFO - Iter [58250/120000]	lr: 1.000e-04, eta: 23:03:30, time: 1.106, data_time: 0.012, memory: 37111, loss_mask: 0.0565, loss_texture: 0.0261, iou: 0.8984, loss: 0.0826
2026-05-02 08:59:52,401 - mmdet - INFO - Iter [58275/120000]	lr: 1.000e-04, eta: 23:02:50, time: 1.100, data_time: 0.012, memory: 37111, loss_mask: 0.0546, loss_texture: 0.0260, iou: 0.9124, loss: 0.0806
2026-05-02 09:00:20,026 - mmdet - INFO - Iter [58300/120000]	lr: 1.000e-04, eta: 23:02:10, time: 1.105, data_time: 0.011, memory: 37111, loss_mask: 0.0517, loss_texture: 0.0249, iou: 0.9161, loss: 0.0767
2026-05-02 09:00:47,580 - mmdet - INFO - Iter [58325/120000]	lr: 1.000e-04, eta: 23:01:30, time: 1.102, data_time: 0.011, memory: 37111, loss_mask: 0.0563, loss_texture: 0.0265, iou: 0.8945, loss: 0.0828
2026-05-02 09:01:15,333 - mmdet - INFO - Iter [58350/120000]	lr: 1.000e-04, eta: 23:00:50, time: 1.110, data_time: 0.012, memory: 37111, loss_mask: 0.0605, loss_texture: 0.0284, iou: 0.9016, loss: 0.0889
2026-05-02 09:01:43,062 - mmdet - INFO - Iter [58375/120000]	lr: 1.000e-04, eta: 23:00:11, time: 1.109, data_time: 0.011, memory: 37111, loss_mask: 0.0583, loss_texture: 0.0271, iou: 0.9049, loss: 0.0854
2026-05-02 09:02:10,830 - mmdet - INFO - Iter [58400/120000]	lr: 1.000e-04, eta: 22:59:31, time: 1.111, data_time: 0.012, memory: 37111, loss_mask: 0.0622, loss_texture: 0.0295, iou: 0.9064, loss: 0.0917
2026-05-02 09:02:38,534 - mmdet - INFO - Iter [58425/120000]	lr: 1.000e-04, eta: 22:58:51, time: 1.108, data_time: 0.012, memory: 37111, loss_mask: 0.0565, loss_texture: 0.0257, iou: 0.8988, loss: 0.0822
2026-05-02 09:03:06,135 - mmdet - INFO - Iter [58450/120000]	lr: 1.000e-04, eta: 22:58:11, time: 1.104, data_time: 0.012, memory: 37111, loss_mask: 0.0541, loss_texture: 0.0262, iou: 0.9121, loss: 0.0803
2026-05-02 09:03:33,760 - mmdet - INFO - Iter [58475/120000]	lr: 1.000e-04, eta: 22:57:31, time: 1.105, data_time: 0.012, memory: 37111, loss_mask: 0.0589, loss_texture: 0.0280, iou: 0.9009, loss: 0.0869
2026-05-02 09:04:01,453 - mmdet - INFO - 
--- Val evaluation at iter 58500 ---
2026-05-02 09:05:58,994 - mmdet - INFO - 
+------------+-------------+-------------+
| Class      | Val IoU     | Pseudo IoU  |
+------------+-------------+-------------+
| background | 92.37       | 92.68       |
| building   | 67.56       | 69.14       |
| Summary    | mIoU: 79.96 | mIoU: 80.91 |
+------------+-------------+-------------+
Images evaluated: 218
2026-05-02 09:06:00,350 - mmdet - INFO - Iter [58500/120000]	lr: 1.000e-04, eta: 22:56:52, time: 1.108, data_time: 0.012, memory: 37111, val/mIoU: 0.7996, val/IoU.building: 0.6756, val/IoU.background: 0.9237, val/Pseudo_mIoU: 0.8091, loss_mask: 0.0595, loss_texture: 0.0282, iou: 0.9168, loss: 0.0877
2026-05-02 09:06:28,066 - mmdet - INFO - Iter [58525/120000]	lr: 1.000e-04, eta: 22:58:17, time: 5.865, data_time: 4.769, memory: 37111, loss_mask: 0.0565, loss_texture: 0.0267, iou: 0.9143, loss: 0.0832
2026-05-02 09:06:55,801 - mmdet - INFO - Iter [58550/120000]	lr: 1.000e-04, eta: 22:57:37, time: 1.109, data_time: 0.012, memory: 37111, loss_mask: 0.0581, loss_texture: 0.0270, iou: 0.8928, loss: 0.0851
2026-05-02 09:07:23,424 - mmdet - INFO - Iter [58575/120000]	lr: 1.000e-04, eta: 22:56:57, time: 1.105, data_time: 0.012, memory: 37111, loss_mask: 0.0538, loss_texture: 0.0254, iou: 0.9072, loss: 0.0791
2026-05-02 09:07:51,027 - mmdet - INFO - Iter [58600/120000]	lr: 1.000e-04, eta: 22:56:17, time: 1.104, data_time: 0.012, memory: 37111, loss_mask: 0.0558, loss_texture: 0.0263, iou: 0.9161, loss: 0.0820
2026-05-02 09:08:18,811 - mmdet - INFO - Iter [58625/120000]	lr: 1.000e-04, eta: 22:55:37, time: 1.111, data_time: 0.012, memory: 37111, loss_mask: 0.0622, loss_texture: 0.0292, iou: 0.8985, loss: 0.0914
2026-05-02 09:08:46,556 - mmdet - INFO - Iter [58650/120000]	lr: 1.000e-04, eta: 22:54:58, time: 1.110, data_time: 0.012, memory: 37111, loss_mask: 0.0539, loss_texture: 0.0256, iou: 0.8990, loss: 0.0795
2026-05-02 09:09:14,203 - mmdet - INFO - Iter [58675/120000]	lr: 1.000e-04, eta: 22:54:18, time: 1.106, data_time: 0.011, memory: 37111, loss_mask: 0.0547, loss_texture: 0.0261, iou: 0.9158, loss: 0.0808
2026-05-02 09:09:41,755 - mmdet - INFO - Iter [58700/120000]	lr: 1.000e-04, eta: 22:53:38, time: 1.102, data_time: 0.011, memory: 37111, loss_mask: 0.0502, loss_texture: 0.0238, iou: 0.9082, loss: 0.0740
2026-05-02 09:10:09,521 - mmdet - INFO - Iter [58725/120000]	lr: 1.000e-04, eta: 22:52:58, time: 1.111, data_time: 0.012, memory: 37111, loss_mask: 0.0552, loss_texture: 0.0263, iou: 0.9182, loss: 0.0815
2026-05-02 09:10:37,210 - mmdet - INFO - Iter [58750/120000]	lr: 1.000e-04, eta: 22:52:18, time: 1.108, data_time: 0.012, memory: 37111, loss_mask: 0.0581, loss_texture: 0.0277, iou: 0.9282, loss: 0.0858
2026-05-02 09:11:04,825 - mmdet - INFO - Iter [58775/120000]	lr: 1.000e-04, eta: 22:51:38, time: 1.105, data_time: 0.012, memory: 37111, loss_mask: 0.0603, loss_texture: 0.0280, iou: 0.9032, loss: 0.0883
2026-05-02 09:11:32,733 - mmdet - INFO - Iter [58800/120000]	lr: 1.000e-04, eta: 22:50:59, time: 1.116, data_time: 0.012, memory: 37111, loss_mask: 0.0570, loss_texture: 0.0277, iou: 0.9125, loss: 0.0847
2026-05-02 09:12:00,321 - mmdet - INFO - Iter [58825/120000]	lr: 1.000e-04, eta: 22:50:19, time: 1.104, data_time: 0.012, memory: 37111, loss_mask: 0.0544, loss_texture: 0.0265, iou: 0.8996, loss: 0.0809
2026-05-02 09:12:27,968 - mmdet - INFO - Iter [58850/120000]	lr: 1.000e-04, eta: 22:49:39, time: 1.106, data_time: 0.012, memory: 37111, loss_mask: 0.0510, loss_texture: 0.0251, iou: 0.8916, loss: 0.0761
2026-05-02 09:12:55,684 - mmdet - INFO - Iter [58875/120000]	lr: 1.000e-04, eta: 22:48:59, time: 1.109, data_time: 0.012, memory: 37111, loss_mask: 0.0545, loss_texture: 0.0260, iou: 0.8886, loss: 0.0805
2026-05-02 09:13:23,195 - mmdet - INFO - Iter [58900/120000]	lr: 1.000e-04, eta: 22:48:20, time: 1.100, data_time: 0.012, memory: 37111, loss_mask: 0.0540, loss_texture: 0.0251, iou: 0.9031, loss: 0.0791
2026-05-02 09:13:50,922 - mmdet - INFO - Iter [58925/120000]	lr: 1.000e-04, eta: 22:47:40, time: 1.109, data_time: 0.012, memory: 37111, loss_mask: 0.0507, loss_texture: 0.0252, iou: 0.9108, loss: 0.0759
2026-05-02 09:14:18,573 - mmdet - INFO - Iter [58950/120000]	lr: 1.000e-04, eta: 22:47:00, time: 1.106, data_time: 0.012, memory: 37111, loss_mask: 0.0565, loss_texture: 0.0268, iou: 0.9024, loss: 0.0833
2026-05-02 09:14:46,313 - mmdet - INFO - Iter [58975/120000]	lr: 1.000e-04, eta: 22:46:21, time: 1.110, data_time: 0.012, memory: 37111, loss_mask: 0.0526, loss_texture: 0.0254, iou: 0.9085, loss: 0.0780
2026-05-02 09:15:13,865 - mmdet - INFO - 
--- Val evaluation at iter 59000 ---
2026-05-02 09:17:10,422 - mmdet - INFO - 
+------------+-------------+-------------+
| Class      | Val IoU     | Pseudo IoU  |
+------------+-------------+-------------+
| background | 92.41       | 92.68       |
| building   | 67.60       | 69.14       |
| Summary    | mIoU: 80.00 | mIoU: 80.91 |
+------------+-------------+-------------+
Images evaluated: 218
2026-05-02 09:17:11,792 - mmdet - INFO - Exp name: exp8_all.py
2026-05-02 09:17:11,792 - mmdet - INFO - Iter [59000/120000]	lr: 1.000e-04, eta: 22:45:41, time: 1.102, data_time: 0.012, memory: 37111, val/mIoU: 0.8000, val/IoU.building: 0.6760, val/IoU.background: 0.9241, val/Pseudo_mIoU: 0.8091, loss_mask: 0.0541, loss_texture: 0.0254, iou: 0.8984, loss: 0.0795
2026-05-02 09:17:39,640 - mmdet - INFO - Iter [59025/120000]	lr: 1.000e-04, eta: 22:47:03, time: 5.831, data_time: 4.729, memory: 37111, loss_mask: 0.0494, loss_texture: 0.0244, iou: 0.9106, loss: 0.0738
2026-05-02 09:18:07,566 - mmdet - INFO - Iter [59050/120000]	lr: 1.000e-04, eta: 22:46:24, time: 1.117, data_time: 0.012, memory: 37111, loss_mask: 0.0517, loss_texture: 0.0252, iou: 0.9269, loss: 0.0770
2026-05-02 09:18:35,288 - mmdet - INFO - Iter [59075/120000]	lr: 1.000e-04, eta: 22:45:44, time: 1.109, data_time: 0.012, memory: 37111, loss_mask: 0.0611, loss_texture: 0.0297, iou: 0.9043, loss: 0.0908
2026-05-02 09:19:02,930 - mmdet - INFO - Iter [59100/120000]	lr: 1.000e-04, eta: 22:45:04, time: 1.106, data_time: 0.011, memory: 37111, loss_mask: 0.0552, loss_texture: 0.0265, iou: 0.8957, loss: 0.0817
2026-05-02 09:19:30,528 - mmdet - INFO - Iter [59125/120000]	lr: 1.000e-04, eta: 22:44:24, time: 1.104, data_time: 0.012, memory: 37111, loss_mask: 0.0591, loss_texture: 0.0274, iou: 0.8991, loss: 0.0866
2026-05-02 09:19:58,519 - mmdet - INFO - Iter [59150/120000]	lr: 1.000e-04, eta: 22:43:45, time: 1.120, data_time: 0.012, memory: 37111, loss_mask: 0.0593, loss_texture: 0.0279, iou: 0.9074, loss: 0.0872
2026-05-02 09:20:26,171 - mmdet - INFO - Iter [59175/120000]	lr: 1.000e-04, eta: 22:43:05, time: 1.106, data_time: 0.011, memory: 37111, loss_mask: 0.0561, loss_texture: 0.0262, iou: 0.9177, loss: 0.0823
2026-05-02 09:20:53,882 - mmdet - INFO - Iter [59200/120000]	lr: 1.000e-04, eta: 22:42:25, time: 1.108, data_time: 0.011, memory: 37111, loss_mask: 0.0559, loss_texture: 0.0270, iou: 0.9163, loss: 0.0829
2026-05-02 09:21:21,631 - mmdet - INFO - Iter [59225/120000]	lr: 1.000e-04, eta: 22:41:46, time: 1.110, data_time: 0.012, memory: 37111, loss_mask: 0.0513, loss_texture: 0.0245, iou: 0.9124, loss: 0.0757
2026-05-02 09:21:49,470 - mmdet - INFO - Iter [59250/120000]	lr: 1.000e-04, eta: 22:41:06, time: 1.114, data_time: 0.012, memory: 37111, loss_mask: 0.0599, loss_texture: 0.0281, iou: 0.8935, loss: 0.0880
2026-05-02 09:22:17,201 - mmdet - INFO - Iter [59275/120000]	lr: 1.000e-04, eta: 22:40:27, time: 1.109, data_time: 0.012, memory: 37111, loss_mask: 0.0551, loss_texture: 0.0262, iou: 0.9081, loss: 0.0813
2026-05-02 09:22:44,684 - mmdet - INFO - Iter [59300/120000]	lr: 1.000e-04, eta: 22:39:47, time: 1.099, data_time: 0.011, memory: 37111, loss_mask: 0.0583, loss_texture: 0.0274, iou: 0.9140, loss: 0.0857
2026-05-02 09:23:12,574 - mmdet - INFO - Iter [59325/120000]	lr: 1.000e-04, eta: 22:39:07, time: 1.116, data_time: 0.012, memory: 37111, loss_mask: 0.0667, loss_texture: 0.0312, iou: 0.9197, loss: 0.0979
2026-05-02 09:23:41,029 - mmdet - INFO - Iter [59350/120000]	lr: 1.000e-04, eta: 22:38:28, time: 1.138, data_time: 0.013, memory: 37111, loss_mask: 0.0619, loss_texture: 0.0290, iou: 0.8939, loss: 0.0909
2026-05-02 09:24:08,697 - mmdet - INFO - Iter [59375/120000]	lr: 1.000e-04, eta: 22:37:49, time: 1.107, data_time: 0.012, memory: 37111, loss_mask: 0.0535, loss_texture: 0.0250, iou: 0.8950, loss: 0.0784
2026-05-02 09:24:36,436 - mmdet - INFO - Iter [59400/120000]	lr: 1.000e-04, eta: 22:37:09, time: 1.110, data_time: 0.012, memory: 37111, loss_mask: 0.0512, loss_texture: 0.0239, iou: 0.9046, loss: 0.0752
2026-05-02 09:25:04,276 - mmdet - INFO - Iter [59425/120000]	lr: 1.000e-04, eta: 22:36:30, time: 1.114, data_time: 0.012, memory: 37111, loss_mask: 0.0549, loss_texture: 0.0260, iou: 0.9089, loss: 0.0809
2026-05-02 09:25:31,859 - mmdet - INFO - Iter [59450/120000]	lr: 1.000e-04, eta: 22:35:50, time: 1.103, data_time: 0.012, memory: 37111, loss_mask: 0.0542, loss_texture: 0.0247, iou: 0.8877, loss: 0.0789
2026-05-02 09:25:59,571 - mmdet - INFO - Iter [59475/120000]	lr: 1.000e-04, eta: 22:35:10, time: 1.108, data_time: 0.012, memory: 37111, loss_mask: 0.0651, loss_texture: 0.0303, iou: 0.9098, loss: 0.0954
2026-05-02 09:26:27,337 - mmdet - INFO - 
--- Val evaluation at iter 59500 ---
2026-05-02 09:28:23,826 - mmdet - INFO - 
+------------+-------------+-------------+
| Class      | Val IoU     | Pseudo IoU  |
+------------+-------------+-------------+
| background | 92.18       | 92.68       |
| building   | 66.29       | 69.14       |
| Summary    | mIoU: 79.24 | mIoU: 80.91 |
+------------+-------------+-------------+
Images evaluated: 218
2026-05-02 09:28:25,206 - mmdet - INFO - Iter [59500/120000]	lr: 1.000e-04, eta: 22:34:31, time: 1.111, data_time: 0.011, memory: 37111, val/mIoU: 0.7924, val/IoU.building: 0.6629, val/IoU.background: 0.9218, val/Pseudo_mIoU: 0.8091, loss_mask: 0.0536, loss_texture: 0.0254, iou: 0.9162, loss: 0.0790
2026-05-02 09:28:52,916 - mmdet - INFO - Iter [59525/120000]	lr: 1.000e-04, eta: 22:35:51, time: 5.823, data_time: 4.727, memory: 37111, loss_mask: 0.0617, loss_texture: 0.0270, iou: 0.8974, loss: 0.0887
2026-05-02 09:29:20,927 - mmdet - INFO - Iter [59550/120000]	lr: 1.000e-04, eta: 22:35:12, time: 1.120, data_time: 0.012, memory: 37111, loss_mask: 0.0651, loss_texture: 0.0292, iou: 0.9097, loss: 0.0943
2026-05-02 09:29:48,589 - mmdet - INFO - Iter [59575/120000]	lr: 1.000e-04, eta: 22:34:32, time: 1.106, data_time: 0.012, memory: 37111, loss_mask: 0.0586, loss_texture: 0.0267, iou: 0.9025, loss: 0.0853
2026-05-02 09:30:16,260 - mmdet - INFO - Iter [59600/120000]	lr: 1.000e-04, eta: 22:33:52, time: 1.107, data_time: 0.011, memory: 37111, loss_mask: 0.0598, loss_texture: 0.0278, iou: 0.8957, loss: 0.0877
2026-05-02 09:30:43,973 - mmdet - INFO - Iter [59625/120000]	lr: 1.000e-04, eta: 22:33:13, time: 1.108, data_time: 0.012, memory: 37111, loss_mask: 0.0553, loss_texture: 0.0259, iou: 0.8978, loss: 0.0812
2026-05-02 09:31:11,410 - mmdet - INFO - Iter [59650/120000]	lr: 1.000e-04, eta: 22:32:33, time: 1.097, data_time: 0.012, memory: 37111, loss_mask: 0.0484, loss_texture: 0.0222, iou: 0.8916, loss: 0.0706
2026-05-02 09:31:39,068 - mmdet - INFO - Iter [59675/120000]	lr: 1.000e-04, eta: 22:31:53, time: 1.106, data_time: 0.011, memory: 37111, loss_mask: 0.0581, loss_texture: 0.0276, iou: 0.9074, loss: 0.0858
2026-05-02 09:32:06,601 - mmdet - INFO - Iter [59700/120000]	lr: 1.000e-04, eta: 22:31:14, time: 1.101, data_time: 0.011, memory: 37111, loss_mask: 0.0651, loss_texture: 0.0297, iou: 0.9024, loss: 0.0948
2026-05-02 09:32:34,451 - mmdet - INFO - Iter [59725/120000]	lr: 1.000e-04, eta: 22:30:34, time: 1.114, data_time: 0.012, memory: 37111, loss_mask: 0.0580, loss_texture: 0.0272, iou: 0.9093, loss: 0.0853
2026-05-02 09:33:02,350 - mmdet - INFO - Iter [59750/120000]	lr: 1.000e-04, eta: 22:29:55, time: 1.116, data_time: 0.012, memory: 37111, loss_mask: 0.0552, loss_texture: 0.0267, iou: 0.9085, loss: 0.0819
2026-05-02 09:33:29,918 - mmdet - INFO - Iter [59775/120000]	lr: 1.000e-04, eta: 22:29:15, time: 1.103, data_time: 0.012, memory: 37111, loss_mask: 0.0573, loss_texture: 0.0246, iou: 0.8979, loss: 0.0819
2026-05-02 09:33:57,512 - mmdet - INFO - Iter [59800/120000]	lr: 1.000e-04, eta: 22:28:35, time: 1.104, data_time: 0.012, memory: 37111, loss_mask: 0.0997, loss_texture: 0.0286, iou: 0.8562, loss: 0.1283
2026-05-02 09:34:25,291 - mmdet - INFO - Iter [59825/120000]	lr: 1.000e-04, eta: 22:27:56, time: 1.111, data_time: 0.012, memory: 37111, loss_mask: 0.1008, loss_texture: 0.0345, iou: 0.8675, loss: 0.1353
2026-05-02 09:34:52,789 - mmdet - INFO - Iter [59850/120000]	lr: 1.000e-04, eta: 22:27:16, time: 1.100, data_time: 0.012, memory: 37111, loss_mask: 0.0787, loss_texture: 0.0306, iou: 0.8827, loss: 0.1093
2026-05-02 09:35:20,400 - mmdet - INFO - Iter [59875/120000]	lr: 1.000e-04, eta: 22:26:37, time: 1.104, data_time: 0.011, memory: 37111, loss_mask: 0.0838, loss_texture: 0.0289, iou: 0.8712, loss: 0.1126
2026-05-02 09:35:48,206 - mmdet - INFO - Iter [59900/120000]	lr: 1.000e-04, eta: 22:25:57, time: 1.112, data_time: 0.011, memory: 37111, loss_mask: 0.0873, loss_texture: 0.0301, iou: 0.8797, loss: 0.1174
2026-05-02 09:36:15,911 - mmdet - INFO - Iter [59925/120000]	lr: 1.000e-04, eta: 22:25:18, time: 1.108, data_time: 0.012, memory: 37111, loss_mask: 0.0701, loss_texture: 0.0293, iou: 0.8964, loss: 0.0993
2026-05-02 09:36:43,582 - mmdet - INFO - Iter [59950/120000]	lr: 1.000e-04, eta: 22:24:38, time: 1.107, data_time: 0.012, memory: 37111, loss_mask: 0.0644, loss_texture: 0.0281, iou: 0.9074, loss: 0.0925
2026-05-02 09:37:11,149 - mmdet - INFO - Iter [59975/120000]	lr: 1.000e-04, eta: 22:23:59, time: 1.103, data_time: 0.012, memory: 37111, loss_mask: 0.0598, loss_texture: 0.0256, iou: 0.8966, loss: 0.0854
2026-05-02 09:37:38,956 - mmdet - INFO - 
--- Val evaluation at iter 60000 ---
2026-05-02 09:39:35,942 - mmdet - INFO - 
+------------+-------------+-------------+
| Class      | Val IoU     | Pseudo IoU  |
+------------+-------------+-------------+
| background | 92.26       | 92.68       |
| building   | 66.73       | 69.14       |
| Summary    | mIoU: 79.50 | mIoU: 80.91 |
+------------+-------------+-------------+
Images evaluated: 218
2026-05-02 09:39:37,321 - mmdet - INFO - Exp name: exp8_all.py
2026-05-02 09:39:37,321 - mmdet - INFO - Iter [60000/120000]	lr: 1.000e-04, eta: 22:23:19, time: 1.112, data_time: 0.011, memory: 37111, val/mIoU: 0.7950, val/IoU.building: 0.6673, val/IoU.background: 0.9226, val/Pseudo_mIoU: 0.8091, loss_mask: 0.0676, loss_texture: 0.0288, iou: 0.8965, loss: 0.0964
2026-05-02 09:40:05,039 - mmdet - INFO - Iter [60025/120000]	lr: 1.000e-04, eta: 22:24:38, time: 5.843, data_time: 4.747, memory: 37111, loss_mask: 0.0593, loss_texture: 0.0274, iou: 0.9040, loss: 0.0866
2026-05-02 09:40:32,701 - mmdet - INFO - Iter [60050/120000]	lr: 1.000e-04, eta: 22:23:58, time: 1.106, data_time: 0.012, memory: 37111, loss_mask: 0.0535, loss_texture: 0.0246, iou: 0.9135, loss: 0.0781
2026-05-02 09:41:00,399 - mmdet - INFO - Iter [60075/120000]	lr: 1.000e-04, eta: 22:23:19, time: 1.108, data_time: 0.012, memory: 37111, loss_mask: 0.0624, loss_texture: 0.0281, iou: 0.8797, loss: 0.0906
2026-05-02 09:41:28,231 - mmdet - INFO - Iter [60100/120000]	lr: 1.000e-04, eta: 22:22:39, time: 1.113, data_time: 0.011, memory: 37111, loss_mask: 0.0590, loss_texture: 0.0273, iou: 0.9025, loss: 0.0863
2026-05-02 09:41:55,847 - mmdet - INFO - Iter [60125/120000]	lr: 1.000e-04, eta: 22:22:00, time: 1.105, data_time: 0.012, memory: 37111, loss_mask: 0.0532, loss_texture: 0.0242, iou: 0.9010, loss: 0.0774
2026-05-02 09:42:23,499 - mmdet - INFO - Iter [60150/120000]	lr: 1.000e-04, eta: 22:21:20, time: 1.106, data_time: 0.012, memory: 37111, loss_mask: 0.0674, loss_texture: 0.0303, iou: 0.9017, loss: 0.0977
2026-05-02 09:42:51,124 - mmdet - INFO - Iter [60175/120000]	lr: 1.000e-04, eta: 22:20:41, time: 1.105, data_time: 0.011, memory: 37111, loss_mask: 0.0617, loss_texture: 0.0291, iou: 0.8914, loss: 0.0907
2026-05-02 09:43:18,807 - mmdet - INFO - Iter [60200/120000]	lr: 1.000e-04, eta: 22:20:01, time: 1.107, data_time: 0.011, memory: 37111, loss_mask: 0.0731, loss_texture: 0.0330, iou: 0.9066, loss: 0.1060
2026-05-02 09:43:46,722 - mmdet - INFO - Iter [60225/120000]	lr: 1.000e-04, eta: 22:19:22, time: 1.117, data_time: 0.012, memory: 37111, loss_mask: 0.0540, loss_texture: 0.0263, iou: 0.9160, loss: 0.0803
2026-05-02 09:44:14,316 - mmdet - INFO - Iter [60250/120000]	lr: 1.000e-04, eta: 22:18:42, time: 1.104, data_time: 0.012, memory: 37111, loss_mask: 0.0469, loss_texture: 0.0222, iou: 0.9053, loss: 0.0691
2026-05-02 09:44:42,164 - mmdet - INFO - Iter [60275/120000]	lr: 1.000e-04, eta: 22:18:03, time: 1.114, data_time: 0.011, memory: 37111, loss_mask: 0.0641, loss_texture: 0.0294, iou: 0.9027, loss: 0.0935
2026-05-02 09:45:09,794 - mmdet - INFO - Iter [60300/120000]	lr: 1.000e-04, eta: 22:17:24, time: 1.105, data_time: 0.011, memory: 37111, loss_mask: 0.0556, loss_texture: 0.0254, iou: 0.9010, loss: 0.0810
2026-05-02 09:45:37,392 - mmdet - INFO - Iter [60325/120000]	lr: 1.000e-04, eta: 22:16:44, time: 1.104, data_time: 0.012, memory: 37111, loss_mask: 0.0560, loss_texture: 0.0261, iou: 0.9068, loss: 0.0821
2026-05-02 09:46:05,248 - mmdet - INFO - Iter [60350/120000]	lr: 1.000e-04, eta: 22:16:05, time: 1.114, data_time: 0.012, memory: 37111, loss_mask: 0.0557, loss_texture: 0.0270, iou: 0.9073, loss: 0.0827
2026-05-02 09:46:33,713 - mmdet - INFO - Iter [60375/120000]	lr: 1.000e-04, eta: 22:15:26, time: 1.139, data_time: 0.013, memory: 37111, loss_mask: 0.0527, loss_texture: 0.0254, iou: 0.9098, loss: 0.0781
2026-05-02 09:47:01,531 - mmdet - INFO - Iter [60400/120000]	lr: 1.000e-04, eta: 22:14:47, time: 1.113, data_time: 0.012, memory: 37111, loss_mask: 0.0540, loss_texture: 0.0266, iou: 0.8901, loss: 0.0805
2026-05-02 09:47:29,188 - mmdet - INFO - Iter [60425/120000]	lr: 1.000e-04, eta: 22:14:07, time: 1.106, data_time: 0.012, memory: 37111, loss_mask: 0.0647, loss_texture: 0.0294, iou: 0.8974, loss: 0.0941
2026-05-02 09:47:56,798 - mmdet - INFO - Iter [60450/120000]	lr: 1.000e-04, eta: 22:13:28, time: 1.104, data_time: 0.013, memory: 37111, loss_mask: 0.0642, loss_texture: 0.0295, iou: 0.8945, loss: 0.0937
2026-05-02 09:48:24,473 - mmdet - INFO - Iter [60475/120000]	lr: 1.000e-04, eta: 22:12:48, time: 1.107, data_time: 0.012, memory: 37111, loss_mask: 0.0559, loss_texture: 0.0255, iou: 0.9108, loss: 0.0813
2026-05-02 09:48:52,148 - mmdet - INFO - 
--- Val evaluation at iter 60500 ---
2026-05-02 09:50:49,776 - mmdet - INFO - 
+------------+-------------+-------------+
| Class      | Val IoU     | Pseudo IoU  |
+------------+-------------+-------------+
| background | 92.38       | 92.68       |
| building   | 67.56       | 69.14       |
| Summary    | mIoU: 79.97 | mIoU: 80.91 |
+------------+-------------+-------------+
Images evaluated: 218
2026-05-02 09:50:51,148 - mmdet - INFO - Iter [60500/120000]	lr: 1.000e-04, eta: 22:12:09, time: 1.107, data_time: 0.011, memory: 37111, val/mIoU: 0.7997, val/IoU.building: 0.6756, val/IoU.background: 0.9238, val/Pseudo_mIoU: 0.8091, loss_mask: 0.0552, loss_texture: 0.0256, iou: 0.9163, loss: 0.0808
2026-05-02 09:51:18,798 - mmdet - INFO - Iter [60525/120000]	lr: 1.000e-04, eta: 22:13:27, time: 5.866, data_time: 4.772, memory: 37111, loss_mask: 0.0582, loss_texture: 0.0271, iou: 0.8842, loss: 0.0853
2026-05-02 09:51:46,521 - mmdet - INFO - Iter [60550/120000]	lr: 1.000e-04, eta: 22:12:47, time: 1.109, data_time: 0.012, memory: 37111, loss_mask: 0.0640, loss_texture: 0.0301, iou: 0.9057, loss: 0.0941
2026-05-02 09:52:14,293 - mmdet - INFO - Iter [60575/120000]	lr: 1.000e-04, eta: 22:12:08, time: 1.111, data_time: 0.012, memory: 37111, loss_mask: 0.0598, loss_texture: 0.0275, iou: 0.9043, loss: 0.0873
2026-05-02 09:52:42,627 - mmdet - INFO - Iter [60600/120000]	lr: 1.000e-04, eta: 22:11:29, time: 1.133, data_time: 0.013, memory: 37111, loss_mask: 0.0612, loss_texture: 0.0288, iou: 0.9071, loss: 0.0900
2026-05-02 09:53:10,677 - mmdet - INFO - Iter [60625/120000]	lr: 1.000e-04, eta: 22:10:50, time: 1.122, data_time: 0.013, memory: 37111, loss_mask: 0.0576, loss_texture: 0.0273, iou: 0.9179, loss: 0.0848
2026-05-02 09:53:38,519 - mmdet - INFO - Iter [60650/120000]	lr: 1.000e-04, eta: 22:10:11, time: 1.114, data_time: 0.013, memory: 37111, loss_mask: 0.0592, loss_texture: 0.0281, iou: 0.9138, loss: 0.0873
2026-05-02 09:54:06,257 - mmdet - INFO - Iter [60675/120000]	lr: 1.000e-04, eta: 22:09:31, time: 1.110, data_time: 0.012, memory: 37111, loss_mask: 0.0565, loss_texture: 0.0265, iou: 0.8974, loss: 0.0829
2026-05-02 09:54:34,031 - mmdet - INFO - Iter [60700/120000]	lr: 1.000e-04, eta: 22:08:52, time: 1.111, data_time: 0.012, memory: 37111, loss_mask: 0.0543, loss_texture: 0.0255, iou: 0.9144, loss: 0.0799
2026-05-02 09:55:01,591 - mmdet - INFO - Iter [60725/120000]	lr: 1.000e-04, eta: 22:08:12, time: 1.102, data_time: 0.012, memory: 37111, loss_mask: 0.0522, loss_texture: 0.0242, iou: 0.8916, loss: 0.0765
2026-05-02 09:55:29,380 - mmdet - INFO - Iter [60750/120000]	lr: 1.000e-04, eta: 22:07:33, time: 1.112, data_time: 0.012, memory: 37111, loss_mask: 0.0550, loss_texture: 0.0262, iou: 0.8979, loss: 0.0813
2026-05-02 09:55:57,013 - mmdet - INFO - Iter [60775/120000]	lr: 1.000e-04, eta: 22:06:54, time: 1.105, data_time: 0.011, memory: 37111, loss_mask: 0.0579, loss_texture: 0.0270, iou: 0.9124, loss: 0.0849
2026-05-02 09:56:24,879 - mmdet - INFO - Iter [60800/120000]	lr: 1.000e-04, eta: 22:06:14, time: 1.115, data_time: 0.012, memory: 37111, loss_mask: 0.0611, loss_texture: 0.0263, iou: 0.8852, loss: 0.0874
2026-05-02 09:56:52,543 - mmdet - INFO - Iter [60825/120000]	lr: 1.000e-04, eta: 22:05:35, time: 1.107, data_time: 0.012, memory: 37111, loss_mask: 0.0631, loss_texture: 0.0288, iou: 0.9002, loss: 0.0919
2026-05-02 09:57:20,076 - mmdet - INFO - Iter [60850/120000]	lr: 1.000e-04, eta: 22:04:56, time: 1.101, data_time: 0.012, memory: 37111, loss_mask: 0.0550, loss_texture: 0.0257, iou: 0.9234, loss: 0.0807
2026-05-02 09:57:47,657 - mmdet - INFO - Iter [60875/120000]	lr: 1.000e-04, eta: 22:04:16, time: 1.103, data_time: 0.012, memory: 37111, loss_mask: 0.0534, loss_texture: 0.0248, iou: 0.8964, loss: 0.0782
2026-05-02 09:58:15,294 - mmdet - INFO - Iter [60900/120000]	lr: 1.000e-04, eta: 22:03:37, time: 1.105, data_time: 0.012, memory: 37111, loss_mask: 0.0669, loss_texture: 0.0306, iou: 0.9214, loss: 0.0975
2026-05-02 09:58:43,047 - mmdet - INFO - Iter [60925/120000]	lr: 1.000e-04, eta: 22:02:57, time: 1.110, data_time: 0.012, memory: 37111, loss_mask: 0.0552, loss_texture: 0.0264, iou: 0.8996, loss: 0.0817
2026-05-02 09:59:10,634 - mmdet - INFO - Iter [60950/120000]	lr: 1.000e-04, eta: 22:02:18, time: 1.103, data_time: 0.012, memory: 37111, loss_mask: 0.0539, loss_texture: 0.0257, iou: 0.9098, loss: 0.0797
2026-05-02 09:59:38,785 - mmdet - INFO - Iter [60975/120000]	lr: 1.000e-04, eta: 22:01:39, time: 1.126, data_time: 0.013, memory: 37111, loss_mask: 0.0591, loss_texture: 0.0270, iou: 0.9117, loss: 0.0861
2026-05-02 10:00:06,976 - mmdet - INFO - 
--- Val evaluation at iter 61000 ---
2026-05-02 10:02:04,636 - mmdet - INFO - 
+------------+-------------+-------------+
| Class      | Val IoU     | Pseudo IoU  |
+------------+-------------+-------------+
| background | 92.46       | 92.68       |
| building   | 67.82       | 69.14       |
| Summary    | mIoU: 80.14 | mIoU: 80.91 |
+------------+-------------+-------------+
Images evaluated: 218
2026-05-02 10:02:06,002 - mmdet - INFO - Exp name: exp8_all.py
2026-05-02 10:02:06,002 - mmdet - INFO - Iter [61000/120000]	lr: 1.000e-04, eta: 22:01:00, time: 1.128, data_time: 0.012, memory: 37111, val/mIoU: 0.8014, val/IoU.building: 0.6782, val/IoU.background: 0.9246, val/Pseudo_mIoU: 0.8091, loss_mask: 0.0524, loss_texture: 0.0249, iou: 0.8987, loss: 0.0773
2026-05-02 10:02:33,771 - mmdet - INFO - Iter [61025/120000]	lr: 1.000e-04, eta: 22:02:16, time: 5.872, data_time: 4.774, memory: 37111, loss_mask: 0.0529, loss_texture: 0.0256, iou: 0.9024, loss: 0.0785
2026-05-02 10:03:01,544 - mmdet - INFO - Iter [61050/120000]	lr: 1.000e-04, eta: 22:01:37, time: 1.111, data_time: 0.012, memory: 37111, loss_mask: 0.0549, loss_texture: 0.0268, iou: 0.9105, loss: 0.0817
2026-05-02 10:03:29,310 - mmdet - INFO - Iter [61075/120000]	lr: 1.000e-04, eta: 22:00:58, time: 1.111, data_time: 0.012, memory: 37111, loss_mask: 0.0603, loss_texture: 0.0283, iou: 0.8953, loss: 0.0886
2026-05-02 10:03:57,117 - mmdet - INFO - Iter [61100/120000]	lr: 1.000e-04, eta: 22:00:18, time: 1.112, data_time: 0.012, memory: 37111, loss_mask: 0.0520, loss_texture: 0.0244, iou: 0.9135, loss: 0.0764
2026-05-02 10:04:24,963 - mmdet - INFO - Iter [61125/120000]	lr: 1.000e-04, eta: 21:59:39, time: 1.114, data_time: 0.012, memory: 37111, loss_mask: 0.0548, loss_texture: 0.0258, iou: 0.9158, loss: 0.0806
2026-05-02 10:04:52,630 - mmdet - INFO - Iter [61150/120000]	lr: 1.000e-04, eta: 21:59:00, time: 1.107, data_time: 0.012, memory: 37111, loss_mask: 0.0493, loss_texture: 0.0232, iou: 0.9126, loss: 0.0726
2026-05-02 10:05:20,282 - mmdet - INFO - Iter [61175/120000]	lr: 1.000e-04, eta: 21:58:21, time: 1.106, data_time: 0.012, memory: 37111, loss_mask: 0.0564, loss_texture: 0.0266, iou: 0.9190, loss: 0.0830
2026-05-02 10:05:48,145 - mmdet - INFO - Iter [61200/120000]	lr: 1.000e-04, eta: 21:57:41, time: 1.114, data_time: 0.012, memory: 37111, loss_mask: 0.0631, loss_texture: 0.0294, iou: 0.9071, loss: 0.0926
2026-05-02 10:06:15,904 - mmdet - INFO - Iter [61225/120000]	lr: 1.000e-04, eta: 21:57:02, time: 1.110, data_time: 0.012, memory: 37111, loss_mask: 0.0490, loss_texture: 0.0237, iou: 0.9064, loss: 0.0727
2026-05-02 10:06:43,609 - mmdet - INFO - Iter [61250/120000]	lr: 1.000e-04, eta: 21:56:23, time: 1.108, data_time: 0.012, memory: 37111, loss_mask: 0.0539, loss_texture: 0.0255, iou: 0.8972, loss: 0.0794
2026-05-02 10:07:11,391 - mmdet - INFO - Iter [61275/120000]	lr: 1.000e-04, eta: 21:55:44, time: 1.111, data_time: 0.012, memory: 37111, loss_mask: 0.0602, loss_texture: 0.0284, iou: 0.9104, loss: 0.0887
2026-05-02 10:07:39,176 - mmdet - INFO - Iter [61300/120000]	lr: 1.000e-04, eta: 21:55:04, time: 1.111, data_time: 0.012, memory: 37111, loss_mask: 0.0621, loss_texture: 0.0287, iou: 0.8929, loss: 0.0908
2026-05-02 10:08:07,005 - mmdet - INFO - Iter [61325/120000]	lr: 1.000e-04, eta: 21:54:25, time: 1.113, data_time: 0.012, memory: 37111, loss_mask: 0.0484, loss_texture: 0.0238, iou: 0.9150, loss: 0.0721
2026-05-02 10:08:35,114 - mmdet - INFO - Iter [61350/120000]	lr: 1.000e-04, eta: 21:53:46, time: 1.124, data_time: 0.012, memory: 37111, loss_mask: 0.0682, loss_texture: 0.0322, iou: 0.9049, loss: 0.1004
2026-05-02 10:09:02,802 - mmdet - INFO - Iter [61375/120000]	lr: 1.000e-04, eta: 21:53:07, time: 1.108, data_time: 0.012, memory: 37111, loss_mask: 0.0575, loss_texture: 0.0266, iou: 0.9086, loss: 0.0841
2026-05-02 10:09:30,484 - mmdet - INFO - Iter [61400/120000]	lr: 1.000e-04, eta: 21:52:28, time: 1.107, data_time: 0.011, memory: 37111, loss_mask: 0.0542, loss_texture: 0.0259, iou: 0.9083, loss: 0.0801
2026-05-02 10:09:58,324 - mmdet - INFO - Iter [61425/120000]	lr: 1.000e-04, eta: 21:51:49, time: 1.114, data_time: 0.012, memory: 37111, loss_mask: 0.0617, loss_texture: 0.0292, iou: 0.8993, loss: 0.0909
2026-05-02 10:10:26,063 - mmdet - INFO - Iter [61450/120000]	lr: 1.000e-04, eta: 21:51:10, time: 1.110, data_time: 0.012, memory: 37111, loss_mask: 0.0533, loss_texture: 0.0246, iou: 0.9138, loss: 0.0779
2026-05-02 10:10:53,740 - mmdet - INFO - Iter [61475/120000]	lr: 1.000e-04, eta: 21:50:31, time: 1.107, data_time: 0.011, memory: 37111, loss_mask: 0.0537, loss_texture: 0.0254, iou: 0.8974, loss: 0.0791
2026-05-02 10:11:21,533 - mmdet - INFO - 
--- Val evaluation at iter 61500 ---
2026-05-02 10:13:18,118 - mmdet - INFO - 
+------------+-------------+-------------+
| Class      | Val IoU     | Pseudo IoU  |
+------------+-------------+-------------+
| background | 92.57       | 92.68       |
| building   | 68.58       | 69.14       |
| Summary    | mIoU: 80.58 | mIoU: 80.91 |
+------------+-------------+-------------+
Images evaluated: 218
2026-05-02 10:13:19,491 - mmdet - INFO - Iter [61500/120000]	lr: 1.000e-04, eta: 21:49:51, time: 1.112, data_time: 0.012, memory: 37111, val/mIoU: 0.8058, val/IoU.building: 0.6858, val/IoU.background: 0.9257, val/Pseudo_mIoU: 0.8091, loss_mask: 0.0607, loss_texture: 0.0279, iou: 0.9044, loss: 0.0887
2026-05-02 10:13:47,011 - mmdet - INFO - Iter [61525/120000]	lr: 1.000e-04, eta: 21:51:04, time: 5.819, data_time: 4.730, memory: 37111, loss_mask: 0.0593, loss_texture: 0.0281, iou: 0.8955, loss: 0.0874
2026-05-02 10:14:14,558 - mmdet - INFO - Iter [61550/120000]	lr: 1.000e-04, eta: 21:50:25, time: 1.102, data_time: 0.012, memory: 37111, loss_mask: 0.0511, loss_texture: 0.0240, iou: 0.9113, loss: 0.0750
2026-05-02 10:14:42,066 - mmdet - INFO - Iter [61575/120000]	lr: 1.000e-04, eta: 21:49:45, time: 1.100, data_time: 0.012, memory: 37111, loss_mask: 0.0536, loss_texture: 0.0260, iou: 0.9104, loss: 0.0795
2026-05-02 10:15:09,771 - mmdet - INFO - Iter [61600/120000]	lr: 1.000e-04, eta: 21:49:06, time: 1.108, data_time: 0.012, memory: 37111, loss_mask: 0.0593, loss_texture: 0.0276, iou: 0.9055, loss: 0.0869
2026-05-02 10:15:37,462 - mmdet - INFO - Iter [61625/120000]	lr: 1.000e-04, eta: 21:48:27, time: 1.108, data_time: 0.012, memory: 37111, loss_mask: 0.0559, loss_texture: 0.0261, iou: 0.9116, loss: 0.0820
2026-05-02 10:16:05,384 - mmdet - INFO - Iter [61650/120000]	lr: 1.000e-04, eta: 21:47:48, time: 1.117, data_time: 0.012, memory: 37111, loss_mask: 0.0576, loss_texture: 0.0282, iou: 0.9125, loss: 0.0859
2026-05-02 10:16:33,049 - mmdet - INFO - Iter [61675/120000]	lr: 1.000e-04, eta: 21:47:09, time: 1.107, data_time: 0.012, memory: 37111, loss_mask: 0.0523, loss_texture: 0.0252, iou: 0.9000, loss: 0.0775
2026-05-02 10:17:00,727 - mmdet - INFO - Iter [61700/120000]	lr: 1.000e-04, eta: 21:46:29, time: 1.107, data_time: 0.011, memory: 37111, loss_mask: 0.0558, loss_texture: 0.0266, iou: 0.9105, loss: 0.0824
2026-05-02 10:17:28,339 - mmdet - INFO - Iter [61725/120000]	lr: 1.000e-04, eta: 21:45:50, time: 1.104, data_time: 0.012, memory: 37111, loss_mask: 0.0590, loss_texture: 0.0282, iou: 0.8990, loss: 0.0873
2026-05-02 10:17:55,879 - mmdet - INFO - Iter [61750/120000]	lr: 1.000e-04, eta: 21:45:11, time: 1.102, data_time: 0.012, memory: 37111, loss_mask: 0.0535, loss_texture: 0.0254, iou: 0.9087, loss: 0.0789
2026-05-02 10:18:23,370 - mmdet - INFO - Iter [61775/120000]	lr: 1.000e-04, eta: 21:44:31, time: 1.100, data_time: 0.012, memory: 37111, loss_mask: 0.0524, loss_texture: 0.0246, iou: 0.9057, loss: 0.0770
2026-05-02 10:18:50,892 - mmdet - INFO - Iter [61800/120000]	lr: 1.000e-04, eta: 21:43:52, time: 1.101, data_time: 0.011, memory: 37111, loss_mask: 0.0574, loss_texture: 0.0280, iou: 0.9029, loss: 0.0853
2026-05-02 10:19:18,622 - mmdet - INFO - Iter [61825/120000]	lr: 1.000e-04, eta: 21:43:13, time: 1.109, data_time: 0.012, memory: 37111, loss_mask: 0.0521, loss_texture: 0.0246, iou: 0.9059, loss: 0.0767
2026-05-02 10:19:46,396 - mmdet - INFO - Iter [61850/120000]	lr: 1.000e-04, eta: 21:42:34, time: 1.111, data_time: 0.012, memory: 37111, loss_mask: 0.0575, loss_texture: 0.0262, iou: 0.8874, loss: 0.0837
2026-05-02 10:20:14,129 - mmdet - INFO - Iter [61875/120000]	lr: 1.000e-04, eta: 21:41:55, time: 1.109, data_time: 0.012, memory: 37111, loss_mask: 0.0584, loss_texture: 0.0268, iou: 0.9110, loss: 0.0852
2026-05-02 10:20:41,904 - mmdet - INFO - Iter [61900/120000]	lr: 1.000e-04, eta: 21:41:16, time: 1.111, data_time: 0.012, memory: 37111, loss_mask: 0.0655, loss_texture: 0.0303, iou: 0.9027, loss: 0.0958
2026-05-02 10:21:09,523 - mmdet - INFO - Iter [61925/120000]	lr: 1.000e-04, eta: 21:40:36, time: 1.105, data_time: 0.012, memory: 37111, loss_mask: 0.0526, loss_texture: 0.0257, iou: 0.8924, loss: 0.0784
2026-05-02 10:21:37,216 - mmdet - INFO - Iter [61950/120000]	lr: 1.000e-04, eta: 21:39:57, time: 1.108, data_time: 0.012, memory: 37111, loss_mask: 0.0564, loss_texture: 0.0264, iou: 0.9189, loss: 0.0828
2026-05-02 10:22:04,840 - mmdet - INFO - Iter [61975/120000]	lr: 1.000e-04, eta: 21:39:18, time: 1.105, data_time: 0.011, memory: 37111, loss_mask: 0.0537, loss_texture: 0.0251, iou: 0.9022, loss: 0.0788
2026-05-02 10:22:32,668 - mmdet - INFO - 
--- Val evaluation at iter 62000 ---
2026-05-02 10:24:28,462 - mmdet - INFO - 
+------------+-------------+-------------+
| Class      | Val IoU     | Pseudo IoU  |
+------------+-------------+-------------+
| background | 92.36       | 92.68       |
| building   | 67.32       | 69.14       |
| Summary    | mIoU: 79.84 | mIoU: 80.91 |
+------------+-------------+-------------+
Images evaluated: 218
2026-05-02 10:24:29,821 - mmdet - INFO - Exp name: exp8_all.py
2026-05-02 10:24:29,821 - mmdet - INFO - Iter [62000/120000]	lr: 1.000e-04, eta: 21:38:39, time: 1.113, data_time: 0.011, memory: 37111, val/mIoU: 0.7984, val/IoU.building: 0.6732, val/IoU.background: 0.9236, val/Pseudo_mIoU: 0.8091, loss_mask: 0.0561, loss_texture: 0.0270, iou: 0.9128, loss: 0.0831
2026-05-02 10:24:57,569 - mmdet - INFO - Iter [62025/120000]	lr: 1.000e-04, eta: 21:39:50, time: 5.796, data_time: 4.698, memory: 37111, loss_mask: 0.0551, loss_texture: 0.0267, iou: 0.9241, loss: 0.0818
2026-05-02 10:25:25,225 - mmdet - INFO - Iter [62050/120000]	lr: 1.000e-04, eta: 21:39:10, time: 1.106, data_time: 0.012, memory: 37111, loss_mask: 0.0551, loss_texture: 0.0261, iou: 0.9059, loss: 0.0812
2026-05-02 10:25:53,004 - mmdet - INFO - Iter [62075/120000]	lr: 1.000e-04, eta: 21:38:31, time: 1.111, data_time: 0.012, memory: 37111, loss_mask: 0.0561, loss_texture: 0.0273, iou: 0.9045, loss: 0.0834
2026-05-02 10:26:20,651 - mmdet - INFO - Iter [62100/120000]	lr: 1.000e-04, eta: 21:37:52, time: 1.106, data_time: 0.011, memory: 37111, loss_mask: 0.0565, loss_texture: 0.0273, iou: 0.9100, loss: 0.0839
2026-05-02 10:26:48,290 - mmdet - INFO - Iter [62125/120000]	lr: 1.000e-04, eta: 21:37:13, time: 1.106, data_time: 0.012, memory: 37111, loss_mask: 0.0519, loss_texture: 0.0257, iou: 0.9138, loss: 0.0775
2026-05-02 10:27:15,950 - mmdet - INFO - Iter [62150/120000]	lr: 1.000e-04, eta: 21:36:34, time: 1.106, data_time: 0.012, memory: 37111, loss_mask: 0.0466, loss_texture: 0.0227, iou: 0.9032, loss: 0.0693
2026-05-02 10:27:43,577 - mmdet - INFO - Iter [62175/120000]	lr: 1.000e-04, eta: 21:35:55, time: 1.105, data_time: 0.012, memory: 37111, loss_mask: 0.0572, loss_texture: 0.0277, iou: 0.9122, loss: 0.0850
2026-05-02 10:28:11,289 - mmdet - INFO - Iter [62200/120000]	lr: 1.000e-04, eta: 21:35:15, time: 1.108, data_time: 0.012, memory: 37111, loss_mask: 0.0522, loss_texture: 0.0249, iou: 0.9057, loss: 0.0771
2026-05-02 10:28:39,025 - mmdet - INFO - Iter [62225/120000]	lr: 1.000e-04, eta: 21:34:36, time: 1.109, data_time: 0.012, memory: 37111, loss_mask: 0.0616, loss_texture: 0.0283, iou: 0.9077, loss: 0.0899
2026-05-02 10:29:06,706 - mmdet - INFO - Iter [62250/120000]	lr: 1.000e-04, eta: 21:33:57, time: 1.107, data_time: 0.012, memory: 37111, loss_mask: 0.0587, loss_texture: 0.0272, iou: 0.9095, loss: 0.0860
2026-05-02 10:29:34,381 - mmdet - INFO - Iter [62275/120000]	lr: 1.000e-04, eta: 21:33:18, time: 1.107, data_time: 0.012, memory: 37111, loss_mask: 0.0555, loss_texture: 0.0258, iou: 0.9050, loss: 0.0813
2026-05-02 10:30:01,947 - mmdet - INFO - Iter [62300/120000]	lr: 1.000e-04, eta: 21:32:39, time: 1.103, data_time: 0.012, memory: 37111, loss_mask: 0.0557, loss_texture: 0.0261, iou: 0.9014, loss: 0.0818
2026-05-02 10:30:29,534 - mmdet - INFO - Iter [62325/120000]	lr: 1.000e-04, eta: 21:32:00, time: 1.103, data_time: 0.012, memory: 37111, loss_mask: 0.0601, loss_texture: 0.0279, iou: 0.9020, loss: 0.0879
2026-05-02 10:30:57,193 - mmdet - INFO - Iter [62350/120000]	lr: 1.000e-04, eta: 21:31:21, time: 1.106, data_time: 0.012, memory: 37111, loss_mask: 0.0488, loss_texture: 0.0230, iou: 0.9032, loss: 0.0718
2026-05-02 10:31:25,035 - mmdet - INFO - Iter [62375/120000]	lr: 1.000e-04, eta: 21:30:42, time: 1.114, data_time: 0.012, memory: 37111, loss_mask: 0.0636, loss_texture: 0.0295, iou: 0.9142, loss: 0.0931
2026-05-02 10:31:53,154 - mmdet - INFO - Iter [62400/120000]	lr: 1.000e-04, eta: 21:30:03, time: 1.125, data_time: 0.012, memory: 37111, loss_mask: 0.0495, loss_texture: 0.0238, iou: 0.9143, loss: 0.0732
2026-05-02 10:32:21,061 - mmdet - INFO - Iter [62425/120000]	lr: 1.000e-04, eta: 21:29:24, time: 1.116, data_time: 0.012, memory: 37111, loss_mask: 0.0537, loss_texture: 0.0250, iou: 0.9106, loss: 0.0787
2026-05-02 10:32:48,756 - mmdet - INFO - Iter [62450/120000]	lr: 1.000e-04, eta: 21:28:45, time: 1.108, data_time: 0.011, memory: 37111, loss_mask: 0.0519, loss_texture: 0.0258, iou: 0.9099, loss: 0.0777
2026-05-02 10:33:16,711 - mmdet - INFO - Iter [62475/120000]	lr: 1.000e-04, eta: 21:28:06, time: 1.118, data_time: 0.012, memory: 37111, loss_mask: 0.0617, loss_texture: 0.0294, iou: 0.9093, loss: 0.0911
2026-05-02 10:33:44,603 - mmdet - INFO - 
--- Val evaluation at iter 62500 ---
2026-05-02 10:35:40,256 - mmdet - INFO - 
+------------+-------------+-------------+
| Class      | Val IoU     | Pseudo IoU  |
+------------+-------------+-------------+
| background | 92.34       | 92.68       |
| building   | 67.23       | 69.14       |
| Summary    | mIoU: 79.78 | mIoU: 80.91 |
+------------+-------------+-------------+
Images evaluated: 218
2026-05-02 10:35:41,605 - mmdet - INFO - Iter [62500/120000]	lr: 1.000e-04, eta: 21:27:28, time: 1.116, data_time: 0.012, memory: 37111, val/mIoU: 0.7978, val/IoU.building: 0.6723, val/IoU.background: 0.9234, val/Pseudo_mIoU: 0.8091, loss_mask: 0.0589, loss_texture: 0.0272, iou: 0.9088, loss: 0.0860
2026-05-02 10:36:09,103 - mmdet - INFO - Iter [62525/120000]	lr: 1.000e-04, eta: 21:28:36, time: 5.780, data_time: 4.692, memory: 37111, loss_mask: 0.0484, loss_texture: 0.0230, iou: 0.8884, loss: 0.0714
2026-05-02 10:36:36,731 - mmdet - INFO - Iter [62550/120000]	lr: 1.000e-04, eta: 21:27:57, time: 1.105, data_time: 0.012, memory: 37111, loss_mask: 0.0546, loss_texture: 0.0262, iou: 0.9052, loss: 0.0809
2026-05-02 10:37:04,504 - mmdet - INFO - Iter [62575/120000]	lr: 1.000e-04, eta: 21:27:18, time: 1.111, data_time: 0.012, memory: 37111, loss_mask: 0.0507, loss_texture: 0.0236, iou: 0.9068, loss: 0.0743
2026-05-02 10:37:32,352 - mmdet - INFO - Iter [62600/120000]	lr: 1.000e-04, eta: 21:26:39, time: 1.114, data_time: 0.013, memory: 37111, loss_mask: 0.0477, loss_texture: 0.0228, iou: 0.9032, loss: 0.0705
2026-05-02 10:38:00,074 - mmdet - INFO - Iter [62625/120000]	lr: 1.000e-04, eta: 21:26:00, time: 1.109, data_time: 0.012, memory: 37111, loss_mask: 0.0551, loss_texture: 0.0260, iou: 0.9131, loss: 0.0811
2026-05-02 10:38:27,707 - mmdet - INFO - Iter [62650/120000]	lr: 1.000e-04, eta: 21:25:21, time: 1.105, data_time: 0.012, memory: 37111, loss_mask: 0.0526, loss_texture: 0.0254, iou: 0.9201, loss: 0.0779
2026-05-02 10:38:55,372 - mmdet - INFO - Iter [62675/120000]	lr: 1.000e-04, eta: 21:24:42, time: 1.107, data_time: 0.012, memory: 37111, loss_mask: 0.0479, loss_texture: 0.0239, iou: 0.9226, loss: 0.0719
2026-05-02 10:39:23,132 - mmdet - INFO - Iter [62700/120000]	lr: 1.000e-04, eta: 21:24:03, time: 1.110, data_time: 0.012, memory: 37111, loss_mask: 0.0552, loss_texture: 0.0264, iou: 0.9018, loss: 0.0816
2026-05-02 10:39:50,954 - mmdet - INFO - Iter [62725/120000]	lr: 1.000e-04, eta: 21:23:24, time: 1.113, data_time: 0.012, memory: 37111, loss_mask: 0.0569, loss_texture: 0.0269, iou: 0.9113, loss: 0.0838
2026-05-02 10:40:18,773 - mmdet - INFO - Iter [62750/120000]	lr: 1.000e-04, eta: 21:22:45, time: 1.113, data_time: 0.011, memory: 37111, loss_mask: 0.0623, loss_texture: 0.0292, iou: 0.9037, loss: 0.0916
2026-05-02 10:40:46,526 - mmdet - INFO - Iter [62775/120000]	lr: 1.000e-04, eta: 21:22:06, time: 1.110, data_time: 0.012, memory: 37111, loss_mask: 0.0479, loss_texture: 0.0234, iou: 0.8947, loss: 0.0713
2026-05-02 10:41:14,384 - mmdet - INFO - Iter [62800/120000]	lr: 1.000e-04, eta: 21:21:27, time: 1.114, data_time: 0.012, memory: 37111, loss_mask: 0.0550, loss_texture: 0.0267, iou: 0.9027, loss: 0.0817
2026-05-02 10:41:42,190 - mmdet - INFO - Iter [62825/120000]	lr: 1.000e-04, eta: 21:20:48, time: 1.112, data_time: 0.011, memory: 37111, loss_mask: 0.0524, loss_texture: 0.0243, iou: 0.9097, loss: 0.0767
2026-05-02 10:42:09,787 - mmdet - INFO - Iter [62850/120000]	lr: 1.000e-04, eta: 21:20:09, time: 1.104, data_time: 0.012, memory: 37111, loss_mask: 0.0582, loss_texture: 0.0265, iou: 0.9047, loss: 0.0847
2026-05-02 10:42:37,795 - mmdet - INFO - Iter [62875/120000]	lr: 1.000e-04, eta: 21:19:31, time: 1.120, data_time: 0.012, memory: 37111, loss_mask: 0.0562, loss_texture: 0.0274, iou: 0.9026, loss: 0.0836
2026-05-02 10:43:05,848 - mmdet - INFO - Iter [62900/120000]	lr: 1.000e-04, eta: 21:18:52, time: 1.122, data_time: 0.013, memory: 37111, loss_mask: 0.0570, loss_texture: 0.0264, iou: 0.9076, loss: 0.0834
2026-05-02 10:43:33,838 - mmdet - INFO - Iter [62925/120000]	lr: 1.000e-04, eta: 21:18:13, time: 1.120, data_time: 0.012, memory: 37111, loss_mask: 0.0568, loss_texture: 0.0261, iou: 0.9065, loss: 0.0829
2026-05-02 10:44:01,480 - mmdet - INFO - Iter [62950/120000]	lr: 1.000e-04, eta: 21:17:34, time: 1.106, data_time: 0.011, memory: 37111, loss_mask: 0.0533, loss_texture: 0.0259, iou: 0.9282, loss: 0.0791
2026-05-02 10:44:29,159 - mmdet - INFO - Iter [62975/120000]	lr: 1.000e-04, eta: 21:16:55, time: 1.107, data_time: 0.012, memory: 37111, loss_mask: 0.0519, loss_texture: 0.0241, iou: 0.8998, loss: 0.0761
2026-05-02 10:44:56,826 - mmdet - INFO - 
--- Val evaluation at iter 63000 ---
2026-05-02 10:46:53,721 - mmdet - INFO - 
+------------+-------------+-------------+
| Class      | Val IoU     | Pseudo IoU  |
+------------+-------------+-------------+
| background | 92.42       | 92.68       |
| building   | 67.50       | 69.14       |
| Summary    | mIoU: 79.96 | mIoU: 80.91 |
+------------+-------------+-------------+
Images evaluated: 218
2026-05-02 10:46:55,094 - mmdet - INFO - Exp name: exp8_all.py
2026-05-02 10:46:55,094 - mmdet - INFO - Iter [63000/120000]	lr: 1.000e-04, eta: 21:16:16, time: 1.107, data_time: 0.012, memory: 37111, val/mIoU: 0.7996, val/IoU.building: 0.6750, val/IoU.background: 0.9242, val/Pseudo_mIoU: 0.8091, loss_mask: 0.0495, loss_texture: 0.0241, iou: 0.9097, loss: 0.0736
2026-05-02 10:47:22,840 - mmdet - INFO - Iter [63025/120000]	lr: 1.000e-04, eta: 21:17:24, time: 5.841, data_time: 4.743, memory: 37111, loss_mask: 0.0534, loss_texture: 0.0257, iou: 0.9232, loss: 0.0792
2026-05-02 10:47:50,455 - mmdet - INFO - Iter [63050/120000]	lr: 1.000e-04, eta: 21:16:45, time: 1.105, data_time: 0.012, memory: 37111, loss_mask: 0.0482, loss_texture: 0.0231, iou: 0.9059, loss: 0.0714
2026-05-02 10:48:18,210 - mmdet - INFO - Iter [63075/120000]	lr: 1.000e-04, eta: 21:16:06, time: 1.110, data_time: 0.011, memory: 37111, loss_mask: 0.0650, loss_texture: 0.0310, iou: 0.9039, loss: 0.0960
2026-05-02 10:48:45,893 - mmdet - INFO - Iter [63100/120000]	lr: 1.000e-04, eta: 21:15:27, time: 1.107, data_time: 0.012, memory: 37111, loss_mask: 0.0562, loss_texture: 0.0264, iou: 0.8990, loss: 0.0826
2026-05-02 10:49:13,614 - mmdet - INFO - Iter [63125/120000]	lr: 1.000e-04, eta: 21:14:48, time: 1.109, data_time: 0.012, memory: 37111, loss_mask: 0.0530, loss_texture: 0.0255, iou: 0.9158, loss: 0.0785
2026-05-02 10:49:41,059 - mmdet - INFO - Iter [63150/120000]	lr: 1.000e-04, eta: 21:14:09, time: 1.098, data_time: 0.011, memory: 37111, loss_mask: 0.0510, loss_texture: 0.0240, iou: 0.8901, loss: 0.0750
2026-05-02 10:50:08,583 - mmdet - INFO - Iter [63175/120000]	lr: 1.000e-04, eta: 21:13:30, time: 1.101, data_time: 0.011, memory: 37111, loss_mask: 0.0589, loss_texture: 0.0285, iou: 0.9073, loss: 0.0874
2026-05-02 10:50:36,031 - mmdet - INFO - Iter [63200/120000]	lr: 1.000e-04, eta: 21:12:51, time: 1.098, data_time: 0.012, memory: 37111, loss_mask: 0.0608, loss_texture: 0.0289, iou: 0.9134, loss: 0.0897
2026-05-02 10:51:03,429 - mmdet - INFO - Iter [63225/120000]	lr: 1.000e-04, eta: 21:12:12, time: 1.096, data_time: 0.012, memory: 37111, loss_mask: 0.0479, loss_texture: 0.0229, iou: 0.9068, loss: 0.0708
2026-05-02 10:51:30,872 - mmdet - INFO - Iter [63250/120000]	lr: 1.000e-04, eta: 21:11:33, time: 1.098, data_time: 0.012, memory: 37111, loss_mask: 0.0538, loss_texture: 0.0248, iou: 0.9044, loss: 0.0786
2026-05-02 10:51:58,331 - mmdet - INFO - Iter [63275/120000]	lr: 1.000e-04, eta: 21:10:54, time: 1.098, data_time: 0.011, memory: 37111, loss_mask: 0.0491, loss_texture: 0.0242, iou: 0.9197, loss: 0.0733
2026-05-02 10:52:25,880 - mmdet - INFO - Iter [63300/120000]	lr: 1.000e-04, eta: 21:10:15, time: 1.102, data_time: 0.012, memory: 37111, loss_mask: 0.0549, loss_texture: 0.0260, iou: 0.9160, loss: 0.0809
2026-05-02 10:52:53,613 - mmdet - INFO - Iter [63325/120000]	lr: 1.000e-04, eta: 21:09:36, time: 1.109, data_time: 0.012, memory: 37111, loss_mask: 0.0643, loss_texture: 0.0301, iou: 0.9008, loss: 0.0944
2026-05-02 10:53:21,478 - mmdet - INFO - Iter [63350/120000]	lr: 1.000e-04, eta: 21:08:57, time: 1.115, data_time: 0.012, memory: 37111, loss_mask: 0.0586, loss_texture: 0.0281, iou: 0.9079, loss: 0.0867
2026-05-02 10:53:49,268 - mmdet - INFO - Iter [63375/120000]	lr: 1.000e-04, eta: 21:08:18, time: 1.112, data_time: 0.012, memory: 37111, loss_mask: 0.0569, loss_texture: 0.0261, iou: 0.9026, loss: 0.0830
2026-05-02 10:54:16,964 - mmdet - INFO - Iter [63400/120000]	lr: 1.000e-04, eta: 21:07:39, time: 1.108, data_time: 0.012, memory: 37111, loss_mask: 0.0473, loss_texture: 0.0227, iou: 0.8995, loss: 0.0700
2026-05-02 10:54:44,493 - mmdet - INFO - Iter [63425/120000]	lr: 1.000e-04, eta: 21:07:00, time: 1.101, data_time: 0.012, memory: 37111, loss_mask: 0.0524, loss_texture: 0.0251, iou: 0.9049, loss: 0.0775
2026-05-02 10:55:12,235 - mmdet - INFO - Iter [63450/120000]	lr: 1.000e-04, eta: 21:06:21, time: 1.110, data_time: 0.012, memory: 37111, loss_mask: 0.0547, loss_texture: 0.0266, iou: 0.8910, loss: 0.0813
2026-05-02 10:55:40,149 - mmdet - INFO - Iter [63475/120000]	lr: 1.000e-04, eta: 21:05:43, time: 1.117, data_time: 0.012, memory: 37111, loss_mask: 0.0633, loss_texture: 0.0300, iou: 0.9112, loss: 0.0934
2026-05-02 10:56:07,945 - mmdet - INFO - 
--- Val evaluation at iter 63500 ---
2026-05-02 10:58:03,844 - mmdet - INFO - 
+------------+-------------+-------------+
| Class      | Val IoU     | Pseudo IoU  |
+------------+-------------+-------------+
| background | 92.46       | 92.68       |
| building   | 67.81       | 69.14       |
| Summary    | mIoU: 80.13 | mIoU: 80.91 |
+------------+-------------+-------------+
Images evaluated: 218
2026-05-02 10:58:05,223 - mmdet - INFO - Iter [63500/120000]	lr: 1.000e-04, eta: 21:05:04, time: 1.112, data_time: 0.012, memory: 37111, val/mIoU: 0.8013, val/IoU.building: 0.6781, val/IoU.background: 0.9246, val/Pseudo_mIoU: 0.8091, loss_mask: 0.0590, loss_texture: 0.0285, iou: 0.9029, loss: 0.0875
2026-05-02 10:58:32,877 - mmdet - INFO - Iter [63525/120000]	lr: 1.000e-04, eta: 21:06:09, time: 5.797, data_time: 4.703, memory: 37111, loss_mask: 0.0576, loss_texture: 0.0276, iou: 0.8918, loss: 0.0852
2026-05-02 10:59:00,612 - mmdet - INFO - Iter [63550/120000]	lr: 1.000e-04, eta: 21:05:31, time: 1.109, data_time: 0.011, memory: 37111, loss_mask: 0.0541, loss_texture: 0.0253, iou: 0.9241, loss: 0.0795
2026-05-02 10:59:28,410 - mmdet - INFO - Iter [63575/120000]	lr: 1.000e-04, eta: 21:04:52, time: 1.112, data_time: 0.011, memory: 37111, loss_mask: 0.0565, loss_texture: 0.0263, iou: 0.9189, loss: 0.0829
2026-05-02 10:59:56,063 - mmdet - INFO - Iter [63600/120000]	lr: 1.000e-04, eta: 21:04:13, time: 1.106, data_time: 0.012, memory: 37111, loss_mask: 0.0574, loss_texture: 0.0264, iou: 0.9037, loss: 0.0839
2026-05-02 11:00:23,805 - mmdet - INFO - Iter [63625/120000]	lr: 1.000e-04, eta: 21:03:34, time: 1.110, data_time: 0.012, memory: 37111, loss_mask: 0.0543, loss_texture: 0.0262, iou: 0.9084, loss: 0.0805
2026-05-02 11:00:51,649 - mmdet - INFO - Iter [63650/120000]	lr: 1.000e-04, eta: 21:02:55, time: 1.114, data_time: 0.012, memory: 37111, loss_mask: 0.0529, loss_texture: 0.0254, iou: 0.9256, loss: 0.0783
2026-05-02 11:01:19,316 - mmdet - INFO - Iter [63675/120000]	lr: 1.000e-04, eta: 21:02:16, time: 1.107, data_time: 0.011, memory: 37111, loss_mask: 0.0521, loss_texture: 0.0245, iou: 0.9109, loss: 0.0766
2026-05-02 11:01:47,130 - mmdet - INFO - Iter [63700/120000]	lr: 1.000e-04, eta: 21:01:38, time: 1.113, data_time: 0.012, memory: 37111, loss_mask: 0.0579, loss_texture: 0.0280, iou: 0.9029, loss: 0.0858
2026-05-02 11:02:14,830 - mmdet - INFO - Iter [63725/120000]	lr: 1.000e-04, eta: 21:00:59, time: 1.108, data_time: 0.012, memory: 37111, loss_mask: 0.0547, loss_texture: 0.0263, iou: 0.8878, loss: 0.0810
2026-05-02 11:02:42,466 - mmdet - INFO - Iter [63750/120000]	lr: 1.000e-04, eta: 21:00:20, time: 1.105, data_time: 0.011, memory: 37111, loss_mask: 0.0583, loss_texture: 0.0271, iou: 0.9078, loss: 0.0855
2026-05-02 11:03:10,069 - mmdet - INFO - Iter [63775/120000]	lr: 1.000e-04, eta: 20:59:41, time: 1.104, data_time: 0.012, memory: 37111, loss_mask: 0.0570, loss_texture: 0.0263, iou: 0.9135, loss: 0.0833
2026-05-02 11:03:37,908 - mmdet - INFO - Iter [63800/120000]	lr: 1.000e-04, eta: 20:59:02, time: 1.114, data_time: 0.012, memory: 37111, loss_mask: 0.0621, loss_texture: 0.0290, iou: 0.9055, loss: 0.0911
2026-05-02 11:04:05,481 - mmdet - INFO - Iter [63825/120000]	lr: 1.000e-04, eta: 20:58:23, time: 1.103, data_time: 0.012, memory: 37111, loss_mask: 0.0622, loss_texture: 0.0290, iou: 0.9126, loss: 0.0912
2026-05-02 11:04:33,114 - mmdet - INFO - Iter [63850/120000]	lr: 1.000e-04, eta: 20:57:45, time: 1.105, data_time: 0.012, memory: 37111, loss_mask: 0.0620, loss_texture: 0.0285, iou: 0.8980, loss: 0.0905
2026-05-02 11:05:00,636 - mmdet - INFO - Iter [63875/120000]	lr: 1.000e-04, eta: 20:57:06, time: 1.101, data_time: 0.011, memory: 37111, loss_mask: 0.0556, loss_texture: 0.0267, iou: 0.9146, loss: 0.0823
2026-05-02 11:05:28,309 - mmdet - INFO - Iter [63900/120000]	lr: 1.000e-04, eta: 20:56:27, time: 1.107, data_time: 0.012, memory: 37111, loss_mask: 0.0559, loss_texture: 0.0266, iou: 0.9159, loss: 0.0825
2026-05-02 11:05:55,931 - mmdet - INFO - Iter [63925/120000]	lr: 1.000e-04, eta: 20:55:48, time: 1.105, data_time: 0.012, memory: 37111, loss_mask: 0.0504, loss_texture: 0.0241, iou: 0.9047, loss: 0.0745
2026-05-02 11:06:23,509 - mmdet - INFO - Iter [63950/120000]	lr: 1.000e-04, eta: 20:55:09, time: 1.103, data_time: 0.011, memory: 37111, loss_mask: 0.0547, loss_texture: 0.0261, iou: 0.9050, loss: 0.0808
2026-05-02 11:06:51,331 - mmdet - INFO - Iter [63975/120000]	lr: 1.000e-04, eta: 20:54:31, time: 1.113, data_time: 0.011, memory: 37111, loss_mask: 0.0556, loss_texture: 0.0267, iou: 0.9018, loss: 0.0824
2026-05-02 11:07:19,188 - mmdet - INFO - 
--- Val evaluation at iter 64000 ---
2026-05-02 11:09:15,658 - mmdet - INFO - 
+------------+-------------+-------------+
| Class      | Val IoU     | Pseudo IoU  |
+------------+-------------+-------------+
| background | 92.17       | 92.68       |
| building   | 66.22       | 69.14       |
| Summary    | mIoU: 79.20 | mIoU: 80.91 |
+------------+-------------+-------------+
Images evaluated: 218
2026-05-02 11:09:17,007 - mmdet - INFO - Exp name: exp8_all.py
2026-05-02 11:09:17,007 - mmdet - INFO - Iter [64000/120000]	lr: 1.000e-04, eta: 20:53:52, time: 1.114, data_time: 0.012, memory: 37111, val/mIoU: 0.7920, val/IoU.building: 0.6622, val/IoU.background: 0.9217, val/Pseudo_mIoU: 0.8091, loss_mask: 0.0607, loss_texture: 0.0283, iou: 0.8960, loss: 0.0890
2026-05-02 11:09:44,884 - mmdet - INFO - Iter [64025/120000]	lr: 1.000e-04, eta: 20:54:56, time: 5.828, data_time: 4.726, memory: 37111, loss_mask: 0.0557, loss_texture: 0.0265, iou: 0.9202, loss: 0.0822
2026-05-02 11:10:12,627 - mmdet - INFO - Iter [64050/120000]	lr: 1.000e-04, eta: 20:54:18, time: 1.110, data_time: 0.012, memory: 37111, loss_mask: 0.0594, loss_texture: 0.0285, iou: 0.9162, loss: 0.0880
2026-05-02 11:10:40,253 - mmdet - INFO - Iter [64075/120000]	lr: 1.000e-04, eta: 20:53:39, time: 1.105, data_time: 0.012, memory: 37111, loss_mask: 0.0524, loss_texture: 0.0257, iou: 0.8954, loss: 0.0781
2026-05-02 11:11:07,825 - mmdet - INFO - Iter [64100/120000]	lr: 1.000e-04, eta: 20:53:00, time: 1.103, data_time: 0.012, memory: 37111, loss_mask: 0.0543, loss_texture: 0.0257, iou: 0.9012, loss: 0.0800
2026-05-02 11:11:35,423 - mmdet - INFO - Iter [64125/120000]	lr: 1.000e-04, eta: 20:52:21, time: 1.104, data_time: 0.012, memory: 37111, loss_mask: 0.0548, loss_texture: 0.0259, iou: 0.9035, loss: 0.0806
2026-05-02 11:12:03,087 - mmdet - INFO - Iter [64150/120000]	lr: 1.000e-04, eta: 20:51:42, time: 1.107, data_time: 0.012, memory: 37111, loss_mask: 0.0587, loss_texture: 0.0278, iou: 0.8922, loss: 0.0865
2026-05-02 11:12:30,808 - mmdet - INFO - Iter [64175/120000]	lr: 1.000e-04, eta: 20:51:03, time: 1.109, data_time: 0.011, memory: 37111, loss_mask: 0.0503, loss_texture: 0.0239, iou: 0.9237, loss: 0.0742
2026-05-02 11:12:58,546 - mmdet - INFO - Iter [64200/120000]	lr: 1.000e-04, eta: 20:50:25, time: 1.110, data_time: 0.012, memory: 37111, loss_mask: 0.0528, loss_texture: 0.0254, iou: 0.9148, loss: 0.0782
2026-05-02 11:13:26,166 - mmdet - INFO - Iter [64225/120000]	lr: 1.000e-04, eta: 20:49:46, time: 1.105, data_time: 0.012, memory: 37111, loss_mask: 0.0618, loss_texture: 0.0298, iou: 0.9043, loss: 0.0915
2026-05-02 11:13:53,672 - mmdet - INFO - Iter [64250/120000]	lr: 1.000e-04, eta: 20:49:07, time: 1.100, data_time: 0.012, memory: 37111, loss_mask: 0.0607, loss_texture: 0.0287, iou: 0.9029, loss: 0.0894
2026-05-02 11:14:21,300 - mmdet - INFO - Iter [64275/120000]	lr: 1.000e-04, eta: 20:48:28, time: 1.105, data_time: 0.012, memory: 37111, loss_mask: 0.0568, loss_texture: 0.0268, iou: 0.9270, loss: 0.0836
2026-05-02 11:14:48,923 - mmdet - INFO - Iter [64300/120000]	lr: 1.000e-04, eta: 20:47:49, time: 1.105, data_time: 0.012, memory: 37111, loss_mask: 0.0573, loss_texture: 0.0257, iou: 0.8882, loss: 0.0830
2026-05-02 11:15:16,514 - mmdet - INFO - Iter [64325/120000]	lr: 1.000e-04, eta: 20:47:11, time: 1.104, data_time: 0.012, memory: 37111, loss_mask: 0.0582, loss_texture: 0.0249, iou: 0.8964, loss: 0.0831
2026-05-02 11:15:44,240 - mmdet - INFO - Iter [64350/120000]	lr: 1.000e-04, eta: 20:46:32, time: 1.109, data_time: 0.012, memory: 37111, loss_mask: 0.0577, loss_texture: 0.0267, iou: 0.8930, loss: 0.0844
2026-05-02 11:16:12,189 - mmdet - INFO - Iter [64375/120000]	lr: 1.000e-04, eta: 20:45:53, time: 1.118, data_time: 0.012, memory: 37111, loss_mask: 0.0626, loss_texture: 0.0290, iou: 0.9066, loss: 0.0916
2026-05-02 11:16:40,022 - mmdet - INFO - Iter [64400/120000]	lr: 1.000e-04, eta: 20:45:15, time: 1.113, data_time: 0.012, memory: 37111, loss_mask: 0.0661, loss_texture: 0.0297, iou: 0.9095, loss: 0.0958
2026-05-02 11:17:07,780 - mmdet - INFO - Iter [64425/120000]	lr: 1.000e-04, eta: 20:44:36, time: 1.110, data_time: 0.012, memory: 37111, loss_mask: 0.0604, loss_texture: 0.0268, iou: 0.9004, loss: 0.0872
2026-05-02 11:17:35,360 - mmdet - INFO - Iter [64450/120000]	lr: 1.000e-04, eta: 20:43:57, time: 1.103, data_time: 0.012, memory: 37111, loss_mask: 0.0744, loss_texture: 0.0292, iou: 0.8864, loss: 0.1037
2026-05-02 11:18:03,048 - mmdet - INFO - Iter [64475/120000]	lr: 1.000e-04, eta: 20:43:19, time: 1.107, data_time: 0.012, memory: 37111, loss_mask: 0.0910, loss_texture: 0.0339, iou: 0.8751, loss: 0.1249
2026-05-02 11:18:30,609 - mmdet - INFO - 
--- Val evaluation at iter 64500 ---
2026-05-02 11:20:27,837 - mmdet - INFO - 
+------------+-------------+-------------+
| Class      | Val IoU     | Pseudo IoU  |
+------------+-------------+-------------+
| background | 92.31       | 92.68       |
| building   | 67.43       | 69.14       |
| Summary    | mIoU: 79.87 | mIoU: 80.91 |
+------------+-------------+-------------+
Images evaluated: 218
2026-05-02 11:20:29,189 - mmdet - INFO - Iter [64500/120000]	lr: 1.000e-04, eta: 20:42:40, time: 1.102, data_time: 0.012, memory: 37111, val/mIoU: 0.7987, val/IoU.building: 0.6743, val/IoU.background: 0.9231, val/Pseudo_mIoU: 0.8091, loss_mask: 0.0698, loss_texture: 0.0266, iou: 0.8815, loss: 0.0964
2026-05-02 11:20:56,988 - mmdet - INFO - Iter [64525/120000]	lr: 1.000e-04, eta: 20:43:43, time: 5.855, data_time: 4.756, memory: 37111, loss_mask: 0.0702, loss_texture: 0.0294, iou: 0.8894, loss: 0.0996
2026-05-02 11:21:24,826 - mmdet - INFO - Iter [64550/120000]	lr: 1.000e-04, eta: 20:43:05, time: 1.114, data_time: 0.012, memory: 37111, loss_mask: 0.0713, loss_texture: 0.0290, iou: 0.8875, loss: 0.1003
2026-05-02 11:21:52,582 - mmdet - INFO - Iter [64575/120000]	lr: 1.000e-04, eta: 20:42:26, time: 1.110, data_time: 0.012, memory: 37111, loss_mask: 0.0597, loss_texture: 0.0262, iou: 0.8921, loss: 0.0859
2026-05-02 11:22:20,465 - mmdet - INFO - Iter [64600/120000]	lr: 1.000e-04, eta: 20:41:48, time: 1.115, data_time: 0.012, memory: 37111, loss_mask: 0.0701, loss_texture: 0.0299, iou: 0.9002, loss: 0.1000
2026-05-02 11:22:48,233 - mmdet - INFO - Iter [64625/120000]	lr: 1.000e-04, eta: 20:41:09, time: 1.111, data_time: 0.012, memory: 37111, loss_mask: 0.0673, loss_texture: 0.0295, iou: 0.9107, loss: 0.0968
2026-05-02 11:23:15,892 - mmdet - INFO - Iter [64650/120000]	lr: 1.000e-04, eta: 20:40:30, time: 1.106, data_time: 0.012, memory: 37111, loss_mask: 0.0749, loss_texture: 0.0309, iou: 0.8940, loss: 0.1058
2026-05-02 11:23:43,601 - mmdet - INFO - Iter [64675/120000]	lr: 1.000e-04, eta: 20:39:51, time: 1.108, data_time: 0.012, memory: 37111, loss_mask: 0.0968, loss_texture: 0.0321, iou: 0.8666, loss: 0.1289
2026-05-02 11:24:11,476 - mmdet - INFO - Iter [64700/120000]	lr: 1.000e-04, eta: 20:39:13, time: 1.115, data_time: 0.012, memory: 37111, loss_mask: 0.0885, loss_texture: 0.0316, iou: 0.8732, loss: 0.1201
2026-05-02 11:24:39,343 - mmdet - INFO - Iter [64725/120000]	lr: 1.000e-04, eta: 20:38:34, time: 1.115, data_time: 0.012, memory: 37111, loss_mask: 0.0733, loss_texture: 0.0290, iou: 0.8850, loss: 0.1023
2026-05-02 11:25:06,993 - mmdet - INFO - Iter [64750/120000]	lr: 1.000e-04, eta: 20:37:56, time: 1.106, data_time: 0.012, memory: 37111, loss_mask: 0.0687, loss_texture: 0.0260, iou: 0.8857, loss: 0.0946
2026-05-02 11:25:34,895 - mmdet - INFO - Iter [64775/120000]	lr: 1.000e-04, eta: 20:37:17, time: 1.116, data_time: 0.012, memory: 37111, loss_mask: 0.0703, loss_texture: 0.0277, iou: 0.8897, loss: 0.0980
2026-05-02 11:26:02,744 - mmdet - INFO - Iter [64800/120000]	lr: 1.000e-04, eta: 20:36:39, time: 1.114, data_time: 0.012, memory: 37111, loss_mask: 0.0715, loss_texture: 0.0309, iou: 0.8884, loss: 0.1024
2026-05-02 11:26:30,580 - mmdet - INFO - Iter [64825/120000]	lr: 1.000e-04, eta: 20:36:00, time: 1.113, data_time: 0.012, memory: 37111, loss_mask: 0.0641, loss_texture: 0.0271, iou: 0.8938, loss: 0.0912
2026-05-02 11:26:58,297 - mmdet - INFO - Iter [64850/120000]	lr: 1.000e-04, eta: 20:35:22, time: 1.109, data_time: 0.012, memory: 37111, loss_mask: 0.0674, loss_texture: 0.0300, iou: 0.9059, loss: 0.0973
2026-05-02 11:27:26,058 - mmdet - INFO - Iter [64875/120000]	lr: 1.000e-04, eta: 20:34:43, time: 1.110, data_time: 0.012, memory: 37111, loss_mask: 0.0639, loss_texture: 0.0296, iou: 0.8888, loss: 0.0936
2026-05-02 11:27:53,830 - mmdet - INFO - Iter [64900/120000]	lr: 1.000e-04, eta: 20:34:05, time: 1.111, data_time: 0.012, memory: 37111, loss_mask: 0.0539, loss_texture: 0.0258, iou: 0.8924, loss: 0.0798
2026-05-02 11:28:21,442 - mmdet - INFO - Iter [64925/120000]	lr: 1.000e-04, eta: 20:33:26, time: 1.104, data_time: 0.012, memory: 37111, loss_mask: 0.0604, loss_texture: 0.0279, iou: 0.8920, loss: 0.0883
2026-05-02 11:28:49,168 - mmdet - INFO - Iter [64950/120000]	lr: 1.000e-04, eta: 20:32:47, time: 1.109, data_time: 0.012, memory: 37111, loss_mask: 0.0505, loss_texture: 0.0230, iou: 0.9227, loss: 0.0735
2026-05-02 11:29:17,081 - mmdet - INFO - Iter [64975/120000]	lr: 1.000e-04, eta: 20:32:09, time: 1.117, data_time: 0.012, memory: 37111, loss_mask: 0.0623, loss_texture: 0.0277, iou: 0.9067, loss: 0.0901
2026-05-02 11:29:44,772 - mmdet - INFO - 
--- Val evaluation at iter 65000 ---
2026-05-02 11:31:41,439 - mmdet - INFO - 
+------------+-------------+-------------+
| Class      | Val IoU     | Pseudo IoU  |
+------------+-------------+-------------+
| background | 92.27       | 92.68       |
| building   | 66.82       | 69.14       |
| Summary    | mIoU: 79.55 | mIoU: 80.91 |
+------------+-------------+-------------+
Images evaluated: 218
2026-05-02 11:31:42,809 - mmdet - INFO - Exp name: exp8_all.py
2026-05-02 11:31:42,810 - mmdet - INFO - Iter [65000/120000]	lr: 1.000e-04, eta: 20:31:30, time: 1.108, data_time: 0.012, memory: 37111, val/mIoU: 0.7955, val/IoU.building: 0.6682, val/IoU.background: 0.9227, val/Pseudo_mIoU: 0.8091, loss_mask: 0.0642, loss_texture: 0.0288, iou: 0.8994, loss: 0.0930
2026-05-02 11:32:10,485 - mmdet - INFO - Iter [65025/120000]	lr: 1.000e-04, eta: 20:32:32, time: 5.829, data_time: 4.734, memory: 37111, loss_mask: 0.0586, loss_texture: 0.0252, iou: 0.9060, loss: 0.0838
2026-05-02 11:32:38,274 - mmdet - INFO - Iter [65050/120000]	lr: 1.000e-04, eta: 20:31:53, time: 1.112, data_time: 0.012, memory: 37111, loss_mask: 0.0519, loss_texture: 0.0237, iou: 0.9237, loss: 0.0756
2026-05-02 11:33:06,082 - mmdet - INFO - Iter [65075/120000]	lr: 1.000e-04, eta: 20:31:14, time: 1.112, data_time: 0.012, memory: 37111, loss_mask: 0.0587, loss_texture: 0.0276, iou: 0.8991, loss: 0.0863
2026-05-02 11:33:33,898 - mmdet - INFO - Iter [65100/120000]	lr: 1.000e-04, eta: 20:30:36, time: 1.113, data_time: 0.012, memory: 37111, loss_mask: 0.0624, loss_texture: 0.0284, iou: 0.8963, loss: 0.0909
2026-05-02 11:34:01,579 - mmdet - INFO - Iter [65125/120000]	lr: 1.000e-04, eta: 20:29:57, time: 1.107, data_time: 0.012, memory: 37111, loss_mask: 0.0613, loss_texture: 0.0278, iou: 0.9004, loss: 0.0891
2026-05-02 11:34:29,488 - mmdet - INFO - Iter [65150/120000]	lr: 1.000e-04, eta: 20:29:19, time: 1.116, data_time: 0.012, memory: 37111, loss_mask: 0.0666, loss_texture: 0.0307, iou: 0.9107, loss: 0.0973
2026-05-02 11:34:57,244 - mmdet - INFO - Iter [65175/120000]	lr: 1.000e-04, eta: 20:28:40, time: 1.110, data_time: 0.012, memory: 37111, loss_mask: 0.0607, loss_texture: 0.0284, iou: 0.8942, loss: 0.0891
2026-05-02 11:35:24,885 - mmdet - INFO - Iter [65200/120000]	lr: 1.000e-04, eta: 20:28:02, time: 1.106, data_time: 0.012, memory: 37111, loss_mask: 0.0610, loss_texture: 0.0285, iou: 0.8921, loss: 0.0895
2026-05-02 11:35:52,600 - mmdet - INFO - Iter [65225/120000]	lr: 1.000e-04, eta: 20:27:23, time: 1.109, data_time: 0.012, memory: 37111, loss_mask: 0.0536, loss_texture: 0.0247, iou: 0.9012, loss: 0.0783
2026-05-02 11:36:20,422 - mmdet - INFO - Iter [65250/120000]	lr: 1.000e-04, eta: 20:26:45, time: 1.113, data_time: 0.012, memory: 37111, loss_mask: 0.0515, loss_texture: 0.0245, iou: 0.9003, loss: 0.0760
2026-05-02 11:36:48,077 - mmdet - INFO - Iter [65275/120000]	lr: 1.000e-04, eta: 20:26:06, time: 1.106, data_time: 0.012, memory: 37111, loss_mask: 0.0561, loss_texture: 0.0267, iou: 0.8988, loss: 0.0828
2026-05-02 11:37:15,784 - mmdet - INFO - Iter [65300/120000]	lr: 1.000e-04, eta: 20:25:27, time: 1.108, data_time: 0.012, memory: 37111, loss_mask: 0.0515, loss_texture: 0.0249, iou: 0.9105, loss: 0.0764
2026-05-02 11:37:43,729 - mmdet - INFO - Iter [65325/120000]	lr: 1.000e-04, eta: 20:24:49, time: 1.118, data_time: 0.012, memory: 37111, loss_mask: 0.0640, loss_texture: 0.0299, iou: 0.8957, loss: 0.0938
2026-05-02 11:38:11,436 - mmdet - INFO - Iter [65350/120000]	lr: 1.000e-04, eta: 20:24:11, time: 1.108, data_time: 0.012, memory: 37111, loss_mask: 0.0552, loss_texture: 0.0264, iou: 0.9156, loss: 0.0816
2026-05-02 11:38:39,019 - mmdet - INFO - Iter [65375/120000]	lr: 1.000e-04, eta: 20:23:32, time: 1.103, data_time: 0.012, memory: 37111, loss_mask: 0.0559, loss_texture: 0.0267, iou: 0.9155, loss: 0.0826
2026-05-02 11:39:06,750 - mmdet - INFO - Iter [65400/120000]	lr: 1.000e-04, eta: 20:22:53, time: 1.109, data_time: 0.012, memory: 37111, loss_mask: 0.0566, loss_texture: 0.0265, iou: 0.9185, loss: 0.0832
2026-05-02 11:39:34,690 - mmdet - INFO - Iter [65425/120000]	lr: 1.000e-04, eta: 20:22:15, time: 1.118, data_time: 0.012, memory: 37111, loss_mask: 0.0561, loss_texture: 0.0260, iou: 0.9009, loss: 0.0821
2026-05-02 11:40:02,541 - mmdet - INFO - Iter [65450/120000]	lr: 1.000e-04, eta: 20:21:37, time: 1.114, data_time: 0.012, memory: 37111, loss_mask: 0.0572, loss_texture: 0.0264, iou: 0.9034, loss: 0.0836
2026-05-02 11:40:30,055 - mmdet - INFO - Iter [65475/120000]	lr: 1.000e-04, eta: 20:20:58, time: 1.101, data_time: 0.012, memory: 37111, loss_mask: 0.0617, loss_texture: 0.0262, iou: 0.8978, loss: 0.0878
2026-05-02 11:40:57,925 - mmdet - INFO - 
--- Val evaluation at iter 65500 ---
2026-05-02 11:42:54,711 - mmdet - INFO - 
+------------+-------------+-------------+
| Class      | Val IoU     | Pseudo IoU  |
+------------+-------------+-------------+
| background | 92.33       | 92.68       |
| building   | 67.08       | 69.14       |
| Summary    | mIoU: 79.70 | mIoU: 80.91 |
+------------+-------------+-------------+
Images evaluated: 218
2026-05-02 11:42:56,090 - mmdet - INFO - Iter [65500/120000]	lr: 1.000e-04, eta: 20:20:20, time: 1.115, data_time: 0.012, memory: 37111, val/mIoU: 0.7970, val/IoU.building: 0.6708, val/IoU.background: 0.9233, val/Pseudo_mIoU: 0.8091, loss_mask: 0.0603, loss_texture: 0.0280, iou: 0.9013, loss: 0.0883
2026-05-02 11:43:23,754 - mmdet - INFO - Iter [65525/120000]	lr: 1.000e-04, eta: 20:21:19, time: 5.833, data_time: 4.739, memory: 37111, loss_mask: 0.0610, loss_texture: 0.0286, iou: 0.9081, loss: 0.0897
2026-05-02 11:43:51,304 - mmdet - INFO - Iter [65550/120000]	lr: 1.000e-04, eta: 20:20:41, time: 1.102, data_time: 0.012, memory: 37111, loss_mask: 0.0581, loss_texture: 0.0263, iou: 0.8988, loss: 0.0844
2026-05-02 11:44:18,856 - mmdet - INFO - Iter [65575/120000]	lr: 1.000e-04, eta: 20:20:02, time: 1.102, data_time: 0.012, memory: 37111, loss_mask: 0.0571, loss_texture: 0.0264, iou: 0.9052, loss: 0.0835
2026-05-02 11:44:46,373 - mmdet - INFO - Iter [65600/120000]	lr: 1.000e-04, eta: 20:19:23, time: 1.101, data_time: 0.012, memory: 37111, loss_mask: 0.0511, loss_texture: 0.0241, iou: 0.9118, loss: 0.0752
2026-05-02 11:45:13,968 - mmdet - INFO - Iter [65625/120000]	lr: 1.000e-04, eta: 20:18:45, time: 1.104, data_time: 0.012, memory: 37111, loss_mask: 0.0565, loss_texture: 0.0270, iou: 0.9002, loss: 0.0834
2026-05-02 11:45:41,535 - mmdet - INFO - Iter [65650/120000]	lr: 1.000e-04, eta: 20:18:06, time: 1.103, data_time: 0.012, memory: 37111, loss_mask: 0.0536, loss_texture: 0.0244, iou: 0.9178, loss: 0.0780
2026-05-02 11:46:09,111 - mmdet - INFO - Iter [65675/120000]	lr: 1.000e-04, eta: 20:17:28, time: 1.103, data_time: 0.012, memory: 37111, loss_mask: 0.0519, loss_texture: 0.0249, iou: 0.8940, loss: 0.0768
2026-05-02 11:46:37,071 - mmdet - INFO - Iter [65700/120000]	lr: 1.000e-04, eta: 20:16:49, time: 1.118, data_time: 0.012, memory: 37111, loss_mask: 0.0574, loss_texture: 0.0269, iou: 0.9054, loss: 0.0843
2026-05-02 11:47:05,038 - mmdet - INFO - Iter [65725/120000]	lr: 1.000e-04, eta: 20:16:11, time: 1.119, data_time: 0.012, memory: 37111, loss_mask: 0.0597, loss_texture: 0.0278, iou: 0.8979, loss: 0.0874
2026-05-02 11:47:32,956 - mmdet - INFO - Iter [65750/120000]	lr: 1.000e-04, eta: 20:15:33, time: 1.117, data_time: 0.012, memory: 37111, loss_mask: 0.0684, loss_texture: 0.0306, iou: 0.8947, loss: 0.0990
2026-05-02 11:48:00,883 - mmdet - INFO - Iter [65775/120000]	lr: 1.000e-04, eta: 20:14:54, time: 1.117, data_time: 0.012, memory: 37111, loss_mask: 0.0546, loss_texture: 0.0258, iou: 0.9169, loss: 0.0805
2026-05-02 11:48:28,605 - mmdet - INFO - Iter [65800/120000]	lr: 1.000e-04, eta: 20:14:16, time: 1.109, data_time: 0.012, memory: 37111, loss_mask: 0.0497, loss_texture: 0.0232, iou: 0.9067, loss: 0.0729
2026-05-02 11:48:56,492 - mmdet - INFO - Iter [65825/120000]	lr: 1.000e-04, eta: 20:13:38, time: 1.115, data_time: 0.012, memory: 37111, loss_mask: 0.0584, loss_texture: 0.0273, iou: 0.9139, loss: 0.0856
2026-05-02 11:49:24,320 - mmdet - INFO - Iter [65850/120000]	lr: 1.000e-04, eta: 20:12:59, time: 1.113, data_time: 0.012, memory: 37111, loss_mask: 0.0526, loss_texture: 0.0256, iou: 0.9133, loss: 0.0782
2026-05-02 11:49:52,061 - mmdet - INFO - Iter [65875/120000]	lr: 1.000e-04, eta: 20:12:21, time: 1.110, data_time: 0.012, memory: 37111, loss_mask: 0.0657, loss_texture: 0.0303, iou: 0.9062, loss: 0.0960
2026-05-02 11:50:19,804 - mmdet - INFO - Iter [65900/120000]	lr: 1.000e-04, eta: 20:11:42, time: 1.110, data_time: 0.012, memory: 37111, loss_mask: 0.0543, loss_texture: 0.0262, iou: 0.9112, loss: 0.0805
2026-05-02 11:50:47,497 - mmdet - INFO - Iter [65925/120000]	lr: 1.000e-04, eta: 20:11:04, time: 1.108, data_time: 0.012, memory: 37111, loss_mask: 0.0519, loss_texture: 0.0252, iou: 0.8976, loss: 0.0771
2026-05-02 11:51:15,171 - mmdet - INFO - Iter [65950/120000]	lr: 1.000e-04, eta: 20:10:26, time: 1.107, data_time: 0.012, memory: 37111, loss_mask: 0.0564, loss_texture: 0.0269, iou: 0.8984, loss: 0.0833
2026-05-02 11:51:43,064 - mmdet - INFO - Iter [65975/120000]	lr: 1.000e-04, eta: 20:09:47, time: 1.116, data_time: 0.012, memory: 37111, loss_mask: 0.0552, loss_texture: 0.0266, iou: 0.9176, loss: 0.0817
2026-05-02 11:52:11,057 - mmdet - INFO - 
--- Val evaluation at iter 66000 ---
2026-05-02 11:54:08,070 - mmdet - INFO - 
+------------+-------------+-------------+
| Class      | Val IoU     | Pseudo IoU  |
+------------+-------------+-------------+
| background | 92.18       | 92.68       |
| building   | 66.10       | 69.14       |
| Summary    | mIoU: 79.14 | mIoU: 80.91 |
+------------+-------------+-------------+
Images evaluated: 218
2026-05-02 11:54:09,417 - mmdet - INFO - Exp name: exp8_all.py
2026-05-02 11:54:09,417 - mmdet - INFO - Iter [66000/120000]	lr: 1.000e-04, eta: 20:09:09, time: 1.120, data_time: 0.012, memory: 37111, val/mIoU: 0.7914, val/IoU.building: 0.6610, val/IoU.background: 0.9218, val/Pseudo_mIoU: 0.8091, loss_mask: 0.0570, loss_texture: 0.0273, iou: 0.9036, loss: 0.0842
2026-05-02 11:54:37,034 - mmdet - INFO - Iter [66025/120000]	lr: 1.000e-04, eta: 20:10:07, time: 5.839, data_time: 4.748, memory: 37111, loss_mask: 0.0570, loss_texture: 0.0259, iou: 0.9069, loss: 0.0829
2026-05-02 11:55:04,740 - mmdet - INFO - Iter [66050/120000]	lr: 1.000e-04, eta: 20:09:29, time: 1.108, data_time: 0.012, memory: 37111, loss_mask: 0.0603, loss_texture: 0.0288, iou: 0.8947, loss: 0.0891
2026-05-02 11:55:32,668 - mmdet - INFO - Iter [66075/120000]	lr: 1.000e-04, eta: 20:08:51, time: 1.117, data_time: 0.012, memory: 37111, loss_mask: 0.0602, loss_texture: 0.0281, iou: 0.9032, loss: 0.0884
2026-05-02 11:56:00,437 - mmdet - INFO - Iter [66100/120000]	lr: 1.000e-04, eta: 20:08:12, time: 1.111, data_time: 0.011, memory: 37111, loss_mask: 0.0538, loss_texture: 0.0250, iou: 0.8978, loss: 0.0788
2026-05-02 11:56:28,049 - mmdet - INFO - Iter [66125/120000]	lr: 1.000e-04, eta: 20:07:34, time: 1.104, data_time: 0.012, memory: 37111, loss_mask: 0.0544, loss_texture: 0.0260, iou: 0.9182, loss: 0.0804
2026-05-02 11:56:55,604 - mmdet - INFO - Iter [66150/120000]	lr: 1.000e-04, eta: 20:06:55, time: 1.102, data_time: 0.012, memory: 37111, loss_mask: 0.0549, loss_texture: 0.0254, iou: 0.8936, loss: 0.0802
2026-05-02 11:57:23,296 - mmdet - INFO - Iter [66175/120000]	lr: 1.000e-04, eta: 20:06:17, time: 1.108, data_time: 0.012, memory: 37111, loss_mask: 0.0618, loss_texture: 0.0287, iou: 0.9025, loss: 0.0906
2026-05-02 11:57:50,951 - mmdet - INFO - Iter [66200/120000]	lr: 1.000e-04, eta: 20:05:38, time: 1.106, data_time: 0.011, memory: 37111, loss_mask: 0.0521, loss_texture: 0.0242, iou: 0.9061, loss: 0.0764
2026-05-02 11:58:18,786 - mmdet - INFO - Iter [66225/120000]	lr: 1.000e-04, eta: 20:05:00, time: 1.113, data_time: 0.012, memory: 37111, loss_mask: 0.0590, loss_texture: 0.0282, iou: 0.9138, loss: 0.0872
2026-05-02 11:58:46,492 - mmdet - INFO - Iter [66250/120000]	lr: 1.000e-04, eta: 20:04:22, time: 1.108, data_time: 0.012, memory: 37111, loss_mask: 0.0537, loss_texture: 0.0263, iou: 0.9088, loss: 0.0800
2026-05-02 11:59:14,450 - mmdet - INFO - Iter [66275/120000]	lr: 1.000e-04, eta: 20:03:43, time: 1.118, data_time: 0.012, memory: 37111, loss_mask: 0.0557, loss_texture: 0.0270, iou: 0.9015, loss: 0.0827
2026-05-02 11:59:41,971 - mmdet - INFO - Iter [66300/120000]	lr: 1.000e-04, eta: 20:03:05, time: 1.101, data_time: 0.012, memory: 37111, loss_mask: 0.0518, loss_texture: 0.0250, iou: 0.8897, loss: 0.0768
2026-05-02 12:00:09,619 - mmdet - INFO - Iter [66325/120000]	lr: 1.000e-04, eta: 20:02:26, time: 1.106, data_time: 0.012, memory: 37111, loss_mask: 0.0543, loss_texture: 0.0257, iou: 0.9121, loss: 0.0800
2026-05-02 12:00:37,105 - mmdet - INFO - Iter [66350/120000]	lr: 1.000e-04, eta: 20:01:48, time: 1.099, data_time: 0.012, memory: 37111, loss_mask: 0.0544, loss_texture: 0.0263, iou: 0.8877, loss: 0.0806
2026-05-02 12:01:04,757 - mmdet - INFO - Iter [66375/120000]	lr: 1.000e-04, eta: 20:01:09, time: 1.106, data_time: 0.012, memory: 37111, loss_mask: 0.0611, loss_texture: 0.0285, iou: 0.9175, loss: 0.0896
2026-05-02 12:01:32,460 - mmdet - INFO - Iter [66400/120000]	lr: 1.000e-04, eta: 20:00:31, time: 1.108, data_time: 0.012, memory: 37111, loss_mask: 0.0559, loss_texture: 0.0259, iou: 0.9224, loss: 0.0818
2026-05-02 12:02:00,225 - mmdet - INFO - Iter [66425/120000]	lr: 1.000e-04, eta: 19:59:53, time: 1.111, data_time: 0.012, memory: 37111, loss_mask: 0.0608, loss_texture: 0.0282, iou: 0.9091, loss: 0.0890
2026-05-02 12:02:27,955 - mmdet - INFO - Iter [66450/120000]	lr: 1.000e-04, eta: 19:59:14, time: 1.109, data_time: 0.012, memory: 37111, loss_mask: 0.0494, loss_texture: 0.0242, iou: 0.9127, loss: 0.0736
2026-05-02 12:02:55,766 - mmdet - INFO - Iter [66475/120000]	lr: 1.000e-04, eta: 19:58:36, time: 1.112, data_time: 0.012, memory: 37111, loss_mask: 0.0513, loss_texture: 0.0244, iou: 0.9130, loss: 0.0758
2026-05-02 12:03:23,401 - mmdet - INFO - 
--- Val evaluation at iter 66500 ---
2026-05-02 12:05:19,551 - mmdet - INFO - 
+------------+-------------+-------------+
| Class      | Val IoU     | Pseudo IoU  |
+------------+-------------+-------------+
| background | 92.46       | 92.68       |
| building   | 67.90       | 69.14       |
| Summary    | mIoU: 80.18 | mIoU: 80.91 |
+------------+-------------+-------------+
Images evaluated: 218
2026-05-02 12:05:20,922 - mmdet - INFO - Iter [66500/120000]	lr: 1.000e-04, eta: 19:57:58, time: 1.105, data_time: 0.012, memory: 37111, val/mIoU: 0.8018, val/IoU.building: 0.6790, val/IoU.background: 0.9246, val/Pseudo_mIoU: 0.8091, loss_mask: 0.0444, loss_texture: 0.0212, iou: 0.9065, loss: 0.0656
2026-05-02 12:05:48,664 - mmdet - INFO - Iter [66525/120000]	lr: 1.000e-04, eta: 19:58:54, time: 5.810, data_time: 4.713, memory: 37111, loss_mask: 0.0595, loss_texture: 0.0282, iou: 0.8985, loss: 0.0877
2026-05-02 12:06:16,497 - mmdet - INFO - Iter [66550/120000]	lr: 1.000e-04, eta: 19:58:16, time: 1.113, data_time: 0.013, memory: 37111, loss_mask: 0.0519, loss_texture: 0.0249, iou: 0.9187, loss: 0.0769
2026-05-02 12:06:44,763 - mmdet - INFO - Iter [66575/120000]	lr: 1.000e-04, eta: 19:57:38, time: 1.131, data_time: 0.013, memory: 37111, loss_mask: 0.0603, loss_texture: 0.0287, iou: 0.9045, loss: 0.0890
2026-05-02 12:07:12,369 - mmdet - INFO - Iter [66600/120000]	lr: 1.000e-04, eta: 19:56:59, time: 1.104, data_time: 0.012, memory: 37111, loss_mask: 0.0498, loss_texture: 0.0242, iou: 0.9240, loss: 0.0740
2026-05-02 12:07:40,136 - mmdet - INFO - Iter [66625/120000]	lr: 1.000e-04, eta: 19:56:21, time: 1.111, data_time: 0.012, memory: 37111, loss_mask: 0.0621, loss_texture: 0.0295, iou: 0.9058, loss: 0.0916
2026-05-02 12:08:07,856 - mmdet - INFO - Iter [66650/120000]	lr: 1.000e-04, eta: 19:55:43, time: 1.109, data_time: 0.012, memory: 37111, loss_mask: 0.0565, loss_texture: 0.0270, iou: 0.9030, loss: 0.0835
2026-05-02 12:08:35,723 - mmdet - INFO - Iter [66675/120000]	lr: 1.000e-04, eta: 19:55:04, time: 1.115, data_time: 0.012, memory: 37111, loss_mask: 0.0586, loss_texture: 0.0278, iou: 0.9098, loss: 0.0863
2026-05-02 12:09:03,529 - mmdet - INFO - Iter [66700/120000]	lr: 1.000e-04, eta: 19:54:26, time: 1.112, data_time: 0.012, memory: 37111, loss_mask: 0.0559, loss_texture: 0.0260, iou: 0.9167, loss: 0.0820
2026-05-02 12:09:31,255 - mmdet - INFO - Iter [66725/120000]	lr: 1.000e-04, eta: 19:53:48, time: 1.109, data_time: 0.012, memory: 37111, loss_mask: 0.0597, loss_texture: 0.0287, iou: 0.9060, loss: 0.0884
2026-05-02 12:09:59,120 - mmdet - INFO - Iter [66750/120000]	lr: 1.000e-04, eta: 19:53:10, time: 1.115, data_time: 0.012, memory: 37111, loss_mask: 0.0597, loss_texture: 0.0273, iou: 0.8958, loss: 0.0870
2026-05-02 12:10:26,991 - mmdet - INFO - Iter [66775/120000]	lr: 1.000e-04, eta: 19:52:32, time: 1.115, data_time: 0.012, memory: 37111, loss_mask: 0.0609, loss_texture: 0.0279, iou: 0.9033, loss: 0.0888
2026-05-02 12:10:54,648 - mmdet - INFO - Iter [66800/120000]	lr: 1.000e-04, eta: 19:51:53, time: 1.106, data_time: 0.012, memory: 37111, loss_mask: 0.0527, loss_texture: 0.0245, iou: 0.9091, loss: 0.0773
2026-05-02 12:11:22,108 - mmdet - INFO - Iter [66825/120000]	lr: 1.000e-04, eta: 19:51:15, time: 1.098, data_time: 0.012, memory: 37111, loss_mask: 0.0499, loss_texture: 0.0236, iou: 0.9036, loss: 0.0735
2026-05-02 12:11:49,724 - mmdet - INFO - Iter [66850/120000]	lr: 1.000e-04, eta: 19:50:36, time: 1.105, data_time: 0.012, memory: 37111, loss_mask: 0.0579, loss_texture: 0.0279, iou: 0.8968, loss: 0.0857
2026-05-02 12:12:17,294 - mmdet - INFO - Iter [66875/120000]	lr: 1.000e-04, eta: 19:49:58, time: 1.103, data_time: 0.012, memory: 37111, loss_mask: 0.0602, loss_texture: 0.0286, iou: 0.9039, loss: 0.0888
2026-05-02 12:12:44,755 - mmdet - INFO - Iter [66900/120000]	lr: 1.000e-04, eta: 19:49:19, time: 1.098, data_time: 0.011, memory: 37111, loss_mask: 0.0527, loss_texture: 0.0249, iou: 0.9153, loss: 0.0776
2026-05-02 12:13:12,395 - mmdet - INFO - Iter [66925/120000]	lr: 1.000e-04, eta: 19:48:41, time: 1.106, data_time: 0.012, memory: 37111, loss_mask: 0.0548, loss_texture: 0.0263, iou: 0.9091, loss: 0.0810
2026-05-02 12:13:40,098 - mmdet - INFO - Iter [66950/120000]	lr: 1.000e-04, eta: 19:48:03, time: 1.108, data_time: 0.012, memory: 37111, loss_mask: 0.0526, loss_texture: 0.0247, iou: 0.9027, loss: 0.0773
2026-05-02 12:14:07,893 - mmdet - INFO - Iter [66975/120000]	lr: 1.000e-04, eta: 19:47:25, time: 1.112, data_time: 0.012, memory: 37111, loss_mask: 0.0582, loss_texture: 0.0270, iou: 0.9065, loss: 0.0852
2026-05-02 12:14:35,732 - mmdet - INFO - 
--- Val evaluation at iter 67000 ---
2026-05-02 12:16:32,601 - mmdet - INFO - 
+------------+-------------+-------------+
| Class      | Val IoU     | Pseudo IoU  |
+------------+-------------+-------------+
| background | 92.53       | 92.68       |
| building   | 68.49       | 69.14       |
| Summary    | mIoU: 80.51 | mIoU: 80.91 |
+------------+-------------+-------------+
Images evaluated: 218
2026-05-02 12:16:33,952 - mmdet - INFO - Exp name: exp8_all.py
2026-05-02 12:16:33,952 - mmdet - INFO - Iter [67000/120000]	lr: 1.000e-04, eta: 19:46:47, time: 1.114, data_time: 0.011, memory: 37111, val/mIoU: 0.8051, val/IoU.building: 0.6849, val/IoU.background: 0.9253, val/Pseudo_mIoU: 0.8091, loss_mask: 0.0590, loss_texture: 0.0263, iou: 0.8981, loss: 0.0853
2026-05-02 12:17:01,626 - mmdet - INFO - Iter [67025/120000]	lr: 1.000e-04, eta: 19:47:42, time: 5.836, data_time: 4.742, memory: 37111, loss_mask: 0.0586, loss_texture: 0.0267, iou: 0.8993, loss: 0.0854
2026-05-02 12:17:29,189 - mmdet - INFO - Iter [67050/120000]	lr: 1.000e-04, eta: 19:47:03, time: 1.103, data_time: 0.012, memory: 37111, loss_mask: 0.0560, loss_texture: 0.0256, iou: 0.9141, loss: 0.0817
2026-05-02 12:17:56,820 - mmdet - INFO - Iter [67075/120000]	lr: 1.000e-04, eta: 19:46:25, time: 1.105, data_time: 0.012, memory: 37111, loss_mask: 0.0617, loss_texture: 0.0287, iou: 0.9117, loss: 0.0904
2026-05-02 12:18:24,505 - mmdet - INFO - Iter [67100/120000]	lr: 1.000e-04, eta: 19:45:47, time: 1.107, data_time: 0.011, memory: 37111, loss_mask: 0.0565, loss_texture: 0.0245, iou: 0.8817, loss: 0.0810
2026-05-02 12:18:52,148 - mmdet - INFO - Iter [67125/120000]	lr: 1.000e-04, eta: 19:45:08, time: 1.106, data_time: 0.012, memory: 37111, loss_mask: 0.0636, loss_texture: 0.0286, iou: 0.8973, loss: 0.0922
2026-05-02 12:19:19,789 - mmdet - INFO - Iter [67150/120000]	lr: 1.000e-04, eta: 19:44:30, time: 1.106, data_time: 0.011, memory: 37111, loss_mask: 0.0541, loss_texture: 0.0256, iou: 0.9015, loss: 0.0796
2026-05-02 12:19:47,534 - mmdet - INFO - Iter [67175/120000]	lr: 1.000e-04, eta: 19:43:52, time: 1.110, data_time: 0.012, memory: 37111, loss_mask: 0.0523, loss_texture: 0.0250, iou: 0.9174, loss: 0.0773
2026-05-02 12:20:15,256 - mmdet - INFO - Iter [67200/120000]	lr: 1.000e-04, eta: 19:43:13, time: 1.109, data_time: 0.012, memory: 37111, loss_mask: 0.0645, loss_texture: 0.0301, iou: 0.9108, loss: 0.0946
2026-05-02 12:20:43,163 - mmdet - INFO - Iter [67225/120000]	lr: 1.000e-04, eta: 19:42:35, time: 1.116, data_time: 0.012, memory: 37111, loss_mask: 0.0637, loss_texture: 0.0303, iou: 0.9037, loss: 0.0939
2026-05-02 12:21:10,999 - mmdet - INFO - Iter [67250/120000]	lr: 1.000e-04, eta: 19:41:57, time: 1.113, data_time: 0.012, memory: 37111, loss_mask: 0.0604, loss_texture: 0.0281, iou: 0.8983, loss: 0.0885
2026-05-02 12:21:38,806 - mmdet - INFO - Iter [67275/120000]	lr: 1.000e-04, eta: 19:41:19, time: 1.112, data_time: 0.012, memory: 37111, loss_mask: 0.0576, loss_texture: 0.0273, iou: 0.9123, loss: 0.0849
2026-05-02 12:22:06,469 - mmdet - INFO - Iter [67300/120000]	lr: 1.000e-04, eta: 19:40:41, time: 1.107, data_time: 0.011, memory: 37111, loss_mask: 0.0516, loss_texture: 0.0255, iou: 0.9155, loss: 0.0771
2026-05-02 12:22:34,207 - mmdet - INFO - Iter [67325/120000]	lr: 1.000e-04, eta: 19:40:03, time: 1.109, data_time: 0.012, memory: 37111, loss_mask: 0.0521, loss_texture: 0.0246, iou: 0.9047, loss: 0.0767
2026-05-02 12:23:02,038 - mmdet - INFO - Iter [67350/120000]	lr: 1.000e-04, eta: 19:39:24, time: 1.113, data_time: 0.012, memory: 37111, loss_mask: 0.0610, loss_texture: 0.0286, iou: 0.9082, loss: 0.0896
2026-05-02 12:23:29,723 - mmdet - INFO - Iter [67375/120000]	lr: 1.000e-04, eta: 19:38:46, time: 1.107, data_time: 0.012, memory: 37111, loss_mask: 0.0500, loss_texture: 0.0239, iou: 0.9093, loss: 0.0740
2026-05-02 12:23:57,336 - mmdet - INFO - Iter [67400/120000]	lr: 1.000e-04, eta: 19:38:08, time: 1.105, data_time: 0.012, memory: 37111, loss_mask: 0.0539, loss_texture: 0.0254, iou: 0.9104, loss: 0.0793
2026-05-02 12:24:25,163 - mmdet - INFO - Iter [67425/120000]	lr: 1.000e-04, eta: 19:37:30, time: 1.113, data_time: 0.012, memory: 37111, loss_mask: 0.0451, loss_texture: 0.0224, iou: 0.9078, loss: 0.0675
2026-05-02 12:24:52,754 - mmdet - INFO - Iter [67450/120000]	lr: 1.000e-04, eta: 19:36:52, time: 1.104, data_time: 0.012, memory: 37111, loss_mask: 0.0508, loss_texture: 0.0245, iou: 0.9077, loss: 0.0753
2026-05-02 12:25:20,649 - mmdet - INFO - Iter [67475/120000]	lr: 1.000e-04, eta: 19:36:14, time: 1.116, data_time: 0.012, memory: 37111, loss_mask: 0.0572, loss_texture: 0.0274, iou: 0.9163, loss: 0.0846
2026-05-02 12:25:48,423 - mmdet - INFO - 
--- Val evaluation at iter 67500 ---
2026-05-02 12:27:44,497 - mmdet - INFO - 
+------------+-------------+-------------+
| Class      | Val IoU     | Pseudo IoU  |
+------------+-------------+-------------+
| background | 92.44       | 92.68       |
| building   | 67.92       | 69.14       |
| Summary    | mIoU: 80.18 | mIoU: 80.91 |
+------------+-------------+-------------+
Images evaluated: 218
2026-05-02 12:27:45,844 - mmdet - INFO - Iter [67500/120000]	lr: 1.000e-04, eta: 19:35:35, time: 1.111, data_time: 0.012, memory: 37111, val/mIoU: 0.8018, val/IoU.building: 0.6792, val/IoU.background: 0.9244, val/Pseudo_mIoU: 0.8091, loss_mask: 0.0625, loss_texture: 0.0299, iou: 0.9028, loss: 0.0924
2026-05-02 12:28:14,299 - mmdet - INFO - Iter [67525/120000]	lr: 1.000e-04, eta: 19:36:29, time: 5.835, data_time: 4.712, memory: 37111, loss_mask: 0.0551, loss_texture: 0.0263, iou: 0.9081, loss: 0.0814
2026-05-02 12:28:42,236 - mmdet - INFO - Iter [67550/120000]	lr: 1.000e-04, eta: 19:35:51, time: 1.117, data_time: 0.013, memory: 37111, loss_mask: 0.0567, loss_texture: 0.0267, iou: 0.9036, loss: 0.0833
2026-05-02 12:29:10,247 - mmdet - INFO - Iter [67575/120000]	lr: 1.000e-04, eta: 19:35:13, time: 1.120, data_time: 0.012, memory: 37111, loss_mask: 0.0622, loss_texture: 0.0303, iou: 0.9046, loss: 0.0925
2026-05-02 12:29:37,871 - mmdet - INFO - Iter [67600/120000]	lr: 1.000e-04, eta: 19:34:35, time: 1.105, data_time: 0.012, memory: 37111, loss_mask: 0.0500, loss_texture: 0.0235, iou: 0.9096, loss: 0.0736
2026-05-02 12:30:05,564 - mmdet - INFO - Iter [67625/120000]	lr: 1.000e-04, eta: 19:33:57, time: 1.108, data_time: 0.012, memory: 37111, loss_mask: 0.0593, loss_texture: 0.0277, iou: 0.8928, loss: 0.0870
2026-05-02 12:30:33,213 - mmdet - INFO - Iter [67650/120000]	lr: 1.000e-04, eta: 19:33:18, time: 1.106, data_time: 0.012, memory: 37111, loss_mask: 0.0569, loss_texture: 0.0269, iou: 0.9128, loss: 0.0838
2026-05-02 12:31:00,859 - mmdet - INFO - Iter [67675/120000]	lr: 1.000e-04, eta: 19:32:40, time: 1.106, data_time: 0.012, memory: 37111, loss_mask: 0.0561, loss_texture: 0.0261, iou: 0.9054, loss: 0.0823
2026-05-02 12:31:28,477 - mmdet - INFO - Iter [67700/120000]	lr: 1.000e-04, eta: 19:32:02, time: 1.105, data_time: 0.012, memory: 37111, loss_mask: 0.0625, loss_texture: 0.0293, iou: 0.9023, loss: 0.0918
2026-05-02 12:31:56,133 - mmdet - INFO - Iter [67725/120000]	lr: 1.000e-04, eta: 19:31:24, time: 1.106, data_time: 0.012, memory: 37111, loss_mask: 0.0520, loss_texture: 0.0241, iou: 0.8966, loss: 0.0761
2026-05-02 12:32:23,950 - mmdet - INFO - Iter [67750/120000]	lr: 1.000e-04, eta: 19:30:46, time: 1.113, data_time: 0.012, memory: 37111, loss_mask: 0.0608, loss_texture: 0.0279, iou: 0.9047, loss: 0.0887
2026-05-02 12:32:51,694 - mmdet - INFO - Iter [67775/120000]	lr: 1.000e-04, eta: 19:30:07, time: 1.110, data_time: 0.012, memory: 37111, loss_mask: 0.0466, loss_texture: 0.0229, iou: 0.9056, loss: 0.0696
2026-05-02 12:33:19,336 - mmdet - INFO - Iter [67800/120000]	lr: 1.000e-04, eta: 19:29:29, time: 1.106, data_time: 0.012, memory: 37111, loss_mask: 0.0589, loss_texture: 0.0269, iou: 0.9089, loss: 0.0858
2026-05-02 12:33:47,059 - mmdet - INFO - Iter [67825/120000]	lr: 1.000e-04, eta: 19:28:51, time: 1.109, data_time: 0.012, memory: 37111, loss_mask: 0.0582, loss_texture: 0.0279, iou: 0.9156, loss: 0.0861
2026-05-02 12:34:14,914 - mmdet - INFO - Iter [67850/120000]	lr: 1.000e-04, eta: 19:28:13, time: 1.114, data_time: 0.012, memory: 37111, loss_mask: 0.0578, loss_texture: 0.0277, iou: 0.8965, loss: 0.0856
2026-05-02 12:34:42,576 - mmdet - INFO - Iter [67875/120000]	lr: 1.000e-04, eta: 19:27:35, time: 1.107, data_time: 0.012, memory: 37111, loss_mask: 0.0578, loss_texture: 0.0274, iou: 0.9141, loss: 0.0852
2026-05-02 12:35:10,275 - mmdet - INFO - Iter [67900/120000]	lr: 1.000e-04, eta: 19:26:57, time: 1.108, data_time: 0.012, memory: 37111, loss_mask: 0.0487, loss_texture: 0.0238, iou: 0.9132, loss: 0.0725
2026-05-02 12:35:37,971 - mmdet - INFO - Iter [67925/120000]	lr: 1.000e-04, eta: 19:26:19, time: 1.108, data_time: 0.012, memory: 37111, loss_mask: 0.0495, loss_texture: 0.0237, iou: 0.9107, loss: 0.0732
2026-05-02 12:36:05,566 - mmdet - INFO - Iter [67950/120000]	lr: 1.000e-04, eta: 19:25:40, time: 1.104, data_time: 0.012, memory: 37111, loss_mask: 0.0511, loss_texture: 0.0248, iou: 0.9130, loss: 0.0760
2026-05-02 12:36:33,060 - mmdet - INFO - Iter [67975/120000]	lr: 1.000e-04, eta: 19:25:02, time: 1.100, data_time: 0.012, memory: 37111, loss_mask: 0.0477, loss_texture: 0.0227, iou: 0.9044, loss: 0.0704
2026-05-02 12:37:00,755 - mmdet - INFO - 
--- Val evaluation at iter 68000 ---
2026-05-02 12:38:57,923 - mmdet - INFO - 
+------------+-------------+-------------+
| Class      | Val IoU     | Pseudo IoU  |
+------------+-------------+-------------+
| background | 92.42       | 92.68       |
| building   | 67.69       | 69.14       |
| Summary    | mIoU: 80.05 | mIoU: 80.91 |
+------------+-------------+-------------+
Images evaluated: 218
2026-05-02 12:38:59,311 - mmdet - INFO - Exp name: exp8_all.py
2026-05-02 12:38:59,311 - mmdet - INFO - Iter [68000/120000]	lr: 1.000e-04, eta: 19:24:24, time: 1.108, data_time: 0.012, memory: 37111, val/mIoU: 0.8005, val/IoU.building: 0.6769, val/IoU.background: 0.9242, val/Pseudo_mIoU: 0.8091, loss_mask: 0.0568, loss_texture: 0.0268, iou: 0.9101, loss: 0.0836
2026-05-02 12:39:27,100 - mmdet - INFO - Iter [68025/120000]	lr: 1.000e-04, eta: 19:25:17, time: 5.854, data_time: 4.754, memory: 37111, loss_mask: 0.0590, loss_texture: 0.0276, iou: 0.9007, loss: 0.0866
2026-05-02 12:39:54,745 - mmdet - INFO - Iter [68050/120000]	lr: 1.000e-04, eta: 19:24:38, time: 1.106, data_time: 0.012, memory: 37111, loss_mask: 0.0603, loss_texture: 0.0280, iou: 0.9107, loss: 0.0883
2026-05-02 12:40:22,446 - mmdet - INFO - Iter [68075/120000]	lr: 1.000e-04, eta: 19:24:00, time: 1.108, data_time: 0.012, memory: 37111, loss_mask: 0.0529, loss_texture: 0.0256, iou: 0.9113, loss: 0.0785
2026-05-02 12:40:50,104 - mmdet - INFO - Iter [68100/120000]	lr: 1.000e-04, eta: 19:23:22, time: 1.106, data_time: 0.012, memory: 37111, loss_mask: 0.0581, loss_texture: 0.0272, iou: 0.8990, loss: 0.0852
2026-05-02 12:41:17,737 - mmdet - INFO - Iter [68125/120000]	lr: 1.000e-04, eta: 19:22:44, time: 1.105, data_time: 0.012, memory: 37111, loss_mask: 0.0566, loss_texture: 0.0270, iou: 0.9068, loss: 0.0836
2026-05-02 12:41:45,330 - mmdet - INFO - Iter [68150/120000]	lr: 1.000e-04, eta: 19:22:06, time: 1.104, data_time: 0.012, memory: 37111, loss_mask: 0.0529, loss_texture: 0.0257, iou: 0.9106, loss: 0.0786
2026-05-02 12:42:12,955 - mmdet - INFO - Iter [68175/120000]	lr: 1.000e-04, eta: 19:21:28, time: 1.105, data_time: 0.012, memory: 37111, loss_mask: 0.0531, loss_texture: 0.0260, iou: 0.9201, loss: 0.0791
2026-05-02 12:42:40,675 - mmdet - INFO - Iter [68200/120000]	lr: 1.000e-04, eta: 19:20:50, time: 1.109, data_time: 0.012, memory: 37111, loss_mask: 0.0623, loss_texture: 0.0294, iou: 0.9078, loss: 0.0917
2026-05-02 12:43:08,429 - mmdet - INFO - Iter [68225/120000]	lr: 1.000e-04, eta: 19:20:11, time: 1.110, data_time: 0.012, memory: 37111, loss_mask: 0.0561, loss_texture: 0.0272, iou: 0.9189, loss: 0.0833
2026-05-02 12:43:36,059 - mmdet - INFO - Iter [68250/120000]	lr: 1.000e-04, eta: 19:19:33, time: 1.105, data_time: 0.013, memory: 37111, loss_mask: 0.0468, loss_texture: 0.0228, iou: 0.9187, loss: 0.0696
2026-05-02 12:44:03,707 - mmdet - INFO - Iter [68275/120000]	lr: 1.000e-04, eta: 19:18:55, time: 1.106, data_time: 0.012, memory: 37111, loss_mask: 0.0512, loss_texture: 0.0254, iou: 0.8978, loss: 0.0766
2026-05-02 12:44:31,305 - mmdet - INFO - Iter [68300/120000]	lr: 1.000e-04, eta: 19:18:17, time: 1.104, data_time: 0.012, memory: 37111, loss_mask: 0.0513, loss_texture: 0.0248, iou: 0.9020, loss: 0.0761
2026-05-02 12:44:59,026 - mmdet - INFO - Iter [68325/120000]	lr: 1.000e-04, eta: 19:17:39, time: 1.109, data_time: 0.012, memory: 37111, loss_mask: 0.0565, loss_texture: 0.0268, iou: 0.9125, loss: 0.0833
2026-05-02 12:45:26,630 - mmdet - INFO - Iter [68350/120000]	lr: 1.000e-04, eta: 19:17:01, time: 1.104, data_time: 0.012, memory: 37111, loss_mask: 0.0477, loss_texture: 0.0232, iou: 0.9078, loss: 0.0710
2026-05-02 12:45:54,345 - mmdet - INFO - Iter [68375/120000]	lr: 1.000e-04, eta: 19:16:23, time: 1.109, data_time: 0.012, memory: 37111, loss_mask: 0.0584, loss_texture: 0.0277, iou: 0.9113, loss: 0.0861
2026-05-02 12:46:22,150 - mmdet - INFO - Iter [68400/120000]	lr: 1.000e-04, eta: 19:15:45, time: 1.112, data_time: 0.012, memory: 37111, loss_mask: 0.0516, loss_texture: 0.0246, iou: 0.9149, loss: 0.0762
2026-05-02 12:46:49,891 - mmdet - INFO - Iter [68425/120000]	lr: 1.000e-04, eta: 19:15:07, time: 1.110, data_time: 0.012, memory: 37111, loss_mask: 0.0538, loss_texture: 0.0258, iou: 0.8998, loss: 0.0796
2026-05-02 12:47:17,727 - mmdet - INFO - Iter [68450/120000]	lr: 1.000e-04, eta: 19:14:29, time: 1.113, data_time: 0.012, memory: 37111, loss_mask: 0.0625, loss_texture: 0.0296, iou: 0.9023, loss: 0.0921
2026-05-02 12:47:45,337 - mmdet - INFO - Iter [68475/120000]	lr: 1.000e-04, eta: 19:13:51, time: 1.104, data_time: 0.012, memory: 37111, loss_mask: 0.0526, loss_texture: 0.0250, iou: 0.9063, loss: 0.0775
2026-05-02 12:48:13,215 - mmdet - INFO - 
--- Val evaluation at iter 68500 ---
2026-05-02 12:50:08,903 - mmdet - INFO - 
+------------+-------------+-------------+
| Class      | Val IoU     | Pseudo IoU  |
+------------+-------------+-------------+
| background | 92.53       | 92.68       |
| building   | 68.53       | 69.14       |
| Summary    | mIoU: 80.53 | mIoU: 80.91 |
+------------+-------------+-------------+
Images evaluated: 218
2026-05-02 12:50:10,276 - mmdet - INFO - Iter [68500/120000]	lr: 1.000e-04, eta: 19:13:13, time: 1.115, data_time: 0.012, memory: 37111, val/mIoU: 0.8053, val/IoU.building: 0.6853, val/IoU.background: 0.9253, val/Pseudo_mIoU: 0.8091, loss_mask: 0.0540, loss_texture: 0.0258, iou: 0.9065, loss: 0.0798
2026-05-02 12:50:37,967 - mmdet - INFO - Iter [68525/120000]	lr: 1.000e-04, eta: 19:14:03, time: 5.790, data_time: 4.695, memory: 37111, loss_mask: 0.0603, loss_texture: 0.0278, iou: 0.9140, loss: 0.0881
2026-05-02 12:51:05,614 - mmdet - INFO - Iter [68550/120000]	lr: 1.000e-04, eta: 19:13:25, time: 1.106, data_time: 0.012, memory: 37111, loss_mask: 0.0582, loss_texture: 0.0267, iou: 0.9186, loss: 0.0849
2026-05-02 12:51:33,280 - mmdet - INFO - Iter [68575/120000]	lr: 1.000e-04, eta: 19:12:47, time: 1.107, data_time: 0.012, memory: 37111, loss_mask: 0.0483, loss_texture: 0.0226, iou: 0.9101, loss: 0.0709
2026-05-02 12:52:00,965 - mmdet - INFO - Iter [68600/120000]	lr: 1.000e-04, eta: 19:12:08, time: 1.107, data_time: 0.012, memory: 37111, loss_mask: 0.0646, loss_texture: 0.0295, iou: 0.9100, loss: 0.0941
2026-05-02 12:52:28,636 - mmdet - INFO - Iter [68625/120000]	lr: 1.000e-04, eta: 19:11:30, time: 1.107, data_time: 0.012, memory: 37111, loss_mask: 0.0631, loss_texture: 0.0293, iou: 0.8789, loss: 0.0925
2026-05-02 12:52:56,262 - mmdet - INFO - Iter [68650/120000]	lr: 1.000e-04, eta: 19:10:52, time: 1.105, data_time: 0.012, memory: 37111, loss_mask: 0.0588, loss_texture: 0.0279, iou: 0.8934, loss: 0.0867
2026-05-02 12:53:24,001 - mmdet - INFO - Iter [68675/120000]	lr: 1.000e-04, eta: 19:10:14, time: 1.110, data_time: 0.012, memory: 37111, loss_mask: 0.0595, loss_texture: 0.0275, iou: 0.9065, loss: 0.0870
2026-05-02 12:53:51,791 - mmdet - INFO - Iter [68700/120000]	lr: 1.000e-04, eta: 19:09:36, time: 1.112, data_time: 0.012, memory: 37111, loss_mask: 0.0583, loss_texture: 0.0285, iou: 0.9058, loss: 0.0869
2026-05-02 12:54:19,655 - mmdet - INFO - Iter [68725/120000]	lr: 1.000e-04, eta: 19:08:58, time: 1.115, data_time: 0.012, memory: 37111, loss_mask: 0.0568, loss_texture: 0.0276, iou: 0.9201, loss: 0.0844
2026-05-02 12:54:47,345 - mmdet - INFO - Iter [68750/120000]	lr: 1.000e-04, eta: 19:08:20, time: 1.108, data_time: 0.012, memory: 37111, loss_mask: 0.0600, loss_texture: 0.0276, iou: 0.8977, loss: 0.0876
2026-05-02 12:55:15,001 - mmdet - INFO - Iter [68775/120000]	lr: 1.000e-04, eta: 19:07:42, time: 1.106, data_time: 0.012, memory: 37111, loss_mask: 0.0533, loss_texture: 0.0263, iou: 0.9127, loss: 0.0796
2026-05-02 12:55:42,758 - mmdet - INFO - Iter [68800/120000]	lr: 1.000e-04, eta: 19:07:04, time: 1.110, data_time: 0.012, memory: 37111, loss_mask: 0.0535, loss_texture: 0.0249, iou: 0.9188, loss: 0.0784
2026-05-02 12:56:10,563 - mmdet - INFO - Iter [68825/120000]	lr: 1.000e-04, eta: 19:06:26, time: 1.112, data_time: 0.012, memory: 37111, loss_mask: 0.0632, loss_texture: 0.0296, iou: 0.8871, loss: 0.0928
2026-05-02 12:56:38,157 - mmdet - INFO - Iter [68850/120000]	lr: 1.000e-04, eta: 19:05:48, time: 1.104, data_time: 0.012, memory: 37111, loss_mask: 0.0573, loss_texture: 0.0264, iou: 0.9238, loss: 0.0836
2026-05-02 12:57:05,843 - mmdet - INFO - Iter [68875/120000]	lr: 1.000e-04, eta: 19:05:10, time: 1.107, data_time: 0.012, memory: 37111, loss_mask: 0.0612, loss_texture: 0.0294, iou: 0.8988, loss: 0.0905
2026-05-02 12:57:33,554 - mmdet - INFO - Iter [68900/120000]	lr: 1.000e-04, eta: 19:04:32, time: 1.108, data_time: 0.012, memory: 37111, loss_mask: 0.0497, loss_texture: 0.0241, iou: 0.9063, loss: 0.0738
2026-05-02 12:58:01,558 - mmdet - INFO - Iter [68925/120000]	lr: 1.000e-04, eta: 19:03:55, time: 1.120, data_time: 0.012, memory: 37111, loss_mask: 0.0481, loss_texture: 0.0236, iou: 0.8973, loss: 0.0717
2026-05-02 12:58:29,384 - mmdet - INFO - Iter [68950/120000]	lr: 1.000e-04, eta: 19:03:17, time: 1.113, data_time: 0.012, memory: 37111, loss_mask: 0.0471, loss_texture: 0.0229, iou: 0.9301, loss: 0.0700
2026-05-02 12:58:56,981 - mmdet - INFO - Iter [68975/120000]	lr: 1.000e-04, eta: 19:02:39, time: 1.104, data_time: 0.011, memory: 37111, loss_mask: 0.0586, loss_texture: 0.0282, iou: 0.9058, loss: 0.0868
2026-05-02 12:59:24,626 - mmdet - INFO - 
--- Val evaluation at iter 69000 ---
2026-05-02 13:01:21,565 - mmdet - INFO - 
+------------+-------------+-------------+
| Class      | Val IoU     | Pseudo IoU  |
+------------+-------------+-------------+
| background | 92.33       | 92.68       |
| building   | 67.15       | 69.14       |
| Summary    | mIoU: 79.74 | mIoU: 80.91 |
+------------+-------------+-------------+
Images evaluated: 218
2026-05-02 13:01:22,937 - mmdet - INFO - Exp name: exp8_all.py
2026-05-02 13:01:22,937 - mmdet - INFO - Iter [69000/120000]	lr: 1.000e-04, eta: 19:02:01, time: 1.106, data_time: 0.011, memory: 37111, val/mIoU: 0.7974, val/IoU.building: 0.6715, val/IoU.background: 0.9233, val/Pseudo_mIoU: 0.8091, loss_mask: 0.0550, loss_texture: 0.0263, iou: 0.9014, loss: 0.0813
2026-05-02 13:01:50,687 - mmdet - INFO - Iter [69025/120000]	lr: 1.000e-04, eta: 19:02:50, time: 5.842, data_time: 4.744, memory: 37111, loss_mask: 0.0506, loss_texture: 0.0245, iou: 0.9143, loss: 0.0750
2026-05-02 13:02:18,479 - mmdet - INFO - Iter [69050/120000]	lr: 1.000e-04, eta: 19:02:12, time: 1.112, data_time: 0.012, memory: 37111, loss_mask: 0.0558, loss_texture: 0.0266, iou: 0.8991, loss: 0.0823
2026-05-02 13:02:46,088 - mmdet - INFO - Iter [69075/120000]	lr: 1.000e-04, eta: 19:01:34, time: 1.104, data_time: 0.012, memory: 37111, loss_mask: 0.0511, loss_texture: 0.0242, iou: 0.9168, loss: 0.0753
2026-05-02 13:03:14,044 - mmdet - INFO - Iter [69100/120000]	lr: 1.000e-04, eta: 19:00:56, time: 1.118, data_time: 0.012, memory: 37111, loss_mask: 0.0560, loss_texture: 0.0266, iou: 0.8963, loss: 0.0827
2026-05-02 13:03:41,792 - mmdet - INFO - Iter [69125/120000]	lr: 1.000e-04, eta: 19:00:19, time: 1.110, data_time: 0.012, memory: 37111, loss_mask: 0.0522, loss_texture: 0.0256, iou: 0.9150, loss: 0.0779
2026-05-02 13:04:09,217 - mmdet - INFO - Iter [69150/120000]	lr: 1.000e-04, eta: 18:59:40, time: 1.097, data_time: 0.012, memory: 37111, loss_mask: 0.0540, loss_texture: 0.0255, iou: 0.9081, loss: 0.0795
2026-05-02 13:04:36,634 - mmdet - INFO - Iter [69175/120000]	lr: 1.000e-04, eta: 18:59:02, time: 1.097, data_time: 0.012, memory: 37111, loss_mask: 0.0536, loss_texture: 0.0260, iou: 0.9205, loss: 0.0797
2026-05-02 13:05:04,215 - mmdet - INFO - Iter [69200/120000]	lr: 1.000e-04, eta: 18:58:24, time: 1.103, data_time: 0.012, memory: 37111, loss_mask: 0.0523, loss_texture: 0.0253, iou: 0.9085, loss: 0.0776
2026-05-02 13:05:31,804 - mmdet - INFO - Iter [69225/120000]	lr: 1.000e-04, eta: 18:57:46, time: 1.104, data_time: 0.012, memory: 37111, loss_mask: 0.0598, loss_texture: 0.0290, iou: 0.8942, loss: 0.0888
2026-05-02 13:05:59,468 - mmdet - INFO - Iter [69250/120000]	lr: 1.000e-04, eta: 18:57:08, time: 1.107, data_time: 0.012, memory: 37111, loss_mask: 0.0624, loss_texture: 0.0298, iou: 0.9026, loss: 0.0922
2026-05-02 13:06:27,088 - mmdet - INFO - Iter [69275/120000]	lr: 1.000e-04, eta: 18:56:30, time: 1.105, data_time: 0.012, memory: 37111, loss_mask: 0.0527, loss_texture: 0.0254, iou: 0.9089, loss: 0.0781
2026-05-02 13:06:54,753 - mmdet - INFO - Iter [69300/120000]	lr: 1.000e-04, eta: 18:55:52, time: 1.107, data_time: 0.012, memory: 37111, loss_mask: 0.0589, loss_texture: 0.0285, iou: 0.9215, loss: 0.0874
2026-05-02 13:07:22,461 - mmdet - INFO - Iter [69325/120000]	lr: 1.000e-04, eta: 18:55:14, time: 1.108, data_time: 0.012, memory: 37111, loss_mask: 0.0552, loss_texture: 0.0266, iou: 0.8981, loss: 0.0819
2026-05-02 13:07:50,187 - mmdet - INFO - Iter [69350/120000]	lr: 1.000e-04, eta: 18:54:36, time: 1.109, data_time: 0.012, memory: 37111, loss_mask: 0.0525, loss_texture: 0.0249, iou: 0.9061, loss: 0.0774
2026-05-02 13:08:17,802 - mmdet - INFO - Iter [69375/120000]	lr: 1.000e-04, eta: 18:53:58, time: 1.105, data_time: 0.012, memory: 37111, loss_mask: 0.0499, loss_texture: 0.0240, iou: 0.9104, loss: 0.0739
2026-05-02 13:08:45,623 - mmdet - INFO - Iter [69400/120000]	lr: 1.000e-04, eta: 18:53:21, time: 1.113, data_time: 0.012, memory: 37111, loss_mask: 0.0553, loss_texture: 0.0269, iou: 0.9028, loss: 0.0822
2026-05-02 13:09:13,378 - mmdet - INFO - Iter [69425/120000]	lr: 1.000e-04, eta: 18:52:43, time: 1.110, data_time: 0.012, memory: 37111, loss_mask: 0.0585, loss_texture: 0.0283, iou: 0.9121, loss: 0.0868
2026-05-02 13:09:41,829 - mmdet - INFO - Iter [69450/120000]	lr: 1.000e-04, eta: 18:52:05, time: 1.138, data_time: 0.014, memory: 37111, loss_mask: 0.0541, loss_texture: 0.0254, iou: 0.9081, loss: 0.0796
2026-05-02 13:10:09,567 - mmdet - INFO - Iter [69475/120000]	lr: 1.000e-04, eta: 18:51:28, time: 1.110, data_time: 0.012, memory: 37111, loss_mask: 0.0531, loss_texture: 0.0249, iou: 0.9162, loss: 0.0780
2026-05-02 13:10:37,453 - mmdet - INFO - 
--- Val evaluation at iter 69500 ---
2026-05-02 13:12:34,829 - mmdet - INFO - 
+------------+-------------+-------------+
| Class      | Val IoU     | Pseudo IoU  |
+------------+-------------+-------------+
| background | 92.51       | 92.68       |
| building   | 68.32       | 69.14       |
| Summary    | mIoU: 80.41 | mIoU: 80.91 |
+------------+-------------+-------------+
Images evaluated: 218
2026-05-02 13:12:36,226 - mmdet - INFO - Iter [69500/120000]	lr: 1.000e-04, eta: 18:50:50, time: 1.115, data_time: 0.012, memory: 37111, val/mIoU: 0.8041, val/IoU.building: 0.6832, val/IoU.background: 0.9251, val/Pseudo_mIoU: 0.8091, loss_mask: 0.0517, loss_texture: 0.0240, iou: 0.9049, loss: 0.0758
2026-05-02 13:13:04,187 - mmdet - INFO - Iter [69525/120000]	lr: 1.000e-04, eta: 18:51:38, time: 5.869, data_time: 4.763, memory: 37111, loss_mask: 0.0574, loss_texture: 0.0272, iou: 0.8972, loss: 0.0846
2026-05-02 13:13:32,025 - mmdet - INFO - Iter [69550/120000]	lr: 1.000e-04, eta: 18:51:01, time: 1.114, data_time: 0.012, memory: 37111, loss_mask: 0.0549, loss_texture: 0.0267, iou: 0.9125, loss: 0.0816
2026-05-02 13:14:00,203 - mmdet - INFO - Iter [69575/120000]	lr: 1.000e-04, eta: 18:50:23, time: 1.127, data_time: 0.012, memory: 37111, loss_mask: 0.0535, loss_texture: 0.0260, iou: 0.8893, loss: 0.0795
