2026-05-05 16:57:09,151 - mmdet - INFO - Environment info:
------------------------------------------------------------
sys.platform: linux
Python: 3.8.20 (default, Oct  3 2024, 15:24:27) [GCC 11.2.0]
CUDA available: True
GPU 0: NVIDIA L40S
CUDA_HOME: /usr
NVCC: Cuda compilation tools, release 12.0, V12.0.140
GCC: gcc (Ubuntu 13.3.0-6ubuntu2~24.04.1) 13.3.0
PyTorch: 1.10.1+cu111
PyTorch compiling details: PyTorch built with:
  - GCC 7.3
  - C++ Version: 201402
  - Intel(R) Math Kernel Library Version 2020.0.0 Product Build 20191122 for Intel(R) 64 architecture applications
  - Intel(R) MKL-DNN v2.2.3 (Git Hash 7336ca9f055cf1bfa13efb658fe15dc9b41f0740)
  - OpenMP 201511 (a.k.a. OpenMP 4.5)
  - LAPACK is enabled (usually provided by MKL)
  - NNPACK is enabled
  - CPU capability usage: AVX2
  - CUDA Runtime 11.1
  - NVCC architecture flags: -gencode;arch=compute_37,code=sm_37;-gencode;arch=compute_50,code=sm_50;-gencode;arch=compute_60,code=sm_60;-gencode;arch=compute_70,code=sm_70;-gencode;arch=compute_75,code=sm_75;-gencode;arch=compute_80,code=sm_80;-gencode;arch=compute_86,code=sm_86
  - CuDNN 8.0.5
  - Magma 2.5.2
  - Build settings: BLAS_INFO=mkl, BUILD_TYPE=Release, CUDA_VERSION=11.1, CUDNN_VERSION=8.0.5, CXX_COMPILER=/opt/rh/devtoolset-7/root/usr/bin/c++, CXX_FLAGS= -Wno-deprecated -fvisibility-inlines-hidden -DUSE_PTHREADPOOL -fopenmp -DNDEBUG -DUSE_KINETO -DUSE_FBGEMM -DUSE_QNNPACK -DUSE_PYTORCH_QNNPACK -DUSE_XNNPACK -DSYMBOLICATE_MOBILE_DEBUG_HANDLE -DEDGE_PROFILER_USE_KINETO -O2 -fPIC -Wno-narrowing -Wall -Wextra -Werror=return-type -Wno-missing-field-initializers -Wno-type-limits -Wno-array-bounds -Wno-unknown-pragmas -Wno-sign-compare -Wno-unused-parameter -Wno-unused-variable -Wno-unused-function -Wno-unused-result -Wno-unused-local-typedefs -Wno-strict-overflow -Wno-strict-aliasing -Wno-error=deprecated-declarations -Wno-stringop-overflow -Wno-psabi -Wno-error=pedantic -Wno-error=redundant-decls -Wno-error=old-style-cast -fdiagnostics-color=always -faligned-new -Wno-unused-but-set-variable -Wno-maybe-uninitialized -fno-math-errno -fno-trapping-math -Werror=format -Wno-stringop-overflow, LAPACK_INFO=mkl, PERF_WITH_AVX=1, PERF_WITH_AVX2=1, PERF_WITH_AVX512=1, TORCH_VERSION=1.10.1, USE_CUDA=ON, USE_CUDNN=ON, USE_EXCEPTION_PTR=1, USE_GFLAGS=OFF, USE_GLOG=OFF, USE_MKL=ON, USE_MKLDNN=ON, USE_MPI=OFF, USE_NCCL=ON, USE_NNPACK=ON, USE_OPENMP=ON, 

TorchVision: 0.11.2+cu111
OpenCV: 4.13.0
MMCV: 1.5.0
MMCV Compiler: GCC 7.3
MMCV CUDA Compiler: 11.1
MMDetection: 2.28.1+c92c1d0
------------------------------------------------------------

2026-05-05 16:57:09,929 - mmdet - INFO - Distributed training: False
2026-05-05 16:57:10,828 - mmdet - INFO - Config:
checkpoint_config = dict(interval=0, by_epoch=False)
log_config = dict(
    interval=25, hooks=[dict(type='TextLoggerHook', by_epoch=False)])
dist_params = dict(backend='nccl')
log_level = 'INFO'
load_from = None
resume_from = None
workflow = [('train', 1)]
opencv_num_threads = 0
mp_start_method = 'spawn'
auto_scale_lr = dict(enable=False, base_batch_size=16)
object_size = 256
task = 'semantic'
model = dict(
    type='SegRefinerSemantic',
    task='semantic',
    step=6,
    denoise_model=dict(
        type='DenoiseUNet',
        in_channels=4,
        out_channels=1,
        model_channels=128,
        num_res_blocks=2,
        num_heads=4,
        num_heads_upsample=-1,
        attention_strides=(16, 32),
        learn_time_embd=True,
        num_timesteps=6,
        channel_mult=(1, 1, 2, 2, 4, 4),
        dropout=0.0),
    diffusion_cfg=dict(
        betas=dict(type='linear', start=0.8, stop=0.0, num_timesteps=6),
        diff_iter=False,
        noise_components=dict(use_obj=True, use_bnd=True, use_unc=False)),
    test_cfg=dict(
        model_size=1024,
        fine_prob_thr=0.8,
        batch_max=32,
        iou_thr=0.15,
        max_local_patches=16,
        nms_iou_thr=0.5))
img_norm_cfg = dict(
    mean=[123.675, 116.28, 103.53], std=[58.395, 57.12, 57.375], to_rgb=True)
train_pipeline = [
    dict(type='LoadImageFromFile'),
    dict(
        type='LoadAnnotations',
        with_bbox=False,
        with_label=False,
        with_mask=False,
        with_seg=True),
    dict(
        type='LoadOEMCoarseMasks',
        use_obj=False,
        use_bnd=False,
        use_unc=False,
        obj_unc_threshold=0.3,
        test_mode=False),
    dict(type='AddGlobalView', size=256),
    dict(type='RandomCropAll', crop_size=256),
    dict(type='RandomFlip', flip_ratio=0.5),
    dict(
        type='Normalize',
        mean=[123.675, 116.28, 103.53],
        std=[58.395, 57.12, 57.375],
        to_rgb=True),
    dict(type='DefaultFormatBundle'),
    dict(
        type='Collect',
        keys=[
            'img', 'gt_masks', 'coarse_masks', 'unc_map', 'edge_map',
            'global_img', 'global_gt_np', 'global_coarse_np', 'global_unc_np',
            'global_edge_np'
        ])
]
val_data_root = '/home/ubuntu/vy/Denoiser/OEM_v2_Building'
val_pipeline = [
    dict(type='LoadImageFromFile'),
    dict(
        type='LoadAnnotations',
        with_bbox=False,
        with_label=False,
        with_mask=False,
        with_seg=True),
    dict(
        type='LoadOEMCoarseMasks',
        test_mode=True,
        pseudolabel_dir='/home/ubuntu/vy/Denoiser/OEM_v2_Building/pseudolabels'
    ),
    dict(type='Resize', img_scale=(1024, 1024), keep_ratio=False),
    dict(
        type='Normalize',
        mean=[123.675, 116.28, 103.53],
        std=[58.395, 57.12, 57.375],
        to_rgb=True),
    dict(type='DefaultFormatBundle'),
    dict(
        type='Collect',
        keys=['img', 'gt_masks', 'coarse_masks'],
        meta_keys=[
            'filename', 'ori_filename', 'ori_shape', 'img_shape', 'pad_shape',
            'scale_factor', 'flip', 'flip_direction', 'img_norm_cfg',
            'crop_bbox'
        ])
]
data_root = '/home/ubuntu/vy/Denoiser/OpenEarthMap_wo_xBD'
dataset_type = 'OEMBuildingDataset'
data = dict(
    train=dict(
        type='OEMBuildingDataset',
        data_root='/home/ubuntu/vy/Denoiser/OpenEarthMap_wo_xBD',
        split_file='/home/ubuntu/vy/Denoiser/OpenEarthMap_wo_xBD/train.txt',
        pipeline=[
            dict(type='LoadImageFromFile'),
            dict(
                type='LoadAnnotations',
                with_bbox=False,
                with_label=False,
                with_mask=False,
                with_seg=True),
            dict(
                type='LoadOEMCoarseMasks',
                use_obj=True,
                use_bnd=True,
                use_unc=False,
                test_mode=False),
            dict(type='RandomCropAll', crop_size=256),
            dict(type='RandomFlip', flip_ratio=0.5),
            dict(
                type='Normalize',
                mean=[123.675, 116.28, 103.53],
                std=[58.395, 57.12, 57.375],
                to_rgb=True),
            dict(type='DefaultFormatBundle'),
            dict(
                type='Collect',
                keys=[
                    'img', 'gt_masks', 'coarse_masks', 'unc_map', 'edge_map'
                ])
        ],
        test_mode=False),
    val=dict(
        type='OEMv2BuildingDataset',
        data_root='/home/ubuntu/vy/Denoiser/OEM_v2_Building',
        split_file='/home/ubuntu/vy/Denoiser/OEM_v2_Building/val.txt',
        pipeline=[
            dict(type='LoadImageFromFile'),
            dict(
                type='LoadAnnotations',
                with_bbox=False,
                with_label=False,
                with_mask=False,
                with_seg=True),
            dict(
                type='LoadOEMCoarseMasks',
                test_mode=True,
                pseudolabel_dir=
                '/home/ubuntu/vy/Denoiser/OEM_v2_Building/pseudolabels'),
            dict(type='Resize', img_scale=(1024, 1024), keep_ratio=False),
            dict(
                type='Normalize',
                mean=[123.675, 116.28, 103.53],
                std=[58.395, 57.12, 57.375],
                to_rgb=True),
            dict(type='DefaultFormatBundle'),
            dict(
                type='Collect',
                keys=['img', 'gt_masks', 'coarse_masks'],
                meta_keys=[
                    'filename', 'ori_filename', 'ori_shape', 'img_shape',
                    'pad_shape', 'scale_factor', 'flip', 'flip_direction',
                    'img_norm_cfg', 'crop_bbox'
                ])
        ],
        test_mode=True),
    test=dict(
        type='OEMv2BuildingDataset',
        data_root='/home/ubuntu/vy/Denoiser/OEM_v2_Building',
        split_file='/home/ubuntu/vy/Denoiser/OEM_v2_Building/test.txt',
        pipeline=[
            dict(type='LoadImageFromFile'),
            dict(
                type='LoadAnnotations',
                with_bbox=False,
                with_label=False,
                with_mask=False,
                with_seg=True),
            dict(
                type='LoadOEMCoarseMasks',
                test_mode=True,
                pseudolabel_dir=
                '/home/ubuntu/vy/Denoiser/OEM_v2_Building/pseudolabels'),
            dict(type='Resize', img_scale=(1024, 1024), keep_ratio=False),
            dict(
                type='Normalize',
                mean=[123.675, 116.28, 103.53],
                std=[58.395, 57.12, 57.375],
                to_rgb=True),
            dict(type='DefaultFormatBundle'),
            dict(
                type='Collect',
                keys=['img', 'gt_masks', 'coarse_masks'],
                meta_keys=[
                    'filename', 'ori_filename', 'ori_shape', 'img_shape',
                    'pad_shape', 'scale_factor', 'flip', 'flip_direction',
                    'img_norm_cfg', 'crop_bbox'
                ])
        ],
        test_mode=True),
    train_dataloader=dict(samples_per_gpu=4, workers_per_gpu=1),
    val_dataloader=dict(samples_per_gpu=1, workers_per_gpu=4))
optimizer = dict(
    type='AdamW', lr=0.0001, weight_decay=0, eps=1e-08, betas=(0.9, 0.999))
optimizer_config = dict(grad_clip=None)
max_iters = 120000
runner = dict(type='IterBasedRunner', max_iters=120000)
lr_config = dict(
    policy='step',
    gamma=0.5,
    by_epoch=False,
    step=[85000, 110000],
    warmup='linear',
    warmup_by_epoch=False,
    warmup_ratio=0.001,
    warmup_iters=500)
oem_eval = dict(interval=500, save_best=True)
interval = 1
work_dir = 'work_dirs/exp5_obj_bnd'
auto_resume = False
gpu_ids = [0]

2026-05-05 16:57:10,829 - mmdet - INFO - Set random seed to 367063958, deterministic: False
Name of parameter - Initialization information

denoise_model.time_embed.weight - torch.Size([6, 512]): 
The value is the same before and after calling `init_weights` of SegRefinerSemantic  

denoise_model.input_blocks.0.0.weight - torch.Size([128, 4, 3, 3]): 
The value is the same before and after calling `init_weights` of SegRefinerSemantic  

denoise_model.input_blocks.0.0.bias - torch.Size([128]): 
The value is the same before and after calling `init_weights` of SegRefinerSemantic  

denoise_model.input_blocks.1.0.in_layers.0.weight - torch.Size([128]): 
The value is the same before and after calling `init_weights` of SegRefinerSemantic  

denoise_model.input_blocks.1.0.in_layers.0.bias - torch.Size([128]): 
The value is the same before and after calling `init_weights` of SegRefinerSemantic  

denoise_model.input_blocks.1.0.in_layers.2.weight - torch.Size([128, 128, 3, 3]): 
The value is the same before and after calling `init_weights` of SegRefinerSemantic  

denoise_model.input_blocks.1.0.in_layers.2.bias - torch.Size([128]): 
The value is the same before and after calling `init_weights` of SegRefinerSemantic  

denoise_model.input_blocks.1.0.emb_layers.1.weight - torch.Size([128, 512]): 
The value is the same before and after calling `init_weights` of SegRefinerSemantic  

denoise_model.input_blocks.1.0.emb_layers.1.bias - torch.Size([128]): 
The value is the same before and after calling `init_weights` of SegRefinerSemantic  

denoise_model.input_blocks.1.0.out_layers.0.weight - torch.Size([128]): 
The value is the same before and after calling `init_weights` of SegRefinerSemantic  

denoise_model.input_blocks.1.0.out_layers.0.bias - torch.Size([128]): 
The value is the same before and after calling `init_weights` of SegRefinerSemantic  

denoise_model.input_blocks.1.0.out_layers.3.weight - torch.Size([128, 128, 3, 3]): 
The value is the same before and after calling `init_weights` of SegRefinerSemantic  

denoise_model.input_blocks.1.0.out_layers.3.bias - torch.Size([128]): 
The value is the same before and after calling `init_weights` of SegRefinerSemantic  

denoise_model.input_blocks.2.0.in_layers.0.weight - torch.Size([128]): 
The value is the same before and after calling `init_weights` of SegRefinerSemantic  

denoise_model.input_blocks.2.0.in_layers.0.bias - torch.Size([128]): 
The value is the same before and after calling `init_weights` of SegRefinerSemantic  

denoise_model.input_blocks.2.0.in_layers.2.weight - torch.Size([128, 128, 3, 3]): 
The value is the same before and after calling `init_weights` of SegRefinerSemantic  

denoise_model.input_blocks.2.0.in_layers.2.bias - torch.Size([128]): 
The value is the same before and after calling `init_weights` of SegRefinerSemantic  

denoise_model.input_blocks.2.0.emb_layers.1.weight - torch.Size([128, 512]): 
The value is the same before and after calling `init_weights` of SegRefinerSemantic  

denoise_model.input_blocks.2.0.emb_layers.1.bias - torch.Size([128]): 
The value is the same before and after calling `init_weights` of SegRefinerSemantic  

denoise_model.input_blocks.2.0.out_layers.0.weight - torch.Size([128]): 
The value is the same before and after calling `init_weights` of SegRefinerSemantic  

denoise_model.input_blocks.2.0.out_layers.0.bias - torch.Size([128]): 
The value is the same before and after calling `init_weights` of SegRefinerSemantic  

denoise_model.input_blocks.2.0.out_layers.3.weight - torch.Size([128, 128, 3, 3]): 
The value is the same before and after calling `init_weights` of SegRefinerSemantic  

denoise_model.input_blocks.2.0.out_layers.3.bias - torch.Size([128]): 
The value is the same before and after calling `init_weights` of SegRefinerSemantic  

denoise_model.input_blocks.3.0.op.weight - torch.Size([128, 128, 3, 3]): 
The value is the same before and after calling `init_weights` of SegRefinerSemantic  

denoise_model.input_blocks.3.0.op.bias - torch.Size([128]): 
The value is the same before and after calling `init_weights` of SegRefinerSemantic  

denoise_model.input_blocks.4.0.in_layers.0.weight - torch.Size([128]): 
The value is the same before and after calling `init_weights` of SegRefinerSemantic  

denoise_model.input_blocks.4.0.in_layers.0.bias - torch.Size([128]): 
The value is the same before and after calling `init_weights` of SegRefinerSemantic  

denoise_model.input_blocks.4.0.in_layers.2.weight - torch.Size([128, 128, 3, 3]): 
The value is the same before and after calling `init_weights` of SegRefinerSemantic  

denoise_model.input_blocks.4.0.in_layers.2.bias - torch.Size([128]): 
The value is the same before and after calling `init_weights` of SegRefinerSemantic  

denoise_model.input_blocks.4.0.emb_layers.1.weight - torch.Size([128, 512]): 
The value is the same before and after calling `init_weights` of SegRefinerSemantic  

denoise_model.input_blocks.4.0.emb_layers.1.bias - torch.Size([128]): 
The value is the same before and after calling `init_weights` of SegRefinerSemantic  

denoise_model.input_blocks.4.0.out_layers.0.weight - torch.Size([128]): 
The value is the same before and after calling `init_weights` of SegRefinerSemantic  

denoise_model.input_blocks.4.0.out_layers.0.bias - torch.Size([128]): 
The value is the same before and after calling `init_weights` of SegRefinerSemantic  

denoise_model.input_blocks.4.0.out_layers.3.weight - torch.Size([128, 128, 3, 3]): 
The value is the same before and after calling `init_weights` of SegRefinerSemantic  

denoise_model.input_blocks.4.0.out_layers.3.bias - torch.Size([128]): 
The value is the same before and after calling `init_weights` of SegRefinerSemantic  

denoise_model.input_blocks.5.0.in_layers.0.weight - torch.Size([128]): 
The value is the same before and after calling `init_weights` of SegRefinerSemantic  

denoise_model.input_blocks.5.0.in_layers.0.bias - torch.Size([128]): 
The value is the same before and after calling `init_weights` of SegRefinerSemantic  

denoise_model.input_blocks.5.0.in_layers.2.weight - torch.Size([128, 128, 3, 3]): 
The value is the same before and after calling `init_weights` of SegRefinerSemantic  

denoise_model.input_blocks.5.0.in_layers.2.bias - torch.Size([128]): 
The value is the same before and after calling `init_weights` of SegRefinerSemantic  

denoise_model.input_blocks.5.0.emb_layers.1.weight - torch.Size([128, 512]): 
The value is the same before and after calling `init_weights` of SegRefinerSemantic  

denoise_model.input_blocks.5.0.emb_layers.1.bias - torch.Size([128]): 
The value is the same before and after calling `init_weights` of SegRefinerSemantic  

denoise_model.input_blocks.5.0.out_layers.0.weight - torch.Size([128]): 
The value is the same before and after calling `init_weights` of SegRefinerSemantic  

denoise_model.input_blocks.5.0.out_layers.0.bias - torch.Size([128]): 
The value is the same before and after calling `init_weights` of SegRefinerSemantic  

denoise_model.input_blocks.5.0.out_layers.3.weight - torch.Size([128, 128, 3, 3]): 
The value is the same before and after calling `init_weights` of SegRefinerSemantic  

denoise_model.input_blocks.5.0.out_layers.3.bias - torch.Size([128]): 
The value is the same before and after calling `init_weights` of SegRefinerSemantic  

denoise_model.input_blocks.6.0.op.weight - torch.Size([128, 128, 3, 3]): 
The value is the same before and after calling `init_weights` of SegRefinerSemantic  

denoise_model.input_blocks.6.0.op.bias - torch.Size([128]): 
The value is the same before and after calling `init_weights` of SegRefinerSemantic  

denoise_model.input_blocks.7.0.in_layers.0.weight - torch.Size([128]): 
The value is the same before and after calling `init_weights` of SegRefinerSemantic  

denoise_model.input_blocks.7.0.in_layers.0.bias - torch.Size([128]): 
The value is the same before and after calling `init_weights` of SegRefinerSemantic  

denoise_model.input_blocks.7.0.in_layers.2.weight - torch.Size([256, 128, 3, 3]): 
The value is the same before and after calling `init_weights` of SegRefinerSemantic  

denoise_model.input_blocks.7.0.in_layers.2.bias - torch.Size([256]): 
The value is the same before and after calling `init_weights` of SegRefinerSemantic  

denoise_model.input_blocks.7.0.emb_layers.1.weight - torch.Size([256, 512]): 
The value is the same before and after calling `init_weights` of SegRefinerSemantic  

denoise_model.input_blocks.7.0.emb_layers.1.bias - torch.Size([256]): 
The value is the same before and after calling `init_weights` of SegRefinerSemantic  

denoise_model.input_blocks.7.0.out_layers.0.weight - torch.Size([256]): 
The value is the same before and after calling `init_weights` of SegRefinerSemantic  

denoise_model.input_blocks.7.0.out_layers.0.bias - torch.Size([256]): 
The value is the same before and after calling `init_weights` of SegRefinerSemantic  

denoise_model.input_blocks.7.0.out_layers.3.weight - torch.Size([256, 256, 3, 3]): 
The value is the same before and after calling `init_weights` of SegRefinerSemantic  

denoise_model.input_blocks.7.0.out_layers.3.bias - torch.Size([256]): 
The value is the same before and after calling `init_weights` of SegRefinerSemantic  

denoise_model.input_blocks.7.0.skip_connection.weight - torch.Size([256, 128, 1, 1]): 
The value is the same before and after calling `init_weights` of SegRefinerSemantic  

denoise_model.input_blocks.7.0.skip_connection.bias - torch.Size([256]): 
The value is the same before and after calling `init_weights` of SegRefinerSemantic  

denoise_model.input_blocks.8.0.in_layers.0.weight - torch.Size([256]): 
The value is the same before and after calling `init_weights` of SegRefinerSemantic  

denoise_model.input_blocks.8.0.in_layers.0.bias - torch.Size([256]): 
The value is the same before and after calling `init_weights` of SegRefinerSemantic  

denoise_model.input_blocks.8.0.in_layers.2.weight - torch.Size([256, 256, 3, 3]): 
The value is the same before and after calling `init_weights` of SegRefinerSemantic  

denoise_model.input_blocks.8.0.in_layers.2.bias - torch.Size([256]): 
The value is the same before and after calling `init_weights` of SegRefinerSemantic  

denoise_model.input_blocks.8.0.emb_layers.1.weight - torch.Size([256, 512]): 
The value is the same before and after calling `init_weights` of SegRefinerSemantic  

denoise_model.input_blocks.8.0.emb_layers.1.bias - torch.Size([256]): 
The value is the same before and after calling `init_weights` of SegRefinerSemantic  

denoise_model.input_blocks.8.0.out_layers.0.weight - torch.Size([256]): 
The value is the same before and after calling `init_weights` of SegRefinerSemantic  

denoise_model.input_blocks.8.0.out_layers.0.bias - torch.Size([256]): 
The value is the same before and after calling `init_weights` of SegRefinerSemantic  

denoise_model.input_blocks.8.0.out_layers.3.weight - torch.Size([256, 256, 3, 3]): 
The value is the same before and after calling `init_weights` of SegRefinerSemantic  

denoise_model.input_blocks.8.0.out_layers.3.bias - torch.Size([256]): 
The value is the same before and after calling `init_weights` of SegRefinerSemantic  

denoise_model.input_blocks.9.0.op.weight - torch.Size([256, 256, 3, 3]): 
The value is the same before and after calling `init_weights` of SegRefinerSemantic  

denoise_model.input_blocks.9.0.op.bias - torch.Size([256]): 
The value is the same before and after calling `init_weights` of SegRefinerSemantic  

denoise_model.input_blocks.10.0.in_layers.0.weight - torch.Size([256]): 
The value is the same before and after calling `init_weights` of SegRefinerSemantic  

denoise_model.input_blocks.10.0.in_layers.0.bias - torch.Size([256]): 
The value is the same before and after calling `init_weights` of SegRefinerSemantic  

denoise_model.input_blocks.10.0.in_layers.2.weight - torch.Size([256, 256, 3, 3]): 
The value is the same before and after calling `init_weights` of SegRefinerSemantic  

denoise_model.input_blocks.10.0.in_layers.2.bias - torch.Size([256]): 
The value is the same before and after calling `init_weights` of SegRefinerSemantic  

denoise_model.input_blocks.10.0.emb_layers.1.weight - torch.Size([256, 512]): 
The value is the same before and after calling `init_weights` of SegRefinerSemantic  

denoise_model.input_blocks.10.0.emb_layers.1.bias - torch.Size([256]): 
The value is the same before and after calling `init_weights` of SegRefinerSemantic  

denoise_model.input_blocks.10.0.out_layers.0.weight - torch.Size([256]): 
The value is the same before and after calling `init_weights` of SegRefinerSemantic  

denoise_model.input_blocks.10.0.out_layers.0.bias - torch.Size([256]): 
The value is the same before and after calling `init_weights` of SegRefinerSemantic  

denoise_model.input_blocks.10.0.out_layers.3.weight - torch.Size([256, 256, 3, 3]): 
The value is the same before and after calling `init_weights` of SegRefinerSemantic  

denoise_model.input_blocks.10.0.out_layers.3.bias - torch.Size([256]): 
The value is the same before and after calling `init_weights` of SegRefinerSemantic  

denoise_model.input_blocks.11.0.in_layers.0.weight - torch.Size([256]): 
The value is the same before and after calling `init_weights` of SegRefinerSemantic  

denoise_model.input_blocks.11.0.in_layers.0.bias - torch.Size([256]): 
The value is the same before and after calling `init_weights` of SegRefinerSemantic  

denoise_model.input_blocks.11.0.in_layers.2.weight - torch.Size([256, 256, 3, 3]): 
The value is the same before and after calling `init_weights` of SegRefinerSemantic  

denoise_model.input_blocks.11.0.in_layers.2.bias - torch.Size([256]): 
The value is the same before and after calling `init_weights` of SegRefinerSemantic  

denoise_model.input_blocks.11.0.emb_layers.1.weight - torch.Size([256, 512]): 
The value is the same before and after calling `init_weights` of SegRefinerSemantic  

denoise_model.input_blocks.11.0.emb_layers.1.bias - torch.Size([256]): 
The value is the same before and after calling `init_weights` of SegRefinerSemantic  

denoise_model.input_blocks.11.0.out_layers.0.weight - torch.Size([256]): 
The value is the same before and after calling `init_weights` of SegRefinerSemantic  

denoise_model.input_blocks.11.0.out_layers.0.bias - torch.Size([256]): 
The value is the same before and after calling `init_weights` of SegRefinerSemantic  

denoise_model.input_blocks.11.0.out_layers.3.weight - torch.Size([256, 256, 3, 3]): 
The value is the same before and after calling `init_weights` of SegRefinerSemantic  

denoise_model.input_blocks.11.0.out_layers.3.bias - torch.Size([256]): 
The value is the same before and after calling `init_weights` of SegRefinerSemantic  

denoise_model.input_blocks.12.0.op.weight - torch.Size([256, 256, 3, 3]): 
The value is the same before and after calling `init_weights` of SegRefinerSemantic  

denoise_model.input_blocks.12.0.op.bias - torch.Size([256]): 
The value is the same before and after calling `init_weights` of SegRefinerSemantic  

denoise_model.input_blocks.13.0.in_layers.0.weight - torch.Size([256]): 
The value is the same before and after calling `init_weights` of SegRefinerSemantic  

denoise_model.input_blocks.13.0.in_layers.0.bias - torch.Size([256]): 
The value is the same before and after calling `init_weights` of SegRefinerSemantic  

denoise_model.input_blocks.13.0.in_layers.2.weight - torch.Size([512, 256, 3, 3]): 
The value is the same before and after calling `init_weights` of SegRefinerSemantic  

denoise_model.input_blocks.13.0.in_layers.2.bias - torch.Size([512]): 
The value is the same before and after calling `init_weights` of SegRefinerSemantic  

denoise_model.input_blocks.13.0.emb_layers.1.weight - torch.Size([512, 512]): 
The value is the same before and after calling `init_weights` of SegRefinerSemantic  

denoise_model.input_blocks.13.0.emb_layers.1.bias - torch.Size([512]): 
The value is the same before and after calling `init_weights` of SegRefinerSemantic  

denoise_model.input_blocks.13.0.out_layers.0.weight - torch.Size([512]): 
The value is the same before and after calling `init_weights` of SegRefinerSemantic  

denoise_model.input_blocks.13.0.out_layers.0.bias - torch.Size([512]): 
The value is the same before and after calling `init_weights` of SegRefinerSemantic  

denoise_model.input_blocks.13.0.out_layers.3.weight - torch.Size([512, 512, 3, 3]): 
The value is the same before and after calling `init_weights` of SegRefinerSemantic  

denoise_model.input_blocks.13.0.out_layers.3.bias - torch.Size([512]): 
The value is the same before and after calling `init_weights` of SegRefinerSemantic  

denoise_model.input_blocks.13.0.skip_connection.weight - torch.Size([512, 256, 1, 1]): 
The value is the same before and after calling `init_weights` of SegRefinerSemantic  

denoise_model.input_blocks.13.0.skip_connection.bias - torch.Size([512]): 
The value is the same before and after calling `init_weights` of SegRefinerSemantic  

denoise_model.input_blocks.13.1.norm.weight - torch.Size([512]): 
The value is the same before and after calling `init_weights` of SegRefinerSemantic  

denoise_model.input_blocks.13.1.norm.bias - torch.Size([512]): 
The value is the same before and after calling `init_weights` of SegRefinerSemantic  

denoise_model.input_blocks.13.1.qkv.weight - torch.Size([1536, 512, 1]): 
The value is the same before and after calling `init_weights` of SegRefinerSemantic  

denoise_model.input_blocks.13.1.qkv.bias - torch.Size([1536]): 
The value is the same before and after calling `init_weights` of SegRefinerSemantic  

denoise_model.input_blocks.13.1.proj_out.weight - torch.Size([512, 512, 1]): 
The value is the same before and after calling `init_weights` of SegRefinerSemantic  

denoise_model.input_blocks.13.1.proj_out.bias - torch.Size([512]): 
The value is the same before and after calling `init_weights` of SegRefinerSemantic  

denoise_model.input_blocks.14.0.in_layers.0.weight - torch.Size([512]): 
The value is the same before and after calling `init_weights` of SegRefinerSemantic  

denoise_model.input_blocks.14.0.in_layers.0.bias - torch.Size([512]): 
The value is the same before and after calling `init_weights` of SegRefinerSemantic  

denoise_model.input_blocks.14.0.in_layers.2.weight - torch.Size([512, 512, 3, 3]): 
The value is the same before and after calling `init_weights` of SegRefinerSemantic  

denoise_model.input_blocks.14.0.in_layers.2.bias - torch.Size([512]): 
The value is the same before and after calling `init_weights` of SegRefinerSemantic  

denoise_model.input_blocks.14.0.emb_layers.1.weight - torch.Size([512, 512]): 
The value is the same before and after calling `init_weights` of SegRefinerSemantic  

denoise_model.input_blocks.14.0.emb_layers.1.bias - torch.Size([512]): 
The value is the same before and after calling `init_weights` of SegRefinerSemantic  

denoise_model.input_blocks.14.0.out_layers.0.weight - torch.Size([512]): 
The value is the same before and after calling `init_weights` of SegRefinerSemantic  

denoise_model.input_blocks.14.0.out_layers.0.bias - torch.Size([512]): 
The value is the same before and after calling `init_weights` of SegRefinerSemantic  

denoise_model.input_blocks.14.0.out_layers.3.weight - torch.Size([512, 512, 3, 3]): 
The value is the same before and after calling `init_weights` of SegRefinerSemantic  

denoise_model.input_blocks.14.0.out_layers.3.bias - torch.Size([512]): 
The value is the same before and after calling `init_weights` of SegRefinerSemantic  

denoise_model.input_blocks.14.1.norm.weight - torch.Size([512]): 
The value is the same before and after calling `init_weights` of SegRefinerSemantic  

denoise_model.input_blocks.14.1.norm.bias - torch.Size([512]): 
The value is the same before and after calling `init_weights` of SegRefinerSemantic  

denoise_model.input_blocks.14.1.qkv.weight - torch.Size([1536, 512, 1]): 
The value is the same before and after calling `init_weights` of SegRefinerSemantic  

denoise_model.input_blocks.14.1.qkv.bias - torch.Size([1536]): 
The value is the same before and after calling `init_weights` of SegRefinerSemantic  

denoise_model.input_blocks.14.1.proj_out.weight - torch.Size([512, 512, 1]): 
The value is the same before and after calling `init_weights` of SegRefinerSemantic  

denoise_model.input_blocks.14.1.proj_out.bias - torch.Size([512]): 
The value is the same before and after calling `init_weights` of SegRefinerSemantic  

denoise_model.input_blocks.15.0.op.weight - torch.Size([512, 512, 3, 3]): 
The value is the same before and after calling `init_weights` of SegRefinerSemantic  

denoise_model.input_blocks.15.0.op.bias - torch.Size([512]): 
The value is the same before and after calling `init_weights` of SegRefinerSemantic  

denoise_model.input_blocks.16.0.in_layers.0.weight - torch.Size([512]): 
The value is the same before and after calling `init_weights` of SegRefinerSemantic  

denoise_model.input_blocks.16.0.in_layers.0.bias - torch.Size([512]): 
The value is the same before and after calling `init_weights` of SegRefinerSemantic  

denoise_model.input_blocks.16.0.in_layers.2.weight - torch.Size([512, 512, 3, 3]): 
The value is the same before and after calling `init_weights` of SegRefinerSemantic  

denoise_model.input_blocks.16.0.in_layers.2.bias - torch.Size([512]): 
The value is the same before and after calling `init_weights` of SegRefinerSemantic  

denoise_model.input_blocks.16.0.emb_layers.1.weight - torch.Size([512, 512]): 
The value is the same before and after calling `init_weights` of SegRefinerSemantic  

denoise_model.input_blocks.16.0.emb_layers.1.bias - torch.Size([512]): 
The value is the same before and after calling `init_weights` of SegRefinerSemantic  

denoise_model.input_blocks.16.0.out_layers.0.weight - torch.Size([512]): 
The value is the same before and after calling `init_weights` of SegRefinerSemantic  

denoise_model.input_blocks.16.0.out_layers.0.bias - torch.Size([512]): 
The value is the same before and after calling `init_weights` of SegRefinerSemantic  

denoise_model.input_blocks.16.0.out_layers.3.weight - torch.Size([512, 512, 3, 3]): 
The value is the same before and after calling `init_weights` of SegRefinerSemantic  

denoise_model.input_blocks.16.0.out_layers.3.bias - torch.Size([512]): 
The value is the same before and after calling `init_weights` of SegRefinerSemantic  

denoise_model.input_blocks.16.1.norm.weight - torch.Size([512]): 
The value is the same before and after calling `init_weights` of SegRefinerSemantic  

denoise_model.input_blocks.16.1.norm.bias - torch.Size([512]): 
The value is the same before and after calling `init_weights` of SegRefinerSemantic  

denoise_model.input_blocks.16.1.qkv.weight - torch.Size([1536, 512, 1]): 
The value is the same before and after calling `init_weights` of SegRefinerSemantic  

denoise_model.input_blocks.16.1.qkv.bias - torch.Size([1536]): 
The value is the same before and after calling `init_weights` of SegRefinerSemantic  

denoise_model.input_blocks.16.1.proj_out.weight - torch.Size([512, 512, 1]): 
The value is the same before and after calling `init_weights` of SegRefinerSemantic  

denoise_model.input_blocks.16.1.proj_out.bias - torch.Size([512]): 
The value is the same before and after calling `init_weights` of SegRefinerSemantic  

denoise_model.input_blocks.17.0.in_layers.0.weight - torch.Size([512]): 
The value is the same before and after calling `init_weights` of SegRefinerSemantic  

denoise_model.input_blocks.17.0.in_layers.0.bias - torch.Size([512]): 
The value is the same before and after calling `init_weights` of SegRefinerSemantic  

denoise_model.input_blocks.17.0.in_layers.2.weight - torch.Size([512, 512, 3, 3]): 
The value is the same before and after calling `init_weights` of SegRefinerSemantic  

denoise_model.input_blocks.17.0.in_layers.2.bias - torch.Size([512]): 
The value is the same before and after calling `init_weights` of SegRefinerSemantic  

denoise_model.input_blocks.17.0.emb_layers.1.weight - torch.Size([512, 512]): 
The value is the same before and after calling `init_weights` of SegRefinerSemantic  

denoise_model.input_blocks.17.0.emb_layers.1.bias - torch.Size([512]): 
The value is the same before and after calling `init_weights` of SegRefinerSemantic  

denoise_model.input_blocks.17.0.out_layers.0.weight - torch.Size([512]): 
The value is the same before and after calling `init_weights` of SegRefinerSemantic  

denoise_model.input_blocks.17.0.out_layers.0.bias - torch.Size([512]): 
The value is the same before and after calling `init_weights` of SegRefinerSemantic  

denoise_model.input_blocks.17.0.out_layers.3.weight - torch.Size([512, 512, 3, 3]): 
The value is the same before and after calling `init_weights` of SegRefinerSemantic  

denoise_model.input_blocks.17.0.out_layers.3.bias - torch.Size([512]): 
The value is the same before and after calling `init_weights` of SegRefinerSemantic  

denoise_model.input_blocks.17.1.norm.weight - torch.Size([512]): 
The value is the same before and after calling `init_weights` of SegRefinerSemantic  

denoise_model.input_blocks.17.1.norm.bias - torch.Size([512]): 
The value is the same before and after calling `init_weights` of SegRefinerSemantic  

denoise_model.input_blocks.17.1.qkv.weight - torch.Size([1536, 512, 1]): 
The value is the same before and after calling `init_weights` of SegRefinerSemantic  

denoise_model.input_blocks.17.1.qkv.bias - torch.Size([1536]): 
The value is the same before and after calling `init_weights` of SegRefinerSemantic  

denoise_model.input_blocks.17.1.proj_out.weight - torch.Size([512, 512, 1]): 
The value is the same before and after calling `init_weights` of SegRefinerSemantic  

denoise_model.input_blocks.17.1.proj_out.bias - torch.Size([512]): 
The value is the same before and after calling `init_weights` of SegRefinerSemantic  

denoise_model.middle_block.0.in_layers.0.weight - torch.Size([512]): 
The value is the same before and after calling `init_weights` of SegRefinerSemantic  

denoise_model.middle_block.0.in_layers.0.bias - torch.Size([512]): 
The value is the same before and after calling `init_weights` of SegRefinerSemantic  

denoise_model.middle_block.0.in_layers.2.weight - torch.Size([512, 512, 3, 3]): 
The value is the same before and after calling `init_weights` of SegRefinerSemantic  

denoise_model.middle_block.0.in_layers.2.bias - torch.Size([512]): 
The value is the same before and after calling `init_weights` of SegRefinerSemantic  

denoise_model.middle_block.0.emb_layers.1.weight - torch.Size([512, 512]): 
The value is the same before and after calling `init_weights` of SegRefinerSemantic  

denoise_model.middle_block.0.emb_layers.1.bias - torch.Size([512]): 
The value is the same before and after calling `init_weights` of SegRefinerSemantic  

denoise_model.middle_block.0.out_layers.0.weight - torch.Size([512]): 
The value is the same before and after calling `init_weights` of SegRefinerSemantic  

denoise_model.middle_block.0.out_layers.0.bias - torch.Size([512]): 
The value is the same before and after calling `init_weights` of SegRefinerSemantic  

denoise_model.middle_block.0.out_layers.3.weight - torch.Size([512, 512, 3, 3]): 
The value is the same before and after calling `init_weights` of SegRefinerSemantic  

denoise_model.middle_block.0.out_layers.3.bias - torch.Size([512]): 
The value is the same before and after calling `init_weights` of SegRefinerSemantic  

denoise_model.middle_block.1.norm.weight - torch.Size([512]): 
The value is the same before and after calling `init_weights` of SegRefinerSemantic  

denoise_model.middle_block.1.norm.bias - torch.Size([512]): 
The value is the same before and after calling `init_weights` of SegRefinerSemantic  

denoise_model.middle_block.1.qkv.weight - torch.Size([1536, 512, 1]): 
The value is the same before and after calling `init_weights` of SegRefinerSemantic  

denoise_model.middle_block.1.qkv.bias - torch.Size([1536]): 
The value is the same before and after calling `init_weights` of SegRefinerSemantic  

denoise_model.middle_block.1.proj_out.weight - torch.Size([512, 512, 1]): 
The value is the same before and after calling `init_weights` of SegRefinerSemantic  

denoise_model.middle_block.1.proj_out.bias - torch.Size([512]): 
The value is the same before and after calling `init_weights` of SegRefinerSemantic  

denoise_model.middle_block.2.in_layers.0.weight - torch.Size([512]): 
The value is the same before and after calling `init_weights` of SegRefinerSemantic  

denoise_model.middle_block.2.in_layers.0.bias - torch.Size([512]): 
The value is the same before and after calling `init_weights` of SegRefinerSemantic  

denoise_model.middle_block.2.in_layers.2.weight - torch.Size([512, 512, 3, 3]): 
The value is the same before and after calling `init_weights` of SegRefinerSemantic  

denoise_model.middle_block.2.in_layers.2.bias - torch.Size([512]): 
The value is the same before and after calling `init_weights` of SegRefinerSemantic  

denoise_model.middle_block.2.emb_layers.1.weight - torch.Size([512, 512]): 
The value is the same before and after calling `init_weights` of SegRefinerSemantic  

denoise_model.middle_block.2.emb_layers.1.bias - torch.Size([512]): 
The value is the same before and after calling `init_weights` of SegRefinerSemantic  

denoise_model.middle_block.2.out_layers.0.weight - torch.Size([512]): 
The value is the same before and after calling `init_weights` of SegRefinerSemantic  

denoise_model.middle_block.2.out_layers.0.bias - torch.Size([512]): 
The value is the same before and after calling `init_weights` of SegRefinerSemantic  

denoise_model.middle_block.2.out_layers.3.weight - torch.Size([512, 512, 3, 3]): 
The value is the same before and after calling `init_weights` of SegRefinerSemantic  

denoise_model.middle_block.2.out_layers.3.bias - torch.Size([512]): 
The value is the same before and after calling `init_weights` of SegRefinerSemantic  

denoise_model.output_blocks.0.0.in_layers.0.weight - torch.Size([1024]): 
The value is the same before and after calling `init_weights` of SegRefinerSemantic  

denoise_model.output_blocks.0.0.in_layers.0.bias - torch.Size([1024]): 
The value is the same before and after calling `init_weights` of SegRefinerSemantic  

denoise_model.output_blocks.0.0.in_layers.2.weight - torch.Size([512, 1024, 3, 3]): 
The value is the same before and after calling `init_weights` of SegRefinerSemantic  

denoise_model.output_blocks.0.0.in_layers.2.bias - torch.Size([512]): 
The value is the same before and after calling `init_weights` of SegRefinerSemantic  

denoise_model.output_blocks.0.0.emb_layers.1.weight - torch.Size([512, 512]): 
The value is the same before and after calling `init_weights` of SegRefinerSemantic  

denoise_model.output_blocks.0.0.emb_layers.1.bias - torch.Size([512]): 
The value is the same before and after calling `init_weights` of SegRefinerSemantic  

denoise_model.output_blocks.0.0.out_layers.0.weight - torch.Size([512]): 
The value is the same before and after calling `init_weights` of SegRefinerSemantic  

denoise_model.output_blocks.0.0.out_layers.0.bias - torch.Size([512]): 
The value is the same before and after calling `init_weights` of SegRefinerSemantic  

denoise_model.output_blocks.0.0.out_layers.3.weight - torch.Size([512, 512, 3, 3]): 
The value is the same before and after calling `init_weights` of SegRefinerSemantic  

denoise_model.output_blocks.0.0.out_layers.3.bias - torch.Size([512]): 
The value is the same before and after calling `init_weights` of SegRefinerSemantic  

denoise_model.output_blocks.0.0.skip_connection.weight - torch.Size([512, 1024, 1, 1]): 
The value is the same before and after calling `init_weights` of SegRefinerSemantic  

denoise_model.output_blocks.0.0.skip_connection.bias - torch.Size([512]): 
The value is the same before and after calling `init_weights` of SegRefinerSemantic  

denoise_model.output_blocks.0.1.norm.weight - torch.Size([512]): 
The value is the same before and after calling `init_weights` of SegRefinerSemantic  

denoise_model.output_blocks.0.1.norm.bias - torch.Size([512]): 
The value is the same before and after calling `init_weights` of SegRefinerSemantic  

denoise_model.output_blocks.0.1.qkv.weight - torch.Size([1536, 512, 1]): 
The value is the same before and after calling `init_weights` of SegRefinerSemantic  

denoise_model.output_blocks.0.1.qkv.bias - torch.Size([1536]): 
The value is the same before and after calling `init_weights` of SegRefinerSemantic  

denoise_model.output_blocks.0.1.proj_out.weight - torch.Size([512, 512, 1]): 
The value is the same before and after calling `init_weights` of SegRefinerSemantic  

denoise_model.output_blocks.0.1.proj_out.bias - torch.Size([512]): 
The value is the same before and after calling `init_weights` of SegRefinerSemantic  

denoise_model.output_blocks.1.0.in_layers.0.weight - torch.Size([1024]): 
The value is the same before and after calling `init_weights` of SegRefinerSemantic  

denoise_model.output_blocks.1.0.in_layers.0.bias - torch.Size([1024]): 
The value is the same before and after calling `init_weights` of SegRefinerSemantic  

denoise_model.output_blocks.1.0.in_layers.2.weight - torch.Size([512, 1024, 3, 3]): 
The value is the same before and after calling `init_weights` of SegRefinerSemantic  

denoise_model.output_blocks.1.0.in_layers.2.bias - torch.Size([512]): 
The value is the same before and after calling `init_weights` of SegRefinerSemantic  

denoise_model.output_blocks.1.0.emb_layers.1.weight - torch.Size([512, 512]): 
The value is the same before and after calling `init_weights` of SegRefinerSemantic  

denoise_model.output_blocks.1.0.emb_layers.1.bias - torch.Size([512]): 
The value is the same before and after calling `init_weights` of SegRefinerSemantic  

denoise_model.output_blocks.1.0.out_layers.0.weight - torch.Size([512]): 
The value is the same before and after calling `init_weights` of SegRefinerSemantic  

denoise_model.output_blocks.1.0.out_layers.0.bias - torch.Size([512]): 
The value is the same before and after calling `init_weights` of SegRefinerSemantic  

denoise_model.output_blocks.1.0.out_layers.3.weight - torch.Size([512, 512, 3, 3]): 
The value is the same before and after calling `init_weights` of SegRefinerSemantic  

denoise_model.output_blocks.1.0.out_layers.3.bias - torch.Size([512]): 
The value is the same before and after calling `init_weights` of SegRefinerSemantic  

denoise_model.output_blocks.1.0.skip_connection.weight - torch.Size([512, 1024, 1, 1]): 
The value is the same before and after calling `init_weights` of SegRefinerSemantic  

denoise_model.output_blocks.1.0.skip_connection.bias - torch.Size([512]): 
The value is the same before and after calling `init_weights` of SegRefinerSemantic  

denoise_model.output_blocks.1.1.norm.weight - torch.Size([512]): 
The value is the same before and after calling `init_weights` of SegRefinerSemantic  

denoise_model.output_blocks.1.1.norm.bias - torch.Size([512]): 
The value is the same before and after calling `init_weights` of SegRefinerSemantic  

denoise_model.output_blocks.1.1.qkv.weight - torch.Size([1536, 512, 1]): 
The value is the same before and after calling `init_weights` of SegRefinerSemantic  

denoise_model.output_blocks.1.1.qkv.bias - torch.Size([1536]): 
The value is the same before and after calling `init_weights` of SegRefinerSemantic  

denoise_model.output_blocks.1.1.proj_out.weight - torch.Size([512, 512, 1]): 
The value is the same before and after calling `init_weights` of SegRefinerSemantic  

denoise_model.output_blocks.1.1.proj_out.bias - torch.Size([512]): 
The value is the same before and after calling `init_weights` of SegRefinerSemantic  

denoise_model.output_blocks.2.0.in_layers.0.weight - torch.Size([1024]): 
The value is the same before and after calling `init_weights` of SegRefinerSemantic  

denoise_model.output_blocks.2.0.in_layers.0.bias - torch.Size([1024]): 
The value is the same before and after calling `init_weights` of SegRefinerSemantic  

denoise_model.output_blocks.2.0.in_layers.2.weight - torch.Size([512, 1024, 3, 3]): 
The value is the same before and after calling `init_weights` of SegRefinerSemantic  

denoise_model.output_blocks.2.0.in_layers.2.bias - torch.Size([512]): 
The value is the same before and after calling `init_weights` of SegRefinerSemantic  

denoise_model.output_blocks.2.0.emb_layers.1.weight - torch.Size([512, 512]): 
The value is the same before and after calling `init_weights` of SegRefinerSemantic  

denoise_model.output_blocks.2.0.emb_layers.1.bias - torch.Size([512]): 
The value is the same before and after calling `init_weights` of SegRefinerSemantic  

denoise_model.output_blocks.2.0.out_layers.0.weight - torch.Size([512]): 
The value is the same before and after calling `init_weights` of SegRefinerSemantic  

denoise_model.output_blocks.2.0.out_layers.0.bias - torch.Size([512]): 
The value is the same before and after calling `init_weights` of SegRefinerSemantic  

denoise_model.output_blocks.2.0.out_layers.3.weight - torch.Size([512, 512, 3, 3]): 
The value is the same before and after calling `init_weights` of SegRefinerSemantic  

denoise_model.output_blocks.2.0.out_layers.3.bias - torch.Size([512]): 
The value is the same before and after calling `init_weights` of SegRefinerSemantic  

denoise_model.output_blocks.2.0.skip_connection.weight - torch.Size([512, 1024, 1, 1]): 
The value is the same before and after calling `init_weights` of SegRefinerSemantic  

denoise_model.output_blocks.2.0.skip_connection.bias - torch.Size([512]): 
The value is the same before and after calling `init_weights` of SegRefinerSemantic  

denoise_model.output_blocks.2.1.norm.weight - torch.Size([512]): 
The value is the same before and after calling `init_weights` of SegRefinerSemantic  

denoise_model.output_blocks.2.1.norm.bias - torch.Size([512]): 
The value is the same before and after calling `init_weights` of SegRefinerSemantic  

denoise_model.output_blocks.2.1.qkv.weight - torch.Size([1536, 512, 1]): 
The value is the same before and after calling `init_weights` of SegRefinerSemantic  

denoise_model.output_blocks.2.1.qkv.bias - torch.Size([1536]): 
The value is the same before and after calling `init_weights` of SegRefinerSemantic  

denoise_model.output_blocks.2.1.proj_out.weight - torch.Size([512, 512, 1]): 
The value is the same before and after calling `init_weights` of SegRefinerSemantic  

denoise_model.output_blocks.2.1.proj_out.bias - torch.Size([512]): 
The value is the same before and after calling `init_weights` of SegRefinerSemantic  

denoise_model.output_blocks.2.2.conv.weight - torch.Size([512, 512, 3, 3]): 
The value is the same before and after calling `init_weights` of SegRefinerSemantic  

denoise_model.output_blocks.2.2.conv.bias - torch.Size([512]): 
The value is the same before and after calling `init_weights` of SegRefinerSemantic  

denoise_model.output_blocks.3.0.in_layers.0.weight - torch.Size([1024]): 
The value is the same before and after calling `init_weights` of SegRefinerSemantic  

denoise_model.output_blocks.3.0.in_layers.0.bias - torch.Size([1024]): 
The value is the same before and after calling `init_weights` of SegRefinerSemantic  

denoise_model.output_blocks.3.0.in_layers.2.weight - torch.Size([512, 1024, 3, 3]): 
The value is the same before and after calling `init_weights` of SegRefinerSemantic  

denoise_model.output_blocks.3.0.in_layers.2.bias - torch.Size([512]): 
The value is the same before and after calling `init_weights` of SegRefinerSemantic  

denoise_model.output_blocks.3.0.emb_layers.1.weight - torch.Size([512, 512]): 
The value is the same before and after calling `init_weights` of SegRefinerSemantic  

denoise_model.output_blocks.3.0.emb_layers.1.bias - torch.Size([512]): 
The value is the same before and after calling `init_weights` of SegRefinerSemantic  

denoise_model.output_blocks.3.0.out_layers.0.weight - torch.Size([512]): 
The value is the same before and after calling `init_weights` of SegRefinerSemantic  

denoise_model.output_blocks.3.0.out_layers.0.bias - torch.Size([512]): 
The value is the same before and after calling `init_weights` of SegRefinerSemantic  

denoise_model.output_blocks.3.0.out_layers.3.weight - torch.Size([512, 512, 3, 3]): 
The value is the same before and after calling `init_weights` of SegRefinerSemantic  

denoise_model.output_blocks.3.0.out_layers.3.bias - torch.Size([512]): 
The value is the same before and after calling `init_weights` of SegRefinerSemantic  

denoise_model.output_blocks.3.0.skip_connection.weight - torch.Size([512, 1024, 1, 1]): 
The value is the same before and after calling `init_weights` of SegRefinerSemantic  

denoise_model.output_blocks.3.0.skip_connection.bias - torch.Size([512]): 
The value is the same before and after calling `init_weights` of SegRefinerSemantic  

denoise_model.output_blocks.3.1.norm.weight - torch.Size([512]): 
The value is the same before and after calling `init_weights` of SegRefinerSemantic  

denoise_model.output_blocks.3.1.norm.bias - torch.Size([512]): 
The value is the same before and after calling `init_weights` of SegRefinerSemantic  

denoise_model.output_blocks.3.1.qkv.weight - torch.Size([1536, 512, 1]): 
The value is the same before and after calling `init_weights` of SegRefinerSemantic  

denoise_model.output_blocks.3.1.qkv.bias - torch.Size([1536]): 
The value is the same before and after calling `init_weights` of SegRefinerSemantic  

denoise_model.output_blocks.3.1.proj_out.weight - torch.Size([512, 512, 1]): 
The value is the same before and after calling `init_weights` of SegRefinerSemantic  

denoise_model.output_blocks.3.1.proj_out.bias - torch.Size([512]): 
The value is the same before and after calling `init_weights` of SegRefinerSemantic  

denoise_model.output_blocks.4.0.in_layers.0.weight - torch.Size([1024]): 
The value is the same before and after calling `init_weights` of SegRefinerSemantic  

denoise_model.output_blocks.4.0.in_layers.0.bias - torch.Size([1024]): 
The value is the same before and after calling `init_weights` of SegRefinerSemantic  

denoise_model.output_blocks.4.0.in_layers.2.weight - torch.Size([512, 1024, 3, 3]): 
The value is the same before and after calling `init_weights` of SegRefinerSemantic  

denoise_model.output_blocks.4.0.in_layers.2.bias - torch.Size([512]): 
The value is the same before and after calling `init_weights` of SegRefinerSemantic  

denoise_model.output_blocks.4.0.emb_layers.1.weight - torch.Size([512, 512]): 
The value is the same before and after calling `init_weights` of SegRefinerSemantic  

denoise_model.output_blocks.4.0.emb_layers.1.bias - torch.Size([512]): 
The value is the same before and after calling `init_weights` of SegRefinerSemantic  

denoise_model.output_blocks.4.0.out_layers.0.weight - torch.Size([512]): 
The value is the same before and after calling `init_weights` of SegRefinerSemantic  

denoise_model.output_blocks.4.0.out_layers.0.bias - torch.Size([512]): 
The value is the same before and after calling `init_weights` of SegRefinerSemantic  

denoise_model.output_blocks.4.0.out_layers.3.weight - torch.Size([512, 512, 3, 3]): 
The value is the same before and after calling `init_weights` of SegRefinerSemantic  

denoise_model.output_blocks.4.0.out_layers.3.bias - torch.Size([512]): 
The value is the same before and after calling `init_weights` of SegRefinerSemantic  

denoise_model.output_blocks.4.0.skip_connection.weight - torch.Size([512, 1024, 1, 1]): 
The value is the same before and after calling `init_weights` of SegRefinerSemantic  

denoise_model.output_blocks.4.0.skip_connection.bias - torch.Size([512]): 
The value is the same before and after calling `init_weights` of SegRefinerSemantic  

denoise_model.output_blocks.4.1.norm.weight - torch.Size([512]): 
The value is the same before and after calling `init_weights` of SegRefinerSemantic  

denoise_model.output_blocks.4.1.norm.bias - torch.Size([512]): 
The value is the same before and after calling `init_weights` of SegRefinerSemantic  

denoise_model.output_blocks.4.1.qkv.weight - torch.Size([1536, 512, 1]): 
The value is the same before and after calling `init_weights` of SegRefinerSemantic  

denoise_model.output_blocks.4.1.qkv.bias - torch.Size([1536]): 
The value is the same before and after calling `init_weights` of SegRefinerSemantic  

denoise_model.output_blocks.4.1.proj_out.weight - torch.Size([512, 512, 1]): 
The value is the same before and after calling `init_weights` of SegRefinerSemantic  

denoise_model.output_blocks.4.1.proj_out.bias - torch.Size([512]): 
The value is the same before and after calling `init_weights` of SegRefinerSemantic  

denoise_model.output_blocks.5.0.in_layers.0.weight - torch.Size([768]): 
The value is the same before and after calling `init_weights` of SegRefinerSemantic  

denoise_model.output_blocks.5.0.in_layers.0.bias - torch.Size([768]): 
The value is the same before and after calling `init_weights` of SegRefinerSemantic  

denoise_model.output_blocks.5.0.in_layers.2.weight - torch.Size([512, 768, 3, 3]): 
The value is the same before and after calling `init_weights` of SegRefinerSemantic  

denoise_model.output_blocks.5.0.in_layers.2.bias - torch.Size([512]): 
The value is the same before and after calling `init_weights` of SegRefinerSemantic  

denoise_model.output_blocks.5.0.emb_layers.1.weight - torch.Size([512, 512]): 
The value is the same before and after calling `init_weights` of SegRefinerSemantic  

denoise_model.output_blocks.5.0.emb_layers.1.bias - torch.Size([512]): 
The value is the same before and after calling `init_weights` of SegRefinerSemantic  

denoise_model.output_blocks.5.0.out_layers.0.weight - torch.Size([512]): 
The value is the same before and after calling `init_weights` of SegRefinerSemantic  

denoise_model.output_blocks.5.0.out_layers.0.bias - torch.Size([512]): 
The value is the same before and after calling `init_weights` of SegRefinerSemantic  

denoise_model.output_blocks.5.0.out_layers.3.weight - torch.Size([512, 512, 3, 3]): 
The value is the same before and after calling `init_weights` of SegRefinerSemantic  

denoise_model.output_blocks.5.0.out_layers.3.bias - torch.Size([512]): 
The value is the same before and after calling `init_weights` of SegRefinerSemantic  

denoise_model.output_blocks.5.0.skip_connection.weight - torch.Size([512, 768, 1, 1]): 
The value is the same before and after calling `init_weights` of SegRefinerSemantic  

denoise_model.output_blocks.5.0.skip_connection.bias - torch.Size([512]): 
The value is the same before and after calling `init_weights` of SegRefinerSemantic  

denoise_model.output_blocks.5.1.norm.weight - torch.Size([512]): 
The value is the same before and after calling `init_weights` of SegRefinerSemantic  

denoise_model.output_blocks.5.1.norm.bias - torch.Size([512]): 
The value is the same before and after calling `init_weights` of SegRefinerSemantic  

denoise_model.output_blocks.5.1.qkv.weight - torch.Size([1536, 512, 1]): 
The value is the same before and after calling `init_weights` of SegRefinerSemantic  

denoise_model.output_blocks.5.1.qkv.bias - torch.Size([1536]): 
The value is the same before and after calling `init_weights` of SegRefinerSemantic  

denoise_model.output_blocks.5.1.proj_out.weight - torch.Size([512, 512, 1]): 
The value is the same before and after calling `init_weights` of SegRefinerSemantic  

denoise_model.output_blocks.5.1.proj_out.bias - torch.Size([512]): 
The value is the same before and after calling `init_weights` of SegRefinerSemantic  

denoise_model.output_blocks.5.2.conv.weight - torch.Size([512, 512, 3, 3]): 
The value is the same before and after calling `init_weights` of SegRefinerSemantic  

denoise_model.output_blocks.5.2.conv.bias - torch.Size([512]): 
The value is the same before and after calling `init_weights` of SegRefinerSemantic  

denoise_model.output_blocks.6.0.in_layers.0.weight - torch.Size([768]): 
The value is the same before and after calling `init_weights` of SegRefinerSemantic  

denoise_model.output_blocks.6.0.in_layers.0.bias - torch.Size([768]): 
The value is the same before and after calling `init_weights` of SegRefinerSemantic  

denoise_model.output_blocks.6.0.in_layers.2.weight - torch.Size([256, 768, 3, 3]): 
The value is the same before and after calling `init_weights` of SegRefinerSemantic  

denoise_model.output_blocks.6.0.in_layers.2.bias - torch.Size([256]): 
The value is the same before and after calling `init_weights` of SegRefinerSemantic  

denoise_model.output_blocks.6.0.emb_layers.1.weight - torch.Size([256, 512]): 
The value is the same before and after calling `init_weights` of SegRefinerSemantic  

denoise_model.output_blocks.6.0.emb_layers.1.bias - torch.Size([256]): 
The value is the same before and after calling `init_weights` of SegRefinerSemantic  

denoise_model.output_blocks.6.0.out_layers.0.weight - torch.Size([256]): 
The value is the same before and after calling `init_weights` of SegRefinerSemantic  

denoise_model.output_blocks.6.0.out_layers.0.bias - torch.Size([256]): 
The value is the same before and after calling `init_weights` of SegRefinerSemantic  

denoise_model.output_blocks.6.0.out_layers.3.weight - torch.Size([256, 256, 3, 3]): 
The value is the same before and after calling `init_weights` of SegRefinerSemantic  

denoise_model.output_blocks.6.0.out_layers.3.bias - torch.Size([256]): 
The value is the same before and after calling `init_weights` of SegRefinerSemantic  

denoise_model.output_blocks.6.0.skip_connection.weight - torch.Size([256, 768, 1, 1]): 
The value is the same before and after calling `init_weights` of SegRefinerSemantic  

denoise_model.output_blocks.6.0.skip_connection.bias - torch.Size([256]): 
The value is the same before and after calling `init_weights` of SegRefinerSemantic  

denoise_model.output_blocks.7.0.in_layers.0.weight - torch.Size([512]): 
The value is the same before and after calling `init_weights` of SegRefinerSemantic  

denoise_model.output_blocks.7.0.in_layers.0.bias - torch.Size([512]): 
The value is the same before and after calling `init_weights` of SegRefinerSemantic  

denoise_model.output_blocks.7.0.in_layers.2.weight - torch.Size([256, 512, 3, 3]): 
The value is the same before and after calling `init_weights` of SegRefinerSemantic  

denoise_model.output_blocks.7.0.in_layers.2.bias - torch.Size([256]): 
The value is the same before and after calling `init_weights` of SegRefinerSemantic  

denoise_model.output_blocks.7.0.emb_layers.1.weight - torch.Size([256, 512]): 
The value is the same before and after calling `init_weights` of SegRefinerSemantic  

denoise_model.output_blocks.7.0.emb_layers.1.bias - torch.Size([256]): 
The value is the same before and after calling `init_weights` of SegRefinerSemantic  

denoise_model.output_blocks.7.0.out_layers.0.weight - torch.Size([256]): 
The value is the same before and after calling `init_weights` of SegRefinerSemantic  

denoise_model.output_blocks.7.0.out_layers.0.bias - torch.Size([256]): 
The value is the same before and after calling `init_weights` of SegRefinerSemantic  

denoise_model.output_blocks.7.0.out_layers.3.weight - torch.Size([256, 256, 3, 3]): 
The value is the same before and after calling `init_weights` of SegRefinerSemantic  

denoise_model.output_blocks.7.0.out_layers.3.bias - torch.Size([256]): 
The value is the same before and after calling `init_weights` of SegRefinerSemantic  

denoise_model.output_blocks.7.0.skip_connection.weight - torch.Size([256, 512, 1, 1]): 
The value is the same before and after calling `init_weights` of SegRefinerSemantic  

denoise_model.output_blocks.7.0.skip_connection.bias - torch.Size([256]): 
The value is the same before and after calling `init_weights` of SegRefinerSemantic  

denoise_model.output_blocks.8.0.in_layers.0.weight - torch.Size([512]): 
The value is the same before and after calling `init_weights` of SegRefinerSemantic  

denoise_model.output_blocks.8.0.in_layers.0.bias - torch.Size([512]): 
The value is the same before and after calling `init_weights` of SegRefinerSemantic  

denoise_model.output_blocks.8.0.in_layers.2.weight - torch.Size([256, 512, 3, 3]): 
The value is the same before and after calling `init_weights` of SegRefinerSemantic  

denoise_model.output_blocks.8.0.in_layers.2.bias - torch.Size([256]): 
The value is the same before and after calling `init_weights` of SegRefinerSemantic  

denoise_model.output_blocks.8.0.emb_layers.1.weight - torch.Size([256, 512]): 
The value is the same before and after calling `init_weights` of SegRefinerSemantic  

denoise_model.output_blocks.8.0.emb_layers.1.bias - torch.Size([256]): 
The value is the same before and after calling `init_weights` of SegRefinerSemantic  

denoise_model.output_blocks.8.0.out_layers.0.weight - torch.Size([256]): 
The value is the same before and after calling `init_weights` of SegRefinerSemantic  

denoise_model.output_blocks.8.0.out_layers.0.bias - torch.Size([256]): 
The value is the same before and after calling `init_weights` of SegRefinerSemantic  

denoise_model.output_blocks.8.0.out_layers.3.weight - torch.Size([256, 256, 3, 3]): 
The value is the same before and after calling `init_weights` of SegRefinerSemantic  

denoise_model.output_blocks.8.0.out_layers.3.bias - torch.Size([256]): 
The value is the same before and after calling `init_weights` of SegRefinerSemantic  

denoise_model.output_blocks.8.0.skip_connection.weight - torch.Size([256, 512, 1, 1]): 
The value is the same before and after calling `init_weights` of SegRefinerSemantic  

denoise_model.output_blocks.8.0.skip_connection.bias - torch.Size([256]): 
The value is the same before and after calling `init_weights` of SegRefinerSemantic  

denoise_model.output_blocks.8.1.conv.weight - torch.Size([256, 256, 3, 3]): 
The value is the same before and after calling `init_weights` of SegRefinerSemantic  

denoise_model.output_blocks.8.1.conv.bias - torch.Size([256]): 
The value is the same before and after calling `init_weights` of SegRefinerSemantic  

denoise_model.output_blocks.9.0.in_layers.0.weight - torch.Size([512]): 
The value is the same before and after calling `init_weights` of SegRefinerSemantic  

denoise_model.output_blocks.9.0.in_layers.0.bias - torch.Size([512]): 
The value is the same before and after calling `init_weights` of SegRefinerSemantic  

denoise_model.output_blocks.9.0.in_layers.2.weight - torch.Size([256, 512, 3, 3]): 
The value is the same before and after calling `init_weights` of SegRefinerSemantic  

denoise_model.output_blocks.9.0.in_layers.2.bias - torch.Size([256]): 
The value is the same before and after calling `init_weights` of SegRefinerSemantic  

denoise_model.output_blocks.9.0.emb_layers.1.weight - torch.Size([256, 512]): 
The value is the same before and after calling `init_weights` of SegRefinerSemantic  

denoise_model.output_blocks.9.0.emb_layers.1.bias - torch.Size([256]): 
The value is the same before and after calling `init_weights` of SegRefinerSemantic  

denoise_model.output_blocks.9.0.out_layers.0.weight - torch.Size([256]): 
The value is the same before and after calling `init_weights` of SegRefinerSemantic  

denoise_model.output_blocks.9.0.out_layers.0.bias - torch.Size([256]): 
The value is the same before and after calling `init_weights` of SegRefinerSemantic  

denoise_model.output_blocks.9.0.out_layers.3.weight - torch.Size([256, 256, 3, 3]): 
The value is the same before and after calling `init_weights` of SegRefinerSemantic  

denoise_model.output_blocks.9.0.out_layers.3.bias - torch.Size([256]): 
The value is the same before and after calling `init_weights` of SegRefinerSemantic  

denoise_model.output_blocks.9.0.skip_connection.weight - torch.Size([256, 512, 1, 1]): 
The value is the same before and after calling `init_weights` of SegRefinerSemantic  

denoise_model.output_blocks.9.0.skip_connection.bias - torch.Size([256]): 
The value is the same before and after calling `init_weights` of SegRefinerSemantic  

denoise_model.output_blocks.10.0.in_layers.0.weight - torch.Size([512]): 
The value is the same before and after calling `init_weights` of SegRefinerSemantic  

denoise_model.output_blocks.10.0.in_layers.0.bias - torch.Size([512]): 
The value is the same before and after calling `init_weights` of SegRefinerSemantic  

denoise_model.output_blocks.10.0.in_layers.2.weight - torch.Size([256, 512, 3, 3]): 
The value is the same before and after calling `init_weights` of SegRefinerSemantic  

denoise_model.output_blocks.10.0.in_layers.2.bias - torch.Size([256]): 
The value is the same before and after calling `init_weights` of SegRefinerSemantic  

denoise_model.output_blocks.10.0.emb_layers.1.weight - torch.Size([256, 512]): 
The value is the same before and after calling `init_weights` of SegRefinerSemantic  

denoise_model.output_blocks.10.0.emb_layers.1.bias - torch.Size([256]): 
The value is the same before and after calling `init_weights` of SegRefinerSemantic  

denoise_model.output_blocks.10.0.out_layers.0.weight - torch.Size([256]): 
The value is the same before and after calling `init_weights` of SegRefinerSemantic  

denoise_model.output_blocks.10.0.out_layers.0.bias - torch.Size([256]): 
The value is the same before and after calling `init_weights` of SegRefinerSemantic  

denoise_model.output_blocks.10.0.out_layers.3.weight - torch.Size([256, 256, 3, 3]): 
The value is the same before and after calling `init_weights` of SegRefinerSemantic  

denoise_model.output_blocks.10.0.out_layers.3.bias - torch.Size([256]): 
The value is the same before and after calling `init_weights` of SegRefinerSemantic  

denoise_model.output_blocks.10.0.skip_connection.weight - torch.Size([256, 512, 1, 1]): 
The value is the same before and after calling `init_weights` of SegRefinerSemantic  

denoise_model.output_blocks.10.0.skip_connection.bias - torch.Size([256]): 
The value is the same before and after calling `init_weights` of SegRefinerSemantic  

denoise_model.output_blocks.11.0.in_layers.0.weight - torch.Size([384]): 
The value is the same before and after calling `init_weights` of SegRefinerSemantic  

denoise_model.output_blocks.11.0.in_layers.0.bias - torch.Size([384]): 
The value is the same before and after calling `init_weights` of SegRefinerSemantic  

denoise_model.output_blocks.11.0.in_layers.2.weight - torch.Size([256, 384, 3, 3]): 
The value is the same before and after calling `init_weights` of SegRefinerSemantic  

denoise_model.output_blocks.11.0.in_layers.2.bias - torch.Size([256]): 
The value is the same before and after calling `init_weights` of SegRefinerSemantic  

denoise_model.output_blocks.11.0.emb_layers.1.weight - torch.Size([256, 512]): 
The value is the same before and after calling `init_weights` of SegRefinerSemantic  

denoise_model.output_blocks.11.0.emb_layers.1.bias - torch.Size([256]): 
The value is the same before and after calling `init_weights` of SegRefinerSemantic  

denoise_model.output_blocks.11.0.out_layers.0.weight - torch.Size([256]): 
The value is the same before and after calling `init_weights` of SegRefinerSemantic  

denoise_model.output_blocks.11.0.out_layers.0.bias - torch.Size([256]): 
The value is the same before and after calling `init_weights` of SegRefinerSemantic  

denoise_model.output_blocks.11.0.out_layers.3.weight - torch.Size([256, 256, 3, 3]): 
The value is the same before and after calling `init_weights` of SegRefinerSemantic  

denoise_model.output_blocks.11.0.out_layers.3.bias - torch.Size([256]): 
The value is the same before and after calling `init_weights` of SegRefinerSemantic  

denoise_model.output_blocks.11.0.skip_connection.weight - torch.Size([256, 384, 1, 1]): 
The value is the same before and after calling `init_weights` of SegRefinerSemantic  

denoise_model.output_blocks.11.0.skip_connection.bias - torch.Size([256]): 
The value is the same before and after calling `init_weights` of SegRefinerSemantic  

denoise_model.output_blocks.11.1.conv.weight - torch.Size([256, 256, 3, 3]): 
The value is the same before and after calling `init_weights` of SegRefinerSemantic  

denoise_model.output_blocks.11.1.conv.bias - torch.Size([256]): 
The value is the same before and after calling `init_weights` of SegRefinerSemantic  

denoise_model.output_blocks.12.0.in_layers.0.weight - torch.Size([384]): 
The value is the same before and after calling `init_weights` of SegRefinerSemantic  

denoise_model.output_blocks.12.0.in_layers.0.bias - torch.Size([384]): 
The value is the same before and after calling `init_weights` of SegRefinerSemantic  

denoise_model.output_blocks.12.0.in_layers.2.weight - torch.Size([128, 384, 3, 3]): 
The value is the same before and after calling `init_weights` of SegRefinerSemantic  

denoise_model.output_blocks.12.0.in_layers.2.bias - torch.Size([128]): 
The value is the same before and after calling `init_weights` of SegRefinerSemantic  

denoise_model.output_blocks.12.0.emb_layers.1.weight - torch.Size([128, 512]): 
The value is the same before and after calling `init_weights` of SegRefinerSemantic  

denoise_model.output_blocks.12.0.emb_layers.1.bias - torch.Size([128]): 
The value is the same before and after calling `init_weights` of SegRefinerSemantic  

denoise_model.output_blocks.12.0.out_layers.0.weight - torch.Size([128]): 
The value is the same before and after calling `init_weights` of SegRefinerSemantic  

denoise_model.output_blocks.12.0.out_layers.0.bias - torch.Size([128]): 
The value is the same before and after calling `init_weights` of SegRefinerSemantic  

denoise_model.output_blocks.12.0.out_layers.3.weight - torch.Size([128, 128, 3, 3]): 
The value is the same before and after calling `init_weights` of SegRefinerSemantic  

denoise_model.output_blocks.12.0.out_layers.3.bias - torch.Size([128]): 
The value is the same before and after calling `init_weights` of SegRefinerSemantic  

denoise_model.output_blocks.12.0.skip_connection.weight - torch.Size([128, 384, 1, 1]): 
The value is the same before and after calling `init_weights` of SegRefinerSemantic  

denoise_model.output_blocks.12.0.skip_connection.bias - torch.Size([128]): 
The value is the same before and after calling `init_weights` of SegRefinerSemantic  

denoise_model.output_blocks.13.0.in_layers.0.weight - torch.Size([256]): 
The value is the same before and after calling `init_weights` of SegRefinerSemantic  

denoise_model.output_blocks.13.0.in_layers.0.bias - torch.Size([256]): 
The value is the same before and after calling `init_weights` of SegRefinerSemantic  

denoise_model.output_blocks.13.0.in_layers.2.weight - torch.Size([128, 256, 3, 3]): 
The value is the same before and after calling `init_weights` of SegRefinerSemantic  

denoise_model.output_blocks.13.0.in_layers.2.bias - torch.Size([128]): 
The value is the same before and after calling `init_weights` of SegRefinerSemantic  

denoise_model.output_blocks.13.0.emb_layers.1.weight - torch.Size([128, 512]): 
The value is the same before and after calling `init_weights` of SegRefinerSemantic  

denoise_model.output_blocks.13.0.emb_layers.1.bias - torch.Size([128]): 
The value is the same before and after calling `init_weights` of SegRefinerSemantic  

denoise_model.output_blocks.13.0.out_layers.0.weight - torch.Size([128]): 
The value is the same before and after calling `init_weights` of SegRefinerSemantic  

denoise_model.output_blocks.13.0.out_layers.0.bias - torch.Size([128]): 
The value is the same before and after calling `init_weights` of SegRefinerSemantic  

denoise_model.output_blocks.13.0.out_layers.3.weight - torch.Size([128, 128, 3, 3]): 
The value is the same before and after calling `init_weights` of SegRefinerSemantic  

denoise_model.output_blocks.13.0.out_layers.3.bias - torch.Size([128]): 
The value is the same before and after calling `init_weights` of SegRefinerSemantic  

denoise_model.output_blocks.13.0.skip_connection.weight - torch.Size([128, 256, 1, 1]): 
The value is the same before and after calling `init_weights` of SegRefinerSemantic  

denoise_model.output_blocks.13.0.skip_connection.bias - torch.Size([128]): 
The value is the same before and after calling `init_weights` of SegRefinerSemantic  

denoise_model.output_blocks.14.0.in_layers.0.weight - torch.Size([256]): 
The value is the same before and after calling `init_weights` of SegRefinerSemantic  

denoise_model.output_blocks.14.0.in_layers.0.bias - torch.Size([256]): 
The value is the same before and after calling `init_weights` of SegRefinerSemantic  

denoise_model.output_blocks.14.0.in_layers.2.weight - torch.Size([128, 256, 3, 3]): 
The value is the same before and after calling `init_weights` of SegRefinerSemantic  

denoise_model.output_blocks.14.0.in_layers.2.bias - torch.Size([128]): 
The value is the same before and after calling `init_weights` of SegRefinerSemantic  

denoise_model.output_blocks.14.0.emb_layers.1.weight - torch.Size([128, 512]): 
The value is the same before and after calling `init_weights` of SegRefinerSemantic  

denoise_model.output_blocks.14.0.emb_layers.1.bias - torch.Size([128]): 
The value is the same before and after calling `init_weights` of SegRefinerSemantic  

denoise_model.output_blocks.14.0.out_layers.0.weight - torch.Size([128]): 
The value is the same before and after calling `init_weights` of SegRefinerSemantic  

denoise_model.output_blocks.14.0.out_layers.0.bias - torch.Size([128]): 
The value is the same before and after calling `init_weights` of SegRefinerSemantic  

denoise_model.output_blocks.14.0.out_layers.3.weight - torch.Size([128, 128, 3, 3]): 
The value is the same before and after calling `init_weights` of SegRefinerSemantic  

denoise_model.output_blocks.14.0.out_layers.3.bias - torch.Size([128]): 
The value is the same before and after calling `init_weights` of SegRefinerSemantic  

denoise_model.output_blocks.14.0.skip_connection.weight - torch.Size([128, 256, 1, 1]): 
The value is the same before and after calling `init_weights` of SegRefinerSemantic  

denoise_model.output_blocks.14.0.skip_connection.bias - torch.Size([128]): 
The value is the same before and after calling `init_weights` of SegRefinerSemantic  

denoise_model.output_blocks.14.1.conv.weight - torch.Size([128, 128, 3, 3]): 
The value is the same before and after calling `init_weights` of SegRefinerSemantic  

denoise_model.output_blocks.14.1.conv.bias - torch.Size([128]): 
The value is the same before and after calling `init_weights` of SegRefinerSemantic  

denoise_model.output_blocks.15.0.in_layers.0.weight - torch.Size([256]): 
The value is the same before and after calling `init_weights` of SegRefinerSemantic  

denoise_model.output_blocks.15.0.in_layers.0.bias - torch.Size([256]): 
The value is the same before and after calling `init_weights` of SegRefinerSemantic  

denoise_model.output_blocks.15.0.in_layers.2.weight - torch.Size([128, 256, 3, 3]): 
The value is the same before and after calling `init_weights` of SegRefinerSemantic  

denoise_model.output_blocks.15.0.in_layers.2.bias - torch.Size([128]): 
The value is the same before and after calling `init_weights` of SegRefinerSemantic  

denoise_model.output_blocks.15.0.emb_layers.1.weight - torch.Size([128, 512]): 
The value is the same before and after calling `init_weights` of SegRefinerSemantic  

denoise_model.output_blocks.15.0.emb_layers.1.bias - torch.Size([128]): 
The value is the same before and after calling `init_weights` of SegRefinerSemantic  

denoise_model.output_blocks.15.0.out_layers.0.weight - torch.Size([128]): 
The value is the same before and after calling `init_weights` of SegRefinerSemantic  

denoise_model.output_blocks.15.0.out_layers.0.bias - torch.Size([128]): 
The value is the same before and after calling `init_weights` of SegRefinerSemantic  

denoise_model.output_blocks.15.0.out_layers.3.weight - torch.Size([128, 128, 3, 3]): 
The value is the same before and after calling `init_weights` of SegRefinerSemantic  

denoise_model.output_blocks.15.0.out_layers.3.bias - torch.Size([128]): 
The value is the same before and after calling `init_weights` of SegRefinerSemantic  

denoise_model.output_blocks.15.0.skip_connection.weight - torch.Size([128, 256, 1, 1]): 
The value is the same before and after calling `init_weights` of SegRefinerSemantic  

denoise_model.output_blocks.15.0.skip_connection.bias - torch.Size([128]): 
The value is the same before and after calling `init_weights` of SegRefinerSemantic  

denoise_model.output_blocks.16.0.in_layers.0.weight - torch.Size([256]): 
The value is the same before and after calling `init_weights` of SegRefinerSemantic  

denoise_model.output_blocks.16.0.in_layers.0.bias - torch.Size([256]): 
The value is the same before and after calling `init_weights` of SegRefinerSemantic  

denoise_model.output_blocks.16.0.in_layers.2.weight - torch.Size([128, 256, 3, 3]): 
The value is the same before and after calling `init_weights` of SegRefinerSemantic  

denoise_model.output_blocks.16.0.in_layers.2.bias - torch.Size([128]): 
The value is the same before and after calling `init_weights` of SegRefinerSemantic  

denoise_model.output_blocks.16.0.emb_layers.1.weight - torch.Size([128, 512]): 
The value is the same before and after calling `init_weights` of SegRefinerSemantic  

denoise_model.output_blocks.16.0.emb_layers.1.bias - torch.Size([128]): 
The value is the same before and after calling `init_weights` of SegRefinerSemantic  

denoise_model.output_blocks.16.0.out_layers.0.weight - torch.Size([128]): 
The value is the same before and after calling `init_weights` of SegRefinerSemantic  

denoise_model.output_blocks.16.0.out_layers.0.bias - torch.Size([128]): 
The value is the same before and after calling `init_weights` of SegRefinerSemantic  

denoise_model.output_blocks.16.0.out_layers.3.weight - torch.Size([128, 128, 3, 3]): 
The value is the same before and after calling `init_weights` of SegRefinerSemantic  

denoise_model.output_blocks.16.0.out_layers.3.bias - torch.Size([128]): 
The value is the same before and after calling `init_weights` of SegRefinerSemantic  

denoise_model.output_blocks.16.0.skip_connection.weight - torch.Size([128, 256, 1, 1]): 
The value is the same before and after calling `init_weights` of SegRefinerSemantic  

denoise_model.output_blocks.16.0.skip_connection.bias - torch.Size([128]): 
The value is the same before and after calling `init_weights` of SegRefinerSemantic  

denoise_model.output_blocks.17.0.in_layers.0.weight - torch.Size([256]): 
The value is the same before and after calling `init_weights` of SegRefinerSemantic  

denoise_model.output_blocks.17.0.in_layers.0.bias - torch.Size([256]): 
The value is the same before and after calling `init_weights` of SegRefinerSemantic  

denoise_model.output_blocks.17.0.in_layers.2.weight - torch.Size([128, 256, 3, 3]): 
The value is the same before and after calling `init_weights` of SegRefinerSemantic  

denoise_model.output_blocks.17.0.in_layers.2.bias - torch.Size([128]): 
The value is the same before and after calling `init_weights` of SegRefinerSemantic  

denoise_model.output_blocks.17.0.emb_layers.1.weight - torch.Size([128, 512]): 
The value is the same before and after calling `init_weights` of SegRefinerSemantic  

denoise_model.output_blocks.17.0.emb_layers.1.bias - torch.Size([128]): 
The value is the same before and after calling `init_weights` of SegRefinerSemantic  

denoise_model.output_blocks.17.0.out_layers.0.weight - torch.Size([128]): 
The value is the same before and after calling `init_weights` of SegRefinerSemantic  

denoise_model.output_blocks.17.0.out_layers.0.bias - torch.Size([128]): 
The value is the same before and after calling `init_weights` of SegRefinerSemantic  

denoise_model.output_blocks.17.0.out_layers.3.weight - torch.Size([128, 128, 3, 3]): 
The value is the same before and after calling `init_weights` of SegRefinerSemantic  

denoise_model.output_blocks.17.0.out_layers.3.bias - torch.Size([128]): 
The value is the same before and after calling `init_weights` of SegRefinerSemantic  

denoise_model.output_blocks.17.0.skip_connection.weight - torch.Size([128, 256, 1, 1]): 
The value is the same before and after calling `init_weights` of SegRefinerSemantic  

denoise_model.output_blocks.17.0.skip_connection.bias - torch.Size([128]): 
The value is the same before and after calling `init_weights` of SegRefinerSemantic  

denoise_model.out.0.weight - torch.Size([128]): 
The value is the same before and after calling `init_weights` of SegRefinerSemantic  

denoise_model.out.0.bias - torch.Size([128]): 
The value is the same before and after calling `init_weights` of SegRefinerSemantic  

denoise_model.out.2.weight - torch.Size([1, 128, 3, 3]): 
The value is the same before and after calling `init_weights` of SegRefinerSemantic  

denoise_model.out.2.bias - torch.Size([1]): 
The value is the same before and after calling `init_weights` of SegRefinerSemantic  

loss_texture.sobel.conv_x.weight - torch.Size([1, 1, 3, 3]): 
The value is the same before and after calling `init_weights` of SegRefinerSemantic  

loss_texture.sobel.conv_y.weight - torch.Size([1, 1, 3, 3]): 
The value is the same before and after calling `init_weights` of SegRefinerSemantic  
2026-05-05 16:57:37,040 - mmdet - INFO - Automatic scaling of learning rate (LR) has been disabled.
2026-05-05 16:57:37,045 - mmdet - INFO - Start running, host: ubuntu@ip-172-31-22-110, work_dir: /home/ubuntu/vy/Denoiser/SegRefiner/work_dirs/exp5_obj_bnd
2026-05-05 16:57:37,045 - mmdet - INFO - Hooks will be executed in the following order:
before_run:
(VERY_HIGH   ) StepLrUpdaterHook                  
(NORMAL      ) CheckpointHook                     
(VERY_LOW    ) TextLoggerHook                     
 -------------------- 
before_train_epoch:
(VERY_HIGH   ) StepLrUpdaterHook                  
(LOW         ) IterTimerHook                      
(VERY_LOW    ) TextLoggerHook                     
 -------------------- 
before_train_iter:
(VERY_HIGH   ) StepLrUpdaterHook                  
(LOW         ) IterTimerHook                      
 -------------------- 
after_train_iter:
(ABOVE_NORMAL) OptimizerHook                      
(NORMAL      ) CheckpointHook                     
(LOW         ) IterTimerHook                      
(LOW         ) OEMBuildingEvalHook                
(VERY_LOW    ) TextLoggerHook                     
 -------------------- 
after_train_epoch:
(NORMAL      ) CheckpointHook                     
(VERY_LOW    ) TextLoggerHook                     
 -------------------- 
before_val_epoch:
(LOW         ) IterTimerHook                      
(VERY_LOW    ) TextLoggerHook                     
 -------------------- 
before_val_iter:
(LOW         ) IterTimerHook                      
 -------------------- 
after_val_iter:
(LOW         ) IterTimerHook                      
 -------------------- 
after_val_epoch:
(VERY_LOW    ) TextLoggerHook                     
 -------------------- 
after_run:
(VERY_LOW    ) TextLoggerHook                     
 -------------------- 
2026-05-05 16:57:37,045 - mmdet - INFO - workflow: [('train', 1)], max: 120000 iters
2026-05-05 16:57:37,046 - mmdet - INFO - Checkpoints will be saved to /home/ubuntu/vy/Denoiser/SegRefiner/work_dirs/exp5_obj_bnd by HardDiskBackend.
2026-05-05 16:58:03,225 - mmdet - INFO - Iter [25/120000]	lr: 4.895e-06, eta: 1 day, 6:28:59, time: 0.915, data_time: 0.025, memory: 10658, loss_mask: 1.8291, loss_texture: 0.0125, iou: 0.0640, iou_t0: 0.1313, iou_t1: 0.0704, iou_t2: 0.0475, iou_t3: 0.0517, iou_t4: 0.0506, iou_t5: 0.0353, loss: 1.8417
2026-05-05 16:58:26,658 - mmdet - INFO - Iter [50/120000]	lr: 9.890e-06, eta: 1 day, 6:51:16, time: 0.937, data_time: 0.018, memory: 10658, loss_mask: 1.3899, loss_texture: 0.0115, iou: 0.1209, iou_t0: 0.1719, iou_t1: 0.1685, iou_t2: 0.1332, iou_t3: 0.0804, iou_t4: 0.0712, iou_t5: 0.0787, loss: 1.4014
2026-05-05 16:58:49,040 - mmdet - INFO - Iter [75/120000]	lr: 1.489e-05, eta: 1 day, 6:30:21, time: 0.895, data_time: 0.008, memory: 10658, loss_mask: 1.1739, loss_texture: 0.0101, iou: 0.1179, iou_t0: 0.1543, iou_t1: 0.1210, iou_t2: 0.1060, iou_t3: 0.1360, iou_t4: 0.0840, iou_t5: 0.1158, loss: 1.1840
2026-05-05 16:59:11,461 - mmdet - INFO - Iter [100/120000]	lr: 1.988e-05, eta: 1 day, 6:20:35, time: 0.897, data_time: 0.009, memory: 10658, loss_mask: 1.0364, loss_texture: 0.0099, iou: 0.2703, iou_t0: 0.3403, iou_t1: 0.3805, iou_t2: 0.3026, iou_t3: 0.1657, iou_t4: 0.2122, iou_t5: 0.2344, loss: 1.0462
2026-05-05 16:59:34,194 - mmdet - INFO - Iter [125/120000]	lr: 2.488e-05, eta: 1 day, 6:19:30, time: 0.909, data_time: 0.009, memory: 10658, loss_mask: 0.9581, loss_texture: 0.0088, iou: 0.2581, iou_t0: 0.3648, iou_t1: 0.3176, iou_t2: 0.2005, iou_t3: 0.2726, iou_t4: 0.2208, iou_t5: 0.2030, loss: 0.9669
2026-05-05 16:59:56,008 - mmdet - INFO - Iter [150/120000]	lr: 2.987e-05, eta: 1 day, 6:06:25, time: 0.873, data_time: 0.008, memory: 10658, loss_mask: 0.8170, loss_texture: 0.0078, iou: 0.3006, iou_t0: 0.3131, iou_t1: 0.4623, iou_t2: 0.3010, iou_t3: 0.2834, iou_t4: 0.2114, iou_t5: 0.2595, loss: 0.8248
2026-05-05 17:00:18,443 - mmdet - INFO - Iter [175/120000]	lr: 3.487e-05, eta: 1 day, 6:04:03, time: 0.897, data_time: 0.008, memory: 10658, loss_mask: 0.7824, loss_texture: 0.0088, iou: 0.3344, iou_t0: 0.4683, iou_t1: 0.4317, iou_t2: 0.2788, iou_t3: 0.3366, iou_t4: 0.2783, iou_t5: 0.2642, loss: 0.7913
2026-05-05 17:00:39,990 - mmdet - INFO - Iter [200/120000]	lr: 3.986e-05, eta: 1 day, 5:53:19, time: 0.862, data_time: 0.008, memory: 10658, loss_mask: 0.8428, loss_texture: 0.0083, iou: 0.3223, iou_t0: 0.3728, iou_t1: 0.4217, iou_t2: 0.2569, iou_t3: 0.3299, iou_t4: 0.2910, iou_t5: 0.2481, loss: 0.8511
2026-05-05 17:01:02,489 - mmdet - INFO - Iter [225/120000]	lr: 4.486e-05, eta: 1 day, 5:53:20, time: 0.900, data_time: 0.008, memory: 10658, loss_mask: 0.6735, loss_texture: 0.0072, iou: 0.2929, iou_t0: 0.4441, iou_t1: 0.4177, iou_t2: 0.2758, iou_t3: 0.2390, iou_t4: 0.2273, iou_t5: 0.1914, loss: 0.6806
2026-05-05 17:01:25,246 - mmdet - INFO - Iter [250/120000]	lr: 4.985e-05, eta: 1 day, 5:55:20, time: 0.910, data_time: 0.009, memory: 10658, loss_mask: 0.7492, loss_texture: 0.0090, iou: 0.3840, iou_t0: 0.5726, iou_t1: 0.4601, iou_t2: 0.3602, iou_t3: 0.3394, iou_t4: 0.3316, iou_t5: 0.3335, loss: 0.7582
2026-05-05 17:01:47,653 - mmdet - INFO - Iter [275/120000]	lr: 5.485e-05, eta: 1 day, 5:54:22, time: 0.896, data_time: 0.009, memory: 10658, loss_mask: 0.6422, loss_texture: 0.0078, iou: 0.3914, iou_t0: 0.5089, iou_t1: 0.4455, iou_t2: 0.3808, iou_t3: 0.3666, iou_t4: 0.3123, iou_t5: 0.3529, loss: 0.6499
2026-05-05 17:02:10,219 - mmdet - INFO - Iter [300/120000]	lr: 5.984e-05, eta: 1 day, 5:54:34, time: 0.903, data_time: 0.009, memory: 10658, loss_mask: 0.7113, loss_texture: 0.0085, iou: 0.4206, iou_t0: 0.5048, iou_t1: 0.4792, iou_t2: 0.3645, iou_t3: 0.4266, iou_t4: 0.3638, iou_t5: 0.3725, loss: 0.7198
2026-05-05 17:02:32,772 - mmdet - INFO - Iter [325/120000]	lr: 6.484e-05, eta: 1 day, 5:54:34, time: 0.902, data_time: 0.009, memory: 10658, loss_mask: 0.5901, loss_texture: 0.0072, iou: 0.4173, iou_t0: 0.5924, iou_t1: 0.5155, iou_t2: 0.4323, iou_t3: 0.3857, iou_t4: 0.2491, iou_t5: 0.2804, loss: 0.5973
2026-05-05 17:02:50,867 - mmdet - INFO - Iter [350/120000]	lr: 6.983e-05, eta: 1 day, 5:29:09, time: 0.724, data_time: 0.011, memory: 10658, loss_mask: 0.5946, loss_texture: 0.0066, iou: 0.3821, iou_t0: 0.5122, iou_t1: 0.5062, iou_t2: 0.2756, iou_t3: 0.3555, iou_t4: 0.3014, iou_t5: 0.3142, loss: 0.6011
2026-05-05 17:03:11,204 - mmdet - INFO - Iter [375/120000]	lr: 7.483e-05, eta: 1 day, 5:18:59, time: 0.813, data_time: 0.008, memory: 10658, loss_mask: 0.5686, loss_texture: 0.0069, iou: 0.3869, iou_t0: 0.5105, iou_t1: 0.4776, iou_t2: 0.3900, iou_t3: 0.3421, iou_t4: 0.3646, iou_t5: 0.2356, loss: 0.5755
2026-05-05 17:03:28,562 - mmdet - INFO - Iter [400/120000]	lr: 7.982e-05, eta: 1 day, 4:55:12, time: 0.694, data_time: 0.012, memory: 10658, loss_mask: 0.5779, loss_texture: 0.0075, iou: 0.4366, iou_t0: 0.5698, iou_t1: 0.5879, iou_t2: 0.4761, iou_t3: 0.3461, iou_t4: 0.3556, iou_t5: 0.3148, loss: 0.5853
2026-05-05 17:03:46,411 - mmdet - INFO - Iter [425/120000]	lr: 8.482e-05, eta: 1 day, 4:36:30, time: 0.714, data_time: 0.008, memory: 10658, loss_mask: 0.6189, loss_texture: 0.0077, iou: 0.4182, iou_t0: 0.5505, iou_t1: 0.5047, iou_t2: 0.3917, iou_t3: 0.3721, iou_t4: 0.3626, iou_t5: 0.2956, loss: 0.6266
2026-05-05 17:04:05,335 - mmdet - INFO - Iter [450/120000]	lr: 8.981e-05, eta: 1 day, 4:24:35, time: 0.757, data_time: 0.008, memory: 10658, loss_mask: 0.7005, loss_texture: 0.0094, iou: 0.4597, iou_t0: 0.5787, iou_t1: 0.5397, iou_t2: 0.4868, iou_t3: 0.4026, iou_t4: 0.3584, iou_t5: 0.4740, loss: 0.7099
2026-05-05 17:04:24,220 - mmdet - INFO - Iter [475/120000]	lr: 9.481e-05, eta: 1 day, 4:13:43, time: 0.755, data_time: 0.008, memory: 10658, loss_mask: 0.5177, loss_texture: 0.0067, iou: 0.4643, iou_t0: 0.6274, iou_t1: 0.4908, iou_t2: 0.5229, iou_t3: 0.3636, iou_t4: 0.4228, iou_t5: 0.3945, loss: 0.5244
2026-05-05 17:04:43,299 - mmdet - INFO - Validation set: 218 images
2026-05-05 17:04:43,299 - mmdet - INFO - 
--- Val evaluation at iter 500 ---
2026-05-05 17:09:43,457 - mmdet - INFO - 
+------------+-------------+-------------+
| Class      | Val IoU     | Pseudo IoU  |
+------------+-------------+-------------+
| background | 91.78       | 92.68       |
| building   | 66.01       | 69.14       |
| Summary    | mIoU: 78.89 | mIoU: 80.91 |
+------------+-------------+-------------+
Images evaluated: 218
2026-05-05 17:09:46,159 - mmdet - INFO - ★ New best mIoU: 78.89% (prev: 0.00%, Δ=+78.89%) → saved to /home/ubuntu/vy/Denoiser/SegRefiner/work_dirs/exp5_obj_bnd/best_model.pth
2026-05-05 17:09:46,167 - mmdet - INFO - Iter [500/120000]	lr: 9.980e-05, eta: 1 day, 4:04:43, time: 0.763, data_time: 0.008, memory: 10658, val/mIoU: 0.7889, val/IoU.building: 0.6601, val/IoU.background: 0.9178, val/Pseudo_mIoU: 0.8091, loss_mask: 0.6524, loss_texture: 0.0073, iou: 0.3876, iou_t0: 0.5843, iou_t1: 0.5066, iou_t2: 0.3935, iou_t3: 0.3427, iou_t4: 0.2693, iou_t5: 0.2348, loss: 0.6596
2026-05-05 17:10:09,084 - mmdet - INFO - Iter [525/120000]	lr: 1.000e-04, eta: 1 day, 23:19:47, time: 13.031, data_time: 12.123, memory: 10658, loss_mask: 0.5478, loss_texture: 0.0073, iou: 0.4373, iou_t0: 0.4978, iou_t1: 0.4938, iou_t2: 0.4070, iou_t3: 0.4790, iou_t4: 0.4151, iou_t5: 0.3185, loss: 0.5551
2026-05-05 17:10:32,210 - mmdet - INFO - Iter [550/120000]	lr: 1.000e-04, eta: 1 day, 22:33:51, time: 0.925, data_time: 0.008, memory: 10658, loss_mask: 0.6474, loss_texture: 0.0082, iou: 0.4611, iou_t0: 0.5778, iou_t1: 0.5799, iou_t2: 0.4647, iou_t3: 0.4295, iou_t4: 0.3151, iou_t5: 0.3929, loss: 0.6556
2026-05-05 17:10:54,831 - mmdet - INFO - Iter [575/120000]	lr: 1.000e-04, eta: 1 day, 21:50:07, time: 0.905, data_time: 0.008, memory: 10658, loss_mask: 0.4758, loss_texture: 0.0058, iou: 0.3497, iou_t0: 0.5587, iou_t1: 0.3830, iou_t2: 0.3696, iou_t3: 0.3158, iou_t4: 0.1928, iou_t5: 0.3192, loss: 0.4816
2026-05-05 17:11:17,402 - mmdet - INFO - Iter [600/120000]	lr: 1.000e-04, eta: 1 day, 21:09:51, time: 0.903, data_time: 0.007, memory: 10658, loss_mask: 0.4790, loss_texture: 0.0067, iou: 0.4939, iou_t0: 0.5541, iou_t1: 0.5754, iou_t2: 0.5186, iou_t3: 0.4478, iou_t4: 0.4788, iou_t5: 0.3486, loss: 0.4857
2026-05-05 17:11:40,307 - mmdet - INFO - Iter [625/120000]	lr: 1.000e-04, eta: 1 day, 20:33:49, time: 0.916, data_time: 0.008, memory: 10658, loss_mask: 0.5379, loss_texture: 0.0074, iou: 0.4736, iou_t0: 0.6053, iou_t1: 0.5357, iou_t2: 0.4318, iou_t3: 0.4887, iou_t4: 0.3711, iou_t5: 0.4324, loss: 0.5453
2026-05-05 17:12:03,227 - mmdet - INFO - Iter [650/120000]	lr: 1.000e-04, eta: 1 day, 20:00:34, time: 0.917, data_time: 0.008, memory: 10658, loss_mask: 0.4463, loss_texture: 0.0074, iou: 0.4753, iou_t0: 0.4796, iou_t1: 0.5820, iou_t2: 0.4603, iou_t3: 0.4728, iou_t4: 0.3733, iou_t5: 0.4725, loss: 0.4538
2026-05-05 17:12:25,892 - mmdet - INFO - Iter [675/120000]	lr: 1.000e-04, eta: 1 day, 19:29:01, time: 0.907, data_time: 0.009, memory: 10658, loss_mask: 0.6270, loss_texture: 0.0082, iou: 0.4380, iou_t0: 0.5515, iou_t1: 0.4379, iou_t2: 0.5653, iou_t3: 0.4039, iou_t4: 0.4108, iou_t5: 0.3261, loss: 0.6352
2026-05-05 17:12:48,712 - mmdet - INFO - Iter [700/120000]	lr: 1.000e-04, eta: 1 day, 19:00:07, time: 0.913, data_time: 0.008, memory: 10658, loss_mask: 0.5257, loss_texture: 0.0084, iou: 0.4913, iou_t0: 0.5443, iou_t1: 0.6173, iou_t2: 0.4329, iou_t3: 0.4801, iou_t4: 0.4799, iou_t5: 0.4396, loss: 0.5341
2026-05-05 17:13:10,902 - mmdet - INFO - Iter [725/120000]	lr: 1.000e-04, eta: 1 day, 18:31:29, time: 0.888, data_time: 0.008, memory: 10658, loss_mask: 0.4448, loss_texture: 0.0069, iou: 0.4720, iou_t0: 0.4513, iou_t1: 0.6106, iou_t2: 0.5303, iou_t3: 0.3510, iou_t4: 0.4412, iou_t5: 0.4212, loss: 0.4517
2026-05-05 17:13:33,911 - mmdet - INFO - Iter [750/120000]	lr: 1.000e-04, eta: 1 day, 18:06:54, time: 0.920, data_time: 0.009, memory: 10658, loss_mask: 0.4969, loss_texture: 0.0078, iou: 0.4803, iou_t0: 0.5706, iou_t1: 0.5528, iou_t2: 0.4815, iou_t3: 0.4001, iou_t4: 0.4509, iou_t5: 0.4510, loss: 0.5047
2026-05-05 17:13:57,043 - mmdet - INFO - Iter [775/120000]	lr: 1.000e-04, eta: 1 day, 17:44:11, time: 0.925, data_time: 0.008, memory: 10658, loss_mask: 0.4352, loss_texture: 0.0071, iou: 0.4745, iou_t0: 0.5005, iou_t1: 0.5542, iou_t2: 0.4332, iou_t3: 0.4404, iou_t4: 0.3729, iou_t5: 0.5112, loss: 0.4423
2026-05-05 17:14:19,919 - mmdet - INFO - Iter [800/120000]	lr: 1.000e-04, eta: 1 day, 17:22:13, time: 0.915, data_time: 0.007, memory: 10658, loss_mask: 0.5137, loss_texture: 0.0071, iou: 0.4612, iou_t0: 0.6166, iou_t1: 0.4164, iou_t2: 0.4836, iou_t3: 0.4708, iou_t4: 0.4100, iou_t5: 0.3201, loss: 0.5208
2026-05-05 17:14:42,493 - mmdet - INFO - Iter [825/120000]	lr: 1.000e-04, eta: 1 day, 17:00:50, time: 0.903, data_time: 0.008, memory: 10658, loss_mask: 0.5364, loss_texture: 0.0063, iou: 0.4150, iou_t0: 0.5714, iou_t1: 0.4837, iou_t2: 0.3630, iou_t3: 0.3242, iou_t4: 0.3269, iou_t5: 0.4088, loss: 0.5427
2026-05-05 17:15:03,389 - mmdet - INFO - Iter [850/120000]	lr: 1.000e-04, eta: 1 day, 16:36:47, time: 0.836, data_time: 0.009, memory: 10658, loss_mask: 0.5591, loss_texture: 0.0068, iou: 0.4397, iou_t0: 0.6149, iou_t1: 0.5494, iou_t2: 0.4290, iou_t3: 0.3924, iou_t4: 0.3225, iou_t5: 0.3522, loss: 0.5659
2026-05-05 17:15:20,687 - mmdet - INFO - Iter [875/120000]	lr: 1.000e-04, eta: 1 day, 16:05:55, time: 0.692, data_time: 0.008, memory: 10658, loss_mask: 0.4858, loss_texture: 0.0075, iou: 0.5401, iou_t0: 0.6149, iou_t1: 0.5876, iou_t2: 0.5139, iou_t3: 0.5369, iou_t4: 0.4677, iou_t5: 0.5094, loss: 0.4933
2026-05-05 17:15:36,445 - mmdet - INFO - Iter [900/120000]	lr: 1.000e-04, eta: 1 day, 15:33:21, time: 0.630, data_time: 0.009, memory: 10658, loss_mask: 0.4430, loss_texture: 0.0063, iou: 0.4452, iou_t0: 0.6024, iou_t1: 0.4594, iou_t2: 0.4453, iou_t3: 0.4120, iou_t4: 0.4418, iou_t5: 0.3232, loss: 0.4493
2026-05-05 17:15:55,076 - mmdet - INFO - Iter [925/120000]	lr: 1.000e-04, eta: 1 day, 15:08:41, time: 0.745, data_time: 0.007, memory: 10658, loss_mask: 0.5778, loss_texture: 0.0077, iou: 0.4861, iou_t0: 0.5700, iou_t1: 0.5772, iou_t2: 0.4941, iou_t3: 0.4648, iou_t4: 0.3651, iou_t5: 0.4482, loss: 0.5855
2026-05-05 17:16:13,936 - mmdet - INFO - Iter [950/120000]	lr: 1.000e-04, eta: 1 day, 14:45:48, time: 0.754, data_time: 0.008, memory: 10658, loss_mask: 0.5170, loss_texture: 0.0077, iou: 0.4165, iou_t0: 0.4347, iou_t1: 0.4482, iou_t2: 0.4494, iou_t3: 0.4623, iou_t4: 0.3470, iou_t5: 0.3629, loss: 0.5247
2026-05-05 17:16:32,767 - mmdet - INFO - Iter [975/120000]	lr: 1.000e-04, eta: 1 day, 14:24:00, time: 0.753, data_time: 0.008, memory: 10658, loss_mask: 0.4306, loss_texture: 0.0075, iou: 0.5350, iou_t0: 0.6074, iou_t1: 0.5830, iou_t2: 0.5544, iou_t3: 0.4988, iou_t4: 0.4699, iou_t5: 0.4854, loss: 0.4381
2026-05-05 17:16:51,541 - mmdet - INFO - 
--- Val evaluation at iter 1000 ---
2026-05-05 17:22:08,899 - mmdet - INFO - 
+------------+-------------+-------------+
| Class      | Val IoU     | Pseudo IoU  |
+------------+-------------+-------------+
| background | 91.31       | 92.68       |
| building   | 62.27       | 69.14       |
| Summary    | mIoU: 76.79 | mIoU: 80.91 |
+------------+-------------+-------------+
Images evaluated: 218
2026-05-05 17:22:11,086 - mmdet - INFO - Exp name: exp5_obj_bnd.py
2026-05-05 17:22:11,086 - mmdet - INFO - Iter [1000/120000]	lr: 1.000e-04, eta: 1 day, 14:03:10, time: 0.751, data_time: 0.007, memory: 10658, val/mIoU: 0.7679, val/IoU.building: 0.6227, val/IoU.background: 0.9131, val/Pseudo_mIoU: 0.8091, loss_mask: 0.4813, loss_texture: 0.0075, iou: 0.4971, iou_t0: 0.6461, iou_t1: 0.5529, iou_t2: 0.4812, iou_t3: 0.5101, iou_t4: 0.4920, iou_t5: 0.3453, loss: 0.4888
2026-05-05 17:22:33,420 - mmdet - INFO - Iter [1025/120000]	lr: 1.000e-04, eta: 2 days, 0:08:23, time: 13.675, data_time: 12.791, memory: 10658, loss_mask: 0.3069, loss_texture: 0.0059, iou: 0.5588, iou_t0: 0.7267, iou_t1: 0.6155, iou_t2: 0.5492, iou_t3: 0.4898, iou_t4: 0.4926, iou_t5: 0.4979, loss: 0.3128
2026-05-05 17:22:56,384 - mmdet - INFO - Iter [1050/120000]	lr: 1.000e-04, eta: 1 day, 23:42:23, time: 0.919, data_time: 0.008, memory: 10658, loss_mask: 0.5001, loss_texture: 0.0072, iou: 0.4964, iou_t0: 0.5947, iou_t1: 0.5588, iou_t2: 0.5073, iou_t3: 0.4701, iou_t4: 0.3885, iou_t5: 0.4509, loss: 0.5073
2026-05-05 17:23:18,814 - mmdet - INFO - Iter [1075/120000]	lr: 1.000e-04, eta: 1 day, 23:16:35, time: 0.897, data_time: 0.008, memory: 10658, loss_mask: 0.4479, loss_texture: 0.0069, iou: 0.5386, iou_t0: 0.5565, iou_t1: 0.5668, iou_t2: 0.5235, iou_t3: 0.5544, iou_t4: 0.4901, iou_t5: 0.5425, loss: 0.4548
2026-05-05 17:23:41,162 - mmdet - INFO - Iter [1100/120000]	lr: 1.000e-04, eta: 1 day, 22:51:48, time: 0.894, data_time: 0.008, memory: 10658, loss_mask: 0.3734, loss_texture: 0.0066, iou: 0.6038, iou_t0: 0.7597, iou_t1: 0.7101, iou_t2: 0.4951, iou_t3: 0.6078, iou_t4: 0.5869, iou_t5: 0.4627, loss: 0.3800
2026-05-05 17:24:04,144 - mmdet - INFO - Iter [1125/120000]	lr: 1.000e-04, eta: 1 day, 22:29:12, time: 0.919, data_time: 0.008, memory: 10658, loss_mask: 0.4165, loss_texture: 0.0061, iou: 0.4602, iou_t0: 0.4796, iou_t1: 0.6568, iou_t2: 0.4451, iou_t3: 0.3967, iou_t4: 0.3751, iou_t5: 0.3768, loss: 0.4226
2026-05-05 17:24:26,794 - mmdet - INFO - Iter [1150/120000]	lr: 1.000e-04, eta: 1 day, 22:07:00, time: 0.906, data_time: 0.008, memory: 10658, loss_mask: 0.3783, loss_texture: 0.0055, iou: 0.4665, iou_t0: 0.5686, iou_t1: 0.5091, iou_t2: 0.5345, iou_t3: 0.3924, iou_t4: 0.4373, iou_t5: 0.3808, loss: 0.3838
2026-05-05 17:24:49,014 - mmdet - INFO - Iter [1175/120000]	lr: 1.000e-04, eta: 1 day, 21:45:01, time: 0.889, data_time: 0.008, memory: 10658, loss_mask: 0.3970, loss_texture: 0.0064, iou: 0.5398, iou_t0: 0.6706, iou_t1: 0.6491, iou_t2: 0.5105, iou_t3: 0.5095, iou_t4: 0.4462, iou_t5: 0.4808, loss: 0.4034
2026-05-05 17:25:11,750 - mmdet - INFO - Iter [1200/120000]	lr: 1.000e-04, eta: 1 day, 21:24:46, time: 0.909, data_time: 0.008, memory: 10658, loss_mask: 0.5662, loss_texture: 0.0069, iou: 0.3821, iou_t0: 0.4858, iou_t1: 0.3706, iou_t2: 0.3828, iou_t3: 0.3965, iou_t4: 0.3715, iou_t5: 0.2952, loss: 0.5731
2026-05-05 17:25:34,298 - mmdet - INFO - Iter [1225/120000]	lr: 1.000e-04, eta: 1 day, 21:05:02, time: 0.902, data_time: 0.008, memory: 10658, loss_mask: 0.3698, loss_texture: 0.0062, iou: 0.4769, iou_t0: 0.5250, iou_t1: 0.5370, iou_t2: 0.4274, iou_t3: 0.4281, iou_t4: 0.4114, iou_t5: 0.4649, loss: 0.3760
2026-05-05 17:25:56,456 - mmdet - INFO - Iter [1250/120000]	lr: 1.000e-04, eta: 1 day, 20:45:28, time: 0.886, data_time: 0.008, memory: 10658, loss_mask: 0.4026, loss_texture: 0.0061, iou: 0.5287, iou_t0: 0.5978, iou_t1: 0.5351, iou_t2: 0.5734, iou_t3: 0.5201, iou_t4: 0.4740, iou_t5: 0.4682, loss: 0.4087
2026-05-05 17:26:19,536 - mmdet - INFO - Iter [1275/120000]	lr: 1.000e-04, eta: 1 day, 20:28:04, time: 0.923, data_time: 0.008, memory: 10658, loss_mask: 0.3767, loss_texture: 0.0062, iou: 0.4244, iou_t0: 0.4681, iou_t1: 0.4984, iou_t2: 0.3609, iou_t3: 0.4176, iou_t4: 0.3947, iou_t5: 0.3502, loss: 0.3829
2026-05-05 17:26:42,067 - mmdet - INFO - Iter [1300/120000]	lr: 1.000e-04, eta: 1 day, 20:10:30, time: 0.901, data_time: 0.009, memory: 10658, loss_mask: 0.3635, loss_texture: 0.0058, iou: 0.5013, iou_t0: 0.5346, iou_t1: 0.6290, iou_t2: 0.4833, iou_t3: 0.4469, iou_t4: 0.4529, iou_t5: 0.4844, loss: 0.3693
2026-05-05 17:27:02,700 - mmdet - INFO - Iter [1325/120000]	lr: 1.000e-04, eta: 1 day, 19:50:45, time: 0.825, data_time: 0.009, memory: 10658, loss_mask: 0.3984, loss_texture: 0.0065, iou: 0.4887, iou_t0: 0.5563, iou_t1: 0.5390, iou_t2: 0.5483, iou_t3: 0.4312, iou_t4: 0.4140, iou_t5: 0.4734, loss: 0.4049
2026-05-05 17:27:20,821 - mmdet - INFO - Iter [1350/120000]	lr: 1.000e-04, eta: 1 day, 19:28:02, time: 0.725, data_time: 0.009, memory: 10658, loss_mask: 0.4166, loss_texture: 0.0060, iou: 0.5010, iou_t0: 0.5914, iou_t1: 0.6011, iou_t2: 0.5123, iou_t3: 0.4771, iou_t4: 0.3622, iou_t5: 0.4781, loss: 0.4226
2026-05-05 17:27:41,615 - mmdet - INFO - Iter [1375/120000]	lr: 1.000e-04, eta: 1 day, 19:09:58, time: 0.832, data_time: 0.009, memory: 10658, loss_mask: 0.4098, loss_texture: 0.0067, iou: 0.4809, iou_t0: 0.4965, iou_t1: 0.5225, iou_t2: 0.4959, iou_t3: 0.4899, iou_t4: 0.4048, iou_t5: 0.4722, loss: 0.4165
2026-05-05 17:27:59,529 - mmdet - INFO - Iter [1400/120000]	lr: 1.000e-04, eta: 1 day, 18:48:29, time: 0.717, data_time: 0.009, memory: 10658, loss_mask: 0.4275, loss_texture: 0.0062, iou: 0.5269, iou_t0: 0.6772, iou_t1: 0.5892, iou_t2: 0.4913, iou_t3: 0.5223, iou_t4: 0.4487, iou_t5: 0.5035, loss: 0.4337
2026-05-05 17:28:16,536 - mmdet - INFO - Iter [1425/120000]	lr: 1.000e-04, eta: 1 day, 18:26:28, time: 0.680, data_time: 0.009, memory: 10658, loss_mask: 0.3414, loss_texture: 0.0069, iou: 0.6029, iou_t0: 0.5956, iou_t1: 0.6598, iou_t2: 0.6323, iou_t3: 0.5762, iou_t4: 0.5392, iou_t5: 0.5698, loss: 0.3484
2026-05-05 17:28:35,217 - mmdet - INFO - Iter [1450/120000]	lr: 1.000e-04, eta: 1 day, 18:07:30, time: 0.747, data_time: 0.007, memory: 10658, loss_mask: 0.2761, loss_texture: 0.0051, iou: 0.5130, iou_t0: 0.5537, iou_t1: 0.5879, iou_t2: 0.5073, iou_t3: 0.5665, iou_t4: 0.4498, iou_t5: 0.4841, loss: 0.2812
2026-05-05 17:28:54,133 - mmdet - INFO - Iter [1475/120000]	lr: 1.000e-04, eta: 1 day, 17:49:28, time: 0.756, data_time: 0.008, memory: 10658, loss_mask: 0.2755, loss_texture: 0.0058, iou: 0.5573, iou_t0: 0.6306, iou_t1: 0.5539, iou_t2: 0.5872, iou_t3: 0.5335, iou_t4: 0.4994, iou_t5: 0.5112, loss: 0.2813
2026-05-05 17:29:12,877 - mmdet - INFO - 
--- Val evaluation at iter 1500 ---
2026-05-05 17:34:28,066 - mmdet - INFO - 
+------------+-------------+-------------+
| Class      | Val IoU     | Pseudo IoU  |
+------------+-------------+-------------+
| background | 90.27       | 92.68       |
| building   | 55.80       | 69.14       |
| Summary    | mIoU: 73.03 | mIoU: 80.91 |
+------------+-------------+-------------+
Images evaluated: 218
2026-05-05 17:34:30,487 - mmdet - INFO - Iter [1500/120000]	lr: 1.000e-04, eta: 1 day, 17:31:48, time: 0.750, data_time: 0.007, memory: 10658, val/mIoU: 0.7303, val/IoU.building: 0.5580, val/IoU.background: 0.9027, val/Pseudo_mIoU: 0.8091, loss_mask: 0.2734, loss_texture: 0.0052, iou: 0.4489, iou_t0: 0.4838, iou_t1: 0.5275, iou_t2: 0.4937, iou_t3: 0.4078, iou_t4: 0.3568, iou_t5: 0.3765, loss: 0.2786
2026-05-05 17:34:53,164 - mmdet - INFO - Iter [1525/120000]	lr: 1.000e-04, eta: 2 days, 0:11:02, time: 13.611, data_time: 12.714, memory: 10658, loss_mask: 0.3134, loss_texture: 0.0060, iou: 0.5116, iou_t0: 0.5390, iou_t1: 0.6509, iou_t2: 0.5339, iou_t3: 0.4663, iou_t4: 0.4086, iou_t5: 0.4937, loss: 0.3193
2026-05-05 17:35:15,561 - mmdet - INFO - Iter [1550/120000]	lr: 1.000e-04, eta: 1 day, 23:52:20, time: 0.896, data_time: 0.008, memory: 10658, loss_mask: 0.2629, loss_texture: 0.0055, iou: 0.4841, iou_t0: 0.4417, iou_t1: 0.6113, iou_t2: 0.4816, iou_t3: 0.4295, iou_t4: 0.4757, iou_t5: 0.5289, loss: 0.2684
2026-05-05 17:35:38,201 - mmdet - INFO - Iter [1575/120000]	lr: 1.000e-04, eta: 1 day, 23:34:31, time: 0.906, data_time: 0.009, memory: 10658, loss_mask: 0.3601, loss_texture: 0.0059, iou: 0.5760, iou_t0: 0.6987, iou_t1: 0.6256, iou_t2: 0.5455, iou_t3: 0.5812, iou_t4: 0.5033, iou_t5: 0.5362, loss: 0.3660
2026-05-05 17:36:00,736 - mmdet - INFO - Iter [1600/120000]	lr: 1.000e-04, eta: 1 day, 23:17:07, time: 0.901, data_time: 0.008, memory: 10658, loss_mask: 0.3470, loss_texture: 0.0054, iou: 0.4891, iou_t0: 0.5978, iou_t1: 0.5116, iou_t2: 0.4802, iou_t3: 0.5336, iou_t4: 0.4984, iou_t5: 0.3190, loss: 0.3523
2026-05-05 17:36:23,194 - mmdet - INFO - Iter [1625/120000]	lr: 1.000e-04, eta: 1 day, 23:00:08, time: 0.898, data_time: 0.008, memory: 10658, loss_mask: 0.2934, loss_texture: 0.0052, iou: 0.5328, iou_t0: 0.6758, iou_t1: 0.6260, iou_t2: 0.4276, iou_t3: 0.4548, iou_t4: 0.4937, iou_t5: 0.5207, loss: 0.2986
2026-05-05 17:36:45,633 - mmdet - INFO - Iter [1650/120000]	lr: 1.000e-04, eta: 1 day, 22:43:39, time: 0.898, data_time: 0.007, memory: 10658, loss_mask: 0.3205, loss_texture: 0.0056, iou: 0.5114, iou_t0: 0.6226, iou_t1: 0.5194, iou_t2: 0.5277, iou_t3: 0.4764, iou_t4: 0.4908, iou_t5: 0.4052, loss: 0.3261
2026-05-05 17:37:08,532 - mmdet - INFO - Iter [1675/120000]	lr: 1.000e-04, eta: 1 day, 22:28:11, time: 0.916, data_time: 0.008, memory: 10658, loss_mask: 0.2457, loss_texture: 0.0063, iou: 0.5729, iou_t0: 0.5630, iou_t1: 0.6483, iou_t2: 0.5835, iou_t3: 0.6486, iou_t4: 0.4136, iou_t5: 0.5439, loss: 0.2520
2026-05-05 17:37:30,869 - mmdet - INFO - Iter [1700/120000]	lr: 1.000e-04, eta: 1 day, 22:12:30, time: 0.894, data_time: 0.008, memory: 10658, loss_mask: 0.4696, loss_texture: 0.0064, iou: 0.5132, iou_t0: 0.5831, iou_t1: 0.5880, iou_t2: 0.5492, iou_t3: 0.4958, iou_t4: 0.4777, iou_t5: 0.3660, loss: 0.4759
2026-05-05 17:37:53,287 - mmdet - INFO - Iter [1725/120000]	lr: 1.000e-04, eta: 1 day, 21:57:22, time: 0.897, data_time: 0.009, memory: 10658, loss_mask: 0.3664, loss_texture: 0.0065, iou: 0.5834, iou_t0: 0.7191, iou_t1: 0.6519, iou_t2: 0.5583, iou_t3: 0.5099, iou_t4: 0.5207, iou_t5: 0.5547, loss: 0.3729
2026-05-05 17:38:15,600 - mmdet - INFO - Iter [1750/120000]	lr: 1.000e-04, eta: 1 day, 21:42:31, time: 0.892, data_time: 0.010, memory: 10658, loss_mask: 0.2695, loss_texture: 0.0055, iou: 0.5729, iou_t0: 0.6964, iou_t1: 0.5625, iou_t2: 0.5411, iou_t3: 0.6294, iou_t4: 0.5220, iou_t5: 0.5128, loss: 0.2751
2026-05-05 17:38:38,119 - mmdet - INFO - Iter [1775/120000]	lr: 1.000e-04, eta: 1 day, 21:28:19, time: 0.901, data_time: 0.008, memory: 10658, loss_mask: 0.3587, loss_texture: 0.0055, iou: 0.5249, iou_t0: 0.5901, iou_t1: 0.6862, iou_t2: 0.5663, iou_t3: 0.4860, iou_t4: 0.5399, iou_t5: 0.3041, loss: 0.3642
2026-05-05 17:38:55,704 - mmdet - INFO - Iter [1800/120000]	lr: 1.000e-04, eta: 1 day, 21:09:07, time: 0.704, data_time: 0.009, memory: 10658, loss_mask: 0.2827, loss_texture: 0.0058, iou: 0.5435, iou_t0: 0.6119, iou_t1: 0.5740, iou_t2: 0.5674, iou_t3: 0.5837, iou_t4: 0.5291, iou_t5: 0.4193, loss: 0.2884
2026-05-05 17:39:16,107 - mmdet - INFO - Iter [1825/120000]	lr: 1.000e-04, eta: 1 day, 20:53:27, time: 0.816, data_time: 0.008, memory: 10658, loss_mask: 0.2829, loss_texture: 0.0056, iou: 0.4851, iou_t0: 0.5296, iou_t1: 0.5263, iou_t2: 0.4302, iou_t3: 0.5053, iou_t4: 0.4317, iou_t5: 0.4752, loss: 0.2885
2026-05-05 17:39:37,471 - mmdet - INFO - Iter [1850/120000]	lr: 1.000e-04, eta: 1 day, 20:39:14, time: 0.854, data_time: 0.011, memory: 10658, loss_mask: 0.2692, loss_texture: 0.0060, iou: 0.5424, iou_t0: 0.5354, iou_t1: 0.5914, iou_t2: 0.5445, iou_t3: 0.6065, iou_t4: 0.5009, iou_t5: 0.4374, loss: 0.2752
2026-05-05 17:39:57,582 - mmdet - INFO - Iter [1875/120000]	lr: 1.000e-04, eta: 1 day, 20:24:04, time: 0.805, data_time: 0.007, memory: 10658, loss_mask: 0.3051, loss_texture: 0.0058, iou: 0.4998, iou_t0: 0.5418, iou_t1: 0.5400, iou_t2: 0.5555, iou_t3: 0.5115, iou_t4: 0.4370, iou_t5: 0.4420, loss: 0.3108
2026-05-05 17:40:18,284 - mmdet - INFO - Iter [1900/120000]	lr: 1.000e-04, eta: 1 day, 20:09:54, time: 0.828, data_time: 0.011, memory: 10658, loss_mask: 0.2654, loss_texture: 0.0049, iou: 0.5052, iou_t0: 0.4707, iou_t1: 0.5667, iou_t2: 0.6197, iou_t3: 0.3785, iou_t4: 0.4850, iou_t5: 0.4992, loss: 0.2703
2026-05-05 17:40:34,807 - mmdet - INFO - Iter [1925/120000]	lr: 1.000e-04, eta: 1 day, 19:51:49, time: 0.661, data_time: 0.010, memory: 10658, loss_mask: 0.2383, loss_texture: 0.0053, iou: 0.5762, iou_t0: 0.7464, iou_t1: 0.4727, iou_t2: 0.6547, iou_t3: 0.5185, iou_t4: 0.4883, iou_t5: 0.5441, loss: 0.2436
2026-05-05 17:40:52,486 - mmdet - INFO - Iter [1950/120000]	lr: 1.000e-04, eta: 1 day, 19:35:22, time: 0.707, data_time: 0.009, memory: 10658, loss_mask: 0.3341, loss_texture: 0.0054, iou: 0.4725, iou_t0: 0.5034, iou_t1: 0.6445, iou_t2: 0.4826, iou_t3: 0.4012, iou_t4: 0.3825, iou_t5: 0.4227, loss: 0.3395
2026-05-05 17:41:11,463 - mmdet - INFO - Iter [1975/120000]	lr: 1.000e-04, eta: 1 day, 19:20:37, time: 0.759, data_time: 0.011, memory: 10658, loss_mask: 0.2367, loss_texture: 0.0050, iou: 0.4988, iou_t0: 0.5364, iou_t1: 0.5432, iou_t2: 0.4280, iou_t3: 0.5103, iou_t4: 0.4812, iou_t5: 0.4514, loss: 0.2417
2026-05-05 17:41:30,041 - mmdet - INFO - 
--- Val evaluation at iter 2000 ---
2026-05-05 17:46:51,318 - mmdet - INFO - 
+------------+-------------+-------------+
| Class      | Val IoU     | Pseudo IoU  |
+------------+-------------+-------------+
| background | 90.45       | 92.68       |
| building   | 56.84       | 69.14       |
| Summary    | mIoU: 73.65 | mIoU: 80.91 |
+------------+-------------+-------------+
Images evaluated: 218
2026-05-05 17:46:53,754 - mmdet - INFO - Exp name: exp5_obj_bnd.py
2026-05-05 17:46:53,754 - mmdet - INFO - Iter [2000/120000]	lr: 1.000e-04, eta: 1 day, 19:05:50, time: 0.743, data_time: 0.008, memory: 10658, val/mIoU: 0.7365, val/IoU.building: 0.5684, val/IoU.background: 0.9045, val/Pseudo_mIoU: 0.8091, loss_mask: 0.2582, loss_texture: 0.0049, iou: 0.5374, iou_t0: 0.5534, iou_t1: 0.5835, iou_t2: 0.5838, iou_t3: 0.5124, iou_t4: 0.4656, iou_t5: 0.5402, loss: 0.2630
2026-05-05 17:47:16,253 - mmdet - INFO - Iter [2025/120000]	lr: 1.000e-04, eta: 2 days, 0:09:32, time: 13.848, data_time: 12.956, memory: 10658, loss_mask: 0.3595, loss_texture: 0.0058, iou: 0.5719, iou_t0: 0.5363, iou_t1: 0.7181, iou_t2: 0.5860, iou_t3: 0.5486, iou_t4: 0.5652, iou_t5: 0.4850, loss: 0.3653
2026-05-05 17:47:39,268 - mmdet - INFO - Iter [2050/120000]	lr: 1.000e-04, eta: 1 day, 23:55:46, time: 0.921, data_time: 0.008, memory: 10658, loss_mask: 0.2443, loss_texture: 0.0055, iou: 0.5332, iou_t0: 0.6288, iou_t1: 0.6045, iou_t2: 0.4817, iou_t3: 0.5374, iou_t4: 0.5281, iou_t5: 0.4515, loss: 0.2498
2026-05-05 17:48:01,461 - mmdet - INFO - Iter [2075/120000]	lr: 1.000e-04, eta: 1 day, 23:41:32, time: 0.888, data_time: 0.008, memory: 10658, loss_mask: 0.3418, loss_texture: 0.0059, iou: 0.5177, iou_t0: 0.5654, iou_t1: 0.5927, iou_t2: 0.5612, iou_t3: 0.4524, iou_t4: 0.5288, iou_t5: 0.4250, loss: 0.3477
2026-05-05 17:48:24,041 - mmdet - INFO - Iter [2100/120000]	lr: 1.000e-04, eta: 1 day, 23:28:00, time: 0.903, data_time: 0.007, memory: 10658, loss_mask: 0.3208, loss_texture: 0.0066, iou: 0.5514, iou_t0: 0.5206, iou_t1: 0.5934, iou_t2: 0.5596, iou_t3: 0.5298, iou_t4: 0.5112, iou_t5: 0.5601, loss: 0.3274
2026-05-05 17:48:46,164 - mmdet - INFO - Iter [2125/120000]	lr: 1.000e-04, eta: 1 day, 23:14:21, time: 0.885, data_time: 0.007, memory: 10658, loss_mask: 0.2454, loss_texture: 0.0044, iou: 0.5431, iou_t0: 0.6674, iou_t1: 0.5117, iou_t2: 0.5790, iou_t3: 0.4863, iou_t4: 0.5044, iou_t5: 0.5052, loss: 0.2499
2026-05-05 17:49:08,677 - mmdet - INFO - Iter [2150/120000]	lr: 1.000e-04, eta: 1 day, 23:01:22, time: 0.901, data_time: 0.008, memory: 10658, loss_mask: 0.3249, loss_texture: 0.0056, iou: 0.5562, iou_t0: 0.6417, iou_t1: 0.6668, iou_t2: 0.4929, iou_t3: 0.5211, iou_t4: 0.5356, iou_t5: 0.5111, loss: 0.3305
2026-05-05 17:49:31,128 - mmdet - INFO - Iter [2175/120000]	lr: 1.000e-04, eta: 1 day, 22:48:36, time: 0.898, data_time: 0.007, memory: 10658, loss_mask: 0.2752, loss_texture: 0.0056, iou: 0.5529, iou_t0: 0.5643, iou_t1: 0.5866, iou_t2: 0.5916, iou_t3: 0.5400, iou_t4: 0.5863, iou_t5: 0.4650, loss: 0.2808
2026-05-05 17:49:53,792 - mmdet - INFO - Iter [2200/120000]	lr: 1.000e-04, eta: 1 day, 22:36:20, time: 0.907, data_time: 0.007, memory: 10658, loss_mask: 0.3244, loss_texture: 0.0060, iou: 0.5888, iou_t0: 0.6462, iou_t1: 0.6999, iou_t2: 0.6226, iou_t3: 0.4789, iou_t4: 0.5308, iou_t5: 0.5445, loss: 0.3304
2026-05-05 17:50:16,207 - mmdet - INFO - Iter [2225/120000]	lr: 1.000e-04, eta: 1 day, 22:24:06, time: 0.897, data_time: 0.007, memory: 10658, loss_mask: 0.5289, loss_texture: 0.0065, iou: 0.4774, iou_t0: 0.5258, iou_t1: 0.4624, iou_t2: 0.5520, iou_t3: 0.4433, iou_t4: 0.4454, iou_t5: 0.4796, loss: 0.5354
2026-05-05 17:50:38,390 - mmdet - INFO - Iter [2250/120000]	lr: 1.000e-04, eta: 1 day, 22:11:56, time: 0.887, data_time: 0.007, memory: 10658, loss_mask: 0.3717, loss_texture: 0.0070, iou: 0.5814, iou_t0: 0.6148, iou_t1: 0.6248, iou_t2: 0.5300, iou_t3: 0.5866, iou_t4: 0.5892, iou_t5: 0.5585, loss: 0.3787
2026-05-05 17:50:56,316 - mmdet - INFO - Iter [2275/120000]	lr: 1.000e-04, eta: 1 day, 21:56:21, time: 0.717, data_time: 0.008, memory: 10658, loss_mask: 0.2719, loss_texture: 0.0046, iou: 0.4365, iou_t0: 0.5333, iou_t1: 0.5168, iou_t2: 0.3779, iou_t3: 0.3735, iou_t4: 0.3849, iou_t5: 0.4679, loss: 0.2765
2026-05-05 17:51:17,152 - mmdet - INFO - Iter [2300/120000]	lr: 1.000e-04, eta: 1 day, 21:43:35, time: 0.833, data_time: 0.008, memory: 10658, loss_mask: 0.2258, loss_texture: 0.0043, iou: 0.5449, iou_t0: 0.7192, iou_t1: 0.5327, iou_t2: 0.5675, iou_t3: 0.5136, iou_t4: 0.4994, iou_t5: 0.4441, loss: 0.2301
2026-05-05 17:51:37,298 - mmdet - INFO - Iter [2325/120000]	lr: 1.000e-04, eta: 1 day, 21:30:30, time: 0.806, data_time: 0.007, memory: 10658, loss_mask: 0.2809, loss_texture: 0.0054, iou: 0.5293, iou_t0: 0.6057, iou_t1: 0.5596, iou_t2: 0.5350, iou_t3: 0.4772, iou_t4: 0.5372, iou_t5: 0.5126, loss: 0.2863
2026-05-05 17:51:57,742 - mmdet - INFO - Iter [2350/120000]	lr: 1.000e-04, eta: 1 day, 21:17:56, time: 0.818, data_time: 0.008, memory: 10658, loss_mask: 0.3785, loss_texture: 0.0053, iou: 0.4965, iou_t0: 0.6801, iou_t1: 0.5223, iou_t2: 0.4753, iou_t3: 0.4166, iou_t4: 0.4505, iou_t5: 0.4557, loss: 0.3838
2026-05-05 17:52:18,557 - mmdet - INFO - Iter [2375/120000]	lr: 1.000e-04, eta: 1 day, 21:05:56, time: 0.833, data_time: 0.008, memory: 10658, loss_mask: 0.2849, loss_texture: 0.0063, iou: 0.5639, iou_t0: 0.6511, iou_t1: 0.6596, iou_t2: 0.5952, iou_t3: 0.4988, iou_t4: 0.4968, iou_t5: 0.4817, loss: 0.2912
2026-05-05 17:52:39,003 - mmdet - INFO - Iter [2400/120000]	lr: 1.000e-04, eta: 1 day, 20:53:52, time: 0.818, data_time: 0.008, memory: 10658, loss_mask: 0.2491, loss_texture: 0.0052, iou: 0.5511, iou_t0: 0.6377, iou_t1: 0.6133, iou_t2: 0.5067, iou_t3: 0.5366, iou_t4: 0.4961, iou_t5: 0.4959, loss: 0.2543
2026-05-05 17:52:57,741 - mmdet - INFO - Iter [2425/120000]	lr: 1.000e-04, eta: 1 day, 20:40:41, time: 0.750, data_time: 0.008, memory: 10658, loss_mask: 0.1707, loss_texture: 0.0045, iou: 0.5310, iou_t0: 0.5381, iou_t1: 0.6573, iou_t2: 0.5382, iou_t3: 0.5038, iou_t4: 0.4536, iou_t5: 0.4897, loss: 0.1752
2026-05-05 17:53:14,021 - mmdet - INFO - Iter [2450/120000]	lr: 1.000e-04, eta: 1 day, 20:25:46, time: 0.651, data_time: 0.008, memory: 10658, loss_mask: 0.2432, loss_texture: 0.0052, iou: 0.5783, iou_t0: 0.6731, iou_t1: 0.6490, iou_t2: 0.5546, iou_t3: 0.5814, iou_t4: 0.5020, iou_t5: 0.5228, loss: 0.2484
2026-05-05 17:53:33,397 - mmdet - INFO - Iter [2475/120000]	lr: 1.000e-04, eta: 1 day, 20:13:37, time: 0.775, data_time: 0.008, memory: 10658, loss_mask: 0.2504, loss_texture: 0.0053, iou: 0.5485, iou_t0: 0.6145, iou_t1: 0.5928, iou_t2: 0.4870, iou_t3: 0.5622, iou_t4: 0.5447, iou_t5: 0.4611, loss: 0.2558
2026-05-05 17:53:52,442 - mmdet - INFO - 
--- Val evaluation at iter 2500 ---
2026-05-05 17:59:14,816 - mmdet - INFO - 
+------------+-------------+-------------+
| Class      | Val IoU     | Pseudo IoU  |
+------------+-------------+-------------+
| background | 91.72       | 92.68       |
| building   | 65.01       | 69.14       |
| Summary    | mIoU: 78.36 | mIoU: 80.91 |
+------------+-------------+-------------+
Images evaluated: 218
2026-05-05 17:59:16,837 - mmdet - INFO - Iter [2500/120000]	lr: 1.000e-04, eta: 1 day, 20:01:27, time: 0.762, data_time: 0.008, memory: 10658, val/mIoU: 0.7836, val/IoU.building: 0.6501, val/IoU.background: 0.9172, val/Pseudo_mIoU: 0.8091, loss_mask: 0.2336, loss_texture: 0.0052, iou: 0.5795, iou_t0: 0.7052, iou_t1: 0.6396, iou_t2: 0.5900, iou_t3: 0.6103, iou_t4: 0.5282, iou_t5: 0.4553, loss: 0.2388
2026-05-05 17:59:39,918 - mmdet - INFO - Iter [2525/120000]	lr: 1.000e-04, eta: 2 days, 0:04:10, time: 13.899, data_time: 12.983, memory: 10658, loss_mask: 0.2799, loss_texture: 0.0063, iou: 0.5977, iou_t0: 0.5166, iou_t1: 0.7075, iou_t2: 0.5400, iou_t3: 0.6084, iou_t4: 0.5901, iou_t5: 0.6014, loss: 0.2862
2026-05-05 18:00:02,507 - mmdet - INFO - Iter [2550/120000]	lr: 1.000e-04, eta: 1 day, 23:52:38, time: 0.904, data_time: 0.007, memory: 10658, loss_mask: 0.2959, loss_texture: 0.0058, iou: 0.5419, iou_t0: 0.6044, iou_t1: 0.6225, iou_t2: 0.4787, iou_t3: 0.4695, iou_t4: 0.5256, iou_t5: 0.5145, loss: 0.3017
2026-05-05 18:00:25,911 - mmdet - INFO - Iter [2575/120000]	lr: 1.000e-04, eta: 1 day, 23:41:55, time: 0.936, data_time: 0.008, memory: 10658, loss_mask: 0.3067, loss_texture: 0.0056, iou: 0.5238, iou_t0: 0.5626, iou_t1: 0.5374, iou_t2: 0.5356, iou_t3: 0.5489, iou_t4: 0.5468, iou_t5: 0.4323, loss: 0.3123
2026-05-05 18:00:48,824 - mmdet - INFO - Iter [2600/120000]	lr: 1.000e-04, eta: 1 day, 23:31:02, time: 0.917, data_time: 0.007, memory: 10658, loss_mask: 0.2665, loss_texture: 0.0055, iou: 0.4933, iou_t0: 0.5118, iou_t1: 0.4765, iou_t2: 0.5659, iou_t3: 0.5156, iou_t4: 0.4426, iou_t5: 0.4021, loss: 0.2720
2026-05-05 18:01:12,527 - mmdet - INFO - Iter [2625/120000]	lr: 1.000e-04, eta: 1 day, 23:20:57, time: 0.948, data_time: 0.008, memory: 10658, loss_mask: 0.2604, loss_texture: 0.0059, iou: 0.5927, iou_t0: 0.6106, iou_t1: 0.7143, iou_t2: 0.5200, iou_t3: 0.5905, iou_t4: 0.4623, iou_t5: 0.6158, loss: 0.2663
2026-05-05 18:01:35,169 - mmdet - INFO - Iter [2650/120000]	lr: 1.000e-04, eta: 1 day, 23:10:16, time: 0.906, data_time: 0.008, memory: 10658, loss_mask: 0.2899, loss_texture: 0.0060, iou: 0.6019, iou_t0: 0.6420, iou_t1: 0.6515, iou_t2: 0.5438, iou_t3: 0.5965, iou_t4: 0.6228, iou_t5: 0.5445, loss: 0.2959
2026-05-05 18:01:58,144 - mmdet - INFO - Iter [2675/120000]	lr: 1.000e-04, eta: 1 day, 23:00:00, time: 0.919, data_time: 0.007, memory: 10658, loss_mask: 0.2413, loss_texture: 0.0053, iou: 0.4686, iou_t0: 0.4845, iou_t1: 0.5613, iou_t2: 0.4045, iou_t3: 0.4686, iou_t4: 0.4732, iou_t5: 0.4654, loss: 0.2466
2026-05-05 18:02:21,002 - mmdet - INFO - Iter [2700/120000]	lr: 1.000e-04, eta: 1 day, 22:49:51, time: 0.914, data_time: 0.007, memory: 10658, loss_mask: 0.1859, loss_texture: 0.0047, iou: 0.5511, iou_t0: 0.7143, iou_t1: 0.6532, iou_t2: 0.5376, iou_t3: 0.5500, iou_t4: 0.4825, iou_t5: 0.4057, loss: 0.1905
2026-05-05 18:02:38,126 - mmdet - INFO - Iter [2725/120000]	lr: 1.000e-04, eta: 1 day, 22:35:46, time: 0.685, data_time: 0.008, memory: 10658, loss_mask: 0.2305, loss_texture: 0.0054, iou: 0.6145, iou_t0: 0.6237, iou_t1: 0.7024, iou_t2: 0.6878, iou_t3: 0.5419, iou_t4: 0.5828, iou_t5: 0.5384, loss: 0.2359
2026-05-05 18:02:59,088 - mmdet - INFO - Iter [2750/120000]	lr: 1.000e-04, eta: 1 day, 22:24:39, time: 0.838, data_time: 0.007, memory: 10658, loss_mask: 0.2763, loss_texture: 0.0053, iou: 0.5499, iou_t0: 0.6637, iou_t1: 0.5937, iou_t2: 0.5141, iou_t3: 0.4117, iou_t4: 0.5422, iou_t5: 0.5595, loss: 0.2816
2026-05-05 18:03:19,777 - mmdet - INFO - Iter [2775/120000]	lr: 1.000e-04, eta: 1 day, 22:13:32, time: 0.828, data_time: 0.007, memory: 10658, loss_mask: 0.1891, loss_texture: 0.0043, iou: 0.4979, iou_t0: 0.4721, iou_t1: 0.5382, iou_t2: 0.4448, iou_t3: 0.4847, iou_t4: 0.5325, iou_t5: 0.4680, loss: 0.1935
2026-05-05 18:03:40,596 - mmdet - INFO - Iter [2800/120000]	lr: 1.000e-04, eta: 1 day, 22:02:43, time: 0.833, data_time: 0.008, memory: 10658, loss_mask: 0.2964, loss_texture: 0.0052, iou: 0.5188, iou_t0: 0.6125, iou_t1: 0.6040, iou_t2: 0.4770, iou_t3: 0.5438, iou_t4: 0.4694, iou_t5: 0.4222, loss: 0.3017
2026-05-05 18:04:01,394 - mmdet - INFO - Iter [2825/120000]	lr: 1.000e-04, eta: 1 day, 21:52:04, time: 0.832, data_time: 0.007, memory: 10658, loss_mask: 0.2474, loss_texture: 0.0046, iou: 0.5402, iou_t0: 0.5419, iou_t1: 0.5960, iou_t2: 0.5771, iou_t3: 0.5985, iou_t4: 0.4572, iou_t5: 0.4831, loss: 0.2520
2026-05-05 18:04:22,780 - mmdet - INFO - Iter [2850/120000]	lr: 1.000e-04, eta: 1 day, 21:41:59, time: 0.855, data_time: 0.007, memory: 10658, loss_mask: 0.2199, loss_texture: 0.0053, iou: 0.5163, iou_t0: 0.5823, iou_t1: 0.5653, iou_t2: 0.5307, iou_t3: 0.4831, iou_t4: 0.4484, iou_t5: 0.4736, loss: 0.2252
2026-05-05 18:04:43,909 - mmdet - INFO - Iter [2875/120000]	lr: 1.000e-04, eta: 1 day, 21:31:55, time: 0.845, data_time: 0.008, memory: 10658, loss_mask: 0.2541, loss_texture: 0.0049, iou: 0.5118, iou_t0: 0.6607, iou_t1: 0.5512, iou_t2: 0.5157, iou_t3: 0.4706, iou_t4: 0.4250, iou_t5: 0.5111, loss: 0.2590
2026-05-05 18:05:04,713 - mmdet - INFO - Iter [2900/120000]	lr: 1.000e-04, eta: 1 day, 21:21:47, time: 0.832, data_time: 0.007, memory: 10658, loss_mask: 0.2280, loss_texture: 0.0062, iou: 0.6517, iou_t0: 0.7175, iou_t1: 0.6975, iou_t2: 0.6862, iou_t3: 0.6520, iou_t4: 0.5393, iou_t5: 0.6119, loss: 0.2342
2026-05-05 18:05:22,080 - mmdet - INFO - Iter [2925/120000]	lr: 1.000e-04, eta: 1 day, 21:09:32, time: 0.695, data_time: 0.008, memory: 10658, loss_mask: 0.2642, loss_texture: 0.0058, iou: 0.5776, iou_t0: 0.6419, iou_t1: 0.5617, iou_t2: 0.5957, iou_t3: 0.5670, iou_t4: 0.4979, iou_t5: 0.5745, loss: 0.2701
2026-05-05 18:05:39,614 - mmdet - INFO - Iter [2950/120000]	lr: 1.000e-04, eta: 1 day, 20:57:35, time: 0.701, data_time: 0.007, memory: 10658, loss_mask: 0.2635, loss_texture: 0.0056, iou: 0.5666, iou_t0: 0.6495, iou_t1: 0.6062, iou_t2: 0.5352, iou_t3: 0.5040, iou_t4: 0.6097, iou_t5: 0.4392, loss: 0.2691
2026-05-05 18:05:58,305 - mmdet - INFO - Iter [2975/120000]	lr: 1.000e-04, eta: 1 day, 20:46:36, time: 0.748, data_time: 0.008, memory: 10658, loss_mask: 0.3855, loss_texture: 0.0060, iou: 0.5689, iou_t0: 0.5852, iou_t1: 0.6410, iou_t2: 0.6230, iou_t3: 0.5670, iou_t4: 0.5315, iou_t5: 0.5413, loss: 0.3915
2026-05-05 18:06:17,065 - mmdet - INFO - 
--- Val evaluation at iter 3000 ---
2026-05-05 18:11:41,443 - mmdet - INFO - 
+------------+-------------+-------------+
| Class      | Val IoU     | Pseudo IoU  |
+------------+-------------+-------------+
| background | 89.81       | 92.68       |
| building   | 53.11       | 69.14       |
| Summary    | mIoU: 71.46 | mIoU: 80.91 |
+------------+-------------+-------------+
Images evaluated: 218
2026-05-05 18:11:43,265 - mmdet - INFO - Exp name: exp5_obj_bnd.py
2026-05-05 18:11:43,265 - mmdet - INFO - Iter [3000/120000]	lr: 1.000e-04, eta: 1 day, 20:35:50, time: 0.750, data_time: 0.008, memory: 10658, val/mIoU: 0.7146, val/IoU.building: 0.5311, val/IoU.background: 0.8981, val/Pseudo_mIoU: 0.8091, loss_mask: 0.2638, loss_texture: 0.0051, iou: 0.5175, iou_t0: 0.6023, iou_t1: 0.4325, iou_t2: 0.5535, iou_t3: 0.4602, iou_t4: 0.5110, iou_t5: 0.5741, loss: 0.2688
2026-05-05 18:12:06,304 - mmdet - INFO - Iter [3025/120000]	lr: 1.000e-04, eta: 1 day, 23:58:14, time: 13.969, data_time: 13.055, memory: 10658, loss_mask: 0.1921, loss_texture: 0.0053, iou: 0.5852, iou_t0: 0.6223, iou_t1: 0.6837, iou_t2: 0.5725, iou_t3: 0.6083, iou_t4: 0.5004, iou_t5: 0.5250, loss: 0.1974
2026-05-05 18:12:29,015 - mmdet - INFO - Iter [3050/120000]	lr: 1.000e-04, eta: 1 day, 23:48:33, time: 0.909, data_time: 0.008, memory: 10658, loss_mask: 0.2996, loss_texture: 0.0046, iou: 0.4938, iou_t0: 0.6197, iou_t1: 0.5302, iou_t2: 0.5131, iou_t3: 0.4841, iou_t4: 0.4268, iou_t5: 0.3833, loss: 0.3043
2026-05-05 18:12:51,876 - mmdet - INFO - Iter [3075/120000]	lr: 1.000e-04, eta: 1 day, 23:39:06, time: 0.914, data_time: 0.007, memory: 10658, loss_mask: 0.2464, loss_texture: 0.0052, iou: 0.6018, iou_t0: 0.6026, iou_t1: 0.6793, iou_t2: 0.5596, iou_t3: 0.5539, iou_t4: 0.6313, iou_t5: 0.5568, loss: 0.2516
2026-05-05 18:13:14,745 - mmdet - INFO - Iter [3100/120000]	lr: 1.000e-04, eta: 1 day, 23:29:49, time: 0.915, data_time: 0.007, memory: 10658, loss_mask: 0.2892, loss_texture: 0.0059, iou: 0.5969, iou_t0: 0.5778, iou_t1: 0.6710, iou_t2: 0.6546, iou_t3: 0.6367, iou_t4: 0.4760, iou_t5: 0.5704, loss: 0.2950
2026-05-05 18:13:37,489 - mmdet - INFO - Iter [3125/120000]	lr: 1.000e-04, eta: 1 day, 23:20:35, time: 0.910, data_time: 0.007, memory: 10658, loss_mask: 0.2722, loss_texture: 0.0060, iou: 0.5869, iou_t0: 0.5730, iou_t1: 0.6529, iou_t2: 0.6203, iou_t3: 0.5089, iou_t4: 0.5341, iou_t5: 0.6162, loss: 0.2782
2026-05-05 18:13:59,982 - mmdet - INFO - Iter [3150/120000]	lr: 1.000e-04, eta: 1 day, 23:11:21, time: 0.900, data_time: 0.007, memory: 10658, loss_mask: 0.1799, loss_texture: 0.0034, iou: 0.4868, iou_t0: 0.4699, iou_t1: 0.5189, iou_t2: 0.5379, iou_t3: 0.5475, iou_t4: 0.4080, iou_t5: 0.4387, loss: 0.1833
2026-05-05 18:14:18,534 - mmdet - INFO - Iter [3175/120000]	lr: 1.000e-04, eta: 1 day, 22:59:50, time: 0.742, data_time: 0.007, memory: 10658, loss_mask: 0.2068, loss_texture: 0.0050, iou: 0.5886, iou_t0: 0.6356, iou_t1: 0.5672, iou_t2: 0.6138, iou_t3: 0.5772, iou_t4: 0.5470, iou_t5: 0.5452, loss: 0.2118
2026-05-05 18:14:35,555 - mmdet - INFO - Iter [3200/120000]	lr: 1.000e-04, eta: 1 day, 22:47:33, time: 0.681, data_time: 0.008, memory: 10658, loss_mask: 0.2245, loss_texture: 0.0040, iou: 0.4927, iou_t0: 0.5244, iou_t1: 0.5662, iou_t2: 0.4457, iou_t3: 0.3912, iou_t4: 0.5047, iou_t5: 0.5155, loss: 0.2285
2026-05-05 18:14:56,419 - mmdet - INFO - Iter [3225/120000]	lr: 1.000e-04, eta: 1 day, 22:37:47, time: 0.835, data_time: 0.007, memory: 10658, loss_mask: 0.2366, loss_texture: 0.0054, iou: 0.6472, iou_t0: 0.7052, iou_t1: 0.6702, iou_t2: 0.6284, iou_t3: 0.6782, iou_t4: 0.6499, iou_t5: 0.5592, loss: 0.2420
2026-05-05 18:15:17,055 - mmdet - INFO - Iter [3250/120000]	lr: 1.000e-04, eta: 1 day, 22:28:02, time: 0.826, data_time: 0.008, memory: 10658, loss_mask: 0.2527, loss_texture: 0.0048, iou: 0.5750, iou_t0: 0.5698, iou_t1: 0.7305, iou_t2: 0.4831, iou_t3: 0.6345, iou_t4: 0.5912, iou_t5: 0.4299, loss: 0.2574
2026-05-05 18:15:38,002 - mmdet - INFO - Iter [3275/120000]	lr: 1.000e-04, eta: 1 day, 22:18:36, time: 0.838, data_time: 0.007, memory: 10658, loss_mask: 0.2269, loss_texture: 0.0053, iou: 0.5952, iou_t0: 0.5922, iou_t1: 0.5668, iou_t2: 0.6160, iou_t3: 0.6300, iou_t4: 0.5559, iou_t5: 0.6318, loss: 0.2322
2026-05-05 18:15:59,196 - mmdet - INFO - Iter [3300/120000]	lr: 1.000e-04, eta: 1 day, 22:09:27, time: 0.848, data_time: 0.007, memory: 10658, loss_mask: 0.1834, loss_texture: 0.0048, iou: 0.6603, iou_t0: 0.7209, iou_t1: 0.6779, iou_t2: 0.6372, iou_t3: 0.6167, iou_t4: 0.6651, iou_t5: 0.6543, loss: 0.1882
2026-05-05 18:16:20,092 - mmdet - INFO - Iter [3325/120000]	lr: 1.000e-04, eta: 1 day, 22:00:15, time: 0.836, data_time: 0.008, memory: 10658, loss_mask: 0.2450, loss_texture: 0.0052, iou: 0.5730, iou_t0: 0.6886, iou_t1: 0.5647, iou_t2: 0.5704, iou_t3: 0.5357, iou_t4: 0.5210, iou_t5: 0.5798, loss: 0.2503
2026-05-05 18:16:40,685 - mmdet - INFO - Iter [3350/120000]	lr: 1.000e-04, eta: 1 day, 21:51:01, time: 0.824, data_time: 0.007, memory: 10658, loss_mask: 0.2864, loss_texture: 0.0063, iou: 0.5976, iou_t0: 0.5658, iou_t1: 0.7027, iou_t2: 0.5536, iou_t3: 0.5770, iou_t4: 0.6020, iou_t5: 0.5530, loss: 0.2928
2026-05-05 18:17:01,098 - mmdet - INFO - Iter [3375/120000]	lr: 1.000e-04, eta: 1 day, 21:41:49, time: 0.816, data_time: 0.007, memory: 10658, loss_mask: 0.3118, loss_texture: 0.0048, iou: 0.5093, iou_t0: 0.4981, iou_t1: 0.5235, iou_t2: 0.5495, iou_t3: 0.5216, iou_t4: 0.4218, iou_t5: 0.5272, loss: 0.3166
2026-05-05 18:17:21,360 - mmdet - INFO - Iter [3400/120000]	lr: 1.000e-04, eta: 1 day, 21:32:39, time: 0.810, data_time: 0.007, memory: 10658, loss_mask: 0.2741, loss_texture: 0.0049, iou: 0.5430, iou_t0: 0.5473, iou_t1: 0.5998, iou_t2: 0.5501, iou_t3: 0.5602, iou_t4: 0.4977, iou_t5: 0.5123, loss: 0.2790
2026-05-05 18:17:39,313 - mmdet - INFO - Iter [3425/120000]	lr: 1.000e-04, eta: 1 day, 21:22:18, time: 0.718, data_time: 0.008, memory: 10658, loss_mask: 0.2191, loss_texture: 0.0049, iou: 0.6088, iou_t0: 0.6456, iou_t1: 0.6428, iou_t2: 0.5726, iou_t3: 0.5650, iou_t4: 0.6171, iou_t5: 0.5646, loss: 0.2239
2026-05-05 18:17:55,862 - mmdet - INFO - Iter [3450/120000]	lr: 1.000e-04, eta: 1 day, 21:11:19, time: 0.662, data_time: 0.007, memory: 10658, loss_mask: 0.1767, loss_texture: 0.0041, iou: 0.5108, iou_t0: 0.5390, iou_t1: 0.5057, iou_t2: 0.5470, iou_t3: 0.4991, iou_t4: 0.5438, iou_t5: 0.4365, loss: 0.1807
2026-05-05 18:18:14,584 - mmdet - INFO - Iter [3475/120000]	lr: 1.000e-04, eta: 1 day, 21:01:42, time: 0.749, data_time: 0.007, memory: 10658, loss_mask: 0.1968, loss_texture: 0.0043, iou: 0.5151, iou_t0: 0.5710, iou_t1: 0.5266, iou_t2: 0.5255, iou_t3: 0.4756, iou_t4: 0.4626, iou_t5: 0.5142, loss: 0.2011
2026-05-05 18:18:33,458 - mmdet - INFO - 
--- Val evaluation at iter 3500 ---
2026-05-05 18:24:00,442 - mmdet - INFO - 
+------------+-------------+-------------+
| Class      | Val IoU     | Pseudo IoU  |
+------------+-------------+-------------+
| background | 91.65       | 92.68       |
| building   | 65.85       | 69.14       |
| Summary    | mIoU: 78.75 | mIoU: 80.91 |
+------------+-------------+-------------+
Images evaluated: 218
2026-05-05 18:24:02,551 - mmdet - INFO - Iter [3500/120000]	lr: 1.000e-04, eta: 1 day, 20:52:18, time: 0.755, data_time: 0.006, memory: 10658, val/mIoU: 0.7875, val/IoU.building: 0.6585, val/IoU.background: 0.9165, val/Pseudo_mIoU: 0.8091, loss_mask: 0.3046, loss_texture: 0.0052, iou: 0.4982, iou_t0: 0.4943, iou_t1: 0.6170, iou_t2: 0.5383, iou_t3: 0.4451, iou_t4: 0.4511, iou_t5: 0.4441, loss: 0.3098
2026-05-05 18:24:24,994 - mmdet - INFO - Iter [3525/120000]	lr: 1.000e-04, eta: 1 day, 23:46:13, time: 14.061, data_time: 13.171, memory: 10658, loss_mask: 0.3112, loss_texture: 0.0055, iou: 0.5161, iou_t0: 0.5869, iou_t1: 0.5994, iou_t2: 0.5957, iou_t3: 0.4557, iou_t4: 0.4834, iou_t5: 0.4308, loss: 0.3167
2026-05-05 18:24:48,164 - mmdet - INFO - Iter [3550/120000]	lr: 1.000e-04, eta: 1 day, 23:38:05, time: 0.927, data_time: 0.007, memory: 10658, loss_mask: 0.2974, loss_texture: 0.0063, iou: 0.5530, iou_t0: 0.6188, iou_t1: 0.5432, iou_t2: 0.5456, iou_t3: 0.6469, iou_t4: 0.4821, iou_t5: 0.5024, loss: 0.3038
2026-05-05 18:25:11,885 - mmdet - INFO - Iter [3575/120000]	lr: 1.000e-04, eta: 1 day, 23:30:22, time: 0.949, data_time: 0.007, memory: 10658, loss_mask: 0.2191, loss_texture: 0.0052, iou: 0.5916, iou_t0: 0.6079, iou_t1: 0.6674, iou_t2: 0.4894, iou_t3: 0.5986, iou_t4: 0.5845, iou_t5: 0.6030, loss: 0.2244
2026-05-05 18:25:34,389 - mmdet - INFO - Iter [3600/120000]	lr: 1.000e-04, eta: 1 day, 23:22:06, time: 0.900, data_time: 0.007, memory: 10658, loss_mask: 0.1506, loss_texture: 0.0038, iou: 0.5472, iou_t0: 0.6233, iou_t1: 0.5012, iou_t2: 0.6140, iou_t3: 0.4999, iou_t4: 0.5069, iou_t5: 0.5320, loss: 0.1544
2026-05-05 18:25:56,699 - mmdet - INFO - Iter [3625/120000]	lr: 1.000e-04, eta: 1 day, 23:13:49, time: 0.892, data_time: 0.007, memory: 10658, loss_mask: 0.3031, loss_texture: 0.0048, iou: 0.5579, iou_t0: 0.6814, iou_t1: 0.5634, iou_t2: 0.4718, iou_t3: 0.5669, iou_t4: 0.5013, iou_t5: 0.5831, loss: 0.3079
2026-05-05 18:26:14,693 - mmdet - INFO - Iter [3650/120000]	lr: 1.000e-04, eta: 1 day, 23:03:22, time: 0.720, data_time: 0.008, memory: 10658, loss_mask: 0.2497, loss_texture: 0.0047, iou: 0.5678, iou_t0: 0.5998, iou_t1: 0.6652, iou_t2: 0.4246, iou_t3: 0.5666, iou_t4: 0.5780, iou_t5: 0.5468, loss: 0.2544
2026-05-05 18:26:35,298 - mmdet - INFO - Iter [3675/120000]	lr: 1.000e-04, eta: 1 day, 22:54:26, time: 0.824, data_time: 0.007, memory: 10658, loss_mask: 0.3183, loss_texture: 0.0061, iou: 0.5599, iou_t0: 0.5938, iou_t1: 0.5872, iou_t2: 0.5338, iou_t3: 0.5300, iou_t4: 0.6047, iou_t5: 0.4813, loss: 0.3244
2026-05-05 18:26:56,346 - mmdet - INFO - Iter [3700/120000]	lr: 1.000e-04, eta: 1 day, 22:45:50, time: 0.842, data_time: 0.007, memory: 10658, loss_mask: 0.1949, loss_texture: 0.0048, iou: 0.5572, iou_t0: 0.5389, iou_t1: 0.5585, iou_t2: 0.5435, iou_t3: 0.6519, iou_t4: 0.5150, iou_t5: 0.4796, loss: 0.1997
2026-05-05 18:27:17,373 - mmdet - INFO - Iter [3725/120000]	lr: 1.000e-04, eta: 1 day, 22:37:21, time: 0.841, data_time: 0.008, memory: 10658, loss_mask: 0.2330, loss_texture: 0.0047, iou: 0.5269, iou_t0: 0.5794, iou_t1: 0.6056, iou_t2: 0.4856, iou_t3: 0.6014, iou_t4: 0.4431, iou_t5: 0.4564, loss: 0.2377
2026-05-05 18:27:38,228 - mmdet - INFO - Iter [3750/120000]	lr: 1.000e-04, eta: 1 day, 22:28:53, time: 0.834, data_time: 0.007, memory: 10658, loss_mask: 0.2576, loss_texture: 0.0058, iou: 0.5788, iou_t0: 0.6288, iou_t1: 0.5943, iou_t2: 0.6061, iou_t3: 0.4788, iou_t4: 0.5515, iou_t5: 0.5841, loss: 0.2633
2026-05-05 18:27:58,958 - mmdet - INFO - Iter [3775/120000]	lr: 1.000e-04, eta: 1 day, 22:20:27, time: 0.829, data_time: 0.008, memory: 10658, loss_mask: 0.2992, loss_texture: 0.0055, iou: 0.5418, iou_t0: 0.6250, iou_t1: 0.5770, iou_t2: 0.4670, iou_t3: 0.5184, iou_t4: 0.4743, iou_t5: 0.5934, loss: 0.3047
2026-05-05 18:28:19,834 - mmdet - INFO - Iter [3800/120000]	lr: 1.000e-04, eta: 1 day, 22:12:12, time: 0.835, data_time: 0.008, memory: 10658, loss_mask: 0.3221, loss_texture: 0.0048, iou: 0.6395, iou_t0: 0.7501, iou_t1: 0.7410, iou_t2: 0.5579, iou_t3: 0.6181, iou_t4: 0.5339, iou_t5: 0.6597, loss: 0.3269
2026-05-05 18:28:40,820 - mmdet - INFO - Iter [3825/120000]	lr: 1.000e-04, eta: 1 day, 22:04:07, time: 0.839, data_time: 0.008, memory: 10658, loss_mask: 0.4360, loss_texture: 0.0059, iou: 0.4942, iou_t0: 0.5902, iou_t1: 0.5020, iou_t2: 0.4057, iou_t3: 0.4999, iou_t4: 0.4769, iou_t5: 0.4509, loss: 0.4419
2026-05-05 18:29:01,937 - mmdet - INFO - Iter [3850/120000]	lr: 1.000e-04, eta: 1 day, 21:56:11, time: 0.845, data_time: 0.008, memory: 10658, loss_mask: 0.3056, loss_texture: 0.0051, iou: 0.5092, iou_t0: 0.5124, iou_t1: 0.5981, iou_t2: 0.5118, iou_t3: 0.5354, iou_t4: 0.3678, iou_t5: 0.4911, loss: 0.3108
2026-05-05 18:29:22,783 - mmdet - INFO - Iter [3875/120000]	lr: 1.000e-04, eta: 1 day, 21:48:14, time: 0.834, data_time: 0.008, memory: 10658, loss_mask: 0.3813, loss_texture: 0.0063, iou: 0.4958, iou_t0: 0.5122, iou_t1: 0.5753, iou_t2: 0.4894, iou_t3: 0.4708, iou_t4: 0.4109, iou_t5: 0.4756, loss: 0.3877
2026-05-05 18:29:43,520 - mmdet - INFO - Iter [3900/120000]	lr: 1.000e-04, eta: 1 day, 21:40:19, time: 0.829, data_time: 0.007, memory: 10658, loss_mask: 0.2960, loss_texture: 0.0060, iou: 0.5911, iou_t0: 0.6004, iou_t1: 0.5781, iou_t2: 0.6628, iou_t3: 0.5738, iou_t4: 0.5483, iou_t5: 0.5456, loss: 0.3020
2026-05-05 18:30:03,427 - mmdet - INFO - Iter [3925/120000]	lr: 1.000e-04, eta: 1 day, 21:32:05, time: 0.796, data_time: 0.007, memory: 10658, loss_mask: 0.2384, loss_texture: 0.0049, iou: 0.4678, iou_t0: 0.4879, iou_t1: 0.6852, iou_t2: 0.4588, iou_t3: 0.4554, iou_t4: 0.3779, iou_t5: 0.4053, loss: 0.2433
2026-05-05 18:30:19,597 - mmdet - INFO - Iter [3950/120000]	lr: 1.000e-04, eta: 1 day, 21:22:08, time: 0.647, data_time: 0.008, memory: 10658, loss_mask: 0.1836, loss_texture: 0.0044, iou: 0.5989, iou_t0: 0.6891, iou_t1: 0.5949, iou_t2: 0.5620, iou_t3: 0.5802, iou_t4: 0.6731, iou_t5: 0.4947, loss: 0.1879
2026-05-05 18:30:38,169 - mmdet - INFO - Iter [3975/120000]	lr: 1.000e-04, eta: 1 day, 21:13:28, time: 0.743, data_time: 0.007, memory: 10658, loss_mask: 0.2155, loss_texture: 0.0052, iou: 0.6255, iou_t0: 0.6073, iou_t1: 0.6671, iou_t2: 0.6395, iou_t3: 0.6325, iou_t4: 0.5701, iou_t5: 0.6481, loss: 0.2207
2026-05-05 18:30:56,194 - mmdet - INFO - 
--- Val evaluation at iter 4000 ---
2026-05-05 18:36:22,592 - mmdet - INFO - 
+------------+-------------+-------------+
| Class      | Val IoU     | Pseudo IoU  |
+------------+-------------+-------------+
| background | 90.67       | 92.68       |
| building   | 62.19       | 69.14       |
| Summary    | mIoU: 76.43 | mIoU: 80.91 |
+------------+-------------+-------------+
Images evaluated: 218
2026-05-05 18:36:24,633 - mmdet - INFO - Exp name: exp5_obj_bnd.py
2026-05-05 18:36:24,633 - mmdet - INFO - Iter [4000/120000]	lr: 1.000e-04, eta: 1 day, 21:04:38, time: 0.721, data_time: 0.007, memory: 10658, val/mIoU: 0.7643, val/IoU.building: 0.6219, val/IoU.background: 0.9067, val/Pseudo_mIoU: 0.8091, loss_mask: 0.2056, loss_texture: 0.0049, iou: 0.5899, iou_t0: 0.6284, iou_t1: 0.6415, iou_t2: 0.6434, iou_t3: 0.5437, iou_t4: 0.4935, iou_t5: 0.5844, loss: 0.2105
2026-05-05 18:36:47,695 - mmdet - INFO - Iter [4025/120000]	lr: 1.000e-04, eta: 1 day, 23:36:03, time: 14.060, data_time: 13.146, memory: 10658, loss_mask: 0.1651, loss_texture: 0.0050, iou: 0.5777, iou_t0: 0.6004, iou_t1: 0.6171, iou_t2: 0.5937, iou_t3: 0.5679, iou_t4: 0.5278, iou_t5: 0.5311, loss: 0.1700
2026-05-05 18:37:10,249 - mmdet - INFO - Iter [4050/120000]	lr: 1.000e-04, eta: 1 day, 23:28:34, time: 0.902, data_time: 0.008, memory: 10658, loss_mask: 0.1867, loss_texture: 0.0049, iou: 0.5968, iou_t0: 0.6328, iou_t1: 0.6549, iou_t2: 0.5803, iou_t3: 0.5296, iou_t4: 0.6053, iou_t5: 0.5815, loss: 0.1916
2026-05-05 18:37:32,721 - mmdet - INFO - Iter [4075/120000]	lr: 1.000e-04, eta: 1 day, 23:21:08, time: 0.899, data_time: 0.007, memory: 10658, loss_mask: 0.2404, loss_texture: 0.0054, iou: 0.5951, iou_t0: 0.6044, iou_t1: 0.6305, iou_t2: 0.5521, iou_t3: 0.5535, iou_t4: 0.5434, iou_t5: 0.6558, loss: 0.2458
2026-05-05 18:37:52,957 - mmdet - INFO - Iter [4100/120000]	lr: 1.000e-04, eta: 1 day, 23:12:45, time: 0.809, data_time: 0.008, memory: 10658, loss_mask: 0.2523, loss_texture: 0.0053, iou: 0.5937, iou_t0: 0.6596, iou_t1: 0.6580, iou_t2: 0.5963, iou_t3: 0.4672, iou_t4: 0.5496, iou_t5: 0.6233, loss: 0.2576
2026-05-05 18:38:10,714 - mmdet - INFO - Iter [4125/120000]	lr: 1.000e-04, eta: 1 day, 23:03:17, time: 0.710, data_time: 0.008, memory: 10658, loss_mask: 0.2807, loss_texture: 0.0056, iou: 0.6599, iou_t0: 0.7708, iou_t1: 0.7149, iou_t2: 0.6165, iou_t3: 0.5689, iou_t4: 0.6183, iou_t5: 0.7252, loss: 0.2863
2026-05-05 18:38:31,306 - mmdet - INFO - Iter [4150/120000]	lr: 1.000e-04, eta: 1 day, 22:55:15, time: 0.824, data_time: 0.007, memory: 10658, loss_mask: 0.2389, loss_texture: 0.0052, iou: 0.5715, iou_t0: 0.5113, iou_t1: 0.6676, iou_t2: 0.5487, iou_t3: 0.6579, iou_t4: 0.4640, iou_t5: 0.5719, loss: 0.2440
2026-05-05 18:38:51,791 - mmdet - INFO - Iter [4175/120000]	lr: 1.000e-04, eta: 1 day, 22:47:15, time: 0.819, data_time: 0.007, memory: 10658, loss_mask: 0.1736, loss_texture: 0.0045, iou: 0.5847, iou_t0: 0.5660, iou_t1: 0.5879, iou_t2: 0.5752, iou_t3: 0.5906, iou_t4: 0.6034, iou_t5: 0.5763, loss: 0.1781
2026-05-05 18:39:12,476 - mmdet - INFO - Iter [4200/120000]	lr: 1.000e-04, eta: 1 day, 22:39:27, time: 0.827, data_time: 0.007, memory: 10658, loss_mask: 0.1900, loss_texture: 0.0050, iou: 0.6023, iou_t0: 0.6258, iou_t1: 0.6485, iou_t2: 0.6211, iou_t3: 0.6651, iou_t4: 0.5813, iou_t5: 0.4783, loss: 0.1950
2026-05-05 18:39:33,610 - mmdet - INFO - Iter [4225/120000]	lr: 1.000e-04, eta: 1 day, 22:31:56, time: 0.845, data_time: 0.007, memory: 10658, loss_mask: 0.2705, loss_texture: 0.0057, iou: 0.6164, iou_t0: 0.6537, iou_t1: 0.6701, iou_t2: 0.5257, iou_t3: 0.6829, iou_t4: 0.5630, iou_t5: 0.5823, loss: 0.2762
2026-05-05 18:39:54,393 - mmdet - INFO - Iter [4250/120000]	lr: 1.000e-04, eta: 1 day, 22:24:21, time: 0.831, data_time: 0.008, memory: 10658, loss_mask: 0.2288, loss_texture: 0.0047, iou: 0.5983, iou_t0: 0.6796, iou_t1: 0.5451, iou_t2: 0.5781, iou_t3: 0.6200, iou_t4: 0.5970, iou_t5: 0.6078, loss: 0.2336
2026-05-05 18:40:14,819 - mmdet - INFO - Iter [4275/120000]	lr: 1.000e-04, eta: 1 day, 22:16:41, time: 0.817, data_time: 0.007, memory: 10658, loss_mask: 0.2560, loss_texture: 0.0054, iou: 0.6509, iou_t0: 0.7356, iou_t1: 0.6900, iou_t2: 0.6324, iou_t3: 0.6447, iou_t4: 0.6009, iou_t5: 0.6631, loss: 0.2613
2026-05-05 18:40:35,845 - mmdet - INFO - Iter [4300/120000]	lr: 1.000e-04, eta: 1 day, 22:09:22, time: 0.841, data_time: 0.008, memory: 10658, loss_mask: 0.2351, loss_texture: 0.0049, iou: 0.5635, iou_t0: 0.6507, iou_t1: 0.6293, iou_t2: 0.5740, iou_t3: 0.5205, iou_t4: 0.5300, iou_t5: 0.4632, loss: 0.2400
2026-05-05 18:40:56,411 - mmdet - INFO - Iter [4325/120000]	lr: 1.000e-04, eta: 1 day, 22:01:56, time: 0.823, data_time: 0.007, memory: 10658, loss_mask: 0.1554, loss_texture: 0.0038, iou: 0.4980, iou_t0: 0.5498, iou_t1: 0.5433, iou_t2: 0.4353, iou_t3: 0.4645, iou_t4: 0.4855, iou_t5: 0.5080, loss: 0.1592
2026-05-05 18:41:17,427 - mmdet - INFO - Iter [4350/120000]	lr: 1.000e-04, eta: 1 day, 21:54:47, time: 0.841, data_time: 0.007, memory: 10658, loss_mask: 0.1484, loss_texture: 0.0038, iou: 0.5806, iou_t0: 0.6199, iou_t1: 0.6701, iou_t2: 0.5363, iou_t3: 0.5327, iou_t4: 0.5296, iou_t5: 0.5547, loss: 0.1523
2026-05-05 18:41:38,352 - mmdet - INFO - Iter [4375/120000]	lr: 1.000e-04, eta: 1 day, 21:47:40, time: 0.837, data_time: 0.007, memory: 10658, loss_mask: 0.2243, loss_texture: 0.0050, iou: 0.5030, iou_t0: 0.5582, iou_t1: 0.5315, iou_t2: 0.5966, iou_t3: 0.5679, iou_t4: 0.4444, iou_t5: 0.3880, loss: 0.2293
2026-05-05 18:41:59,324 - mmdet - INFO - Iter [4400/120000]	lr: 1.000e-04, eta: 1 day, 21:40:39, time: 0.839, data_time: 0.008, memory: 10658, loss_mask: 0.1777, loss_texture: 0.0045, iou: 0.6144, iou_t0: 0.7459, iou_t1: 0.6318, iou_t2: 0.5963, iou_t3: 0.5770, iou_t4: 0.5190, iou_t5: 0.6189, loss: 0.1822
2026-05-05 18:42:20,314 - mmdet - INFO - Iter [4425/120000]	lr: 1.000e-04, eta: 1 day, 21:33:43, time: 0.840, data_time: 0.007, memory: 10658, loss_mask: 0.2144, loss_texture: 0.0049, iou: 0.5448, iou_t0: 0.6020, iou_t1: 0.5473, iou_t2: 0.4809, iou_t3: 0.4844, iou_t4: 0.5443, iou_t5: 0.5900, loss: 0.2193
2026-05-05 18:42:34,780 - mmdet - INFO - Iter [4450/120000]	lr: 1.000e-04, eta: 1 day, 21:24:01, time: 0.579, data_time: 0.008, memory: 10658, loss_mask: 0.4116, loss_texture: 0.0064, iou: 0.5239, iou_t0: 0.5826, iou_t1: 0.6537, iou_t2: 0.5037, iou_t3: 0.5023, iou_t4: 0.4121, iou_t5: 0.5242, loss: 0.4180
2026-05-05 18:42:53,827 - mmdet - INFO - Iter [4475/120000]	lr: 1.000e-04, eta: 1 day, 21:16:25, time: 0.762, data_time: 0.007, memory: 10658, loss_mask: 0.2332, loss_texture: 0.0054, iou: 0.5698, iou_t0: 0.7023, iou_t1: 0.6655, iou_t2: 0.4552, iou_t3: 0.5373, iou_t4: 0.5745, iou_t5: 0.5468, loss: 0.2386
2026-05-05 18:43:12,634 - mmdet - INFO - 
--- Val evaluation at iter 4500 ---
2026-05-05 18:48:42,235 - mmdet - INFO - 
+------------+-------------+-------------+
| Class      | Val IoU     | Pseudo IoU  |
+------------+-------------+-------------+
| background | 91.69       | 92.68       |
| building   | 65.92       | 69.14       |
| Summary    | mIoU: 78.80 | mIoU: 80.91 |
+------------+-------------+-------------+
Images evaluated: 218
2026-05-05 18:48:44,197 - mmdet - INFO - Iter [4500/120000]	lr: 1.000e-04, eta: 1 day, 21:08:47, time: 0.752, data_time: 0.007, memory: 10658, val/mIoU: 0.7880, val/IoU.building: 0.6592, val/IoU.background: 0.9169, val/Pseudo_mIoU: 0.8091, loss_mask: 0.2554, loss_texture: 0.0058, iou: 0.6278, iou_t0: 0.7060, iou_t1: 0.6318, iou_t2: 0.5635, iou_t3: 0.6569, iou_t4: 0.5302, iou_t5: 0.6231, loss: 0.2612
2026-05-05 18:49:07,334 - mmdet - INFO - Iter [4525/120000]	lr: 1.000e-04, eta: 1 day, 23:24:06, time: 14.188, data_time: 13.271, memory: 10658, loss_mask: 0.2512, loss_texture: 0.0052, iou: 0.5811, iou_t0: 0.6027, iou_t1: 0.6326, iou_t2: 0.5748, iou_t3: 0.5286, iou_t4: 0.5510, iou_t5: 0.6178, loss: 0.2564
2026-05-05 18:49:29,942 - mmdet - INFO - Iter [4550/120000]	lr: 1.000e-04, eta: 1 day, 23:17:25, time: 0.904, data_time: 0.007, memory: 10658, loss_mask: 0.1650, loss_texture: 0.0047, iou: 0.5927, iou_t0: 0.6909, iou_t1: 0.5429, iou_t2: 0.6932, iou_t3: 0.5710, iou_t4: 0.4832, iou_t5: 0.5861, loss: 0.1696
2026-05-05 18:49:48,230 - mmdet - INFO - Iter [4575/120000]	lr: 1.000e-04, eta: 1 day, 23:09:00, time: 0.731, data_time: 0.007, memory: 10658, loss_mask: 0.2089, loss_texture: 0.0048, iou: 0.5736, iou_t0: 0.5553, iou_t1: 0.5222, iou_t2: 0.6237, iou_t3: 0.6400, iou_t4: 0.5084, iou_t5: 0.5802, loss: 0.2137
2026-05-05 18:50:08,538 - mmdet - INFO - Iter [4600/120000]	lr: 1.000e-04, eta: 1 day, 23:01:30, time: 0.812, data_time: 0.007, memory: 10658, loss_mask: 0.1856, loss_texture: 0.0045, iou: 0.6566, iou_t0: 0.7283, iou_t1: 0.6406, iou_t2: 0.6787, iou_t3: 0.6351, iou_t4: 0.6405, iou_t5: 0.6611, loss: 0.1901
2026-05-05 18:50:29,495 - mmdet - INFO - Iter [4625/120000]	lr: 1.000e-04, eta: 1 day, 22:54:21, time: 0.838, data_time: 0.008, memory: 10658, loss_mask: 0.1595, loss_texture: 0.0043, iou: 0.6064, iou_t0: 0.7030, iou_t1: 0.5800, iou_t2: 0.5561, iou_t3: 0.5756, iou_t4: 0.6198, iou_t5: 0.5870, loss: 0.1638
2026-05-05 18:50:50,375 - mmdet - INFO - Iter [4650/120000]	lr: 1.000e-04, eta: 1 day, 22:47:15, time: 0.835, data_time: 0.007, memory: 10658, loss_mask: 0.2057, loss_texture: 0.0042, iou: 0.5322, iou_t0: 0.6060, iou_t1: 0.5442, iou_t2: 0.5247, iou_t3: 0.5705, iou_t4: 0.4760, iou_t5: 0.4674, loss: 0.2099
2026-05-05 18:51:11,315 - mmdet - INFO - Iter [4675/120000]	lr: 1.000e-04, eta: 1 day, 22:40:14, time: 0.837, data_time: 0.008, memory: 10658, loss_mask: 0.2191, loss_texture: 0.0050, iou: 0.5810, iou_t0: 0.6374, iou_t1: 0.6458, iou_t2: 0.5496, iou_t3: 0.5991, iou_t4: 0.5480, iou_t5: 0.5204, loss: 0.2241
2026-05-05 18:51:32,071 - mmdet - INFO - Iter [4700/120000]	lr: 1.000e-04, eta: 1 day, 22:33:14, time: 0.830, data_time: 0.007, memory: 10658, loss_mask: 0.2513, loss_texture: 0.0046, iou: 0.5487, iou_t0: 0.6254, iou_t1: 0.4855, iou_t2: 0.5936, iou_t3: 0.5444, iou_t4: 0.5746, iou_t5: 0.4712, loss: 0.2559
2026-05-05 18:51:52,892 - mmdet - INFO - Iter [4725/120000]	lr: 1.000e-04, eta: 1 day, 22:26:19, time: 0.833, data_time: 0.007, memory: 10658, loss_mask: 0.3143, loss_texture: 0.0065, iou: 0.5626, iou_t0: 0.6083, iou_t1: 0.5547, iou_t2: 0.5377, iou_t3: 0.5543, iou_t4: 0.6055, iou_t5: 0.5163, loss: 0.3208
2026-05-05 18:52:13,392 - mmdet - INFO - Iter [4750/120000]	lr: 1.000e-04, eta: 1 day, 22:19:20, time: 0.820, data_time: 0.007, memory: 10658, loss_mask: 0.2567, loss_texture: 0.0051, iou: 0.5513, iou_t0: 0.6864, iou_t1: 0.5759, iou_t2: 0.5242, iou_t3: 0.5112, iou_t4: 0.4960, iou_t5: 0.5528, loss: 0.2618
2026-05-05 18:52:34,562 - mmdet - INFO - Iter [4775/120000]	lr: 1.000e-04, eta: 1 day, 22:12:42, time: 0.847, data_time: 0.007, memory: 10658, loss_mask: 0.1676, loss_texture: 0.0039, iou: 0.4942, iou_t0: 0.5620, iou_t1: 0.5414, iou_t2: 0.5202, iou_t3: 0.5171, iou_t4: 0.3837, iou_t5: 0.4661, loss: 0.1716
2026-05-05 18:52:54,898 - mmdet - INFO - Iter [4800/120000]	lr: 1.000e-04, eta: 1 day, 22:05:48, time: 0.813, data_time: 0.007, memory: 10658, loss_mask: 0.3197, loss_texture: 0.0049, iou: 0.5051, iou_t0: 0.5048, iou_t1: 0.5548, iou_t2: 0.4786, iou_t3: 0.5173, iou_t4: 0.4750, iou_t5: 0.5006, loss: 0.3246
2026-05-05 18:53:15,318 - mmdet - INFO - Iter [4825/120000]	lr: 1.000e-04, eta: 1 day, 21:58:59, time: 0.817, data_time: 0.008, memory: 10658, loss_mask: 0.2536, loss_texture: 0.0049, iou: 0.5671, iou_t0: 0.6510, iou_t1: 0.6002, iou_t2: 0.5135, iou_t3: 0.5873, iou_t4: 0.5240, iou_t5: 0.5196, loss: 0.2586
2026-05-05 18:53:35,682 - mmdet - INFO - Iter [4850/120000]	lr: 1.000e-04, eta: 1 day, 21:52:14, time: 0.815, data_time: 0.007, memory: 10658, loss_mask: 0.2093, loss_texture: 0.0046, iou: 0.5472, iou_t0: 0.6099, iou_t1: 0.5177, iou_t2: 0.4236, iou_t3: 0.5364, iou_t4: 0.5792, iou_t5: 0.5105, loss: 0.2139
2026-05-05 18:53:56,355 - mmdet - INFO - Iter [4875/120000]	lr: 1.000e-04, eta: 1 day, 21:45:39, time: 0.827, data_time: 0.008, memory: 10658, loss_mask: 0.2303, loss_texture: 0.0051, iou: 0.5938, iou_t0: 0.6176, iou_t1: 0.6420, iou_t2: 0.5033, iou_t3: 0.5502, iou_t4: 0.6371, iou_t5: 0.6227, loss: 0.2354
2026-05-05 18:54:17,196 - mmdet - INFO - Iter [4900/120000]	lr: 1.000e-04, eta: 1 day, 21:39:13, time: 0.834, data_time: 0.008, memory: 10658, loss_mask: 0.2109, loss_texture: 0.0061, iou: 0.6621, iou_t0: 0.6778, iou_t1: 0.6773, iou_t2: 0.7092, iou_t3: 0.6561, iou_t4: 0.6752, iou_t5: 0.5763, loss: 0.2169
2026-05-05 18:54:37,992 - mmdet - INFO - Iter [4925/120000]	lr: 1.000e-04, eta: 1 day, 21:32:49, time: 0.832, data_time: 0.007, memory: 10658, loss_mask: 0.1373, loss_texture: 0.0038, iou: 0.5583, iou_t0: 0.5870, iou_t1: 0.5349, iou_t2: 0.5289, iou_t3: 0.5037, iou_t4: 0.5898, iou_t5: 0.6358, loss: 0.1411
2026-05-05 18:54:53,467 - mmdet - INFO - Iter [4950/120000]	lr: 1.000e-04, eta: 1 day, 21:24:25, time: 0.619, data_time: 0.008, memory: 10658, loss_mask: 0.1848, loss_texture: 0.0051, iou: 0.6036, iou_t0: 0.6640, iou_t1: 0.5760, iou_t2: 0.5602, iou_t3: 0.6339, iou_t4: 0.6381, iou_t5: 0.5104, loss: 0.1898
2026-05-05 18:55:12,223 - mmdet - INFO - Iter [4975/120000]	lr: 1.000e-04, eta: 1 day, 21:17:22, time: 0.750, data_time: 0.007, memory: 10658, loss_mask: 0.1572, loss_texture: 0.0045, iou: 0.6611, iou_t0: 0.7407, iou_t1: 0.6620, iou_t2: 0.7583, iou_t3: 0.6839, iou_t4: 0.6249, iou_t5: 0.5391, loss: 0.1617
2026-05-05 18:55:30,588 - mmdet - INFO - 
--- Val evaluation at iter 5000 ---
2026-05-05 19:01:02,150 - mmdet - INFO - 
+------------+-------------+-------------+
| Class      | Val IoU     | Pseudo IoU  |
+------------+-------------+-------------+
| background | 91.57       | 92.68       |
| building   | 65.25       | 69.14       |
| Summary    | mIoU: 78.41 | mIoU: 80.91 |
+------------+-------------+-------------+
Images evaluated: 218
2026-05-05 19:01:04,106 - mmdet - INFO - Exp name: exp5_obj_bnd.py
2026-05-05 19:01:04,107 - mmdet - INFO - Iter [5000/120000]	lr: 1.000e-04, eta: 1 day, 21:10:14, time: 0.735, data_time: 0.007, memory: 10658, val/mIoU: 0.7841, val/IoU.building: 0.6525, val/IoU.background: 0.9157, val/Pseudo_mIoU: 0.8091, loss_mask: 0.1942, loss_texture: 0.0045, iou: 0.6033, iou_t0: 0.6507, iou_t1: 0.6756, iou_t2: 0.6283, iou_t3: 0.5282, iou_t4: 0.5862, iou_t5: 0.5462, loss: 0.1987
2026-05-05 19:01:25,169 - mmdet - INFO - Iter [5025/120000]	lr: 1.000e-04, eta: 1 day, 23:11:23, time: 14.183, data_time: 13.348, memory: 10658, loss_mask: 0.2708, loss_texture: 0.0051, iou: 0.5451, iou_t0: 0.5943, iou_t1: 0.5813, iou_t2: 0.5623, iou_t3: 0.4678, iou_t4: 0.4743, iou_t5: 0.5797, loss: 0.2759
2026-05-05 19:01:43,383 - mmdet - INFO - Iter [5050/120000]	lr: 1.000e-04, eta: 1 day, 23:03:40, time: 0.728, data_time: 0.008, memory: 10658, loss_mask: 0.2027, loss_texture: 0.0044, iou: 0.5532, iou_t0: 0.6459, iou_t1: 0.5256, iou_t2: 0.5982, iou_t3: 0.5554, iou_t4: 0.5453, iou_t5: 0.4751, loss: 0.2071
2026-05-05 19:02:03,870 - mmdet - INFO - Iter [5075/120000]	lr: 1.000e-04, eta: 1 day, 22:56:52, time: 0.819, data_time: 0.008, memory: 10658, loss_mask: 0.1916, loss_texture: 0.0047, iou: 0.6150, iou_t0: 0.6407, iou_t1: 0.6340, iou_t2: 0.6130, iou_t3: 0.5841, iou_t4: 0.5935, iou_t5: 0.6292, loss: 0.1963
2026-05-05 19:02:24,719 - mmdet - INFO - Iter [5100/120000]	lr: 1.000e-04, eta: 1 day, 22:50:17, time: 0.834, data_time: 0.007, memory: 10658, loss_mask: 0.1650, loss_texture: 0.0047, iou: 0.6527, iou_t0: 0.6486, iou_t1: 0.7371, iou_t2: 0.6740, iou_t3: 0.7065, iou_t4: 0.5715, iou_t5: 0.5461, loss: 0.1697
2026-05-05 19:02:45,303 - mmdet - INFO - Iter [5125/120000]	lr: 1.000e-04, eta: 1 day, 22:43:39, time: 0.823, data_time: 0.007, memory: 10658, loss_mask: 0.1332, loss_texture: 0.0039, iou: 0.5901, iou_t0: 0.6158, iou_t1: 0.6058, iou_t2: 0.6045, iou_t3: 0.6125, iou_t4: 0.5661, iou_t5: 0.5661, loss: 0.1371
2026-05-05 19:03:06,255 - mmdet - INFO - Iter [5150/120000]	lr: 1.000e-04, eta: 1 day, 22:37:13, time: 0.838, data_time: 0.008, memory: 10658, loss_mask: 0.2842, loss_texture: 0.0050, iou: 0.5316, iou_t0: 0.6202, iou_t1: 0.5358, iou_t2: 0.4959, iou_t3: 0.5444, iou_t4: 0.4990, iou_t5: 0.4777, loss: 0.2892
2026-05-05 19:03:26,881 - mmdet - INFO - Iter [5175/120000]	lr: 1.000e-04, eta: 1 day, 22:30:44, time: 0.825, data_time: 0.007, memory: 10658, loss_mask: 0.2462, loss_texture: 0.0054, iou: 0.5975, iou_t0: 0.6421, iou_t1: 0.6421, iou_t2: 0.5802, iou_t3: 0.4847, iou_t4: 0.6241, iou_t5: 0.5359, loss: 0.2516
2026-05-05 19:03:47,939 - mmdet - INFO - Iter [5200/120000]	lr: 1.000e-04, eta: 1 day, 22:24:27, time: 0.842, data_time: 0.007, memory: 10658, loss_mask: 0.2194, loss_texture: 0.0053, iou: 0.5622, iou_t0: 0.5529, iou_t1: 0.6553, iou_t2: 0.5463, iou_t3: 0.5337, iou_t4: 0.5217, iou_t5: 0.5818, loss: 0.2247
2026-05-05 19:04:08,287 - mmdet - INFO - Iter [5225/120000]	lr: 1.000e-04, eta: 1 day, 22:17:59, time: 0.814, data_time: 0.007, memory: 10658, loss_mask: 0.1740, loss_texture: 0.0044, iou: 0.5775, iou_t0: 0.6393, iou_t1: 0.6348, iou_t2: 0.6016, iou_t3: 0.5371, iou_t4: 0.5794, iou_t5: 0.5240, loss: 0.1784
2026-05-05 19:04:28,840 - mmdet - INFO - Iter [5250/120000]	lr: 1.000e-04, eta: 1 day, 22:11:38, time: 0.822, data_time: 0.008, memory: 10658, loss_mask: 0.1779, loss_texture: 0.0042, iou: 0.5699, iou_t0: 0.6423, iou_t1: 0.6236, iou_t2: 0.4782, iou_t3: 0.5603, iou_t4: 0.5267, iou_t5: 0.5079, loss: 0.1821
2026-05-05 19:04:49,728 - mmdet - INFO - Iter [5275/120000]	lr: 1.000e-04, eta: 1 day, 22:05:28, time: 0.836, data_time: 0.007, memory: 10658, loss_mask: 0.1826, loss_texture: 0.0056, iou: 0.6760, iou_t0: 0.6798, iou_t1: 0.7191, iou_t2: 0.6493, iou_t3: 0.6751, iou_t4: 0.6684, iou_t5: 0.6514, loss: 0.1882
2026-05-05 19:05:10,688 - mmdet - INFO - Iter [5300/120000]	lr: 1.000e-04, eta: 1 day, 21:59:23, time: 0.838, data_time: 0.008, memory: 10658, loss_mask: 0.1700, loss_texture: 0.0047, iou: 0.5893, iou_t0: 0.6152, iou_t1: 0.6300, iou_t2: 0.6080, iou_t3: 0.5223, iou_t4: 0.5594, iou_t5: 0.5848, loss: 0.1748
2026-05-05 19:05:31,135 - mmdet - INFO - Iter [5325/120000]	lr: 1.000e-04, eta: 1 day, 21:53:10, time: 0.818, data_time: 0.007, memory: 10658, loss_mask: 0.3174, loss_texture: 0.0042, iou: 0.5442, iou_t0: 0.5904, iou_t1: 0.5438, iou_t2: 0.5695, iou_t3: 0.4445, iou_t4: 0.4980, iou_t5: 0.5879, loss: 0.3216
2026-05-05 19:05:51,795 - mmdet - INFO - Iter [5350/120000]	lr: 1.000e-04, eta: 1 day, 21:47:05, time: 0.826, data_time: 0.008, memory: 10658, loss_mask: 0.2593, loss_texture: 0.0048, iou: 0.5894, iou_t0: 0.5915, iou_t1: 0.6395, iou_t2: 0.5881, iou_t3: 0.5051, iou_t4: 0.6357, iou_t5: 0.5945, loss: 0.2640
2026-05-05 19:06:12,393 - mmdet - INFO - Iter [5375/120000]	lr: 1.000e-04, eta: 1 day, 21:41:02, time: 0.824, data_time: 0.007, memory: 10658, loss_mask: 0.2567, loss_texture: 0.0051, iou: 0.5808, iou_t0: 0.6721, iou_t1: 0.5884, iou_t2: 0.5605, iou_t3: 0.6182, iou_t4: 0.5483, iou_t5: 0.4804, loss: 0.2618
2026-05-05 19:06:33,502 - mmdet - INFO - Iter [5400/120000]	lr: 1.000e-04, eta: 1 day, 21:35:13, time: 0.844, data_time: 0.007, memory: 10658, loss_mask: 0.1843, loss_texture: 0.0046, iou: 0.5478, iou_t0: 0.6498, iou_t1: 0.5938, iou_t2: 0.5084, iou_t3: 0.6483, iou_t4: 0.4889, iou_t5: 0.4060, loss: 0.1889
2026-05-05 19:06:54,372 - mmdet - INFO - Iter [5425/120000]	lr: 1.000e-04, eta: 1 day, 21:29:22, time: 0.835, data_time: 0.007, memory: 10658, loss_mask: 0.1735, loss_texture: 0.0049, iou: 0.6077, iou_t0: 0.7041, iou_t1: 0.5854, iou_t2: 0.6160, iou_t3: 0.5123, iou_t4: 0.5628, iou_t5: 0.6553, loss: 0.1784
2026-05-05 19:07:11,282 - mmdet - INFO - Iter [5450/120000]	lr: 1.000e-04, eta: 1 day, 21:22:11, time: 0.676, data_time: 0.008, memory: 10658, loss_mask: 0.2000, loss_texture: 0.0049, iou: 0.7001, iou_t0: 0.7856, iou_t1: 0.6560, iou_t2: 0.7770, iou_t3: 0.6770, iou_t4: 0.6625, iou_t5: 0.6522, loss: 0.2049
2026-05-05 19:07:32,540 - mmdet - INFO - Iter [5475/120000]	lr: 1.000e-04, eta: 1 day, 21:16:34, time: 0.850, data_time: 0.007, memory: 10658, loss_mask: 0.1715, loss_texture: 0.0048, iou: 0.6104, iou_t0: 0.7589, iou_t1: 0.5740, iou_t2: 0.6191, iou_t3: 0.5395, iou_t4: 0.5874, iou_t5: 0.5855, loss: 0.1763
2026-05-05 19:07:53,440 - mmdet - INFO - 
--- Val evaluation at iter 5500 ---
2026-05-05 19:13:21,968 - mmdet - INFO - 
+------------+-------------+-------------+
| Class      | Val IoU     | Pseudo IoU  |
+------------+-------------+-------------+
| background | 91.02       | 92.68       |
| building   | 65.00       | 69.14       |
| Summary    | mIoU: 78.01 | mIoU: 80.91 |
+------------+-------------+-------------+
Images evaluated: 218
2026-05-05 19:13:23,909 - mmdet - INFO - Iter [5500/120000]	lr: 1.000e-04, eta: 1 day, 21:10:53, time: 0.836, data_time: 0.007, memory: 10658, val/mIoU: 0.7801, val/IoU.building: 0.6500, val/IoU.background: 0.9102, val/Pseudo_mIoU: 0.8091, loss_mask: 0.2637, loss_texture: 0.0040, iou: 0.5232, iou_t0: 0.5693, iou_t1: 0.5498, iou_t2: 0.4895, iou_t3: 0.4802, iou_t4: 0.5615, iou_t5: 0.4706, loss: 0.2677
2026-05-05 19:13:44,619 - mmdet - INFO - Iter [5525/120000]	lr: 1.000e-04, eta: 1 day, 22:59:18, time: 14.047, data_time: 13.226, memory: 10658, loss_mask: 0.3911, loss_texture: 0.0056, iou: 0.6257, iou_t0: 0.6752, iou_t1: 0.7185, iou_t2: 0.5641, iou_t3: 0.6462, iou_t4: 0.5802, iou_t5: 0.5447, loss: 0.3967
2026-05-05 19:14:05,395 - mmdet - INFO - Iter [5550/120000]	lr: 1.000e-04, eta: 1 day, 22:53:07, time: 0.831, data_time: 0.007, memory: 10658, loss_mask: 0.2467, loss_texture: 0.0047, iou: 0.5569, iou_t0: 0.6488, iou_t1: 0.6141, iou_t2: 0.5037, iou_t3: 0.5673, iou_t4: 0.5336, iou_t5: 0.5287, loss: 0.2514
2026-05-05 19:14:25,782 - mmdet - INFO - Iter [5575/120000]	lr: 1.000e-04, eta: 1 day, 22:46:52, time: 0.816, data_time: 0.008, memory: 10658, loss_mask: 0.2976, loss_texture: 0.0046, iou: 0.5421, iou_t0: 0.6041, iou_t1: 0.6190, iou_t2: 0.4535, iou_t3: 0.5436, iou_t4: 0.5237, iou_t5: 0.5161, loss: 0.3022
2026-05-05 19:14:45,932 - mmdet - INFO - Iter [5600/120000]	lr: 1.000e-04, eta: 1 day, 22:40:35, time: 0.806, data_time: 0.007, memory: 10658, loss_mask: 0.1789, loss_texture: 0.0036, iou: 0.5317, iou_t0: 0.6741, iou_t1: 0.4517, iou_t2: 0.5559, iou_t3: 0.5377, iou_t4: 0.5193, iou_t5: 0.4762, loss: 0.1826
2026-05-05 19:15:06,313 - mmdet - INFO - Iter [5625/120000]	lr: 1.000e-04, eta: 1 day, 22:34:26, time: 0.815, data_time: 0.007, memory: 10658, loss_mask: 0.1589, loss_texture: 0.0040, iou: 0.6144, iou_t0: 0.6588, iou_t1: 0.6229, iou_t2: 0.5360, iou_t3: 0.7044, iou_t4: 0.6115, iou_t5: 0.5602, loss: 0.1629
2026-05-05 19:15:26,655 - mmdet - INFO - Iter [5650/120000]	lr: 1.000e-04, eta: 1 day, 22:28:20, time: 0.814, data_time: 0.007, memory: 10658, loss_mask: 0.2362, loss_texture: 0.0045, iou: 0.6141, iou_t0: 0.6584, iou_t1: 0.6843, iou_t2: 0.6398, iou_t3: 0.5587, iou_t4: 0.5461, iou_t5: 0.5992, loss: 0.2407
2026-05-05 19:15:47,370 - mmdet - INFO - Iter [5675/120000]	lr: 1.000e-04, eta: 1 day, 22:22:24, time: 0.828, data_time: 0.007, memory: 10658, loss_mask: 0.1525, loss_texture: 0.0038, iou: 0.5717, iou_t0: 0.6033, iou_t1: 0.5740, iou_t2: 0.6025, iou_t3: 0.5888, iou_t4: 0.5915, iou_t5: 0.5707, loss: 0.1564
2026-05-05 19:16:07,985 - mmdet - INFO - Iter [5700/120000]	lr: 1.000e-04, eta: 1 day, 22:16:28, time: 0.825, data_time: 0.007, memory: 10658, loss_mask: 0.1943, loss_texture: 0.0043, iou: 0.6038, iou_t0: 0.7534, iou_t1: 0.6268, iou_t2: 0.5499, iou_t3: 0.6118, iou_t4: 0.6085, iou_t5: 0.5238, loss: 0.1986
2026-05-05 19:16:29,422 - mmdet - INFO - Iter [5725/120000]	lr: 1.000e-04, eta: 1 day, 22:10:53, time: 0.857, data_time: 0.008, memory: 10658, loss_mask: 0.1199, loss_texture: 0.0032, iou: 0.5582, iou_t0: 0.6010, iou_t1: 0.5600, iou_t2: 0.5174, iou_t3: 0.5556, iou_t4: 0.5218, iou_t5: 0.5191, loss: 0.1230
2026-05-05 19:16:50,682 - mmdet - INFO - Iter [5750/120000]	lr: 1.000e-04, eta: 1 day, 22:05:16, time: 0.850, data_time: 0.007, memory: 10658, loss_mask: 0.1552, loss_texture: 0.0044, iou: 0.6189, iou_t0: 0.7053, iou_t1: 0.6058, iou_t2: 0.5527, iou_t3: 0.6092, iou_t4: 0.5765, iou_t5: 0.6290, loss: 0.1595
2026-05-05 19:17:11,207 - mmdet - INFO - Iter [5775/120000]	lr: 1.000e-04, eta: 1 day, 21:59:28, time: 0.821, data_time: 0.008, memory: 10658, loss_mask: 0.1687, loss_texture: 0.0041, iou: 0.5960, iou_t0: 0.7072, iou_t1: 0.6130, iou_t2: 0.5790, iou_t3: 0.5396, iou_t4: 0.5604, iou_t5: 0.5895, loss: 0.1728
2026-05-05 19:17:32,116 - mmdet - INFO - Iter [5800/120000]	lr: 1.000e-04, eta: 1 day, 21:53:49, time: 0.836, data_time: 0.007, memory: 10658, loss_mask: 0.1705, loss_texture: 0.0043, iou: 0.5677, iou_t0: 0.6171, iou_t1: 0.6629, iou_t2: 0.4960, iou_t3: 0.5197, iou_t4: 0.5851, iou_t5: 0.5476, loss: 0.1748
2026-05-05 19:17:53,080 - mmdet - INFO - Iter [5825/120000]	lr: 1.000e-04, eta: 1 day, 21:48:15, time: 0.839, data_time: 0.007, memory: 10658, loss_mask: 0.2679, loss_texture: 0.0055, iou: 0.5685, iou_t0: 0.6136, iou_t1: 0.5797, iou_t2: 0.5964, iou_t3: 0.5303, iou_t4: 0.5766, iou_t5: 0.5549, loss: 0.2735
2026-05-05 19:18:14,118 - mmdet - INFO - Iter [5850/120000]	lr: 1.000e-04, eta: 1 day, 21:42:45, time: 0.841, data_time: 0.007, memory: 10658, loss_mask: 0.1756, loss_texture: 0.0048, iou: 0.5338, iou_t0: 0.6022, iou_t1: 0.5363, iou_t2: 0.4930, iou_t3: 0.5335, iou_t4: 0.4800, iou_t5: 0.5211, loss: 0.1805
2026-05-05 19:18:35,030 - mmdet - INFO - Iter [5875/120000]	lr: 1.000e-04, eta: 1 day, 21:37:15, time: 0.836, data_time: 0.007, memory: 10658, loss_mask: 0.2324, loss_texture: 0.0046, iou: 0.5864, iou_t0: 0.6282, iou_t1: 0.6243, iou_t2: 0.6419, iou_t3: 0.5199, iou_t4: 0.5285, iou_t5: 0.5907, loss: 0.2371
2026-05-05 19:18:55,451 - mmdet - INFO - Iter [5900/120000]	lr: 1.000e-04, eta: 1 day, 21:31:38, time: 0.817, data_time: 0.008, memory: 10658, loss_mask: 0.1925, loss_texture: 0.0058, iou: 0.6394, iou_t0: 0.6927, iou_t1: 0.6560, iou_t2: 0.5727, iou_t3: 0.5582, iou_t4: 0.6574, iou_t5: 0.6444, loss: 0.1983
2026-05-05 19:19:18,174 - mmdet - INFO - Iter [5925/120000]	lr: 1.000e-04, eta: 1 day, 21:26:48, time: 0.909, data_time: 0.007, memory: 10658, loss_mask: 0.1519, loss_texture: 0.0041, iou: 0.5777, iou_t0: 0.7424, iou_t1: 0.5957, iou_t2: 0.4852, iou_t3: 0.5830, iou_t4: 0.5594, iou_t5: 0.5509, loss: 0.1560
2026-05-05 19:19:37,144 - mmdet - INFO - Iter [5950/120000]	lr: 1.000e-04, eta: 1 day, 21:20:49, time: 0.759, data_time: 0.008, memory: 10658, loss_mask: 0.1771, loss_texture: 0.0040, iou: 0.5982, iou_t0: 0.7142, iou_t1: 0.5706, iou_t2: 0.5654, iou_t3: 0.5655, iou_t4: 0.5797, iou_t5: 0.5614, loss: 0.1811
2026-05-05 19:19:58,010 - mmdet - INFO - Iter [5975/120000]	lr: 1.000e-04, eta: 1 day, 21:15:28, time: 0.835, data_time: 0.007, memory: 10658, loss_mask: 0.1476, loss_texture: 0.0039, iou: 0.5011, iou_t0: 0.5655, iou_t1: 0.4612, iou_t2: 0.5182, iou_t3: 0.4550, iou_t4: 0.4595, iou_t5: 0.5271, loss: 0.1515
2026-05-05 19:20:19,735 - mmdet - INFO - 
--- Val evaluation at iter 6000 ---
2026-05-05 19:25:46,811 - mmdet - INFO - 
+------------+-------------+-------------+
| Class      | Val IoU     | Pseudo IoU  |
+------------+-------------+-------------+
| background | 88.87       | 92.68       |
| building   | 47.19       | 69.14       |
| Summary    | mIoU: 68.03 | mIoU: 80.91 |
+------------+-------------+-------------+
Images evaluated: 218
2026-05-05 19:25:48,991 - mmdet - INFO - Exp name: exp5_obj_bnd.py
2026-05-05 19:25:48,992 - mmdet - INFO - Iter [6000/120000]	lr: 1.000e-04, eta: 1 day, 21:10:27, time: 0.869, data_time: 0.007, memory: 10658, val/mIoU: 0.6803, val/IoU.building: 0.4719, val/IoU.background: 0.8887, val/Pseudo_mIoU: 0.8091, loss_mask: 0.3805, loss_texture: 0.0054, iou: 0.6084, iou_t0: 0.6490, iou_t1: 0.6810, iou_t2: 0.5710, iou_t3: 0.6031, iou_t4: 0.5762, iou_t5: 0.5773, loss: 0.3860
2026-05-05 19:26:09,554 - mmdet - INFO - Iter [6025/120000]	lr: 1.000e-04, eta: 1 day, 22:48:54, time: 13.993, data_time: 13.177, memory: 10658, loss_mask: 0.2895, loss_texture: 0.0058, iou: 0.5962, iou_t0: 0.6969, iou_t1: 0.5964, iou_t2: 0.5891, iou_t3: 0.5724, iou_t4: 0.5469, iou_t5: 0.5966, loss: 0.2953
2026-05-05 19:26:30,370 - mmdet - INFO - Iter [6050/120000]	lr: 1.000e-04, eta: 1 day, 22:43:13, time: 0.833, data_time: 0.007, memory: 10658, loss_mask: 0.1552, loss_texture: 0.0037, iou: 0.5383, iou_t0: 0.6148, iou_t1: 0.5982, iou_t2: 0.5135, iou_t3: 0.5370, iou_t4: 0.5029, iou_t5: 0.4644, loss: 0.1590
2026-05-05 19:26:50,958 - mmdet - INFO - Iter [6075/120000]	lr: 1.000e-04, eta: 1 day, 22:37:30, time: 0.823, data_time: 0.007, memory: 10658, loss_mask: 0.2306, loss_texture: 0.0045, iou: 0.6208, iou_t0: 0.6792, iou_t1: 0.5649, iou_t2: 0.6437, iou_t3: 0.6202, iou_t4: 0.5584, iou_t5: 0.6802, loss: 0.2351
2026-05-05 19:27:11,506 - mmdet - INFO - Iter [6100/120000]	lr: 1.000e-04, eta: 1 day, 22:31:49, time: 0.822, data_time: 0.008, memory: 10658, loss_mask: 0.2154, loss_texture: 0.0037, iou: 0.5475, iou_t0: 0.5833, iou_t1: 0.6378, iou_t2: 0.4192, iou_t3: 0.5342, iou_t4: 0.5990, iou_t5: 0.5556, loss: 0.2191
2026-05-05 19:27:32,367 - mmdet - INFO - Iter [6125/120000]	lr: 1.000e-04, eta: 1 day, 22:26:17, time: 0.834, data_time: 0.007, memory: 10658, loss_mask: 0.1613, loss_texture: 0.0045, iou: 0.5679, iou_t0: 0.6493, iou_t1: 0.5254, iou_t2: 0.5973, iou_t3: 0.5807, iou_t4: 0.5414, iou_t5: 0.5262, loss: 0.1658
2026-05-05 19:27:52,823 - mmdet - INFO - Iter [6150/120000]	lr: 1.000e-04, eta: 1 day, 22:20:39, time: 0.818, data_time: 0.007, memory: 10658, loss_mask: 0.1850, loss_texture: 0.0038, iou: 0.5828, iou_t0: 0.6235, iou_t1: 0.6810, iou_t2: 0.5949, iou_t3: 0.4339, iou_t4: 0.5510, iou_t5: 0.5761, loss: 0.1888
2026-05-05 19:28:13,380 - mmdet - INFO - Iter [6175/120000]	lr: 1.000e-04, eta: 1 day, 22:15:06, time: 0.822, data_time: 0.007, memory: 10658, loss_mask: 0.1742, loss_texture: 0.0046, iou: 0.7116, iou_t0: 0.8155, iou_t1: 0.7777, iou_t2: 0.6011, iou_t3: 0.6748, iou_t4: 0.6200, iou_t5: 0.7240, loss: 0.1788
2026-05-05 19:28:33,516 - mmdet - INFO - Iter [6200/120000]	lr: 1.000e-04, eta: 1 day, 22:09:28, time: 0.805, data_time: 0.007, memory: 10658, loss_mask: 0.1441, loss_texture: 0.0033, iou: 0.5578, iou_t0: 0.6029, iou_t1: 0.5569, iou_t2: 0.5366, iou_t3: 0.5650, iou_t4: 0.5568, iou_t5: 0.5658, loss: 0.1474
2026-05-05 19:28:54,213 - mmdet - INFO - Iter [6225/120000]	lr: 1.000e-04, eta: 1 day, 22:04:02, time: 0.828, data_time: 0.007, memory: 10658, loss_mask: 0.2391, loss_texture: 0.0049, iou: 0.6156, iou_t0: 0.6752, iou_t1: 0.6704, iou_t2: 0.6363, iou_t3: 0.6026, iou_t4: 0.5423, iou_t5: 0.5962, loss: 0.2440
2026-05-05 19:29:14,779 - mmdet - INFO - Iter [6250/120000]	lr: 1.000e-04, eta: 1 day, 21:58:37, time: 0.823, data_time: 0.007, memory: 10658, loss_mask: 0.2478, loss_texture: 0.0047, iou: 0.6066, iou_t0: 0.6148, iou_t1: 0.7653, iou_t2: 0.5881, iou_t3: 0.5267, iou_t4: 0.5111, iou_t5: 0.6203, loss: 0.2525
2026-05-05 19:29:35,417 - mmdet - INFO - Iter [6275/120000]	lr: 1.000e-04, eta: 1 day, 21:53:15, time: 0.826, data_time: 0.007, memory: 10658, loss_mask: 0.2148, loss_texture: 0.0050, iou: 0.5323, iou_t0: 0.5596, iou_t1: 0.5996, iou_t2: 0.5658, iou_t3: 0.4428, iou_t4: 0.5091, iou_t5: 0.4973, loss: 0.2198
2026-05-05 19:29:56,066 - mmdet - INFO - Iter [6300/120000]	lr: 1.000e-04, eta: 1 day, 21:47:56, time: 0.826, data_time: 0.007, memory: 10658, loss_mask: 0.1345, loss_texture: 0.0038, iou: 0.5513, iou_t0: 0.5939, iou_t1: 0.4923, iou_t2: 0.6095, iou_t3: 0.5849, iou_t4: 0.4509, iou_t5: 0.5254, loss: 0.1382
2026-05-05 19:30:16,484 - mmdet - INFO - Iter [6325/120000]	lr: 1.000e-04, eta: 1 day, 21:42:36, time: 0.817, data_time: 0.007, memory: 10658, loss_mask: 0.1400, loss_texture: 0.0040, iou: 0.5970, iou_t0: 0.6895, iou_t1: 0.5942, iou_t2: 0.6112, iou_t3: 0.5116, iou_t4: 0.6419, iou_t5: 0.5305, loss: 0.1439
2026-05-05 19:30:35,533 - mmdet - INFO - Iter [6350/120000]	lr: 1.000e-04, eta: 1 day, 21:36:53, time: 0.762, data_time: 0.008, memory: 10658, loss_mask: 0.1627, loss_texture: 0.0044, iou: 0.6229, iou_t0: 0.6154, iou_t1: 0.6204, iou_t2: 0.6045, iou_t3: 0.6562, iou_t4: 0.6682, iou_t5: 0.5813, loss: 0.1671
2026-05-05 19:30:57,890 - mmdet - INFO - Iter [6375/120000]	lr: 1.000e-04, eta: 1 day, 21:32:11, time: 0.894, data_time: 0.008, memory: 10658, loss_mask: 0.1251, loss_texture: 0.0037, iou: 0.6058, iou_t0: 0.6888, iou_t1: 0.5925, iou_t2: 0.6332, iou_t3: 0.5393, iou_t4: 0.6195, iou_t5: 0.6084, loss: 0.1287
2026-05-05 19:31:20,399 - mmdet - INFO - Iter [6400/120000]	lr: 1.000e-04, eta: 1 day, 21:27:34, time: 0.900, data_time: 0.007, memory: 10658, loss_mask: 0.1331, loss_texture: 0.0037, iou: 0.6351, iou_t0: 0.7365, iou_t1: 0.6728, iou_t2: 0.5937, iou_t3: 0.5784, iou_t4: 0.5240, iou_t5: 0.6487, loss: 0.1368
2026-05-05 19:31:42,833 - mmdet - INFO - Iter [6425/120000]	lr: 1.000e-04, eta: 1 day, 21:22:58, time: 0.897, data_time: 0.007, memory: 10658, loss_mask: 0.2224, loss_texture: 0.0046, iou: 0.5932, iou_t0: 0.6807, iou_t1: 0.5917, iou_t2: 0.6027, iou_t3: 0.5814, iou_t4: 0.5896, iou_t5: 0.5287, loss: 0.2270
2026-05-05 19:32:01,266 - mmdet - INFO - Iter [6450/120000]	lr: 1.000e-04, eta: 1 day, 21:17:14, time: 0.737, data_time: 0.008, memory: 10658, loss_mask: 0.2320, loss_texture: 0.0049, iou: 0.5842, iou_t0: 0.5340, iou_t1: 0.5793, iou_t2: 0.5580, iou_t3: 0.6663, iou_t4: 0.5398, iou_t5: 0.5771, loss: 0.2369
2026-05-05 19:32:22,611 - mmdet - INFO - Iter [6475/120000]	lr: 1.000e-04, eta: 1 day, 21:12:23, time: 0.854, data_time: 0.007, memory: 10658, loss_mask: 0.1503, loss_texture: 0.0044, iou: 0.6068, iou_t0: 0.6187, iou_t1: 0.5917, iou_t2: 0.5699, iou_t3: 0.7346, iou_t4: 0.5237, iou_t5: 0.5778, loss: 0.1547
2026-05-05 19:32:43,206 - mmdet - INFO - 
--- Val evaluation at iter 6500 ---
2026-05-05 19:38:06,325 - mmdet - INFO - 
+------------+-------------+-------------+
| Class      | Val IoU     | Pseudo IoU  |
+------------+-------------+-------------+
| background | 91.74       | 92.68       |
| building   | 66.46       | 69.14       |
| Summary    | mIoU: 79.10 | mIoU: 80.91 |
+------------+-------------+-------------+
Images evaluated: 218
2026-05-05 19:38:10,428 - mmdet - INFO - ★ New best mIoU: 79.10% (prev: 78.89%, Δ=+0.21%) → saved to /home/ubuntu/vy/Denoiser/SegRefiner/work_dirs/exp5_obj_bnd/best_model.pth
2026-05-05 19:38:10,438 - mmdet - INFO - Iter [6500/120000]	lr: 1.000e-04, eta: 1 day, 21:07:21, time: 0.824, data_time: 0.007, memory: 10658, val/mIoU: 0.7910, val/IoU.building: 0.6646, val/IoU.background: 0.9174, val/Pseudo_mIoU: 0.8091, loss_mask: 0.1242, loss_texture: 0.0036, iou: 0.6073, iou_t0: 0.6650, iou_t1: 0.7030, iou_t2: 0.5810, iou_t3: 0.5777, iou_t4: 0.5735, iou_t5: 0.5232, loss: 0.1278
2026-05-05 19:38:31,072 - mmdet - INFO - Iter [6525/120000]	lr: 1.000e-04, eta: 1 day, 22:37:12, time: 13.914, data_time: 13.097, memory: 10658, loss_mask: 0.2782, loss_texture: 0.0054, iou: 0.5786, iou_t0: 0.5671, iou_t1: 0.6590, iou_t2: 0.5448, iou_t3: 0.5792, iou_t4: 0.5993, iou_t5: 0.5351, loss: 0.2837
2026-05-05 19:38:51,581 - mmdet - INFO - Iter [6550/120000]	lr: 1.000e-04, eta: 1 day, 22:31:50, time: 0.820, data_time: 0.008, memory: 10658, loss_mask: 0.3435, loss_texture: 0.0062, iou: 0.5528, iou_t0: 0.6980, iou_t1: 0.5115, iou_t2: 0.5052, iou_t3: 0.6351, iou_t4: 0.5087, iou_t5: 0.4938, loss: 0.3497
2026-05-05 19:39:12,565 - mmdet - INFO - Iter [6575/120000]	lr: 1.000e-04, eta: 1 day, 22:26:38, time: 0.839, data_time: 0.007, memory: 10658, loss_mask: 0.4185, loss_texture: 0.0056, iou: 0.5614, iou_t0: 0.6165, iou_t1: 0.6483, iou_t2: 0.5651, iou_t3: 0.4842, iou_t4: 0.4696, iou_t5: 0.5822, loss: 0.4241
2026-05-05 19:39:33,244 - mmdet - INFO - Iter [6600/120000]	lr: 1.000e-04, eta: 1 day, 22:21:24, time: 0.827, data_time: 0.007, memory: 10658, loss_mask: 0.2534, loss_texture: 0.0045, iou: 0.5619, iou_t0: 0.6009, iou_t1: 0.5865, iou_t2: 0.5732, iou_t3: 0.5733, iou_t4: 0.5735, iou_t5: 0.4333, loss: 0.2579
2026-05-05 19:39:53,800 - mmdet - INFO - Iter [6625/120000]	lr: 1.000e-04, eta: 1 day, 22:16:09, time: 0.822, data_time: 0.008, memory: 10658, loss_mask: 0.1744, loss_texture: 0.0041, iou: 0.5976, iou_t0: 0.6236, iou_t1: 0.6418, iou_t2: 0.6487, iou_t3: 0.6343, iou_t4: 0.5901, iou_t5: 0.4485, loss: 0.1785
2026-05-05 19:40:14,374 - mmdet - INFO - Iter [6650/120000]	lr: 1.000e-04, eta: 1 day, 22:10:57, time: 0.823, data_time: 0.007, memory: 10658, loss_mask: 0.2057, loss_texture: 0.0042, iou: 0.6199, iou_t0: 0.6608, iou_t1: 0.6540, iou_t2: 0.6177, iou_t3: 0.6315, iou_t4: 0.6033, iou_t5: 0.5543, loss: 0.2100
2026-05-05 19:40:35,063 - mmdet - INFO - Iter [6675/120000]	lr: 1.000e-04, eta: 1 day, 22:05:49, time: 0.828, data_time: 0.007, memory: 10658, loss_mask: 0.2000, loss_texture: 0.0043, iou: 0.5981, iou_t0: 0.6658, iou_t1: 0.6591, iou_t2: 0.6404, iou_t3: 0.5538, iou_t4: 0.5191, iou_t5: 0.5514, loss: 0.2043
2026-05-05 19:40:55,730 - mmdet - INFO - Iter [6700/120000]	lr: 1.000e-04, eta: 1 day, 22:00:43, time: 0.827, data_time: 0.007, memory: 10658, loss_mask: 0.2282, loss_texture: 0.0047, iou: 0.6579, iou_t0: 0.7063, iou_t1: 0.6788, iou_t2: 0.6668, iou_t3: 0.5763, iou_t4: 0.6193, iou_t5: 0.6756, loss: 0.2329
2026-05-05 19:41:16,566 - mmdet - INFO - Iter [6725/120000]	lr: 1.000e-04, eta: 1 day, 21:55:42, time: 0.833, data_time: 0.008, memory: 10658, loss_mask: 0.1776, loss_texture: 0.0048, iou: 0.6658, iou_t0: 0.7334, iou_t1: 0.7429, iou_t2: 0.6620, iou_t3: 0.6420, iou_t4: 0.6649, iou_t5: 0.5822, loss: 0.1824
2026-05-05 19:41:37,811 - mmdet - INFO - Iter [6750/120000]	lr: 1.000e-04, eta: 1 day, 21:50:49, time: 0.850, data_time: 0.007, memory: 10658, loss_mask: 0.1717, loss_texture: 0.0049, iou: 0.6273, iou_t0: 0.6676, iou_t1: 0.6690, iou_t2: 0.6470, iou_t3: 0.6767, iou_t4: 0.5981, iou_t5: 0.5018, loss: 0.1766
2026-05-05 19:41:57,770 - mmdet - INFO - Iter [6775/120000]	lr: 1.000e-04, eta: 1 day, 21:45:37, time: 0.799, data_time: 0.007, memory: 10658, loss_mask: 0.1239, loss_texture: 0.0037, iou: 0.5845, iou_t0: 0.6740, iou_t1: 0.4972, iou_t2: 0.5533, iou_t3: 0.6626, iou_t4: 0.6396, iou_t5: 0.4896, loss: 0.1276
2026-05-05 19:42:17,783 - mmdet - INFO - Iter [6800/120000]	lr: 1.000e-04, eta: 1 day, 21:40:29, time: 0.800, data_time: 0.007, memory: 10658, loss_mask: 0.1950, loss_texture: 0.0046, iou: 0.5999, iou_t0: 0.6144, iou_t1: 0.6691, iou_t2: 0.5935, iou_t3: 0.5716, iou_t4: 0.5624, iou_t5: 0.5814, loss: 0.1997
2026-05-05 19:42:40,404 - mmdet - INFO - Iter [6825/120000]	lr: 1.000e-04, eta: 1 day, 21:36:05, time: 0.905, data_time: 0.008, memory: 10658, loss_mask: 0.1740, loss_texture: 0.0042, iou: 0.6176, iou_t0: 0.7392, iou_t1: 0.6152, iou_t2: 0.6339, iou_t3: 0.6742, iou_t4: 0.5866, iou_t5: 0.5541, loss: 0.1783
2026-05-05 19:43:02,795 - mmdet - INFO - Iter [6850/120000]	lr: 1.000e-04, eta: 1 day, 21:31:40, time: 0.896, data_time: 0.007, memory: 10658, loss_mask: 0.1576, loss_texture: 0.0042, iou: 0.6472, iou_t0: 0.6489, iou_t1: 0.6816, iou_t2: 0.6598, iou_t3: 0.6088, iou_t4: 0.6759, iou_t5: 0.5984, loss: 0.1618
2026-05-05 19:43:25,620 - mmdet - INFO - Iter [6875/120000]	lr: 1.000e-04, eta: 1 day, 21:27:23, time: 0.913, data_time: 0.007, memory: 10658, loss_mask: 0.1270, loss_texture: 0.0038, iou: 0.6299, iou_t0: 0.5940, iou_t1: 0.6087, iou_t2: 0.6330, iou_t3: 0.6401, iou_t4: 0.6308, iou_t5: 0.6769, loss: 0.1307
2026-05-05 19:43:48,441 - mmdet - INFO - Iter [6900/120000]	lr: 1.000e-04, eta: 1 day, 21:23:09, time: 0.913, data_time: 0.007, memory: 10658, loss_mask: 0.1551, loss_texture: 0.0044, iou: 0.6640, iou_t0: 0.7575, iou_t1: 0.6202, iou_t2: 0.6556, iou_t3: 0.6136, iou_t4: 0.6531, iou_t5: 0.6871, loss: 0.1595
2026-05-05 19:44:07,866 - mmdet - INFO - Iter [6925/120000]	lr: 1.000e-04, eta: 1 day, 21:18:00, time: 0.777, data_time: 0.007, memory: 10658, loss_mask: 0.2077, loss_texture: 0.0040, iou: 0.5461, iou_t0: 0.6260, iou_t1: 0.6209, iou_t2: 0.5367, iou_t3: 0.4899, iou_t4: 0.5205, iou_t5: 0.5185, loss: 0.2117
2026-05-05 19:44:28,181 - mmdet - INFO - Iter [6950/120000]	lr: 1.000e-04, eta: 1 day, 21:13:08, time: 0.812, data_time: 0.007, memory: 10658, loss_mask: 0.1772, loss_texture: 0.0046, iou: 0.5831, iou_t0: 0.5796, iou_t1: 0.6394, iou_t2: 0.5445, iou_t3: 0.6128, iou_t4: 0.5527, iou_t5: 0.6070, loss: 0.1818
2026-05-05 19:44:49,569 - mmdet - INFO - Iter [6975/120000]	lr: 1.000e-04, eta: 1 day, 21:08:35, time: 0.856, data_time: 0.007, memory: 10658, loss_mask: 0.1722, loss_texture: 0.0053, iou: 0.7096, iou_t0: 0.7343, iou_t1: 0.6806, iou_t2: 0.7571, iou_t3: 0.7172, iou_t4: 0.6958, iou_t5: 0.7002, loss: 0.1775
2026-05-05 19:45:10,655 - mmdet - INFO - 
--- Val evaluation at iter 7000 ---
2026-05-05 19:50:30,431 - mmdet - INFO - 
+------------+-------------+-------------+
| Class      | Val IoU     | Pseudo IoU  |
+------------+-------------+-------------+
| background | 91.91       | 92.68       |
| building   | 66.46       | 69.14       |
| Summary    | mIoU: 79.18 | mIoU: 80.91 |
+------------+-------------+-------------+
Images evaluated: 218
2026-05-05 19:50:34,228 - mmdet - INFO - ★ New best mIoU: 79.18% (prev: 79.10%, Δ=+0.08%) → saved to /home/ubuntu/vy/Denoiser/SegRefiner/work_dirs/exp5_obj_bnd/best_model.pth
2026-05-05 19:50:34,237 - mmdet - INFO - Exp name: exp5_obj_bnd.py
2026-05-05 19:50:34,237 - mmdet - INFO - Iter [7000/120000]	lr: 1.000e-04, eta: 1 day, 21:03:59, time: 0.844, data_time: 0.007, memory: 10658, val/mIoU: 0.7918, val/IoU.building: 0.6646, val/IoU.background: 0.9191, val/Pseudo_mIoU: 0.8091, loss_mask: 0.1886, loss_texture: 0.0046, iou: 0.5793, iou_t0: 0.5287, iou_t1: 0.6339, iou_t2: 0.5067, iou_t3: 0.6157, iou_t4: 0.6234, iou_t5: 0.5677, loss: 0.1931
2026-05-05 19:50:55,093 - mmdet - INFO - Iter [7025/120000]	lr: 1.000e-04, eta: 1 day, 22:26:05, time: 13.777, data_time: 12.950, memory: 10658, loss_mask: 0.2234, loss_texture: 0.0046, iou: 0.6039, iou_t0: 0.7551, iou_t1: 0.6027, iou_t2: 0.5977, iou_t3: 0.5672, iou_t4: 0.5962, iou_t5: 0.5175, loss: 0.2280
2026-05-05 19:51:16,087 - mmdet - INFO - Iter [7050/120000]	lr: 1.000e-04, eta: 1 day, 22:21:12, time: 0.840, data_time: 0.007, memory: 10658, loss_mask: 0.1821, loss_texture: 0.0045, iou: 0.6372, iou_t0: 0.7193, iou_t1: 0.7074, iou_t2: 0.5586, iou_t3: 0.6113, iou_t4: 0.6567, iou_t5: 0.5494, loss: 0.1866
2026-05-05 19:51:37,039 - mmdet - INFO - Iter [7075/120000]	lr: 1.000e-04, eta: 1 day, 22:16:20, time: 0.838, data_time: 0.008, memory: 10658, loss_mask: 0.1420, loss_texture: 0.0039, iou: 0.6037, iou_t0: 0.7427, iou_t1: 0.6523, iou_t2: 0.5163, iou_t3: 0.5347, iou_t4: 0.6149, iou_t5: 0.5763, loss: 0.1459
2026-05-05 19:51:57,646 - mmdet - INFO - Iter [7100/120000]	lr: 1.000e-04, eta: 1 day, 22:11:24, time: 0.824, data_time: 0.007, memory: 10658, loss_mask: 0.1246, loss_texture: 0.0039, iou: 0.6000, iou_t0: 0.5944, iou_t1: 0.5897, iou_t2: 0.6113, iou_t3: 0.6253, iou_t4: 0.6279, iou_t5: 0.5715, loss: 0.1285
2026-05-05 19:52:18,587 - mmdet - INFO - Iter [7125/120000]	lr: 1.000e-04, eta: 1 day, 22:06:36, time: 0.838, data_time: 0.008, memory: 10658, loss_mask: 0.1466, loss_texture: 0.0044, iou: 0.5927, iou_t0: 0.5381, iou_t1: 0.5949, iou_t2: 0.6068, iou_t3: 0.6163, iou_t4: 0.5835, iou_t5: 0.6545, loss: 0.1510
2026-05-05 19:52:39,390 - mmdet - INFO - Iter [7150/120000]	lr: 1.000e-04, eta: 1 day, 22:01:47, time: 0.832, data_time: 0.007, memory: 10658, loss_mask: 0.1651, loss_texture: 0.0044, iou: 0.5705, iou_t0: 0.5911, iou_t1: 0.5522, iou_t2: 0.6124, iou_t3: 0.5743, iou_t4: 0.5844, iou_t5: 0.5026, loss: 0.1695
2026-05-05 19:53:00,298 - mmdet - INFO - Iter [7175/120000]	lr: 1.000e-04, eta: 1 day, 21:57:02, time: 0.836, data_time: 0.008, memory: 10658, loss_mask: 0.2542, loss_texture: 0.0044, iou: 0.5513, iou_t0: 0.5123, iou_t1: 0.5541, iou_t2: 0.5233, iou_t3: 0.5606, iou_t4: 0.5547, iou_t5: 0.5601, loss: 0.2586
2026-05-05 19:53:21,210 - mmdet - INFO - Iter [7200/120000]	lr: 1.000e-04, eta: 1 day, 21:52:19, time: 0.837, data_time: 0.007, memory: 10658, loss_mask: 0.1535, loss_texture: 0.0038, iou: 0.5368, iou_t0: 0.4603, iou_t1: 0.6088, iou_t2: 0.4996, iou_t3: 0.6068, iou_t4: 0.4691, iou_t5: 0.5381, loss: 0.1573
2026-05-05 19:53:42,061 - mmdet - INFO - Iter [7225/120000]	lr: 1.000e-04, eta: 1 day, 21:47:36, time: 0.834, data_time: 0.007, memory: 10658, loss_mask: 0.1596, loss_texture: 0.0050, iou: 0.7079, iou_t0: 0.7050, iou_t1: 0.7524, iou_t2: 0.7035, iou_t3: 0.7082, iou_t4: 0.6967, iou_t5: 0.7335, loss: 0.1646
2026-05-05 19:54:02,191 - mmdet - INFO - Iter [7250/120000]	lr: 1.000e-04, eta: 1 day, 21:42:44, time: 0.805, data_time: 0.007, memory: 10658, loss_mask: 0.0850, loss_texture: 0.0030, iou: 0.6351, iou_t0: 0.7313, iou_t1: 0.5857, iou_t2: 0.6069, iou_t3: 0.6786, iou_t4: 0.4801, iou_t5: 0.6757, loss: 0.0880
2026-05-05 19:54:25,533 - mmdet - INFO - Iter [7275/120000]	lr: 1.000e-04, eta: 1 day, 21:38:44, time: 0.934, data_time: 0.008, memory: 10658, loss_mask: 0.1628, loss_texture: 0.0046, iou: 0.6108, iou_t0: 0.6833, iou_t1: 0.6469, iou_t2: 0.6049, iou_t3: 0.5621, iou_t4: 0.5896, iou_t5: 0.5918, loss: 0.1673
2026-05-05 19:54:47,689 - mmdet - INFO - Iter [7300/120000]	lr: 1.000e-04, eta: 1 day, 21:34:27, time: 0.886, data_time: 0.007, memory: 10658, loss_mask: 0.1872, loss_texture: 0.0047, iou: 0.5538, iou_t0: 0.5735, iou_t1: 0.5287, iou_t2: 0.6297, iou_t3: 0.5408, iou_t4: 0.4945, iou_t5: 0.5547, loss: 0.1919
2026-05-05 19:55:10,144 - mmdet - INFO - Iter [7325/120000]	lr: 1.000e-04, eta: 1 day, 21:30:16, time: 0.898, data_time: 0.007, memory: 10658, loss_mask: 0.1654, loss_texture: 0.0044, iou: 0.6650, iou_t0: 0.7141, iou_t1: 0.6986, iou_t2: 0.6190, iou_t3: 0.6844, iou_t4: 0.6292, iou_t5: 0.5992, loss: 0.1698
2026-05-05 19:55:32,644 - mmdet - INFO - Iter [7350/120000]	lr: 1.000e-04, eta: 1 day, 21:26:08, time: 0.900, data_time: 0.007, memory: 10658, loss_mask: 0.1138, loss_texture: 0.0035, iou: 0.6079, iou_t0: 0.6859, iou_t1: 0.5871, iou_t2: 0.6253, iou_t3: 0.5420, iou_t4: 0.5706, iou_t5: 0.6132, loss: 0.1173
2026-05-05 19:55:55,247 - mmdet - INFO - Iter [7375/120000]	lr: 1.000e-04, eta: 1 day, 21:22:02, time: 0.904, data_time: 0.008, memory: 10658, loss_mask: 0.1055, loss_texture: 0.0035, iou: 0.5868, iou_t0: 0.6011, iou_t1: 0.5022, iou_t2: 0.5819, iou_t3: 0.5591, iou_t4: 0.6264, iou_t5: 0.6364, loss: 0.1090
2026-05-05 19:56:18,239 - mmdet - INFO - Iter [7400/120000]	lr: 1.000e-04, eta: 1 day, 21:18:04, time: 0.920, data_time: 0.007, memory: 10658, loss_mask: 0.1081, loss_texture: 0.0031, iou: 0.5591, iou_t0: 0.5952, iou_t1: 0.5720, iou_t2: 0.5651, iou_t3: 0.4877, iou_t4: 0.5866, iou_t5: 0.5423, loss: 0.1112
2026-05-05 19:56:37,047 - mmdet - INFO - Iter [7425/120000]	lr: 1.000e-04, eta: 1 day, 21:13:04, time: 0.752, data_time: 0.008, memory: 10658, loss_mask: 0.1607, loss_texture: 0.0045, iou: 0.7081, iou_t0: 0.7743, iou_t1: 0.7745, iou_t2: 0.6848, iou_t3: 0.6366, iou_t4: 0.6822, iou_t5: 0.7063, loss: 0.1653
2026-05-05 19:56:58,516 - mmdet - INFO - Iter [7450/120000]	lr: 1.000e-04, eta: 1 day, 21:08:46, time: 0.859, data_time: 0.007, memory: 10658, loss_mask: 0.1718, loss_texture: 0.0045, iou: 0.6094, iou_t0: 0.6176, iou_t1: 0.6906, iou_t2: 0.6340, iou_t3: 0.5857, iou_t4: 0.6105, iou_t5: 0.5970, loss: 0.1764
2026-05-05 19:57:19,008 - mmdet - INFO - Iter [7475/120000]	lr: 1.000e-04, eta: 1 day, 21:04:15, time: 0.820, data_time: 0.007, memory: 10658, loss_mask: 0.1501, loss_texture: 0.0044, iou: 0.6344, iou_t0: 0.6784, iou_t1: 0.6972, iou_t2: 0.6744, iou_t3: 0.6434, iou_t4: 0.5557, iou_t5: 0.5722, loss: 0.1545
2026-05-05 19:57:40,071 - mmdet - INFO - 
--- Val evaluation at iter 7500 ---
2026-05-05 20:02:57,678 - mmdet - INFO - 
+------------+-------------+-------------+
| Class      | Val IoU     | Pseudo IoU  |
+------------+-------------+-------------+
| background | 91.82       | 92.68       |
| building   | 65.78       | 69.14       |
| Summary    | mIoU: 78.80 | mIoU: 80.91 |
+------------+-------------+-------------+
Images evaluated: 218
2026-05-05 20:02:59,589 - mmdet - INFO - Iter [7500/120000]	lr: 1.000e-04, eta: 1 day, 20:59:54, time: 0.843, data_time: 0.008, memory: 10658, val/mIoU: 0.7880, val/IoU.building: 0.6578, val/IoU.background: 0.9182, val/Pseudo_mIoU: 0.8091, loss_mask: 0.1610, loss_texture: 0.0044, iou: 0.5992, iou_t0: 0.6305, iou_t1: 0.6373, iou_t2: 0.5484, iou_t3: 0.5176, iou_t4: 0.6445, iou_t5: 0.5824, loss: 0.1654
2026-05-05 20:03:20,125 - mmdet - INFO - Iter [7525/120000]	lr: 1.000e-04, eta: 1 day, 22:15:03, time: 13.602, data_time: 12.788, memory: 10658, loss_mask: 0.1618, loss_texture: 0.0039, iou: 0.5619, iou_t0: 0.6831, iou_t1: 0.5331, iou_t2: 0.4932, iou_t3: 0.5476, iou_t4: 0.5845, iou_t5: 0.5789, loss: 0.1657
2026-05-05 20:03:41,323 - mmdet - INFO - Iter [7550/120000]	lr: 1.000e-04, eta: 1 day, 22:10:31, time: 0.848, data_time: 0.007, memory: 10658, loss_mask: 0.1397, loss_texture: 0.0041, iou: 0.6607, iou_t0: 0.6893, iou_t1: 0.6884, iou_t2: 0.6817, iou_t3: 0.6105, iou_t4: 0.6235, iou_t5: 0.6561, loss: 0.1437
2026-05-05 20:04:01,896 - mmdet - INFO - Iter [7575/120000]	lr: 1.000e-04, eta: 1 day, 22:05:50, time: 0.823, data_time: 0.007, memory: 10658, loss_mask: 0.1898, loss_texture: 0.0041, iou: 0.5834, iou_t0: 0.6104, iou_t1: 0.6145, iou_t2: 0.6303, iou_t3: 0.6392, iou_t4: 0.4557, iou_t5: 0.5367, loss: 0.1939
2026-05-05 20:04:22,827 - mmdet - INFO - Iter [7600/120000]	lr: 1.000e-04, eta: 1 day, 22:01:17, time: 0.837, data_time: 0.008, memory: 10658, loss_mask: 0.1628, loss_texture: 0.0042, iou: 0.5373, iou_t0: 0.6056, iou_t1: 0.5529, iou_t2: 0.4595, iou_t3: 0.5512, iou_t4: 0.5302, iou_t5: 0.5329, loss: 0.1670
2026-05-05 20:04:43,851 - mmdet - INFO - Iter [7625/120000]	lr: 1.000e-04, eta: 1 day, 21:56:47, time: 0.841, data_time: 0.008, memory: 10658, loss_mask: 0.1063, loss_texture: 0.0035, iou: 0.6756, iou_t0: 0.7301, iou_t1: 0.7595, iou_t2: 0.6679, iou_t3: 0.6849, iou_t4: 0.6303, iou_t5: 0.5590, loss: 0.1098
2026-05-05 20:05:04,685 - mmdet - INFO - Iter [7650/120000]	lr: 1.000e-04, eta: 1 day, 21:52:16, time: 0.833, data_time: 0.007, memory: 10658, loss_mask: 0.1627, loss_texture: 0.0043, iou: 0.6454, iou_t0: 0.6927, iou_t1: 0.6903, iou_t2: 0.6076, iou_t3: 0.5636, iou_t4: 0.6122, iou_t5: 0.6169, loss: 0.1671
2026-05-05 20:05:25,873 - mmdet - INFO - Iter [7675/120000]	lr: 1.000e-04, eta: 1 day, 21:47:51, time: 0.847, data_time: 0.007, memory: 10658, loss_mask: 0.1524, loss_texture: 0.0044, iou: 0.6905, iou_t0: 0.7486, iou_t1: 0.7459, iou_t2: 0.5983, iou_t3: 0.6852, iou_t4: 0.7191, iou_t5: 0.6043, loss: 0.1569
2026-05-05 20:05:46,115 - mmdet - INFO - Iter [7700/120000]	lr: 1.000e-04, eta: 1 day, 21:43:15, time: 0.810, data_time: 0.007, memory: 10658, loss_mask: 0.1612, loss_texture: 0.0041, iou: 0.6224, iou_t0: 0.6824, iou_t1: 0.6675, iou_t2: 0.5439, iou_t3: 0.6429, iou_t4: 0.6127, iou_t5: 0.6058, loss: 0.1653
2026-05-05 20:06:08,738 - mmdet - INFO - Iter [7725/120000]	lr: 1.000e-04, eta: 1 day, 21:39:14, time: 0.905, data_time: 0.007, memory: 10658, loss_mask: 0.2937, loss_texture: 0.0046, iou: 0.5455, iou_t0: 0.5591, iou_t1: 0.6280, iou_t2: 0.6069, iou_t3: 0.4780, iou_t4: 0.5576, iou_t5: 0.4445, loss: 0.2983
2026-05-05 20:06:31,684 - mmdet - INFO - Iter [7750/120000]	lr: 1.000e-04, eta: 1 day, 21:35:20, time: 0.918, data_time: 0.007, memory: 10658, loss_mask: 0.3069, loss_texture: 0.0050, iou: 0.5862, iou_t0: 0.5985, iou_t1: 0.6121, iou_t2: 0.5013, iou_t3: 0.6129, iou_t4: 0.6072, iou_t5: 0.6227, loss: 0.3118
2026-05-05 20:06:54,643 - mmdet - INFO - Iter [7775/120000]	lr: 1.000e-04, eta: 1 day, 21:31:27, time: 0.918, data_time: 0.007, memory: 10658, loss_mask: 0.2445, loss_texture: 0.0059, iou: 0.5908, iou_t0: 0.6794, iou_t1: 0.6410, iou_t2: 0.6469, iou_t3: 0.5455, iou_t4: 0.5272, iou_t5: 0.4997, loss: 0.2504
2026-05-05 20:07:17,507 - mmdet - INFO - Iter [7800/120000]	lr: 1.000e-04, eta: 1 day, 21:27:35, time: 0.914, data_time: 0.007, memory: 10658, loss_mask: 0.1546, loss_texture: 0.0041, iou: 0.6596, iou_t0: 0.7581, iou_t1: 0.7146, iou_t2: 0.5437, iou_t3: 0.6720, iou_t4: 0.6390, iou_t5: 0.5950, loss: 0.1587
2026-05-05 20:07:40,481 - mmdet - INFO - Iter [7825/120000]	lr: 1.000e-04, eta: 1 day, 21:23:45, time: 0.919, data_time: 0.007, memory: 10658, loss_mask: 0.1771, loss_texture: 0.0043, iou: 0.5758, iou_t0: 0.6711, iou_t1: 0.6317, iou_t2: 0.5677, iou_t3: 0.5290, iou_t4: 0.4673, iou_t5: 0.6180, loss: 0.1815
2026-05-05 20:08:02,629 - mmdet - INFO - Iter [7850/120000]	lr: 1.000e-04, eta: 1 day, 21:19:44, time: 0.886, data_time: 0.007, memory: 10658, loss_mask: 0.2230, loss_texture: 0.0048, iou: 0.5664, iou_t0: 0.6294, iou_t1: 0.5545, iou_t2: 0.5984, iou_t3: 0.5897, iou_t4: 0.5197, iou_t5: 0.5219, loss: 0.2277
2026-05-05 20:08:25,162 - mmdet - INFO - Iter [7875/120000]	lr: 1.000e-04, eta: 1 day, 21:15:51, time: 0.901, data_time: 0.007, memory: 10658, loss_mask: 0.1158, loss_texture: 0.0036, iou: 0.5474, iou_t0: 0.6276, iou_t1: 0.5716, iou_t2: 0.5084, iou_t3: 0.5928, iou_t4: 0.4811, iou_t5: 0.5300, loss: 0.1195
2026-05-05 20:08:48,334 - mmdet - INFO - Iter [7900/120000]	lr: 1.000e-04, eta: 1 day, 21:12:08, time: 0.927, data_time: 0.007, memory: 10658, loss_mask: 0.1708, loss_texture: 0.0043, iou: 0.6010, iou_t0: 0.7298, iou_t1: 0.6796, iou_t2: 0.5120, iou_t3: 0.6101, iou_t4: 0.5330, iou_t5: 0.5051, loss: 0.1750
2026-05-05 20:09:06,513 - mmdet - INFO - Iter [7925/120000]	lr: 1.000e-04, eta: 1 day, 21:07:15, time: 0.727, data_time: 0.010, memory: 10658, loss_mask: 0.1981, loss_texture: 0.0047, iou: 0.6016, iou_t0: 0.6320, iou_t1: 0.6229, iou_t2: 0.5545, iou_t3: 0.5866, iou_t4: 0.5679, iou_t5: 0.6668, loss: 0.2028
2026-05-05 20:09:27,853 - mmdet - INFO - Iter [7950/120000]	lr: 1.000e-04, eta: 1 day, 21:03:09, time: 0.854, data_time: 0.007, memory: 10658, loss_mask: 0.1112, loss_texture: 0.0030, iou: 0.5163, iou_t0: 0.6064, iou_t1: 0.6021, iou_t2: 0.5048, iou_t3: 0.4624, iou_t4: 0.4120, iou_t5: 0.5739, loss: 0.1141
2026-05-05 20:09:49,461 - mmdet - INFO - Iter [7975/120000]	lr: 1.000e-04, eta: 1 day, 20:59:08, time: 0.864, data_time: 0.007, memory: 10658, loss_mask: 0.1218, loss_texture: 0.0035, iou: 0.6308, iou_t0: 0.6557, iou_t1: 0.5851, iou_t2: 0.6637, iou_t3: 0.6170, iou_t4: 0.6002, iou_t5: 0.6487, loss: 0.1253
2026-05-05 20:10:10,399 - mmdet - INFO - 
--- Val evaluation at iter 8000 ---
2026-05-05 20:15:25,125 - mmdet - INFO - 
+------------+-------------+-------------+
| Class      | Val IoU     | Pseudo IoU  |
+------------+-------------+-------------+
| background | 91.59       | 92.68       |
| building   | 64.02       | 69.14       |
| Summary    | mIoU: 77.80 | mIoU: 80.91 |
+------------+-------------+-------------+
Images evaluated: 218
2026-05-05 20:15:26,992 - mmdet - INFO - Exp name: exp5_obj_bnd.py
2026-05-05 20:15:26,993 - mmdet - INFO - Iter [8000/120000]	lr: 1.000e-04, eta: 1 day, 20:54:59, time: 0.838, data_time: 0.007, memory: 10658, val/mIoU: 0.7780, val/IoU.building: 0.6402, val/IoU.background: 0.9159, val/Pseudo_mIoU: 0.8091, loss_mask: 0.2058, loss_texture: 0.0043, iou: 0.5109, iou_t0: 0.5026, iou_t1: 0.5683, iou_t2: 0.4900, iou_t3: 0.5113, iou_t4: 0.4053, iou_t5: 0.5660, loss: 0.2101
2026-05-05 20:15:47,669 - mmdet - INFO - Iter [8025/120000]	lr: 1.000e-04, eta: 1 day, 22:04:25, time: 13.491, data_time: 12.672, memory: 10658, loss_mask: 0.2852, loss_texture: 0.0047, iou: 0.6703, iou_t0: 0.7092, iou_t1: 0.6634, iou_t2: 0.6397, iou_t3: 0.6559, iou_t4: 0.6893, iou_t5: 0.6409, loss: 0.2900
2026-05-05 20:16:08,640 - mmdet - INFO - Iter [8050/120000]	lr: 1.000e-04, eta: 1 day, 22:00:05, time: 0.839, data_time: 0.007, memory: 10658, loss_mask: 0.1194, loss_texture: 0.0041, iou: 0.6462, iou_t0: 0.8034, iou_t1: 0.6534, iou_t2: 0.6052, iou_t3: 0.6522, iou_t4: 0.6626, iou_t5: 0.5865, loss: 0.1235
2026-05-05 20:16:29,303 - mmdet - INFO - Iter [8075/120000]	lr: 1.000e-04, eta: 1 day, 21:55:42, time: 0.826, data_time: 0.007, memory: 10658, loss_mask: 0.2070, loss_texture: 0.0044, iou: 0.6496, iou_t0: 0.7158, iou_t1: 0.6441, iou_t2: 0.6541, iou_t3: 0.6746, iou_t4: 0.6242, iou_t5: 0.6552, loss: 0.2115
2026-05-05 20:16:50,561 - mmdet - INFO - Iter [8100/120000]	lr: 1.000e-04, eta: 1 day, 21:51:28, time: 0.850, data_time: 0.007, memory: 10658, loss_mask: 0.1618, loss_texture: 0.0046, iou: 0.6661, iou_t0: 0.7500, iou_t1: 0.6517, iou_t2: 0.6646, iou_t3: 0.5938, iou_t4: 0.5906, iou_t5: 0.7609, loss: 0.1664
2026-05-05 20:17:11,762 - mmdet - INFO - Iter [8125/120000]	lr: 1.000e-04, eta: 1 day, 21:47:16, time: 0.848, data_time: 0.007, memory: 10658, loss_mask: 0.2658, loss_texture: 0.0058, iou: 0.6325, iou_t0: 0.6142, iou_t1: 0.6332, iou_t2: 0.6381, iou_t3: 0.6604, iou_t4: 0.6183, iou_t5: 0.6190, loss: 0.2716
2026-05-05 20:17:32,305 - mmdet - INFO - Iter [8150/120000]	lr: 1.000e-04, eta: 1 day, 21:42:55, time: 0.822, data_time: 0.007, memory: 10658, loss_mask: 0.2280, loss_texture: 0.0047, iou: 0.6091, iou_t0: 0.7740, iou_t1: 0.5798, iou_t2: 0.5473, iou_t3: 0.6422, iou_t4: 0.5458, iou_t5: 0.5392, loss: 0.2327
2026-05-05 20:17:54,918 - mmdet - INFO - Iter [8175/120000]	lr: 1.000e-04, eta: 1 day, 21:39:05, time: 0.905, data_time: 0.007, memory: 10658, loss_mask: 0.2064, loss_texture: 0.0045, iou: 0.6375, iou_t0: 0.7099, iou_t1: 0.6602, iou_t2: 0.6240, iou_t3: 0.6544, iou_t4: 0.5781, iou_t5: 0.6472, loss: 0.2109
2026-05-05 20:18:17,496 - mmdet - INFO - Iter [8200/120000]	lr: 1.000e-04, eta: 1 day, 21:35:15, time: 0.903, data_time: 0.007, memory: 10658, loss_mask: 0.2033, loss_texture: 0.0036, iou: 0.6004, iou_t0: 0.6618, iou_t1: 0.6413, iou_t2: 0.5619, iou_t3: 0.5436, iou_t4: 0.6754, iou_t5: 0.5123, loss: 0.2069
2026-05-05 20:18:40,136 - mmdet - INFO - Iter [8225/120000]	lr: 1.000e-04, eta: 1 day, 21:31:27, time: 0.906, data_time: 0.008, memory: 10658, loss_mask: 0.1558, loss_texture: 0.0047, iou: 0.6588, iou_t0: 0.7152, iou_t1: 0.7117, iou_t2: 0.5703, iou_t3: 0.6912, iou_t4: 0.6637, iou_t5: 0.6638, loss: 0.1605
2026-05-05 20:19:02,077 - mmdet - INFO - Iter [8250/120000]	lr: 1.000e-04, eta: 1 day, 21:27:31, time: 0.878, data_time: 0.007, memory: 10658, loss_mask: 0.1832, loss_texture: 0.0042, iou: 0.5456, iou_t0: 0.5128, iou_t1: 0.5551, iou_t2: 0.5427, iou_t3: 0.5327, iou_t4: 0.5464, iou_t5: 0.5540, loss: 0.1874
2026-05-05 20:19:24,863 - mmdet - INFO - Iter [8275/120000]	lr: 1.000e-04, eta: 1 day, 21:23:48, time: 0.911, data_time: 0.008, memory: 10658, loss_mask: 0.0972, loss_texture: 0.0030, iou: 0.6470, iou_t0: 0.6591, iou_t1: 0.6631, iou_t2: 0.6460, iou_t3: 0.6178, iou_t4: 0.6683, iou_t5: 0.5843, loss: 0.1003
2026-05-05 20:19:47,780 - mmdet - INFO - Iter [8300/120000]	lr: 1.000e-04, eta: 1 day, 21:20:07, time: 0.917, data_time: 0.007, memory: 10658, loss_mask: 0.1582, loss_texture: 0.0046, iou: 0.6528, iou_t0: 0.6238, iou_t1: 0.6841, iou_t2: 0.7241, iou_t3: 0.6645, iou_t4: 0.6299, iou_t5: 0.6304, loss: 0.1628
2026-05-05 20:20:10,628 - mmdet - INFO - Iter [8325/120000]	lr: 1.000e-04, eta: 1 day, 21:16:27, time: 0.914, data_time: 0.007, memory: 10658, loss_mask: 0.1341, loss_texture: 0.0039, iou: 0.6056, iou_t0: 0.6340, iou_t1: 0.6594, iou_t2: 0.6042, iou_t3: 0.3893, iou_t4: 0.6735, iou_t5: 0.6236, loss: 0.1380
2026-05-05 20:20:33,244 - mmdet - INFO - Iter [8350/120000]	lr: 1.000e-04, eta: 1 day, 21:12:45, time: 0.905, data_time: 0.007, memory: 10658, loss_mask: 0.1600, loss_texture: 0.0038, iou: 0.5405, iou_t0: 0.6516, iou_t1: 0.5055, iou_t2: 0.5554, iou_t3: 0.5664, iou_t4: 0.5602, iou_t5: 0.4111, loss: 0.1638
2026-05-05 20:20:56,295 - mmdet - INFO - Iter [8375/120000]	lr: 1.000e-04, eta: 1 day, 21:09:10, time: 0.922, data_time: 0.008, memory: 10658, loss_mask: 0.1228, loss_texture: 0.0042, iou: 0.6997, iou_t0: 0.7148, iou_t1: 0.7078, iou_t2: 0.6581, iou_t3: 0.7032, iou_t4: 0.6851, iou_t5: 0.7246, loss: 0.1270
2026-05-05 20:21:16,956 - mmdet - INFO - Iter [8400/120000]	lr: 1.000e-04, eta: 1 day, 21:05:05, time: 0.827, data_time: 0.007, memory: 10658, loss_mask: 0.1197, loss_texture: 0.0036, iou: 0.6831, iou_t0: 0.7390, iou_t1: 0.6850, iou_t2: 0.6673, iou_t3: 0.7125, iou_t4: 0.7307, iou_t5: 0.5792, loss: 0.1233
2026-05-05 20:21:36,828 - mmdet - INFO - Iter [8425/120000]	lr: 1.000e-04, eta: 1 day, 21:00:50, time: 0.795, data_time: 0.007, memory: 10658, loss_mask: 0.0982, loss_texture: 0.0034, iou: 0.6424, iou_t0: 0.6387, iou_t1: 0.6580, iou_t2: 0.6232, iou_t3: 0.5771, iou_t4: 0.6755, iou_t5: 0.7048, loss: 0.1016
2026-05-05 20:21:58,009 - mmdet - INFO - Iter [8450/120000]	lr: 1.000e-04, eta: 1 day, 20:56:54, time: 0.847, data_time: 0.007, memory: 10658, loss_mask: 0.1088, loss_texture: 0.0033, iou: 0.5784, iou_t0: 0.5894, iou_t1: 0.6439, iou_t2: 0.5713, iou_t3: 0.5682, iou_t4: 0.5710, iou_t5: 0.5434, loss: 0.1121
2026-05-05 20:22:18,819 - mmdet - INFO - Iter [8475/120000]	lr: 1.000e-04, eta: 1 day, 20:52:54, time: 0.832, data_time: 0.007, memory: 10658, loss_mask: 0.1173, loss_texture: 0.0035, iou: 0.6027, iou_t0: 0.5959, iou_t1: 0.6422, iou_t2: 0.5434, iou_t3: 0.5794, iou_t4: 0.5757, iou_t5: 0.6497, loss: 0.1208
2026-05-05 20:22:39,765 - mmdet - INFO - 
--- Val evaluation at iter 8500 ---
2026-05-05 20:27:50,804 - mmdet - INFO - 
+------------+-------------+-------------+
| Class      | Val IoU     | Pseudo IoU  |
+------------+-------------+-------------+
| background | 91.67       | 92.68       |
| building   | 65.98       | 69.14       |
| Summary    | mIoU: 78.83 | mIoU: 80.91 |
+------------+-------------+-------------+
Images evaluated: 218
2026-05-05 20:27:52,864 - mmdet - INFO - Iter [8500/120000]	lr: 1.000e-04, eta: 1 day, 20:48:58, time: 0.838, data_time: 0.007, memory: 10658, val/mIoU: 0.7883, val/IoU.building: 0.6598, val/IoU.background: 0.9167, val/Pseudo_mIoU: 0.8091, loss_mask: 0.1497, loss_texture: 0.0040, iou: 0.6628, iou_t0: 0.6757, iou_t1: 0.5783, iou_t2: 0.6669, iou_t3: 0.6559, iou_t4: 0.6719, iou_t5: 0.6968, loss: 0.1536
2026-05-05 20:28:13,760 - mmdet - INFO - Iter [8525/120000]	lr: 1.000e-04, eta: 1 day, 21:53:16, time: 13.360, data_time: 12.533, memory: 10658, loss_mask: 0.1296, loss_texture: 0.0042, iou: 0.6251, iou_t0: 0.6159, iou_t1: 0.6997, iou_t2: 0.5041, iou_t3: 0.6897, iou_t4: 0.5794, iou_t5: 0.6613, loss: 0.1338
2026-05-05 20:28:34,404 - mmdet - INFO - Iter [8550/120000]	lr: 1.000e-04, eta: 1 day, 21:49:05, time: 0.826, data_time: 0.007, memory: 10658, loss_mask: 0.1091, loss_texture: 0.0039, iou: 0.6652, iou_t0: 0.6827, iou_t1: 0.6802, iou_t2: 0.6980, iou_t3: 0.6736, iou_t4: 0.6211, iou_t5: 0.6345, loss: 0.1129
2026-05-05 20:28:55,025 - mmdet - INFO - Iter [8575/120000]	lr: 1.000e-04, eta: 1 day, 21:44:55, time: 0.825, data_time: 0.007, memory: 10658, loss_mask: 0.1601, loss_texture: 0.0040, iou: 0.6259, iou_t0: 0.6792, iou_t1: 0.6144, iou_t2: 0.6367, iou_t3: 0.6356, iou_t4: 0.6310, iou_t5: 0.5955, loss: 0.1641
2026-05-05 20:29:14,904 - mmdet - INFO - Iter [8600/120000]	lr: 1.000e-04, eta: 1 day, 21:40:37, time: 0.795, data_time: 0.007, memory: 10658, loss_mask: 0.1444, loss_texture: 0.0032, iou: 0.6481, iou_t0: 0.6937, iou_t1: 0.7178, iou_t2: 0.5940, iou_t3: 0.7106, iou_t4: 0.6724, iou_t5: 0.5532, loss: 0.1477
2026-05-05 20:29:37,361 - mmdet - INFO - Iter [8625/120000]	lr: 1.000e-04, eta: 1 day, 21:36:54, time: 0.898, data_time: 0.008, memory: 10658, loss_mask: 0.2059, loss_texture: 0.0039, iou: 0.4903, iou_t0: 0.5497, iou_t1: 0.5249, iou_t2: 0.3945, iou_t3: 0.5099, iou_t4: 0.4617, iou_t5: 0.5488, loss: 0.2098
2026-05-05 20:30:00,455 - mmdet - INFO - Iter [8650/120000]	lr: 1.000e-04, eta: 1 day, 21:33:20, time: 0.924, data_time: 0.007, memory: 10658, loss_mask: 0.1703, loss_texture: 0.0040, iou: 0.5719, iou_t0: 0.5893, iou_t1: 0.6079, iou_t2: 0.5919, iou_t3: 0.5371, iou_t4: 0.5691, iou_t5: 0.5203, loss: 0.1744
2026-05-05 20:30:23,419 - mmdet - INFO - Iter [8675/120000]	lr: 1.000e-04, eta: 1 day, 21:29:45, time: 0.919, data_time: 0.007, memory: 10658, loss_mask: 0.1152, loss_texture: 0.0036, iou: 0.6270, iou_t0: 0.6832, iou_t1: 0.6035, iou_t2: 0.5790, iou_t3: 0.6510, iou_t4: 0.5816, iou_t5: 0.6775, loss: 0.1187
2026-05-05 20:30:45,614 - mmdet - INFO - Iter [8700/120000]	lr: 1.000e-04, eta: 1 day, 21:26:02, time: 0.888, data_time: 0.007, memory: 10658, loss_mask: 0.2348, loss_texture: 0.0047, iou: 0.6329, iou_t0: 0.6591, iou_t1: 0.6491, iou_t2: 0.6595, iou_t3: 0.6745, iou_t4: 0.6068, iou_t5: 0.5053, loss: 0.2395
2026-05-05 20:31:08,342 - mmdet - INFO - Iter [8725/120000]	lr: 1.000e-04, eta: 1 day, 21:22:26, time: 0.909, data_time: 0.007, memory: 10658, loss_mask: 0.1748, loss_texture: 0.0041, iou: 0.6092, iou_t0: 0.6270, iou_t1: 0.6046, iou_t2: 0.6593, iou_t3: 0.6399, iou_t4: 0.5691, iou_t5: 0.5640, loss: 0.1789
2026-05-05 20:31:31,169 - mmdet - INFO - Iter [8750/120000]	lr: 1.000e-04, eta: 1 day, 21:18:53, time: 0.913, data_time: 0.007, memory: 10658, loss_mask: 0.1578, loss_texture: 0.0040, iou: 0.6120, iou_t0: 0.6993, iou_t1: 0.6921, iou_t2: 0.5523, iou_t3: 0.5462, iou_t4: 0.5714, iou_t5: 0.6220, loss: 0.1618
2026-05-05 20:31:53,848 - mmdet - INFO - Iter [8775/120000]	lr: 1.000e-04, eta: 1 day, 21:15:19, time: 0.907, data_time: 0.007, memory: 10658, loss_mask: 0.1409, loss_texture: 0.0036, iou: 0.6423, iou_t0: 0.7153, iou_t1: 0.6814, iou_t2: 0.5735, iou_t3: 0.7255, iou_t4: 0.4832, iou_t5: 0.6754, loss: 0.1445
2026-05-05 20:32:16,525 - mmdet - INFO - Iter [8800/120000]	lr: 1.000e-04, eta: 1 day, 21:11:47, time: 0.907, data_time: 0.007, memory: 10658, loss_mask: 0.1030, loss_texture: 0.0036, iou: 0.6224, iou_t0: 0.7189, iou_t1: 0.5526, iou_t2: 0.5397, iou_t3: 0.7259, iou_t4: 0.5997, iou_t5: 0.6295, loss: 0.1066
2026-05-05 20:32:39,791 - mmdet - INFO - Iter [8825/120000]	lr: 1.000e-04, eta: 1 day, 21:08:22, time: 0.931, data_time: 0.008, memory: 10658, loss_mask: 0.1505, loss_texture: 0.0040, iou: 0.6723, iou_t0: 0.6502, iou_t1: 0.6444, iou_t2: 0.6409, iou_t3: 0.6967, iou_t4: 0.6833, iou_t5: 0.6714, loss: 0.1545
2026-05-05 20:33:02,808 - mmdet - INFO - Iter [8850/120000]	lr: 1.000e-04, eta: 1 day, 21:04:56, time: 0.921, data_time: 0.007, memory: 10658, loss_mask: 0.1513, loss_texture: 0.0044, iou: 0.6996, iou_t0: 0.7682, iou_t1: 0.7159, iou_t2: 0.6914, iou_t3: 0.7286, iou_t4: 0.6999, iou_t5: 0.5729, loss: 0.1558
2026-05-05 20:33:25,962 - mmdet - INFO - Iter [8875/120000]	lr: 1.000e-04, eta: 1 day, 21:01:32, time: 0.926, data_time: 0.008, memory: 10658, loss_mask: 0.2557, loss_texture: 0.0050, iou: 0.6202, iou_t0: 0.5380, iou_t1: 0.7241, iou_t2: 0.6309, iou_t3: 0.6539, iou_t4: 0.5432, iou_t5: 0.6661, loss: 0.2608
2026-05-05 20:33:45,007 - mmdet - INFO - Iter [8900/120000]	lr: 1.000e-04, eta: 1 day, 20:57:18, time: 0.762, data_time: 0.008, memory: 10658, loss_mask: 0.1562, loss_texture: 0.0039, iou: 0.6639, iou_t0: 0.5630, iou_t1: 0.6738, iou_t2: 0.6704, iou_t3: 0.6688, iou_t4: 0.6781, iou_t5: 0.7099, loss: 0.1601
2026-05-05 20:34:05,262 - mmdet - INFO - Iter [8925/120000]	lr: 1.000e-04, eta: 1 day, 20:53:21, time: 0.810, data_time: 0.007, memory: 10658, loss_mask: 0.1817, loss_texture: 0.0044, iou: 0.6346, iou_t0: 0.6435, iou_t1: 0.7528, iou_t2: 0.5964, iou_t3: 0.6668, iou_t4: 0.5299, iou_t5: 0.5961, loss: 0.1861
2026-05-05 20:34:26,094 - mmdet - INFO - Iter [8950/120000]	lr: 1.000e-04, eta: 1 day, 20:49:32, time: 0.833, data_time: 0.007, memory: 10658, loss_mask: 0.0823, loss_texture: 0.0026, iou: 0.6224, iou_t0: 0.7413, iou_t1: 0.6537, iou_t2: 0.5997, iou_t3: 0.5801, iou_t4: 0.5729, iou_t5: 0.6115, loss: 0.0849
2026-05-05 20:34:46,601 - mmdet - INFO - Iter [8975/120000]	lr: 1.000e-04, eta: 1 day, 20:45:39, time: 0.820, data_time: 0.007, memory: 10658, loss_mask: 0.1493, loss_texture: 0.0041, iou: 0.6111, iou_t0: 0.6286, iou_t1: 0.6902, iou_t2: 0.6082, iou_t3: 0.5773, iou_t4: 0.5579, iou_t5: 0.6036, loss: 0.1535
2026-05-05 20:35:07,628 - mmdet - INFO - 
--- Val evaluation at iter 9000 ---
2026-05-05 20:40:14,070 - mmdet - INFO - 
+------------+-------------+-------------+
| Class      | Val IoU     | Pseudo IoU  |
+------------+-------------+-------------+
| background | 91.73       | 92.68       |
| building   | 65.92       | 69.14       |
| Summary    | mIoU: 78.82 | mIoU: 80.91 |
+------------+-------------+-------------+
Images evaluated: 218
2026-05-05 20:40:16,006 - mmdet - INFO - Exp name: exp5_obj_bnd.py
2026-05-05 20:40:16,007 - mmdet - INFO - Iter [9000/120000]	lr: 1.000e-04, eta: 1 day, 20:41:55, time: 0.841, data_time: 0.007, memory: 10658, val/mIoU: 0.7882, val/IoU.building: 0.6592, val/IoU.background: 0.9173, val/Pseudo_mIoU: 0.8091, loss_mask: 0.0969, loss_texture: 0.0035, iou: 0.6206, iou_t0: 0.6068, iou_t1: 0.7022, iou_t2: 0.6681, iou_t3: 0.6560, iou_t4: 0.5814, iou_t5: 0.4986, loss: 0.1004
2026-05-05 20:40:37,194 - mmdet - INFO - Iter [9025/120000]	lr: 1.000e-04, eta: 1 day, 21:41:26, time: 13.183, data_time: 12.342, memory: 10658, loss_mask: 0.1160, loss_texture: 0.0036, iou: 0.7128, iou_t0: 0.8051, iou_t1: 0.6914, iou_t2: 0.6846, iou_t3: 0.6716, iou_t4: 0.7148, iou_t5: 0.7150, loss: 0.1196
2026-05-05 20:40:57,193 - mmdet - INFO - Iter [9050/120000]	lr: 1.000e-04, eta: 1 day, 21:37:19, time: 0.800, data_time: 0.007, memory: 10658, loss_mask: 0.1305, loss_texture: 0.0041, iou: 0.6433, iou_t0: 0.6567, iou_t1: 0.7451, iou_t2: 0.5951, iou_t3: 0.5598, iou_t4: 0.6494, iou_t5: 0.6505, loss: 0.1346
2026-05-05 20:41:19,662 - mmdet - INFO - Iter [9075/120000]	lr: 1.000e-04, eta: 1 day, 21:33:45, time: 0.899, data_time: 0.008, memory: 10658, loss_mask: 0.0923, loss_texture: 0.0030, iou: 0.5484, iou_t0: 0.6180, iou_t1: 0.6247, iou_t2: 0.5854, iou_t3: 0.4362, iou_t4: 0.5796, iou_t5: 0.4922, loss: 0.0953
2026-05-05 20:41:42,352 - mmdet - INFO - Iter [9100/120000]	lr: 1.000e-04, eta: 1 day, 21:30:14, time: 0.908, data_time: 0.007, memory: 10658, loss_mask: 0.1247, loss_texture: 0.0032, iou: 0.6133, iou_t0: 0.4671, iou_t1: 0.7441, iou_t2: 0.6576, iou_t3: 0.5489, iou_t4: 0.6051, iou_t5: 0.6101, loss: 0.1279
2026-05-05 20:42:04,957 - mmdet - INFO - Iter [9125/120000]	lr: 1.000e-04, eta: 1 day, 21:26:43, time: 0.904, data_time: 0.007, memory: 10658, loss_mask: 0.0976, loss_texture: 0.0033, iou: 0.6705, iou_t0: 0.7767, iou_t1: 0.6527, iou_t2: 0.6031, iou_t3: 0.6802, iou_t4: 0.6401, iou_t5: 0.6706, loss: 0.1009
2026-05-05 20:42:28,090 - mmdet - INFO - Iter [9150/120000]	lr: 1.000e-04, eta: 1 day, 21:23:19, time: 0.925, data_time: 0.007, memory: 10658, loss_mask: 0.1652, loss_texture: 0.0047, iou: 0.6409, iou_t0: 0.6795, iou_t1: 0.6399, iou_t2: 0.5316, iou_t3: 0.6961, iou_t4: 0.6843, iou_t5: 0.6569, loss: 0.1698
2026-05-05 20:42:50,512 - mmdet - INFO - Iter [9175/120000]	lr: 1.000e-04, eta: 1 day, 21:19:48, time: 0.897, data_time: 0.007, memory: 10658, loss_mask: 0.1668, loss_texture: 0.0041, iou: 0.6616, iou_t0: 0.6394, iou_t1: 0.6802, iou_t2: 0.6740, iou_t3: 0.6452, iou_t4: 0.6699, iou_t5: 0.6756, loss: 0.1710
2026-05-05 20:43:13,178 - mmdet - INFO - Iter [9200/120000]	lr: 1.000e-04, eta: 1 day, 21:16:21, time: 0.907, data_time: 0.007, memory: 10658, loss_mask: 0.1001, loss_texture: 0.0032, iou: 0.5642, iou_t0: 0.5582, iou_t1: 0.6099, iou_t2: 0.6471, iou_t3: 0.5587, iou_t4: 0.5054, iou_t5: 0.5691, loss: 0.1033
2026-05-05 20:43:36,095 - mmdet - INFO - Iter [9225/120000]	lr: 1.000e-04, eta: 1 day, 21:12:58, time: 0.917, data_time: 0.007, memory: 10658, loss_mask: 0.1367, loss_texture: 0.0039, iou: 0.7138, iou_t0: 0.8339, iou_t1: 0.6530, iou_t2: 0.7496, iou_t3: 0.6034, iou_t4: 0.7492, iou_t5: 0.7343, loss: 0.1406
2026-05-05 20:43:59,247 - mmdet - INFO - Iter [9250/120000]	lr: 1.000e-04, eta: 1 day, 21:09:38, time: 0.926, data_time: 0.007, memory: 10658, loss_mask: 0.2045, loss_texture: 0.0046, iou: 0.5858, iou_t0: 0.6269, iou_t1: 0.7387, iou_t2: 0.5271, iou_t3: 0.4882, iou_t4: 0.5763, iou_t5: 0.5636, loss: 0.2091
2026-05-05 20:44:22,050 - mmdet - INFO - Iter [9275/120000]	lr: 1.000e-04, eta: 1 day, 21:06:16, time: 0.912, data_time: 0.007, memory: 10658, loss_mask: 0.1912, loss_texture: 0.0034, iou: 0.6392, iou_t0: 0.7352, iou_t1: 0.6312, iou_t2: 0.6021, iou_t3: 0.7188, iou_t4: 0.5918, iou_t5: 0.5577, loss: 0.1946
2026-05-05 20:44:45,297 - mmdet - INFO - Iter [9300/120000]	lr: 1.000e-04, eta: 1 day, 21:02:59, time: 0.930, data_time: 0.007, memory: 10658, loss_mask: 0.1904, loss_texture: 0.0041, iou: 0.6435, iou_t0: 0.6111, iou_t1: 0.6622, iou_t2: 0.6416, iou_t3: 0.6243, iou_t4: 0.6976, iou_t5: 0.6591, loss: 0.1945
2026-05-05 20:45:07,937 - mmdet - INFO - Iter [9325/120000]	lr: 1.000e-04, eta: 1 day, 20:59:37, time: 0.906, data_time: 0.007, memory: 10658, loss_mask: 0.1502, loss_texture: 0.0036, iou: 0.5982, iou_t0: 0.6519, iou_t1: 0.6116, iou_t2: 0.6048, iou_t3: 0.6534, iou_t4: 0.6033, iou_t5: 0.4721, loss: 0.1538
2026-05-05 20:45:31,500 - mmdet - INFO - Iter [9350/120000]	lr: 1.000e-04, eta: 1 day, 20:56:26, time: 0.943, data_time: 0.007, memory: 10658, loss_mask: 0.1718, loss_texture: 0.0044, iou: 0.6595, iou_t0: 0.7037, iou_t1: 0.6891, iou_t2: 0.5752, iou_t3: 0.6712, iou_t4: 0.5741, iou_t5: 0.6817, loss: 0.1763
2026-05-05 20:45:54,501 - mmdet - INFO - Iter [9375/120000]	lr: 1.000e-04, eta: 1 day, 20:53:10, time: 0.920, data_time: 0.007, memory: 10658, loss_mask: 0.1775, loss_texture: 0.0034, iou: 0.5448, iou_t0: 0.7154, iou_t1: 0.5016, iou_t2: 0.5775, iou_t3: 0.4662, iou_t4: 0.5005, iou_t5: 0.4615, loss: 0.1809
2026-05-05 20:46:13,551 - mmdet - INFO - Iter [9400/120000]	lr: 1.000e-04, eta: 1 day, 20:49:08, time: 0.762, data_time: 0.007, memory: 10658, loss_mask: 0.1521, loss_texture: 0.0034, iou: 0.6772, iou_t0: 0.6868, iou_t1: 0.6792, iou_t2: 0.6908, iou_t3: 0.6937, iou_t4: 0.6203, iou_t5: 0.6634, loss: 0.1555
2026-05-05 20:46:34,423 - mmdet - INFO - Iter [9425/120000]	lr: 1.000e-04, eta: 1 day, 20:45:28, time: 0.835, data_time: 0.007, memory: 10658, loss_mask: 0.1571, loss_texture: 0.0033, iou: 0.6674, iou_t0: 0.7666, iou_t1: 0.6595, iou_t2: 0.6862, iou_t3: 0.6701, iou_t4: 0.6468, iou_t5: 0.6061, loss: 0.1604
2026-05-05 20:46:55,304 - mmdet - INFO - Iter [9450/120000]	lr: 1.000e-04, eta: 1 day, 20:41:50, time: 0.835, data_time: 0.007, memory: 10658, loss_mask: 0.2467, loss_texture: 0.0043, iou: 0.5749, iou_t0: 0.6159, iou_t1: 0.6188, iou_t2: 0.5495, iou_t3: 0.5439, iou_t4: 0.5713, iou_t5: 0.4678, loss: 0.2509
2026-05-05 20:47:16,311 - mmdet - INFO - Iter [9475/120000]	lr: 1.000e-04, eta: 1 day, 20:38:14, time: 0.840, data_time: 0.007, memory: 10658, loss_mask: 0.1156, loss_texture: 0.0033, iou: 0.5654, iou_t0: 0.6325, iou_t1: 0.5212, iou_t2: 0.5675, iou_t3: 0.5732, iou_t4: 0.4210, iou_t5: 0.6391, loss: 0.1189
2026-05-05 20:47:34,470 - mmdet - INFO - 
--- Val evaluation at iter 9500 ---
2026-05-05 20:52:42,622 - mmdet - INFO - 
+------------+-------------+-------------+
| Class      | Val IoU     | Pseudo IoU  |
+------------+-------------+-------------+
| background | 91.42       | 92.68       |
| building   | 62.89       | 69.14       |
| Summary    | mIoU: 77.15 | mIoU: 80.91 |
+------------+-------------+-------------+
Images evaluated: 218
2026-05-05 20:52:44,758 - mmdet - INFO - Iter [9500/120000]	lr: 1.000e-04, eta: 1 day, 20:34:06, time: 0.727, data_time: 0.008, memory: 10658, val/mIoU: 0.7715, val/IoU.building: 0.6289, val/IoU.background: 0.9142, val/Pseudo_mIoU: 0.8091, loss_mask: 0.1473, loss_texture: 0.0040, iou: 0.6716, iou_t0: 0.7790, iou_t1: 0.6929, iou_t2: 0.6688, iou_t3: 0.6440, iou_t4: 0.5816, iou_t5: 0.6297, loss: 0.1513
2026-05-05 20:53:08,249 - mmdet - INFO - Iter [9525/120000]	lr: 1.000e-04, eta: 1 day, 21:31:00, time: 13.351, data_time: 12.419, memory: 10658, loss_mask: 0.1439, loss_texture: 0.0041, iou: 0.6684, iou_t0: 0.7891, iou_t1: 0.6290, iou_t2: 0.6025, iou_t3: 0.6013, iou_t4: 0.7039, iou_t5: 0.6896, loss: 0.1480
2026-05-05 20:53:30,899 - mmdet - INFO - Iter [9550/120000]	lr: 1.000e-04, eta: 1 day, 21:27:36, time: 0.906, data_time: 0.007, memory: 10658, loss_mask: 0.1221, loss_texture: 0.0037, iou: 0.5929, iou_t0: 0.5686, iou_t1: 0.6163, iou_t2: 0.5749, iou_t3: 0.6702, iou_t4: 0.5455, iou_t5: 0.5251, loss: 0.1258
2026-05-05 20:53:54,144 - mmdet - INFO - Iter [9575/120000]	lr: 1.000e-04, eta: 1 day, 21:24:20, time: 0.930, data_time: 0.007, memory: 10658, loss_mask: 0.1340, loss_texture: 0.0040, iou: 0.6838, iou_t0: 0.7338, iou_t1: 0.6775, iou_t2: 0.6446, iou_t3: 0.6691, iou_t4: 0.6890, iou_t5: 0.7382, loss: 0.1380
2026-05-05 20:54:17,197 - mmdet - INFO - Iter [9600/120000]	lr: 1.000e-04, eta: 1 day, 21:21:02, time: 0.922, data_time: 0.007, memory: 10658, loss_mask: 0.1578, loss_texture: 0.0038, iou: 0.6208, iou_t0: 0.7069, iou_t1: 0.6081, iou_t2: 0.5393, iou_t3: 0.6898, iou_t4: 0.5446, iou_t5: 0.6342, loss: 0.1615
2026-05-05 20:54:40,363 - mmdet - INFO - Iter [9625/120000]	lr: 1.000e-04, eta: 1 day, 21:17:47, time: 0.927, data_time: 0.007, memory: 10658, loss_mask: 0.1590, loss_texture: 0.0044, iou: 0.6713, iou_t0: 0.7662, iou_t1: 0.6473, iou_t2: 0.6592, iou_t3: 0.6562, iou_t4: 0.6300, iou_t5: 0.6518, loss: 0.1635
2026-05-05 20:55:03,085 - mmdet - INFO - Iter [9650/120000]	lr: 1.000e-04, eta: 1 day, 21:14:28, time: 0.909, data_time: 0.007, memory: 10658, loss_mask: 0.1188, loss_texture: 0.0037, iou: 0.5992, iou_t0: 0.5969, iou_t1: 0.6495, iou_t2: 0.5659, iou_t3: 0.6274, iou_t4: 0.4890, iou_t5: 0.6338, loss: 0.1225
2026-05-05 20:55:25,653 - mmdet - INFO - Iter [9675/120000]	lr: 1.000e-04, eta: 1 day, 21:11:07, time: 0.903, data_time: 0.007, memory: 10658, loss_mask: 0.0908, loss_texture: 0.0030, iou: 0.5109, iou_t0: 0.5880, iou_t1: 0.5032, iou_t2: 0.4627, iou_t3: 0.4768, iou_t4: 0.5509, iou_t5: 0.4871, loss: 0.0938
2026-05-05 20:55:47,781 - mmdet - INFO - Iter [9700/120000]	lr: 1.000e-04, eta: 1 day, 21:07:43, time: 0.885, data_time: 0.007, memory: 10658, loss_mask: 0.0982, loss_texture: 0.0030, iou: 0.6629, iou_t0: 0.7603, iou_t1: 0.6753, iou_t2: 0.5847, iou_t3: 0.6771, iou_t4: 0.6304, iou_t5: 0.6568, loss: 0.1012
2026-05-05 20:56:10,304 - mmdet - INFO - Iter [9725/120000]	lr: 1.000e-04, eta: 1 day, 21:04:24, time: 0.901, data_time: 0.007, memory: 10658, loss_mask: 0.1408, loss_texture: 0.0039, iou: 0.6450, iou_t0: 0.7681, iou_t1: 0.6238, iou_t2: 0.5359, iou_t3: 0.7231, iou_t4: 0.5640, iou_t5: 0.6410, loss: 0.1447
2026-05-05 20:56:32,874 - mmdet - INFO - Iter [9750/120000]	lr: 1.000e-04, eta: 1 day, 21:01:06, time: 0.903, data_time: 0.008, memory: 10658, loss_mask: 0.1380, loss_texture: 0.0036, iou: 0.6315, iou_t0: 0.7100, iou_t1: 0.4859, iou_t2: 0.6826, iou_t3: 0.6929, iou_t4: 0.5369, iou_t5: 0.6338, loss: 0.1416
2026-05-05 20:56:55,562 - mmdet - INFO - Iter [9775/120000]	lr: 1.000e-04, eta: 1 day, 20:57:51, time: 0.908, data_time: 0.007, memory: 10658, loss_mask: 0.1101, loss_texture: 0.0034, iou: 0.7011, iou_t0: 0.7545, iou_t1: 0.6793, iou_t2: 0.6415, iou_t3: 0.6986, iou_t4: 0.6918, iou_t5: 0.7355, loss: 0.1135
2026-05-05 20:57:19,072 - mmdet - INFO - Iter [9800/120000]	lr: 1.000e-04, eta: 1 day, 20:54:46, time: 0.940, data_time: 0.007, memory: 10658, loss_mask: 0.1212, loss_texture: 0.0044, iou: 0.6799, iou_t0: 0.7034, iou_t1: 0.7256, iou_t2: 0.6563, iou_t3: 0.6654, iou_t4: 0.6362, iou_t5: 0.7017, loss: 0.1255
2026-05-05 20:57:41,451 - mmdet - INFO - Iter [9825/120000]	lr: 1.000e-04, eta: 1 day, 20:51:29, time: 0.895, data_time: 0.008, memory: 10658, loss_mask: 0.1024, loss_texture: 0.0029, iou: 0.5650, iou_t0: 0.5821, iou_t1: 0.6065, iou_t2: 0.5354, iou_t3: 0.5613, iou_t4: 0.5368, iou_t5: 0.6277, loss: 0.1053
2026-05-05 20:58:04,014 - mmdet - INFO - Iter [9850/120000]	lr: 1.000e-04, eta: 1 day, 20:48:15, time: 0.903, data_time: 0.007, memory: 10658, loss_mask: 0.2053, loss_texture: 0.0039, iou: 0.5678, iou_t0: 0.6669, iou_t1: 0.5816, iou_t2: 0.5677, iou_t3: 0.5337, iou_t4: 0.5752, iou_t5: 0.5169, loss: 0.2092
2026-05-05 20:58:26,138 - mmdet - INFO - Iter [9875/120000]	lr: 1.000e-04, eta: 1 day, 20:44:57, time: 0.885, data_time: 0.007, memory: 10658, loss_mask: 0.1304, loss_texture: 0.0033, iou: 0.6168, iou_t0: 0.6758, iou_t1: 0.6259, iou_t2: 0.6309, iou_t3: 0.6733, iou_t4: 0.5682, iou_t5: 0.4894, loss: 0.1337
2026-05-05 20:58:43,770 - mmdet - INFO - Iter [9900/120000]	lr: 1.000e-04, eta: 1 day, 20:40:49, time: 0.705, data_time: 0.008, memory: 10658, loss_mask: 0.0984, loss_texture: 0.0031, iou: 0.6271, iou_t0: 0.6869, iou_t1: 0.5164, iou_t2: 0.6917, iou_t3: 0.6013, iou_t4: 0.6901, iou_t5: 0.5729, loss: 0.1015
2026-05-05 20:59:04,912 - mmdet - INFO - Iter [9925/120000]	lr: 1.000e-04, eta: 1 day, 20:37:22, time: 0.846, data_time: 0.007, memory: 10658, loss_mask: 0.1348, loss_texture: 0.0038, iou: 0.6720, iou_t0: 0.7114, iou_t1: 0.6433, iou_t2: 0.6933, iou_t3: 0.6953, iou_t4: 0.6873, iou_t5: 0.6307, loss: 0.1386
2026-05-05 20:59:24,905 - mmdet - INFO - Iter [9950/120000]	lr: 1.000e-04, eta: 1 day, 20:33:43, time: 0.800, data_time: 0.007, memory: 10658, loss_mask: 0.1808, loss_texture: 0.0046, iou: 0.6810, iou_t0: 0.6569, iou_t1: 0.6863, iou_t2: 0.6812, iou_t3: 0.6692, iou_t4: 0.6923, iou_t5: 0.6635, loss: 0.1854
2026-05-05 20:59:40,250 - mmdet - INFO - Iter [9975/120000]	lr: 1.000e-04, eta: 1 day, 20:29:14, time: 0.614, data_time: 0.008, memory: 10658, loss_mask: 0.1686, loss_texture: 0.0044, iou: 0.5990, iou_t0: 0.5928, iou_t1: 0.5992, iou_t2: 0.6004, iou_t3: 0.6202, iou_t4: 0.6093, iou_t5: 0.5709, loss: 0.1730
2026-05-05 20:59:58,977 - mmdet - INFO - 
--- Val evaluation at iter 10000 ---
2026-05-05 21:05:05,773 - mmdet - INFO - 
+------------+-------------+-------------+
| Class      | Val IoU     | Pseudo IoU  |
+------------+-------------+-------------+
| background | 91.28       | 92.68       |
| building   | 62.72       | 69.14       |
| Summary    | mIoU: 77.00 | mIoU: 80.91 |
+------------+-------------+-------------+
Images evaluated: 218
2026-05-05 21:05:07,859 - mmdet - INFO - Exp name: exp5_obj_bnd.py
2026-05-05 21:05:07,859 - mmdet - INFO - Iter [10000/120000]	lr: 1.000e-04, eta: 1 day, 20:25:24, time: 0.749, data_time: 0.007, memory: 10658, val/mIoU: 0.7700, val/IoU.building: 0.6272, val/IoU.background: 0.9128, val/Pseudo_mIoU: 0.8091, loss_mask: 0.1381, loss_texture: 0.0037, iou: 0.6825, iou_t0: 0.7674, iou_t1: 0.6562, iou_t2: 0.6169, iou_t3: 0.6924, iou_t4: 0.6383, iou_t5: 0.6779, loss: 0.1418
2026-05-05 21:05:30,390 - mmdet - INFO - Iter [10025/120000]	lr: 1.000e-04, eta: 1 day, 21:18:44, time: 13.256, data_time: 12.364, memory: 10658, loss_mask: 0.1530, loss_texture: 0.0037, iou: 0.5539, iou_t0: 0.6189, iou_t1: 0.6159, iou_t2: 0.5275, iou_t3: 0.5126, iou_t4: 0.5524, iou_t5: 0.5218, loss: 0.1567
2026-05-05 21:05:52,673 - mmdet - INFO - Iter [10050/120000]	lr: 1.000e-04, eta: 1 day, 21:15:25, time: 0.891, data_time: 0.007, memory: 10658, loss_mask: 0.1355, loss_texture: 0.0033, iou: 0.5936, iou_t0: 0.5396, iou_t1: 0.5398, iou_t2: 0.6869, iou_t3: 0.6453, iou_t4: 0.5877, iou_t5: 0.5820, loss: 0.1388
2026-05-05 21:06:15,161 - mmdet - INFO - Iter [10075/120000]	lr: 1.000e-04, eta: 1 day, 21:12:09, time: 0.899, data_time: 0.007, memory: 10658, loss_mask: 0.0979, loss_texture: 0.0030, iou: 0.6092, iou_t0: 0.6892, iou_t1: 0.6404, iou_t2: 0.5534, iou_t3: 0.6136, iou_t4: 0.6143, iou_t5: 0.5772, loss: 0.1009
2026-05-05 21:06:37,938 - mmdet - INFO - Iter [10100/120000]	lr: 1.000e-04, eta: 1 day, 21:08:57, time: 0.911, data_time: 0.007, memory: 10658, loss_mask: 0.1562, loss_texture: 0.0034, iou: 0.6312, iou_t0: 0.7435, iou_t1: 0.6395, iou_t2: 0.4922, iou_t3: 0.5785, iou_t4: 0.6849, iou_t5: 0.6071, loss: 0.1596
2026-05-05 21:07:00,715 - mmdet - INFO - Iter [10125/120000]	lr: 1.000e-04, eta: 1 day, 21:05:46, time: 0.911, data_time: 0.007, memory: 10658, loss_mask: 0.2411, loss_texture: 0.0061, iou: 0.5597, iou_t0: 0.5178, iou_t1: 0.5800, iou_t2: 0.5349, iou_t3: 0.5855, iou_t4: 0.5231, iou_t5: 0.6135, loss: 0.2472
2026-05-05 21:07:23,381 - mmdet - INFO - Iter [10150/120000]	lr: 1.000e-04, eta: 1 day, 21:02:35, time: 0.907, data_time: 0.007, memory: 10658, loss_mask: 0.1004, loss_texture: 0.0033, iou: 0.5822, iou_t0: 0.6174, iou_t1: 0.6380, iou_t2: 0.5654, iou_t3: 0.5316, iou_t4: 0.5955, iou_t5: 0.5358, loss: 0.1037
2026-05-05 21:07:46,479 - mmdet - INFO - Iter [10175/120000]	lr: 1.000e-04, eta: 1 day, 20:59:29, time: 0.924, data_time: 0.007, memory: 10658, loss_mask: 0.1181, loss_texture: 0.0036, iou: 0.6960, iou_t0: 0.7040, iou_t1: 0.6941, iou_t2: 0.7192, iou_t3: 0.6329, iou_t4: 0.7572, iou_t5: 0.6884, loss: 0.1217
2026-05-05 21:08:09,120 - mmdet - INFO - Iter [10200/120000]	lr: 1.000e-04, eta: 1 day, 20:56:19, time: 0.906, data_time: 0.007, memory: 10658, loss_mask: 0.0888, loss_texture: 0.0027, iou: 0.5854, iou_t0: 0.5582, iou_t1: 0.5821, iou_t2: 0.5386, iou_t3: 0.5520, iou_t4: 0.6140, iou_t5: 0.6927, loss: 0.0915
2026-05-05 21:08:31,551 - mmdet - INFO - Iter [10225/120000]	lr: 1.000e-04, eta: 1 day, 20:53:07, time: 0.897, data_time: 0.007, memory: 10658, loss_mask: 0.0908, loss_texture: 0.0028, iou: 0.6808, iou_t0: 0.6763, iou_t1: 0.7966, iou_t2: 0.6392, iou_t3: 0.6687, iou_t4: 0.5918, iou_t5: 0.7192, loss: 0.0936
2026-05-05 21:08:54,185 - mmdet - INFO - Iter [10250/120000]	lr: 1.000e-04, eta: 1 day, 20:49:59, time: 0.905, data_time: 0.007, memory: 10658, loss_mask: 0.1432, loss_texture: 0.0040, iou: 0.5789, iou_t0: 0.6594, iou_t1: 0.5751, iou_t2: 0.6236, iou_t3: 0.5607, iou_t4: 0.4569, iou_t5: 0.6058, loss: 0.1472
2026-05-05 21:09:16,546 - mmdet - INFO - Iter [10275/120000]	lr: 1.000e-04, eta: 1 day, 20:46:48, time: 0.894, data_time: 0.007, memory: 10658, loss_mask: 0.0905, loss_texture: 0.0028, iou: 0.6766, iou_t0: 0.6904, iou_t1: 0.7377, iou_t2: 0.6990, iou_t3: 0.7150, iou_t4: 0.5854, iou_t5: 0.6560, loss: 0.0934
2026-05-05 21:09:39,589 - mmdet - INFO - Iter [10300/120000]	lr: 1.000e-04, eta: 1 day, 20:43:46, time: 0.922, data_time: 0.007, memory: 10658, loss_mask: 0.0828, loss_texture: 0.0032, iou: 0.6311, iou_t0: 0.6685, iou_t1: 0.6063, iou_t2: 0.5587, iou_t3: 0.6795, iou_t4: 0.6457, iou_t5: 0.6977, loss: 0.0860
2026-05-05 21:10:02,027 - mmdet - INFO - Iter [10325/120000]	lr: 1.000e-04, eta: 1 day, 20:40:38, time: 0.897, data_time: 0.007, memory: 10658, loss_mask: 0.0937, loss_texture: 0.0033, iou: 0.6530, iou_t0: 0.6141, iou_t1: 0.6449, iou_t2: 0.6019, iou_t3: 0.7036, iou_t4: 0.6208, iou_t5: 0.6541, loss: 0.0970
2026-05-05 21:10:24,849 - mmdet - INFO - Iter [10350/120000]	lr: 1.000e-04, eta: 1 day, 20:37:34, time: 0.913, data_time: 0.007, memory: 10658, loss_mask: 0.3026, loss_texture: 0.0048, iou: 0.6100, iou_t0: 0.6613, iou_t1: 0.6668, iou_t2: 0.4663, iou_t3: 0.6386, iou_t4: 0.6153, iou_t5: 0.6145, loss: 0.3074
2026-05-05 21:10:47,954 - mmdet - INFO - Iter [10375/120000]	lr: 1.000e-04, eta: 1 day, 20:34:35, time: 0.924, data_time: 0.007, memory: 10658, loss_mask: 0.1953, loss_texture: 0.0047, iou: 0.6236, iou_t0: 0.6282, iou_t1: 0.6613, iou_t2: 0.5805, iou_t3: 0.6142, iou_t4: 0.6393, iou_t5: 0.6571, loss: 0.1999
2026-05-05 21:11:06,365 - mmdet - INFO - Iter [10400/120000]	lr: 1.000e-04, eta: 1 day, 20:30:47, time: 0.736, data_time: 0.008, memory: 10658, loss_mask: 0.2025, loss_texture: 0.0035, iou: 0.5274, iou_t0: 0.5830, iou_t1: 0.5163, iou_t2: 0.5685, iou_t3: 0.4525, iou_t4: 0.4849, iou_t5: 0.5270, loss: 0.2060
2026-05-05 21:11:21,851 - mmdet - INFO - Iter [10425/120000]	lr: 1.000e-04, eta: 1 day, 20:26:29, time: 0.619, data_time: 0.008, memory: 10658, loss_mask: 0.1131, loss_texture: 0.0029, iou: 0.5557, iou_t0: 0.6127, iou_t1: 0.5445, iou_t2: 0.5746, iou_t3: 0.5346, iou_t4: 0.5206, iou_t5: 0.5640, loss: 0.1160
2026-05-05 21:11:40,725 - mmdet - INFO - Iter [10450/120000]	lr: 1.000e-04, eta: 1 day, 20:22:47, time: 0.755, data_time: 0.007, memory: 10658, loss_mask: 0.1094, loss_texture: 0.0038, iou: 0.6100, iou_t0: 0.6540, iou_t1: 0.6161, iou_t2: 0.6817, iou_t3: 0.5405, iou_t4: 0.6308, iou_t5: 0.5392, loss: 0.1132
2026-05-05 21:11:59,972 - mmdet - INFO - Iter [10475/120000]	lr: 1.000e-04, eta: 1 day, 20:19:11, time: 0.770, data_time: 0.008, memory: 10658, loss_mask: 0.1107, loss_texture: 0.0034, iou: 0.6216, iou_t0: 0.7623, iou_t1: 0.5999, iou_t2: 0.5680, iou_t3: 0.5411, iou_t4: 0.6770, iou_t5: 0.5792, loss: 0.1141
2026-05-05 21:12:18,866 - mmdet - INFO - 
--- Val evaluation at iter 10500 ---
2026-05-05 21:17:31,030 - mmdet - INFO - 
+------------+-------------+-------------+
| Class      | Val IoU     | Pseudo IoU  |
+------------+-------------+-------------+
| background | 91.88       | 92.68       |
| building   | 66.76       | 69.14       |
| Summary    | mIoU: 79.32 | mIoU: 80.91 |
+------------+-------------+-------------+
Images evaluated: 218
2026-05-05 21:17:34,957 - mmdet - INFO - ★ New best mIoU: 79.32% (prev: 79.18%, Δ=+0.14%) → saved to /home/ubuntu/vy/Denoiser/SegRefiner/work_dirs/exp5_obj_bnd/best_model.pth
2026-05-05 21:17:34,964 - mmdet - INFO - Iter [10500/120000]	lr: 1.000e-04, eta: 1 day, 20:15:32, time: 0.756, data_time: 0.007, memory: 10658, val/mIoU: 0.7932, val/IoU.building: 0.6676, val/IoU.background: 0.9188, val/Pseudo_mIoU: 0.8091, loss_mask: 0.1537, loss_texture: 0.0043, iou: 0.6614, iou_t0: 0.6306, iou_t1: 0.7446, iou_t2: 0.6973, iou_t3: 0.5989, iou_t4: 0.6292, iou_t5: 0.6691, loss: 0.1580
2026-05-05 21:17:57,755 - mmdet - INFO - Iter [10525/120000]	lr: 1.000e-04, eta: 1 day, 21:07:22, time: 13.555, data_time: 12.652, memory: 10658, loss_mask: 0.1980, loss_texture: 0.0042, iou: 0.5842, iou_t0: 0.5683, iou_t1: 0.6022, iou_t2: 0.5064, iou_t3: 0.6701, iou_t4: 0.6298, iou_t5: 0.6040, loss: 0.2022
2026-05-05 21:18:20,928 - mmdet - INFO - Iter [10550/120000]	lr: 1.000e-04, eta: 1 day, 21:04:20, time: 0.927, data_time: 0.008, memory: 10658, loss_mask: 0.1280, loss_texture: 0.0040, iou: 0.7133, iou_t0: 0.6815, iou_t1: 0.8100, iou_t2: 0.6702, iou_t3: 0.6684, iou_t4: 0.6416, iou_t5: 0.7358, loss: 0.1321
2026-05-05 21:18:43,693 - mmdet - INFO - Iter [10575/120000]	lr: 1.000e-04, eta: 1 day, 21:01:15, time: 0.911, data_time: 0.008, memory: 10658, loss_mask: 0.1211, loss_texture: 0.0034, iou: 0.6141, iou_t0: 0.5931, iou_t1: 0.5579, iou_t2: 0.5581, iou_t3: 0.6162, iou_t4: 0.6733, iou_t5: 0.6878, loss: 0.1245
2026-05-05 21:19:06,212 - mmdet - INFO - Iter [10600/120000]	lr: 1.000e-04, eta: 1 day, 20:58:09, time: 0.901, data_time: 0.008, memory: 10658, loss_mask: 0.1623, loss_texture: 0.0038, iou: 0.6395, iou_t0: 0.7329, iou_t1: 0.5663, iou_t2: 0.6066, iou_t3: 0.6817, iou_t4: 0.5546, iou_t5: 0.6291, loss: 0.1661
2026-05-05 21:19:28,477 - mmdet - INFO - Iter [10625/120000]	lr: 1.000e-04, eta: 1 day, 20:55:00, time: 0.891, data_time: 0.007, memory: 10658, loss_mask: 0.1026, loss_texture: 0.0028, iou: 0.6349, iou_t0: 0.6495, iou_t1: 0.5980, iou_t2: 0.6582, iou_t3: 0.6749, iou_t4: 0.5908, iou_t5: 0.6566, loss: 0.1054
2026-05-05 21:19:51,124 - mmdet - INFO - Iter [10650/120000]	lr: 1.000e-04, eta: 1 day, 20:51:56, time: 0.906, data_time: 0.007, memory: 10658, loss_mask: 0.0988, loss_texture: 0.0034, iou: 0.6444, iou_t0: 0.6788, iou_t1: 0.6930, iou_t2: 0.6499, iou_t3: 0.6787, iou_t4: 0.5535, iou_t5: 0.6118, loss: 0.1022
2026-05-05 21:20:13,865 - mmdet - INFO - Iter [10675/120000]	lr: 1.000e-04, eta: 1 day, 20:48:54, time: 0.910, data_time: 0.007, memory: 10658, loss_mask: 0.1505, loss_texture: 0.0041, iou: 0.6804, iou_t0: 0.7436, iou_t1: 0.6533, iou_t2: 0.6474, iou_t3: 0.7287, iou_t4: 0.6616, iou_t5: 0.6498, loss: 0.1545
2026-05-05 21:20:36,910 - mmdet - INFO - Iter [10700/120000]	lr: 1.000e-04, eta: 1 day, 20:45:55, time: 0.922, data_time: 0.007, memory: 10658, loss_mask: 0.1462, loss_texture: 0.0040, iou: 0.6348, iou_t0: 0.6680, iou_t1: 0.6650, iou_t2: 0.5449, iou_t3: 0.6091, iou_t4: 0.6190, iou_t5: 0.6961, loss: 0.1503
2026-05-05 21:20:59,506 - mmdet - INFO - Iter [10725/120000]	lr: 1.000e-04, eta: 1 day, 20:42:53, time: 0.904, data_time: 0.007, memory: 10658, loss_mask: 0.1258, loss_texture: 0.0040, iou: 0.6428, iou_t0: 0.6467, iou_t1: 0.7780, iou_t2: 0.6431, iou_t3: 0.6623, iou_t4: 0.4946, iou_t5: 0.6352, loss: 0.1299
2026-05-05 21:21:21,832 - mmdet - INFO - Iter [10750/120000]	lr: 1.000e-04, eta: 1 day, 20:39:49, time: 0.893, data_time: 0.007, memory: 10658, loss_mask: 0.1136, loss_texture: 0.0028, iou: 0.6038, iou_t0: 0.6883, iou_t1: 0.5509, iou_t2: 0.5627, iou_t3: 0.5707, iou_t4: 0.6429, iou_t5: 0.6016, loss: 0.1163
2026-05-05 21:21:44,255 - mmdet - INFO - Iter [10775/120000]	lr: 1.000e-04, eta: 1 day, 20:36:47, time: 0.897, data_time: 0.008, memory: 10658, loss_mask: 0.1102, loss_texture: 0.0029, iou: 0.6017, iou_t0: 0.6907, iou_t1: 0.4572, iou_t2: 0.5629, iou_t3: 0.6657, iou_t4: 0.6145, iou_t5: 0.6291, loss: 0.1132
2026-05-05 21:22:06,790 - mmdet - INFO - Iter [10800/120000]	lr: 1.000e-04, eta: 1 day, 20:33:46, time: 0.901, data_time: 0.008, memory: 10658, loss_mask: 0.1244, loss_texture: 0.0037, iou: 0.6222, iou_t0: 0.5828, iou_t1: 0.7109, iou_t2: 0.5311, iou_t3: 0.6887, iou_t4: 0.6180, iou_t5: 0.6216, loss: 0.1281
2026-05-05 21:22:29,467 - mmdet - INFO - Iter [10825/120000]	lr: 1.000e-04, eta: 1 day, 20:30:47, time: 0.907, data_time: 0.007, memory: 10658, loss_mask: 0.1158, loss_texture: 0.0033, iou: 0.7134, iou_t0: 0.8254, iou_t1: 0.7138, iou_t2: 0.6195, iou_t3: 0.7291, iou_t4: 0.6839, iou_t5: 0.6800, loss: 0.1191
2026-05-05 21:22:52,177 - mmdet - INFO - Iter [10850/120000]	lr: 1.000e-04, eta: 1 day, 20:27:50, time: 0.908, data_time: 0.007, memory: 10658, loss_mask: 0.1622, loss_texture: 0.0041, iou: 0.6660, iou_t0: 0.7280, iou_t1: 0.5224, iou_t2: 0.6555, iou_t3: 0.6216, iou_t4: 0.6822, iou_t5: 0.7440, loss: 0.1663
2026-05-05 21:23:09,952 - mmdet - INFO - Iter [10875/120000]	lr: 1.000e-04, eta: 1 day, 20:24:04, time: 0.711, data_time: 0.009, memory: 10658, loss_mask: 0.1248, loss_texture: 0.0033, iou: 0.5998, iou_t0: 0.7178, iou_t1: 0.5375, iou_t2: 0.5354, iou_t3: 0.5606, iou_t4: 0.6177, iou_t5: 0.5653, loss: 0.1281
2026-05-05 21:23:25,080 - mmdet - INFO - Iter [10900/120000]	lr: 1.000e-04, eta: 1 day, 20:19:52, time: 0.605, data_time: 0.008, memory: 10658, loss_mask: 0.0859, loss_texture: 0.0030, iou: 0.6361, iou_t0: 0.6334, iou_t1: 0.6283, iou_t2: 0.6239, iou_t3: 0.7134, iou_t4: 0.5584, iou_t5: 0.7155, loss: 0.0889
2026-05-05 21:23:44,015 - mmdet - INFO - Iter [10925/120000]	lr: 1.000e-04, eta: 1 day, 20:16:20, time: 0.757, data_time: 0.007, memory: 10658, loss_mask: 0.1254, loss_texture: 0.0035, iou: 0.6130, iou_t0: 0.6470, iou_t1: 0.6459, iou_t2: 0.5438, iou_t3: 0.6280, iou_t4: 0.6575, iou_t5: 0.5987, loss: 0.1289
2026-05-05 21:24:02,621 - mmdet - INFO - Iter [10950/120000]	lr: 1.000e-04, eta: 1 day, 20:12:45, time: 0.744, data_time: 0.007, memory: 10658, loss_mask: 0.1254, loss_texture: 0.0031, iou: 0.6665, iou_t0: 0.7305, iou_t1: 0.7296, iou_t2: 0.6536, iou_t3: 0.6466, iou_t4: 0.6080, iou_t5: 0.6178, loss: 0.1284
2026-05-05 21:24:21,277 - mmdet - INFO - Iter [10975/120000]	lr: 1.000e-04, eta: 1 day, 20:09:11, time: 0.746, data_time: 0.006, memory: 10658, loss_mask: 0.2126, loss_texture: 0.0042, iou: 0.6069, iou_t0: 0.6337, iou_t1: 0.6988, iou_t2: 0.5637, iou_t3: 0.5354, iou_t4: 0.6695, iou_t5: 0.5705, loss: 0.2168
2026-05-05 21:24:39,919 - mmdet - INFO - 
--- Val evaluation at iter 11000 ---
2026-05-05 21:29:51,945 - mmdet - INFO - 
+------------+-------------+-------------+
| Class      | Val IoU     | Pseudo IoU  |
+------------+-------------+-------------+
| background | 91.80       | 92.68       |
| building   | 64.91       | 69.14       |
| Summary    | mIoU: 78.35 | mIoU: 80.91 |
+------------+-------------+-------------+
Images evaluated: 218
2026-05-05 21:29:54,001 - mmdet - INFO - Exp name: exp5_obj_bnd.py
2026-05-05 21:29:54,002 - mmdet - INFO - Iter [11000/120000]	lr: 1.000e-04, eta: 1 day, 20:05:38, time: 0.746, data_time: 0.008, memory: 10658, val/mIoU: 0.7835, val/IoU.building: 0.6491, val/IoU.background: 0.9180, val/Pseudo_mIoU: 0.8091, loss_mask: 0.1951, loss_texture: 0.0042, iou: 0.6529, iou_t0: 0.5978, iou_t1: 0.6571, iou_t2: 0.6669, iou_t3: 0.6028, iou_t4: 0.6636, iou_t5: 0.7123, loss: 0.1993
2026-05-05 21:30:16,803 - mmdet - INFO - Iter [11025/120000]	lr: 1.000e-04, eta: 1 day, 20:54:32, time: 13.475, data_time: 12.572, memory: 10658, loss_mask: 0.1348, loss_texture: 0.0036, iou: 0.5829, iou_t0: 0.5328, iou_t1: 0.6251, iou_t2: 0.6244, iou_t3: 0.5867, iou_t4: 0.6932, iou_t5: 0.5270, loss: 0.1384
2026-05-05 21:30:40,243 - mmdet - INFO - Iter [11050/120000]	lr: 1.000e-04, eta: 1 day, 20:51:40, time: 0.938, data_time: 0.007, memory: 10658, loss_mask: 0.1071, loss_texture: 0.0038, iou: 0.7069, iou_t0: 0.7351, iou_t1: 0.7386, iou_t2: 0.6725, iou_t3: 0.6635, iou_t4: 0.6743, iou_t5: 0.7272, loss: 0.1109
2026-05-05 21:31:02,401 - mmdet - INFO - Iter [11075/120000]	lr: 1.000e-04, eta: 1 day, 20:48:36, time: 0.886, data_time: 0.007, memory: 10658, loss_mask: 0.1004, loss_texture: 0.0032, iou: 0.6004, iou_t0: 0.5774, iou_t1: 0.5900, iou_t2: 0.6211, iou_t3: 0.6248, iou_t4: 0.5971, iou_t5: 0.5700, loss: 0.1035
2026-05-05 21:31:25,034 - mmdet - INFO - Iter [11100/120000]	lr: 1.000e-04, eta: 1 day, 20:45:38, time: 0.905, data_time: 0.007, memory: 10658, loss_mask: 0.1071, loss_texture: 0.0033, iou: 0.6497, iou_t0: 0.7367, iou_t1: 0.6456, iou_t2: 0.6195, iou_t3: 0.6788, iou_t4: 0.6516, iou_t5: 0.5726, loss: 0.1104
2026-05-05 21:31:48,311 - mmdet - INFO - Iter [11125/120000]	lr: 1.000e-04, eta: 1 day, 20:42:47, time: 0.931, data_time: 0.007, memory: 10658, loss_mask: 0.1463, loss_texture: 0.0051, iou: 0.6486, iou_t0: 0.7018, iou_t1: 0.6439, iou_t2: 0.5945, iou_t3: 0.6568, iou_t4: 0.5899, iou_t5: 0.7044, loss: 0.1514
2026-05-05 21:32:11,069 - mmdet - INFO - Iter [11150/120000]	lr: 1.000e-04, eta: 1 day, 20:39:51, time: 0.910, data_time: 0.007, memory: 10658, loss_mask: 0.0920, loss_texture: 0.0030, iou: 0.6815, iou_t0: 0.7054, iou_t1: 0.6634, iou_t2: 0.6280, iou_t3: 0.6811, iou_t4: 0.6486, iou_t5: 0.7320, loss: 0.0950
2026-05-05 21:32:33,482 - mmdet - INFO - Iter [11175/120000]	lr: 1.000e-04, eta: 1 day, 20:36:53, time: 0.897, data_time: 0.007, memory: 10658, loss_mask: 0.1291, loss_texture: 0.0037, iou: 0.6490, iou_t0: 0.6727, iou_t1: 0.6805, iou_t2: 0.5779, iou_t3: 0.6237, iou_t4: 0.6834, iou_t5: 0.6332, loss: 0.1328
2026-05-05 21:32:55,916 - mmdet - INFO - Iter [11200/120000]	lr: 1.000e-04, eta: 1 day, 20:33:56, time: 0.897, data_time: 0.007, memory: 10658, loss_mask: 0.1137, loss_texture: 0.0031, iou: 0.6294, iou_t0: 0.6118, iou_t1: 0.6644, iou_t2: 0.5815, iou_t3: 0.6314, iou_t4: 0.6225, iou_t5: 0.6515, loss: 0.1168
2026-05-05 21:33:18,714 - mmdet - INFO - Iter [11225/120000]	lr: 1.000e-04, eta: 1 day, 20:31:02, time: 0.912, data_time: 0.007, memory: 10658, loss_mask: 0.1160, loss_texture: 0.0033, iou: 0.6119, iou_t0: 0.7879, iou_t1: 0.5527, iou_t2: 0.4732, iou_t3: 0.6424, iou_t4: 0.5912, iou_t5: 0.5970, loss: 0.1193
2026-05-05 21:33:41,460 - mmdet - INFO - Iter [11250/120000]	lr: 1.000e-04, eta: 1 day, 20:28:09, time: 0.910, data_time: 0.007, memory: 10658, loss_mask: 0.1120, loss_texture: 0.0033, iou: 0.6758, iou_t0: 0.6847, iou_t1: 0.8031, iou_t2: 0.6139, iou_t3: 0.6787, iou_t4: 0.6871, iou_t5: 0.6124, loss: 0.1153
2026-05-05 21:34:04,200 - mmdet - INFO - Iter [11275/120000]	lr: 1.000e-04, eta: 1 day, 20:25:17, time: 0.910, data_time: 0.007, memory: 10658, loss_mask: 0.0986, loss_texture: 0.0034, iou: 0.6600, iou_t0: 0.6319, iou_t1: 0.7531, iou_t2: 0.7127, iou_t3: 0.5546, iou_t4: 0.7278, iou_t5: 0.6162, loss: 0.1020
2026-05-05 21:34:26,946 - mmdet - INFO - Iter [11300/120000]	lr: 1.000e-04, eta: 1 day, 20:22:25, time: 0.910, data_time: 0.007, memory: 10658, loss_mask: 0.1051, loss_texture: 0.0031, iou: 0.6676, iou_t0: 0.7336, iou_t1: 0.6367, iou_t2: 0.5658, iou_t3: 0.6772, iou_t4: 0.7376, iou_t5: 0.7498, loss: 0.1082
2026-05-05 21:34:48,055 - mmdet - INFO - Iter [11325/120000]	lr: 1.000e-04, eta: 1 day, 20:19:19, time: 0.844, data_time: 0.008, memory: 10658, loss_mask: 0.0667, loss_texture: 0.0024, iou: 0.6387, iou_t0: 0.6609, iou_t1: 0.6204, iou_t2: 0.6015, iou_t3: 0.6154, iou_t4: 0.6500, iou_t5: 0.6471, loss: 0.0690
2026-05-05 21:35:06,402 - mmdet - INFO - Iter [11350/120000]	lr: 1.000e-04, eta: 1 day, 20:15:46, time: 0.734, data_time: 0.008, memory: 10658, loss_mask: 0.0971, loss_texture: 0.0035, iou: 0.6891, iou_t0: 0.7318, iou_t1: 0.6908, iou_t2: 0.6594, iou_t3: 0.7212, iou_t4: 0.6931, iou_t5: 0.7129, loss: 0.1006
2026-05-05 21:35:27,359 - mmdet - INFO - Iter [11375/120000]	lr: 1.000e-04, eta: 1 day, 20:12:39, time: 0.838, data_time: 0.008, memory: 10658, loss_mask: 0.0773, loss_texture: 0.0030, iou: 0.6500, iou_t0: 0.6643, iou_t1: 0.6196, iou_t2: 0.6484, iou_t3: 0.5894, iou_t4: 0.7346, iou_t5: 0.6649, loss: 0.0803
2026-05-05 21:35:44,782 - mmdet - INFO - Iter [11400/120000]	lr: 1.000e-04, eta: 1 day, 20:09:00, time: 0.697, data_time: 0.007, memory: 10658, loss_mask: 0.0833, loss_texture: 0.0027, iou: 0.6298, iou_t0: 0.6462, iou_t1: 0.6192, iou_t2: 0.5532, iou_t3: 0.6778, iou_t4: 0.6115, iou_t5: 0.7043, loss: 0.0860
2026-05-05 21:36:02,752 - mmdet - INFO - Iter [11425/120000]	lr: 1.000e-04, eta: 1 day, 20:05:26, time: 0.719, data_time: 0.007, memory: 10658, loss_mask: 0.1729, loss_texture: 0.0029, iou: 0.6451, iou_t0: 0.6472, iou_t1: 0.6812, iou_t2: 0.6363, iou_t3: 0.6100, iou_t4: 0.6964, iou_t5: 0.6209, loss: 0.1758
2026-05-05 21:36:21,502 - mmdet - INFO - Iter [11450/120000]	lr: 1.000e-04, eta: 1 day, 20:02:01, time: 0.750, data_time: 0.007, memory: 10658, loss_mask: 0.1419, loss_texture: 0.0040, iou: 0.6309, iou_t0: 0.7291, iou_t1: 0.5978, iou_t2: 0.6555, iou_t3: 0.6112, iou_t4: 0.6223, iou_t5: 0.6161, loss: 0.1459
2026-05-05 21:36:40,215 - mmdet - INFO - Iter [11475/120000]	lr: 1.000e-04, eta: 1 day, 19:58:36, time: 0.749, data_time: 0.007, memory: 10658, loss_mask: 0.1000, loss_texture: 0.0030, iou: 0.5406, iou_t0: 0.5501, iou_t1: 0.5239, iou_t2: 0.5659, iou_t3: 0.5471, iou_t4: 0.4999, iou_t5: 0.5396, loss: 0.1031
2026-05-05 21:36:59,084 - mmdet - INFO - 
--- Val evaluation at iter 11500 ---
2026-05-05 21:42:14,136 - mmdet - INFO - 
+------------+-------------+-------------+
| Class      | Val IoU     | Pseudo IoU  |
+------------+-------------+-------------+
| background | 91.41       | 92.68       |
| building   | 63.38       | 69.14       |
| Summary    | mIoU: 77.40 | mIoU: 80.91 |
+------------+-------------+-------------+
Images evaluated: 218
2026-05-05 21:42:16,183 - mmdet - INFO - Iter [11500/120000]	lr: 1.000e-04, eta: 1 day, 19:55:14, time: 0.755, data_time: 0.007, memory: 10658, val/mIoU: 0.7740, val/IoU.building: 0.6338, val/IoU.background: 0.9141, val/Pseudo_mIoU: 0.8091, loss_mask: 0.1421, loss_texture: 0.0035, iou: 0.6065, iou_t0: 0.6388, iou_t1: 0.6809, iou_t2: 0.6489, iou_t3: 0.4848, iou_t4: 0.6565, iou_t5: 0.5974, loss: 0.1455
2026-05-05 21:42:38,845 - mmdet - INFO - Iter [11525/120000]	lr: 1.000e-04, eta: 1 day, 20:42:12, time: 13.590, data_time: 12.693, memory: 10658, loss_mask: 0.1022, loss_texture: 0.0031, iou: 0.6676, iou_t0: 0.7173, iou_t1: 0.7131, iou_t2: 0.7155, iou_t3: 0.5857, iou_t4: 0.6672, iou_t5: 0.6623, loss: 0.1052
2026-05-05 21:43:01,497 - mmdet - INFO - Iter [11550/120000]	lr: 1.000e-04, eta: 1 day, 20:39:19, time: 0.906, data_time: 0.007, memory: 10658, loss_mask: 0.1581, loss_texture: 0.0039, iou: 0.6236, iou_t0: 0.6906, iou_t1: 0.6978, iou_t2: 0.5953, iou_t3: 0.5741, iou_t4: 0.5391, iou_t5: 0.6848, loss: 0.1619
2026-05-05 21:43:23,808 - mmdet - INFO - Iter [11575/120000]	lr: 1.000e-04, eta: 1 day, 20:36:24, time: 0.892, data_time: 0.007, memory: 10658, loss_mask: 0.1310, loss_texture: 0.0032, iou: 0.6295, iou_t0: 0.7302, iou_t1: 0.5622, iou_t2: 0.6031, iou_t3: 0.5977, iou_t4: 0.6620, iou_t5: 0.5759, loss: 0.1342
2026-05-05 21:43:46,787 - mmdet - INFO - Iter [11600/120000]	lr: 1.000e-04, eta: 1 day, 20:33:36, time: 0.919, data_time: 0.007, memory: 10658, loss_mask: 0.1441, loss_texture: 0.0043, iou: 0.6643, iou_t0: 0.8012, iou_t1: 0.6496, iou_t2: 0.6762, iou_t3: 0.6964, iou_t4: 0.6003, iou_t5: 0.6228, loss: 0.1484
2026-05-05 21:44:09,134 - mmdet - INFO - Iter [11625/120000]	lr: 1.000e-04, eta: 1 day, 20:30:42, time: 0.894, data_time: 0.008, memory: 10658, loss_mask: 0.1031, loss_texture: 0.0033, iou: 0.6415, iou_t0: 0.6694, iou_t1: 0.6489, iou_t2: 0.5957, iou_t3: 0.6295, iou_t4: 0.5690, iou_t5: 0.7265, loss: 0.1064
2026-05-05 21:44:31,578 - mmdet - INFO - Iter [11650/120000]	lr: 1.000e-04, eta: 1 day, 20:27:50, time: 0.898, data_time: 0.007, memory: 10658, loss_mask: 0.1219, loss_texture: 0.0030, iou: 0.5656, iou_t0: 0.6238, iou_t1: 0.5330, iou_t2: 0.5994, iou_t3: 0.5466, iou_t4: 0.5453, iou_t5: 0.5643, loss: 0.1249
2026-05-05 21:44:53,998 - mmdet - INFO - Iter [11675/120000]	lr: 1.000e-04, eta: 1 day, 20:24:59, time: 0.897, data_time: 0.007, memory: 10658, loss_mask: 0.2189, loss_texture: 0.0044, iou: 0.5744, iou_t0: 0.5968, iou_t1: 0.6323, iou_t2: 0.5365, iou_t3: 0.6596, iou_t4: 0.5736, iou_t5: 0.4911, loss: 0.2233
2026-05-05 21:45:16,799 - mmdet - INFO - Iter [11700/120000]	lr: 1.000e-04, eta: 1 day, 20:22:11, time: 0.912, data_time: 0.007, memory: 10658, loss_mask: 0.2343, loss_texture: 0.0043, iou: 0.5935, iou_t0: 0.6727, iou_t1: 0.6439, iou_t2: 0.5008, iou_t3: 0.6014, iou_t4: 0.5064, iou_t5: 0.6342, loss: 0.2386
2026-05-05 21:45:39,834 - mmdet - INFO - Iter [11725/120000]	lr: 1.000e-04, eta: 1 day, 20:19:27, time: 0.921, data_time: 0.007, memory: 10658, loss_mask: 0.2003, loss_texture: 0.0043, iou: 0.6690, iou_t0: 0.6918, iou_t1: 0.7860, iou_t2: 0.6674, iou_t3: 0.6281, iou_t4: 0.6663, iou_t5: 0.5631, loss: 0.2046
2026-05-05 21:46:02,962 - mmdet - INFO - Iter [11750/120000]	lr: 1.000e-04, eta: 1 day, 20:16:43, time: 0.925, data_time: 0.007, memory: 10658, loss_mask: 0.1420, loss_texture: 0.0040, iou: 0.5901, iou_t0: 0.6118, iou_t1: 0.5703, iou_t2: 0.6143, iou_t3: 0.5628, iou_t4: 0.5749, iou_t5: 0.5378, loss: 0.1461
2026-05-05 21:46:26,183 - mmdet - INFO - Iter [11775/120000]	lr: 1.000e-04, eta: 1 day, 20:14:02, time: 0.929, data_time: 0.007, memory: 10658, loss_mask: 0.1583, loss_texture: 0.0043, iou: 0.6361, iou_t0: 0.7243, iou_t1: 0.6268, iou_t2: 0.5923, iou_t3: 0.5837, iou_t4: 0.6008, iou_t5: 0.6626, loss: 0.1625
2026-05-05 21:46:44,388 - mmdet - INFO - Iter [11800/120000]	lr: 1.000e-04, eta: 1 day, 20:10:35, time: 0.728, data_time: 0.007, memory: 10658, loss_mask: 0.1256, loss_texture: 0.0038, iou: 0.6068, iou_t0: 0.6447, iou_t1: 0.6463, iou_t2: 0.5847, iou_t3: 0.5997, iou_t4: 0.6347, iou_t5: 0.5866, loss: 0.1294
2026-05-05 21:47:04,492 - mmdet - INFO - Iter [11825/120000]	lr: 1.000e-04, eta: 1 day, 20:07:26, time: 0.804, data_time: 0.008, memory: 10658, loss_mask: 0.1437, loss_texture: 0.0032, iou: 0.6179, iou_t0: 0.7244, iou_t1: 0.6777, iou_t2: 0.5996, iou_t3: 0.6432, iou_t4: 0.5636, iou_t5: 0.5494, loss: 0.1469
2026-05-05 21:47:25,507 - mmdet - INFO - Iter [11850/120000]	lr: 1.000e-04, eta: 1 day, 20:04:26, time: 0.841, data_time: 0.007, memory: 10658, loss_mask: 0.1537, loss_texture: 0.0041, iou: 0.5898, iou_t0: 0.6529, iou_t1: 0.5654, iou_t2: 0.6170, iou_t3: 0.5402, iou_t4: 0.5436, iou_t5: 0.6042, loss: 0.1578
2026-05-05 21:47:46,335 - mmdet - INFO - Iter [11875/120000]	lr: 1.000e-04, eta: 1 day, 20:01:25, time: 0.833, data_time: 0.007, memory: 10658, loss_mask: 0.1008, loss_texture: 0.0033, iou: 0.6926, iou_t0: 0.6178, iou_t1: 0.7502, iou_t2: 0.6059, iou_t3: 0.7103, iou_t4: 0.7049, iou_t5: 0.6900, loss: 0.1040
2026-05-05 21:48:04,560 - mmdet - INFO - Iter [11900/120000]	lr: 1.000e-04, eta: 1 day, 19:58:01, time: 0.729, data_time: 0.008, memory: 10658, loss_mask: 0.1261, loss_texture: 0.0037, iou: 0.6581, iou_t0: 0.6700, iou_t1: 0.6759, iou_t2: 0.6311, iou_t3: 0.6089, iou_t4: 0.6471, iou_t5: 0.7312, loss: 0.1298
2026-05-05 21:48:21,307 - mmdet - INFO - Iter [11925/120000]	lr: 1.000e-04, eta: 1 day, 19:54:24, time: 0.670, data_time: 0.007, memory: 10658, loss_mask: 0.1084, loss_texture: 0.0034, iou: 0.6733, iou_t0: 0.6747, iou_t1: 0.6330, iou_t2: 0.6956, iou_t3: 0.6404, iou_t4: 0.7073, iou_t5: 0.6969, loss: 0.1118
2026-05-05 21:48:40,051 - mmdet - INFO - Iter [11950/120000]	lr: 1.000e-04, eta: 1 day, 19:51:06, time: 0.750, data_time: 0.007, memory: 10658, loss_mask: 0.1678, loss_texture: 0.0041, iou: 0.6592, iou_t0: 0.6447, iou_t1: 0.7260, iou_t2: 0.6935, iou_t3: 0.6424, iou_t4: 0.6159, iou_t5: 0.6699, loss: 0.1719
2026-05-05 21:48:58,775 - mmdet - INFO - Iter [11975/120000]	lr: 1.000e-04, eta: 1 day, 19:47:49, time: 0.749, data_time: 0.006, memory: 10658, loss_mask: 0.0941, loss_texture: 0.0030, iou: 0.5964, iou_t0: 0.6096, iou_t1: 0.6506, iou_t2: 0.5778, iou_t3: 0.6010, iou_t4: 0.6321, iou_t5: 0.5424, loss: 0.0971
2026-05-05 21:49:17,603 - mmdet - INFO - 
--- Val evaluation at iter 12000 ---
2026-05-05 21:54:34,094 - mmdet - INFO - 
+------------+-------------+-------------+
| Class      | Val IoU     | Pseudo IoU  |
+------------+-------------+-------------+
| background | 91.76       | 92.68       |
| building   | 65.48       | 69.14       |
| Summary    | mIoU: 78.62 | mIoU: 80.91 |
+------------+-------------+-------------+
Images evaluated: 218
2026-05-05 21:54:36,071 - mmdet - INFO - Exp name: exp5_obj_bnd.py
2026-05-05 21:54:36,072 - mmdet - INFO - Iter [12000/120000]	lr: 1.000e-04, eta: 1 day, 19:44:34, time: 0.753, data_time: 0.007, memory: 10658, val/mIoU: 0.7862, val/IoU.building: 0.6548, val/IoU.background: 0.9176, val/Pseudo_mIoU: 0.8091, loss_mask: 0.0979, loss_texture: 0.0034, iou: 0.6708, iou_t0: 0.6825, iou_t1: 0.7807, iou_t2: 0.6388, iou_t3: 0.6740, iou_t4: 0.6094, iou_t5: 0.6614, loss: 0.1013
2026-05-05 21:54:58,535 - mmdet - INFO - Iter [12025/120000]	lr: 1.000e-04, eta: 1 day, 20:29:31, time: 13.637, data_time: 12.746, memory: 10658, loss_mask: 0.0880, loss_texture: 0.0028, iou: 0.6561, iou_t0: 0.7448, iou_t1: 0.6933, iou_t2: 0.6071, iou_t3: 0.6049, iou_t4: 0.6556, iou_t5: 0.6544, loss: 0.0908
2026-05-05 21:55:21,681 - mmdet - INFO - Iter [12050/120000]	lr: 1.000e-04, eta: 1 day, 20:26:49, time: 0.926, data_time: 0.007, memory: 10658, loss_mask: 0.1086, loss_texture: 0.0033, iou: 0.6062, iou_t0: 0.7027, iou_t1: 0.5914, iou_t2: 0.6306, iou_t3: 0.5876, iou_t4: 0.5719, iou_t5: 0.5701, loss: 0.1119
2026-05-05 21:55:44,263 - mmdet - INFO - Iter [12075/120000]	lr: 1.000e-04, eta: 1 day, 20:24:03, time: 0.903, data_time: 0.007, memory: 10658, loss_mask: 0.3091, loss_texture: 0.0044, iou: 0.6827, iou_t0: 0.7471, iou_t1: 0.7543, iou_t2: 0.6594, iou_t3: 0.6195, iou_t4: 0.7202, iou_t5: 0.6568, loss: 0.3135
2026-05-05 21:56:07,364 - mmdet - INFO - Iter [12100/120000]	lr: 1.000e-04, eta: 1 day, 20:21:22, time: 0.924, data_time: 0.007, memory: 10658, loss_mask: 0.1440, loss_texture: 0.0039, iou: 0.6904, iou_t0: 0.7574, iou_t1: 0.7447, iou_t2: 0.6275, iou_t3: 0.6057, iou_t4: 0.6986, iou_t5: 0.6955, loss: 0.1479
2026-05-05 21:56:29,908 - mmdet - INFO - Iter [12125/120000]	lr: 1.000e-04, eta: 1 day, 20:18:36, time: 0.902, data_time: 0.007, memory: 10658, loss_mask: 0.1318, loss_texture: 0.0033, iou: 0.6693, iou_t0: 0.7415, iou_t1: 0.7346, iou_t2: 0.5958, iou_t3: 0.6690, iou_t4: 0.5859, iou_t5: 0.6669, loss: 0.1351
2026-05-05 21:56:52,624 - mmdet - INFO - Iter [12150/120000]	lr: 1.000e-04, eta: 1 day, 20:15:53, time: 0.909, data_time: 0.007, memory: 10658, loss_mask: 0.3564, loss_texture: 0.0042, iou: 0.5386, iou_t0: 0.5676, iou_t1: 0.6016, iou_t2: 0.5536, iou_t3: 0.5269, iou_t4: 0.3693, iou_t5: 0.5596, loss: 0.3606
2026-05-05 21:57:15,173 - mmdet - INFO - Iter [12175/120000]	lr: 1.000e-04, eta: 1 day, 20:13:08, time: 0.902, data_time: 0.008, memory: 10658, loss_mask: 0.1854, loss_texture: 0.0045, iou: 0.6246, iou_t0: 0.7210, iou_t1: 0.6289, iou_t2: 0.5639, iou_t3: 0.6808, iou_t4: 0.6386, iou_t5: 0.5068, loss: 0.1900
2026-05-05 21:57:37,422 - mmdet - INFO - Iter [12200/120000]	lr: 1.000e-04, eta: 1 day, 20:10:22, time: 0.890, data_time: 0.007, memory: 10658, loss_mask: 0.1123, loss_texture: 0.0032, iou: 0.6063, iou_t0: 0.5920, iou_t1: 0.6396, iou_t2: 0.5347, iou_t3: 0.5969, iou_t4: 0.6308, iou_t5: 0.6354, loss: 0.1155
2026-05-05 21:57:59,974 - mmdet - INFO - Iter [12225/120000]	lr: 1.000e-04, eta: 1 day, 20:07:39, time: 0.902, data_time: 0.007, memory: 10658, loss_mask: 0.1399, loss_texture: 0.0033, iou: 0.6313, iou_t0: 0.5768, iou_t1: 0.7245, iou_t2: 0.6362, iou_t3: 0.5893, iou_t4: 0.6532, iou_t5: 0.6108, loss: 0.1433
2026-05-05 21:58:22,368 - mmdet - INFO - Iter [12250/120000]	lr: 1.000e-04, eta: 1 day, 20:04:55, time: 0.896, data_time: 0.007, memory: 10658, loss_mask: 0.1046, loss_texture: 0.0030, iou: 0.5803, iou_t0: 0.5661, iou_t1: 0.5976, iou_t2: 0.5733, iou_t3: 0.5270, iou_t4: 0.5985, iou_t5: 0.5762, loss: 0.1076
2026-05-05 21:58:39,386 - mmdet - INFO - Iter [12275/120000]	lr: 1.000e-04, eta: 1 day, 20:01:24, time: 0.681, data_time: 0.008, memory: 10658, loss_mask: 0.1016, loss_texture: 0.0030, iou: 0.6170, iou_t0: 0.5736, iou_t1: 0.6209, iou_t2: 0.6338, iou_t3: 0.5997, iou_t4: 0.6410, iou_t5: 0.6301, loss: 0.1046
2026-05-05 21:59:00,206 - mmdet - INFO - Iter [12300/120000]	lr: 1.000e-04, eta: 1 day, 19:58:28, time: 0.833, data_time: 0.008, memory: 10658, loss_mask: 0.0720, loss_texture: 0.0028, iou: 0.6501, iou_t0: 0.6965, iou_t1: 0.6713, iou_t2: 0.6330, iou_t3: 0.5971, iou_t4: 0.6595, iou_t5: 0.6226, loss: 0.0748
2026-05-05 21:59:20,953 - mmdet - INFO - Iter [12325/120000]	lr: 1.000e-04, eta: 1 day, 19:55:31, time: 0.830, data_time: 0.007, memory: 10658, loss_mask: 0.0930, loss_texture: 0.0033, iou: 0.6298, iou_t0: 0.6653, iou_t1: 0.6549, iou_t2: 0.6353, iou_t3: 0.5817, iou_t4: 0.5933, iou_t5: 0.6355, loss: 0.0963
2026-05-05 21:59:41,531 - mmdet - INFO - Iter [12350/120000]	lr: 1.000e-04, eta: 1 day, 19:52:34, time: 0.823, data_time: 0.007, memory: 10658, loss_mask: 0.1175, loss_texture: 0.0035, iou: 0.6637, iou_t0: 0.7693, iou_t1: 0.6780, iou_t2: 0.6783, iou_t3: 0.6159, iou_t4: 0.6575, iou_t5: 0.6074, loss: 0.1210
2026-05-05 22:00:02,481 - mmdet - INFO - Iter [12375/120000]	lr: 1.000e-04, eta: 1 day, 19:49:40, time: 0.838, data_time: 0.008, memory: 10658, loss_mask: 0.1067, loss_texture: 0.0033, iou: 0.6188, iou_t0: 0.6248, iou_t1: 0.5894, iou_t2: 0.6218, iou_t3: 0.5940, iou_t4: 0.6254, iou_t5: 0.6580, loss: 0.1100
2026-05-05 22:00:23,253 - mmdet - INFO - Iter [12400/120000]	lr: 1.000e-04, eta: 1 day, 19:46:46, time: 0.831, data_time: 0.008, memory: 10658, loss_mask: 0.0713, loss_texture: 0.0025, iou: 0.6512, iou_t0: 0.6682, iou_t1: 0.5938, iou_t2: 0.6237, iou_t3: 0.6465, iou_t4: 0.6626, iou_t5: 0.6372, loss: 0.0738
2026-05-05 22:00:38,176 - mmdet - INFO - Iter [12425/120000]	lr: 1.000e-04, eta: 1 day, 19:43:01, time: 0.597, data_time: 0.008, memory: 10658, loss_mask: 0.1069, loss_texture: 0.0034, iou: 0.6233, iou_t0: 0.6374, iou_t1: 0.7000, iou_t2: 0.5367, iou_t3: 0.7057, iou_t4: 0.6289, iou_t5: 0.5726, loss: 0.1103
2026-05-05 22:00:56,760 - mmdet - INFO - Iter [12450/120000]	lr: 1.000e-04, eta: 1 day, 19:39:49, time: 0.743, data_time: 0.007, memory: 10658, loss_mask: 0.0959, loss_texture: 0.0030, iou: 0.6888, iou_t0: 0.6803, iou_t1: 0.6439, iou_t2: 0.6642, iou_t3: 0.7013, iou_t4: 0.6951, iou_t5: 0.7075, loss: 0.0989
2026-05-05 22:01:15,639 - mmdet - INFO - Iter [12475/120000]	lr: 1.000e-04, eta: 1 day, 19:36:41, time: 0.755, data_time: 0.007, memory: 10658, loss_mask: 0.0782, loss_texture: 0.0031, iou: 0.6327, iou_t0: 0.6434, iou_t1: 0.6614, iou_t2: 0.6502, iou_t3: 0.6394, iou_t4: 0.6549, iou_t5: 0.6305, loss: 0.0813
2026-05-05 22:01:34,228 - mmdet - INFO - 
--- Val evaluation at iter 12500 ---
2026-05-05 22:06:52,842 - mmdet - INFO - 
+------------+-------------+-------------+
| Class      | Val IoU     | Pseudo IoU  |
+------------+-------------+-------------+
| background | 91.25       | 92.68       |
| building   | 61.36       | 69.14       |
| Summary    | mIoU: 76.30 | mIoU: 80.91 |
+------------+-------------+-------------+
Images evaluated: 218
2026-05-05 22:06:54,928 - mmdet - INFO - Iter [12500/120000]	lr: 1.000e-04, eta: 1 day, 19:33:30, time: 0.744, data_time: 0.007, memory: 10658, val/mIoU: 0.7630, val/IoU.building: 0.6136, val/IoU.background: 0.9125, val/Pseudo_mIoU: 0.8091, loss_mask: 0.1117, loss_texture: 0.0037, iou: 0.6225, iou_t0: 0.6429, iou_t1: 0.6895, iou_t2: 0.6487, iou_t3: 0.6144, iou_t4: 0.5910, iou_t5: 0.5634, loss: 0.1154
2026-05-05 22:07:17,798 - mmdet - INFO - Iter [12525/120000]	lr: 1.000e-04, eta: 1 day, 20:16:49, time: 13.743, data_time: 12.837, memory: 10658, loss_mask: 0.1100, loss_texture: 0.0033, iou: 0.6619, iou_t0: 0.6835, iou_t1: 0.6352, iou_t2: 0.6048, iou_t3: 0.7000, iou_t4: 0.6723, iou_t5: 0.6536, loss: 0.1134
2026-05-05 22:07:40,878 - mmdet - INFO - Iter [12550/120000]	lr: 1.000e-04, eta: 1 day, 20:14:12, time: 0.923, data_time: 0.007, memory: 10658, loss_mask: 0.0882, loss_texture: 0.0031, iou: 0.6651, iou_t0: 0.8017, iou_t1: 0.6834, iou_t2: 0.6943, iou_t3: 0.6351, iou_t4: 0.6089, iou_t5: 0.6043, loss: 0.0913
2026-05-05 22:08:03,299 - mmdet - INFO - Iter [12575/120000]	lr: 1.000e-04, eta: 1 day, 20:11:30, time: 0.897, data_time: 0.007, memory: 10658, loss_mask: 0.0746, loss_texture: 0.0027, iou: 0.6160, iou_t0: 0.5864, iou_t1: 0.5389, iou_t2: 0.5851, iou_t3: 0.6473, iou_t4: 0.6818, iou_t5: 0.6528, loss: 0.0773
2026-05-05 22:08:26,046 - mmdet - INFO - Iter [12600/120000]	lr: 1.000e-04, eta: 1 day, 20:08:51, time: 0.910, data_time: 0.007, memory: 10658, loss_mask: 0.1084, loss_texture: 0.0035, iou: 0.6606, iou_t0: 0.7290, iou_t1: 0.6666, iou_t2: 0.6777, iou_t3: 0.6262, iou_t4: 0.6182, iou_t5: 0.6850, loss: 0.1119
2026-05-05 22:08:48,542 - mmdet - INFO - Iter [12625/120000]	lr: 1.000e-04, eta: 1 day, 20:06:11, time: 0.900, data_time: 0.007, memory: 10658, loss_mask: 0.1335, loss_texture: 0.0037, iou: 0.6860, iou_t0: 0.7099, iou_t1: 0.6895, iou_t2: 0.6609, iou_t3: 0.6963, iou_t4: 0.7077, iou_t5: 0.6565, loss: 0.1372
2026-05-05 22:09:11,166 - mmdet - INFO - Iter [12650/120000]	lr: 1.000e-04, eta: 1 day, 20:03:32, time: 0.905, data_time: 0.007, memory: 10658, loss_mask: 0.1862, loss_texture: 0.0038, iou: 0.6384, iou_t0: 0.7230, iou_t1: 0.6361, iou_t2: 0.5801, iou_t3: 0.5836, iou_t4: 0.6232, iou_t5: 0.6532, loss: 0.1900
2026-05-05 22:09:34,089 - mmdet - INFO - Iter [12675/120000]	lr: 1.000e-04, eta: 1 day, 20:00:56, time: 0.917, data_time: 0.007, memory: 10658, loss_mask: 0.1668, loss_texture: 0.0041, iou: 0.6436, iou_t0: 0.6828, iou_t1: 0.6739, iou_t2: 0.6048, iou_t3: 0.6325, iou_t4: 0.6126, iou_t5: 0.6773, loss: 0.1709
2026-05-05 22:09:57,117 - mmdet - INFO - Iter [12700/120000]	lr: 1.000e-04, eta: 1 day, 19:58:22, time: 0.921, data_time: 0.007, memory: 10658, loss_mask: 0.1481, loss_texture: 0.0035, iou: 0.6570, iou_t0: 0.7745, iou_t1: 0.5746, iou_t2: 0.6780, iou_t3: 0.6123, iou_t4: 0.6410, iou_t5: 0.6925, loss: 0.1516
2026-05-05 22:10:16,403 - mmdet - INFO - Iter [12725/120000]	lr: 1.000e-04, eta: 1 day, 19:55:17, time: 0.772, data_time: 0.007, memory: 10658, loss_mask: 0.0710, loss_texture: 0.0028, iou: 0.6418, iou_t0: 0.7038, iou_t1: 0.6613, iou_t2: 0.5994, iou_t3: 0.6043, iou_t4: 0.6458, iou_t5: 0.6522, loss: 0.0738
2026-05-05 22:10:35,749 - mmdet - INFO - Iter [12750/120000]	lr: 1.000e-04, eta: 1 day, 19:52:13, time: 0.774, data_time: 0.007, memory: 10658, loss_mask: 0.0932, loss_texture: 0.0029, iou: 0.5251, iou_t0: 0.5912, iou_t1: 0.6264, iou_t2: 0.5329, iou_t3: 0.4411, iou_t4: 0.4397, iou_t5: 0.5209, loss: 0.0961
2026-05-05 22:10:56,793 - mmdet - INFO - Iter [12775/120000]	lr: 1.000e-04, eta: 1 day, 19:49:24, time: 0.842, data_time: 0.007, memory: 10658, loss_mask: 0.1096, loss_texture: 0.0038, iou: 0.7406, iou_t0: 0.6749, iou_t1: 0.6982, iou_t2: 0.7556, iou_t3: 0.7866, iou_t4: 0.7744, iou_t5: 0.7412, loss: 0.1134
2026-05-05 22:11:17,570 - mmdet - INFO - Iter [12800/120000]	lr: 1.000e-04, eta: 1 day, 19:46:33, time: 0.831, data_time: 0.007, memory: 10658, loss_mask: 0.1299, loss_texture: 0.0038, iou: 0.7194, iou_t0: 0.7048, iou_t1: 0.7800, iou_t2: 0.6207, iou_t3: 0.7261, iou_t4: 0.7012, iou_t5: 0.7866, loss: 0.1337
2026-05-05 22:11:38,277 - mmdet - INFO - Iter [12825/120000]	lr: 1.000e-04, eta: 1 day, 19:43:42, time: 0.828, data_time: 0.008, memory: 10658, loss_mask: 0.1019, loss_texture: 0.0029, iou: 0.6259, iou_t0: 0.6601, iou_t1: 0.6559, iou_t2: 0.5731, iou_t3: 0.5754, iou_t4: 0.6284, iou_t5: 0.6300, loss: 0.1048
2026-05-05 22:11:59,381 - mmdet - INFO - Iter [12850/120000]	lr: 1.000e-04, eta: 1 day, 19:40:55, time: 0.844, data_time: 0.008, memory: 10658, loss_mask: 0.0940, loss_texture: 0.0033, iou: 0.6246, iou_t0: 0.6323, iou_t1: 0.7127, iou_t2: 0.6181, iou_t3: 0.6141, iou_t4: 0.5398, iou_t5: 0.5979, loss: 0.0974
2026-05-05 22:12:20,087 - mmdet - INFO - Iter [12875/120000]	lr: 1.000e-04, eta: 1 day, 19:38:05, time: 0.828, data_time: 0.007, memory: 10658, loss_mask: 0.0929, loss_texture: 0.0033, iou: 0.6766, iou_t0: 0.6473, iou_t1: 0.7273, iou_t2: 0.6636, iou_t3: 0.6534, iou_t4: 0.7289, iou_t5: 0.6410, loss: 0.0962
2026-05-05 22:12:40,866 - mmdet - INFO - Iter [12900/120000]	lr: 1.000e-04, eta: 1 day, 19:35:17, time: 0.831, data_time: 0.007, memory: 10658, loss_mask: 0.1170, loss_texture: 0.0031, iou: 0.6346, iou_t0: 0.7059, iou_t1: 0.4597, iou_t2: 0.6313, iou_t3: 0.7216, iou_t4: 0.6021, iou_t5: 0.6001, loss: 0.1201
2026-05-05 22:12:56,286 - mmdet - INFO - Iter [12925/120000]	lr: 1.000e-04, eta: 1 day, 19:31:45, time: 0.617, data_time: 0.008, memory: 10658, loss_mask: 0.0751, loss_texture: 0.0031, iou: 0.6628, iou_t0: 0.6899, iou_t1: 0.6690, iou_t2: 0.6446, iou_t3: 0.6126, iou_t4: 0.6734, iou_t5: 0.6855, loss: 0.0782
2026-05-05 22:13:14,817 - mmdet - INFO - Iter [12950/120000]	lr: 1.000e-04, eta: 1 day, 19:28:39, time: 0.741, data_time: 0.007, memory: 10658, loss_mask: 0.1043, loss_texture: 0.0026, iou: 0.6183, iou_t0: 0.6378, iou_t1: 0.6860, iou_t2: 0.4950, iou_t3: 0.6443, iou_t4: 0.6277, iou_t5: 0.5706, loss: 0.1069
2026-05-05 22:13:33,522 - mmdet - INFO - Iter [12975/120000]	lr: 1.000e-04, eta: 1 day, 19:25:35, time: 0.748, data_time: 0.007, memory: 10658, loss_mask: 0.1063, loss_texture: 0.0040, iou: 0.6811, iou_t0: 0.7037, iou_t1: 0.7398, iou_t2: 0.7125, iou_t3: 0.7076, iou_t4: 0.6174, iou_t5: 0.5913, loss: 0.1103
2026-05-05 22:13:52,408 - mmdet - INFO - 
--- Val evaluation at iter 13000 ---
2026-05-05 22:19:12,871 - mmdet - INFO - 
+------------+-------------+-------------+
| Class      | Val IoU     | Pseudo IoU  |
+------------+-------------+-------------+
| background | 91.48       | 92.68       |
| building   | 62.98       | 69.14       |
| Summary    | mIoU: 77.23 | mIoU: 80.91 |
+------------+-------------+-------------+
Images evaluated: 218
2026-05-05 22:19:14,952 - mmdet - INFO - Exp name: exp5_obj_bnd.py
2026-05-05 22:19:14,953 - mmdet - INFO - Iter [13000/120000]	lr: 1.000e-04, eta: 1 day, 19:22:33, time: 0.755, data_time: 0.007, memory: 10658, val/mIoU: 0.7723, val/IoU.building: 0.6298, val/IoU.background: 0.9148, val/Pseudo_mIoU: 0.8091, loss_mask: 0.0849, loss_texture: 0.0033, iou: 0.6647, iou_t0: 0.7408, iou_t1: 0.7032, iou_t2: 0.6381, iou_t3: 0.6517, iou_t4: 0.5702, iou_t5: 0.6793, loss: 0.0882
2026-05-05 22:19:37,604 - mmdet - INFO - Iter [13025/120000]	lr: 1.000e-04, eta: 1 day, 20:04:12, time: 13.808, data_time: 12.909, memory: 10658, loss_mask: 0.0947, loss_texture: 0.0028, iou: 0.6795, iou_t0: 0.6863, iou_t1: 0.6614, iou_t2: 0.6574, iou_t3: 0.7427, iou_t4: 0.6619, iou_t5: 0.6572, loss: 0.0975
2026-05-05 22:20:00,809 - mmdet - INFO - Iter [13050/120000]	lr: 1.000e-04, eta: 1 day, 20:01:41, time: 0.928, data_time: 0.007, memory: 10658, loss_mask: 0.0931, loss_texture: 0.0035, iou: 0.6922, iou_t0: 0.7131, iou_t1: 0.6712, iou_t2: 0.7999, iou_t3: 0.6542, iou_t4: 0.6924, iou_t5: 0.6559, loss: 0.0966
2026-05-05 22:20:23,485 - mmdet - INFO - Iter [13075/120000]	lr: 1.000e-04, eta: 1 day, 19:59:07, time: 0.907, data_time: 0.007, memory: 10658, loss_mask: 0.0987, loss_texture: 0.0029, iou: 0.5960, iou_t0: 0.6230, iou_t1: 0.6306, iou_t2: 0.5644, iou_t3: 0.5424, iou_t4: 0.6204, iou_t5: 0.5869, loss: 0.1016
2026-05-05 22:20:46,303 - mmdet - INFO - Iter [13100/120000]	lr: 1.000e-04, eta: 1 day, 19:56:34, time: 0.913, data_time: 0.007, memory: 10658, loss_mask: 0.1045, loss_texture: 0.0031, iou: 0.6426, iou_t0: 0.6552, iou_t1: 0.6678, iou_t2: 0.6081, iou_t3: 0.6646, iou_t4: 0.6572, iou_t5: 0.6321, loss: 0.1076
2026-05-05 22:21:08,761 - mmdet - INFO - Iter [13125/120000]	lr: 1.000e-04, eta: 1 day, 19:53:59, time: 0.898, data_time: 0.007, memory: 10658, loss_mask: 0.0703, loss_texture: 0.0027, iou: 0.6299, iou_t0: 0.6530, iou_t1: 0.6456, iou_t2: 0.6201, iou_t3: 0.6327, iou_t4: 0.6443, iou_t5: 0.5771, loss: 0.0730
2026-05-05 22:21:30,961 - mmdet - INFO - Iter [13150/120000]	lr: 1.000e-04, eta: 1 day, 19:51:22, time: 0.888, data_time: 0.007, memory: 10658, loss_mask: 0.0780, loss_texture: 0.0025, iou: 0.6264, iou_t0: 0.6046, iou_t1: 0.5556, iou_t2: 0.5788, iou_t3: 0.6208, iou_t4: 0.7402, iou_t5: 0.6931, loss: 0.0805
2026-05-05 22:21:53,582 - mmdet - INFO - Iter [13175/120000]	lr: 1.000e-04, eta: 1 day, 19:48:49, time: 0.905, data_time: 0.007, memory: 10658, loss_mask: 0.0667, loss_texture: 0.0026, iou: 0.6443, iou_t0: 0.5907, iou_t1: 0.6689, iou_t2: 0.6532, iou_t3: 0.5845, iou_t4: 0.6576, iou_t5: 0.6618, loss: 0.0693
2026-05-05 22:22:11,255 - mmdet - INFO - Iter [13200/120000]	lr: 1.000e-04, eta: 1 day, 19:45:36, time: 0.707, data_time: 0.007, memory: 10658, loss_mask: 0.1025, loss_texture: 0.0034, iou: 0.6493, iou_t0: 0.6703, iou_t1: 0.6200, iou_t2: 0.6756, iou_t3: 0.5517, iou_t4: 0.7339, iou_t5: 0.6001, loss: 0.1059
2026-05-05 22:22:31,704 - mmdet - INFO - Iter [13225/120000]	lr: 1.000e-04, eta: 1 day, 19:42:46, time: 0.818, data_time: 0.007, memory: 10658, loss_mask: 0.1075, loss_texture: 0.0028, iou: 0.5851, iou_t0: 0.5339, iou_t1: 0.5625, iou_t2: 0.5099, iou_t3: 0.5708, iou_t4: 0.6859, iou_t5: 0.6293, loss: 0.1103
2026-05-05 22:22:52,722 - mmdet - INFO - Iter [13250/120000]	lr: 1.000e-04, eta: 1 day, 19:40:02, time: 0.841, data_time: 0.008, memory: 10658, loss_mask: 0.0829, loss_texture: 0.0032, iou: 0.7292, iou_t0: 0.7890, iou_t1: 0.7454, iou_t2: 0.7166, iou_t3: 0.7876, iou_t4: 0.6575, iou_t5: 0.6856, loss: 0.0861
2026-05-05 22:23:13,447 - mmdet - INFO - Iter [13275/120000]	lr: 1.000e-04, eta: 1 day, 19:37:16, time: 0.829, data_time: 0.007, memory: 10658, loss_mask: 0.0952, loss_texture: 0.0033, iou: 0.6862, iou_t0: 0.7252, iou_t1: 0.6516, iou_t2: 0.6846, iou_t3: 0.7108, iou_t4: 0.6627, iou_t5: 0.6881, loss: 0.0985
2026-05-05 22:23:34,021 - mmdet - INFO - Iter [13300/120000]	lr: 1.000e-04, eta: 1 day, 19:34:29, time: 0.823, data_time: 0.007, memory: 10658, loss_mask: 0.0985, loss_texture: 0.0030, iou: 0.6254, iou_t0: 0.7140, iou_t1: 0.5980, iou_t2: 0.5036, iou_t3: 0.6116, iou_t4: 0.6444, iou_t5: 0.7070, loss: 0.1015
2026-05-05 22:23:54,898 - mmdet - INFO - Iter [13325/120000]	lr: 1.000e-04, eta: 1 day, 19:31:45, time: 0.835, data_time: 0.008, memory: 10658, loss_mask: 0.1551, loss_texture: 0.0038, iou: 0.6402, iou_t0: 0.6768, iou_t1: 0.5879, iou_t2: 0.6390, iou_t3: 0.6441, iou_t4: 0.6746, iou_t5: 0.6211, loss: 0.1589
2026-05-05 22:24:15,906 - mmdet - INFO - Iter [13350/120000]	lr: 1.000e-04, eta: 1 day, 19:29:03, time: 0.840, data_time: 0.007, memory: 10658, loss_mask: 0.1239, loss_texture: 0.0034, iou: 0.6480, iou_t0: 0.7085, iou_t1: 0.6804, iou_t2: 0.6075, iou_t3: 0.5979, iou_t4: 0.7178, iou_t5: 0.6229, loss: 0.1274
2026-05-05 22:24:36,750 - mmdet - INFO - Iter [13375/120000]	lr: 1.000e-04, eta: 1 day, 19:26:20, time: 0.834, data_time: 0.007, memory: 10658, loss_mask: 0.1379, loss_texture: 0.0038, iou: 0.5966, iou_t0: 0.6491, iou_t1: 0.5818, iou_t2: 0.5531, iou_t3: 0.5331, iou_t4: 0.6601, iou_t5: 0.5740, loss: 0.1417
2026-05-05 22:24:57,447 - mmdet - INFO - Iter [13400/120000]	lr: 1.000e-04, eta: 1 day, 19:23:36, time: 0.828, data_time: 0.008, memory: 10658, loss_mask: 0.2269, loss_texture: 0.0040, iou: 0.6156, iou_t0: 0.5958, iou_t1: 0.6554, iou_t2: 0.5670, iou_t3: 0.6180, iou_t4: 0.5549, iou_t5: 0.6691, loss: 0.2309
2026-05-05 22:25:16,518 - mmdet - INFO - Iter [13425/120000]	lr: 1.000e-04, eta: 1 day, 19:20:40, time: 0.763, data_time: 0.008, memory: 10658, loss_mask: 0.1487, loss_texture: 0.0041, iou: 0.6662, iou_t0: 0.7231, iou_t1: 0.7055, iou_t2: 0.6444, iou_t3: 0.6048, iou_t4: 0.6711, iou_t5: 0.6535, loss: 0.1528
2026-05-05 22:25:33,021 - mmdet - INFO - Iter [13450/120000]	lr: 1.000e-04, eta: 1 day, 19:17:24, time: 0.660, data_time: 0.008, memory: 10658, loss_mask: 0.1188, loss_texture: 0.0035, iou: 0.6649, iou_t0: 0.6522, iou_t1: 0.6371, iou_t2: 0.6736, iou_t3: 0.6356, iou_t4: 0.7165, iou_t5: 0.6618, loss: 0.1223
2026-05-05 22:25:51,684 - mmdet - INFO - Iter [13475/120000]	lr: 1.000e-04, eta: 1 day, 19:14:26, time: 0.747, data_time: 0.007, memory: 10658, loss_mask: 0.1143, loss_texture: 0.0034, iou: 0.6439, iou_t0: 0.6888, iou_t1: 0.6471, iou_t2: 0.6085, iou_t3: 0.6288, iou_t4: 0.5744, iou_t5: 0.7502, loss: 0.1176
2026-05-05 22:26:10,438 - mmdet - INFO - 
--- Val evaluation at iter 13500 ---
2026-05-05 22:31:33,817 - mmdet - INFO - 
+------------+-------------+-------------+
| Class      | Val IoU     | Pseudo IoU  |
+------------+-------------+-------------+
| background | 91.16       | 92.68       |
| building   | 64.62       | 69.14       |
| Summary    | mIoU: 77.89 | mIoU: 80.91 |
+------------+-------------+-------------+
Images evaluated: 218
2026-05-05 22:31:35,814 - mmdet - INFO - Iter [13500/120000]	lr: 1.000e-04, eta: 1 day, 19:11:29, time: 0.750, data_time: 0.007, memory: 10658, val/mIoU: 0.7789, val/IoU.building: 0.6462, val/IoU.background: 0.9116, val/Pseudo_mIoU: 0.8091, loss_mask: 0.0944, loss_texture: 0.0027, iou: 0.6028, iou_t0: 0.6080, iou_t1: 0.5725, iou_t2: 0.6097, iou_t3: 0.6541, iou_t4: 0.6084, iou_t5: 0.5929, loss: 0.0971
2026-05-05 22:31:58,903 - mmdet - INFO - Iter [13525/120000]	lr: 1.000e-04, eta: 1 day, 19:51:49, time: 13.938, data_time: 13.025, memory: 10658, loss_mask: 0.0868, loss_texture: 0.0032, iou: 0.6206, iou_t0: 0.6017, iou_t1: 0.6178, iou_t2: 0.5857, iou_t3: 0.6655, iou_t4: 0.6481, iou_t5: 0.6201, loss: 0.0900
2026-05-05 22:32:21,677 - mmdet - INFO - Iter [13550/120000]	lr: 1.000e-04, eta: 1 day, 19:49:19, time: 0.911, data_time: 0.007, memory: 10658, loss_mask: 0.1259, loss_texture: 0.0034, iou: 0.6227, iou_t0: 0.6958, iou_t1: 0.6362, iou_t2: 0.5767, iou_t3: 0.5915, iou_t4: 0.6507, iou_t5: 0.5948, loss: 0.1293
2026-05-05 22:32:44,180 - mmdet - INFO - Iter [13575/120000]	lr: 1.000e-04, eta: 1 day, 19:46:48, time: 0.900, data_time: 0.007, memory: 10658, loss_mask: 0.0842, loss_texture: 0.0029, iou: 0.7102, iou_t0: 0.8218, iou_t1: 0.6836, iou_t2: 0.7041, iou_t3: 0.7625, iou_t4: 0.6524, iou_t5: 0.6800, loss: 0.0871
2026-05-05 22:33:06,558 - mmdet - INFO - Iter [13600/120000]	lr: 1.000e-04, eta: 1 day, 19:44:17, time: 0.895, data_time: 0.007, memory: 10658, loss_mask: 0.0583, loss_texture: 0.0022, iou: 0.6210, iou_t0: 0.6582, iou_t1: 0.6235, iou_t2: 0.6235, iou_t3: 0.6249, iou_t4: 0.5500, iou_t5: 0.6195, loss: 0.0605
2026-05-05 22:33:29,520 - mmdet - INFO - Iter [13625/120000]	lr: 1.000e-04, eta: 1 day, 19:41:50, time: 0.918, data_time: 0.007, memory: 10658, loss_mask: 0.0632, loss_texture: 0.0027, iou: 0.5966, iou_t0: 0.5806, iou_t1: 0.6412, iou_t2: 0.5276, iou_t3: 0.6764, iou_t4: 0.5748, iou_t5: 0.5528, loss: 0.0659
2026-05-05 22:33:49,064 - mmdet - INFO - Iter [13650/120000]	lr: 1.000e-04, eta: 1 day, 19:38:57, time: 0.782, data_time: 0.008, memory: 10658, loss_mask: 0.0854, loss_texture: 0.0028, iou: 0.6611, iou_t0: 0.6934, iou_t1: 0.7070, iou_t2: 0.5828, iou_t3: 0.6816, iou_t4: 0.6615, iou_t5: 0.5993, loss: 0.0882
2026-05-05 22:34:08,569 - mmdet - INFO - Iter [13675/120000]	lr: 1.000e-04, eta: 1 day, 19:36:05, time: 0.780, data_time: 0.007, memory: 10658, loss_mask: 0.0661, loss_texture: 0.0022, iou: 0.5914, iou_t0: 0.6418, iou_t1: 0.6265, iou_t2: 0.5801, iou_t3: 0.6187, iou_t4: 0.4938, iou_t5: 0.5985, loss: 0.0683
2026-05-05 22:34:29,273 - mmdet - INFO - Iter [13700/120000]	lr: 1.000e-04, eta: 1 day, 19:33:22, time: 0.828, data_time: 0.007, memory: 10658, loss_mask: 0.0714, loss_texture: 0.0025, iou: 0.6974, iou_t0: 0.7244, iou_t1: 0.7525, iou_t2: 0.7066, iou_t3: 0.6192, iou_t4: 0.7788, iou_t5: 0.6052, loss: 0.0738
2026-05-05 22:34:50,081 - mmdet - INFO - Iter [13725/120000]	lr: 1.000e-04, eta: 1 day, 19:30:41, time: 0.832, data_time: 0.007, memory: 10658, loss_mask: 0.0654, loss_texture: 0.0026, iou: 0.6381, iou_t0: 0.6407, iou_t1: 0.6395, iou_t2: 0.6643, iou_t3: 0.6127, iou_t4: 0.6395, iou_t5: 0.6419, loss: 0.0680
2026-05-05 22:35:10,878 - mmdet - INFO - Iter [13750/120000]	lr: 1.000e-04, eta: 1 day, 19:28:00, time: 0.832, data_time: 0.007, memory: 10658, loss_mask: 0.1045, loss_texture: 0.0034, iou: 0.6735, iou_t0: 0.6152, iou_t1: 0.7250, iou_t2: 0.6076, iou_t3: 0.7254, iou_t4: 0.6571, iou_t5: 0.7109, loss: 0.1078
2026-05-05 22:35:32,039 - mmdet - INFO - Iter [13775/120000]	lr: 1.000e-04, eta: 1 day, 19:25:22, time: 0.846, data_time: 0.007, memory: 10658, loss_mask: 0.1213, loss_texture: 0.0044, iou: 0.6679, iou_t0: 0.6370, iou_t1: 0.6546, iou_t2: 0.6713, iou_t3: 0.7089, iou_t4: 0.6262, iou_t5: 0.6857, loss: 0.1257
2026-05-05 22:35:52,999 - mmdet - INFO - Iter [13800/120000]	lr: 1.000e-04, eta: 1 day, 19:22:44, time: 0.838, data_time: 0.007, memory: 10658, loss_mask: 0.0815, loss_texture: 0.0033, iou: 0.6504, iou_t0: 0.6961, iou_t1: 0.5717, iou_t2: 0.6528, iou_t3: 0.6364, iou_t4: 0.6668, iou_t5: 0.6055, loss: 0.0848
2026-05-05 22:36:13,845 - mmdet - INFO - Iter [13825/120000]	lr: 1.000e-04, eta: 1 day, 19:20:05, time: 0.834, data_time: 0.007, memory: 10658, loss_mask: 0.0915, loss_texture: 0.0032, iou: 0.6374, iou_t0: 0.7071, iou_t1: 0.7176, iou_t2: 0.6720, iou_t3: 0.4065, iou_t4: 0.7099, iou_t5: 0.5967, loss: 0.0947
2026-05-05 22:36:34,708 - mmdet - INFO - Iter [13850/120000]	lr: 1.000e-04, eta: 1 day, 19:17:26, time: 0.835, data_time: 0.007, memory: 10658, loss_mask: 0.0975, loss_texture: 0.0037, iou: 0.7021, iou_t0: 0.7810, iou_t1: 0.7609, iou_t2: 0.6929, iou_t3: 0.5793, iou_t4: 0.7261, iou_t5: 0.6917, loss: 0.1012
2026-05-05 22:36:55,805 - mmdet - INFO - Iter [13875/120000]	lr: 1.000e-04, eta: 1 day, 19:14:50, time: 0.844, data_time: 0.007, memory: 10658, loss_mask: 0.1030, loss_texture: 0.0037, iou: 0.6672, iou_t0: 0.7297, iou_t1: 0.6992, iou_t2: 0.7114, iou_t3: 0.6945, iou_t4: 0.6122, iou_t5: 0.5834, loss: 0.1068
2026-05-05 22:37:17,091 - mmdet - INFO - Iter [13900/120000]	lr: 1.000e-04, eta: 1 day, 19:12:16, time: 0.851, data_time: 0.007, memory: 10658, loss_mask: 0.1341, loss_texture: 0.0034, iou: 0.6778, iou_t0: 0.7029, iou_t1: 0.6585, iou_t2: 0.7239, iou_t3: 0.6861, iou_t4: 0.7101, iou_t5: 0.6125, loss: 0.1375
2026-05-05 22:37:38,051 - mmdet - INFO - Iter [13925/120000]	lr: 1.000e-04, eta: 1 day, 19:09:40, time: 0.838, data_time: 0.007, memory: 10658, loss_mask: 0.1355, loss_texture: 0.0038, iou: 0.6199, iou_t0: 0.5932, iou_t1: 0.6323, iou_t2: 0.6792, iou_t3: 0.5979, iou_t4: 0.5901, iou_t5: 0.6044, loss: 0.1393
2026-05-05 22:37:52,780 - mmdet - INFO - Iter [13950/120000]	lr: 1.000e-04, eta: 1 day, 19:06:17, time: 0.589, data_time: 0.008, memory: 10658, loss_mask: 0.1234, loss_texture: 0.0034, iou: 0.6623, iou_t0: 0.6372, iou_t1: 0.6633, iou_t2: 0.5806, iou_t3: 0.6411, iou_t4: 0.6802, iou_t5: 0.7287, loss: 0.1269
2026-05-05 22:38:11,390 - mmdet - INFO - Iter [13975/120000]	lr: 1.000e-04, eta: 1 day, 19:03:24, time: 0.744, data_time: 0.007, memory: 10658, loss_mask: 0.1031, loss_texture: 0.0026, iou: 0.5955, iou_t0: 0.5825, iou_t1: 0.6246, iou_t2: 0.5731, iou_t3: 0.5880, iou_t4: 0.5133, iou_t5: 0.6526, loss: 0.1057
2026-05-05 22:38:30,015 - mmdet - INFO - 
--- Val evaluation at iter 14000 ---
2026-05-05 22:43:54,477 - mmdet - INFO - 
+------------+-------------+-------------+
| Class      | Val IoU     | Pseudo IoU  |
+------------+-------------+-------------+
| background | 91.80       | 92.68       |
| building   | 65.22       | 69.14       |
| Summary    | mIoU: 78.51 | mIoU: 80.91 |
+------------+-------------+-------------+
Images evaluated: 218
2026-05-05 22:43:56,431 - mmdet - INFO - Exp name: exp5_obj_bnd.py
2026-05-05 22:43:56,432 - mmdet - INFO - Iter [14000/120000]	lr: 1.000e-04, eta: 1 day, 19:00:32, time: 0.745, data_time: 0.007, memory: 10658, val/mIoU: 0.7851, val/IoU.building: 0.6522, val/IoU.background: 0.9180, val/Pseudo_mIoU: 0.8091, loss_mask: 0.1057, loss_texture: 0.0028, iou: 0.5771, iou_t0: 0.6203, iou_t1: 0.5980, iou_t2: 0.6208, iou_t3: 0.5559, iou_t4: 0.5905, iou_t5: 0.5300, loss: 0.1085
2026-05-05 22:44:19,166 - mmdet - INFO - Iter [14025/120000]	lr: 1.000e-04, eta: 1 day, 19:39:18, time: 13.966, data_time: 13.064, memory: 10658, loss_mask: 0.1205, loss_texture: 0.0035, iou: 0.7110, iou_t0: 0.7305, iou_t1: 0.7196, iou_t2: 0.7046, iou_t3: 0.6623, iou_t4: 0.6896, iou_t5: 0.7095, loss: 0.1240
2026-05-05 22:44:42,554 - mmdet - INFO - Iter [14050/120000]	lr: 1.000e-04, eta: 1 day, 19:36:57, time: 0.935, data_time: 0.007, memory: 10658, loss_mask: 0.0879, loss_texture: 0.0033, iou: 0.6475, iou_t0: 0.6516, iou_t1: 0.6975, iou_t2: 0.5702, iou_t3: 0.6813, iou_t4: 0.6494, iou_t5: 0.6012, loss: 0.0913
2026-05-05 22:45:04,979 - mmdet - INFO - Iter [14075/120000]	lr: 1.000e-04, eta: 1 day, 19:34:30, time: 0.897, data_time: 0.007, memory: 10658, loss_mask: 0.0981, loss_texture: 0.0029, iou: 0.6336, iou_t0: 0.7175, iou_t1: 0.6188, iou_t2: 0.5024, iou_t3: 0.6727, iou_t4: 0.6451, iou_t5: 0.6243, loss: 0.1010
2026-05-05 22:45:28,070 - mmdet - INFO - Iter [14100/120000]	lr: 1.000e-04, eta: 1 day, 19:32:09, time: 0.924, data_time: 0.007, memory: 10658, loss_mask: 0.0991, loss_texture: 0.0031, iou: 0.6690, iou_t0: 0.5540, iou_t1: 0.7360, iou_t2: 0.6849, iou_t3: 0.6897, iou_t4: 0.6614, iou_t5: 0.6880, loss: 0.1022
2026-05-05 22:45:45,246 - mmdet - INFO - Iter [14125/120000]	lr: 1.000e-04, eta: 1 day, 19:29:03, time: 0.687, data_time: 0.008, memory: 10658, loss_mask: 0.0820, loss_texture: 0.0030, iou: 0.6105, iou_t0: 0.6714, iou_t1: 0.6522, iou_t2: 0.5583, iou_t3: 0.6294, iou_t4: 0.5326, iou_t5: 0.6269, loss: 0.0851
2026-05-05 22:46:05,937 - mmdet - INFO - Iter [14150/120000]	lr: 1.000e-04, eta: 1 day, 19:26:24, time: 0.828, data_time: 0.007, memory: 10658, loss_mask: 0.0941, loss_texture: 0.0031, iou: 0.6208, iou_t0: 0.7059, iou_t1: 0.6344, iou_t2: 0.5371, iou_t3: 0.6869, iou_t4: 0.5350, iou_t5: 0.5835, loss: 0.0972
2026-05-05 22:46:26,672 - mmdet - INFO - Iter [14175/120000]	lr: 1.000e-04, eta: 1 day, 19:23:46, time: 0.829, data_time: 0.007, memory: 10658, loss_mask: 0.2346, loss_texture: 0.0044, iou: 0.6529, iou_t0: 0.5770, iou_t1: 0.7444, iou_t2: 0.7381, iou_t3: 0.6784, iou_t4: 0.5345, iou_t5: 0.6160, loss: 0.2390
2026-05-05 22:46:47,532 - mmdet - INFO - Iter [14200/120000]	lr: 1.000e-04, eta: 1 day, 19:21:10, time: 0.834, data_time: 0.007, memory: 10658, loss_mask: 0.1836, loss_texture: 0.0039, iou: 0.6813, iou_t0: 0.6937, iou_t1: 0.6895, iou_t2: 0.6379, iou_t3: 0.7299, iou_t4: 0.6923, iou_t5: 0.6560, loss: 0.1876
2026-05-05 22:47:08,133 - mmdet - INFO - Iter [14225/120000]	lr: 1.000e-04, eta: 1 day, 19:18:32, time: 0.824, data_time: 0.007, memory: 10658, loss_mask: 0.1824, loss_texture: 0.0046, iou: 0.6858, iou_t0: 0.7289, iou_t1: 0.6504, iou_t2: 0.6593, iou_t3: 0.6666, iou_t4: 0.7734, iou_t5: 0.6387, loss: 0.1870
2026-05-05 22:47:28,836 - mmdet - INFO - Iter [14250/120000]	lr: 1.000e-04, eta: 1 day, 19:15:55, time: 0.828, data_time: 0.007, memory: 10658, loss_mask: 0.1330, loss_texture: 0.0034, iou: 0.6062, iou_t0: 0.6334, iou_t1: 0.5536, iou_t2: 0.6503, iou_t3: 0.5543, iou_t4: 0.6559, iou_t5: 0.5781, loss: 0.1364
2026-05-05 22:47:49,481 - mmdet - INFO - Iter [14275/120000]	lr: 1.000e-04, eta: 1 day, 19:13:19, time: 0.826, data_time: 0.007, memory: 10658, loss_mask: 0.1285, loss_texture: 0.0038, iou: 0.6243, iou_t0: 0.6696, iou_t1: 0.6946, iou_t2: 0.5668, iou_t3: 0.5608, iou_t4: 0.6648, iou_t5: 0.5570, loss: 0.1323
2026-05-05 22:48:10,011 - mmdet - INFO - Iter [14300/120000]	lr: 1.000e-04, eta: 1 day, 19:10:42, time: 0.821, data_time: 0.007, memory: 10658, loss_mask: 0.0965, loss_texture: 0.0031, iou: 0.6240, iou_t0: 0.7199, iou_t1: 0.6073, iou_t2: 0.5622, iou_t3: 0.6566, iou_t4: 0.5822, iou_t5: 0.6407, loss: 0.0996
2026-05-05 22:48:31,127 - mmdet - INFO - Iter [14325/120000]	lr: 1.000e-04, eta: 1 day, 19:08:09, time: 0.845, data_time: 0.008, memory: 10658, loss_mask: 0.1381, loss_texture: 0.0030, iou: 0.6235, iou_t0: 0.6536, iou_t1: 0.6304, iou_t2: 0.5878, iou_t3: 0.5751, iou_t4: 0.6256, iou_t5: 0.6458, loss: 0.1410
2026-05-05 22:48:52,004 - mmdet - INFO - Iter [14350/120000]	lr: 1.000e-04, eta: 1 day, 19:05:36, time: 0.835, data_time: 0.007, memory: 10658, loss_mask: 0.0593, loss_texture: 0.0023, iou: 0.6334, iou_t0: 0.6854, iou_t1: 0.6702, iou_t2: 0.6069, iou_t3: 0.6178, iou_t4: 0.5525, iou_t5: 0.6917, loss: 0.0617
2026-05-05 22:49:12,516 - mmdet - INFO - Iter [14375/120000]	lr: 1.000e-04, eta: 1 day, 19:03:00, time: 0.820, data_time: 0.007, memory: 10658, loss_mask: 0.1085, loss_texture: 0.0035, iou: 0.6529, iou_t0: 0.6354, iou_t1: 0.7367, iou_t2: 0.6222, iou_t3: 0.6751, iou_t4: 0.6341, iou_t5: 0.6017, loss: 0.1120
2026-05-05 22:49:33,293 - mmdet - INFO - Iter [14400/120000]	lr: 1.000e-04, eta: 1 day, 19:00:27, time: 0.831, data_time: 0.007, memory: 10658, loss_mask: 0.0743, loss_texture: 0.0026, iou: 0.6338, iou_t0: 0.6121, iou_t1: 0.6746, iou_t2: 0.5999, iou_t3: 0.5581, iou_t4: 0.6756, iou_t5: 0.6336, loss: 0.0769
2026-05-05 22:49:54,178 - mmdet - INFO - Iter [14425/120000]	lr: 1.000e-04, eta: 1 day, 18:57:55, time: 0.835, data_time: 0.007, memory: 10658, loss_mask: 0.1007, loss_texture: 0.0034, iou: 0.6558, iou_t0: 0.7009, iou_t1: 0.6157, iou_t2: 0.7725, iou_t3: 0.5992, iou_t4: 0.6507, iou_t5: 0.6494, loss: 0.1041
2026-05-05 22:50:10,244 - mmdet - INFO - Iter [14450/120000]	lr: 1.000e-04, eta: 1 day, 18:54:48, time: 0.643, data_time: 0.008, memory: 10658, loss_mask: 0.0896, loss_texture: 0.0029, iou: 0.6523, iou_t0: 0.6740, iou_t1: 0.6318, iou_t2: 0.6636, iou_t3: 0.6231, iou_t4: 0.6104, iou_t5: 0.7101, loss: 0.0925
2026-05-05 22:50:29,077 - mmdet - INFO - Iter [14475/120000]	lr: 1.000e-04, eta: 1 day, 18:52:02, time: 0.753, data_time: 0.007, memory: 10658, loss_mask: 0.0918, loss_texture: 0.0033, iou: 0.6697, iou_t0: 0.6500, iou_t1: 0.7014, iou_t2: 0.7390, iou_t3: 0.6787, iou_t4: 0.6273, iou_t5: 0.6408, loss: 0.0950
2026-05-05 22:50:48,032 - mmdet - INFO - 
--- Val evaluation at iter 14500 ---
2026-05-05 22:56:17,984 - mmdet - INFO - 
+------------+-------------+-------------+
| Class      | Val IoU     | Pseudo IoU  |
+------------+-------------+-------------+
| background | 90.74       | 92.68       |
| building   | 58.97       | 69.14       |
| Summary    | mIoU: 74.85 | mIoU: 80.91 |
+------------+-------------+-------------+
Images evaluated: 218
2026-05-05 22:56:20,131 - mmdet - INFO - Iter [14500/120000]	lr: 1.000e-04, eta: 1 day, 18:49:17, time: 0.758, data_time: 0.007, memory: 10658, val/mIoU: 0.7485, val/IoU.building: 0.5897, val/IoU.background: 0.9074, val/Pseudo_mIoU: 0.8091, loss_mask: 0.0952, loss_texture: 0.0034, iou: 0.7200, iou_t0: 0.8100, iou_t1: 0.7250, iou_t2: 0.6562, iou_t3: 0.6772, iou_t4: 0.7291, iou_t5: 0.7330, loss: 0.0986
2026-05-05 22:56:42,879 - mmdet - INFO - Iter [14525/120000]	lr: 1.000e-04, eta: 1 day, 19:27:12, time: 14.194, data_time: 13.291, memory: 10658, loss_mask: 0.0810, loss_texture: 0.0025, iou: 0.6307, iou_t0: 0.5928, iou_t1: 0.6973, iou_t2: 0.6513, iou_t3: 0.6515, iou_t4: 0.6585, iou_t5: 0.5415, loss: 0.0836
2026-05-05 22:57:05,291 - mmdet - INFO - Iter [14550/120000]	lr: 1.000e-04, eta: 1 day, 19:24:49, time: 0.896, data_time: 0.007, memory: 10658, loss_mask: 0.1107, loss_texture: 0.0034, iou: 0.6778, iou_t0: 0.7473, iou_t1: 0.6936, iou_t2: 0.5863, iou_t3: 0.6659, iou_t4: 0.6910, iou_t5: 0.7079, loss: 0.1141
2026-05-05 22:57:24,317 - mmdet - INFO - Iter [14575/120000]	lr: 1.000e-04, eta: 1 day, 19:22:01, time: 0.761, data_time: 0.008, memory: 10658, loss_mask: 0.1089, loss_texture: 0.0037, iou: 0.5966, iou_t0: 0.5640, iou_t1: 0.6501, iou_t2: 0.5515, iou_t3: 0.6369, iou_t4: 0.5246, iou_t5: 0.6439, loss: 0.1127
2026-05-05 22:57:45,050 - mmdet - INFO - Iter [14600/120000]	lr: 1.000e-04, eta: 1 day, 19:19:27, time: 0.829, data_time: 0.007, memory: 10658, loss_mask: 0.0887, loss_texture: 0.0029, iou: 0.6357, iou_t0: 0.7072, iou_t1: 0.6301, iou_t2: 0.6403, iou_t3: 0.6505, iou_t4: 0.6404, iou_t5: 0.5897, loss: 0.0916
2026-05-05 22:58:06,171 - mmdet - INFO - Iter [14625/120000]	lr: 1.000e-04, eta: 1 day, 19:16:55, time: 0.845, data_time: 0.007, memory: 10658, loss_mask: 0.1090, loss_texture: 0.0032, iou: 0.6493, iou_t0: 0.6829, iou_t1: 0.6406, iou_t2: 0.6783, iou_t3: 0.6370, iou_t4: 0.6731, iou_t5: 0.5717, loss: 0.1122
2026-05-05 22:58:26,988 - mmdet - INFO - Iter [14650/120000]	lr: 1.000e-04, eta: 1 day, 19:14:22, time: 0.833, data_time: 0.007, memory: 10658, loss_mask: 0.0873, loss_texture: 0.0030, iou: 0.6526, iou_t0: 0.6134, iou_t1: 0.6787, iou_t2: 0.6827, iou_t3: 0.5491, iou_t4: 0.6572, iou_t5: 0.7268, loss: 0.0902
2026-05-05 22:58:47,882 - mmdet - INFO - Iter [14675/120000]	lr: 1.000e-04, eta: 1 day, 19:11:50, time: 0.836, data_time: 0.007, memory: 10658, loss_mask: 0.1017, loss_texture: 0.0029, iou: 0.6108, iou_t0: 0.4972, iou_t1: 0.6335, iou_t2: 0.6750, iou_t3: 0.6065, iou_t4: 0.6422, iou_t5: 0.5829, loss: 0.1047
2026-05-05 22:59:08,795 - mmdet - INFO - Iter [14700/120000]	lr: 1.000e-04, eta: 1 day, 19:09:19, time: 0.837, data_time: 0.007, memory: 10658, loss_mask: 0.1323, loss_texture: 0.0040, iou: 0.6654, iou_t0: 0.6885, iou_t1: 0.7134, iou_t2: 0.7277, iou_t3: 0.6488, iou_t4: 0.6407, iou_t5: 0.6276, loss: 0.1364
2026-05-05 22:59:29,276 - mmdet - INFO - Iter [14725/120000]	lr: 1.000e-04, eta: 1 day, 19:06:45, time: 0.819, data_time: 0.007, memory: 10658, loss_mask: 0.0994, loss_texture: 0.0029, iou: 0.6923, iou_t0: 0.7056, iou_t1: 0.7856, iou_t2: 0.7655, iou_t3: 0.6288, iou_t4: 0.7071, iou_t5: 0.6490, loss: 0.1023
2026-05-05 22:59:50,113 - mmdet - INFO - Iter [14750/120000]	lr: 1.000e-04, eta: 1 day, 19:04:13, time: 0.834, data_time: 0.007, memory: 10658, loss_mask: 0.0818, loss_texture: 0.0027, iou: 0.7033, iou_t0: 0.8194, iou_t1: 0.7278, iou_t2: 0.6584, iou_t3: 0.6057, iou_t4: 0.6907, iou_t5: 0.7157, loss: 0.0846
2026-05-05 23:00:11,202 - mmdet - INFO - Iter [14775/120000]	lr: 1.000e-04, eta: 1 day, 19:01:44, time: 0.843, data_time: 0.007, memory: 10658, loss_mask: 0.1113, loss_texture: 0.0034, iou: 0.6123, iou_t0: 0.6466, iou_t1: 0.5689, iou_t2: 0.6550, iou_t3: 0.6278, iou_t4: 0.6139, iou_t5: 0.5448, loss: 0.1147
2026-05-05 23:00:31,878 - mmdet - INFO - Iter [14800/120000]	lr: 1.000e-04, eta: 1 day, 18:59:13, time: 0.827, data_time: 0.007, memory: 10658, loss_mask: 0.0811, loss_texture: 0.0027, iou: 0.6601, iou_t0: 0.6118, iou_t1: 0.6182, iou_t2: 0.6926, iou_t3: 0.6569, iou_t4: 0.7010, iou_t5: 0.6782, loss: 0.0838
2026-05-05 23:00:52,603 - mmdet - INFO - Iter [14825/120000]	lr: 1.000e-04, eta: 1 day, 18:56:42, time: 0.829, data_time: 0.007, memory: 10658, loss_mask: 0.1150, loss_texture: 0.0034, iou: 0.6886, iou_t0: 0.6769, iou_t1: 0.7374, iou_t2: 0.6993, iou_t3: 0.7224, iou_t4: 0.6502, iou_t5: 0.6533, loss: 0.1184
2026-05-05 23:01:13,173 - mmdet - INFO - Iter [14850/120000]	lr: 1.000e-04, eta: 1 day, 18:54:11, time: 0.823, data_time: 0.007, memory: 10658, loss_mask: 0.1197, loss_texture: 0.0032, iou: 0.6548, iou_t0: 0.6681, iou_t1: 0.6387, iou_t2: 0.6135, iou_t3: 0.6086, iou_t4: 0.6550, iou_t5: 0.6757, loss: 0.1229
2026-05-05 23:01:34,194 - mmdet - INFO - Iter [14875/120000]	lr: 1.000e-04, eta: 1 day, 18:51:43, time: 0.841, data_time: 0.008, memory: 10658, loss_mask: 0.1177, loss_texture: 0.0030, iou: 0.7220, iou_t0: 0.8527, iou_t1: 0.7249, iou_t2: 0.6908, iou_t3: 0.7034, iou_t4: 0.6852, iou_t5: 0.6977, loss: 0.1207
2026-05-05 23:01:55,297 - mmdet - INFO - Iter [14900/120000]	lr: 1.000e-04, eta: 1 day, 18:49:17, time: 0.844, data_time: 0.007, memory: 10658, loss_mask: 0.1328, loss_texture: 0.0040, iou: 0.6427, iou_t0: 0.7754, iou_t1: 0.6713, iou_t2: 0.6329, iou_t3: 0.6673, iou_t4: 0.5740, iou_t5: 0.5499, loss: 0.1368
2026-05-05 23:02:16,090 - mmdet - INFO - Iter [14925/120000]	lr: 1.000e-04, eta: 1 day, 18:46:48, time: 0.832, data_time: 0.007, memory: 10658, loss_mask: 0.1295, loss_texture: 0.0030, iou: 0.6798, iou_t0: 0.7972, iou_t1: 0.6698, iou_t2: 0.6330, iou_t3: 0.6516, iou_t4: 0.6374, iou_t5: 0.7028, loss: 0.1325
2026-05-05 23:02:32,115 - mmdet - INFO - Iter [14950/120000]	lr: 1.000e-04, eta: 1 day, 18:43:47, time: 0.641, data_time: 0.008, memory: 10658, loss_mask: 0.1249, loss_texture: 0.0037, iou: 0.6451, iou_t0: 0.5743, iou_t1: 0.6764, iou_t2: 0.6872, iou_t3: 0.6557, iou_t4: 0.6646, iou_t5: 0.6136, loss: 0.1286
2026-05-05 23:02:48,696 - mmdet - INFO - Iter [14975/120000]	lr: 1.000e-04, eta: 1 day, 18:40:50, time: 0.663, data_time: 0.007, memory: 10658, loss_mask: 0.1138, loss_texture: 0.0035, iou: 0.6450, iou_t0: 0.7889, iou_t1: 0.6774, iou_t2: 0.6272, iou_t3: 0.6459, iou_t4: 0.5813, iou_t5: 0.5475, loss: 0.1172
2026-05-05 23:03:09,432 - mmdet - INFO - 
--- Val evaluation at iter 15000 ---
2026-05-05 23:08:41,037 - mmdet - INFO - 
+------------+-------------+-------------+
| Class      | Val IoU     | Pseudo IoU  |
+------------+-------------+-------------+
| background | 91.87       | 92.68       |
| building   | 65.75       | 69.14       |
| Summary    | mIoU: 78.81 | mIoU: 80.91 |
+------------+-------------+-------------+
Images evaluated: 218
2026-05-05 23:08:43,022 - mmdet - INFO - Exp name: exp5_obj_bnd.py
2026-05-05 23:08:43,023 - mmdet - INFO - Iter [15000/120000]	lr: 1.000e-04, eta: 1 day, 18:38:22, time: 0.829, data_time: 0.007, memory: 10658, val/mIoU: 0.7881, val/IoU.building: 0.6575, val/IoU.background: 0.9187, val/Pseudo_mIoU: 0.8091, loss_mask: 0.1264, loss_texture: 0.0033, iou: 0.5553, iou_t0: 0.6094, iou_t1: 0.5418, iou_t2: 0.5790, iou_t3: 0.5704, iou_t4: 0.5876, iou_t5: 0.4609, loss: 0.1298
2026-05-05 23:09:02,344 - mmdet - INFO - Iter [15025/120000]	lr: 1.000e-04, eta: 1 day, 19:14:36, time: 14.116, data_time: 13.351, memory: 10658, loss_mask: 0.1139, loss_texture: 0.0035, iou: 0.6120, iou_t0: 0.6821, iou_t1: 0.6544, iou_t2: 0.6146, iou_t3: 0.5610, iou_t4: 0.5683, iou_t5: 0.6025, loss: 0.1174
2026-05-05 23:09:21,849 - mmdet - INFO - Iter [15050/120000]	lr: 1.000e-04, eta: 1 day, 19:11:56, time: 0.780, data_time: 0.008, memory: 10658, loss_mask: 0.1386, loss_texture: 0.0032, iou: 0.6221, iou_t0: 0.6660, iou_t1: 0.5967, iou_t2: 0.6089, iou_t3: 0.5781, iou_t4: 0.6492, iou_t5: 0.6123, loss: 0.1418
2026-05-05 23:09:42,423 - mmdet - INFO - Iter [15075/120000]	lr: 1.000e-04, eta: 1 day, 19:09:25, time: 0.823, data_time: 0.007, memory: 10658, loss_mask: 0.1104, loss_texture: 0.0030, iou: 0.6612, iou_t0: 0.6243, iou_t1: 0.6540, iou_t2: 0.6336, iou_t3: 0.6135, iou_t4: 0.6904, iou_t5: 0.7298, loss: 0.1135
2026-05-05 23:10:03,357 - mmdet - INFO - Iter [15100/120000]	lr: 1.000e-04, eta: 1 day, 19:06:56, time: 0.837, data_time: 0.008, memory: 10658, loss_mask: 0.0763, loss_texture: 0.0026, iou: 0.6375, iou_t0: 0.7393, iou_t1: 0.6936, iou_t2: 0.5813, iou_t3: 0.7039, iou_t4: 0.5983, iou_t5: 0.5455, loss: 0.0789
2026-05-05 23:10:23,869 - mmdet - INFO - Iter [15125/120000]	lr: 1.000e-04, eta: 1 day, 19:04:25, time: 0.820, data_time: 0.007, memory: 10658, loss_mask: 0.0895, loss_texture: 0.0024, iou: 0.7075, iou_t0: 0.6998, iou_t1: 0.6101, iou_t2: 0.7276, iou_t3: 0.7746, iou_t4: 0.7356, iou_t5: 0.6919, loss: 0.0919
2026-05-05 23:10:44,584 - mmdet - INFO - Iter [15150/120000]	lr: 1.000e-04, eta: 1 day, 19:01:55, time: 0.828, data_time: 0.007, memory: 10658, loss_mask: 0.0852, loss_texture: 0.0026, iou: 0.5986, iou_t0: 0.6276, iou_t1: 0.5550, iou_t2: 0.6454, iou_t3: 0.7104, iou_t4: 0.5272, iou_t5: 0.4834, loss: 0.0878
2026-05-05 23:11:05,423 - mmdet - INFO - Iter [15175/120000]	lr: 1.000e-04, eta: 1 day, 18:59:27, time: 0.834, data_time: 0.008, memory: 10658, loss_mask: 0.1095, loss_texture: 0.0038, iou: 0.6910, iou_t0: 0.6667, iou_t1: 0.6584, iou_t2: 0.7327, iou_t3: 0.7007, iou_t4: 0.7974, iou_t5: 0.6473, loss: 0.1133
2026-05-05 23:11:26,412 - mmdet - INFO - Iter [15200/120000]	lr: 1.000e-04, eta: 1 day, 18:57:00, time: 0.840, data_time: 0.007, memory: 10658, loss_mask: 0.1064, loss_texture: 0.0039, iou: 0.6900, iou_t0: 0.6618, iou_t1: 0.7466, iou_t2: 0.6765, iou_t3: 0.6937, iou_t4: 0.6824, iou_t5: 0.6657, loss: 0.1103
2026-05-05 23:11:47,005 - mmdet - INFO - Iter [15225/120000]	lr: 1.000e-04, eta: 1 day, 18:54:31, time: 0.824, data_time: 0.007, memory: 10658, loss_mask: 0.0609, loss_texture: 0.0027, iou: 0.6021, iou_t0: 0.6796, iou_t1: 0.7068, iou_t2: 0.3687, iou_t3: 0.5326, iou_t4: 0.6484, iou_t5: 0.6548, loss: 0.0636
2026-05-05 23:12:07,849 - mmdet - INFO - Iter [15250/120000]	lr: 1.000e-04, eta: 1 day, 18:52:05, time: 0.834, data_time: 0.008, memory: 10658, loss_mask: 0.1021, loss_texture: 0.0033, iou: 0.6802, iou_t0: 0.7255, iou_t1: 0.6235, iou_t2: 0.6825, iou_t3: 0.6916, iou_t4: 0.7371, iou_t5: 0.6686, loss: 0.1054
2026-05-05 23:12:28,680 - mmdet - INFO - Iter [15275/120000]	lr: 1.000e-04, eta: 1 day, 18:49:38, time: 0.833, data_time: 0.007, memory: 10658, loss_mask: 0.0812, loss_texture: 0.0029, iou: 0.6454, iou_t0: 0.5882, iou_t1: 0.6902, iou_t2: 0.6290, iou_t3: 0.7016, iou_t4: 0.6042, iou_t5: 0.6605, loss: 0.0841
2026-05-05 23:12:49,553 - mmdet - INFO - Iter [15300/120000]	lr: 1.000e-04, eta: 1 day, 18:47:12, time: 0.835, data_time: 0.007, memory: 10658, loss_mask: 0.1113, loss_texture: 0.0037, iou: 0.6166, iou_t0: 0.6674, iou_t1: 0.4749, iou_t2: 0.6104, iou_t3: 0.6342, iou_t4: 0.6564, iou_t5: 0.6286, loss: 0.1151
2026-05-05 23:13:10,307 - mmdet - INFO - Iter [15325/120000]	lr: 1.000e-04, eta: 1 day, 18:44:46, time: 0.830, data_time: 0.007, memory: 10658, loss_mask: 0.0807, loss_texture: 0.0028, iou: 0.6529, iou_t0: 0.7067, iou_t1: 0.6826, iou_t2: 0.6190, iou_t3: 0.6160, iou_t4: 0.6719, iou_t5: 0.6313, loss: 0.0834
2026-05-05 23:13:31,225 - mmdet - INFO - Iter [15350/120000]	lr: 1.000e-04, eta: 1 day, 18:42:21, time: 0.837, data_time: 0.008, memory: 10658, loss_mask: 0.1038, loss_texture: 0.0035, iou: 0.6928, iou_t0: 0.7234, iou_t1: 0.6362, iou_t2: 0.6336, iou_t3: 0.7066, iou_t4: 0.7895, iou_t5: 0.6772, loss: 0.1073
2026-05-05 23:13:52,407 - mmdet - INFO - Iter [15375/120000]	lr: 1.000e-04, eta: 1 day, 18:39:59, time: 0.847, data_time: 0.007, memory: 10658, loss_mask: 0.2133, loss_texture: 0.0040, iou: 0.6818, iou_t0: 0.7001, iou_t1: 0.7300, iou_t2: 0.6309, iou_t3: 0.6924, iou_t4: 0.6927, iou_t5: 0.7061, loss: 0.2173
2026-05-05 23:14:13,024 - mmdet - INFO - Iter [15400/120000]	lr: 1.000e-04, eta: 1 day, 18:37:33, time: 0.825, data_time: 0.007, memory: 10658, loss_mask: 0.1331, loss_texture: 0.0030, iou: 0.6526, iou_t0: 0.7307, iou_t1: 0.6306, iou_t2: 0.5725, iou_t3: 0.5958, iou_t4: 0.6887, iou_t5: 0.6856, loss: 0.1361
2026-05-05 23:14:32,997 - mmdet - INFO - Iter [15425/120000]	lr: 1.000e-04, eta: 1 day, 18:35:03, time: 0.799, data_time: 0.007, memory: 10658, loss_mask: 0.0964, loss_texture: 0.0028, iou: 0.6408, iou_t0: 0.6317, iou_t1: 0.6148, iou_t2: 0.6102, iou_t3: 0.6552, iou_t4: 0.6667, iou_t5: 0.6478, loss: 0.0992
2026-05-05 23:14:52,006 - mmdet - INFO - Iter [15450/120000]	lr: 1.000e-04, eta: 1 day, 18:32:27, time: 0.760, data_time: 0.010, memory: 10658, loss_mask: 0.1178, loss_texture: 0.0034, iou: 0.6892, iou_t0: 0.7453, iou_t1: 0.6593, iou_t2: 0.6291, iou_t3: 0.6629, iou_t4: 0.7275, iou_t5: 0.7164, loss: 0.1213
2026-05-05 23:15:12,724 - mmdet - INFO - Iter [15475/120000]	lr: 1.000e-04, eta: 1 day, 18:30:03, time: 0.829, data_time: 0.007, memory: 10658, loss_mask: 0.0743, loss_texture: 0.0030, iou: 0.7331, iou_t0: 0.7714, iou_t1: 0.8228, iou_t2: 0.6264, iou_t3: 0.6410, iou_t4: 0.8090, iou_t5: 0.7662, loss: 0.0773
2026-05-05 23:15:33,142 - mmdet - INFO - 
--- Val evaluation at iter 15500 ---
2026-05-05 23:21:01,374 - mmdet - INFO - 
+------------+-------------+-------------+
| Class      | Val IoU     | Pseudo IoU  |
+------------+-------------+-------------+
| background | 91.49       | 92.68       |
| building   | 63.51       | 69.14       |
| Summary    | mIoU: 77.50 | mIoU: 80.91 |
+------------+-------------+-------------+
Images evaluated: 218
2026-05-05 23:21:03,310 - mmdet - INFO - Iter [15500/120000]	lr: 1.000e-04, eta: 1 day, 18:27:37, time: 0.817, data_time: 0.007, memory: 10658, val/mIoU: 0.7750, val/IoU.building: 0.6351, val/IoU.background: 0.9149, val/Pseudo_mIoU: 0.8091, loss_mask: 0.0705, loss_texture: 0.0025, iou: 0.6291, iou_t0: 0.6025, iou_t1: 0.6149, iou_t2: 0.5961, iou_t3: 0.6241, iou_t4: 0.6762, iou_t5: 0.7156, loss: 0.0730
2026-05-05 23:21:23,943 - mmdet - INFO - Iter [15525/120000]	lr: 1.000e-04, eta: 1 day, 19:02:15, time: 14.032, data_time: 13.216, memory: 10658, loss_mask: 0.0950, loss_texture: 0.0031, iou: 0.7268, iou_t0: 0.6603, iou_t1: 0.7706, iou_t2: 0.6705, iou_t3: 0.7356, iou_t4: 0.6989, iou_t5: 0.7342, loss: 0.0981
2026-05-05 23:21:44,725 - mmdet - INFO - Iter [15550/120000]	lr: 1.000e-04, eta: 1 day, 18:59:49, time: 0.831, data_time: 0.007, memory: 10658, loss_mask: 0.0735, loss_texture: 0.0025, iou: 0.6815, iou_t0: 0.7386, iou_t1: 0.7161, iou_t2: 0.6852, iou_t3: 0.6088, iou_t4: 0.6685, iou_t5: 0.6500, loss: 0.0759
2026-05-05 23:22:05,851 - mmdet - INFO - Iter [15575/120000]	lr: 1.000e-04, eta: 1 day, 18:57:25, time: 0.845, data_time: 0.007, memory: 10658, loss_mask: 0.0833, loss_texture: 0.0033, iou: 0.6200, iou_t0: 0.6877, iou_t1: 0.6054, iou_t2: 0.5698, iou_t3: 0.6292, iou_t4: 0.5789, iou_t5: 0.6229, loss: 0.0866
2026-05-05 23:22:26,494 - mmdet - INFO - Iter [15600/120000]	lr: 1.000e-04, eta: 1 day, 18:54:58, time: 0.826, data_time: 0.008, memory: 10658, loss_mask: 0.0792, loss_texture: 0.0025, iou: 0.6415, iou_t0: 0.6526, iou_t1: 0.6685, iou_t2: 0.5905, iou_t3: 0.6659, iou_t4: 0.5944, iou_t5: 0.6938, loss: 0.0816
2026-05-05 23:22:46,779 - mmdet - INFO - Iter [15625/120000]	lr: 1.000e-04, eta: 1 day, 18:52:30, time: 0.812, data_time: 0.007, memory: 10658, loss_mask: 0.0950, loss_texture: 0.0035, iou: 0.6606, iou_t0: 0.6669, iou_t1: 0.7103, iou_t2: 0.6435, iou_t3: 0.6444, iou_t4: 0.6294, iou_t5: 0.6648, loss: 0.0984
2026-05-05 23:23:07,076 - mmdet - INFO - Iter [15650/120000]	lr: 1.000e-04, eta: 1 day, 18:50:01, time: 0.812, data_time: 0.007, memory: 10658, loss_mask: 0.1310, loss_texture: 0.0028, iou: 0.6230, iou_t0: 0.7140, iou_t1: 0.5962, iou_t2: 0.6873, iou_t3: 0.5336, iou_t4: 0.6137, iou_t5: 0.6235, loss: 0.1338
2026-05-05 23:23:27,638 - mmdet - INFO - Iter [15675/120000]	lr: 1.000e-04, eta: 1 day, 18:47:35, time: 0.822, data_time: 0.007, memory: 10658, loss_mask: 0.1247, loss_texture: 0.0036, iou: 0.6077, iou_t0: 0.5815, iou_t1: 0.5908, iou_t2: 0.6262, iou_t3: 0.6399, iou_t4: 0.6442, iou_t5: 0.5810, loss: 0.1283
2026-05-05 23:23:48,409 - mmdet - INFO - Iter [15700/120000]	lr: 1.000e-04, eta: 1 day, 18:45:11, time: 0.831, data_time: 0.007, memory: 10658, loss_mask: 0.1145, loss_texture: 0.0032, iou: 0.6783, iou_t0: 0.6634, iou_t1: 0.7264, iou_t2: 0.7418, iou_t3: 0.6725, iou_t4: 0.6832, iou_t5: 0.5936, loss: 0.1177
2026-05-05 23:24:08,531 - mmdet - INFO - Iter [15725/120000]	lr: 1.000e-04, eta: 1 day, 18:42:43, time: 0.805, data_time: 0.008, memory: 10658, loss_mask: 0.0998, loss_texture: 0.0026, iou: 0.5175, iou_t0: 0.5884, iou_t1: 0.5521, iou_t2: 0.4692, iou_t3: 0.5111, iou_t4: 0.5096, iou_t5: 0.4763, loss: 0.1024
2026-05-05 23:24:29,584 - mmdet - INFO - Iter [15750/120000]	lr: 1.000e-04, eta: 1 day, 18:40:22, time: 0.842, data_time: 0.007, memory: 10658, loss_mask: 0.1107, loss_texture: 0.0035, iou: 0.7105, iou_t0: 0.7873, iou_t1: 0.7356, iou_t2: 0.6970, iou_t3: 0.6762, iou_t4: 0.6536, iou_t5: 0.7229, loss: 0.1142
2026-05-05 23:24:50,182 - mmdet - INFO - Iter [15775/120000]	lr: 1.000e-04, eta: 1 day, 18:37:58, time: 0.824, data_time: 0.007, memory: 10658, loss_mask: 0.1536, loss_texture: 0.0035, iou: 0.5920, iou_t0: 0.5982, iou_t1: 0.6790, iou_t2: 0.6025, iou_t3: 0.5393, iou_t4: 0.6393, iou_t5: 0.5412, loss: 0.1571
2026-05-05 23:25:11,022 - mmdet - INFO - Iter [15800/120000]	lr: 1.000e-04, eta: 1 day, 18:35:35, time: 0.834, data_time: 0.007, memory: 10658, loss_mask: 0.1190, loss_texture: 0.0039, iou: 0.6045, iou_t0: 0.6781, iou_t1: 0.6114, iou_t2: 0.5297, iou_t3: 0.6331, iou_t4: 0.6083, iou_t5: 0.6094, loss: 0.1229
2026-05-05 23:25:31,868 - mmdet - INFO - Iter [15825/120000]	lr: 1.000e-04, eta: 1 day, 18:33:14, time: 0.834, data_time: 0.008, memory: 10658, loss_mask: 0.0961, loss_texture: 0.0033, iou: 0.7444, iou_t0: 0.7940, iou_t1: 0.7694, iou_t2: 0.6789, iou_t3: 0.6734, iou_t4: 0.8027, iou_t5: 0.7757, loss: 0.0994
2026-05-05 23:25:52,542 - mmdet - INFO - Iter [15850/120000]	lr: 1.000e-04, eta: 1 day, 18:30:51, time: 0.827, data_time: 0.007, memory: 10658, loss_mask: 0.0871, loss_texture: 0.0026, iou: 0.5903, iou_t0: 0.5925, iou_t1: 0.5940, iou_t2: 0.5567, iou_t3: 0.5525, iou_t4: 0.6112, iou_t5: 0.6176, loss: 0.0897
2026-05-05 23:26:11,997 - mmdet - INFO - Iter [15875/120000]	lr: 1.000e-04, eta: 1 day, 18:28:21, time: 0.778, data_time: 0.007, memory: 10658, loss_mask: 0.0919, loss_texture: 0.0024, iou: 0.5942, iou_t0: 0.5842, iou_t1: 0.6460, iou_t2: 0.5762, iou_t3: 0.6109, iou_t4: 0.6009, iou_t5: 0.5882, loss: 0.0943
2026-05-05 23:26:32,892 - mmdet - INFO - Iter [15900/120000]	lr: 1.000e-04, eta: 1 day, 18:26:01, time: 0.836, data_time: 0.007, memory: 10658, loss_mask: 0.0834, loss_texture: 0.0027, iou: 0.6637, iou_t0: 0.6754, iou_t1: 0.6890, iou_t2: 0.6428, iou_t3: 0.6799, iou_t4: 0.6931, iou_t5: 0.6170, loss: 0.0862
2026-05-05 23:26:55,507 - mmdet - INFO - Iter [15925/120000]	lr: 1.000e-04, eta: 1 day, 18:23:52, time: 0.905, data_time: 0.007, memory: 10658, loss_mask: 0.0654, loss_texture: 0.0024, iou: 0.6212, iou_t0: 0.6969, iou_t1: 0.6467, iou_t2: 0.5753, iou_t3: 0.6260, iou_t4: 0.6683, iou_t5: 0.5445, loss: 0.0679
2026-05-05 23:27:14,151 - mmdet - INFO - Iter [15950/120000]	lr: 1.000e-04, eta: 1 day, 18:21:18, time: 0.746, data_time: 0.007, memory: 10658, loss_mask: 0.1092, loss_texture: 0.0030, iou: 0.6875, iou_t0: 0.7242, iou_t1: 0.7264, iou_t2: 0.6982, iou_t3: 0.6795, iou_t4: 0.6605, iou_t5: 0.7076, loss: 0.1122
2026-05-05 23:27:36,036 - mmdet - INFO - Iter [15975/120000]	lr: 1.000e-04, eta: 1 day, 18:19:05, time: 0.875, data_time: 0.007, memory: 10658, loss_mask: 0.1085, loss_texture: 0.0033, iou: 0.6726, iou_t0: 0.6798, iou_t1: 0.6499, iou_t2: 0.6741, iou_t3: 0.7163, iou_t4: 0.6435, iou_t5: 0.7146, loss: 0.1117
2026-05-05 23:27:57,410 - mmdet - INFO - 
--- Val evaluation at iter 16000 ---
2026-05-05 23:33:23,109 - mmdet - INFO - 
+------------+-------------+-------------+
| Class      | Val IoU     | Pseudo IoU  |
+------------+-------------+-------------+
| background | 91.91       | 92.68       |
| building   | 65.99       | 69.14       |
| Summary    | mIoU: 78.95 | mIoU: 80.91 |
+------------+-------------+-------------+
Images evaluated: 218
2026-05-05 23:33:24,948 - mmdet - INFO - Exp name: exp5_obj_bnd.py
2026-05-05 23:33:24,949 - mmdet - INFO - Iter [16000/120000]	lr: 1.000e-04, eta: 1 day, 18:16:50, time: 0.855, data_time: 0.007, memory: 10658, val/mIoU: 0.7895, val/IoU.building: 0.6599, val/IoU.background: 0.9191, val/Pseudo_mIoU: 0.8091, loss_mask: 0.1216, loss_texture: 0.0041, iou: 0.6493, iou_t0: 0.7050, iou_t1: 0.5836, iou_t2: 0.6793, iou_t3: 0.6803, iou_t4: 0.5986, iou_t5: 0.5888, loss: 0.1257
2026-05-05 23:33:45,971 - mmdet - INFO - Iter [16025/120000]	lr: 1.000e-04, eta: 1 day, 18:49:57, time: 13.942, data_time: 13.109, memory: 10658, loss_mask: 0.0572, loss_texture: 0.0022, iou: 0.6472, iou_t0: 0.7452, iou_t1: 0.6728, iou_t2: 0.5809, iou_t3: 0.6493, iou_t4: 0.6264, iou_t5: 0.7015, loss: 0.0593
2026-05-05 23:34:06,500 - mmdet - INFO - Iter [16050/120000]	lr: 1.000e-04, eta: 1 day, 18:47:33, time: 0.821, data_time: 0.007, memory: 10658, loss_mask: 0.0970, loss_texture: 0.0034, iou: 0.6504, iou_t0: 0.7098, iou_t1: 0.5971, iou_t2: 0.6379, iou_t3: 0.6015, iou_t4: 0.6839, iou_t5: 0.6718, loss: 0.1003
2026-05-05 23:34:27,417 - mmdet - INFO - Iter [16075/120000]	lr: 1.000e-04, eta: 1 day, 18:45:12, time: 0.837, data_time: 0.007, memory: 10658, loss_mask: 0.0787, loss_texture: 0.0030, iou: 0.7400, iou_t0: 0.7949, iou_t1: 0.8019, iou_t2: 0.6487, iou_t3: 0.7374, iou_t4: 0.7596, iou_t5: 0.7360, loss: 0.0817
2026-05-05 23:34:48,222 - mmdet - INFO - Iter [16100/120000]	lr: 1.000e-04, eta: 1 day, 18:42:50, time: 0.832, data_time: 0.007, memory: 10658, loss_mask: 0.0877, loss_texture: 0.0029, iou: 0.6243, iou_t0: 0.7000, iou_t1: 0.6728, iou_t2: 0.5487, iou_t3: 0.6658, iou_t4: 0.5872, iou_t5: 0.6244, loss: 0.0906
2026-05-05 23:35:09,117 - mmdet - INFO - Iter [16125/120000]	lr: 1.000e-04, eta: 1 day, 18:40:29, time: 0.836, data_time: 0.007, memory: 10658, loss_mask: 0.1043, loss_texture: 0.0037, iou: 0.7290, iou_t0: 0.7468, iou_t1: 0.6834, iou_t2: 0.7582, iou_t3: 0.7340, iou_t4: 0.6983, iou_t5: 0.7236, loss: 0.1080
2026-05-05 23:35:30,008 - mmdet - INFO - Iter [16150/120000]	lr: 1.000e-04, eta: 1 day, 18:38:09, time: 0.836, data_time: 0.007, memory: 10658, loss_mask: 0.1473, loss_texture: 0.0037, iou: 0.7195, iou_t0: 0.7837, iou_t1: 0.7885, iou_t2: 0.7358, iou_t3: 0.7014, iou_t4: 0.6614, iou_t5: 0.6396, loss: 0.1510
2026-05-05 23:35:50,701 - mmdet - INFO - Iter [16175/120000]	lr: 1.000e-04, eta: 1 day, 18:35:47, time: 0.828, data_time: 0.007, memory: 10658, loss_mask: 0.2135, loss_texture: 0.0038, iou: 0.6210, iou_t0: 0.6487, iou_t1: 0.6467, iou_t2: 0.6363, iou_t3: 0.6683, iou_t4: 0.5700, iou_t5: 0.5314, loss: 0.2172
2026-05-05 23:36:11,648 - mmdet - INFO - Iter [16200/120000]	lr: 1.000e-04, eta: 1 day, 18:33:28, time: 0.838, data_time: 0.007, memory: 10658, loss_mask: 0.1343, loss_texture: 0.0041, iou: 0.6955, iou_t0: 0.7634, iou_t1: 0.7245, iou_t2: 0.5614, iou_t3: 0.6966, iou_t4: 0.7217, iou_t5: 0.6885, loss: 0.1384
2026-05-05 23:36:32,079 - mmdet - INFO - Iter [16225/120000]	lr: 1.000e-04, eta: 1 day, 18:31:06, time: 0.817, data_time: 0.007, memory: 10658, loss_mask: 0.1124, loss_texture: 0.0035, iou: 0.6082, iou_t0: 0.5560, iou_t1: 0.6385, iou_t2: 0.5727, iou_t3: 0.5976, iou_t4: 0.6001, iou_t5: 0.6567, loss: 0.1159
2026-05-05 23:36:52,912 - mmdet - INFO - Iter [16250/120000]	lr: 1.000e-04, eta: 1 day, 18:28:47, time: 0.833, data_time: 0.007, memory: 10658, loss_mask: 0.0967, loss_texture: 0.0028, iou: 0.6045, iou_t0: 0.6894, iou_t1: 0.5710, iou_t2: 0.5387, iou_t3: 0.5499, iou_t4: 0.6274, iou_t5: 0.5960, loss: 0.0996
2026-05-05 23:37:13,556 - mmdet - INFO - Iter [16275/120000]	lr: 1.000e-04, eta: 1 day, 18:26:26, time: 0.826, data_time: 0.008, memory: 10658, loss_mask: 0.0853, loss_texture: 0.0026, iou: 0.5779, iou_t0: 0.6010, iou_t1: 0.5863, iou_t2: 0.5597, iou_t3: 0.5793, iou_t4: 0.5793, iou_t5: 0.5928, loss: 0.0879
2026-05-05 23:37:34,286 - mmdet - INFO - Iter [16300/120000]	lr: 1.000e-04, eta: 1 day, 18:24:07, time: 0.829, data_time: 0.007, memory: 10658, loss_mask: 0.0599, loss_texture: 0.0027, iou: 0.7446, iou_t0: 0.6761, iou_t1: 0.7970, iou_t2: 0.7535, iou_t3: 0.7229, iou_t4: 0.7329, iou_t5: 0.7529, loss: 0.0626
2026-05-05 23:37:54,681 - mmdet - INFO - Iter [16325/120000]	lr: 1.000e-04, eta: 1 day, 18:21:46, time: 0.816, data_time: 0.007, memory: 10658, loss_mask: 0.0832, loss_texture: 0.0027, iou: 0.6800, iou_t0: 0.6871, iou_t1: 0.6595, iou_t2: 0.6038, iou_t3: 0.6205, iou_t4: 0.7002, iou_t5: 0.7369, loss: 0.0859
2026-05-05 23:38:15,059 - mmdet - INFO - Iter [16350/120000]	lr: 1.000e-04, eta: 1 day, 18:19:25, time: 0.815, data_time: 0.007, memory: 10658, loss_mask: 0.0793, loss_texture: 0.0028, iou: 0.7197, iou_t0: 0.7853, iou_t1: 0.7869, iou_t2: 0.7225, iou_t3: 0.6740, iou_t4: 0.6961, iou_t5: 0.6581, loss: 0.0820
2026-05-05 23:38:37,724 - mmdet - INFO - Iter [16375/120000]	lr: 1.000e-04, eta: 1 day, 18:17:20, time: 0.907, data_time: 0.007, memory: 10658, loss_mask: 0.0770, loss_texture: 0.0028, iou: 0.7163, iou_t0: 0.6763, iou_t1: 0.7182, iou_t2: 0.6376, iou_t3: 0.7398, iou_t4: 0.7479, iou_t5: 0.7723, loss: 0.0798
2026-05-05 23:38:59,779 - mmdet - INFO - Iter [16400/120000]	lr: 1.000e-04, eta: 1 day, 18:15:10, time: 0.882, data_time: 0.007, memory: 10658, loss_mask: 0.0980, loss_texture: 0.0032, iou: 0.6180, iou_t0: 0.5565, iou_t1: 0.5941, iou_t2: 0.7406, iou_t3: 0.6441, iou_t4: 0.6167, iou_t5: 0.6223, loss: 0.1012
2026-05-05 23:39:22,278 - mmdet - INFO - Iter [16425/120000]	lr: 1.000e-04, eta: 1 day, 18:13:04, time: 0.900, data_time: 0.007, memory: 10658, loss_mask: 0.1026, loss_texture: 0.0030, iou: 0.6479, iou_t0: 0.6701, iou_t1: 0.6011, iou_t2: 0.5799, iou_t3: 0.5911, iou_t4: 0.6833, iou_t5: 0.7217, loss: 0.1056
2026-05-05 23:39:40,266 - mmdet - INFO - Iter [16450/120000]	lr: 1.000e-04, eta: 1 day, 18:10:30, time: 0.719, data_time: 0.007, memory: 10658, loss_mask: 0.0709, loss_texture: 0.0023, iou: 0.7078, iou_t0: 0.7519, iou_t1: 0.6737, iou_t2: 0.6590, iou_t3: 0.7110, iou_t4: 0.6729, iou_t5: 0.7744, loss: 0.0732
2026-05-05 23:40:01,275 - mmdet - INFO - Iter [16475/120000]	lr: 1.000e-04, eta: 1 day, 18:08:15, time: 0.840, data_time: 0.007, memory: 10658, loss_mask: 0.1004, loss_texture: 0.0030, iou: 0.6982, iou_t0: 0.7011, iou_t1: 0.7036, iou_t2: 0.6420, iou_t3: 0.7497, iou_t4: 0.7468, iou_t5: 0.6237, loss: 0.1034
2026-05-05 23:40:22,147 - mmdet - INFO - 
--- Val evaluation at iter 16500 ---
2026-05-05 23:45:44,143 - mmdet - INFO - 
+------------+-------------+-------------+
| Class      | Val IoU     | Pseudo IoU  |
+------------+-------------+-------------+
| background | 91.73       | 92.68       |
| building   | 65.64       | 69.14       |
| Summary    | mIoU: 78.68 | mIoU: 80.91 |
+------------+-------------+-------------+
Images evaluated: 218
2026-05-05 23:45:46,143 - mmdet - INFO - Iter [16500/120000]	lr: 1.000e-04, eta: 1 day, 18:05:59, time: 0.835, data_time: 0.007, memory: 10658, val/mIoU: 0.7868, val/IoU.building: 0.6564, val/IoU.background: 0.9173, val/Pseudo_mIoU: 0.8091, loss_mask: 0.1000, loss_texture: 0.0030, iou: 0.6232, iou_t0: 0.5845, iou_t1: 0.6247, iou_t2: 0.5723, iou_t3: 0.6947, iou_t4: 0.5882, iou_t5: 0.6092, loss: 0.1030
2026-05-05 23:46:07,320 - mmdet - INFO - Iter [16525/120000]	lr: 1.000e-04, eta: 1 day, 18:37:35, time: 13.807, data_time: 12.967, memory: 10658, loss_mask: 0.1362, loss_texture: 0.0035, iou: 0.6486, iou_t0: 0.7154, iou_t1: 0.5846, iou_t2: 0.6714, iou_t3: 0.6083, iou_t4: 0.6938, iou_t5: 0.6617, loss: 0.1397
2026-05-05 23:46:28,143 - mmdet - INFO - Iter [16550/120000]	lr: 1.000e-04, eta: 1 day, 18:35:16, time: 0.833, data_time: 0.007, memory: 10658, loss_mask: 0.1341, loss_texture: 0.0035, iou: 0.5320, iou_t0: 0.5637, iou_t1: 0.5898, iou_t2: 0.5779, iou_t3: 0.5305, iou_t4: 0.5303, iou_t5: 0.4795, loss: 0.1375
2026-05-05 23:46:48,824 - mmdet - INFO - Iter [16575/120000]	lr: 1.000e-04, eta: 1 day, 18:32:57, time: 0.827, data_time: 0.007, memory: 10658, loss_mask: 0.0735, loss_texture: 0.0024, iou: 0.6715, iou_t0: 0.6340, iou_t1: 0.7200, iou_t2: 0.6653, iou_t3: 0.7399, iou_t4: 0.6809, iou_t5: 0.6590, loss: 0.0759
2026-05-05 23:47:09,901 - mmdet - INFO - Iter [16600/120000]	lr: 1.000e-04, eta: 1 day, 18:30:40, time: 0.843, data_time: 0.007, memory: 10658, loss_mask: 0.0907, loss_texture: 0.0026, iou: 0.6329, iou_t0: 0.6725, iou_t1: 0.6743, iou_t2: 0.6329, iou_t3: 0.5850, iou_t4: 0.6433, iou_t5: 0.6359, loss: 0.0934
2026-05-05 23:47:30,646 - mmdet - INFO - Iter [16625/120000]	lr: 1.000e-04, eta: 1 day, 18:28:22, time: 0.830, data_time: 0.007, memory: 10658, loss_mask: 0.0929, loss_texture: 0.0032, iou: 0.7146, iou_t0: 0.7634, iou_t1: 0.7695, iou_t2: 0.7522, iou_t3: 0.6766, iou_t4: 0.7102, iou_t5: 0.6462, loss: 0.0961
2026-05-05 23:47:51,698 - mmdet - INFO - Iter [16650/120000]	lr: 1.000e-04, eta: 1 day, 18:26:06, time: 0.842, data_time: 0.007, memory: 10658, loss_mask: 0.1244, loss_texture: 0.0033, iou: 0.6696, iou_t0: 0.6508, iou_t1: 0.7060, iou_t2: 0.6881, iou_t3: 0.7290, iou_t4: 0.6276, iou_t5: 0.6103, loss: 0.1277
2026-05-05 23:48:12,253 - mmdet - INFO - Iter [16675/120000]	lr: 1.000e-04, eta: 1 day, 18:23:48, time: 0.822, data_time: 0.007, memory: 10658, loss_mask: 0.0870, loss_texture: 0.0027, iou: 0.5959, iou_t0: 0.6124, iou_t1: 0.6874, iou_t2: 0.5581, iou_t3: 0.6052, iou_t4: 0.5272, iou_t5: 0.5349, loss: 0.0897
2026-05-05 23:48:33,141 - mmdet - INFO - Iter [16700/120000]	lr: 1.000e-04, eta: 1 day, 18:21:32, time: 0.835, data_time: 0.007, memory: 10658, loss_mask: 0.1188, loss_texture: 0.0035, iou: 0.6974, iou_t0: 0.7071, iou_t1: 0.7326, iou_t2: 0.7251, iou_t3: 0.6723, iou_t4: 0.6809, iou_t5: 0.6742, loss: 0.1223
2026-05-05 23:48:53,827 - mmdet - INFO - Iter [16725/120000]	lr: 1.000e-04, eta: 1 day, 18:19:15, time: 0.827, data_time: 0.007, memory: 10658, loss_mask: 0.0961, loss_texture: 0.0032, iou: 0.7082, iou_t0: 0.7458, iou_t1: 0.6771, iou_t2: 0.6810, iou_t3: 0.6526, iou_t4: 0.6625, iou_t5: 0.7710, loss: 0.0993
2026-05-05 23:49:14,694 - mmdet - INFO - Iter [16750/120000]	lr: 1.000e-04, eta: 1 day, 18:16:59, time: 0.835, data_time: 0.007, memory: 10658, loss_mask: 0.0814, loss_texture: 0.0027, iou: 0.6184, iou_t0: 0.6417, iou_t1: 0.6060, iou_t2: 0.6288, iou_t3: 0.5693, iou_t4: 0.6012, iou_t5: 0.6156, loss: 0.0841
2026-05-05 23:49:35,119 - mmdet - INFO - Iter [16775/120000]	lr: 1.000e-04, eta: 1 day, 18:14:41, time: 0.817, data_time: 0.007, memory: 10658, loss_mask: 0.0944, loss_texture: 0.0027, iou: 0.5766, iou_t0: 0.5088, iou_t1: 0.5707, iou_t2: 0.6002, iou_t3: 0.6619, iou_t4: 0.5941, iou_t5: 0.5755, loss: 0.0971
2026-05-05 23:49:54,536 - mmdet - INFO - Iter [16800/120000]	lr: 1.000e-04, eta: 1 day, 18:12:17, time: 0.777, data_time: 0.007, memory: 10658, loss_mask: 0.2159, loss_texture: 0.0045, iou: 0.6514, iou_t0: 0.6963, iou_t1: 0.6601, iou_t2: 0.6304, iou_t3: 0.6441, iou_t4: 0.6383, iou_t5: 0.6240, loss: 0.2205
2026-05-05 23:50:17,604 - mmdet - INFO - Iter [16825/120000]	lr: 1.000e-04, eta: 1 day, 18:10:16, time: 0.923, data_time: 0.007, memory: 10658, loss_mask: 0.1468, loss_texture: 0.0041, iou: 0.6044, iou_t0: 0.6301, iou_t1: 0.7699, iou_t2: 0.5449, iou_t3: 0.5651, iou_t4: 0.4871, iou_t5: 0.5619, loss: 0.1508
2026-05-05 23:50:40,409 - mmdet - INFO - Iter [16850/120000]	lr: 1.000e-04, eta: 1 day, 18:08:14, time: 0.912, data_time: 0.007, memory: 10658, loss_mask: 0.2590, loss_texture: 0.0048, iou: 0.6059, iou_t0: 0.6462, iou_t1: 0.7441, iou_t2: 0.5653, iou_t3: 0.5846, iou_t4: 0.5102, iou_t5: 0.5433, loss: 0.2638
2026-05-05 23:51:03,429 - mmdet - INFO - Iter [16875/120000]	lr: 1.000e-04, eta: 1 day, 18:06:13, time: 0.921, data_time: 0.007, memory: 10658, loss_mask: 0.1239, loss_texture: 0.0031, iou: 0.5365, iou_t0: 0.6448, iou_t1: 0.5640, iou_t2: 0.4232, iou_t3: 0.5195, iou_t4: 0.5499, iou_t5: 0.4923, loss: 0.1270
2026-05-05 23:51:26,124 - mmdet - INFO - Iter [16900/120000]	lr: 1.000e-04, eta: 1 day, 18:04:11, time: 0.908, data_time: 0.007, memory: 10658, loss_mask: 0.1678, loss_texture: 0.0043, iou: 0.6723, iou_t0: 0.7543, iou_t1: 0.7068, iou_t2: 0.5419, iou_t3: 0.6926, iou_t4: 0.6847, iou_t5: 0.6115, loss: 0.1721
2026-05-05 23:51:48,902 - mmdet - INFO - Iter [16925/120000]	lr: 1.000e-04, eta: 1 day, 18:02:09, time: 0.911, data_time: 0.007, memory: 10658, loss_mask: 0.1190, loss_texture: 0.0037, iou: 0.6703, iou_t0: 0.6482, iou_t1: 0.6533, iou_t2: 0.6652, iou_t3: 0.6843, iou_t4: 0.6988, iou_t5: 0.7306, loss: 0.1227
2026-05-05 23:52:07,114 - mmdet - INFO - Iter [16950/120000]	lr: 1.000e-04, eta: 1 day, 17:59:40, time: 0.728, data_time: 0.008, memory: 10658, loss_mask: 0.0987, loss_texture: 0.0030, iou: 0.6982, iou_t0: 0.7483, iou_t1: 0.6758, iou_t2: 0.6410, iou_t3: 0.7412, iou_t4: 0.7602, iou_t5: 0.6459, loss: 0.1017
2026-05-05 23:52:28,348 - mmdet - INFO - Iter [16975/120000]	lr: 1.000e-04, eta: 1 day, 17:57:29, time: 0.849, data_time: 0.007, memory: 10658, loss_mask: 0.1377, loss_texture: 0.0039, iou: 0.6185, iou_t0: 0.6536, iou_t1: 0.6538, iou_t2: 0.6475, iou_t3: 0.5596, iou_t4: 0.6170, iou_t5: 0.6608, loss: 0.1415
2026-05-05 23:52:49,643 - mmdet - INFO - 
--- Val evaluation at iter 17000 ---
2026-05-05 23:58:07,954 - mmdet - INFO - 
+------------+-------------+-------------+
| Class      | Val IoU     | Pseudo IoU  |
+------------+-------------+-------------+
| background | 91.58       | 92.68       |
| building   | 64.10       | 69.14       |
| Summary    | mIoU: 77.84 | mIoU: 80.91 |
+------------+-------------+-------------+
Images evaluated: 218
2026-05-05 23:58:09,824 - mmdet - INFO - Exp name: exp5_obj_bnd.py
2026-05-05 23:58:09,825 - mmdet - INFO - Iter [17000/120000]	lr: 1.000e-04, eta: 1 day, 17:55:20, time: 0.852, data_time: 0.007, memory: 10658, val/mIoU: 0.7784, val/IoU.building: 0.6410, val/IoU.background: 0.9158, val/Pseudo_mIoU: 0.8091, loss_mask: 0.0632, loss_texture: 0.0025, iou: 0.6067, iou_t0: 0.5650, iou_t1: 0.5630, iou_t2: 0.6347, iou_t3: 0.5955, iou_t4: 0.5713, iou_t5: 0.6515, loss: 0.0657
2026-05-05 23:58:30,576 - mmdet - INFO - Iter [17025/120000]	lr: 1.000e-04, eta: 1 day, 18:25:24, time: 13.637, data_time: 12.816, memory: 10658, loss_mask: 0.0758, loss_texture: 0.0027, iou: 0.6367, iou_t0: 0.7126, iou_t1: 0.6634, iou_t2: 0.6246, iou_t3: 0.4406, iou_t4: 0.6790, iou_t5: 0.6410, loss: 0.0784
2026-05-05 23:58:51,577 - mmdet - INFO - Iter [17050/120000]	lr: 1.000e-04, eta: 1 day, 18:23:09, time: 0.840, data_time: 0.007, memory: 10658, loss_mask: 0.0967, loss_texture: 0.0035, iou: 0.7219, iou_t0: 0.7320, iou_t1: 0.7269, iou_t2: 0.6945, iou_t3: 0.7372, iou_t4: 0.7514, iou_t5: 0.6899, loss: 0.1001
2026-05-05 23:59:12,536 - mmdet - INFO - Iter [17075/120000]	lr: 1.000e-04, eta: 1 day, 18:20:55, time: 0.838, data_time: 0.007, memory: 10658, loss_mask: 0.0784, loss_texture: 0.0027, iou: 0.6119, iou_t0: 0.6575, iou_t1: 0.7314, iou_t2: 0.6111, iou_t3: 0.5087, iou_t4: 0.5846, iou_t5: 0.5866, loss: 0.0811
2026-05-05 23:59:33,341 - mmdet - INFO - Iter [17100/120000]	lr: 1.000e-04, eta: 1 day, 18:18:41, time: 0.832, data_time: 0.007, memory: 10658, loss_mask: 0.0835, loss_texture: 0.0029, iou: 0.6753, iou_t0: 0.7003, iou_t1: 0.6754, iou_t2: 0.6364, iou_t3: 0.7295, iou_t4: 0.5946, iou_t5: 0.6884, loss: 0.0864
2026-05-05 23:59:54,194 - mmdet - INFO - Iter [17125/120000]	lr: 1.000e-04, eta: 1 day, 18:16:27, time: 0.834, data_time: 0.007, memory: 10658, loss_mask: 0.0657, loss_texture: 0.0021, iou: 0.6618, iou_t0: 0.7429, iou_t1: 0.5897, iou_t2: 0.6019, iou_t3: 0.6675, iou_t4: 0.6989, iou_t5: 0.6782, loss: 0.0678
2026-05-06 00:00:15,187 - mmdet - INFO - Iter [17150/120000]	lr: 1.000e-04, eta: 1 day, 18:14:14, time: 0.840, data_time: 0.007, memory: 10658, loss_mask: 0.0602, loss_texture: 0.0023, iou: 0.6046, iou_t0: 0.7181, iou_t1: 0.6450, iou_t2: 0.5480, iou_t3: 0.6060, iou_t4: 0.5901, iou_t5: 0.5806, loss: 0.0625
2026-05-06 00:00:36,262 - mmdet - INFO - Iter [17175/120000]	lr: 1.000e-04, eta: 1 day, 18:12:02, time: 0.843, data_time: 0.007, memory: 10658, loss_mask: 0.0903, loss_texture: 0.0031, iou: 0.6854, iou_t0: 0.7219, iou_t1: 0.6418, iou_t2: 0.7278, iou_t3: 0.6641, iou_t4: 0.6607, iou_t5: 0.6902, loss: 0.0934
2026-05-06 00:00:56,829 - mmdet - INFO - Iter [17200/120000]	lr: 1.000e-04, eta: 1 day, 18:09:47, time: 0.823, data_time: 0.007, memory: 10658, loss_mask: 0.0715, loss_texture: 0.0027, iou: 0.7043, iou_t0: 0.7786, iou_t1: 0.6743, iou_t2: 0.7571, iou_t3: 0.6657, iou_t4: 0.6599, iou_t5: 0.6915, loss: 0.0742
2026-05-06 00:01:17,518 - mmdet - INFO - Iter [17225/120000]	lr: 1.000e-04, eta: 1 day, 18:07:33, time: 0.827, data_time: 0.007, memory: 10658, loss_mask: 0.1307, loss_texture: 0.0030, iou: 0.5530, iou_t0: 0.6206, iou_t1: 0.3996, iou_t2: 0.6443, iou_t3: 0.5495, iou_t4: 0.5346, iou_t5: 0.5269, loss: 0.1338
2026-05-06 00:01:37,233 - mmdet - INFO - Iter [17250/120000]	lr: 1.000e-04, eta: 1 day, 18:05:14, time: 0.789, data_time: 0.008, memory: 10658, loss_mask: 0.1271, loss_texture: 0.0039, iou: 0.6077, iou_t0: 0.5424, iou_t1: 0.6167, iou_t2: 0.7177, iou_t3: 0.6294, iou_t4: 0.5738, iou_t5: 0.6209, loss: 0.1310
2026-05-06 00:01:59,841 - mmdet - INFO - Iter [17275/120000]	lr: 1.000e-04, eta: 1 day, 18:03:12, time: 0.904, data_time: 0.007, memory: 10658, loss_mask: 0.0910, loss_texture: 0.0031, iou: 0.6881, iou_t0: 0.6926, iou_t1: 0.6775, iou_t2: 0.6741, iou_t3: 0.6585, iou_t4: 0.6697, iou_t5: 0.6925, loss: 0.0941
2026-05-06 00:02:22,361 - mmdet - INFO - Iter [17300/120000]	lr: 1.000e-04, eta: 1 day, 18:01:11, time: 0.901, data_time: 0.007, memory: 10658, loss_mask: 0.0837, loss_texture: 0.0028, iou: 0.5778, iou_t0: 0.5620, iou_t1: 0.5794, iou_t2: 0.6469, iou_t3: 0.5731, iou_t4: 0.4853, iou_t5: 0.5830, loss: 0.0865
2026-05-06 00:02:45,279 - mmdet - INFO - Iter [17325/120000]	lr: 1.000e-04, eta: 1 day, 17:59:11, time: 0.917, data_time: 0.007, memory: 10658, loss_mask: 0.0654, loss_texture: 0.0029, iou: 0.6606, iou_t0: 0.6484, iou_t1: 0.7020, iou_t2: 0.5850, iou_t3: 0.5877, iou_t4: 0.7100, iou_t5: 0.6762, loss: 0.0683
2026-05-06 00:03:08,363 - mmdet - INFO - Iter [17350/120000]	lr: 1.000e-04, eta: 1 day, 17:57:13, time: 0.923, data_time: 0.007, memory: 10658, loss_mask: 0.0712, loss_texture: 0.0028, iou: 0.6911, iou_t0: 0.7171, iou_t1: 0.7689, iou_t2: 0.6166, iou_t3: 0.6675, iou_t4: 0.7212, iou_t5: 0.7314, loss: 0.0739
2026-05-06 00:03:30,947 - mmdet - INFO - Iter [17375/120000]	lr: 1.000e-04, eta: 1 day, 17:55:13, time: 0.903, data_time: 0.007, memory: 10658, loss_mask: 0.1555, loss_texture: 0.0034, iou: 0.7527, iou_t0: 0.8631, iou_t1: 0.6761, iou_t2: 0.7712, iou_t3: 0.7850, iou_t4: 0.7006, iou_t5: 0.7461, loss: 0.1589
2026-05-06 00:03:53,734 - mmdet - INFO - Iter [17400/120000]	lr: 1.000e-04, eta: 1 day, 17:53:13, time: 0.911, data_time: 0.008, memory: 10658, loss_mask: 0.1261, loss_texture: 0.0034, iou: 0.6003, iou_t0: 0.6921, iou_t1: 0.6597, iou_t2: 0.5142, iou_t3: 0.6358, iou_t4: 0.5522, iou_t5: 0.5558, loss: 0.1294
2026-05-06 00:04:17,103 - mmdet - INFO - Iter [17425/120000]	lr: 1.000e-04, eta: 1 day, 17:51:18, time: 0.935, data_time: 0.007, memory: 10658, loss_mask: 0.1299, loss_texture: 0.0038, iou: 0.6466, iou_t0: 0.6811, iou_t1: 0.6867, iou_t2: 0.6751, iou_t3: 0.6910, iou_t4: 0.5218, iou_t5: 0.6102, loss: 0.1337
2026-05-06 00:04:35,362 - mmdet - INFO - Iter [17450/120000]	lr: 1.000e-04, eta: 1 day, 17:48:53, time: 0.730, data_time: 0.008, memory: 10658, loss_mask: 0.2309, loss_texture: 0.0041, iou: 0.6335, iou_t0: 0.7116, iou_t1: 0.6053, iou_t2: 0.6414, iou_t3: 0.5840, iou_t4: 0.6129, iou_t5: 0.5878, loss: 0.2350
2026-05-06 00:04:56,105 - mmdet - INFO - Iter [17475/120000]	lr: 1.000e-04, eta: 1 day, 17:46:42, time: 0.830, data_time: 0.007, memory: 10658, loss_mask: 0.4184, loss_texture: 0.0062, iou: 0.4405, iou_t0: 0.5067, iou_t1: 0.4280, iou_t2: 0.4224, iou_t3: 0.5148, iou_t4: 0.4060, iou_t5: 0.3726, loss: 0.4246
2026-05-06 00:05:16,879 - mmdet - INFO - 
--- Val evaluation at iter 17500 ---
2026-05-06 00:10:31,527 - mmdet - INFO - 
+------------+-------------+-------------+
| Class      | Val IoU     | Pseudo IoU  |
+------------+-------------+-------------+
| background | 91.68       | 92.68       |
| building   | 65.00       | 69.14       |
| Summary    | mIoU: 78.34 | mIoU: 80.91 |
+------------+-------------+-------------+
Images evaluated: 218
2026-05-06 00:10:33,388 - mmdet - INFO - Iter [17500/120000]	lr: 1.000e-04, eta: 1 day, 17:44:33, time: 0.831, data_time: 0.007, memory: 10658, val/mIoU: 0.7834, val/IoU.building: 0.6500, val/IoU.background: 0.9168, val/Pseudo_mIoU: 0.8091, loss_mask: 0.2145, loss_texture: 0.0047, iou: 0.5800, iou_t0: 0.6584, iou_t1: 0.6346, iou_t2: 0.5728, iou_t3: 0.5824, iou_t4: 0.4822, iou_t5: 0.5735, loss: 0.2193
2026-05-06 00:10:53,976 - mmdet - INFO - Iter [17525/120000]	lr: 1.000e-04, eta: 1 day, 18:13:13, time: 13.484, data_time: 12.669, memory: 10658, loss_mask: 0.1117, loss_texture: 0.0038, iou: 0.7005, iou_t0: 0.7291, iou_t1: 0.6648, iou_t2: 0.7309, iou_t3: 0.7600, iou_t4: 0.6100, iou_t5: 0.6697, loss: 0.1155
2026-05-06 00:11:14,825 - mmdet - INFO - Iter [17550/120000]	lr: 1.000e-04, eta: 1 day, 18:11:01, time: 0.834, data_time: 0.008, memory: 10658, loss_mask: 0.0924, loss_texture: 0.0031, iou: 0.6283, iou_t0: 0.6920, iou_t1: 0.6201, iou_t2: 0.6734, iou_t3: 0.5952, iou_t4: 0.5851, iou_t5: 0.5975, loss: 0.0955
2026-05-06 00:11:35,828 - mmdet - INFO - Iter [17575/120000]	lr: 1.000e-04, eta: 1 day, 18:08:50, time: 0.840, data_time: 0.007, memory: 10658, loss_mask: 0.0956, loss_texture: 0.0030, iou: 0.6642, iou_t0: 0.6412, iou_t1: 0.6290, iou_t2: 0.6530, iou_t3: 0.7029, iou_t4: 0.6249, iou_t5: 0.6621, loss: 0.0986
2026-05-06 00:11:56,590 - mmdet - INFO - Iter [17600/120000]	lr: 1.000e-04, eta: 1 day, 18:06:39, time: 0.831, data_time: 0.008, memory: 10658, loss_mask: 0.1406, loss_texture: 0.0042, iou: 0.7129, iou_t0: 0.7562, iou_t1: 0.7011, iou_t2: 0.6592, iou_t3: 0.7235, iou_t4: 0.6765, iou_t5: 0.7262, loss: 0.1448
2026-05-06 00:12:17,644 - mmdet - INFO - Iter [17625/120000]	lr: 1.000e-04, eta: 1 day, 18:04:29, time: 0.842, data_time: 0.007, memory: 10658, loss_mask: 0.1430, loss_texture: 0.0036, iou: 0.6819, iou_t0: 0.6838, iou_t1: 0.7197, iou_t2: 0.6709, iou_t3: 0.7761, iou_t4: 0.6285, iou_t5: 0.6375, loss: 0.1465
2026-05-06 00:12:38,733 - mmdet - INFO - Iter [17650/120000]	lr: 1.000e-04, eta: 1 day, 18:02:20, time: 0.844, data_time: 0.007, memory: 10658, loss_mask: 0.1171, loss_texture: 0.0032, iou: 0.6396, iou_t0: 0.6690, iou_t1: 0.6218, iou_t2: 0.5822, iou_t3: 0.6724, iou_t4: 0.6552, iou_t5: 0.5751, loss: 0.1203
2026-05-06 00:12:59,658 - mmdet - INFO - Iter [17675/120000]	lr: 1.000e-04, eta: 1 day, 18:00:10, time: 0.837, data_time: 0.010, memory: 10658, loss_mask: 0.0617, loss_texture: 0.0021, iou: 0.5343, iou_t0: 0.5957, iou_t1: 0.6334, iou_t2: 0.4817, iou_t3: 0.5777, iou_t4: 0.3896, iou_t5: 0.5392, loss: 0.0638
2026-05-06 00:13:17,568 - mmdet - INFO - Iter [17700/120000]	lr: 1.000e-04, eta: 1 day, 17:57:43, time: 0.716, data_time: 0.011, memory: 10658, loss_mask: 0.0727, loss_texture: 0.0027, iou: 0.6825, iou_t0: 0.7528, iou_t1: 0.7051, iou_t2: 0.6665, iou_t3: 0.6260, iou_t4: 0.6725, iou_t5: 0.6542, loss: 0.0754
2026-05-06 00:13:40,000 - mmdet - INFO - Iter [17725/120000]	lr: 1.000e-04, eta: 1 day, 17:55:42, time: 0.897, data_time: 0.009, memory: 10658, loss_mask: 0.0805, loss_texture: 0.0030, iou: 0.6764, iou_t0: 0.6464, iou_t1: 0.6528, iou_t2: 0.6889, iou_t3: 0.7646, iou_t4: 0.6778, iou_t5: 0.6814, loss: 0.0835
2026-05-06 00:14:02,127 - mmdet - INFO - Iter [17750/120000]	lr: 1.000e-04, eta: 1 day, 17:53:40, time: 0.885, data_time: 0.007, memory: 10658, loss_mask: 0.0774, loss_texture: 0.0024, iou: 0.6923, iou_t0: 0.7917, iou_t1: 0.6602, iou_t2: 0.7082, iou_t3: 0.6095, iou_t4: 0.7031, iou_t5: 0.6785, loss: 0.0798
2026-05-06 00:14:25,351 - mmdet - INFO - Iter [17775/120000]	lr: 1.000e-04, eta: 1 day, 17:51:45, time: 0.929, data_time: 0.007, memory: 10658, loss_mask: 0.0885, loss_texture: 0.0029, iou: 0.6838, iou_t0: 0.7046, iou_t1: 0.6310, iou_t2: 0.6592, iou_t3: 0.7500, iou_t4: 0.6459, iou_t5: 0.6718, loss: 0.0914
2026-05-06 00:14:48,082 - mmdet - INFO - Iter [17800/120000]	lr: 1.000e-04, eta: 1 day, 17:49:47, time: 0.909, data_time: 0.007, memory: 10658, loss_mask: 0.0834, loss_texture: 0.0028, iou: 0.6902, iou_t0: 0.6913, iou_t1: 0.7104, iou_t2: 0.6427, iou_t3: 0.7458, iou_t4: 0.6501, iou_t5: 0.7156, loss: 0.0862
2026-05-06 00:15:10,898 - mmdet - INFO - Iter [17825/120000]	lr: 1.000e-04, eta: 1 day, 17:47:50, time: 0.913, data_time: 0.007, memory: 10658, loss_mask: 0.1126, loss_texture: 0.0033, iou: 0.6618, iou_t0: 0.7287, iou_t1: 0.6306, iou_t2: 0.6244, iou_t3: 0.6569, iou_t4: 0.6124, iou_t5: 0.6917, loss: 0.1159
2026-05-06 00:15:33,773 - mmdet - INFO - Iter [17850/120000]	lr: 1.000e-04, eta: 1 day, 17:45:53, time: 0.915, data_time: 0.007, memory: 10658, loss_mask: 0.0741, loss_texture: 0.0025, iou: 0.6875, iou_t0: 0.7615, iou_t1: 0.6784, iou_t2: 0.5963, iou_t3: 0.7471, iou_t4: 0.5956, iou_t5: 0.7527, loss: 0.0766
2026-05-06 00:15:56,480 - mmdet - INFO - Iter [17875/120000]	lr: 1.000e-04, eta: 1 day, 17:43:56, time: 0.908, data_time: 0.007, memory: 10658, loss_mask: 0.0657, loss_texture: 0.0027, iou: 0.6242, iou_t0: 0.5351, iou_t1: 0.6799, iou_t2: 0.5583, iou_t3: 0.6294, iou_t4: 0.6383, iou_t5: 0.6893, loss: 0.0685
2026-05-06 00:16:19,234 - mmdet - INFO - Iter [17900/120000]	lr: 1.000e-04, eta: 1 day, 17:41:59, time: 0.910, data_time: 0.008, memory: 10658, loss_mask: 0.0902, loss_texture: 0.0033, iou: 0.7248, iou_t0: 0.6603, iou_t1: 0.7770, iou_t2: 0.7405, iou_t3: 0.8034, iou_t4: 0.7280, iou_t5: 0.6656, loss: 0.0935
2026-05-06 00:16:42,202 - mmdet - INFO - Iter [17925/120000]	lr: 1.000e-04, eta: 1 day, 17:40:04, time: 0.919, data_time: 0.007, memory: 10658, loss_mask: 0.0776, loss_texture: 0.0030, iou: 0.6377, iou_t0: 0.7110, iou_t1: 0.6019, iou_t2: 0.5854, iou_t3: 0.6152, iou_t4: 0.6573, iou_t5: 0.6377, loss: 0.0806
2026-05-06 00:17:00,527 - mmdet - INFO - Iter [17950/120000]	lr: 1.000e-04, eta: 1 day, 17:37:43, time: 0.733, data_time: 0.007, memory: 10658, loss_mask: 0.0921, loss_texture: 0.0034, iou: 0.6931, iou_t0: 0.6876, iou_t1: 0.7172, iou_t2: 0.6966, iou_t3: 0.6710, iou_t4: 0.7669, iou_t5: 0.6985, loss: 0.0955
2026-05-06 00:17:21,340 - mmdet - INFO - Iter [17975/120000]	lr: 1.000e-04, eta: 1 day, 17:35:36, time: 0.832, data_time: 0.007, memory: 10658, loss_mask: 0.1150, loss_texture: 0.0037, iou: 0.7379, iou_t0: 0.7311, iou_t1: 0.7720, iou_t2: 0.7286, iou_t3: 0.7174, iou_t4: 0.7658, iou_t5: 0.6883, loss: 0.1187
2026-05-06 00:17:42,531 - mmdet - INFO - 
--- Val evaluation at iter 18000 ---
