2026-05-05 06:03:26,835 - mmdet - INFO - Environment info:
------------------------------------------------------------
sys.platform: linux
Python: 3.8.20 (default, Oct  3 2024, 15:24:27) [GCC 11.2.0]
CUDA available: True
GPU 0: NVIDIA L40S
CUDA_HOME: /usr
NVCC: Cuda compilation tools, release 12.0, V12.0.140
GCC: gcc (Ubuntu 13.3.0-6ubuntu2~24.04.1) 13.3.0
PyTorch: 1.10.1+cu111
PyTorch compiling details: PyTorch built with:
  - GCC 7.3
  - C++ Version: 201402
  - Intel(R) Math Kernel Library Version 2020.0.0 Product Build 20191122 for Intel(R) 64 architecture applications
  - Intel(R) MKL-DNN v2.2.3 (Git Hash 7336ca9f055cf1bfa13efb658fe15dc9b41f0740)
  - OpenMP 201511 (a.k.a. OpenMP 4.5)
  - LAPACK is enabled (usually provided by MKL)
  - NNPACK is enabled
  - CPU capability usage: AVX2
  - CUDA Runtime 11.1
  - NVCC architecture flags: -gencode;arch=compute_37,code=sm_37;-gencode;arch=compute_50,code=sm_50;-gencode;arch=compute_60,code=sm_60;-gencode;arch=compute_70,code=sm_70;-gencode;arch=compute_75,code=sm_75;-gencode;arch=compute_80,code=sm_80;-gencode;arch=compute_86,code=sm_86
  - CuDNN 8.0.5
  - Magma 2.5.2
  - Build settings: BLAS_INFO=mkl, BUILD_TYPE=Release, CUDA_VERSION=11.1, CUDNN_VERSION=8.0.5, CXX_COMPILER=/opt/rh/devtoolset-7/root/usr/bin/c++, CXX_FLAGS= -Wno-deprecated -fvisibility-inlines-hidden -DUSE_PTHREADPOOL -fopenmp -DNDEBUG -DUSE_KINETO -DUSE_FBGEMM -DUSE_QNNPACK -DUSE_PYTORCH_QNNPACK -DUSE_XNNPACK -DSYMBOLICATE_MOBILE_DEBUG_HANDLE -DEDGE_PROFILER_USE_KINETO -O2 -fPIC -Wno-narrowing -Wall -Wextra -Werror=return-type -Wno-missing-field-initializers -Wno-type-limits -Wno-array-bounds -Wno-unknown-pragmas -Wno-sign-compare -Wno-unused-parameter -Wno-unused-variable -Wno-unused-function -Wno-unused-result -Wno-unused-local-typedefs -Wno-strict-overflow -Wno-strict-aliasing -Wno-error=deprecated-declarations -Wno-stringop-overflow -Wno-psabi -Wno-error=pedantic -Wno-error=redundant-decls -Wno-error=old-style-cast -fdiagnostics-color=always -faligned-new -Wno-unused-but-set-variable -Wno-maybe-uninitialized -fno-math-errno -fno-trapping-math -Werror=format -Wno-stringop-overflow, LAPACK_INFO=mkl, PERF_WITH_AVX=1, PERF_WITH_AVX2=1, PERF_WITH_AVX512=1, TORCH_VERSION=1.10.1, USE_CUDA=ON, USE_CUDNN=ON, USE_EXCEPTION_PTR=1, USE_GFLAGS=OFF, USE_GLOG=OFF, USE_MKL=ON, USE_MKLDNN=ON, USE_MPI=OFF, USE_NCCL=ON, USE_NNPACK=ON, USE_OPENMP=ON, 

TorchVision: 0.11.2+cu111
OpenCV: 4.13.0
MMCV: 1.5.0
MMCV Compiler: GCC 7.3
MMCV CUDA Compiler: 11.1
MMDetection: 2.28.1+50f0de3
------------------------------------------------------------

2026-05-05 06:03:27,424 - mmdet - INFO - Distributed training: False
2026-05-05 06:03:28,070 - mmdet - INFO - Config:
checkpoint_config = dict(interval=0, by_epoch=False)
log_config = dict(
    interval=25, hooks=[dict(type='TextLoggerHook', by_epoch=False)])
dist_params = dict(backend='nccl')
log_level = 'INFO'
load_from = None
resume_from = None
workflow = [('train', 1)]
opencv_num_threads = 0
mp_start_method = 'spawn'
auto_scale_lr = dict(enable=False, base_batch_size=16)
object_size = 256
task = 'semantic'
model = dict(
    type='SegRefinerSemantic',
    task='semantic',
    step=6,
    denoise_model=dict(
        type='DenoiseUNet',
        in_channels=4,
        out_channels=1,
        model_channels=128,
        num_res_blocks=2,
        num_heads=4,
        num_heads_upsample=-1,
        attention_strides=(16, 32),
        learn_time_embd=True,
        num_timesteps=6,
        channel_mult=(1, 1, 2, 2, 4, 4),
        dropout=0.0),
    diffusion_cfg=dict(
        betas=dict(type='linear', start=0.8, stop=0.0, num_timesteps=6),
        diff_iter=False,
        noise_components=dict(use_obj=True, use_bnd=True, use_unc=True)),
    test_cfg=dict(
        model_size=1024,
        fine_prob_thr=0.8,
        batch_max=32,
        iou_thr=0.15,
        max_local_patches=16,
        nms_iou_thr=0.5))
img_norm_cfg = dict(
    mean=[123.675, 116.28, 103.53], std=[58.395, 57.12, 57.375], to_rgb=True)
train_pipeline = [
    dict(type='LoadImageFromFile'),
    dict(
        type='LoadAnnotations',
        with_bbox=False,
        with_label=False,
        with_mask=False,
        with_seg=True),
    dict(
        type='LoadOEMCoarseMasks',
        use_obj=False,
        use_bnd=False,
        use_unc=False,
        obj_unc_threshold=0.3,
        test_mode=False),
    dict(type='AddGlobalView', size=256),
    dict(type='RandomCropAll', crop_size=256),
    dict(type='RandomFlip', flip_ratio=0.5),
    dict(
        type='Normalize',
        mean=[123.675, 116.28, 103.53],
        std=[58.395, 57.12, 57.375],
        to_rgb=True),
    dict(type='DefaultFormatBundle'),
    dict(
        type='Collect',
        keys=[
            'img', 'gt_masks', 'coarse_masks', 'unc_map', 'edge_map',
            'global_img', 'global_gt_np', 'global_coarse_np', 'global_unc_np',
            'global_edge_np'
        ])
]
val_data_root = '/home/ubuntu/vy/Denoiser/OEM_v2_Building'
val_pipeline = [
    dict(type='LoadImageFromFile'),
    dict(
        type='LoadAnnotations',
        with_bbox=False,
        with_label=False,
        with_mask=False,
        with_seg=True),
    dict(
        type='LoadOEMCoarseMasks',
        test_mode=True,
        pseudolabel_dir='/home/ubuntu/vy/Denoiser/OEM_v2_Building/pseudolabels'
    ),
    dict(type='Resize', img_scale=(1024, 1024), keep_ratio=False),
    dict(
        type='Normalize',
        mean=[123.675, 116.28, 103.53],
        std=[58.395, 57.12, 57.375],
        to_rgb=True),
    dict(type='DefaultFormatBundle'),
    dict(
        type='Collect',
        keys=['img', 'gt_masks', 'coarse_masks'],
        meta_keys=[
            'filename', 'ori_filename', 'ori_shape', 'img_shape', 'pad_shape',
            'scale_factor', 'flip', 'flip_direction', 'img_norm_cfg',
            'crop_bbox'
        ])
]
data_root = '/home/ubuntu/vy/Denoiser/OpenEarthMap_wo_xBD'
dataset_type = 'OEMBuildingDataset'
data = dict(
    train=dict(
        type='OEMBuildingDataset',
        data_root='/home/ubuntu/vy/Denoiser/OpenEarthMap_wo_xBD',
        split_file='/home/ubuntu/vy/Denoiser/OpenEarthMap_wo_xBD/train.txt',
        pipeline=[
            dict(type='LoadImageFromFile'),
            dict(
                type='LoadAnnotations',
                with_bbox=False,
                with_label=False,
                with_mask=False,
                with_seg=True),
            dict(
                type='LoadOEMCoarseMasks',
                use_obj=True,
                use_bnd=True,
                use_unc=True,
                test_mode=False),
            dict(type='AddGlobalView', size=256),
            dict(type='RandomCropAll', crop_size=256),
            dict(type='RandomFlip', flip_ratio=0.5),
            dict(
                type='Normalize',
                mean=[123.675, 116.28, 103.53],
                std=[58.395, 57.12, 57.375],
                to_rgb=True),
            dict(type='DefaultFormatBundle'),
            dict(
                type='Collect',
                keys=[
                    'img', 'gt_masks', 'coarse_masks', 'unc_map', 'edge_map',
                    'global_img', 'global_gt_np', 'global_coarse_np',
                    'global_unc_np', 'global_edge_np'
                ])
        ],
        test_mode=False),
    val=dict(
        type='OEMv2BuildingDataset',
        data_root='/home/ubuntu/vy/Denoiser/OEM_v2_Building',
        split_file='/home/ubuntu/vy/Denoiser/OEM_v2_Building/val.txt',
        pipeline=[
            dict(type='LoadImageFromFile'),
            dict(
                type='LoadAnnotations',
                with_bbox=False,
                with_label=False,
                with_mask=False,
                with_seg=True),
            dict(
                type='LoadOEMCoarseMasks',
                test_mode=True,
                pseudolabel_dir=
                '/home/ubuntu/vy/Denoiser/OEM_v2_Building/pseudolabels'),
            dict(type='Resize', img_scale=(1024, 1024), keep_ratio=False),
            dict(
                type='Normalize',
                mean=[123.675, 116.28, 103.53],
                std=[58.395, 57.12, 57.375],
                to_rgb=True),
            dict(type='DefaultFormatBundle'),
            dict(
                type='Collect',
                keys=['img', 'gt_masks', 'coarse_masks'],
                meta_keys=[
                    'filename', 'ori_filename', 'ori_shape', 'img_shape',
                    'pad_shape', 'scale_factor', 'flip', 'flip_direction',
                    'img_norm_cfg', 'crop_bbox'
                ])
        ],
        test_mode=True),
    test=dict(
        type='OEMv2BuildingDataset',
        data_root='/home/ubuntu/vy/Denoiser/OEM_v2_Building',
        split_file='/home/ubuntu/vy/Denoiser/OEM_v2_Building/test.txt',
        pipeline=[
            dict(type='LoadImageFromFile'),
            dict(
                type='LoadAnnotations',
                with_bbox=False,
                with_label=False,
                with_mask=False,
                with_seg=True),
            dict(
                type='LoadOEMCoarseMasks',
                test_mode=True,
                pseudolabel_dir=
                '/home/ubuntu/vy/Denoiser/OEM_v2_Building/pseudolabels'),
            dict(type='Resize', img_scale=(1024, 1024), keep_ratio=False),
            dict(
                type='Normalize',
                mean=[123.675, 116.28, 103.53],
                std=[58.395, 57.12, 57.375],
                to_rgb=True),
            dict(type='DefaultFormatBundle'),
            dict(
                type='Collect',
                keys=['img', 'gt_masks', 'coarse_masks'],
                meta_keys=[
                    'filename', 'ori_filename', 'ori_shape', 'img_shape',
                    'pad_shape', 'scale_factor', 'flip', 'flip_direction',
                    'img_norm_cfg', 'crop_bbox'
                ])
        ],
        test_mode=True),
    train_dataloader=dict(samples_per_gpu=16, workers_per_gpu=4),
    val_dataloader=dict(samples_per_gpu=1, workers_per_gpu=4))
optimizer = dict(
    type='AdamW', lr=0.0001, weight_decay=0, eps=1e-08, betas=(0.9, 0.999))
optimizer_config = dict(grad_clip=None)
max_iters = 120000
runner = dict(type='IterBasedRunner', max_iters=120000)
lr_config = dict(
    policy='step',
    gamma=0.5,
    by_epoch=False,
    step=[85000, 110000],
    warmup='linear',
    warmup_by_epoch=False,
    warmup_ratio=0.001,
    warmup_iters=500)
oem_eval = dict(interval=500, save_best=True)
interval = 1
work_dir = 'work_dirs/exp8_all'
auto_resume = False
gpu_ids = [0]

2026-05-05 06:03:28,070 - mmdet - INFO - Set random seed to 552528986, deterministic: False
Name of parameter - Initialization information

denoise_model.time_embed.weight - torch.Size([6, 512]): 
The value is the same before and after calling `init_weights` of SegRefinerSemantic  

denoise_model.input_blocks.0.0.weight - torch.Size([128, 4, 3, 3]): 
The value is the same before and after calling `init_weights` of SegRefinerSemantic  

denoise_model.input_blocks.0.0.bias - torch.Size([128]): 
The value is the same before and after calling `init_weights` of SegRefinerSemantic  

denoise_model.input_blocks.1.0.in_layers.0.weight - torch.Size([128]): 
The value is the same before and after calling `init_weights` of SegRefinerSemantic  

denoise_model.input_blocks.1.0.in_layers.0.bias - torch.Size([128]): 
The value is the same before and after calling `init_weights` of SegRefinerSemantic  

denoise_model.input_blocks.1.0.in_layers.2.weight - torch.Size([128, 128, 3, 3]): 
The value is the same before and after calling `init_weights` of SegRefinerSemantic  

denoise_model.input_blocks.1.0.in_layers.2.bias - torch.Size([128]): 
The value is the same before and after calling `init_weights` of SegRefinerSemantic  

denoise_model.input_blocks.1.0.emb_layers.1.weight - torch.Size([128, 512]): 
The value is the same before and after calling `init_weights` of SegRefinerSemantic  

denoise_model.input_blocks.1.0.emb_layers.1.bias - torch.Size([128]): 
The value is the same before and after calling `init_weights` of SegRefinerSemantic  

denoise_model.input_blocks.1.0.out_layers.0.weight - torch.Size([128]): 
The value is the same before and after calling `init_weights` of SegRefinerSemantic  

denoise_model.input_blocks.1.0.out_layers.0.bias - torch.Size([128]): 
The value is the same before and after calling `init_weights` of SegRefinerSemantic  

denoise_model.input_blocks.1.0.out_layers.3.weight - torch.Size([128, 128, 3, 3]): 
The value is the same before and after calling `init_weights` of SegRefinerSemantic  

denoise_model.input_blocks.1.0.out_layers.3.bias - torch.Size([128]): 
The value is the same before and after calling `init_weights` of SegRefinerSemantic  

denoise_model.input_blocks.2.0.in_layers.0.weight - torch.Size([128]): 
The value is the same before and after calling `init_weights` of SegRefinerSemantic  

denoise_model.input_blocks.2.0.in_layers.0.bias - torch.Size([128]): 
The value is the same before and after calling `init_weights` of SegRefinerSemantic  

denoise_model.input_blocks.2.0.in_layers.2.weight - torch.Size([128, 128, 3, 3]): 
The value is the same before and after calling `init_weights` of SegRefinerSemantic  

denoise_model.input_blocks.2.0.in_layers.2.bias - torch.Size([128]): 
The value is the same before and after calling `init_weights` of SegRefinerSemantic  

denoise_model.input_blocks.2.0.emb_layers.1.weight - torch.Size([128, 512]): 
The value is the same before and after calling `init_weights` of SegRefinerSemantic  

denoise_model.input_blocks.2.0.emb_layers.1.bias - torch.Size([128]): 
The value is the same before and after calling `init_weights` of SegRefinerSemantic  

denoise_model.input_blocks.2.0.out_layers.0.weight - torch.Size([128]): 
The value is the same before and after calling `init_weights` of SegRefinerSemantic  

denoise_model.input_blocks.2.0.out_layers.0.bias - torch.Size([128]): 
The value is the same before and after calling `init_weights` of SegRefinerSemantic  

denoise_model.input_blocks.2.0.out_layers.3.weight - torch.Size([128, 128, 3, 3]): 
The value is the same before and after calling `init_weights` of SegRefinerSemantic  

denoise_model.input_blocks.2.0.out_layers.3.bias - torch.Size([128]): 
The value is the same before and after calling `init_weights` of SegRefinerSemantic  

denoise_model.input_blocks.3.0.op.weight - torch.Size([128, 128, 3, 3]): 
The value is the same before and after calling `init_weights` of SegRefinerSemantic  

denoise_model.input_blocks.3.0.op.bias - torch.Size([128]): 
The value is the same before and after calling `init_weights` of SegRefinerSemantic  

denoise_model.input_blocks.4.0.in_layers.0.weight - torch.Size([128]): 
The value is the same before and after calling `init_weights` of SegRefinerSemantic  

denoise_model.input_blocks.4.0.in_layers.0.bias - torch.Size([128]): 
The value is the same before and after calling `init_weights` of SegRefinerSemantic  

denoise_model.input_blocks.4.0.in_layers.2.weight - torch.Size([128, 128, 3, 3]): 
The value is the same before and after calling `init_weights` of SegRefinerSemantic  

denoise_model.input_blocks.4.0.in_layers.2.bias - torch.Size([128]): 
The value is the same before and after calling `init_weights` of SegRefinerSemantic  

denoise_model.input_blocks.4.0.emb_layers.1.weight - torch.Size([128, 512]): 
The value is the same before and after calling `init_weights` of SegRefinerSemantic  

denoise_model.input_blocks.4.0.emb_layers.1.bias - torch.Size([128]): 
The value is the same before and after calling `init_weights` of SegRefinerSemantic  

denoise_model.input_blocks.4.0.out_layers.0.weight - torch.Size([128]): 
The value is the same before and after calling `init_weights` of SegRefinerSemantic  

denoise_model.input_blocks.4.0.out_layers.0.bias - torch.Size([128]): 
The value is the same before and after calling `init_weights` of SegRefinerSemantic  

denoise_model.input_blocks.4.0.out_layers.3.weight - torch.Size([128, 128, 3, 3]): 
The value is the same before and after calling `init_weights` of SegRefinerSemantic  

denoise_model.input_blocks.4.0.out_layers.3.bias - torch.Size([128]): 
The value is the same before and after calling `init_weights` of SegRefinerSemantic  

denoise_model.input_blocks.5.0.in_layers.0.weight - torch.Size([128]): 
The value is the same before and after calling `init_weights` of SegRefinerSemantic  

denoise_model.input_blocks.5.0.in_layers.0.bias - torch.Size([128]): 
The value is the same before and after calling `init_weights` of SegRefinerSemantic  

denoise_model.input_blocks.5.0.in_layers.2.weight - torch.Size([128, 128, 3, 3]): 
The value is the same before and after calling `init_weights` of SegRefinerSemantic  

denoise_model.input_blocks.5.0.in_layers.2.bias - torch.Size([128]): 
The value is the same before and after calling `init_weights` of SegRefinerSemantic  

denoise_model.input_blocks.5.0.emb_layers.1.weight - torch.Size([128, 512]): 
The value is the same before and after calling `init_weights` of SegRefinerSemantic  

denoise_model.input_blocks.5.0.emb_layers.1.bias - torch.Size([128]): 
The value is the same before and after calling `init_weights` of SegRefinerSemantic  

denoise_model.input_blocks.5.0.out_layers.0.weight - torch.Size([128]): 
The value is the same before and after calling `init_weights` of SegRefinerSemantic  

denoise_model.input_blocks.5.0.out_layers.0.bias - torch.Size([128]): 
The value is the same before and after calling `init_weights` of SegRefinerSemantic  

denoise_model.input_blocks.5.0.out_layers.3.weight - torch.Size([128, 128, 3, 3]): 
The value is the same before and after calling `init_weights` of SegRefinerSemantic  

denoise_model.input_blocks.5.0.out_layers.3.bias - torch.Size([128]): 
The value is the same before and after calling `init_weights` of SegRefinerSemantic  

denoise_model.input_blocks.6.0.op.weight - torch.Size([128, 128, 3, 3]): 
The value is the same before and after calling `init_weights` of SegRefinerSemantic  

denoise_model.input_blocks.6.0.op.bias - torch.Size([128]): 
The value is the same before and after calling `init_weights` of SegRefinerSemantic  

denoise_model.input_blocks.7.0.in_layers.0.weight - torch.Size([128]): 
The value is the same before and after calling `init_weights` of SegRefinerSemantic  

denoise_model.input_blocks.7.0.in_layers.0.bias - torch.Size([128]): 
The value is the same before and after calling `init_weights` of SegRefinerSemantic  

denoise_model.input_blocks.7.0.in_layers.2.weight - torch.Size([256, 128, 3, 3]): 
The value is the same before and after calling `init_weights` of SegRefinerSemantic  

denoise_model.input_blocks.7.0.in_layers.2.bias - torch.Size([256]): 
The value is the same before and after calling `init_weights` of SegRefinerSemantic  

denoise_model.input_blocks.7.0.emb_layers.1.weight - torch.Size([256, 512]): 
The value is the same before and after calling `init_weights` of SegRefinerSemantic  

denoise_model.input_blocks.7.0.emb_layers.1.bias - torch.Size([256]): 
The value is the same before and after calling `init_weights` of SegRefinerSemantic  

denoise_model.input_blocks.7.0.out_layers.0.weight - torch.Size([256]): 
The value is the same before and after calling `init_weights` of SegRefinerSemantic  

denoise_model.input_blocks.7.0.out_layers.0.bias - torch.Size([256]): 
The value is the same before and after calling `init_weights` of SegRefinerSemantic  

denoise_model.input_blocks.7.0.out_layers.3.weight - torch.Size([256, 256, 3, 3]): 
The value is the same before and after calling `init_weights` of SegRefinerSemantic  

denoise_model.input_blocks.7.0.out_layers.3.bias - torch.Size([256]): 
The value is the same before and after calling `init_weights` of SegRefinerSemantic  

denoise_model.input_blocks.7.0.skip_connection.weight - torch.Size([256, 128, 1, 1]): 
The value is the same before and after calling `init_weights` of SegRefinerSemantic  

denoise_model.input_blocks.7.0.skip_connection.bias - torch.Size([256]): 
The value is the same before and after calling `init_weights` of SegRefinerSemantic  

denoise_model.input_blocks.8.0.in_layers.0.weight - torch.Size([256]): 
The value is the same before and after calling `init_weights` of SegRefinerSemantic  

denoise_model.input_blocks.8.0.in_layers.0.bias - torch.Size([256]): 
The value is the same before and after calling `init_weights` of SegRefinerSemantic  

denoise_model.input_blocks.8.0.in_layers.2.weight - torch.Size([256, 256, 3, 3]): 
The value is the same before and after calling `init_weights` of SegRefinerSemantic  

denoise_model.input_blocks.8.0.in_layers.2.bias - torch.Size([256]): 
The value is the same before and after calling `init_weights` of SegRefinerSemantic  

denoise_model.input_blocks.8.0.emb_layers.1.weight - torch.Size([256, 512]): 
The value is the same before and after calling `init_weights` of SegRefinerSemantic  

denoise_model.input_blocks.8.0.emb_layers.1.bias - torch.Size([256]): 
The value is the same before and after calling `init_weights` of SegRefinerSemantic  

denoise_model.input_blocks.8.0.out_layers.0.weight - torch.Size([256]): 
The value is the same before and after calling `init_weights` of SegRefinerSemantic  

denoise_model.input_blocks.8.0.out_layers.0.bias - torch.Size([256]): 
The value is the same before and after calling `init_weights` of SegRefinerSemantic  

denoise_model.input_blocks.8.0.out_layers.3.weight - torch.Size([256, 256, 3, 3]): 
The value is the same before and after calling `init_weights` of SegRefinerSemantic  

denoise_model.input_blocks.8.0.out_layers.3.bias - torch.Size([256]): 
The value is the same before and after calling `init_weights` of SegRefinerSemantic  

denoise_model.input_blocks.9.0.op.weight - torch.Size([256, 256, 3, 3]): 
The value is the same before and after calling `init_weights` of SegRefinerSemantic  

denoise_model.input_blocks.9.0.op.bias - torch.Size([256]): 
The value is the same before and after calling `init_weights` of SegRefinerSemantic  

denoise_model.input_blocks.10.0.in_layers.0.weight - torch.Size([256]): 
The value is the same before and after calling `init_weights` of SegRefinerSemantic  

denoise_model.input_blocks.10.0.in_layers.0.bias - torch.Size([256]): 
The value is the same before and after calling `init_weights` of SegRefinerSemantic  

denoise_model.input_blocks.10.0.in_layers.2.weight - torch.Size([256, 256, 3, 3]): 
The value is the same before and after calling `init_weights` of SegRefinerSemantic  

denoise_model.input_blocks.10.0.in_layers.2.bias - torch.Size([256]): 
The value is the same before and after calling `init_weights` of SegRefinerSemantic  

denoise_model.input_blocks.10.0.emb_layers.1.weight - torch.Size([256, 512]): 
The value is the same before and after calling `init_weights` of SegRefinerSemantic  

denoise_model.input_blocks.10.0.emb_layers.1.bias - torch.Size([256]): 
The value is the same before and after calling `init_weights` of SegRefinerSemantic  

denoise_model.input_blocks.10.0.out_layers.0.weight - torch.Size([256]): 
The value is the same before and after calling `init_weights` of SegRefinerSemantic  

denoise_model.input_blocks.10.0.out_layers.0.bias - torch.Size([256]): 
The value is the same before and after calling `init_weights` of SegRefinerSemantic  

denoise_model.input_blocks.10.0.out_layers.3.weight - torch.Size([256, 256, 3, 3]): 
The value is the same before and after calling `init_weights` of SegRefinerSemantic  

denoise_model.input_blocks.10.0.out_layers.3.bias - torch.Size([256]): 
The value is the same before and after calling `init_weights` of SegRefinerSemantic  

denoise_model.input_blocks.11.0.in_layers.0.weight - torch.Size([256]): 
The value is the same before and after calling `init_weights` of SegRefinerSemantic  

denoise_model.input_blocks.11.0.in_layers.0.bias - torch.Size([256]): 
The value is the same before and after calling `init_weights` of SegRefinerSemantic  

denoise_model.input_blocks.11.0.in_layers.2.weight - torch.Size([256, 256, 3, 3]): 
The value is the same before and after calling `init_weights` of SegRefinerSemantic  

denoise_model.input_blocks.11.0.in_layers.2.bias - torch.Size([256]): 
The value is the same before and after calling `init_weights` of SegRefinerSemantic  

denoise_model.input_blocks.11.0.emb_layers.1.weight - torch.Size([256, 512]): 
The value is the same before and after calling `init_weights` of SegRefinerSemantic  

denoise_model.input_blocks.11.0.emb_layers.1.bias - torch.Size([256]): 
The value is the same before and after calling `init_weights` of SegRefinerSemantic  

denoise_model.input_blocks.11.0.out_layers.0.weight - torch.Size([256]): 
The value is the same before and after calling `init_weights` of SegRefinerSemantic  

denoise_model.input_blocks.11.0.out_layers.0.bias - torch.Size([256]): 
The value is the same before and after calling `init_weights` of SegRefinerSemantic  

denoise_model.input_blocks.11.0.out_layers.3.weight - torch.Size([256, 256, 3, 3]): 
The value is the same before and after calling `init_weights` of SegRefinerSemantic  

denoise_model.input_blocks.11.0.out_layers.3.bias - torch.Size([256]): 
The value is the same before and after calling `init_weights` of SegRefinerSemantic  

denoise_model.input_blocks.12.0.op.weight - torch.Size([256, 256, 3, 3]): 
The value is the same before and after calling `init_weights` of SegRefinerSemantic  

denoise_model.input_blocks.12.0.op.bias - torch.Size([256]): 
The value is the same before and after calling `init_weights` of SegRefinerSemantic  

denoise_model.input_blocks.13.0.in_layers.0.weight - torch.Size([256]): 
The value is the same before and after calling `init_weights` of SegRefinerSemantic  

denoise_model.input_blocks.13.0.in_layers.0.bias - torch.Size([256]): 
The value is the same before and after calling `init_weights` of SegRefinerSemantic  

denoise_model.input_blocks.13.0.in_layers.2.weight - torch.Size([512, 256, 3, 3]): 
The value is the same before and after calling `init_weights` of SegRefinerSemantic  

denoise_model.input_blocks.13.0.in_layers.2.bias - torch.Size([512]): 
The value is the same before and after calling `init_weights` of SegRefinerSemantic  

denoise_model.input_blocks.13.0.emb_layers.1.weight - torch.Size([512, 512]): 
The value is the same before and after calling `init_weights` of SegRefinerSemantic  

denoise_model.input_blocks.13.0.emb_layers.1.bias - torch.Size([512]): 
The value is the same before and after calling `init_weights` of SegRefinerSemantic  

denoise_model.input_blocks.13.0.out_layers.0.weight - torch.Size([512]): 
The value is the same before and after calling `init_weights` of SegRefinerSemantic  

denoise_model.input_blocks.13.0.out_layers.0.bias - torch.Size([512]): 
The value is the same before and after calling `init_weights` of SegRefinerSemantic  

denoise_model.input_blocks.13.0.out_layers.3.weight - torch.Size([512, 512, 3, 3]): 
The value is the same before and after calling `init_weights` of SegRefinerSemantic  

denoise_model.input_blocks.13.0.out_layers.3.bias - torch.Size([512]): 
The value is the same before and after calling `init_weights` of SegRefinerSemantic  

denoise_model.input_blocks.13.0.skip_connection.weight - torch.Size([512, 256, 1, 1]): 
The value is the same before and after calling `init_weights` of SegRefinerSemantic  

denoise_model.input_blocks.13.0.skip_connection.bias - torch.Size([512]): 
The value is the same before and after calling `init_weights` of SegRefinerSemantic  

denoise_model.input_blocks.13.1.norm.weight - torch.Size([512]): 
The value is the same before and after calling `init_weights` of SegRefinerSemantic  

denoise_model.input_blocks.13.1.norm.bias - torch.Size([512]): 
The value is the same before and after calling `init_weights` of SegRefinerSemantic  

denoise_model.input_blocks.13.1.qkv.weight - torch.Size([1536, 512, 1]): 
The value is the same before and after calling `init_weights` of SegRefinerSemantic  

denoise_model.input_blocks.13.1.qkv.bias - torch.Size([1536]): 
The value is the same before and after calling `init_weights` of SegRefinerSemantic  

denoise_model.input_blocks.13.1.proj_out.weight - torch.Size([512, 512, 1]): 
The value is the same before and after calling `init_weights` of SegRefinerSemantic  

denoise_model.input_blocks.13.1.proj_out.bias - torch.Size([512]): 
The value is the same before and after calling `init_weights` of SegRefinerSemantic  

denoise_model.input_blocks.14.0.in_layers.0.weight - torch.Size([512]): 
The value is the same before and after calling `init_weights` of SegRefinerSemantic  

denoise_model.input_blocks.14.0.in_layers.0.bias - torch.Size([512]): 
The value is the same before and after calling `init_weights` of SegRefinerSemantic  

denoise_model.input_blocks.14.0.in_layers.2.weight - torch.Size([512, 512, 3, 3]): 
The value is the same before and after calling `init_weights` of SegRefinerSemantic  

denoise_model.input_blocks.14.0.in_layers.2.bias - torch.Size([512]): 
The value is the same before and after calling `init_weights` of SegRefinerSemantic  

denoise_model.input_blocks.14.0.emb_layers.1.weight - torch.Size([512, 512]): 
The value is the same before and after calling `init_weights` of SegRefinerSemantic  

denoise_model.input_blocks.14.0.emb_layers.1.bias - torch.Size([512]): 
The value is the same before and after calling `init_weights` of SegRefinerSemantic  

denoise_model.input_blocks.14.0.out_layers.0.weight - torch.Size([512]): 
The value is the same before and after calling `init_weights` of SegRefinerSemantic  

denoise_model.input_blocks.14.0.out_layers.0.bias - torch.Size([512]): 
The value is the same before and after calling `init_weights` of SegRefinerSemantic  

denoise_model.input_blocks.14.0.out_layers.3.weight - torch.Size([512, 512, 3, 3]): 
The value is the same before and after calling `init_weights` of SegRefinerSemantic  

denoise_model.input_blocks.14.0.out_layers.3.bias - torch.Size([512]): 
The value is the same before and after calling `init_weights` of SegRefinerSemantic  

denoise_model.input_blocks.14.1.norm.weight - torch.Size([512]): 
The value is the same before and after calling `init_weights` of SegRefinerSemantic  

denoise_model.input_blocks.14.1.norm.bias - torch.Size([512]): 
The value is the same before and after calling `init_weights` of SegRefinerSemantic  

denoise_model.input_blocks.14.1.qkv.weight - torch.Size([1536, 512, 1]): 
The value is the same before and after calling `init_weights` of SegRefinerSemantic  

denoise_model.input_blocks.14.1.qkv.bias - torch.Size([1536]): 
The value is the same before and after calling `init_weights` of SegRefinerSemantic  

denoise_model.input_blocks.14.1.proj_out.weight - torch.Size([512, 512, 1]): 
The value is the same before and after calling `init_weights` of SegRefinerSemantic  

denoise_model.input_blocks.14.1.proj_out.bias - torch.Size([512]): 
The value is the same before and after calling `init_weights` of SegRefinerSemantic  

denoise_model.input_blocks.15.0.op.weight - torch.Size([512, 512, 3, 3]): 
The value is the same before and after calling `init_weights` of SegRefinerSemantic  

denoise_model.input_blocks.15.0.op.bias - torch.Size([512]): 
The value is the same before and after calling `init_weights` of SegRefinerSemantic  

denoise_model.input_blocks.16.0.in_layers.0.weight - torch.Size([512]): 
The value is the same before and after calling `init_weights` of SegRefinerSemantic  

denoise_model.input_blocks.16.0.in_layers.0.bias - torch.Size([512]): 
The value is the same before and after calling `init_weights` of SegRefinerSemantic  

denoise_model.input_blocks.16.0.in_layers.2.weight - torch.Size([512, 512, 3, 3]): 
The value is the same before and after calling `init_weights` of SegRefinerSemantic  

denoise_model.input_blocks.16.0.in_layers.2.bias - torch.Size([512]): 
The value is the same before and after calling `init_weights` of SegRefinerSemantic  

denoise_model.input_blocks.16.0.emb_layers.1.weight - torch.Size([512, 512]): 
The value is the same before and after calling `init_weights` of SegRefinerSemantic  

denoise_model.input_blocks.16.0.emb_layers.1.bias - torch.Size([512]): 
The value is the same before and after calling `init_weights` of SegRefinerSemantic  

denoise_model.input_blocks.16.0.out_layers.0.weight - torch.Size([512]): 
The value is the same before and after calling `init_weights` of SegRefinerSemantic  

denoise_model.input_blocks.16.0.out_layers.0.bias - torch.Size([512]): 
The value is the same before and after calling `init_weights` of SegRefinerSemantic  

denoise_model.input_blocks.16.0.out_layers.3.weight - torch.Size([512, 512, 3, 3]): 
The value is the same before and after calling `init_weights` of SegRefinerSemantic  

denoise_model.input_blocks.16.0.out_layers.3.bias - torch.Size([512]): 
The value is the same before and after calling `init_weights` of SegRefinerSemantic  

denoise_model.input_blocks.16.1.norm.weight - torch.Size([512]): 
The value is the same before and after calling `init_weights` of SegRefinerSemantic  

denoise_model.input_blocks.16.1.norm.bias - torch.Size([512]): 
The value is the same before and after calling `init_weights` of SegRefinerSemantic  

denoise_model.input_blocks.16.1.qkv.weight - torch.Size([1536, 512, 1]): 
The value is the same before and after calling `init_weights` of SegRefinerSemantic  

denoise_model.input_blocks.16.1.qkv.bias - torch.Size([1536]): 
The value is the same before and after calling `init_weights` of SegRefinerSemantic  

denoise_model.input_blocks.16.1.proj_out.weight - torch.Size([512, 512, 1]): 
The value is the same before and after calling `init_weights` of SegRefinerSemantic  

denoise_model.input_blocks.16.1.proj_out.bias - torch.Size([512]): 
The value is the same before and after calling `init_weights` of SegRefinerSemantic  

denoise_model.input_blocks.17.0.in_layers.0.weight - torch.Size([512]): 
The value is the same before and after calling `init_weights` of SegRefinerSemantic  

denoise_model.input_blocks.17.0.in_layers.0.bias - torch.Size([512]): 
The value is the same before and after calling `init_weights` of SegRefinerSemantic  

denoise_model.input_blocks.17.0.in_layers.2.weight - torch.Size([512, 512, 3, 3]): 
The value is the same before and after calling `init_weights` of SegRefinerSemantic  

denoise_model.input_blocks.17.0.in_layers.2.bias - torch.Size([512]): 
The value is the same before and after calling `init_weights` of SegRefinerSemantic  

denoise_model.input_blocks.17.0.emb_layers.1.weight - torch.Size([512, 512]): 
The value is the same before and after calling `init_weights` of SegRefinerSemantic  

denoise_model.input_blocks.17.0.emb_layers.1.bias - torch.Size([512]): 
The value is the same before and after calling `init_weights` of SegRefinerSemantic  

denoise_model.input_blocks.17.0.out_layers.0.weight - torch.Size([512]): 
The value is the same before and after calling `init_weights` of SegRefinerSemantic  

denoise_model.input_blocks.17.0.out_layers.0.bias - torch.Size([512]): 
The value is the same before and after calling `init_weights` of SegRefinerSemantic  

denoise_model.input_blocks.17.0.out_layers.3.weight - torch.Size([512, 512, 3, 3]): 
The value is the same before and after calling `init_weights` of SegRefinerSemantic  

denoise_model.input_blocks.17.0.out_layers.3.bias - torch.Size([512]): 
The value is the same before and after calling `init_weights` of SegRefinerSemantic  

denoise_model.input_blocks.17.1.norm.weight - torch.Size([512]): 
The value is the same before and after calling `init_weights` of SegRefinerSemantic  

denoise_model.input_blocks.17.1.norm.bias - torch.Size([512]): 
The value is the same before and after calling `init_weights` of SegRefinerSemantic  

denoise_model.input_blocks.17.1.qkv.weight - torch.Size([1536, 512, 1]): 
The value is the same before and after calling `init_weights` of SegRefinerSemantic  

denoise_model.input_blocks.17.1.qkv.bias - torch.Size([1536]): 
The value is the same before and after calling `init_weights` of SegRefinerSemantic  

denoise_model.input_blocks.17.1.proj_out.weight - torch.Size([512, 512, 1]): 
The value is the same before and after calling `init_weights` of SegRefinerSemantic  

denoise_model.input_blocks.17.1.proj_out.bias - torch.Size([512]): 
The value is the same before and after calling `init_weights` of SegRefinerSemantic  

denoise_model.middle_block.0.in_layers.0.weight - torch.Size([512]): 
The value is the same before and after calling `init_weights` of SegRefinerSemantic  

denoise_model.middle_block.0.in_layers.0.bias - torch.Size([512]): 
The value is the same before and after calling `init_weights` of SegRefinerSemantic  

denoise_model.middle_block.0.in_layers.2.weight - torch.Size([512, 512, 3, 3]): 
The value is the same before and after calling `init_weights` of SegRefinerSemantic  

denoise_model.middle_block.0.in_layers.2.bias - torch.Size([512]): 
The value is the same before and after calling `init_weights` of SegRefinerSemantic  

denoise_model.middle_block.0.emb_layers.1.weight - torch.Size([512, 512]): 
The value is the same before and after calling `init_weights` of SegRefinerSemantic  

denoise_model.middle_block.0.emb_layers.1.bias - torch.Size([512]): 
The value is the same before and after calling `init_weights` of SegRefinerSemantic  

denoise_model.middle_block.0.out_layers.0.weight - torch.Size([512]): 
The value is the same before and after calling `init_weights` of SegRefinerSemantic  

denoise_model.middle_block.0.out_layers.0.bias - torch.Size([512]): 
The value is the same before and after calling `init_weights` of SegRefinerSemantic  

denoise_model.middle_block.0.out_layers.3.weight - torch.Size([512, 512, 3, 3]): 
The value is the same before and after calling `init_weights` of SegRefinerSemantic  

denoise_model.middle_block.0.out_layers.3.bias - torch.Size([512]): 
The value is the same before and after calling `init_weights` of SegRefinerSemantic  

denoise_model.middle_block.1.norm.weight - torch.Size([512]): 
The value is the same before and after calling `init_weights` of SegRefinerSemantic  

denoise_model.middle_block.1.norm.bias - torch.Size([512]): 
The value is the same before and after calling `init_weights` of SegRefinerSemantic  

denoise_model.middle_block.1.qkv.weight - torch.Size([1536, 512, 1]): 
The value is the same before and after calling `init_weights` of SegRefinerSemantic  

denoise_model.middle_block.1.qkv.bias - torch.Size([1536]): 
The value is the same before and after calling `init_weights` of SegRefinerSemantic  

denoise_model.middle_block.1.proj_out.weight - torch.Size([512, 512, 1]): 
The value is the same before and after calling `init_weights` of SegRefinerSemantic  

denoise_model.middle_block.1.proj_out.bias - torch.Size([512]): 
The value is the same before and after calling `init_weights` of SegRefinerSemantic  

denoise_model.middle_block.2.in_layers.0.weight - torch.Size([512]): 
The value is the same before and after calling `init_weights` of SegRefinerSemantic  

denoise_model.middle_block.2.in_layers.0.bias - torch.Size([512]): 
The value is the same before and after calling `init_weights` of SegRefinerSemantic  

denoise_model.middle_block.2.in_layers.2.weight - torch.Size([512, 512, 3, 3]): 
The value is the same before and after calling `init_weights` of SegRefinerSemantic  

denoise_model.middle_block.2.in_layers.2.bias - torch.Size([512]): 
The value is the same before and after calling `init_weights` of SegRefinerSemantic  

denoise_model.middle_block.2.emb_layers.1.weight - torch.Size([512, 512]): 
The value is the same before and after calling `init_weights` of SegRefinerSemantic  

denoise_model.middle_block.2.emb_layers.1.bias - torch.Size([512]): 
The value is the same before and after calling `init_weights` of SegRefinerSemantic  

denoise_model.middle_block.2.out_layers.0.weight - torch.Size([512]): 
The value is the same before and after calling `init_weights` of SegRefinerSemantic  

denoise_model.middle_block.2.out_layers.0.bias - torch.Size([512]): 
The value is the same before and after calling `init_weights` of SegRefinerSemantic  

denoise_model.middle_block.2.out_layers.3.weight - torch.Size([512, 512, 3, 3]): 
The value is the same before and after calling `init_weights` of SegRefinerSemantic  

denoise_model.middle_block.2.out_layers.3.bias - torch.Size([512]): 
The value is the same before and after calling `init_weights` of SegRefinerSemantic  

denoise_model.output_blocks.0.0.in_layers.0.weight - torch.Size([1024]): 
The value is the same before and after calling `init_weights` of SegRefinerSemantic  

denoise_model.output_blocks.0.0.in_layers.0.bias - torch.Size([1024]): 
The value is the same before and after calling `init_weights` of SegRefinerSemantic  

denoise_model.output_blocks.0.0.in_layers.2.weight - torch.Size([512, 1024, 3, 3]): 
The value is the same before and after calling `init_weights` of SegRefinerSemantic  

denoise_model.output_blocks.0.0.in_layers.2.bias - torch.Size([512]): 
The value is the same before and after calling `init_weights` of SegRefinerSemantic  

denoise_model.output_blocks.0.0.emb_layers.1.weight - torch.Size([512, 512]): 
The value is the same before and after calling `init_weights` of SegRefinerSemantic  

denoise_model.output_blocks.0.0.emb_layers.1.bias - torch.Size([512]): 
The value is the same before and after calling `init_weights` of SegRefinerSemantic  

denoise_model.output_blocks.0.0.out_layers.0.weight - torch.Size([512]): 
The value is the same before and after calling `init_weights` of SegRefinerSemantic  

denoise_model.output_blocks.0.0.out_layers.0.bias - torch.Size([512]): 
The value is the same before and after calling `init_weights` of SegRefinerSemantic  

denoise_model.output_blocks.0.0.out_layers.3.weight - torch.Size([512, 512, 3, 3]): 
The value is the same before and after calling `init_weights` of SegRefinerSemantic  

denoise_model.output_blocks.0.0.out_layers.3.bias - torch.Size([512]): 
The value is the same before and after calling `init_weights` of SegRefinerSemantic  

denoise_model.output_blocks.0.0.skip_connection.weight - torch.Size([512, 1024, 1, 1]): 
The value is the same before and after calling `init_weights` of SegRefinerSemantic  

denoise_model.output_blocks.0.0.skip_connection.bias - torch.Size([512]): 
The value is the same before and after calling `init_weights` of SegRefinerSemantic  

denoise_model.output_blocks.0.1.norm.weight - torch.Size([512]): 
The value is the same before and after calling `init_weights` of SegRefinerSemantic  

denoise_model.output_blocks.0.1.norm.bias - torch.Size([512]): 
The value is the same before and after calling `init_weights` of SegRefinerSemantic  

denoise_model.output_blocks.0.1.qkv.weight - torch.Size([1536, 512, 1]): 
The value is the same before and after calling `init_weights` of SegRefinerSemantic  

denoise_model.output_blocks.0.1.qkv.bias - torch.Size([1536]): 
The value is the same before and after calling `init_weights` of SegRefinerSemantic  

denoise_model.output_blocks.0.1.proj_out.weight - torch.Size([512, 512, 1]): 
The value is the same before and after calling `init_weights` of SegRefinerSemantic  

denoise_model.output_blocks.0.1.proj_out.bias - torch.Size([512]): 
The value is the same before and after calling `init_weights` of SegRefinerSemantic  

denoise_model.output_blocks.1.0.in_layers.0.weight - torch.Size([1024]): 
The value is the same before and after calling `init_weights` of SegRefinerSemantic  

denoise_model.output_blocks.1.0.in_layers.0.bias - torch.Size([1024]): 
The value is the same before and after calling `init_weights` of SegRefinerSemantic  

denoise_model.output_blocks.1.0.in_layers.2.weight - torch.Size([512, 1024, 3, 3]): 
The value is the same before and after calling `init_weights` of SegRefinerSemantic  

denoise_model.output_blocks.1.0.in_layers.2.bias - torch.Size([512]): 
The value is the same before and after calling `init_weights` of SegRefinerSemantic  

denoise_model.output_blocks.1.0.emb_layers.1.weight - torch.Size([512, 512]): 
The value is the same before and after calling `init_weights` of SegRefinerSemantic  

denoise_model.output_blocks.1.0.emb_layers.1.bias - torch.Size([512]): 
The value is the same before and after calling `init_weights` of SegRefinerSemantic  

denoise_model.output_blocks.1.0.out_layers.0.weight - torch.Size([512]): 
The value is the same before and after calling `init_weights` of SegRefinerSemantic  

denoise_model.output_blocks.1.0.out_layers.0.bias - torch.Size([512]): 
The value is the same before and after calling `init_weights` of SegRefinerSemantic  

denoise_model.output_blocks.1.0.out_layers.3.weight - torch.Size([512, 512, 3, 3]): 
The value is the same before and after calling `init_weights` of SegRefinerSemantic  

denoise_model.output_blocks.1.0.out_layers.3.bias - torch.Size([512]): 
The value is the same before and after calling `init_weights` of SegRefinerSemantic  

denoise_model.output_blocks.1.0.skip_connection.weight - torch.Size([512, 1024, 1, 1]): 
The value is the same before and after calling `init_weights` of SegRefinerSemantic  

denoise_model.output_blocks.1.0.skip_connection.bias - torch.Size([512]): 
The value is the same before and after calling `init_weights` of SegRefinerSemantic  

denoise_model.output_blocks.1.1.norm.weight - torch.Size([512]): 
The value is the same before and after calling `init_weights` of SegRefinerSemantic  

denoise_model.output_blocks.1.1.norm.bias - torch.Size([512]): 
The value is the same before and after calling `init_weights` of SegRefinerSemantic  

denoise_model.output_blocks.1.1.qkv.weight - torch.Size([1536, 512, 1]): 
The value is the same before and after calling `init_weights` of SegRefinerSemantic  

denoise_model.output_blocks.1.1.qkv.bias - torch.Size([1536]): 
The value is the same before and after calling `init_weights` of SegRefinerSemantic  

denoise_model.output_blocks.1.1.proj_out.weight - torch.Size([512, 512, 1]): 
The value is the same before and after calling `init_weights` of SegRefinerSemantic  

denoise_model.output_blocks.1.1.proj_out.bias - torch.Size([512]): 
The value is the same before and after calling `init_weights` of SegRefinerSemantic  

denoise_model.output_blocks.2.0.in_layers.0.weight - torch.Size([1024]): 
The value is the same before and after calling `init_weights` of SegRefinerSemantic  

denoise_model.output_blocks.2.0.in_layers.0.bias - torch.Size([1024]): 
The value is the same before and after calling `init_weights` of SegRefinerSemantic  

denoise_model.output_blocks.2.0.in_layers.2.weight - torch.Size([512, 1024, 3, 3]): 
The value is the same before and after calling `init_weights` of SegRefinerSemantic  

denoise_model.output_blocks.2.0.in_layers.2.bias - torch.Size([512]): 
The value is the same before and after calling `init_weights` of SegRefinerSemantic  

denoise_model.output_blocks.2.0.emb_layers.1.weight - torch.Size([512, 512]): 
The value is the same before and after calling `init_weights` of SegRefinerSemantic  

denoise_model.output_blocks.2.0.emb_layers.1.bias - torch.Size([512]): 
The value is the same before and after calling `init_weights` of SegRefinerSemantic  

denoise_model.output_blocks.2.0.out_layers.0.weight - torch.Size([512]): 
The value is the same before and after calling `init_weights` of SegRefinerSemantic  

denoise_model.output_blocks.2.0.out_layers.0.bias - torch.Size([512]): 
The value is the same before and after calling `init_weights` of SegRefinerSemantic  

denoise_model.output_blocks.2.0.out_layers.3.weight - torch.Size([512, 512, 3, 3]): 
The value is the same before and after calling `init_weights` of SegRefinerSemantic  

denoise_model.output_blocks.2.0.out_layers.3.bias - torch.Size([512]): 
The value is the same before and after calling `init_weights` of SegRefinerSemantic  

denoise_model.output_blocks.2.0.skip_connection.weight - torch.Size([512, 1024, 1, 1]): 
The value is the same before and after calling `init_weights` of SegRefinerSemantic  

denoise_model.output_blocks.2.0.skip_connection.bias - torch.Size([512]): 
The value is the same before and after calling `init_weights` of SegRefinerSemantic  

denoise_model.output_blocks.2.1.norm.weight - torch.Size([512]): 
The value is the same before and after calling `init_weights` of SegRefinerSemantic  

denoise_model.output_blocks.2.1.norm.bias - torch.Size([512]): 
The value is the same before and after calling `init_weights` of SegRefinerSemantic  

denoise_model.output_blocks.2.1.qkv.weight - torch.Size([1536, 512, 1]): 
The value is the same before and after calling `init_weights` of SegRefinerSemantic  

denoise_model.output_blocks.2.1.qkv.bias - torch.Size([1536]): 
The value is the same before and after calling `init_weights` of SegRefinerSemantic  

denoise_model.output_blocks.2.1.proj_out.weight - torch.Size([512, 512, 1]): 
The value is the same before and after calling `init_weights` of SegRefinerSemantic  

denoise_model.output_blocks.2.1.proj_out.bias - torch.Size([512]): 
The value is the same before and after calling `init_weights` of SegRefinerSemantic  

denoise_model.output_blocks.2.2.conv.weight - torch.Size([512, 512, 3, 3]): 
The value is the same before and after calling `init_weights` of SegRefinerSemantic  

denoise_model.output_blocks.2.2.conv.bias - torch.Size([512]): 
The value is the same before and after calling `init_weights` of SegRefinerSemantic  

denoise_model.output_blocks.3.0.in_layers.0.weight - torch.Size([1024]): 
The value is the same before and after calling `init_weights` of SegRefinerSemantic  

denoise_model.output_blocks.3.0.in_layers.0.bias - torch.Size([1024]): 
The value is the same before and after calling `init_weights` of SegRefinerSemantic  

denoise_model.output_blocks.3.0.in_layers.2.weight - torch.Size([512, 1024, 3, 3]): 
The value is the same before and after calling `init_weights` of SegRefinerSemantic  

denoise_model.output_blocks.3.0.in_layers.2.bias - torch.Size([512]): 
The value is the same before and after calling `init_weights` of SegRefinerSemantic  

denoise_model.output_blocks.3.0.emb_layers.1.weight - torch.Size([512, 512]): 
The value is the same before and after calling `init_weights` of SegRefinerSemantic  

denoise_model.output_blocks.3.0.emb_layers.1.bias - torch.Size([512]): 
The value is the same before and after calling `init_weights` of SegRefinerSemantic  

denoise_model.output_blocks.3.0.out_layers.0.weight - torch.Size([512]): 
The value is the same before and after calling `init_weights` of SegRefinerSemantic  

denoise_model.output_blocks.3.0.out_layers.0.bias - torch.Size([512]): 
The value is the same before and after calling `init_weights` of SegRefinerSemantic  

denoise_model.output_blocks.3.0.out_layers.3.weight - torch.Size([512, 512, 3, 3]): 
The value is the same before and after calling `init_weights` of SegRefinerSemantic  

denoise_model.output_blocks.3.0.out_layers.3.bias - torch.Size([512]): 
The value is the same before and after calling `init_weights` of SegRefinerSemantic  

denoise_model.output_blocks.3.0.skip_connection.weight - torch.Size([512, 1024, 1, 1]): 
The value is the same before and after calling `init_weights` of SegRefinerSemantic  

denoise_model.output_blocks.3.0.skip_connection.bias - torch.Size([512]): 
The value is the same before and after calling `init_weights` of SegRefinerSemantic  

denoise_model.output_blocks.3.1.norm.weight - torch.Size([512]): 
The value is the same before and after calling `init_weights` of SegRefinerSemantic  

denoise_model.output_blocks.3.1.norm.bias - torch.Size([512]): 
The value is the same before and after calling `init_weights` of SegRefinerSemantic  

denoise_model.output_blocks.3.1.qkv.weight - torch.Size([1536, 512, 1]): 
The value is the same before and after calling `init_weights` of SegRefinerSemantic  

denoise_model.output_blocks.3.1.qkv.bias - torch.Size([1536]): 
The value is the same before and after calling `init_weights` of SegRefinerSemantic  

denoise_model.output_blocks.3.1.proj_out.weight - torch.Size([512, 512, 1]): 
The value is the same before and after calling `init_weights` of SegRefinerSemantic  

denoise_model.output_blocks.3.1.proj_out.bias - torch.Size([512]): 
The value is the same before and after calling `init_weights` of SegRefinerSemantic  

denoise_model.output_blocks.4.0.in_layers.0.weight - torch.Size([1024]): 
The value is the same before and after calling `init_weights` of SegRefinerSemantic  

denoise_model.output_blocks.4.0.in_layers.0.bias - torch.Size([1024]): 
The value is the same before and after calling `init_weights` of SegRefinerSemantic  

denoise_model.output_blocks.4.0.in_layers.2.weight - torch.Size([512, 1024, 3, 3]): 
The value is the same before and after calling `init_weights` of SegRefinerSemantic  

denoise_model.output_blocks.4.0.in_layers.2.bias - torch.Size([512]): 
The value is the same before and after calling `init_weights` of SegRefinerSemantic  

denoise_model.output_blocks.4.0.emb_layers.1.weight - torch.Size([512, 512]): 
The value is the same before and after calling `init_weights` of SegRefinerSemantic  

denoise_model.output_blocks.4.0.emb_layers.1.bias - torch.Size([512]): 
The value is the same before and after calling `init_weights` of SegRefinerSemantic  

denoise_model.output_blocks.4.0.out_layers.0.weight - torch.Size([512]): 
The value is the same before and after calling `init_weights` of SegRefinerSemantic  

denoise_model.output_blocks.4.0.out_layers.0.bias - torch.Size([512]): 
The value is the same before and after calling `init_weights` of SegRefinerSemantic  

denoise_model.output_blocks.4.0.out_layers.3.weight - torch.Size([512, 512, 3, 3]): 
The value is the same before and after calling `init_weights` of SegRefinerSemantic  

denoise_model.output_blocks.4.0.out_layers.3.bias - torch.Size([512]): 
The value is the same before and after calling `init_weights` of SegRefinerSemantic  

denoise_model.output_blocks.4.0.skip_connection.weight - torch.Size([512, 1024, 1, 1]): 
The value is the same before and after calling `init_weights` of SegRefinerSemantic  

denoise_model.output_blocks.4.0.skip_connection.bias - torch.Size([512]): 
The value is the same before and after calling `init_weights` of SegRefinerSemantic  

denoise_model.output_blocks.4.1.norm.weight - torch.Size([512]): 
The value is the same before and after calling `init_weights` of SegRefinerSemantic  

denoise_model.output_blocks.4.1.norm.bias - torch.Size([512]): 
The value is the same before and after calling `init_weights` of SegRefinerSemantic  

denoise_model.output_blocks.4.1.qkv.weight - torch.Size([1536, 512, 1]): 
The value is the same before and after calling `init_weights` of SegRefinerSemantic  

denoise_model.output_blocks.4.1.qkv.bias - torch.Size([1536]): 
The value is the same before and after calling `init_weights` of SegRefinerSemantic  

denoise_model.output_blocks.4.1.proj_out.weight - torch.Size([512, 512, 1]): 
The value is the same before and after calling `init_weights` of SegRefinerSemantic  

denoise_model.output_blocks.4.1.proj_out.bias - torch.Size([512]): 
The value is the same before and after calling `init_weights` of SegRefinerSemantic  

denoise_model.output_blocks.5.0.in_layers.0.weight - torch.Size([768]): 
The value is the same before and after calling `init_weights` of SegRefinerSemantic  

denoise_model.output_blocks.5.0.in_layers.0.bias - torch.Size([768]): 
The value is the same before and after calling `init_weights` of SegRefinerSemantic  

denoise_model.output_blocks.5.0.in_layers.2.weight - torch.Size([512, 768, 3, 3]): 
The value is the same before and after calling `init_weights` of SegRefinerSemantic  

denoise_model.output_blocks.5.0.in_layers.2.bias - torch.Size([512]): 
The value is the same before and after calling `init_weights` of SegRefinerSemantic  

denoise_model.output_blocks.5.0.emb_layers.1.weight - torch.Size([512, 512]): 
The value is the same before and after calling `init_weights` of SegRefinerSemantic  

denoise_model.output_blocks.5.0.emb_layers.1.bias - torch.Size([512]): 
The value is the same before and after calling `init_weights` of SegRefinerSemantic  

denoise_model.output_blocks.5.0.out_layers.0.weight - torch.Size([512]): 
The value is the same before and after calling `init_weights` of SegRefinerSemantic  

denoise_model.output_blocks.5.0.out_layers.0.bias - torch.Size([512]): 
The value is the same before and after calling `init_weights` of SegRefinerSemantic  

denoise_model.output_blocks.5.0.out_layers.3.weight - torch.Size([512, 512, 3, 3]): 
The value is the same before and after calling `init_weights` of SegRefinerSemantic  

denoise_model.output_blocks.5.0.out_layers.3.bias - torch.Size([512]): 
The value is the same before and after calling `init_weights` of SegRefinerSemantic  

denoise_model.output_blocks.5.0.skip_connection.weight - torch.Size([512, 768, 1, 1]): 
The value is the same before and after calling `init_weights` of SegRefinerSemantic  

denoise_model.output_blocks.5.0.skip_connection.bias - torch.Size([512]): 
The value is the same before and after calling `init_weights` of SegRefinerSemantic  

denoise_model.output_blocks.5.1.norm.weight - torch.Size([512]): 
The value is the same before and after calling `init_weights` of SegRefinerSemantic  

denoise_model.output_blocks.5.1.norm.bias - torch.Size([512]): 
The value is the same before and after calling `init_weights` of SegRefinerSemantic  

denoise_model.output_blocks.5.1.qkv.weight - torch.Size([1536, 512, 1]): 
The value is the same before and after calling `init_weights` of SegRefinerSemantic  

denoise_model.output_blocks.5.1.qkv.bias - torch.Size([1536]): 
The value is the same before and after calling `init_weights` of SegRefinerSemantic  

denoise_model.output_blocks.5.1.proj_out.weight - torch.Size([512, 512, 1]): 
The value is the same before and after calling `init_weights` of SegRefinerSemantic  

denoise_model.output_blocks.5.1.proj_out.bias - torch.Size([512]): 
The value is the same before and after calling `init_weights` of SegRefinerSemantic  

denoise_model.output_blocks.5.2.conv.weight - torch.Size([512, 512, 3, 3]): 
The value is the same before and after calling `init_weights` of SegRefinerSemantic  

denoise_model.output_blocks.5.2.conv.bias - torch.Size([512]): 
The value is the same before and after calling `init_weights` of SegRefinerSemantic  

denoise_model.output_blocks.6.0.in_layers.0.weight - torch.Size([768]): 
The value is the same before and after calling `init_weights` of SegRefinerSemantic  

denoise_model.output_blocks.6.0.in_layers.0.bias - torch.Size([768]): 
The value is the same before and after calling `init_weights` of SegRefinerSemantic  

denoise_model.output_blocks.6.0.in_layers.2.weight - torch.Size([256, 768, 3, 3]): 
The value is the same before and after calling `init_weights` of SegRefinerSemantic  

denoise_model.output_blocks.6.0.in_layers.2.bias - torch.Size([256]): 
The value is the same before and after calling `init_weights` of SegRefinerSemantic  

denoise_model.output_blocks.6.0.emb_layers.1.weight - torch.Size([256, 512]): 
The value is the same before and after calling `init_weights` of SegRefinerSemantic  

denoise_model.output_blocks.6.0.emb_layers.1.bias - torch.Size([256]): 
The value is the same before and after calling `init_weights` of SegRefinerSemantic  

denoise_model.output_blocks.6.0.out_layers.0.weight - torch.Size([256]): 
The value is the same before and after calling `init_weights` of SegRefinerSemantic  

denoise_model.output_blocks.6.0.out_layers.0.bias - torch.Size([256]): 
The value is the same before and after calling `init_weights` of SegRefinerSemantic  

denoise_model.output_blocks.6.0.out_layers.3.weight - torch.Size([256, 256, 3, 3]): 
The value is the same before and after calling `init_weights` of SegRefinerSemantic  

denoise_model.output_blocks.6.0.out_layers.3.bias - torch.Size([256]): 
The value is the same before and after calling `init_weights` of SegRefinerSemantic  

denoise_model.output_blocks.6.0.skip_connection.weight - torch.Size([256, 768, 1, 1]): 
The value is the same before and after calling `init_weights` of SegRefinerSemantic  

denoise_model.output_blocks.6.0.skip_connection.bias - torch.Size([256]): 
The value is the same before and after calling `init_weights` of SegRefinerSemantic  

denoise_model.output_blocks.7.0.in_layers.0.weight - torch.Size([512]): 
The value is the same before and after calling `init_weights` of SegRefinerSemantic  

denoise_model.output_blocks.7.0.in_layers.0.bias - torch.Size([512]): 
The value is the same before and after calling `init_weights` of SegRefinerSemantic  

denoise_model.output_blocks.7.0.in_layers.2.weight - torch.Size([256, 512, 3, 3]): 
The value is the same before and after calling `init_weights` of SegRefinerSemantic  

denoise_model.output_blocks.7.0.in_layers.2.bias - torch.Size([256]): 
The value is the same before and after calling `init_weights` of SegRefinerSemantic  

denoise_model.output_blocks.7.0.emb_layers.1.weight - torch.Size([256, 512]): 
The value is the same before and after calling `init_weights` of SegRefinerSemantic  

denoise_model.output_blocks.7.0.emb_layers.1.bias - torch.Size([256]): 
The value is the same before and after calling `init_weights` of SegRefinerSemantic  

denoise_model.output_blocks.7.0.out_layers.0.weight - torch.Size([256]): 
The value is the same before and after calling `init_weights` of SegRefinerSemantic  

denoise_model.output_blocks.7.0.out_layers.0.bias - torch.Size([256]): 
The value is the same before and after calling `init_weights` of SegRefinerSemantic  

denoise_model.output_blocks.7.0.out_layers.3.weight - torch.Size([256, 256, 3, 3]): 
The value is the same before and after calling `init_weights` of SegRefinerSemantic  

denoise_model.output_blocks.7.0.out_layers.3.bias - torch.Size([256]): 
The value is the same before and after calling `init_weights` of SegRefinerSemantic  

denoise_model.output_blocks.7.0.skip_connection.weight - torch.Size([256, 512, 1, 1]): 
The value is the same before and after calling `init_weights` of SegRefinerSemantic  

denoise_model.output_blocks.7.0.skip_connection.bias - torch.Size([256]): 
The value is the same before and after calling `init_weights` of SegRefinerSemantic  

denoise_model.output_blocks.8.0.in_layers.0.weight - torch.Size([512]): 
The value is the same before and after calling `init_weights` of SegRefinerSemantic  

denoise_model.output_blocks.8.0.in_layers.0.bias - torch.Size([512]): 
The value is the same before and after calling `init_weights` of SegRefinerSemantic  

denoise_model.output_blocks.8.0.in_layers.2.weight - torch.Size([256, 512, 3, 3]): 
The value is the same before and after calling `init_weights` of SegRefinerSemantic  

denoise_model.output_blocks.8.0.in_layers.2.bias - torch.Size([256]): 
The value is the same before and after calling `init_weights` of SegRefinerSemantic  

denoise_model.output_blocks.8.0.emb_layers.1.weight - torch.Size([256, 512]): 
The value is the same before and after calling `init_weights` of SegRefinerSemantic  

denoise_model.output_blocks.8.0.emb_layers.1.bias - torch.Size([256]): 
The value is the same before and after calling `init_weights` of SegRefinerSemantic  

denoise_model.output_blocks.8.0.out_layers.0.weight - torch.Size([256]): 
The value is the same before and after calling `init_weights` of SegRefinerSemantic  

denoise_model.output_blocks.8.0.out_layers.0.bias - torch.Size([256]): 
The value is the same before and after calling `init_weights` of SegRefinerSemantic  

denoise_model.output_blocks.8.0.out_layers.3.weight - torch.Size([256, 256, 3, 3]): 
The value is the same before and after calling `init_weights` of SegRefinerSemantic  

denoise_model.output_blocks.8.0.out_layers.3.bias - torch.Size([256]): 
The value is the same before and after calling `init_weights` of SegRefinerSemantic  

denoise_model.output_blocks.8.0.skip_connection.weight - torch.Size([256, 512, 1, 1]): 
The value is the same before and after calling `init_weights` of SegRefinerSemantic  

denoise_model.output_blocks.8.0.skip_connection.bias - torch.Size([256]): 
The value is the same before and after calling `init_weights` of SegRefinerSemantic  

denoise_model.output_blocks.8.1.conv.weight - torch.Size([256, 256, 3, 3]): 
The value is the same before and after calling `init_weights` of SegRefinerSemantic  

denoise_model.output_blocks.8.1.conv.bias - torch.Size([256]): 
The value is the same before and after calling `init_weights` of SegRefinerSemantic  

denoise_model.output_blocks.9.0.in_layers.0.weight - torch.Size([512]): 
The value is the same before and after calling `init_weights` of SegRefinerSemantic  

denoise_model.output_blocks.9.0.in_layers.0.bias - torch.Size([512]): 
The value is the same before and after calling `init_weights` of SegRefinerSemantic  

denoise_model.output_blocks.9.0.in_layers.2.weight - torch.Size([256, 512, 3, 3]): 
The value is the same before and after calling `init_weights` of SegRefinerSemantic  

denoise_model.output_blocks.9.0.in_layers.2.bias - torch.Size([256]): 
The value is the same before and after calling `init_weights` of SegRefinerSemantic  

denoise_model.output_blocks.9.0.emb_layers.1.weight - torch.Size([256, 512]): 
The value is the same before and after calling `init_weights` of SegRefinerSemantic  

denoise_model.output_blocks.9.0.emb_layers.1.bias - torch.Size([256]): 
The value is the same before and after calling `init_weights` of SegRefinerSemantic  

denoise_model.output_blocks.9.0.out_layers.0.weight - torch.Size([256]): 
The value is the same before and after calling `init_weights` of SegRefinerSemantic  

denoise_model.output_blocks.9.0.out_layers.0.bias - torch.Size([256]): 
The value is the same before and after calling `init_weights` of SegRefinerSemantic  

denoise_model.output_blocks.9.0.out_layers.3.weight - torch.Size([256, 256, 3, 3]): 
The value is the same before and after calling `init_weights` of SegRefinerSemantic  

denoise_model.output_blocks.9.0.out_layers.3.bias - torch.Size([256]): 
The value is the same before and after calling `init_weights` of SegRefinerSemantic  

denoise_model.output_blocks.9.0.skip_connection.weight - torch.Size([256, 512, 1, 1]): 
The value is the same before and after calling `init_weights` of SegRefinerSemantic  

denoise_model.output_blocks.9.0.skip_connection.bias - torch.Size([256]): 
The value is the same before and after calling `init_weights` of SegRefinerSemantic  

denoise_model.output_blocks.10.0.in_layers.0.weight - torch.Size([512]): 
The value is the same before and after calling `init_weights` of SegRefinerSemantic  

denoise_model.output_blocks.10.0.in_layers.0.bias - torch.Size([512]): 
The value is the same before and after calling `init_weights` of SegRefinerSemantic  

denoise_model.output_blocks.10.0.in_layers.2.weight - torch.Size([256, 512, 3, 3]): 
The value is the same before and after calling `init_weights` of SegRefinerSemantic  

denoise_model.output_blocks.10.0.in_layers.2.bias - torch.Size([256]): 
The value is the same before and after calling `init_weights` of SegRefinerSemantic  

denoise_model.output_blocks.10.0.emb_layers.1.weight - torch.Size([256, 512]): 
The value is the same before and after calling `init_weights` of SegRefinerSemantic  

denoise_model.output_blocks.10.0.emb_layers.1.bias - torch.Size([256]): 
The value is the same before and after calling `init_weights` of SegRefinerSemantic  

denoise_model.output_blocks.10.0.out_layers.0.weight - torch.Size([256]): 
The value is the same before and after calling `init_weights` of SegRefinerSemantic  

denoise_model.output_blocks.10.0.out_layers.0.bias - torch.Size([256]): 
The value is the same before and after calling `init_weights` of SegRefinerSemantic  

denoise_model.output_blocks.10.0.out_layers.3.weight - torch.Size([256, 256, 3, 3]): 
The value is the same before and after calling `init_weights` of SegRefinerSemantic  

denoise_model.output_blocks.10.0.out_layers.3.bias - torch.Size([256]): 
The value is the same before and after calling `init_weights` of SegRefinerSemantic  

denoise_model.output_blocks.10.0.skip_connection.weight - torch.Size([256, 512, 1, 1]): 
The value is the same before and after calling `init_weights` of SegRefinerSemantic  

denoise_model.output_blocks.10.0.skip_connection.bias - torch.Size([256]): 
The value is the same before and after calling `init_weights` of SegRefinerSemantic  

denoise_model.output_blocks.11.0.in_layers.0.weight - torch.Size([384]): 
The value is the same before and after calling `init_weights` of SegRefinerSemantic  

denoise_model.output_blocks.11.0.in_layers.0.bias - torch.Size([384]): 
The value is the same before and after calling `init_weights` of SegRefinerSemantic  

denoise_model.output_blocks.11.0.in_layers.2.weight - torch.Size([256, 384, 3, 3]): 
The value is the same before and after calling `init_weights` of SegRefinerSemantic  

denoise_model.output_blocks.11.0.in_layers.2.bias - torch.Size([256]): 
The value is the same before and after calling `init_weights` of SegRefinerSemantic  

denoise_model.output_blocks.11.0.emb_layers.1.weight - torch.Size([256, 512]): 
The value is the same before and after calling `init_weights` of SegRefinerSemantic  

denoise_model.output_blocks.11.0.emb_layers.1.bias - torch.Size([256]): 
The value is the same before and after calling `init_weights` of SegRefinerSemantic  

denoise_model.output_blocks.11.0.out_layers.0.weight - torch.Size([256]): 
The value is the same before and after calling `init_weights` of SegRefinerSemantic  

denoise_model.output_blocks.11.0.out_layers.0.bias - torch.Size([256]): 
The value is the same before and after calling `init_weights` of SegRefinerSemantic  

denoise_model.output_blocks.11.0.out_layers.3.weight - torch.Size([256, 256, 3, 3]): 
The value is the same before and after calling `init_weights` of SegRefinerSemantic  

denoise_model.output_blocks.11.0.out_layers.3.bias - torch.Size([256]): 
The value is the same before and after calling `init_weights` of SegRefinerSemantic  

denoise_model.output_blocks.11.0.skip_connection.weight - torch.Size([256, 384, 1, 1]): 
The value is the same before and after calling `init_weights` of SegRefinerSemantic  

denoise_model.output_blocks.11.0.skip_connection.bias - torch.Size([256]): 
The value is the same before and after calling `init_weights` of SegRefinerSemantic  

denoise_model.output_blocks.11.1.conv.weight - torch.Size([256, 256, 3, 3]): 
The value is the same before and after calling `init_weights` of SegRefinerSemantic  

denoise_model.output_blocks.11.1.conv.bias - torch.Size([256]): 
The value is the same before and after calling `init_weights` of SegRefinerSemantic  

denoise_model.output_blocks.12.0.in_layers.0.weight - torch.Size([384]): 
The value is the same before and after calling `init_weights` of SegRefinerSemantic  

denoise_model.output_blocks.12.0.in_layers.0.bias - torch.Size([384]): 
The value is the same before and after calling `init_weights` of SegRefinerSemantic  

denoise_model.output_blocks.12.0.in_layers.2.weight - torch.Size([128, 384, 3, 3]): 
The value is the same before and after calling `init_weights` of SegRefinerSemantic  

denoise_model.output_blocks.12.0.in_layers.2.bias - torch.Size([128]): 
The value is the same before and after calling `init_weights` of SegRefinerSemantic  

denoise_model.output_blocks.12.0.emb_layers.1.weight - torch.Size([128, 512]): 
The value is the same before and after calling `init_weights` of SegRefinerSemantic  

denoise_model.output_blocks.12.0.emb_layers.1.bias - torch.Size([128]): 
The value is the same before and after calling `init_weights` of SegRefinerSemantic  

denoise_model.output_blocks.12.0.out_layers.0.weight - torch.Size([128]): 
The value is the same before and after calling `init_weights` of SegRefinerSemantic  

denoise_model.output_blocks.12.0.out_layers.0.bias - torch.Size([128]): 
The value is the same before and after calling `init_weights` of SegRefinerSemantic  

denoise_model.output_blocks.12.0.out_layers.3.weight - torch.Size([128, 128, 3, 3]): 
The value is the same before and after calling `init_weights` of SegRefinerSemantic  

denoise_model.output_blocks.12.0.out_layers.3.bias - torch.Size([128]): 
The value is the same before and after calling `init_weights` of SegRefinerSemantic  

denoise_model.output_blocks.12.0.skip_connection.weight - torch.Size([128, 384, 1, 1]): 
The value is the same before and after calling `init_weights` of SegRefinerSemantic  

denoise_model.output_blocks.12.0.skip_connection.bias - torch.Size([128]): 
The value is the same before and after calling `init_weights` of SegRefinerSemantic  

denoise_model.output_blocks.13.0.in_layers.0.weight - torch.Size([256]): 
The value is the same before and after calling `init_weights` of SegRefinerSemantic  

denoise_model.output_blocks.13.0.in_layers.0.bias - torch.Size([256]): 
The value is the same before and after calling `init_weights` of SegRefinerSemantic  

denoise_model.output_blocks.13.0.in_layers.2.weight - torch.Size([128, 256, 3, 3]): 
The value is the same before and after calling `init_weights` of SegRefinerSemantic  

denoise_model.output_blocks.13.0.in_layers.2.bias - torch.Size([128]): 
The value is the same before and after calling `init_weights` of SegRefinerSemantic  

denoise_model.output_blocks.13.0.emb_layers.1.weight - torch.Size([128, 512]): 
The value is the same before and after calling `init_weights` of SegRefinerSemantic  

denoise_model.output_blocks.13.0.emb_layers.1.bias - torch.Size([128]): 
The value is the same before and after calling `init_weights` of SegRefinerSemantic  

denoise_model.output_blocks.13.0.out_layers.0.weight - torch.Size([128]): 
The value is the same before and after calling `init_weights` of SegRefinerSemantic  

denoise_model.output_blocks.13.0.out_layers.0.bias - torch.Size([128]): 
The value is the same before and after calling `init_weights` of SegRefinerSemantic  

denoise_model.output_blocks.13.0.out_layers.3.weight - torch.Size([128, 128, 3, 3]): 
The value is the same before and after calling `init_weights` of SegRefinerSemantic  

denoise_model.output_blocks.13.0.out_layers.3.bias - torch.Size([128]): 
The value is the same before and after calling `init_weights` of SegRefinerSemantic  

denoise_model.output_blocks.13.0.skip_connection.weight - torch.Size([128, 256, 1, 1]): 
The value is the same before and after calling `init_weights` of SegRefinerSemantic  

denoise_model.output_blocks.13.0.skip_connection.bias - torch.Size([128]): 
The value is the same before and after calling `init_weights` of SegRefinerSemantic  

denoise_model.output_blocks.14.0.in_layers.0.weight - torch.Size([256]): 
The value is the same before and after calling `init_weights` of SegRefinerSemantic  

denoise_model.output_blocks.14.0.in_layers.0.bias - torch.Size([256]): 
The value is the same before and after calling `init_weights` of SegRefinerSemantic  

denoise_model.output_blocks.14.0.in_layers.2.weight - torch.Size([128, 256, 3, 3]): 
The value is the same before and after calling `init_weights` of SegRefinerSemantic  

denoise_model.output_blocks.14.0.in_layers.2.bias - torch.Size([128]): 
The value is the same before and after calling `init_weights` of SegRefinerSemantic  

denoise_model.output_blocks.14.0.emb_layers.1.weight - torch.Size([128, 512]): 
The value is the same before and after calling `init_weights` of SegRefinerSemantic  

denoise_model.output_blocks.14.0.emb_layers.1.bias - torch.Size([128]): 
The value is the same before and after calling `init_weights` of SegRefinerSemantic  

denoise_model.output_blocks.14.0.out_layers.0.weight - torch.Size([128]): 
The value is the same before and after calling `init_weights` of SegRefinerSemantic  

denoise_model.output_blocks.14.0.out_layers.0.bias - torch.Size([128]): 
The value is the same before and after calling `init_weights` of SegRefinerSemantic  

denoise_model.output_blocks.14.0.out_layers.3.weight - torch.Size([128, 128, 3, 3]): 
The value is the same before and after calling `init_weights` of SegRefinerSemantic  

denoise_model.output_blocks.14.0.out_layers.3.bias - torch.Size([128]): 
The value is the same before and after calling `init_weights` of SegRefinerSemantic  

denoise_model.output_blocks.14.0.skip_connection.weight - torch.Size([128, 256, 1, 1]): 
The value is the same before and after calling `init_weights` of SegRefinerSemantic  

denoise_model.output_blocks.14.0.skip_connection.bias - torch.Size([128]): 
The value is the same before and after calling `init_weights` of SegRefinerSemantic  

denoise_model.output_blocks.14.1.conv.weight - torch.Size([128, 128, 3, 3]): 
The value is the same before and after calling `init_weights` of SegRefinerSemantic  

denoise_model.output_blocks.14.1.conv.bias - torch.Size([128]): 
The value is the same before and after calling `init_weights` of SegRefinerSemantic  

denoise_model.output_blocks.15.0.in_layers.0.weight - torch.Size([256]): 
The value is the same before and after calling `init_weights` of SegRefinerSemantic  

denoise_model.output_blocks.15.0.in_layers.0.bias - torch.Size([256]): 
The value is the same before and after calling `init_weights` of SegRefinerSemantic  

denoise_model.output_blocks.15.0.in_layers.2.weight - torch.Size([128, 256, 3, 3]): 
The value is the same before and after calling `init_weights` of SegRefinerSemantic  

denoise_model.output_blocks.15.0.in_layers.2.bias - torch.Size([128]): 
The value is the same before and after calling `init_weights` of SegRefinerSemantic  

denoise_model.output_blocks.15.0.emb_layers.1.weight - torch.Size([128, 512]): 
The value is the same before and after calling `init_weights` of SegRefinerSemantic  

denoise_model.output_blocks.15.0.emb_layers.1.bias - torch.Size([128]): 
The value is the same before and after calling `init_weights` of SegRefinerSemantic  

denoise_model.output_blocks.15.0.out_layers.0.weight - torch.Size([128]): 
The value is the same before and after calling `init_weights` of SegRefinerSemantic  

denoise_model.output_blocks.15.0.out_layers.0.bias - torch.Size([128]): 
The value is the same before and after calling `init_weights` of SegRefinerSemantic  

denoise_model.output_blocks.15.0.out_layers.3.weight - torch.Size([128, 128, 3, 3]): 
The value is the same before and after calling `init_weights` of SegRefinerSemantic  

denoise_model.output_blocks.15.0.out_layers.3.bias - torch.Size([128]): 
The value is the same before and after calling `init_weights` of SegRefinerSemantic  

denoise_model.output_blocks.15.0.skip_connection.weight - torch.Size([128, 256, 1, 1]): 
The value is the same before and after calling `init_weights` of SegRefinerSemantic  

denoise_model.output_blocks.15.0.skip_connection.bias - torch.Size([128]): 
The value is the same before and after calling `init_weights` of SegRefinerSemantic  

denoise_model.output_blocks.16.0.in_layers.0.weight - torch.Size([256]): 
The value is the same before and after calling `init_weights` of SegRefinerSemantic  

denoise_model.output_blocks.16.0.in_layers.0.bias - torch.Size([256]): 
The value is the same before and after calling `init_weights` of SegRefinerSemantic  

denoise_model.output_blocks.16.0.in_layers.2.weight - torch.Size([128, 256, 3, 3]): 
The value is the same before and after calling `init_weights` of SegRefinerSemantic  

denoise_model.output_blocks.16.0.in_layers.2.bias - torch.Size([128]): 
The value is the same before and after calling `init_weights` of SegRefinerSemantic  

denoise_model.output_blocks.16.0.emb_layers.1.weight - torch.Size([128, 512]): 
The value is the same before and after calling `init_weights` of SegRefinerSemantic  

denoise_model.output_blocks.16.0.emb_layers.1.bias - torch.Size([128]): 
The value is the same before and after calling `init_weights` of SegRefinerSemantic  

denoise_model.output_blocks.16.0.out_layers.0.weight - torch.Size([128]): 
The value is the same before and after calling `init_weights` of SegRefinerSemantic  

denoise_model.output_blocks.16.0.out_layers.0.bias - torch.Size([128]): 
The value is the same before and after calling `init_weights` of SegRefinerSemantic  

denoise_model.output_blocks.16.0.out_layers.3.weight - torch.Size([128, 128, 3, 3]): 
The value is the same before and after calling `init_weights` of SegRefinerSemantic  

denoise_model.output_blocks.16.0.out_layers.3.bias - torch.Size([128]): 
The value is the same before and after calling `init_weights` of SegRefinerSemantic  

denoise_model.output_blocks.16.0.skip_connection.weight - torch.Size([128, 256, 1, 1]): 
The value is the same before and after calling `init_weights` of SegRefinerSemantic  

denoise_model.output_blocks.16.0.skip_connection.bias - torch.Size([128]): 
The value is the same before and after calling `init_weights` of SegRefinerSemantic  

denoise_model.output_blocks.17.0.in_layers.0.weight - torch.Size([256]): 
The value is the same before and after calling `init_weights` of SegRefinerSemantic  

denoise_model.output_blocks.17.0.in_layers.0.bias - torch.Size([256]): 
The value is the same before and after calling `init_weights` of SegRefinerSemantic  

denoise_model.output_blocks.17.0.in_layers.2.weight - torch.Size([128, 256, 3, 3]): 
The value is the same before and after calling `init_weights` of SegRefinerSemantic  

denoise_model.output_blocks.17.0.in_layers.2.bias - torch.Size([128]): 
The value is the same before and after calling `init_weights` of SegRefinerSemantic  

denoise_model.output_blocks.17.0.emb_layers.1.weight - torch.Size([128, 512]): 
The value is the same before and after calling `init_weights` of SegRefinerSemantic  

denoise_model.output_blocks.17.0.emb_layers.1.bias - torch.Size([128]): 
The value is the same before and after calling `init_weights` of SegRefinerSemantic  

denoise_model.output_blocks.17.0.out_layers.0.weight - torch.Size([128]): 
The value is the same before and after calling `init_weights` of SegRefinerSemantic  

denoise_model.output_blocks.17.0.out_layers.0.bias - torch.Size([128]): 
The value is the same before and after calling `init_weights` of SegRefinerSemantic  

denoise_model.output_blocks.17.0.out_layers.3.weight - torch.Size([128, 128, 3, 3]): 
The value is the same before and after calling `init_weights` of SegRefinerSemantic  

denoise_model.output_blocks.17.0.out_layers.3.bias - torch.Size([128]): 
The value is the same before and after calling `init_weights` of SegRefinerSemantic  

denoise_model.output_blocks.17.0.skip_connection.weight - torch.Size([128, 256, 1, 1]): 
The value is the same before and after calling `init_weights` of SegRefinerSemantic  

denoise_model.output_blocks.17.0.skip_connection.bias - torch.Size([128]): 
The value is the same before and after calling `init_weights` of SegRefinerSemantic  

denoise_model.out.0.weight - torch.Size([128]): 
The value is the same before and after calling `init_weights` of SegRefinerSemantic  

denoise_model.out.0.bias - torch.Size([128]): 
The value is the same before and after calling `init_weights` of SegRefinerSemantic  

denoise_model.out.2.weight - torch.Size([1, 128, 3, 3]): 
The value is the same before and after calling `init_weights` of SegRefinerSemantic  

denoise_model.out.2.bias - torch.Size([1]): 
The value is the same before and after calling `init_weights` of SegRefinerSemantic  

loss_texture.sobel.conv_x.weight - torch.Size([1, 1, 3, 3]): 
The value is the same before and after calling `init_weights` of SegRefinerSemantic  

loss_texture.sobel.conv_y.weight - torch.Size([1, 1, 3, 3]): 
The value is the same before and after calling `init_weights` of SegRefinerSemantic  
2026-05-05 06:03:32,707 - mmdet - INFO - Automatic scaling of learning rate (LR) has been disabled.
2026-05-05 06:03:32,711 - mmdet - INFO - Start running, host: ubuntu@ip-172-31-22-110, work_dir: /home/ubuntu/vy/Denoiser/SegRefiner/work_dirs/exp8_all
2026-05-05 06:03:32,711 - mmdet - INFO - Hooks will be executed in the following order:
before_run:
(VERY_HIGH   ) StepLrUpdaterHook                  
(NORMAL      ) CheckpointHook                     
(VERY_LOW    ) TextLoggerHook                     
 -------------------- 
before_train_epoch:
(VERY_HIGH   ) StepLrUpdaterHook                  
(LOW         ) IterTimerHook                      
(VERY_LOW    ) TextLoggerHook                     
 -------------------- 
before_train_iter:
(VERY_HIGH   ) StepLrUpdaterHook                  
(LOW         ) IterTimerHook                      
 -------------------- 
after_train_iter:
(ABOVE_NORMAL) OptimizerHook                      
(NORMAL      ) CheckpointHook                     
(LOW         ) IterTimerHook                      
(LOW         ) OEMBuildingEvalHook                
(VERY_LOW    ) TextLoggerHook                     
 -------------------- 
after_train_epoch:
(NORMAL      ) CheckpointHook                     
(VERY_LOW    ) TextLoggerHook                     
 -------------------- 
before_val_epoch:
(LOW         ) IterTimerHook                      
(VERY_LOW    ) TextLoggerHook                     
 -------------------- 
before_val_iter:
(LOW         ) IterTimerHook                      
 -------------------- 
after_val_iter:
(LOW         ) IterTimerHook                      
 -------------------- 
after_val_epoch:
(VERY_LOW    ) TextLoggerHook                     
 -------------------- 
after_run:
(VERY_LOW    ) TextLoggerHook                     
 -------------------- 
2026-05-05 06:03:32,712 - mmdet - INFO - workflow: [('train', 1)], max: 120000 iters
2026-05-05 06:03:32,712 - mmdet - INFO - Checkpoints will be saved to /home/ubuntu/vy/Denoiser/SegRefiner/work_dirs/exp8_all by HardDiskBackend.
2026-05-05 06:04:09,511 - mmdet - INFO - Iter [25/120000]	lr: 4.895e-06, eta: 1 day, 13:48:00, time: 1.134, data_time: 0.061, memory: 37111, loss_mask: 1.9276, loss_texture: 0.0140, iou: 0.1583, iou_t0: 0.1533, iou_t1: 0.1996, iou_t2: 0.1556, iou_t3: 0.2057, iou_t4: 0.1175, iou_t5: 0.1233, loss: 1.9417
2026-05-05 06:04:36,773 - mmdet - INFO - Iter [50/120000]	lr: 9.890e-06, eta: 1 day, 13:03:46, time: 1.090, data_time: 0.018, memory: 37111, loss_mask: 1.4177, loss_texture: 0.0128, iou: 0.2162, iou_t0: 0.2358, iou_t1: 0.2993, iou_t2: 0.2222, iou_t3: 0.2491, iou_t4: 0.1851, iou_t5: 0.1449, loss: 1.4305
2026-05-05 06:05:03,953 - mmdet - INFO - Iter [75/120000]	lr: 1.489e-05, eta: 1 day, 12:46:34, time: 1.087, data_time: 0.019, memory: 37111, loss_mask: 1.0341, loss_texture: 0.0103, iou: 0.2750, iou_t0: 0.4633, iou_t1: 0.3801, iou_t2: 0.3345, iou_t3: 0.1750, iou_t4: 0.1459, iou_t5: 0.1299, loss: 1.0444
2026-05-05 06:05:31,131 - mmdet - INFO - Iter [100/120000]	lr: 1.988e-05, eta: 1 day, 12:37:41, time: 1.087, data_time: 0.019, memory: 37111, loss_mask: 0.9509, loss_texture: 0.0098, iou: 0.3205, iou_t0: 0.6046, iou_t1: 0.5056, iou_t2: 0.3435, iou_t3: 0.1743, iou_t4: 0.1064, iou_t5: 0.1890, loss: 0.9607
2026-05-05 06:05:58,391 - mmdet - INFO - Iter [125/120000]	lr: 2.488e-05, eta: 1 day, 12:33:28, time: 1.090, data_time: 0.021, memory: 37111, loss_mask: 0.8301, loss_texture: 0.0092, iou: 0.3775, iou_t0: 0.6170, iou_t1: 0.5363, iou_t2: 0.4410, iou_t3: 0.2225, iou_t4: 0.1570, iou_t5: 0.2082, loss: 0.8393
2026-05-05 06:06:25,709 - mmdet - INFO - Iter [150/120000]	lr: 2.987e-05, eta: 1 day, 12:31:18, time: 1.093, data_time: 0.019, memory: 37111, loss_mask: 0.7840, loss_texture: 0.0091, iou: 0.4305, iou_t0: 0.7278, iou_t1: 0.6117, iou_t2: 0.4343, iou_t3: 0.3467, iou_t4: 0.2588, iou_t5: 0.2933, loss: 0.7931
2026-05-05 06:06:52,915 - mmdet - INFO - Iter [175/120000]	lr: 3.487e-05, eta: 1 day, 12:28:20, time: 1.088, data_time: 0.019, memory: 37111, loss_mask: 0.6928, loss_texture: 0.0083, iou: 0.4296, iou_t0: 0.6053, iou_t1: 0.7002, iou_t2: 0.5564, iou_t3: 0.2791, iou_t4: 0.2287, iou_t5: 0.2759, loss: 0.7011
2026-05-05 06:07:20,008 - mmdet - INFO - Iter [200/120000]	lr: 3.986e-05, eta: 1 day, 12:24:52, time: 1.084, data_time: 0.020, memory: 37111, loss_mask: 0.5863, loss_texture: 0.0079, iou: 0.4429, iou_t0: 0.6305, iou_t1: 0.6049, iou_t2: 0.4497, iou_t3: 0.2612, iou_t4: 0.3257, iou_t5: 0.2365, loss: 0.5942
2026-05-05 06:07:47,155 - mmdet - INFO - Iter [225/120000]	lr: 4.486e-05, eta: 1 day, 12:22:33, time: 1.086, data_time: 0.021, memory: 37111, loss_mask: 0.5215, loss_texture: 0.0077, iou: 0.5034, iou_t0: 0.8214, iou_t1: 0.6361, iou_t2: 0.4849, iou_t3: 0.3785, iou_t4: 0.2975, iou_t5: 0.3058, loss: 0.5292
2026-05-05 06:08:14,288 - mmdet - INFO - Iter [250/120000]	lr: 4.985e-05, eta: 1 day, 12:20:29, time: 1.085, data_time: 0.019, memory: 37111, loss_mask: 0.5206, loss_texture: 0.0080, iou: 0.5250, iou_t0: 0.7656, iou_t1: 0.7051, iou_t2: 0.4921, iou_t3: 0.4056, iou_t4: 0.4443, iou_t5: 0.3438, loss: 0.5286
2026-05-05 06:08:41,509 - mmdet - INFO - Iter [275/120000]	lr: 5.485e-05, eta: 1 day, 12:19:22, time: 1.089, data_time: 0.020, memory: 37111, loss_mask: 0.5967, loss_texture: 0.0080, iou: 0.4813, iou_t0: 0.7371, iou_t1: 0.6935, iou_t2: 0.5546, iou_t3: 0.2910, iou_t4: 0.2835, iou_t5: 0.3433, loss: 0.6047
2026-05-05 06:09:08,674 - mmdet - INFO - Iter [300/120000]	lr: 5.984e-05, eta: 1 day, 12:17:59, time: 1.087, data_time: 0.020, memory: 37111, loss_mask: 0.4927, loss_texture: 0.0078, iou: 0.5144, iou_t0: 0.8051, iou_t1: 0.7295, iou_t2: 0.5321, iou_t3: 0.4507, iou_t4: 0.2955, iou_t5: 0.3804, loss: 0.5004
2026-05-05 06:09:35,931 - mmdet - INFO - Iter [325/120000]	lr: 6.484e-05, eta: 1 day, 12:17:18, time: 1.090, data_time: 0.021, memory: 37111, loss_mask: 0.5601, loss_texture: 0.0075, iou: 0.4571, iou_t0: 0.6620, iou_t1: 0.5336, iou_t2: 0.5332, iou_t3: 0.4772, iou_t4: 0.2649, iou_t5: 0.3425, loss: 0.5676
2026-05-05 06:10:03,265 - mmdet - INFO - Iter [350/120000]	lr: 6.983e-05, eta: 1 day, 12:17:06, time: 1.093, data_time: 0.020, memory: 37111, loss_mask: 0.5215, loss_texture: 0.0077, iou: 0.4954, iou_t0: 0.6622, iou_t1: 0.6246, iou_t2: 0.4681, iou_t3: 0.4054, iou_t4: 0.3979, iou_t5: 0.4453, loss: 0.5292
2026-05-05 06:10:30,427 - mmdet - INFO - Iter [375/120000]	lr: 7.483e-05, eta: 1 day, 12:15:56, time: 1.086, data_time: 0.020, memory: 37111, loss_mask: 0.4712, loss_texture: 0.0075, iou: 0.5036, iou_t0: 0.6991, iou_t1: 0.6483, iou_t2: 0.5261, iou_t3: 0.4644, iou_t4: 0.3604, iou_t5: 0.3510, loss: 0.4787
2026-05-05 06:10:57,565 - mmdet - INFO - Iter [400/120000]	lr: 7.982e-05, eta: 1 day, 12:14:45, time: 1.086, data_time: 0.020, memory: 37111, loss_mask: 0.4219, loss_texture: 0.0071, iou: 0.5307, iou_t0: 0.7293, iou_t1: 0.6619, iou_t2: 0.5157, iou_t3: 0.4483, iou_t4: 0.4336, iou_t5: 0.4082, loss: 0.4290
2026-05-05 06:11:24,919 - mmdet - INFO - Iter [425/120000]	lr: 8.482e-05, eta: 1 day, 12:14:40, time: 1.094, data_time: 0.022, memory: 37111, loss_mask: 0.4265, loss_texture: 0.0070, iou: 0.5459, iou_t0: 0.6998, iou_t1: 0.6585, iou_t2: 0.5183, iou_t3: 0.4932, iou_t4: 0.3715, iou_t5: 0.4534, loss: 0.4335
2026-05-05 06:11:52,077 - mmdet - INFO - Iter [450/120000]	lr: 8.981e-05, eta: 1 day, 12:13:40, time: 1.086, data_time: 0.020, memory: 37111, loss_mask: 0.5045, loss_texture: 0.0075, iou: 0.5505, iou_t0: 0.7572, iou_t1: 0.7932, iou_t2: 0.5786, iou_t3: 0.4121, iou_t4: 0.3792, iou_t5: 0.3863, loss: 0.5120
2026-05-05 06:12:19,287 - mmdet - INFO - Iter [475/120000]	lr: 9.481e-05, eta: 1 day, 12:12:57, time: 1.088, data_time: 0.020, memory: 37111, loss_mask: 0.4341, loss_texture: 0.0070, iou: 0.5173, iou_t0: 0.6102, iou_t1: 0.6422, iou_t2: 0.5421, iou_t3: 0.4742, iou_t4: 0.4001, iou_t5: 0.3526, loss: 0.4410
2026-05-05 06:12:46,619 - mmdet - INFO - Validation set: 218 images
2026-05-05 06:12:46,619 - mmdet - INFO - 
--- Val evaluation at iter 500 ---
2026-05-05 06:15:17,894 - mmdet - INFO - 
+------------+-------------+-------------+
| Class      | Val IoU     | Pseudo IoU  |
+------------+-------------+-------------+
| background | 91.74       | 92.68       |
| building   | 65.30       | 69.14       |
| Summary    | mIoU: 78.52 | mIoU: 80.91 |
+------------+-------------+-------------+
Images evaluated: 218
2026-05-05 06:15:19,647 - mmdet - INFO - ★ New best mIoU: 78.52% (prev: 0.00%, Δ=+78.52%) → saved to /home/ubuntu/vy/Denoiser/SegRefiner/work_dirs/exp8_all/best_model.pth
2026-05-05 06:15:19,652 - mmdet - INFO - Iter [500/120000]	lr: 9.980e-05, eta: 1 day, 12:12:45, time: 1.093, data_time: 0.020, memory: 37111, val/mIoU: 0.7852, val/IoU.building: 0.6530, val/IoU.background: 0.9174, val/Pseudo_mIoU: 0.8091, loss_mask: 0.3935, loss_texture: 0.0072, iou: 0.5713, iou_t0: 0.8001, iou_t1: 0.6121, iou_t2: 0.5646, iou_t3: 0.4977, iou_t4: 0.4553, iou_t5: 0.3645, loss: 0.4007
2026-05-05 06:15:47,178 - mmdet - INFO - Iter [525/120000]	lr: 1.000e-04, eta: 1 day, 21:53:41, time: 7.222, data_time: 6.143, memory: 37111, loss_mask: 0.4093, loss_texture: 0.0074, iou: 0.5367, iou_t0: 0.6849, iou_t1: 0.7570, iou_t2: 0.4793, iou_t3: 0.4730, iou_t4: 0.4180, iou_t5: 0.4164, loss: 0.4166
2026-05-05 06:16:14,507 - mmdet - INFO - Iter [550/120000]	lr: 1.000e-04, eta: 1 day, 21:26:53, time: 1.093, data_time: 0.020, memory: 37111, loss_mask: 0.3683, loss_texture: 0.0063, iou: 0.5238, iou_t0: 0.7095, iou_t1: 0.6697, iou_t2: 0.4842, iou_t3: 0.4226, iou_t4: 0.4091, iou_t5: 0.3251, loss: 0.3746
2026-05-05 06:16:41,905 - mmdet - INFO - Iter [575/120000]	lr: 1.000e-04, eta: 1 day, 21:02:37, time: 1.096, data_time: 0.020, memory: 37111, loss_mask: 0.3724, loss_texture: 0.0064, iou: 0.5566, iou_t0: 0.7905, iou_t1: 0.7251, iou_t2: 0.4224, iou_t3: 0.5589, iou_t4: 0.5132, iou_t5: 0.3948, loss: 0.3788
2026-05-05 06:17:10,003 - mmdet - INFO - Iter [600/120000]	lr: 1.000e-04, eta: 1 day, 20:42:39, time: 1.124, data_time: 0.026, memory: 37111, loss_mask: 0.4453, loss_texture: 0.0066, iou: 0.5409, iou_t0: 0.6346, iou_t1: 0.7307, iou_t2: 0.5034, iou_t3: 0.5601, iou_t4: 0.4279, iou_t5: 0.4517, loss: 0.4519
2026-05-05 06:17:38,828 - mmdet - INFO - Iter [625/120000]	lr: 1.000e-04, eta: 1 day, 20:26:34, time: 1.153, data_time: 0.030, memory: 37111, loss_mask: 0.3567, loss_texture: 0.0069, iou: 0.5657, iou_t0: 0.6816, iou_t1: 0.6994, iou_t2: 0.4699, iou_t3: 0.5565, iou_t4: 0.4585, iou_t5: 0.4839, loss: 0.3637
2026-05-05 06:18:07,353 - mmdet - INFO - Iter [650/120000]	lr: 1.000e-04, eta: 1 day, 20:10:46, time: 1.141, data_time: 0.028, memory: 37111, loss_mask: 0.3284, loss_texture: 0.0067, iou: 0.5841, iou_t0: 0.7894, iou_t1: 0.5952, iou_t2: 0.5997, iou_t3: 0.5426, iou_t4: 0.4807, iou_t5: 0.4801, loss: 0.3350
2026-05-05 06:18:36,084 - mmdet - INFO - Iter [675/120000]	lr: 1.000e-04, eta: 1 day, 19:56:42, time: 1.149, data_time: 0.029, memory: 37111, loss_mask: 0.3412, loss_texture: 0.0067, iou: 0.5745, iou_t0: 0.6696, iou_t1: 0.7315, iou_t2: 0.5094, iou_t3: 0.5362, iou_t4: 0.5562, iou_t5: 0.4742, loss: 0.3479
2026-05-05 06:19:04,502 - mmdet - INFO - Iter [700/120000]	lr: 1.000e-04, eta: 1 day, 19:42:43, time: 1.137, data_time: 0.029, memory: 37111, loss_mask: 0.3105, loss_texture: 0.0059, iou: 0.5682, iou_t0: 0.8089, iou_t1: 0.7429, iou_t2: 0.5452, iou_t3: 0.5377, iou_t4: 0.4384, iou_t5: 0.3696, loss: 0.3164
2026-05-05 06:19:32,550 - mmdet - INFO - Iter [725/120000]	lr: 1.000e-04, eta: 1 day, 19:28:40, time: 1.122, data_time: 0.028, memory: 37111, loss_mask: 0.3495, loss_texture: 0.0063, iou: 0.5728, iou_t0: 0.8090, iou_t1: 0.7104, iou_t2: 0.5706, iou_t3: 0.4466, iou_t4: 0.4197, iou_t5: 0.4889, loss: 0.3558
2026-05-05 06:19:59,988 - mmdet - INFO - Iter [750/120000]	lr: 1.000e-04, eta: 1 day, 19:13:53, time: 1.097, data_time: 0.022, memory: 37111, loss_mask: 0.3578, loss_texture: 0.0064, iou: 0.5649, iou_t0: 0.7056, iou_t1: 0.6814, iou_t2: 0.5244, iou_t3: 0.5440, iou_t4: 0.4790, iou_t5: 0.4114, loss: 0.3641
2026-05-05 06:20:27,408 - mmdet - INFO - Iter [775/120000]	lr: 1.000e-04, eta: 1 day, 18:59:59, time: 1.097, data_time: 0.021, memory: 37111, loss_mask: 0.2700, loss_texture: 0.0060, iou: 0.6116, iou_t0: 0.7429, iou_t1: 0.8043, iou_t2: 0.5615, iou_t3: 0.5056, iou_t4: 0.5393, iou_t5: 0.5644, loss: 0.2760
2026-05-05 06:20:54,693 - mmdet - INFO - Iter [800/120000]	lr: 1.000e-04, eta: 1 day, 18:46:36, time: 1.091, data_time: 0.021, memory: 37111, loss_mask: 0.2681, loss_texture: 0.0056, iou: 0.5931, iou_t0: 0.8348, iou_t1: 0.6892, iou_t2: 0.5340, iou_t3: 0.5546, iou_t4: 0.4354, iou_t5: 0.5055, loss: 0.2737
2026-05-05 06:21:22,154 - mmdet - INFO - Iter [825/120000]	lr: 1.000e-04, eta: 1 day, 18:34:25, time: 1.098, data_time: 0.022, memory: 37111, loss_mask: 0.2611, loss_texture: 0.0058, iou: 0.6472, iou_t0: 0.7826, iou_t1: 0.7323, iou_t2: 0.6086, iou_t3: 0.6245, iou_t4: 0.5002, iou_t5: 0.5604, loss: 0.2669
2026-05-05 06:21:49,580 - mmdet - INFO - Iter [850/120000]	lr: 1.000e-04, eta: 1 day, 18:22:50, time: 1.097, data_time: 0.020, memory: 37111, loss_mask: 0.2934, loss_texture: 0.0065, iou: 0.6355, iou_t0: 0.8073, iou_t1: 0.7425, iou_t2: 0.5457, iou_t3: 0.5957, iou_t4: 0.6208, iou_t5: 0.5497, loss: 0.2999
2026-05-05 06:22:16,821 - mmdet - INFO - Iter [875/120000]	lr: 1.000e-04, eta: 1 day, 18:11:29, time: 1.090, data_time: 0.020, memory: 37111, loss_mask: 0.2745, loss_texture: 0.0061, iou: 0.6141, iou_t0: 0.7226, iou_t1: 0.7391, iou_t2: 0.6109, iou_t3: 0.5746, iou_t4: 0.4977, iou_t5: 0.5268, loss: 0.2806
2026-05-05 06:22:44,001 - mmdet - INFO - Iter [900/120000]	lr: 1.000e-04, eta: 1 day, 18:00:35, time: 1.087, data_time: 0.021, memory: 37111, loss_mask: 0.2689, loss_texture: 0.0057, iou: 0.6293, iou_t0: 0.7339, iou_t1: 0.7041, iou_t2: 0.6265, iou_t3: 0.6027, iou_t4: 0.4673, iou_t5: 0.5496, loss: 0.2746
2026-05-05 06:23:11,111 - mmdet - INFO - Iter [925/120000]	lr: 1.000e-04, eta: 1 day, 17:50:07, time: 1.084, data_time: 0.021, memory: 37111, loss_mask: 0.2907, loss_texture: 0.0056, iou: 0.5887, iou_t0: 0.7631, iou_t1: 0.7119, iou_t2: 0.4732, iou_t3: 0.5715, iou_t4: 0.5089, iou_t5: 0.3921, loss: 0.2963
2026-05-05 06:23:38,189 - mmdet - INFO - Iter [950/120000]	lr: 1.000e-04, eta: 1 day, 17:40:06, time: 1.083, data_time: 0.020, memory: 37111, loss_mask: 0.2969, loss_texture: 0.0059, iou: 0.5765, iou_t0: 0.6785, iou_t1: 0.6547, iou_t2: 0.5597, iou_t3: 0.4719, iou_t4: 0.5150, iou_t5: 0.5412, loss: 0.3028
2026-05-05 06:24:05,420 - mmdet - INFO - Iter [975/120000]	lr: 1.000e-04, eta: 1 day, 17:30:53, time: 1.089, data_time: 0.021, memory: 37111, loss_mask: 0.3441, loss_texture: 0.0061, iou: 0.5383, iou_t0: 0.7853, iou_t1: 0.6114, iou_t2: 0.4844, iou_t3: 0.5312, iou_t4: 0.3532, iou_t5: 0.4534, loss: 0.3502
2026-05-05 06:24:32,518 - mmdet - INFO - 
--- Val evaluation at iter 1000 ---
2026-05-05 06:27:03,286 - mmdet - INFO - 
+------------+-------------+-------------+
| Class      | Val IoU     | Pseudo IoU  |
+------------+-------------+-------------+
| background | 91.45       | 92.68       |
| building   | 65.50       | 69.14       |
| Summary    | mIoU: 78.48 | mIoU: 80.91 |
+------------+-------------+-------------+
Images evaluated: 218
2026-05-05 06:27:04,930 - mmdet - INFO - Exp name: exp8_all.py
2026-05-05 06:27:04,930 - mmdet - INFO - Iter [1000/120000]	lr: 1.000e-04, eta: 1 day, 17:21:51, time: 1.084, data_time: 0.021, memory: 37111, val/mIoU: 0.7848, val/IoU.building: 0.6550, val/IoU.background: 0.9145, val/Pseudo_mIoU: 0.8091, loss_mask: 0.2736, loss_texture: 0.0057, iou: 0.5670, iou_t0: 0.6753, iou_t1: 0.7036, iou_t2: 0.5431, iou_t3: 0.5053, iou_t4: 0.4803, iou_t5: 0.5230, loss: 0.2793
2026-05-05 06:27:32,185 - mmdet - INFO - Iter [1025/120000]	lr: 1.000e-04, eta: 1 day, 22:08:23, time: 7.187, data_time: 6.118, memory: 37111, loss_mask: 0.3519, loss_texture: 0.0060, iou: 0.5684, iou_t0: 0.7982, iou_t1: 0.6323, iou_t2: 0.5609, iou_t3: 0.4552, iou_t4: 0.4528, iou_t5: 0.4039, loss: 0.3579
2026-05-05 06:27:59,584 - mmdet - INFO - Iter [1050/120000]	lr: 1.000e-04, eta: 1 day, 21:53:38, time: 1.096, data_time: 0.020, memory: 37111, loss_mask: 0.3213, loss_texture: 0.0062, iou: 0.5952, iou_t0: 0.6529, iou_t1: 0.6923, iou_t2: 0.6883, iou_t3: 0.5090, iou_t4: 0.5086, iou_t5: 0.4736, loss: 0.3275
2026-05-05 06:28:26,876 - mmdet - INFO - Iter [1075/120000]	lr: 1.000e-04, eta: 1 day, 21:39:21, time: 1.092, data_time: 0.021, memory: 37111, loss_mask: 0.2347, loss_texture: 0.0055, iou: 0.6362, iou_t0: 0.7970, iou_t1: 0.7645, iou_t2: 0.6041, iou_t3: 0.5756, iou_t4: 0.5171, iou_t5: 0.5712, loss: 0.2402
2026-05-05 06:28:54,052 - mmdet - INFO - Iter [1100/120000]	lr: 1.000e-04, eta: 1 day, 21:25:29, time: 1.087, data_time: 0.021, memory: 37111, loss_mask: 0.2363, loss_texture: 0.0048, iou: 0.5986, iou_t0: 0.7591, iou_t1: 0.7070, iou_t2: 0.6163, iou_t3: 0.5496, iou_t4: 0.4716, iou_t5: 0.4838, loss: 0.2411
2026-05-05 06:29:21,224 - mmdet - INFO - Iter [1125/120000]	lr: 1.000e-04, eta: 1 day, 21:12:13, time: 1.087, data_time: 0.021, memory: 37111, loss_mask: 0.2411, loss_texture: 0.0054, iou: 0.6273, iou_t0: 0.7695, iou_t1: 0.6724, iou_t2: 0.5384, iou_t3: 0.6320, iou_t4: 0.5625, iou_t5: 0.5554, loss: 0.2465
2026-05-05 06:29:48,379 - mmdet - INFO - Iter [1150/120000]	lr: 1.000e-04, eta: 1 day, 20:59:28, time: 1.086, data_time: 0.020, memory: 37111, loss_mask: 0.2487, loss_texture: 0.0058, iou: 0.6106, iou_t0: 0.7134, iou_t1: 0.6760, iou_t2: 0.6011, iou_t3: 0.6356, iou_t4: 0.5040, iou_t5: 0.4655, loss: 0.2545
2026-05-05 06:30:15,618 - mmdet - INFO - Iter [1175/120000]	lr: 1.000e-04, eta: 1 day, 20:47:23, time: 1.090, data_time: 0.021, memory: 37111, loss_mask: 0.2634, loss_texture: 0.0054, iou: 0.5985, iou_t0: 0.6258, iou_t1: 0.7064, iou_t2: 0.5681, iou_t3: 0.5691, iou_t4: 0.5330, iou_t5: 0.5552, loss: 0.2688
2026-05-05 06:30:42,838 - mmdet - INFO - Iter [1200/120000]	lr: 1.000e-04, eta: 1 day, 20:35:45, time: 1.089, data_time: 0.021, memory: 37111, loss_mask: 0.2250, loss_texture: 0.0053, iou: 0.6270, iou_t0: 0.6587, iou_t1: 0.7173, iou_t2: 0.6747, iou_t3: 0.5222, iou_t4: 0.5598, iou_t5: 0.6063, loss: 0.2303
2026-05-05 06:31:10,293 - mmdet - INFO - Iter [1225/120000]	lr: 1.000e-04, eta: 1 day, 20:24:58, time: 1.098, data_time: 0.021, memory: 37111, loss_mask: 0.2495, loss_texture: 0.0059, iou: 0.6417, iou_t0: 0.7276, iou_t1: 0.7395, iou_t2: 0.5482, iou_t3: 0.6327, iou_t4: 0.5560, iou_t5: 0.6226, loss: 0.2554
2026-05-05 06:31:37,532 - mmdet - INFO - Iter [1250/120000]	lr: 1.000e-04, eta: 1 day, 20:14:14, time: 1.090, data_time: 0.020, memory: 37111, loss_mask: 0.3143, loss_texture: 0.0058, iou: 0.5939, iou_t0: 0.6799, iou_t1: 0.7867, iou_t2: 0.5308, iou_t3: 0.5218, iou_t4: 0.4967, iou_t5: 0.5485, loss: 0.3201
2026-05-05 06:32:04,761 - mmdet - INFO - Iter [1275/120000]	lr: 1.000e-04, eta: 1 day, 20:03:54, time: 1.089, data_time: 0.020, memory: 37111, loss_mask: 0.2613, loss_texture: 0.0055, iou: 0.6000, iou_t0: 0.7250, iou_t1: 0.7503, iou_t2: 0.5497, iou_t3: 0.5746, iou_t4: 0.4723, iou_t5: 0.4473, loss: 0.2668
2026-05-05 06:32:32,034 - mmdet - INFO - Iter [1300/120000]	lr: 1.000e-04, eta: 1 day, 19:54:01, time: 1.091, data_time: 0.020, memory: 37111, loss_mask: 0.2316, loss_texture: 0.0053, iou: 0.5997, iou_t0: 0.8193, iou_t1: 0.6542, iou_t2: 0.5746, iou_t3: 0.6246, iou_t4: 0.5562, iou_t5: 0.5268, loss: 0.2369
2026-05-05 06:32:59,424 - mmdet - INFO - Iter [1325/120000]	lr: 1.000e-04, eta: 1 day, 19:44:40, time: 1.096, data_time: 0.021, memory: 37111, loss_mask: 0.2489, loss_texture: 0.0053, iou: 0.6175, iou_t0: 0.7715, iou_t1: 0.6569, iou_t2: 0.5920, iou_t3: 0.6157, iou_t4: 0.5464, iou_t5: 0.5346, loss: 0.2543
2026-05-05 06:33:26,673 - mmdet - INFO - Iter [1350/120000]	lr: 1.000e-04, eta: 1 day, 19:35:26, time: 1.090, data_time: 0.021, memory: 37111, loss_mask: 0.1979, loss_texture: 0.0050, iou: 0.6666, iou_t0: 0.6875, iou_t1: 0.8028, iou_t2: 0.6184, iou_t3: 0.6756, iou_t4: 0.5776, iou_t5: 0.6344, loss: 0.2029
2026-05-05 06:33:53,831 - mmdet - INFO - Iter [1375/120000]	lr: 1.000e-04, eta: 1 day, 19:26:23, time: 1.086, data_time: 0.020, memory: 37111, loss_mask: 0.1675, loss_texture: 0.0046, iou: 0.6542, iou_t0: 0.7955, iou_t1: 0.7873, iou_t2: 0.6413, iou_t3: 0.6168, iou_t4: 0.5099, iou_t5: 0.4905, loss: 0.1721
2026-05-05 06:34:20,981 - mmdet - INFO - Iter [1400/120000]	lr: 1.000e-04, eta: 1 day, 19:17:38, time: 1.086, data_time: 0.020, memory: 37111, loss_mask: 0.2250, loss_texture: 0.0053, iou: 0.6555, iou_t0: 0.7489, iou_t1: 0.7768, iou_t2: 0.6017, iou_t3: 0.6387, iou_t4: 0.6204, iou_t5: 0.5512, loss: 0.2303
2026-05-05 06:34:48,165 - mmdet - INFO - Iter [1425/120000]	lr: 1.000e-04, eta: 1 day, 19:09:14, time: 1.087, data_time: 0.021, memory: 37111, loss_mask: 0.2455, loss_texture: 0.0053, iou: 0.6286, iou_t0: 0.7726, iou_t1: 0.6972, iou_t2: 0.5943, iou_t3: 0.6853, iou_t4: 0.5898, iou_t5: 0.3867, loss: 0.2508
2026-05-05 06:35:15,432 - mmdet - INFO - Iter [1450/120000]	lr: 1.000e-04, eta: 1 day, 19:01:12, time: 1.091, data_time: 0.020, memory: 37111, loss_mask: 0.2109, loss_texture: 0.0047, iou: 0.6567, iou_t0: 0.8092, iou_t1: 0.7691, iou_t2: 0.5864, iou_t3: 0.6531, iou_t4: 0.6858, iou_t5: 0.5573, loss: 0.2156
2026-05-05 06:35:42,882 - mmdet - INFO - Iter [1475/120000]	lr: 1.000e-04, eta: 1 day, 18:53:41, time: 1.098, data_time: 0.020, memory: 37111, loss_mask: 0.2118, loss_texture: 0.0050, iou: 0.6481, iou_t0: 0.7987, iou_t1: 0.6823, iou_t2: 0.6018, iou_t3: 0.5651, iou_t4: 0.6310, iou_t5: 0.5204, loss: 0.2168
2026-05-05 06:36:10,117 - mmdet - INFO - 
--- Val evaluation at iter 1500 ---
2026-05-05 06:38:40,654 - mmdet - INFO - 
+------------+-------------+-------------+
| Class      | Val IoU     | Pseudo IoU  |
+------------+-------------+-------------+
| background | 90.62       | 92.68       |
| building   | 58.76       | 69.14       |
| Summary    | mIoU: 74.69 | mIoU: 80.91 |
+------------+-------------+-------------+
Images evaluated: 218
2026-05-05 06:38:42,248 - mmdet - INFO - Iter [1500/120000]	lr: 1.000e-04, eta: 1 day, 18:46:07, time: 1.089, data_time: 0.021, memory: 37111, val/mIoU: 0.7469, val/IoU.building: 0.5876, val/IoU.background: 0.9062, val/Pseudo_mIoU: 0.8091, loss_mask: 0.2353, loss_texture: 0.0053, iou: 0.6309, iou_t0: 0.7735, iou_t1: 0.7857, iou_t2: 0.6015, iou_t3: 0.5452, iou_t4: 0.6079, iou_t5: 0.5140, loss: 0.2406
2026-05-05 06:39:09,402 - mmdet - INFO - Iter [1525/120000]	lr: 1.000e-04, eta: 1 day, 21:55:39, time: 7.171, data_time: 6.107, memory: 37111, loss_mask: 0.1926, loss_texture: 0.0049, iou: 0.6327, iou_t0: 0.6380, iou_t1: 0.6840, iou_t2: 0.5946, iou_t3: 0.6254, iou_t4: 0.5888, iou_t5: 0.5790, loss: 0.1975
2026-05-05 06:39:36,669 - mmdet - INFO - Iter [1550/120000]	lr: 1.000e-04, eta: 1 day, 21:45:22, time: 1.091, data_time: 0.021, memory: 37111, loss_mask: 0.1896, loss_texture: 0.0048, iou: 0.6393, iou_t0: 0.8083, iou_t1: 0.7673, iou_t2: 0.6844, iou_t3: 0.5724, iou_t4: 0.5400, iou_t5: 0.5847, loss: 0.1945
2026-05-05 06:40:04,007 - mmdet - INFO - Iter [1575/120000]	lr: 1.000e-04, eta: 1 day, 21:35:28, time: 1.093, data_time: 0.020, memory: 37111, loss_mask: 0.1826, loss_texture: 0.0047, iou: 0.6406, iou_t0: 0.8036, iou_t1: 0.6618, iou_t2: 0.6224, iou_t3: 0.5837, iou_t4: 0.6241, iou_t5: 0.5356, loss: 0.1873
2026-05-05 06:40:31,303 - mmdet - INFO - Iter [1600/120000]	lr: 1.000e-04, eta: 1 day, 21:25:50, time: 1.092, data_time: 0.020, memory: 37111, loss_mask: 0.1936, loss_texture: 0.0051, iou: 0.6650, iou_t0: 0.9070, iou_t1: 0.7175, iou_t2: 0.5708, iou_t3: 0.7065, iou_t4: 0.5720, iou_t5: 0.5508, loss: 0.1987
2026-05-05 06:40:58,646 - mmdet - INFO - Iter [1625/120000]	lr: 1.000e-04, eta: 1 day, 21:16:31, time: 1.094, data_time: 0.021, memory: 37111, loss_mask: 0.1493, loss_texture: 0.0046, iou: 0.6673, iou_t0: 0.8254, iou_t1: 0.7291, iou_t2: 0.6417, iou_t3: 0.6338, iou_t4: 0.6192, iou_t5: 0.6337, loss: 0.1539
2026-05-05 06:41:25,971 - mmdet - INFO - Iter [1650/120000]	lr: 1.000e-04, eta: 1 day, 21:07:28, time: 1.093, data_time: 0.020, memory: 37111, loss_mask: 0.1680, loss_texture: 0.0047, iou: 0.6655, iou_t0: 0.8121, iou_t1: 0.6763, iou_t2: 0.6093, iou_t3: 0.6515, iou_t4: 0.5940, iou_t5: 0.6260, loss: 0.1727
2026-05-05 06:41:53,289 - mmdet - INFO - Iter [1675/120000]	lr: 1.000e-04, eta: 1 day, 20:58:39, time: 1.093, data_time: 0.020, memory: 37111, loss_mask: 0.1568, loss_texture: 0.0048, iou: 0.6984, iou_t0: 0.8412, iou_t1: 0.7404, iou_t2: 0.6862, iou_t3: 0.7675, iou_t4: 0.6131, iou_t5: 0.6185, loss: 0.1616
2026-05-05 06:42:20,647 - mmdet - INFO - Iter [1700/120000]	lr: 1.000e-04, eta: 1 day, 20:50:08, time: 1.094, data_time: 0.020, memory: 37111, loss_mask: 0.2175, loss_texture: 0.0049, iou: 0.6501, iou_t0: 0.7907, iou_t1: 0.7061, iou_t2: 0.6158, iou_t3: 0.5610, iou_t4: 0.5357, iou_t5: 0.7041, loss: 0.2224
2026-05-05 06:42:47,880 - mmdet - INFO - Iter [1725/120000]	lr: 1.000e-04, eta: 1 day, 20:41:42, time: 1.089, data_time: 0.021, memory: 37111, loss_mask: 0.1981, loss_texture: 0.0046, iou: 0.6307, iou_t0: 0.8373, iou_t1: 0.6335, iou_t2: 0.5542, iou_t3: 0.6572, iou_t4: 0.5187, iou_t5: 0.5189, loss: 0.2026
2026-05-05 06:43:15,174 - mmdet - INFO - Iter [1750/120000]	lr: 1.000e-04, eta: 1 day, 20:33:35, time: 1.092, data_time: 0.021, memory: 37111, loss_mask: 0.2095, loss_texture: 0.0052, iou: 0.6380, iou_t0: 0.8288, iou_t1: 0.7200, iou_t2: 0.5915, iou_t3: 0.6132, iou_t4: 0.5063, iou_t5: 0.5901, loss: 0.2147
2026-05-05 06:43:42,344 - mmdet - INFO - Iter [1775/120000]	lr: 1.000e-04, eta: 1 day, 20:25:31, time: 1.087, data_time: 0.021, memory: 37111, loss_mask: 0.1601, loss_texture: 0.0044, iou: 0.6662, iou_t0: 0.7955, iou_t1: 0.6428, iou_t2: 0.5998, iou_t3: 0.7289, iou_t4: 0.7260, iou_t5: 0.5766, loss: 0.1645
2026-05-05 06:44:09,502 - mmdet - INFO - Iter [1800/120000]	lr: 1.000e-04, eta: 1 day, 20:17:40, time: 1.086, data_time: 0.021, memory: 37111, loss_mask: 0.1741, loss_texture: 0.0047, iou: 0.6680, iou_t0: 0.7509, iou_t1: 0.8209, iou_t2: 0.6022, iou_t3: 0.6185, iou_t4: 0.6896, iou_t5: 0.4792, loss: 0.1789
2026-05-05 06:44:36,628 - mmdet - INFO - Iter [1825/120000]	lr: 1.000e-04, eta: 1 day, 20:09:59, time: 1.085, data_time: 0.021, memory: 37111, loss_mask: 0.1422, loss_texture: 0.0042, iou: 0.6694, iou_t0: 0.7924, iou_t1: 0.7139, iou_t2: 0.5886, iou_t3: 0.6636, iou_t4: 0.5545, iou_t5: 0.6254, loss: 0.1464
2026-05-05 06:45:03,950 - mmdet - INFO - Iter [1850/120000]	lr: 1.000e-04, eta: 1 day, 20:02:42, time: 1.093, data_time: 0.021, memory: 37111, loss_mask: 0.2038, loss_texture: 0.0049, iou: 0.6522, iou_t0: 0.7271, iou_t1: 0.6450, iou_t2: 0.6483, iou_t3: 0.6982, iou_t4: 0.5675, iou_t5: 0.5157, loss: 0.2087
2026-05-05 06:45:31,290 - mmdet - INFO - Iter [1875/120000]	lr: 1.000e-04, eta: 1 day, 19:55:37, time: 1.094, data_time: 0.020, memory: 37111, loss_mask: 0.1606, loss_texture: 0.0043, iou: 0.6398, iou_t0: 0.7058, iou_t1: 0.6148, iou_t2: 0.6677, iou_t3: 0.6980, iou_t4: 0.5635, iou_t5: 0.6230, loss: 0.1649
2026-05-05 06:45:58,556 - mmdet - INFO - Iter [1900/120000]	lr: 1.000e-04, eta: 1 day, 19:48:38, time: 1.091, data_time: 0.020, memory: 37111, loss_mask: 0.1862, loss_texture: 0.0049, iou: 0.6325, iou_t0: 0.6201, iou_t1: 0.7343, iou_t2: 0.6083, iou_t3: 0.6364, iou_t4: 0.6524, iou_t5: 0.5535, loss: 0.1911
2026-05-05 06:46:25,770 - mmdet - INFO - Iter [1925/120000]	lr: 1.000e-04, eta: 1 day, 19:41:46, time: 1.089, data_time: 0.021, memory: 37111, loss_mask: 0.1498, loss_texture: 0.0040, iou: 0.6441, iou_t0: 0.6813, iou_t1: 0.7037, iou_t2: 0.6300, iou_t3: 0.6229, iou_t4: 0.6437, iou_t5: 0.5854, loss: 0.1538
2026-05-05 06:46:53,034 - mmdet - INFO - Iter [1950/120000]	lr: 1.000e-04, eta: 1 day, 19:35:07, time: 1.091, data_time: 0.020, memory: 37111, loss_mask: 0.1849, loss_texture: 0.0047, iou: 0.6609, iou_t0: 0.8381, iou_t1: 0.7196, iou_t2: 0.6491, iou_t3: 0.6368, iou_t4: 0.6519, iou_t5: 0.5347, loss: 0.1895
2026-05-05 06:47:20,373 - mmdet - INFO - Iter [1975/120000]	lr: 1.000e-04, eta: 1 day, 19:28:42, time: 1.094, data_time: 0.020, memory: 37111, loss_mask: 0.1759, loss_texture: 0.0049, iou: 0.6768, iou_t0: 0.7423, iou_t1: 0.7411, iou_t2: 0.7054, iou_t3: 0.6865, iou_t4: 0.6806, iou_t5: 0.4807, loss: 0.1808
2026-05-05 06:47:47,733 - mmdet - INFO - 
--- Val evaluation at iter 2000 ---
2026-05-05 06:50:19,051 - mmdet - INFO - 
+------------+-------------+-------------+
| Class      | Val IoU     | Pseudo IoU  |
+------------+-------------+-------------+
| background | 91.39       | 92.68       |
| building   | 62.99       | 69.14       |
| Summary    | mIoU: 77.19 | mIoU: 80.91 |
+------------+-------------+-------------+
Images evaluated: 218
2026-05-05 06:50:20,601 - mmdet - INFO - Exp name: exp8_all.py
2026-05-05 06:50:20,601 - mmdet - INFO - Iter [2000/120000]	lr: 1.000e-04, eta: 1 day, 19:22:27, time: 1.094, data_time: 0.021, memory: 37111, val/mIoU: 0.7719, val/IoU.building: 0.6299, val/IoU.background: 0.9139, val/Pseudo_mIoU: 0.8091, loss_mask: 0.1486, loss_texture: 0.0045, iou: 0.7130, iou_t0: 0.7166, iou_t1: 0.6821, iou_t2: 0.7152, iou_t3: 0.7592, iou_t4: 0.7303, iou_t5: 0.6673, loss: 0.1531
2026-05-05 06:50:47,921 - mmdet - INFO - Iter [2025/120000]	lr: 1.000e-04, eta: 1 day, 21:44:44, time: 7.208, data_time: 6.136, memory: 37111, loss_mask: 0.1145, loss_texture: 0.0041, iou: 0.6805, iou_t0: 0.6747, iou_t1: 0.7822, iou_t2: 0.6983, iou_t3: 0.7568, iou_t4: 0.6430, iou_t5: 0.6277, loss: 0.1186
2026-05-05 06:51:15,203 - mmdet - INFO - Iter [2050/120000]	lr: 1.000e-04, eta: 1 day, 21:36:51, time: 1.091, data_time: 0.021, memory: 37111, loss_mask: 0.1578, loss_texture: 0.0043, iou: 0.6740, iou_t0: 0.7747, iou_t1: 0.6939, iou_t2: 0.5928, iou_t3: 0.7209, iou_t4: 0.6523, iou_t5: 0.6728, loss: 0.1621
2026-05-05 06:51:42,415 - mmdet - INFO - Iter [2075/120000]	lr: 1.000e-04, eta: 1 day, 21:29:04, time: 1.088, data_time: 0.020, memory: 37111, loss_mask: 0.1486, loss_texture: 0.0044, iou: 0.6606, iou_t0: 0.7107, iou_t1: 0.7180, iou_t2: 0.6057, iou_t3: 0.6353, iou_t4: 0.7170, iou_t5: 0.4830, loss: 0.1530
2026-05-05 06:52:09,722 - mmdet - INFO - Iter [2100/120000]	lr: 1.000e-04, eta: 1 day, 21:21:34, time: 1.092, data_time: 0.021, memory: 37111, loss_mask: 0.2377, loss_texture: 0.0057, iou: 0.6711, iou_t0: 0.8058, iou_t1: 0.7554, iou_t2: 0.6403, iou_t3: 0.5702, iou_t4: 0.6010, iou_t5: 0.7112, loss: 0.2434
2026-05-05 06:52:37,096 - mmdet - INFO - Iter [2125/120000]	lr: 1.000e-04, eta: 1 day, 21:14:17, time: 1.095, data_time: 0.021, memory: 37111, loss_mask: 0.1723, loss_texture: 0.0045, iou: 0.6239, iou_t0: 0.6970, iou_t1: 0.7188, iou_t2: 0.6305, iou_t3: 0.6413, iou_t4: 0.5288, iou_t5: 0.5117, loss: 0.1768
2026-05-05 06:53:04,338 - mmdet - INFO - Iter [2150/120000]	lr: 1.000e-04, eta: 1 day, 21:07:02, time: 1.090, data_time: 0.020, memory: 37111, loss_mask: 0.1585, loss_texture: 0.0044, iou: 0.7003, iou_t0: 0.7036, iou_t1: 0.7333, iou_t2: 0.6696, iou_t3: 0.6848, iou_t4: 0.7092, iou_t5: 0.7263, loss: 0.1629
2026-05-05 06:53:31,642 - mmdet - INFO - Iter [2175/120000]	lr: 1.000e-04, eta: 1 day, 21:00:01, time: 1.092, data_time: 0.020, memory: 37111, loss_mask: 0.1377, loss_texture: 0.0044, iou: 0.6767, iou_t0: 0.8075, iou_t1: 0.7352, iou_t2: 0.6305, iou_t3: 0.6559, iou_t4: 0.6106, iou_t5: 0.6973, loss: 0.1421
2026-05-05 06:53:59,035 - mmdet - INFO - Iter [2200/120000]	lr: 1.000e-04, eta: 1 day, 20:53:12, time: 1.096, data_time: 0.021, memory: 37111, loss_mask: 0.1275, loss_texture: 0.0041, iou: 0.6699, iou_t0: 0.7280, iou_t1: 0.7225, iou_t2: 0.5464, iou_t3: 0.7076, iou_t4: 0.6925, iou_t5: 0.7139, loss: 0.1315
2026-05-05 06:54:26,457 - mmdet - INFO - Iter [2225/120000]	lr: 1.000e-04, eta: 1 day, 20:46:34, time: 1.097, data_time: 0.022, memory: 37111, loss_mask: 0.1590, loss_texture: 0.0044, iou: 0.6662, iou_t0: 0.6897, iou_t1: 0.7313, iou_t2: 0.6118, iou_t3: 0.6076, iou_t4: 0.6407, iou_t5: 0.6364, loss: 0.1634
2026-05-05 06:54:53,868 - mmdet - INFO - Iter [2250/120000]	lr: 1.000e-04, eta: 1 day, 20:40:04, time: 1.096, data_time: 0.022, memory: 37111, loss_mask: 0.1499, loss_texture: 0.0040, iou: 0.6520, iou_t0: 0.6845, iou_t1: 0.7007, iou_t2: 0.6447, iou_t3: 0.6571, iou_t4: 0.5997, iou_t5: 0.6677, loss: 0.1539
2026-05-05 06:55:21,227 - mmdet - INFO - Iter [2275/120000]	lr: 1.000e-04, eta: 1 day, 20:33:39, time: 1.094, data_time: 0.020, memory: 37111, loss_mask: 0.1535, loss_texture: 0.0039, iou: 0.6419, iou_t0: 0.8052, iou_t1: 0.6657, iou_t2: 0.6139, iou_t3: 0.5272, iou_t4: 0.6022, iou_t5: 0.6752, loss: 0.1574
2026-05-05 06:55:48,522 - mmdet - INFO - Iter [2300/120000]	lr: 1.000e-04, eta: 1 day, 20:27:18, time: 1.092, data_time: 0.021, memory: 37111, loss_mask: 0.1675, loss_texture: 0.0043, iou: 0.6471, iou_t0: 0.7078, iou_t1: 0.6601, iou_t2: 0.5484, iou_t3: 0.5917, iou_t4: 0.6479, iou_t5: 0.6017, loss: 0.1718
2026-05-05 06:56:15,878 - mmdet - INFO - Iter [2325/120000]	lr: 1.000e-04, eta: 1 day, 20:21:08, time: 1.094, data_time: 0.022, memory: 37111, loss_mask: 0.1570, loss_texture: 0.0045, iou: 0.6931, iou_t0: 0.7976, iou_t1: 0.7108, iou_t2: 0.6146, iou_t3: 0.6444, iou_t4: 0.7198, iou_t5: 0.6147, loss: 0.1614
2026-05-05 06:56:43,249 - mmdet - INFO - Iter [2350/120000]	lr: 1.000e-04, eta: 1 day, 20:15:06, time: 1.095, data_time: 0.022, memory: 37111, loss_mask: 0.1776, loss_texture: 0.0042, iou: 0.6455, iou_t0: 0.7617, iou_t1: 0.6514, iou_t2: 0.5800, iou_t3: 0.6715, iou_t4: 0.5730, iou_t5: 0.5794, loss: 0.1819
2026-05-05 06:57:10,716 - mmdet - INFO - Iter [2375/120000]	lr: 1.000e-04, eta: 1 day, 20:09:16, time: 1.099, data_time: 0.022, memory: 37111, loss_mask: 0.2158, loss_texture: 0.0049, iou: 0.6382, iou_t0: 0.8004, iou_t1: 0.6448, iou_t2: 0.5730, iou_t3: 0.6078, iou_t4: 0.5477, iou_t5: 0.5870, loss: 0.2207
2026-05-05 06:57:38,081 - mmdet - INFO - Iter [2400/120000]	lr: 1.000e-04, eta: 1 day, 20:03:28, time: 1.095, data_time: 0.021, memory: 37111, loss_mask: 0.1790, loss_texture: 0.0046, iou: 0.6512, iou_t0: 0.6957, iou_t1: 0.7516, iou_t2: 0.5929, iou_t3: 0.6334, iou_t4: 0.6743, iou_t5: 0.5837, loss: 0.1836
2026-05-05 06:58:05,426 - mmdet - INFO - Iter [2425/120000]	lr: 1.000e-04, eta: 1 day, 19:57:45, time: 1.094, data_time: 0.023, memory: 37111, loss_mask: 0.1564, loss_texture: 0.0045, iou: 0.6801, iou_t0: 0.8709, iou_t1: 0.5764, iou_t2: 0.6895, iou_t3: 0.6634, iou_t4: 0.6643, iou_t5: 0.6556, loss: 0.1609
2026-05-05 06:58:32,533 - mmdet - INFO - Iter [2450/120000]	lr: 1.000e-04, eta: 1 day, 19:51:58, time: 1.084, data_time: 0.020, memory: 37111, loss_mask: 0.1462, loss_texture: 0.0043, iou: 0.7069, iou_t0: 0.8231, iou_t1: 0.6656, iou_t2: 0.6466, iou_t3: 0.7754, iou_t4: 0.6303, iou_t5: 0.6726, loss: 0.1505
2026-05-05 06:58:59,634 - mmdet - INFO - Iter [2475/120000]	lr: 1.000e-04, eta: 1 day, 19:46:16, time: 1.084, data_time: 0.020, memory: 37111, loss_mask: 0.1469, loss_texture: 0.0042, iou: 0.6980, iou_t0: 0.8461, iou_t1: 0.6929, iou_t2: 0.6187, iou_t3: 0.6721, iou_t4: 0.6087, iou_t5: 0.6890, loss: 0.1511
2026-05-05 06:59:26,735 - mmdet - INFO - 
--- Val evaluation at iter 2500 ---
2026-05-05 07:01:57,028 - mmdet - INFO - 
+------------+-------------+-------------+
| Class      | Val IoU     | Pseudo IoU  |
+------------+-------------+-------------+
| background | 91.61       | 92.68       |
| building   | 66.42       | 69.14       |
| Summary    | mIoU: 79.01 | mIoU: 80.91 |
+------------+-------------+-------------+
Images evaluated: 218
2026-05-05 07:01:59,756 - mmdet - INFO - ★ New best mIoU: 79.01% (prev: 78.52%, Δ=+0.49%) → saved to /home/ubuntu/vy/Denoiser/SegRefiner/work_dirs/exp8_all/best_model.pth
2026-05-05 07:01:59,761 - mmdet - INFO - Iter [2500/120000]	lr: 1.000e-04, eta: 1 day, 19:40:41, time: 1.084, data_time: 0.021, memory: 37111, val/mIoU: 0.7901, val/IoU.building: 0.6642, val/IoU.background: 0.9161, val/Pseudo_mIoU: 0.8091, loss_mask: 0.1334, loss_texture: 0.0039, iou: 0.6907, iou_t0: 0.7908, iou_t1: 0.7423, iou_t2: 0.6491, iou_t3: 0.6999, iou_t4: 0.6438, iou_t5: 0.6085, loss: 0.1372
2026-05-05 07:02:26,970 - mmdet - INFO - Iter [2525/120000]	lr: 1.000e-04, eta: 1 day, 21:33:56, time: 7.209, data_time: 6.143, memory: 37111, loss_mask: 0.2461, loss_texture: 0.0055, iou: 0.6318, iou_t0: 0.7235, iou_t1: 0.7068, iou_t2: 0.6155, iou_t3: 0.6732, iou_t4: 0.4896, iou_t5: 0.5693, loss: 0.2516
2026-05-05 07:02:54,111 - mmdet - INFO - Iter [2550/120000]	lr: 1.000e-04, eta: 1 day, 21:27:24, time: 1.086, data_time: 0.020, memory: 37111, loss_mask: 0.1685, loss_texture: 0.0045, iou: 0.6547, iou_t0: 0.8075, iou_t1: 0.6664, iou_t2: 0.6488, iou_t3: 0.6098, iou_t4: 0.5926, iou_t5: 0.6008, loss: 0.1730
2026-05-05 07:03:21,271 - mmdet - INFO - Iter [2575/120000]	lr: 1.000e-04, eta: 1 day, 21:20:59, time: 1.086, data_time: 0.021, memory: 37111, loss_mask: 0.1821, loss_texture: 0.0042, iou: 0.6455, iou_t0: 0.6832, iou_t1: 0.6309, iou_t2: 0.6016, iou_t3: 0.6620, iou_t4: 0.6167, iou_t5: 0.6334, loss: 0.1863
2026-05-05 07:03:48,437 - mmdet - INFO - Iter [2600/120000]	lr: 1.000e-04, eta: 1 day, 21:14:41, time: 1.087, data_time: 0.020, memory: 37111, loss_mask: 0.2644, loss_texture: 0.0056, iou: 0.6330, iou_t0: 0.7906, iou_t1: 0.7361, iou_t2: 0.4979, iou_t3: 0.6075, iou_t4: 0.6104, iou_t5: 0.5242, loss: 0.2700
2026-05-05 07:04:15,658 - mmdet - INFO - Iter [2625/120000]	lr: 1.000e-04, eta: 1 day, 21:08:33, time: 1.089, data_time: 0.021, memory: 37111, loss_mask: 0.1573, loss_texture: 0.0042, iou: 0.6486, iou_t0: 0.7826, iou_t1: 0.7735, iou_t2: 0.6296, iou_t3: 0.5748, iou_t4: 0.5334, iou_t5: 0.6139, loss: 0.1615
2026-05-05 07:04:42,963 - mmdet - INFO - Iter [2650/120000]	lr: 1.000e-04, eta: 1 day, 21:02:35, time: 1.092, data_time: 0.020, memory: 37111, loss_mask: 0.1213, loss_texture: 0.0039, iou: 0.6657, iou_t0: 0.7457, iou_t1: 0.7093, iou_t2: 0.6412, iou_t3: 0.6126, iou_t4: 0.6410, iou_t5: 0.5587, loss: 0.1252
2026-05-05 07:05:10,279 - mmdet - INFO - Iter [2675/120000]	lr: 1.000e-04, eta: 1 day, 20:56:43, time: 1.093, data_time: 0.020, memory: 37111, loss_mask: 0.1269, loss_texture: 0.0042, iou: 0.6935, iou_t0: 0.6873, iou_t1: 0.7753, iou_t2: 0.6791, iou_t3: 0.7346, iou_t4: 0.5972, iou_t5: 0.6775, loss: 0.1311
2026-05-05 07:05:37,646 - mmdet - INFO - Iter [2700/120000]	lr: 1.000e-04, eta: 1 day, 20:51:00, time: 1.095, data_time: 0.020, memory: 37111, loss_mask: 0.1379, loss_texture: 0.0040, iou: 0.6805, iou_t0: 0.7068, iou_t1: 0.7285, iou_t2: 0.6382, iou_t3: 0.7418, iou_t4: 0.6995, iou_t5: 0.6562, loss: 0.1419
2026-05-05 07:06:04,980 - mmdet - INFO - Iter [2725/120000]	lr: 1.000e-04, eta: 1 day, 20:45:21, time: 1.093, data_time: 0.021, memory: 37111, loss_mask: 0.1894, loss_texture: 0.0043, iou: 0.6650, iou_t0: 0.7624, iou_t1: 0.6625, iou_t2: 0.7148, iou_t3: 0.6921, iou_t4: 0.5635, iou_t5: 0.6122, loss: 0.1937
2026-05-05 07:06:32,198 - mmdet - INFO - Iter [2750/120000]	lr: 1.000e-04, eta: 1 day, 20:39:42, time: 1.089, data_time: 0.020, memory: 37111, loss_mask: 0.1518, loss_texture: 0.0041, iou: 0.6663, iou_t0: 0.7789, iou_t1: 0.7249, iou_t2: 0.5835, iou_t3: 0.6811, iou_t4: 0.5896, iou_t5: 0.5777, loss: 0.1558
2026-05-05 07:06:59,500 - mmdet - INFO - Iter [2775/120000]	lr: 1.000e-04, eta: 1 day, 20:34:13, time: 1.092, data_time: 0.021, memory: 37111, loss_mask: 0.1500, loss_texture: 0.0040, iou: 0.6804, iou_t0: 0.7128, iou_t1: 0.6504, iou_t2: 0.6857, iou_t3: 0.7430, iou_t4: 0.7010, iou_t5: 0.6256, loss: 0.1540
2026-05-05 07:07:26,744 - mmdet - INFO - Iter [2800/120000]	lr: 1.000e-04, eta: 1 day, 20:28:47, time: 1.090, data_time: 0.021, memory: 37111, loss_mask: 0.1556, loss_texture: 0.0044, iou: 0.6761, iou_t0: 0.7613, iou_t1: 0.7267, iou_t2: 0.6181, iou_t3: 0.6475, iou_t4: 0.6623, iou_t5: 0.6082, loss: 0.1599
2026-05-05 07:07:54,064 - mmdet - INFO - Iter [2825/120000]	lr: 1.000e-04, eta: 1 day, 20:23:29, time: 1.093, data_time: 0.021, memory: 37111, loss_mask: 0.1290, loss_texture: 0.0041, iou: 0.7091, iou_t0: 0.8749, iou_t1: 0.7259, iou_t2: 0.5945, iou_t3: 0.6887, iou_t4: 0.7049, iou_t5: 0.5538, loss: 0.1331
2026-05-05 07:08:21,393 - mmdet - INFO - Iter [2850/120000]	lr: 1.000e-04, eta: 1 day, 20:18:17, time: 1.093, data_time: 0.020, memory: 37111, loss_mask: 0.1180, loss_texture: 0.0039, iou: 0.6666, iou_t0: 0.6921, iou_t1: 0.6837, iou_t2: 0.6665, iou_t3: 0.6380, iou_t4: 0.6582, iou_t5: 0.6198, loss: 0.1219
2026-05-05 07:08:48,597 - mmdet - INFO - Iter [2875/120000]	lr: 1.000e-04, eta: 1 day, 20:13:04, time: 1.088, data_time: 0.020, memory: 37111, loss_mask: 0.1158, loss_texture: 0.0040, iou: 0.6851, iou_t0: 0.7278, iou_t1: 0.7186, iou_t2: 0.6324, iou_t3: 0.6439, iou_t4: 0.7350, iou_t5: 0.6444, loss: 0.1197
2026-05-05 07:09:15,815 - mmdet - INFO - Iter [2900/120000]	lr: 1.000e-04, eta: 1 day, 20:07:57, time: 1.089, data_time: 0.020, memory: 37111, loss_mask: 0.1055, loss_texture: 0.0038, iou: 0.7124, iou_t0: 0.7364, iou_t1: 0.7792, iou_t2: 0.6992, iou_t3: 0.7402, iou_t4: 0.7080, iou_t5: 0.6258, loss: 0.1093
2026-05-05 07:09:43,154 - mmdet - INFO - Iter [2925/120000]	lr: 1.000e-04, eta: 1 day, 20:03:00, time: 1.094, data_time: 0.021, memory: 37111, loss_mask: 0.1001, loss_texture: 0.0035, iou: 0.7261, iou_t0: 0.8525, iou_t1: 0.7213, iou_t2: 0.5899, iou_t3: 0.7850, iou_t4: 0.7216, iou_t5: 0.6320, loss: 0.1036
2026-05-05 07:10:10,519 - mmdet - INFO - Iter [2950/120000]	lr: 1.000e-04, eta: 1 day, 19:58:09, time: 1.095, data_time: 0.020, memory: 37111, loss_mask: 0.1426, loss_texture: 0.0041, iou: 0.7026, iou_t0: 0.8046, iou_t1: 0.6994, iou_t2: 0.6676, iou_t3: 0.7142, iou_t4: 0.7790, iou_t5: 0.5814, loss: 0.1467
2026-05-05 07:10:37,875 - mmdet - INFO - Iter [2975/120000]	lr: 1.000e-04, eta: 1 day, 19:53:21, time: 1.094, data_time: 0.020, memory: 37111, loss_mask: 0.1328, loss_texture: 0.0038, iou: 0.6645, iou_t0: 0.7197, iou_t1: 0.6999, iou_t2: 0.6331, iou_t3: 0.7471, iou_t4: 0.5885, iou_t5: 0.5895, loss: 0.1366
2026-05-05 07:11:05,227 - mmdet - INFO - 
--- Val evaluation at iter 3000 ---
2026-05-05 07:13:35,609 - mmdet - INFO - 
+------------+-------------+-------------+
| Class      | Val IoU     | Pseudo IoU  |
+------------+-------------+-------------+
| background | 91.71       | 92.68       |
| building   | 65.39       | 69.14       |
| Summary    | mIoU: 78.55 | mIoU: 80.91 |
+------------+-------------+-------------+
Images evaluated: 218
2026-05-05 07:13:37,152 - mmdet - INFO - Exp name: exp8_all.py
2026-05-05 07:13:37,153 - mmdet - INFO - Iter [3000/120000]	lr: 1.000e-04, eta: 1 day, 19:48:37, time: 1.094, data_time: 0.020, memory: 37111, val/mIoU: 0.7855, val/IoU.building: 0.6539, val/IoU.background: 0.9171, val/Pseudo_mIoU: 0.8091, loss_mask: 0.1080, loss_texture: 0.0037, iou: 0.6923, iou_t0: 0.7490, iou_t1: 0.8002, iou_t2: 0.5602, iou_t3: 0.7152, iou_t4: 0.7023, iou_t5: 0.6763, loss: 0.1117
2026-05-05 07:14:04,337 - mmdet - INFO - Iter [3025/120000]	lr: 1.000e-04, eta: 1 day, 21:21:47, time: 7.164, data_time: 6.098, memory: 37111, loss_mask: 0.1415, loss_texture: 0.0042, iou: 0.6938, iou_t0: 0.7315, iou_t1: 0.6929, iou_t2: 0.6972, iou_t3: 0.6988, iou_t4: 0.7004, iou_t5: 0.6363, loss: 0.1457
2026-05-05 07:14:31,500 - mmdet - INFO - Iter [3050/120000]	lr: 1.000e-04, eta: 1 day, 21:16:15, time: 1.087, data_time: 0.020, memory: 37111, loss_mask: 0.1303, loss_texture: 0.0036, iou: 0.7017, iou_t0: 0.7872, iou_t1: 0.7408, iou_t2: 0.5210, iou_t3: 0.6820, iou_t4: 0.7070, iou_t5: 0.7243, loss: 0.1339
2026-05-05 07:14:58,763 - mmdet - INFO - Iter [3075/120000]	lr: 1.000e-04, eta: 1 day, 21:10:52, time: 1.091, data_time: 0.020, memory: 37111, loss_mask: 0.0905, loss_texture: 0.0030, iou: 0.6596, iou_t0: 0.8250, iou_t1: 0.6328, iou_t2: 0.5763, iou_t3: 0.6664, iou_t4: 0.5749, iou_t5: 0.6416, loss: 0.0936
2026-05-05 07:15:26,078 - mmdet - INFO - Iter [3100/120000]	lr: 1.000e-04, eta: 1 day, 21:05:36, time: 1.093, data_time: 0.020, memory: 37111, loss_mask: 0.2561, loss_texture: 0.0052, iou: 0.6335, iou_t0: 0.7599, iou_t1: 0.7520, iou_t2: 0.5792, iou_t3: 0.5888, iou_t4: 0.5553, iou_t5: 0.5567, loss: 0.2613
2026-05-05 07:15:53,419 - mmdet - INFO - Iter [3125/120000]	lr: 1.000e-04, eta: 1 day, 21:00:25, time: 1.094, data_time: 0.021, memory: 37111, loss_mask: 0.1922, loss_texture: 0.0047, iou: 0.6550, iou_t0: 0.7054, iou_t1: 0.7218, iou_t2: 0.6388, iou_t3: 0.6139, iou_t4: 0.5246, iou_t5: 0.7204, loss: 0.1970
2026-05-05 07:16:20,750 - mmdet - INFO - Iter [3150/120000]	lr: 1.000e-04, eta: 1 day, 20:55:19, time: 1.093, data_time: 0.020, memory: 37111, loss_mask: 0.1536, loss_texture: 0.0045, iou: 0.7136, iou_t0: 0.8364, iou_t1: 0.6703, iou_t2: 0.6978, iou_t3: 0.7201, iou_t4: 0.6957, iou_t5: 0.6435, loss: 0.1580
2026-05-05 07:16:47,963 - mmdet - INFO - Iter [3175/120000]	lr: 1.000e-04, eta: 1 day, 20:50:12, time: 1.089, data_time: 0.020, memory: 37111, loss_mask: 0.1457, loss_texture: 0.0040, iou: 0.6727, iou_t0: 0.7021, iou_t1: 0.6856, iou_t2: 0.6334, iou_t3: 0.7086, iou_t4: 0.6675, iou_t5: 0.6726, loss: 0.1497
2026-05-05 07:17:15,263 - mmdet - INFO - Iter [3200/120000]	lr: 1.000e-04, eta: 1 day, 20:45:14, time: 1.092, data_time: 0.020, memory: 37111, loss_mask: 0.1577, loss_texture: 0.0037, iou: 0.6697, iou_t0: 0.7760, iou_t1: 0.7773, iou_t2: 0.6146, iou_t3: 0.6199, iou_t4: 0.6170, iou_t5: 0.5749, loss: 0.1613
2026-05-05 07:17:42,642 - mmdet - INFO - Iter [3225/120000]	lr: 1.000e-04, eta: 1 day, 20:40:22, time: 1.095, data_time: 0.021, memory: 37111, loss_mask: 0.1325, loss_texture: 0.0041, iou: 0.7026, iou_t0: 0.8293, iou_t1: 0.7519, iou_t2: 0.5859, iou_t3: 0.7161, iou_t4: 0.6569, iou_t5: 0.6704, loss: 0.1365
2026-05-05 07:18:09,889 - mmdet - INFO - Iter [3250/120000]	lr: 1.000e-04, eta: 1 day, 20:35:29, time: 1.090, data_time: 0.020, memory: 37111, loss_mask: 0.1055, loss_texture: 0.0035, iou: 0.6669, iou_t0: 0.6972, iou_t1: 0.6750, iou_t2: 0.5808, iou_t3: 0.6213, iou_t4: 0.7242, iou_t5: 0.6348, loss: 0.1090
2026-05-05 07:18:37,065 - mmdet - INFO - Iter [3275/120000]	lr: 1.000e-04, eta: 1 day, 20:30:38, time: 1.087, data_time: 0.020, memory: 37111, loss_mask: 0.1513, loss_texture: 0.0039, iou: 0.6663, iou_t0: 0.7516, iou_t1: 0.7454, iou_t2: 0.5863, iou_t3: 0.7007, iou_t4: 0.5815, iou_t5: 0.6608, loss: 0.1552
2026-05-05 07:19:04,418 - mmdet - INFO - Iter [3300/120000]	lr: 1.000e-04, eta: 1 day, 20:25:58, time: 1.094, data_time: 0.021, memory: 37111, loss_mask: 0.1075, loss_texture: 0.0036, iou: 0.6869, iou_t0: 0.6877, iou_t1: 0.7786, iou_t2: 0.6491, iou_t3: 0.7427, iou_t4: 0.5623, iou_t5: 0.6733, loss: 0.1111
2026-05-05 07:19:31,799 - mmdet - INFO - Iter [3325/120000]	lr: 1.000e-04, eta: 1 day, 20:21:22, time: 1.095, data_time: 0.021, memory: 37111, loss_mask: 0.1074, loss_texture: 0.0036, iou: 0.7014, iou_t0: 0.7517, iou_t1: 0.8076, iou_t2: 0.6774, iou_t3: 0.6491, iou_t4: 0.7543, iou_t5: 0.6113, loss: 0.1111
2026-05-05 07:19:59,205 - mmdet - INFO - Iter [3350/120000]	lr: 1.000e-04, eta: 1 day, 20:16:50, time: 1.096, data_time: 0.020, memory: 37111, loss_mask: 0.1020, loss_texture: 0.0035, iou: 0.6988, iou_t0: 0.7567, iou_t1: 0.7640, iou_t2: 0.5915, iou_t3: 0.6477, iou_t4: 0.7247, iou_t5: 0.6655, loss: 0.1055
2026-05-05 07:20:26,467 - mmdet - INFO - Iter [3375/120000]	lr: 1.000e-04, eta: 1 day, 20:12:18, time: 1.090, data_time: 0.020, memory: 37111, loss_mask: 0.0947, loss_texture: 0.0032, iou: 0.6952, iou_t0: 0.7754, iou_t1: 0.7056, iou_t2: 0.5907, iou_t3: 0.7222, iou_t4: 0.7232, iou_t5: 0.5879, loss: 0.0979
2026-05-05 07:20:53,753 - mmdet - INFO - Iter [3400/120000]	lr: 1.000e-04, eta: 1 day, 20:07:50, time: 1.091, data_time: 0.020, memory: 37111, loss_mask: 0.1313, loss_texture: 0.0041, iou: 0.7068, iou_t0: 0.6293, iou_t1: 0.8227, iou_t2: 0.6155, iou_t3: 0.7649, iou_t4: 0.6481, iou_t5: 0.7387, loss: 0.1354
2026-05-05 07:21:21,080 - mmdet - INFO - Iter [3425/120000]	lr: 1.000e-04, eta: 1 day, 20:03:26, time: 1.093, data_time: 0.021, memory: 37111, loss_mask: 0.1352, loss_texture: 0.0036, iou: 0.6862, iou_t0: 0.7161, iou_t1: 0.7811, iou_t2: 0.5569, iou_t3: 0.5893, iou_t4: 0.7053, iou_t5: 0.6343, loss: 0.1388
2026-05-05 07:21:48,433 - mmdet - INFO - Iter [3450/120000]	lr: 1.000e-04, eta: 1 day, 19:59:07, time: 1.094, data_time: 0.020, memory: 37111, loss_mask: 0.1197, loss_texture: 0.0041, iou: 0.7075, iou_t0: 0.7545, iou_t1: 0.7237, iou_t2: 0.6536, iou_t3: 0.6139, iou_t4: 0.6769, iou_t5: 0.6642, loss: 0.1238
2026-05-05 07:22:15,769 - mmdet - INFO - Iter [3475/120000]	lr: 1.000e-04, eta: 1 day, 19:54:51, time: 1.093, data_time: 0.020, memory: 37111, loss_mask: 0.1231, loss_texture: 0.0038, iou: 0.7063, iou_t0: 0.7714, iou_t1: 0.7075, iou_t2: 0.6831, iou_t3: 0.7390, iou_t4: 0.6905, iou_t5: 0.6927, loss: 0.1269
2026-05-05 07:22:43,150 - mmdet - INFO - 
--- Val evaluation at iter 3500 ---
2026-05-05 07:25:10,999 - mmdet - INFO - 
+------------+-------------+-------------+
| Class      | Val IoU     | Pseudo IoU  |
+------------+-------------+-------------+
| background | 91.53       | 92.68       |
| building   | 64.96       | 69.14       |
| Summary    | mIoU: 78.24 | mIoU: 80.91 |
+------------+-------------+-------------+
Images evaluated: 218
2026-05-05 07:25:12,474 - mmdet - INFO - Iter [3500/120000]	lr: 1.000e-04, eta: 1 day, 19:50:39, time: 1.095, data_time: 0.020, memory: 37111, val/mIoU: 0.7824, val/IoU.building: 0.6496, val/IoU.background: 0.9153, val/Pseudo_mIoU: 0.8091, loss_mask: 0.0971, loss_texture: 0.0035, iou: 0.7015, iou_t0: 0.7038, iou_t1: 0.7471, iou_t2: 0.6452, iou_t3: 0.7177, iou_t4: 0.7021, iou_t5: 0.7747, loss: 0.1006
2026-05-05 07:25:39,692 - mmdet - INFO - Iter [3525/120000]	lr: 1.000e-04, eta: 1 day, 21:08:40, time: 7.062, data_time: 5.994, memory: 37111, loss_mask: 0.1202, loss_texture: 0.0037, iou: 0.6971, iou_t0: 0.8214, iou_t1: 0.7342, iou_t2: 0.6715, iou_t3: 0.6320, iou_t4: 0.6919, iou_t5: 0.6440, loss: 0.1239
2026-05-05 07:26:06,820 - mmdet - INFO - Iter [3550/120000]	lr: 1.000e-04, eta: 1 day, 21:03:50, time: 1.085, data_time: 0.020, memory: 37111, loss_mask: 0.1114, loss_texture: 0.0039, iou: 0.6864, iou_t0: 0.7716, iou_t1: 0.7218, iou_t2: 0.6159, iou_t3: 0.6396, iou_t4: 0.7303, iou_t5: 0.7029, loss: 0.1153
2026-05-05 07:26:34,029 - mmdet - INFO - Iter [3575/120000]	lr: 1.000e-04, eta: 1 day, 20:59:07, time: 1.088, data_time: 0.021, memory: 37111, loss_mask: 0.1177, loss_texture: 0.0033, iou: 0.6940, iou_t0: 0.6639, iou_t1: 0.8393, iou_t2: 0.6506, iou_t3: 0.6839, iou_t4: 0.6835, iou_t5: 0.6763, loss: 0.1210
2026-05-05 07:27:01,172 - mmdet - INFO - Iter [3600/120000]	lr: 1.000e-04, eta: 1 day, 20:54:26, time: 1.086, data_time: 0.020, memory: 37111, loss_mask: 0.0878, loss_texture: 0.0031, iou: 0.6981, iou_t0: 0.7839, iou_t1: 0.6842, iou_t2: 0.5652, iou_t3: 0.7118, iou_t4: 0.6959, iou_t5: 0.6639, loss: 0.0908
2026-05-05 07:27:28,414 - mmdet - INFO - Iter [3625/120000]	lr: 1.000e-04, eta: 1 day, 20:49:51, time: 1.090, data_time: 0.021, memory: 37111, loss_mask: 0.0974, loss_texture: 0.0035, iou: 0.6947, iou_t0: 0.7923, iou_t1: 0.7821, iou_t2: 0.6424, iou_t3: 0.6187, iou_t4: 0.7250, iou_t5: 0.6115, loss: 0.1009
2026-05-05 07:27:55,744 - mmdet - INFO - Iter [3650/120000]	lr: 1.000e-04, eta: 1 day, 20:45:22, time: 1.093, data_time: 0.020, memory: 37111, loss_mask: 0.1099, loss_texture: 0.0035, iou: 0.6865, iou_t0: 0.7590, iou_t1: 0.6947, iou_t2: 0.6765, iou_t3: 0.6400, iou_t4: 0.7239, iou_t5: 0.6393, loss: 0.1135
2026-05-05 07:28:22,905 - mmdet - INFO - Iter [3675/120000]	lr: 1.000e-04, eta: 1 day, 20:40:52, time: 1.086, data_time: 0.020, memory: 37111, loss_mask: 0.0923, loss_texture: 0.0032, iou: 0.7125, iou_t0: 0.7844, iou_t1: 0.7525, iou_t2: 0.6894, iou_t3: 0.7428, iou_t4: 0.5923, iou_t5: 0.7142, loss: 0.0955
2026-05-05 07:28:50,079 - mmdet - INFO - Iter [3700/120000]	lr: 1.000e-04, eta: 1 day, 20:36:25, time: 1.087, data_time: 0.020, memory: 37111, loss_mask: 0.1106, loss_texture: 0.0034, iou: 0.6893, iou_t0: 0.6911, iou_t1: 0.7266, iou_t2: 0.6472, iou_t3: 0.6449, iou_t4: 0.6864, iou_t5: 0.7381, loss: 0.1140
2026-05-05 07:29:17,238 - mmdet - INFO - Iter [3725/120000]	lr: 1.000e-04, eta: 1 day, 20:32:00, time: 1.086, data_time: 0.021, memory: 37111, loss_mask: 0.1202, loss_texture: 0.0037, iou: 0.6970, iou_t0: 0.7395, iou_t1: 0.7429, iou_t2: 0.6859, iou_t3: 0.7055, iou_t4: 0.6451, iou_t5: 0.6843, loss: 0.1239
2026-05-05 07:29:44,420 - mmdet - INFO - Iter [3750/120000]	lr: 1.000e-04, eta: 1 day, 20:27:40, time: 1.087, data_time: 0.020, memory: 37111, loss_mask: 0.1423, loss_texture: 0.0039, iou: 0.6943, iou_t0: 0.7025, iou_t1: 0.7787, iou_t2: 0.5904, iou_t3: 0.6579, iou_t4: 0.7003, iou_t5: 0.7324, loss: 0.1462
2026-05-05 07:30:11,596 - mmdet - INFO - Iter [3775/120000]	lr: 1.000e-04, eta: 1 day, 20:23:22, time: 1.087, data_time: 0.020, memory: 37111, loss_mask: 0.1183, loss_texture: 0.0035, iou: 0.6783, iou_t0: 0.7435, iou_t1: 0.7874, iou_t2: 0.5992, iou_t3: 0.7153, iou_t4: 0.5681, iou_t5: 0.6105, loss: 0.1218
2026-05-05 07:30:38,931 - mmdet - INFO - Iter [3800/120000]	lr: 1.000e-04, eta: 1 day, 20:19:13, time: 1.093, data_time: 0.020, memory: 37111, loss_mask: 0.0918, loss_texture: 0.0033, iou: 0.7067, iou_t0: 0.7398, iou_t1: 0.7528, iou_t2: 0.5918, iou_t3: 0.7205, iou_t4: 0.6854, iou_t5: 0.6970, loss: 0.0951
2026-05-05 07:31:06,396 - mmdet - INFO - Iter [3825/120000]	lr: 1.000e-04, eta: 1 day, 20:15:10, time: 1.099, data_time: 0.021, memory: 37111, loss_mask: 0.1020, loss_texture: 0.0036, iou: 0.6933, iou_t0: 0.8119, iou_t1: 0.7155, iou_t2: 0.6933, iou_t3: 0.7291, iou_t4: 0.5462, iou_t5: 0.6902, loss: 0.1056
2026-05-05 07:31:33,787 - mmdet - INFO - Iter [3850/120000]	lr: 1.000e-04, eta: 1 day, 20:11:08, time: 1.096, data_time: 0.020, memory: 37111, loss_mask: 0.0930, loss_texture: 0.0031, iou: 0.7258, iou_t0: 0.8038, iou_t1: 0.7749, iou_t2: 0.6693, iou_t3: 0.6091, iou_t4: 0.7692, iou_t5: 0.7192, loss: 0.0961
2026-05-05 07:32:01,100 - mmdet - INFO - Iter [3875/120000]	lr: 1.000e-04, eta: 1 day, 20:07:06, time: 1.092, data_time: 0.020, memory: 37111, loss_mask: 0.0922, loss_texture: 0.0034, iou: 0.7411, iou_t0: 0.7423, iou_t1: 0.7915, iou_t2: 0.7010, iou_t3: 0.8311, iou_t4: 0.6483, iou_t5: 0.7022, loss: 0.0957
2026-05-05 07:32:28,388 - mmdet - INFO - Iter [3900/120000]	lr: 1.000e-04, eta: 1 day, 20:03:06, time: 1.092, data_time: 0.020, memory: 37111, loss_mask: 0.1076, loss_texture: 0.0036, iou: 0.6882, iou_t0: 0.7128, iou_t1: 0.7718, iou_t2: 0.6118, iou_t3: 0.6948, iou_t4: 0.6333, iou_t5: 0.6921, loss: 0.1113
2026-05-05 07:32:55,755 - mmdet - INFO - Iter [3925/120000]	lr: 1.000e-04, eta: 1 day, 19:59:12, time: 1.095, data_time: 0.021, memory: 37111, loss_mask: 0.0913, loss_texture: 0.0032, iou: 0.6977, iou_t0: 0.8209, iou_t1: 0.7082, iou_t2: 0.7104, iou_t3: 0.7288, iou_t4: 0.6589, iou_t5: 0.6734, loss: 0.0945
2026-05-05 07:33:22,991 - mmdet - INFO - Iter [3950/120000]	lr: 1.000e-04, eta: 1 day, 19:55:16, time: 1.089, data_time: 0.020, memory: 37111, loss_mask: 0.1048, loss_texture: 0.0034, iou: 0.6885, iou_t0: 0.7290, iou_t1: 0.7248, iou_t2: 0.5997, iou_t3: 0.7698, iou_t4: 0.7321, iou_t5: 0.6008, loss: 0.1082
2026-05-05 07:33:50,121 - mmdet - INFO - Iter [3975/120000]	lr: 1.000e-04, eta: 1 day, 19:51:19, time: 1.085, data_time: 0.020, memory: 37111, loss_mask: 0.1310, loss_texture: 0.0039, iou: 0.7207, iou_t0: 0.7587, iou_t1: 0.6825, iou_t2: 0.6621, iou_t3: 0.7223, iou_t4: 0.7377, iou_t5: 0.7035, loss: 0.1349
2026-05-05 07:34:17,430 - mmdet - INFO - 
--- Val evaluation at iter 4000 ---
2026-05-05 07:36:47,222 - mmdet - INFO - 
+------------+-------------+-------------+
| Class      | Val IoU     | Pseudo IoU  |
+------------+-------------+-------------+
| background | 91.88       | 92.68       |
| building   | 65.82       | 69.14       |
| Summary    | mIoU: 78.85 | mIoU: 80.91 |
+------------+-------------+-------------+
Images evaluated: 218
2026-05-05 07:36:48,583 - mmdet - INFO - Exp name: exp8_all.py
2026-05-05 07:36:48,583 - mmdet - INFO - Iter [4000/120000]	lr: 1.000e-04, eta: 1 day, 19:47:31, time: 1.092, data_time: 0.022, memory: 37111, val/mIoU: 0.7885, val/IoU.building: 0.6582, val/IoU.background: 0.9188, val/Pseudo_mIoU: 0.8091, loss_mask: 0.1095, loss_texture: 0.0036, iou: 0.6937, iou_t0: 0.6474, iou_t1: 0.7683, iou_t2: 0.5594, iou_t3: 0.6704, iou_t4: 0.7696, iou_t5: 0.6777, loss: 0.1131
2026-05-05 07:37:16,044 - mmdet - INFO - Iter [4025/120000]	lr: 1.000e-04, eta: 1 day, 20:56:24, time: 7.145, data_time: 6.068, memory: 37111, loss_mask: 0.1080, loss_texture: 0.0033, iou: 0.6971, iou_t0: 0.7661, iou_t1: 0.7713, iou_t2: 0.6473, iou_t3: 0.6499, iou_t4: 0.6784, iou_t5: 0.7791, loss: 0.1113
2026-05-05 07:37:43,367 - mmdet - INFO - Iter [4050/120000]	lr: 1.000e-04, eta: 1 day, 20:52:13, time: 1.093, data_time: 0.022, memory: 37111, loss_mask: 0.0958, loss_texture: 0.0033, iou: 0.6789, iou_t0: 0.7930, iou_t1: 0.7222, iou_t2: 0.6488, iou_t3: 0.6234, iou_t4: 0.6430, iou_t5: 0.7238, loss: 0.0991
2026-05-05 07:38:10,691 - mmdet - INFO - Iter [4075/120000]	lr: 1.000e-04, eta: 1 day, 20:48:05, time: 1.093, data_time: 0.020, memory: 37111, loss_mask: 0.1469, loss_texture: 0.0039, iou: 0.6910, iou_t0: 0.6722, iou_t1: 0.7500, iou_t2: 0.7624, iou_t3: 0.6300, iou_t4: 0.6974, iou_t5: 0.7112, loss: 0.1508
2026-05-05 07:38:38,072 - mmdet - INFO - Iter [4100/120000]	lr: 1.000e-04, eta: 1 day, 20:44:01, time: 1.095, data_time: 0.020, memory: 37111, loss_mask: 0.1172, loss_texture: 0.0035, iou: 0.7193, iou_t0: 0.7631, iou_t1: 0.7408, iou_t2: 0.6406, iou_t3: 0.7119, iou_t4: 0.5938, iou_t5: 0.7653, loss: 0.1207
2026-05-05 07:39:05,230 - mmdet - INFO - Iter [4125/120000]	lr: 1.000e-04, eta: 1 day, 20:39:53, time: 1.086, data_time: 0.021, memory: 37111, loss_mask: 0.0928, loss_texture: 0.0032, iou: 0.6822, iou_t0: 0.6940, iou_t1: 0.7558, iou_t2: 0.5645, iou_t3: 0.7373, iou_t4: 0.6737, iou_t5: 0.6758, loss: 0.0960
2026-05-05 07:39:32,314 - mmdet - INFO - Iter [4150/120000]	lr: 1.000e-04, eta: 1 day, 20:35:46, time: 1.083, data_time: 0.020, memory: 37111, loss_mask: 0.1155, loss_texture: 0.0034, iou: 0.6636, iou_t0: 0.8452, iou_t1: 0.7158, iou_t2: 0.6384, iou_t3: 0.6468, iou_t4: 0.6079, iou_t5: 0.5780, loss: 0.1189
2026-05-05 07:39:59,430 - mmdet - INFO - Iter [4175/120000]	lr: 1.000e-04, eta: 1 day, 20:31:43, time: 1.085, data_time: 0.020, memory: 37111, loss_mask: 0.1216, loss_texture: 0.0037, iou: 0.7131, iou_t0: 0.8183, iou_t1: 0.7557, iou_t2: 0.7008, iou_t3: 0.6951, iou_t4: 0.7052, iou_t5: 0.6171, loss: 0.1253
2026-05-05 07:40:26,640 - mmdet - INFO - Iter [4200/120000]	lr: 1.000e-04, eta: 1 day, 20:27:44, time: 1.088, data_time: 0.021, memory: 37111, loss_mask: 0.1103, loss_texture: 0.0030, iou: 0.6791, iou_t0: 0.6691, iou_t1: 0.7208, iou_t2: 0.6249, iou_t3: 0.6697, iou_t4: 0.6593, iou_t5: 0.6975, loss: 0.1133
2026-05-05 07:40:53,774 - mmdet - INFO - Iter [4225/120000]	lr: 1.000e-04, eta: 1 day, 20:23:46, time: 1.085, data_time: 0.021, memory: 37111, loss_mask: 0.1170, loss_texture: 0.0036, iou: 0.7199, iou_t0: 0.8016, iou_t1: 0.7060, iou_t2: 0.6428, iou_t3: 0.5896, iou_t4: 0.7514, iou_t5: 0.7225, loss: 0.1206
2026-05-05 07:41:20,912 - mmdet - INFO - Iter [4250/120000]	lr: 1.000e-04, eta: 1 day, 20:19:51, time: 1.086, data_time: 0.020, memory: 37111, loss_mask: 0.0933, loss_texture: 0.0033, iou: 0.7099, iou_t0: 0.7656, iou_t1: 0.7490, iou_t2: 0.6219, iou_t3: 0.6830, iou_t4: 0.7259, iou_t5: 0.6263, loss: 0.0967
2026-05-05 07:41:48,069 - mmdet - INFO - Iter [4275/120000]	lr: 1.000e-04, eta: 1 day, 20:15:58, time: 1.086, data_time: 0.020, memory: 37111, loss_mask: 0.0771, loss_texture: 0.0029, iou: 0.7071, iou_t0: 0.8311, iou_t1: 0.6909, iou_t2: 0.5949, iou_t3: 0.6606, iou_t4: 0.7130, iou_t5: 0.6789, loss: 0.0800
2026-05-05 07:42:15,346 - mmdet - INFO - Iter [4300/120000]	lr: 1.000e-04, eta: 1 day, 20:12:12, time: 1.091, data_time: 0.021, memory: 37111, loss_mask: 0.0949, loss_texture: 0.0032, iou: 0.7166, iou_t0: 0.8323, iou_t1: 0.7551, iou_t2: 0.6737, iou_t3: 0.6942, iou_t4: 0.7352, iou_t5: 0.7150, loss: 0.0981
2026-05-05 07:42:42,780 - mmdet - INFO - Iter [4325/120000]	lr: 1.000e-04, eta: 1 day, 20:08:31, time: 1.097, data_time: 0.021, memory: 37111, loss_mask: 0.1005, loss_texture: 0.0034, iou: 0.7216, iou_t0: 0.8266, iou_t1: 0.7810, iou_t2: 0.6252, iou_t3: 0.8018, iou_t4: 0.7012, iou_t5: 0.6406, loss: 0.1039
2026-05-05 07:43:10,077 - mmdet - INFO - Iter [4350/120000]	lr: 1.000e-04, eta: 1 day, 20:04:50, time: 1.092, data_time: 0.020, memory: 37111, loss_mask: 0.1406, loss_texture: 0.0037, iou: 0.6788, iou_t0: 0.7624, iou_t1: 0.6339, iou_t2: 0.7195, iou_t3: 0.6281, iou_t4: 0.6412, iou_t5: 0.6039, loss: 0.1444
2026-05-05 07:43:37,357 - mmdet - INFO - Iter [4375/120000]	lr: 1.000e-04, eta: 1 day, 20:01:10, time: 1.091, data_time: 0.020, memory: 37111, loss_mask: 0.1742, loss_texture: 0.0040, iou: 0.6848, iou_t0: 0.7043, iou_t1: 0.7210, iou_t2: 0.6080, iou_t3: 0.6951, iou_t4: 0.6387, iou_t5: 0.6935, loss: 0.1783
2026-05-05 07:44:04,682 - mmdet - INFO - Iter [4400/120000]	lr: 1.000e-04, eta: 1 day, 19:57:33, time: 1.093, data_time: 0.021, memory: 37111, loss_mask: 0.1252, loss_texture: 0.0035, iou: 0.6751, iou_t0: 0.7124, iou_t1: 0.7418, iou_t2: 0.6088, iou_t3: 0.6587, iou_t4: 0.6126, iou_t5: 0.7554, loss: 0.1288
2026-05-05 07:44:32,040 - mmdet - INFO - Iter [4425/120000]	lr: 1.000e-04, eta: 1 day, 19:54:00, time: 1.094, data_time: 0.021, memory: 37111, loss_mask: 0.1308, loss_texture: 0.0034, iou: 0.6797, iou_t0: 0.8092, iou_t1: 0.6356, iou_t2: 0.7315, iou_t3: 0.6934, iou_t4: 0.5734, iou_t5: 0.5532, loss: 0.1342
2026-05-05 07:44:59,393 - mmdet - INFO - Iter [4450/120000]	lr: 1.000e-04, eta: 1 day, 19:50:28, time: 1.094, data_time: 0.020, memory: 37111, loss_mask: 0.1489, loss_texture: 0.0040, iou: 0.6593, iou_t0: 0.7907, iou_t1: 0.6991, iou_t2: 0.6050, iou_t3: 0.5688, iou_t4: 0.5891, iou_t5: 0.6223, loss: 0.1528
2026-05-05 07:45:26,651 - mmdet - INFO - Iter [4475/120000]	lr: 1.000e-04, eta: 1 day, 19:46:56, time: 1.090, data_time: 0.020, memory: 37111, loss_mask: 0.1196, loss_texture: 0.0035, iou: 0.6544, iou_t0: 0.7320, iou_t1: 0.6314, iou_t2: 0.6406, iou_t3: 0.6384, iou_t4: 0.7070, iou_t5: 0.6017, loss: 0.1231
2026-05-05 07:45:53,902 - mmdet - INFO - 
--- Val evaluation at iter 4500 ---
2026-05-05 07:48:24,998 - mmdet - INFO - 
+------------+-------------+-------------+
| Class      | Val IoU     | Pseudo IoU  |
+------------+-------------+-------------+
| background | 91.75       | 92.68       |
| building   | 65.78       | 69.14       |
| Summary    | mIoU: 78.76 | mIoU: 80.91 |
+------------+-------------+-------------+
Images evaluated: 218
2026-05-05 07:48:26,356 - mmdet - INFO - Iter [4500/120000]	lr: 1.000e-04, eta: 1 day, 19:43:26, time: 1.090, data_time: 0.020, memory: 37111, val/mIoU: 0.7876, val/IoU.building: 0.6578, val/IoU.background: 0.9175, val/Pseudo_mIoU: 0.8091, loss_mask: 0.1060, loss_texture: 0.0037, iou: 0.7082, iou_t0: 0.7933, iou_t1: 0.7718, iou_t2: 0.6333, iou_t3: 0.7427, iou_t4: 0.6492, iou_t5: 0.6798, loss: 0.1097
2026-05-05 07:48:53,650 - mmdet - INFO - Iter [4525/120000]	lr: 1.000e-04, eta: 1 day, 20:44:49, time: 7.190, data_time: 6.119, memory: 37111, loss_mask: 0.1158, loss_texture: 0.0036, iou: 0.6981, iou_t0: 0.8182, iou_t1: 0.7430, iou_t2: 0.6662, iou_t3: 0.6722, iou_t4: 0.6745, iou_t5: 0.6076, loss: 0.1194
2026-05-05 07:49:21,014 - mmdet - INFO - Iter [4550/120000]	lr: 1.000e-04, eta: 1 day, 20:41:04, time: 1.095, data_time: 0.020, memory: 37111, loss_mask: 0.1677, loss_texture: 0.0040, iou: 0.6752, iou_t0: 0.8917, iou_t1: 0.6967, iou_t2: 0.5680, iou_t3: 0.5419, iou_t4: 0.6482, iou_t5: 0.6739, loss: 0.1716
2026-05-05 07:49:48,262 - mmdet - INFO - Iter [4575/120000]	lr: 1.000e-04, eta: 1 day, 20:37:18, time: 1.090, data_time: 0.020, memory: 37111, loss_mask: 0.1404, loss_texture: 0.0040, iou: 0.6763, iou_t0: 0.7271, iou_t1: 0.6280, iou_t2: 0.6960, iou_t3: 0.6572, iou_t4: 0.6536, iou_t5: 0.6467, loss: 0.1444
2026-05-05 07:50:15,481 - mmdet - INFO - Iter [4600/120000]	lr: 1.000e-04, eta: 1 day, 20:33:33, time: 1.089, data_time: 0.020, memory: 37111, loss_mask: 0.0954, loss_texture: 0.0031, iou: 0.7303, iou_t0: 0.8406, iou_t1: 0.7289, iou_t2: 0.7444, iou_t3: 0.7528, iou_t4: 0.7219, iou_t5: 0.6885, loss: 0.0985
2026-05-05 07:50:42,819 - mmdet - INFO - Iter [4625/120000]	lr: 1.000e-04, eta: 1 day, 20:29:53, time: 1.093, data_time: 0.021, memory: 37111, loss_mask: 0.1074, loss_texture: 0.0035, iou: 0.6758, iou_t0: 0.7091, iou_t1: 0.8389, iou_t2: 0.5745, iou_t3: 0.6505, iou_t4: 0.6278, iou_t5: 0.6433, loss: 0.1109
2026-05-05 07:51:10,195 - mmdet - INFO - Iter [4650/120000]	lr: 1.000e-04, eta: 1 day, 20:26:16, time: 1.095, data_time: 0.020, memory: 37111, loss_mask: 0.1045, loss_texture: 0.0035, iou: 0.7022, iou_t0: 0.7799, iou_t1: 0.7144, iou_t2: 0.6931, iou_t3: 0.7293, iou_t4: 0.6267, iou_t5: 0.6042, loss: 0.1080
2026-05-05 07:51:37,551 - mmdet - INFO - Iter [4675/120000]	lr: 1.000e-04, eta: 1 day, 20:22:41, time: 1.094, data_time: 0.020, memory: 37111, loss_mask: 0.0985, loss_texture: 0.0032, iou: 0.6948, iou_t0: 0.7856, iou_t1: 0.7293, iou_t2: 0.6357, iou_t3: 0.6736, iou_t4: 0.6134, iou_t5: 0.6928, loss: 0.1017
2026-05-05 07:52:04,768 - mmdet - INFO - Iter [4700/120000]	lr: 1.000e-04, eta: 1 day, 20:19:05, time: 1.089, data_time: 0.020, memory: 37111, loss_mask: 0.0950, loss_texture: 0.0033, iou: 0.7010, iou_t0: 0.7157, iou_t1: 0.7147, iou_t2: 0.6825, iou_t3: 0.7393, iou_t4: 0.7300, iou_t5: 0.6336, loss: 0.0983
2026-05-05 07:52:32,050 - mmdet - INFO - Iter [4725/120000]	lr: 1.000e-04, eta: 1 day, 20:15:32, time: 1.091, data_time: 0.021, memory: 37111, loss_mask: 0.0954, loss_texture: 0.0034, iou: 0.7254, iou_t0: 0.7802, iou_t1: 0.6813, iou_t2: 0.6569, iou_t3: 0.7378, iou_t4: 0.7092, iou_t5: 0.7782, loss: 0.0988
2026-05-05 07:52:59,326 - mmdet - INFO - Iter [4750/120000]	lr: 1.000e-04, eta: 1 day, 20:12:01, time: 1.091, data_time: 0.020, memory: 37111, loss_mask: 0.1023, loss_texture: 0.0035, iou: 0.6807, iou_t0: 0.7395, iou_t1: 0.7518, iou_t2: 0.6822, iou_t3: 0.6428, iou_t4: 0.6575, iou_t5: 0.5912, loss: 0.1057
2026-05-05 07:53:26,652 - mmdet - INFO - Iter [4775/120000]	lr: 1.000e-04, eta: 1 day, 20:08:33, time: 1.093, data_time: 0.020, memory: 37111, loss_mask: 0.0912, loss_texture: 0.0033, iou: 0.6858, iou_t0: 0.6768, iou_t1: 0.7712, iou_t2: 0.6107, iou_t3: 0.6615, iou_t4: 0.7527, iou_t5: 0.6359, loss: 0.0945
2026-05-05 07:53:53,889 - mmdet - INFO - Iter [4800/120000]	lr: 1.000e-04, eta: 1 day, 20:05:04, time: 1.089, data_time: 0.020, memory: 37111, loss_mask: 0.0991, loss_texture: 0.0032, iou: 0.6864, iou_t0: 0.7369, iou_t1: 0.6854, iou_t2: 0.7089, iou_t3: 0.7065, iou_t4: 0.6364, iou_t5: 0.6343, loss: 0.1023
2026-05-05 07:54:21,156 - mmdet - INFO - Iter [4825/120000]	lr: 1.000e-04, eta: 1 day, 20:01:39, time: 1.091, data_time: 0.022, memory: 37111, loss_mask: 0.1019, loss_texture: 0.0034, iou: 0.7167, iou_t0: 0.7966, iou_t1: 0.6781, iou_t2: 0.6463, iou_t3: 0.6898, iou_t4: 0.7521, iou_t5: 0.6904, loss: 0.1053
2026-05-05 07:54:48,443 - mmdet - INFO - Iter [4850/120000]	lr: 1.000e-04, eta: 1 day, 19:58:15, time: 1.091, data_time: 0.020, memory: 37111, loss_mask: 0.1016, loss_texture: 0.0033, iou: 0.7137, iou_t0: 0.8058, iou_t1: 0.7432, iou_t2: 0.6267, iou_t3: 0.6922, iou_t4: 0.6946, iou_t5: 0.6524, loss: 0.1049
2026-05-05 07:55:15,748 - mmdet - INFO - Iter [4875/120000]	lr: 1.000e-04, eta: 1 day, 19:54:54, time: 1.092, data_time: 0.020, memory: 37111, loss_mask: 0.0844, loss_texture: 0.0027, iou: 0.7080, iou_t0: 0.7238, iou_t1: 0.7419, iou_t2: 0.6169, iou_t3: 0.6892, iou_t4: 0.7309, iou_t5: 0.7307, loss: 0.0871
2026-05-05 07:55:42,979 - mmdet - INFO - Iter [4900/120000]	lr: 1.000e-04, eta: 1 day, 19:51:33, time: 1.089, data_time: 0.020, memory: 37111, loss_mask: 0.1004, loss_texture: 0.0031, iou: 0.6867, iou_t0: 0.6626, iou_t1: 0.6719, iou_t2: 0.5561, iou_t3: 0.6709, iou_t4: 0.7483, iou_t5: 0.7111, loss: 0.1034
2026-05-05 07:56:10,310 - mmdet - INFO - Iter [4925/120000]	lr: 1.000e-04, eta: 1 day, 19:48:16, time: 1.093, data_time: 0.021, memory: 37111, loss_mask: 0.1185, loss_texture: 0.0038, iou: 0.7409, iou_t0: 0.7644, iou_t1: 0.8102, iou_t2: 0.6730, iou_t3: 0.7261, iou_t4: 0.7039, iou_t5: 0.7680, loss: 0.1223
2026-05-05 07:56:37,648 - mmdet - INFO - Iter [4950/120000]	lr: 1.000e-04, eta: 1 day, 19:45:01, time: 1.093, data_time: 0.020, memory: 37111, loss_mask: 0.0771, loss_texture: 0.0029, iou: 0.6969, iou_t0: 0.7808, iou_t1: 0.7772, iou_t2: 0.6057, iou_t3: 0.6951, iou_t4: 0.6597, iou_t5: 0.7358, loss: 0.0800
2026-05-05 07:57:05,045 - mmdet - INFO - Iter [4975/120000]	lr: 1.000e-04, eta: 1 day, 19:41:49, time: 1.096, data_time: 0.020, memory: 37111, loss_mask: 0.0859, loss_texture: 0.0032, iou: 0.7137, iou_t0: 0.7310, iou_t1: 0.7968, iou_t2: 0.6695, iou_t3: 0.6635, iou_t4: 0.7871, iou_t5: 0.6759, loss: 0.0891
2026-05-05 07:57:32,399 - mmdet - INFO - 
--- Val evaluation at iter 5000 ---
2026-05-05 08:00:01,416 - mmdet - INFO - 
+------------+-------------+-------------+
| Class      | Val IoU     | Pseudo IoU  |
+------------+-------------+-------------+
| background | 91.68       | 92.68       |
| building   | 66.34       | 69.14       |
| Summary    | mIoU: 79.01 | mIoU: 80.91 |
+------------+-------------+-------------+
Images evaluated: 218
2026-05-05 08:00:04,435 - mmdet - INFO - ★ New best mIoU: 79.01% (prev: 79.01%, Δ=+0.00%) → saved to /home/ubuntu/vy/Denoiser/SegRefiner/work_dirs/exp8_all/best_model.pth
2026-05-05 08:00:04,440 - mmdet - INFO - Exp name: exp8_all.py
2026-05-05 08:00:04,440 - mmdet - INFO - Iter [5000/120000]	lr: 1.000e-04, eta: 1 day, 19:38:37, time: 1.094, data_time: 0.020, memory: 37111, val/mIoU: 0.7901, val/IoU.building: 0.6634, val/IoU.background: 0.9168, val/Pseudo_mIoU: 0.8091, loss_mask: 0.0810, loss_texture: 0.0028, iou: 0.6912, iou_t0: 0.7144, iou_t1: 0.7675, iou_t2: 0.6879, iou_t3: 0.6819, iou_t4: 0.6775, iou_t5: 0.5880, loss: 0.0839
2026-05-05 08:00:31,824 - mmdet - INFO - Iter [5025/120000]	lr: 1.000e-04, eta: 1 day, 20:33:27, time: 7.177, data_time: 6.104, memory: 37111, loss_mask: 0.0946, loss_texture: 0.0032, iou: 0.7115, iou_t0: 0.7413, iou_t1: 0.6811, iou_t2: 0.6764, iou_t3: 0.7315, iou_t4: 0.7480, iou_t5: 0.6872, loss: 0.0978
2026-05-05 08:00:59,076 - mmdet - INFO - Iter [5050/120000]	lr: 1.000e-04, eta: 1 day, 20:29:58, time: 1.090, data_time: 0.021, memory: 37111, loss_mask: 0.1512, loss_texture: 0.0037, iou: 0.7086, iou_t0: 0.7269, iou_t1: 0.8612, iou_t2: 0.6254, iou_t3: 0.7357, iou_t4: 0.6207, iou_t5: 0.6790, loss: 0.1549
2026-05-05 08:01:26,178 - mmdet - INFO - Iter [5075/120000]	lr: 1.000e-04, eta: 1 day, 20:26:28, time: 1.084, data_time: 0.020, memory: 37111, loss_mask: 0.1758, loss_texture: 0.0040, iou: 0.6657, iou_t0: 0.6879, iou_t1: 0.8132, iou_t2: 0.6753, iou_t3: 0.6198, iou_t4: 0.6513, iou_t5: 0.5901, loss: 0.1798
2026-05-05 08:01:53,276 - mmdet - INFO - Iter [5100/120000]	lr: 1.000e-04, eta: 1 day, 20:23:00, time: 1.084, data_time: 0.020, memory: 37111, loss_mask: 0.1255, loss_texture: 0.0036, iou: 0.7071, iou_t0: 0.7202, iou_t1: 0.7075, iou_t2: 0.7143, iou_t3: 0.6922, iou_t4: 0.6934, iou_t5: 0.7111, loss: 0.1291
2026-05-05 08:02:20,447 - mmdet - INFO - Iter [5125/120000]	lr: 1.000e-04, eta: 1 day, 20:19:35, time: 1.087, data_time: 0.021, memory: 37111, loss_mask: 0.0849, loss_texture: 0.0031, iou: 0.6852, iou_t0: 0.8009, iou_t1: 0.7285, iou_t2: 0.5223, iou_t3: 0.6847, iou_t4: 0.6940, iou_t5: 0.7151, loss: 0.0880
2026-05-05 08:02:47,613 - mmdet - INFO - Iter [5150/120000]	lr: 1.000e-04, eta: 1 day, 20:16:12, time: 1.087, data_time: 0.020, memory: 37111, loss_mask: 0.0916, loss_texture: 0.0028, iou: 0.7056, iou_t0: 0.7926, iou_t1: 0.7097, iou_t2: 0.5808, iou_t3: 0.6968, iou_t4: 0.7489, iou_t5: 0.7180, loss: 0.0944
2026-05-05 08:03:14,935 - mmdet - INFO - Iter [5175/120000]	lr: 1.000e-04, eta: 1 day, 20:12:53, time: 1.093, data_time: 0.020, memory: 37111, loss_mask: 0.0831, loss_texture: 0.0030, iou: 0.7212, iou_t0: 0.6918, iou_t1: 0.7372, iou_t2: 0.6820, iou_t3: 0.7536, iou_t4: 0.7408, iou_t5: 0.6869, loss: 0.0861
2026-05-05 08:03:42,273 - mmdet - INFO - Iter [5200/120000]	lr: 1.000e-04, eta: 1 day, 20:09:37, time: 1.093, data_time: 0.020, memory: 37111, loss_mask: 0.0783, loss_texture: 0.0030, iou: 0.7317, iou_t0: 0.7699, iou_t1: 0.6144, iou_t2: 0.7265, iou_t3: 0.7763, iou_t4: 0.7462, iou_t5: 0.8090, loss: 0.0813
2026-05-05 08:04:09,504 - mmdet - INFO - Iter [5225/120000]	lr: 1.000e-04, eta: 1 day, 20:06:20, time: 1.089, data_time: 0.021, memory: 37111, loss_mask: 0.0672, loss_texture: 0.0027, iou: 0.7005, iou_t0: 0.7041, iou_t1: 0.7184, iou_t2: 0.6949, iou_t3: 0.6412, iou_t4: 0.6804, iou_t5: 0.7144, loss: 0.0698
2026-05-05 08:04:36,856 - mmdet - INFO - Iter [5250/120000]	lr: 1.000e-04, eta: 1 day, 20:03:08, time: 1.094, data_time: 0.021, memory: 37111, loss_mask: 0.1217, loss_texture: 0.0032, iou: 0.6566, iou_t0: 0.5895, iou_t1: 0.6929, iou_t2: 0.6276, iou_t3: 0.6851, iou_t4: 0.6442, iou_t5: 0.6468, loss: 0.1249
2026-05-05 08:05:04,257 - mmdet - INFO - Iter [5275/120000]	lr: 1.000e-04, eta: 1 day, 19:59:58, time: 1.096, data_time: 0.020, memory: 37111, loss_mask: 0.1268, loss_texture: 0.0038, iou: 0.6904, iou_t0: 0.7639, iou_t1: 0.7919, iou_t2: 0.6122, iou_t3: 0.6393, iou_t4: 0.7626, iou_t5: 0.6561, loss: 0.1306
2026-05-05 08:05:31,548 - mmdet - INFO - Iter [5300/120000]	lr: 1.000e-04, eta: 1 day, 19:56:47, time: 1.092, data_time: 0.020, memory: 37111, loss_mask: 0.0903, loss_texture: 0.0030, iou: 0.7235, iou_t0: 0.7873, iou_t1: 0.7089, iou_t2: 0.6228, iou_t3: 0.7872, iou_t4: 0.6776, iou_t5: 0.7673, loss: 0.0934
2026-05-05 08:05:58,790 - mmdet - INFO - Iter [5325/120000]	lr: 1.000e-04, eta: 1 day, 19:53:36, time: 1.090, data_time: 0.021, memory: 37111, loss_mask: 0.0972, loss_texture: 0.0032, iou: 0.7255, iou_t0: 0.7592, iou_t1: 0.7263, iou_t2: 0.6924, iou_t3: 0.6862, iou_t4: 0.7311, iou_t5: 0.7633, loss: 0.1004
2026-05-05 08:06:26,077 - mmdet - INFO - Iter [5350/120000]	lr: 1.000e-04, eta: 1 day, 19:50:28, time: 1.091, data_time: 0.021, memory: 37111, loss_mask: 0.0850, loss_texture: 0.0032, iou: 0.6932, iou_t0: 0.8367, iou_t1: 0.7233, iou_t2: 0.7210, iou_t3: 0.7198, iou_t4: 0.6467, iou_t5: 0.5635, loss: 0.0883
2026-05-05 08:06:53,215 - mmdet - INFO - Iter [5375/120000]	lr: 1.000e-04, eta: 1 day, 19:47:19, time: 1.086, data_time: 0.020, memory: 37111, loss_mask: 0.0823, loss_texture: 0.0030, iou: 0.7272, iou_t0: 0.7738, iou_t1: 0.6984, iou_t2: 0.6247, iou_t3: 0.7121, iou_t4: 0.7263, iou_t5: 0.8023, loss: 0.0853
2026-05-05 08:07:20,369 - mmdet - INFO - Iter [5400/120000]	lr: 1.000e-04, eta: 1 day, 19:44:11, time: 1.086, data_time: 0.020, memory: 37111, loss_mask: 0.0836, loss_texture: 0.0028, iou: 0.6791, iou_t0: 0.7621, iou_t1: 0.7095, iou_t2: 0.5923, iou_t3: 0.7144, iou_t4: 0.6366, iou_t5: 0.6867, loss: 0.0864
2026-05-05 08:07:47,655 - mmdet - INFO - Iter [5425/120000]	lr: 1.000e-04, eta: 1 day, 19:41:07, time: 1.091, data_time: 0.021, memory: 37111, loss_mask: 0.0990, loss_texture: 0.0032, iou: 0.7084, iou_t0: 0.7531, iou_t1: 0.7424, iou_t2: 0.6514, iou_t3: 0.7004, iou_t4: 0.7643, iou_t5: 0.6649, loss: 0.1022
2026-05-05 08:08:14,998 - mmdet - INFO - Iter [5450/120000]	lr: 1.000e-04, eta: 1 day, 19:38:07, time: 1.094, data_time: 0.020, memory: 37111, loss_mask: 0.1025, loss_texture: 0.0032, iou: 0.6970, iou_t0: 0.8342, iou_t1: 0.7607, iou_t2: 0.6395, iou_t3: 0.6403, iou_t4: 0.6771, iou_t5: 0.7518, loss: 0.1057
2026-05-05 08:08:42,256 - mmdet - INFO - Iter [5475/120000]	lr: 1.000e-04, eta: 1 day, 19:35:05, time: 1.090, data_time: 0.020, memory: 37111, loss_mask: 0.1126, loss_texture: 0.0034, iou: 0.7197, iou_t0: 0.7178, iou_t1: 0.7338, iou_t2: 0.6921, iou_t3: 0.6664, iou_t4: 0.8013, iou_t5: 0.7219, loss: 0.1160
2026-05-05 08:09:09,505 - mmdet - INFO - 
--- Val evaluation at iter 5500 ---
2026-05-05 08:11:39,318 - mmdet - INFO - 
+------------+-------------+-------------+
| Class      | Val IoU     | Pseudo IoU  |
+------------+-------------+-------------+
| background | 91.69       | 92.68       |
| building   | 64.20       | 69.14       |
| Summary    | mIoU: 77.95 | mIoU: 80.91 |
+------------+-------------+-------------+
Images evaluated: 218
2026-05-05 08:11:40,696 - mmdet - INFO - Iter [5500/120000]	lr: 1.000e-04, eta: 1 day, 19:32:05, time: 1.090, data_time: 0.020, memory: 37111, val/mIoU: 0.7795, val/IoU.building: 0.6420, val/IoU.background: 0.9169, val/Pseudo_mIoU: 0.8091, loss_mask: 0.1310, loss_texture: 0.0038, iou: 0.6984, iou_t0: 0.8001, iou_t1: 0.6779, iou_t2: 0.6598, iou_t3: 0.7139, iou_t4: 0.7947, iou_t5: 0.6694, loss: 0.1348
2026-05-05 08:12:08,067 - mmdet - INFO - Iter [5525/120000]	lr: 1.000e-04, eta: 1 day, 20:21:22, time: 7.142, data_time: 6.069, memory: 37111, loss_mask: 0.0992, loss_texture: 0.0031, iou: 0.7085, iou_t0: 0.8175, iou_t1: 0.6573, iou_t2: 0.6751, iou_t3: 0.6921, iou_t4: 0.6190, iou_t5: 0.7336, loss: 0.1024
2026-05-05 08:12:35,261 - mmdet - INFO - Iter [5550/120000]	lr: 1.000e-04, eta: 1 day, 20:18:08, time: 1.088, data_time: 0.020, memory: 37111, loss_mask: 0.1249, loss_texture: 0.0035, iou: 0.7019, iou_t0: 0.7195, iou_t1: 0.7870, iou_t2: 0.6993, iou_t3: 0.7422, iou_t4: 0.6480, iou_t5: 0.6721, loss: 0.1285
2026-05-05 08:13:02,437 - mmdet - INFO - Iter [5575/120000]	lr: 1.000e-04, eta: 1 day, 20:14:56, time: 1.087, data_time: 0.020, memory: 37111, loss_mask: 0.1271, loss_texture: 0.0037, iou: 0.7126, iou_t0: 0.7496, iou_t1: 0.7857, iou_t2: 0.6391, iou_t3: 0.6744, iou_t4: 0.6396, iou_t5: 0.7016, loss: 0.1308
2026-05-05 08:13:29,692 - mmdet - INFO - Iter [5600/120000]	lr: 1.000e-04, eta: 1 day, 20:11:47, time: 1.090, data_time: 0.021, memory: 37111, loss_mask: 0.1033, loss_texture: 0.0035, iou: 0.7098, iou_t0: 0.6667, iou_t1: 0.7219, iou_t2: 0.5918, iou_t3: 0.6840, iou_t4: 0.7270, iou_t5: 0.7085, loss: 0.1068
2026-05-05 08:13:57,053 - mmdet - INFO - Iter [5625/120000]	lr: 1.000e-04, eta: 1 day, 20:08:42, time: 1.094, data_time: 0.021, memory: 37111, loss_mask: 0.0841, loss_texture: 0.0031, iou: 0.7129, iou_t0: 0.7506, iou_t1: 0.6926, iou_t2: 0.6684, iou_t3: 0.7741, iou_t4: 0.6728, iou_t5: 0.7795, loss: 0.0871
2026-05-05 08:14:24,284 - mmdet - INFO - Iter [5650/120000]	lr: 1.000e-04, eta: 1 day, 20:05:35, time: 1.089, data_time: 0.020, memory: 37111, loss_mask: 0.0858, loss_texture: 0.0030, iou: 0.6999, iou_t0: 0.8155, iou_t1: 0.6723, iou_t2: 0.6806, iou_t3: 0.6757, iou_t4: 0.7363, iou_t5: 0.7395, loss: 0.0887
2026-05-05 08:14:51,458 - mmdet - INFO - Iter [5675/120000]	lr: 1.000e-04, eta: 1 day, 20:02:29, time: 1.087, data_time: 0.020, memory: 37111, loss_mask: 0.0997, loss_texture: 0.0035, iou: 0.6845, iou_t0: 0.7839, iou_t1: 0.7288, iou_t2: 0.6676, iou_t3: 0.6971, iou_t4: 0.6369, iou_t5: 0.5856, loss: 0.1032
2026-05-05 08:15:18,815 - mmdet - INFO - Iter [5700/120000]	lr: 1.000e-04, eta: 1 day, 19:59:28, time: 1.094, data_time: 0.022, memory: 37111, loss_mask: 0.0811, loss_texture: 0.0030, iou: 0.7226, iou_t0: 0.7300, iou_t1: 0.7673, iou_t2: 0.7003, iou_t3: 0.7881, iou_t4: 0.6652, iou_t5: 0.6858, loss: 0.0841
2026-05-05 08:15:46,097 - mmdet - INFO - Iter [5725/120000]	lr: 1.000e-04, eta: 1 day, 19:56:26, time: 1.091, data_time: 0.022, memory: 37111, loss_mask: 0.1305, loss_texture: 0.0037, iou: 0.7013, iou_t0: 0.7201, iou_t1: 0.7856, iou_t2: 0.6352, iou_t3: 0.7041, iou_t4: 0.6988, iou_t5: 0.6971, loss: 0.1342
2026-05-05 08:16:13,321 - mmdet - INFO - Iter [5750/120000]	lr: 1.000e-04, eta: 1 day, 19:53:25, time: 1.089, data_time: 0.020, memory: 37111, loss_mask: 0.1035, loss_texture: 0.0032, iou: 0.6834, iou_t0: 0.6625, iou_t1: 0.8153, iou_t2: 0.5949, iou_t3: 0.6556, iou_t4: 0.6527, iou_t5: 0.6854, loss: 0.1067
2026-05-05 08:16:40,714 - mmdet - INFO - Iter [5775/120000]	lr: 1.000e-04, eta: 1 day, 19:50:28, time: 1.096, data_time: 0.020, memory: 37111, loss_mask: 0.1084, loss_texture: 0.0033, iou: 0.7095, iou_t0: 0.8382, iou_t1: 0.6785, iou_t2: 0.6738, iou_t3: 0.6196, iou_t4: 0.7228, iou_t5: 0.6981, loss: 0.1117
2026-05-05 08:17:07,937 - mmdet - INFO - Iter [5800/120000]	lr: 1.000e-04, eta: 1 day, 19:47:29, time: 1.089, data_time: 0.020, memory: 37111, loss_mask: 0.0882, loss_texture: 0.0028, iou: 0.6456, iou_t0: 0.6715, iou_t1: 0.6448, iou_t2: 0.6042, iou_t3: 0.6431, iou_t4: 0.5685, iou_t5: 0.6898, loss: 0.0910
2026-05-05 08:17:35,144 - mmdet - INFO - Iter [5825/120000]	lr: 1.000e-04, eta: 1 day, 19:44:32, time: 1.088, data_time: 0.021, memory: 37111, loss_mask: 0.1095, loss_texture: 0.0032, iou: 0.7136, iou_t0: 0.7988, iou_t1: 0.7672, iou_t2: 0.6917, iou_t3: 0.7067, iou_t4: 0.5929, iou_t5: 0.6938, loss: 0.1127
2026-05-05 08:18:02,333 - mmdet - INFO - Iter [5850/120000]	lr: 1.000e-04, eta: 1 day, 19:41:35, time: 1.088, data_time: 0.020, memory: 37111, loss_mask: 0.1358, loss_texture: 0.0035, iou: 0.7029, iou_t0: 0.7818, iou_t1: 0.7719, iou_t2: 0.6947, iou_t3: 0.6483, iou_t4: 0.6603, iou_t5: 0.6770, loss: 0.1394
2026-05-05 08:18:29,638 - mmdet - INFO - Iter [5875/120000]	lr: 1.000e-04, eta: 1 day, 19:38:42, time: 1.092, data_time: 0.021, memory: 37111, loss_mask: 0.1589, loss_texture: 0.0036, iou: 0.7017, iou_t0: 0.8421, iou_t1: 0.6741, iou_t2: 0.6012, iou_t3: 0.7477, iou_t4: 0.7314, iou_t5: 0.6008, loss: 0.1625
2026-05-05 08:18:57,073 - mmdet - INFO - Iter [5900/120000]	lr: 1.000e-04, eta: 1 day, 19:35:52, time: 1.097, data_time: 0.021, memory: 37111, loss_mask: 0.1112, loss_texture: 0.0035, iou: 0.7211, iou_t0: 0.8326, iou_t1: 0.7867, iou_t2: 0.7202, iou_t3: 0.6455, iou_t4: 0.7271, iou_t5: 0.7459, loss: 0.1147
2026-05-05 08:19:24,460 - mmdet - INFO - Iter [5925/120000]	lr: 1.000e-04, eta: 1 day, 19:33:03, time: 1.095, data_time: 0.022, memory: 37111, loss_mask: 0.0793, loss_texture: 0.0028, iou: 0.6828, iou_t0: 0.7419, iou_t1: 0.5692, iou_t2: 0.5697, iou_t3: 0.7013, iou_t4: 0.7098, iou_t5: 0.7610, loss: 0.0821
2026-05-05 08:19:51,667 - mmdet - INFO - Iter [5950/120000]	lr: 1.000e-04, eta: 1 day, 19:30:12, time: 1.088, data_time: 0.020, memory: 37111, loss_mask: 0.0884, loss_texture: 0.0032, iou: 0.7192, iou_t0: 0.7998, iou_t1: 0.6846, iou_t2: 0.6402, iou_t3: 0.6716, iou_t4: 0.7498, iou_t5: 0.6458, loss: 0.0916
2026-05-05 08:20:18,973 - mmdet - INFO - Iter [5975/120000]	lr: 1.000e-04, eta: 1 day, 19:27:23, time: 1.092, data_time: 0.021, memory: 37111, loss_mask: 0.0810, loss_texture: 0.0031, iou: 0.7230, iou_t0: 0.7650, iou_t1: 0.7868, iou_t2: 0.6719, iou_t3: 0.7678, iou_t4: 0.7429, iou_t5: 0.7222, loss: 0.0841
2026-05-05 08:20:46,323 - mmdet - INFO - 
--- Val evaluation at iter 6000 ---
2026-05-05 08:23:20,038 - mmdet - INFO - 
+------------+-------------+-------------+
| Class      | Val IoU     | Pseudo IoU  |
+------------+-------------+-------------+
| background | 90.33       | 92.68       |
| building   | 55.81       | 69.14       |
| Summary    | mIoU: 73.07 | mIoU: 80.91 |
+------------+-------------+-------------+
Images evaluated: 218
2026-05-05 08:23:21,401 - mmdet - INFO - Exp name: exp8_all.py
2026-05-05 08:23:21,401 - mmdet - INFO - Iter [6000/120000]	lr: 1.000e-04, eta: 1 day, 19:24:37, time: 1.094, data_time: 0.022, memory: 37111, val/mIoU: 0.7307, val/IoU.building: 0.5581, val/IoU.background: 0.9033, val/Pseudo_mIoU: 0.8091, loss_mask: 0.0826, loss_texture: 0.0028, iou: 0.6911, iou_t0: 0.7638, iou_t1: 0.7227, iou_t2: 0.5419, iou_t3: 0.7120, iou_t4: 0.7543, iou_t5: 0.5776, loss: 0.0854
2026-05-05 08:23:48,774 - mmdet - INFO - Iter [6025/120000]	lr: 1.000e-04, eta: 1 day, 20:10:46, time: 7.298, data_time: 6.224, memory: 37111, loss_mask: 0.0762, loss_texture: 0.0027, iou: 0.6702, iou_t0: 0.7494, iou_t1: 0.6226, iou_t2: 0.6952, iou_t3: 0.5982, iou_t4: 0.6388, iou_t5: 0.6046, loss: 0.0789
2026-05-05 08:24:16,139 - mmdet - INFO - Iter [6050/120000]	lr: 1.000e-04, eta: 1 day, 20:07:49, time: 1.095, data_time: 0.020, memory: 37111, loss_mask: 0.0859, loss_texture: 0.0027, iou: 0.7465, iou_t0: 0.8655, iou_t1: 0.7526, iou_t2: 0.7140, iou_t3: 0.6790, iou_t4: 0.6552, iou_t5: 0.7226, loss: 0.0886
2026-05-05 08:24:43,518 - mmdet - INFO - Iter [6075/120000]	lr: 1.000e-04, eta: 1 day, 20:04:54, time: 1.095, data_time: 0.020, memory: 37111, loss_mask: 0.0735, loss_texture: 0.0031, iou: 0.7137, iou_t0: 0.7962, iou_t1: 0.7895, iou_t2: 0.6164, iou_t3: 0.7788, iou_t4: 0.6993, iou_t5: 0.6896, loss: 0.0766
2026-05-05 08:25:10,761 - mmdet - INFO - Iter [6100/120000]	lr: 1.000e-04, eta: 1 day, 20:01:58, time: 1.090, data_time: 0.021, memory: 37111, loss_mask: 0.0875, loss_texture: 0.0030, iou: 0.7154, iou_t0: 0.7457, iou_t1: 0.6883, iou_t2: 0.7219, iou_t3: 0.7682, iou_t4: 0.7313, iou_t5: 0.7461, loss: 0.0905
2026-05-05 08:25:38,036 - mmdet - INFO - Iter [6125/120000]	lr: 1.000e-04, eta: 1 day, 19:59:03, time: 1.091, data_time: 0.021, memory: 37111, loss_mask: 0.0912, loss_texture: 0.0034, iou: 0.7227, iou_t0: 0.8341, iou_t1: 0.7793, iou_t2: 0.6273, iou_t3: 0.7403, iou_t4: 0.7719, iou_t5: 0.6057, loss: 0.0946
2026-05-05 08:26:05,400 - mmdet - INFO - Iter [6150/120000]	lr: 1.000e-04, eta: 1 day, 19:56:11, time: 1.095, data_time: 0.021, memory: 37111, loss_mask: 0.0805, loss_texture: 0.0032, iou: 0.7255, iou_t0: 0.7316, iou_t1: 0.7200, iou_t2: 0.6734, iou_t3: 0.7350, iou_t4: 0.7141, iou_t5: 0.7038, loss: 0.0837
2026-05-05 08:26:32,751 - mmdet - INFO - Iter [6175/120000]	lr: 1.000e-04, eta: 1 day, 19:53:21, time: 1.094, data_time: 0.020, memory: 37111, loss_mask: 0.0814, loss_texture: 0.0031, iou: 0.6855, iou_t0: 0.6316, iou_t1: 0.7883, iou_t2: 0.7178, iou_t3: 0.7115, iou_t4: 0.6642, iou_t5: 0.6482, loss: 0.0845
2026-05-05 08:27:00,062 - mmdet - INFO - Iter [6200/120000]	lr: 1.000e-04, eta: 1 day, 19:50:30, time: 1.092, data_time: 0.021, memory: 37111, loss_mask: 0.0704, loss_texture: 0.0029, iou: 0.7271, iou_t0: 0.7021, iou_t1: 0.7373, iou_t2: 0.7371, iou_t3: 0.7121, iou_t4: 0.6978, iou_t5: 0.7481, loss: 0.0733
2026-05-05 08:27:27,373 - mmdet - INFO - Iter [6225/120000]	lr: 1.000e-04, eta: 1 day, 19:47:41, time: 1.092, data_time: 0.022, memory: 37111, loss_mask: 0.0809, loss_texture: 0.0027, iou: 0.6747, iou_t0: 0.6426, iou_t1: 0.6534, iou_t2: 0.7240, iou_t3: 0.5841, iou_t4: 0.6045, iou_t5: 0.8091, loss: 0.0837
2026-05-05 08:27:54,674 - mmdet - INFO - Iter [6250/120000]	lr: 1.000e-04, eta: 1 day, 19:44:53, time: 1.092, data_time: 0.020, memory: 37111, loss_mask: 0.0785, loss_texture: 0.0031, iou: 0.7313, iou_t0: 0.7068, iou_t1: 0.7889, iou_t2: 0.6685, iou_t3: 0.7056, iou_t4: 0.8077, iou_t5: 0.7513, loss: 0.0817
2026-05-05 08:28:21,906 - mmdet - INFO - Iter [6275/120000]	lr: 1.000e-04, eta: 1 day, 19:42:04, time: 1.089, data_time: 0.020, memory: 37111, loss_mask: 0.0776, loss_texture: 0.0031, iou: 0.7255, iou_t0: 0.7647, iou_t1: 0.6632, iou_t2: 0.7142, iou_t3: 0.6476, iou_t4: 0.8081, iou_t5: 0.7337, loss: 0.0806
2026-05-05 08:28:49,237 - mmdet - INFO - Iter [6300/120000]	lr: 1.000e-04, eta: 1 day, 19:39:19, time: 1.093, data_time: 0.021, memory: 37111, loss_mask: 0.0795, loss_texture: 0.0031, iou: 0.7562, iou_t0: 0.7701, iou_t1: 0.6912, iou_t2: 0.7345, iou_t3: 0.7257, iou_t4: 0.7847, iou_t5: 0.8043, loss: 0.0826
2026-05-05 08:29:16,521 - mmdet - INFO - Iter [6325/120000]	lr: 1.000e-04, eta: 1 day, 19:36:34, time: 1.091, data_time: 0.021, memory: 37111, loss_mask: 0.0861, loss_texture: 0.0030, iou: 0.7250, iou_t0: 0.8083, iou_t1: 0.6060, iou_t2: 0.7078, iou_t3: 0.7826, iou_t4: 0.7023, iou_t5: 0.7475, loss: 0.0892
2026-05-05 08:29:43,825 - mmdet - INFO - Iter [6350/120000]	lr: 1.000e-04, eta: 1 day, 19:33:50, time: 1.092, data_time: 0.021, memory: 37111, loss_mask: 0.0706, loss_texture: 0.0028, iou: 0.6932, iou_t0: 0.7932, iou_t1: 0.6844, iou_t2: 0.6621, iou_t3: 0.5874, iou_t4: 0.6330, iou_t5: 0.7773, loss: 0.0734
2026-05-05 08:30:11,110 - mmdet - INFO - Iter [6375/120000]	lr: 1.000e-04, eta: 1 day, 19:31:07, time: 1.091, data_time: 0.020, memory: 37111, loss_mask: 0.1042, loss_texture: 0.0033, iou: 0.7088, iou_t0: 0.8679, iou_t1: 0.7104, iou_t2: 0.6297, iou_t3: 0.7210, iou_t4: 0.7824, iou_t5: 0.6016, loss: 0.1074
2026-05-05 08:30:38,391 - mmdet - INFO - Iter [6400/120000]	lr: 1.000e-04, eta: 1 day, 19:28:25, time: 1.091, data_time: 0.020, memory: 37111, loss_mask: 0.0940, loss_texture: 0.0034, iou: 0.7388, iou_t0: 0.8502, iou_t1: 0.7546, iou_t2: 0.6830, iou_t3: 0.7360, iou_t4: 0.7175, iou_t5: 0.6776, loss: 0.0973
2026-05-05 08:31:05,679 - mmdet - INFO - Iter [6425/120000]	lr: 1.000e-04, eta: 1 day, 19:25:44, time: 1.092, data_time: 0.021, memory: 37111, loss_mask: 0.0699, loss_texture: 0.0027, iou: 0.7046, iou_t0: 0.7478, iou_t1: 0.7367, iou_t2: 0.6099, iou_t3: 0.6619, iou_t4: 0.6365, iou_t5: 0.7818, loss: 0.0726
2026-05-05 08:31:33,022 - mmdet - INFO - Iter [6450/120000]	lr: 1.000e-04, eta: 1 day, 19:23:05, time: 1.094, data_time: 0.021, memory: 37111, loss_mask: 0.1453, loss_texture: 0.0033, iou: 0.6651, iou_t0: 0.6660, iou_t1: 0.8015, iou_t2: 0.6544, iou_t3: 0.7368, iou_t4: 0.6262, iou_t5: 0.6403, loss: 0.1485
2026-05-05 08:32:00,317 - mmdet - INFO - Iter [6475/120000]	lr: 1.000e-04, eta: 1 day, 19:20:26, time: 1.092, data_time: 0.021, memory: 37111, loss_mask: 0.2201, loss_texture: 0.0042, iou: 0.6623, iou_t0: 0.7047, iou_t1: 0.6810, iou_t2: 0.6792, iou_t3: 0.5966, iou_t4: 0.6414, iou_t5: 0.6779, loss: 0.2243
2026-05-05 08:32:27,600 - mmdet - INFO - 
--- Val evaluation at iter 6500 ---
2026-05-05 08:34:59,464 - mmdet - INFO - 
+------------+-------------+-------------+
| Class      | Val IoU     | Pseudo IoU  |
+------------+-------------+-------------+
| background | 91.54       | 92.68       |
| building   | 64.60       | 69.14       |
| Summary    | mIoU: 78.07 | mIoU: 80.91 |
+------------+-------------+-------------+
Images evaluated: 218
2026-05-05 08:35:00,827 - mmdet - INFO - Iter [6500/120000]	lr: 1.000e-04, eta: 1 day, 19:17:48, time: 1.091, data_time: 0.021, memory: 37111, val/mIoU: 0.7807, val/IoU.building: 0.6460, val/IoU.background: 0.9154, val/Pseudo_mIoU: 0.8091, loss_mask: 0.1530, loss_texture: 0.0040, iou: 0.6916, iou_t0: 0.7742, iou_t1: 0.6907, iou_t2: 0.7033, iou_t3: 0.7391, iou_t4: 0.5640, iou_t5: 0.6377, loss: 0.1569
2026-05-05 08:35:28,077 - mmdet - INFO - Iter [6525/120000]	lr: 1.000e-04, eta: 1 day, 19:59:35, time: 7.219, data_time: 6.151, memory: 37111, loss_mask: 0.1031, loss_texture: 0.0035, iou: 0.7333, iou_t0: 0.8194, iou_t1: 0.7659, iou_t2: 0.7093, iou_t3: 0.6963, iou_t4: 0.7339, iou_t5: 0.7063, loss: 0.1066
2026-05-05 08:35:55,234 - mmdet - INFO - Iter [6550/120000]	lr: 1.000e-04, eta: 1 day, 19:56:47, time: 1.086, data_time: 0.020, memory: 37111, loss_mask: 0.0886, loss_texture: 0.0030, iou: 0.7056, iou_t0: 0.6854, iou_t1: 0.6170, iou_t2: 0.6100, iou_t3: 0.7619, iou_t4: 0.7532, iou_t5: 0.7519, loss: 0.0917
2026-05-05 08:36:22,389 - mmdet - INFO - Iter [6575/120000]	lr: 1.000e-04, eta: 1 day, 19:53:59, time: 1.086, data_time: 0.020, memory: 37111, loss_mask: 0.2055, loss_texture: 0.0038, iou: 0.6042, iou_t0: 0.6661, iou_t1: 0.6508, iou_t2: 0.5643, iou_t3: 0.5777, iou_t4: 0.6228, iou_t5: 0.6046, loss: 0.2093
2026-05-05 08:36:49,622 - mmdet - INFO - Iter [6600/120000]	lr: 1.000e-04, eta: 1 day, 19:51:13, time: 1.089, data_time: 0.021, memory: 37111, loss_mask: 0.1137, loss_texture: 0.0036, iou: 0.6614, iou_t0: 0.7518, iou_t1: 0.6343, iou_t2: 0.5514, iou_t3: 0.7098, iou_t4: 0.6885, iou_t5: 0.6849, loss: 0.1173
2026-05-05 08:37:16,877 - mmdet - INFO - Iter [6625/120000]	lr: 1.000e-04, eta: 1 day, 19:48:29, time: 1.090, data_time: 0.021, memory: 37111, loss_mask: 0.0930, loss_texture: 0.0033, iou: 0.7458, iou_t0: 0.7613, iou_t1: 0.7822, iou_t2: 0.7215, iou_t3: 0.7641, iou_t4: 0.7962, iou_t5: 0.6240, loss: 0.0962
2026-05-05 08:37:44,142 - mmdet - INFO - Iter [6650/120000]	lr: 1.000e-04, eta: 1 day, 19:45:46, time: 1.091, data_time: 0.020, memory: 37111, loss_mask: 0.0843, loss_texture: 0.0030, iou: 0.7286, iou_t0: 0.7712, iou_t1: 0.7933, iou_t2: 0.6646, iou_t3: 0.7254, iou_t4: 0.7798, iou_t5: 0.6924, loss: 0.0873
2026-05-05 08:38:11,300 - mmdet - INFO - Iter [6675/120000]	lr: 1.000e-04, eta: 1 day, 19:43:03, time: 1.086, data_time: 0.020, memory: 37111, loss_mask: 0.0986, loss_texture: 0.0030, iou: 0.6889, iou_t0: 0.7297, iou_t1: 0.7754, iou_t2: 0.6372, iou_t3: 0.6514, iou_t4: 0.7045, iou_t5: 0.6115, loss: 0.1016
2026-05-05 08:38:38,522 - mmdet - INFO - Iter [6700/120000]	lr: 1.000e-04, eta: 1 day, 19:40:21, time: 1.089, data_time: 0.020, memory: 37111, loss_mask: 0.0882, loss_texture: 0.0029, iou: 0.7095, iou_t0: 0.7570, iou_t1: 0.6909, iou_t2: 0.7162, iou_t3: 0.6479, iou_t4: 0.6645, iou_t5: 0.7835, loss: 0.0911
2026-05-05 08:39:05,763 - mmdet - INFO - Iter [6725/120000]	lr: 1.000e-04, eta: 1 day, 19:37:41, time: 1.090, data_time: 0.021, memory: 37111, loss_mask: 0.0973, loss_texture: 0.0031, iou: 0.7040, iou_t0: 0.7440, iou_t1: 0.6791, iou_t2: 0.6796, iou_t3: 0.6893, iou_t4: 0.7102, iou_t5: 0.7365, loss: 0.1004
2026-05-05 08:39:33,006 - mmdet - INFO - Iter [6750/120000]	lr: 1.000e-04, eta: 1 day, 19:35:02, time: 1.090, data_time: 0.020, memory: 37111, loss_mask: 0.0904, loss_texture: 0.0032, iou: 0.7175, iou_t0: 0.7085, iou_t1: 0.6854, iou_t2: 0.6964, iou_t3: 0.6661, iou_t4: 0.8101, iou_t5: 0.7245, loss: 0.0936
2026-05-05 08:40:00,337 - mmdet - INFO - Iter [6775/120000]	lr: 1.000e-04, eta: 1 day, 19:32:25, time: 1.093, data_time: 0.021, memory: 37111, loss_mask: 0.0890, loss_texture: 0.0028, iou: 0.6796, iou_t0: 0.7565, iou_t1: 0.6060, iou_t2: 0.5629, iou_t3: 0.7083, iou_t4: 0.7501, iou_t5: 0.6575, loss: 0.0918
2026-05-05 08:40:27,636 - mmdet - INFO - Iter [6800/120000]	lr: 1.000e-04, eta: 1 day, 19:29:49, time: 1.092, data_time: 0.021, memory: 37111, loss_mask: 0.0954, loss_texture: 0.0032, iou: 0.6954, iou_t0: 0.7842, iou_t1: 0.7513, iou_t2: 0.7381, iou_t3: 0.6212, iou_t4: 0.6331, iou_t5: 0.7425, loss: 0.0985
2026-05-05 08:40:54,943 - mmdet - INFO - Iter [6825/120000]	lr: 1.000e-04, eta: 1 day, 19:27:14, time: 1.092, data_time: 0.021, memory: 37111, loss_mask: 0.0742, loss_texture: 0.0029, iou: 0.6812, iou_t0: 0.6939, iou_t1: 0.7393, iou_t2: 0.6579, iou_t3: 0.7827, iou_t4: 0.6366, iou_t5: 0.6778, loss: 0.0772
2026-05-05 08:41:22,251 - mmdet - INFO - Iter [6850/120000]	lr: 1.000e-04, eta: 1 day, 19:24:39, time: 1.092, data_time: 0.020, memory: 37111, loss_mask: 0.1039, loss_texture: 0.0033, iou: 0.7556, iou_t0: 0.8633, iou_t1: 0.7843, iou_t2: 0.7477, iou_t3: 0.6885, iou_t4: 0.7407, iou_t5: 0.7255, loss: 0.1072
2026-05-05 08:41:49,499 - mmdet - INFO - Iter [6875/120000]	lr: 1.000e-04, eta: 1 day, 19:22:05, time: 1.090, data_time: 0.020, memory: 37111, loss_mask: 0.1033, loss_texture: 0.0031, iou: 0.6905, iou_t0: 0.6754, iou_t1: 0.7857, iou_t2: 0.7398, iou_t3: 0.7201, iou_t4: 0.6001, iou_t5: 0.6514, loss: 0.1064
2026-05-05 08:42:16,822 - mmdet - INFO - Iter [6900/120000]	lr: 1.000e-04, eta: 1 day, 19:19:33, time: 1.093, data_time: 0.021, memory: 37111, loss_mask: 0.0922, loss_texture: 0.0030, iou: 0.7070, iou_t0: 0.7818, iou_t1: 0.7291, iou_t2: 0.6592, iou_t3: 0.6767, iou_t4: 0.5863, iou_t5: 0.7947, loss: 0.0952
2026-05-05 08:42:44,200 - mmdet - INFO - Iter [6925/120000]	lr: 1.000e-04, eta: 1 day, 19:17:02, time: 1.095, data_time: 0.022, memory: 37111, loss_mask: 0.0934, loss_texture: 0.0032, iou: 0.7271, iou_t0: 0.7964, iou_t1: 0.8190, iou_t2: 0.6324, iou_t3: 0.6979, iou_t4: 0.6890, iou_t5: 0.7682, loss: 0.0967
2026-05-05 08:43:11,492 - mmdet - INFO - Iter [6950/120000]	lr: 1.000e-04, eta: 1 day, 19:14:32, time: 1.092, data_time: 0.022, memory: 37111, loss_mask: 0.0665, loss_texture: 0.0028, iou: 0.6856, iou_t0: 0.7634, iou_t1: 0.7617, iou_t2: 0.5801, iou_t3: 0.6496, iou_t4: 0.7242, iou_t5: 0.6974, loss: 0.0693
2026-05-05 08:43:38,671 - mmdet - INFO - Iter [6975/120000]	lr: 1.000e-04, eta: 1 day, 19:12:00, time: 1.087, data_time: 0.020, memory: 37111, loss_mask: 0.0792, loss_texture: 0.0028, iou: 0.7140, iou_t0: 0.8817, iou_t1: 0.6750, iou_t2: 0.7188, iou_t3: 0.6661, iou_t4: 0.7875, iou_t5: 0.6521, loss: 0.0820
2026-05-05 08:44:05,920 - mmdet - INFO - 
--- Val evaluation at iter 7000 ---
2026-05-05 08:46:38,153 - mmdet - INFO - 
+------------+-------------+-------------+
| Class      | Val IoU     | Pseudo IoU  |
+------------+-------------+-------------+
| background | 91.72       | 92.68       |
| building   | 64.84       | 69.14       |
| Summary    | mIoU: 78.28 | mIoU: 80.91 |
+------------+-------------+-------------+
Images evaluated: 218
2026-05-05 08:46:39,521 - mmdet - INFO - Exp name: exp8_all.py
2026-05-05 08:46:39,521 - mmdet - INFO - Iter [7000/120000]	lr: 1.000e-04, eta: 1 day, 19:09:30, time: 1.090, data_time: 0.020, memory: 37111, val/mIoU: 0.7828, val/IoU.building: 0.6484, val/IoU.background: 0.9172, val/Pseudo_mIoU: 0.8091, loss_mask: 0.0818, loss_texture: 0.0029, iou: 0.6912, iou_t0: 0.6398, iou_t1: 0.6128, iou_t2: 0.6260, iou_t3: 0.6989, iou_t4: 0.6236, iou_t5: 0.8553, loss: 0.0846
2026-05-05 08:47:06,689 - mmdet - INFO - Iter [7025/120000]	lr: 1.000e-04, eta: 1 day, 19:48:10, time: 7.231, data_time: 6.165, memory: 37111, loss_mask: 0.0776, loss_texture: 0.0029, iou: 0.7202, iou_t0: 0.8250, iou_t1: 0.7196, iou_t2: 0.6956, iou_t3: 0.7247, iou_t4: 0.7153, iou_t5: 0.7200, loss: 0.0805
2026-05-05 08:47:33,855 - mmdet - INFO - Iter [7050/120000]	lr: 1.000e-04, eta: 1 day, 19:45:31, time: 1.087, data_time: 0.020, memory: 37111, loss_mask: 0.0753, loss_texture: 0.0030, iou: 0.7103, iou_t0: 0.7811, iou_t1: 0.6866, iou_t2: 0.6353, iou_t3: 0.6526, iou_t4: 0.6892, iou_t5: 0.7319, loss: 0.0782
2026-05-05 08:48:01,038 - mmdet - INFO - Iter [7075/120000]	lr: 1.000e-04, eta: 1 day, 19:42:54, time: 1.087, data_time: 0.020, memory: 37111, loss_mask: 0.0736, loss_texture: 0.0027, iou: 0.7166, iou_t0: 0.6617, iou_t1: 0.7379, iou_t2: 0.7059, iou_t3: 0.7376, iou_t4: 0.6953, iou_t5: 0.8093, loss: 0.0763
2026-05-05 08:48:28,357 - mmdet - INFO - Iter [7100/120000]	lr: 1.000e-04, eta: 1 day, 19:40:19, time: 1.093, data_time: 0.021, memory: 37111, loss_mask: 0.0675, loss_texture: 0.0027, iou: 0.7366, iou_t0: 0.6860, iou_t1: 0.6932, iou_t2: 0.6951, iou_t3: 0.6947, iou_t4: 0.7592, iou_t5: 0.8632, loss: 0.0702
2026-05-05 08:48:55,612 - mmdet - INFO - Iter [7125/120000]	lr: 1.000e-04, eta: 1 day, 19:37:45, time: 1.090, data_time: 0.021, memory: 37111, loss_mask: 0.0732, loss_texture: 0.0028, iou: 0.7333, iou_t0: 0.8559, iou_t1: 0.7603, iou_t2: 0.6168, iou_t3: 0.6697, iou_t4: 0.7704, iou_t5: 0.7386, loss: 0.0760
2026-05-05 08:49:22,792 - mmdet - INFO - Iter [7150/120000]	lr: 1.000e-04, eta: 1 day, 19:35:10, time: 1.087, data_time: 0.020, memory: 37111, loss_mask: 0.0705, loss_texture: 0.0029, iou: 0.7670, iou_t0: 0.7681, iou_t1: 0.8006, iou_t2: 0.6977, iou_t3: 0.7647, iou_t4: 0.7387, iou_t5: 0.7577, loss: 0.0734
2026-05-05 08:49:49,961 - mmdet - INFO - Iter [7175/120000]	lr: 1.000e-04, eta: 1 day, 19:32:36, time: 1.087, data_time: 0.020, memory: 37111, loss_mask: 0.0715, loss_texture: 0.0026, iou: 0.6927, iou_t0: 0.7779, iou_t1: 0.7305, iou_t2: 0.6703, iou_t3: 0.6346, iou_t4: 0.5959, iou_t5: 0.7515, loss: 0.0740
2026-05-05 08:50:17,157 - mmdet - INFO - Iter [7200/120000]	lr: 1.000e-04, eta: 1 day, 19:30:03, time: 1.088, data_time: 0.020, memory: 37111, loss_mask: 0.0698, loss_texture: 0.0028, iou: 0.6876, iou_t0: 0.8022, iou_t1: 0.6595, iou_t2: 0.6745, iou_t3: 0.6968, iou_t4: 0.7418, iou_t5: 0.6571, loss: 0.0726
2026-05-05 08:50:44,428 - mmdet - INFO - Iter [7225/120000]	lr: 1.000e-04, eta: 1 day, 19:27:32, time: 1.091, data_time: 0.021, memory: 37111, loss_mask: 0.0728, loss_texture: 0.0029, iou: 0.7292, iou_t0: 0.7574, iou_t1: 0.6743, iou_t2: 0.7450, iou_t3: 0.7003, iou_t4: 0.6448, iou_t5: 0.7748, loss: 0.0757
2026-05-05 08:51:11,655 - mmdet - INFO - Iter [7250/120000]	lr: 1.000e-04, eta: 1 day, 19:25:01, time: 1.089, data_time: 0.020, memory: 37111, loss_mask: 0.0853, loss_texture: 0.0029, iou: 0.7348, iou_t0: 0.8165, iou_t1: 0.7985, iou_t2: 0.6940, iou_t3: 0.7246, iou_t4: 0.7099, iou_t5: 0.7481, loss: 0.0882
2026-05-05 08:51:38,913 - mmdet - INFO - Iter [7275/120000]	lr: 1.000e-04, eta: 1 day, 19:22:32, time: 1.090, data_time: 0.020, memory: 37111, loss_mask: 0.0750, loss_texture: 0.0031, iou: 0.7253, iou_t0: 0.8656, iou_t1: 0.6812, iou_t2: 0.5887, iou_t3: 0.7616, iou_t4: 0.7562, iou_t5: 0.7501, loss: 0.0780
2026-05-05 08:52:06,305 - mmdet - INFO - Iter [7300/120000]	lr: 1.000e-04, eta: 1 day, 19:20:06, time: 1.096, data_time: 0.022, memory: 37111, loss_mask: 0.0741, loss_texture: 0.0028, iou: 0.7027, iou_t0: 0.7249, iou_t1: 0.7537, iou_t2: 0.6551, iou_t3: 0.7621, iou_t4: 0.6525, iou_t5: 0.6563, loss: 0.0768
2026-05-05 08:52:33,644 - mmdet - INFO - Iter [7325/120000]	lr: 1.000e-04, eta: 1 day, 19:17:39, time: 1.094, data_time: 0.022, memory: 37111, loss_mask: 0.0703, loss_texture: 0.0027, iou: 0.7088, iou_t0: 0.7684, iou_t1: 0.7663, iou_t2: 0.6557, iou_t3: 0.6588, iou_t4: 0.7103, iou_t5: 0.7226, loss: 0.0731
2026-05-05 08:53:00,887 - mmdet - INFO - Iter [7350/120000]	lr: 1.000e-04, eta: 1 day, 19:15:12, time: 1.090, data_time: 0.020, memory: 37111, loss_mask: 0.0836, loss_texture: 0.0029, iou: 0.6912, iou_t0: 0.7954, iou_t1: 0.7573, iou_t2: 0.6940, iou_t3: 0.6888, iou_t4: 0.6159, iou_t5: 0.6083, loss: 0.0865
2026-05-05 08:53:28,150 - mmdet - INFO - Iter [7375/120000]	lr: 1.000e-04, eta: 1 day, 19:12:46, time: 1.091, data_time: 0.020, memory: 37111, loss_mask: 0.0923, loss_texture: 0.0031, iou: 0.7533, iou_t0: 0.7303, iou_t1: 0.8015, iou_t2: 0.6993, iou_t3: 0.7063, iou_t4: 0.7499, iou_t5: 0.7128, loss: 0.0954
2026-05-05 08:53:55,618 - mmdet - INFO - Iter [7400/120000]	lr: 1.000e-04, eta: 1 day, 19:10:24, time: 1.099, data_time: 0.021, memory: 37111, loss_mask: 0.0743, loss_texture: 0.0029, iou: 0.6887, iou_t0: 0.7403, iou_t1: 0.6900, iou_t2: 0.6394, iou_t3: 0.6719, iou_t4: 0.7476, iou_t5: 0.6095, loss: 0.0772
2026-05-05 08:54:22,948 - mmdet - INFO - Iter [7425/120000]	lr: 1.000e-04, eta: 1 day, 19:08:01, time: 1.093, data_time: 0.022, memory: 37111, loss_mask: 0.0715, loss_texture: 0.0029, iou: 0.7385, iou_t0: 0.8006, iou_t1: 0.7796, iou_t2: 0.7797, iou_t3: 0.7507, iou_t4: 0.7260, iou_t5: 0.6569, loss: 0.0744
2026-05-05 08:54:50,146 - mmdet - INFO - Iter [7450/120000]	lr: 1.000e-04, eta: 1 day, 19:05:36, time: 1.088, data_time: 0.020, memory: 37111, loss_mask: 0.0759, loss_texture: 0.0030, iou: 0.7435, iou_t0: 0.8170, iou_t1: 0.6996, iou_t2: 0.7030, iou_t3: 0.7813, iou_t4: 0.7995, iou_t5: 0.7033, loss: 0.0790
2026-05-05 08:55:17,333 - mmdet - INFO - Iter [7475/120000]	lr: 1.000e-04, eta: 1 day, 19:03:12, time: 1.087, data_time: 0.020, memory: 37111, loss_mask: 0.0703, loss_texture: 0.0029, iou: 0.7424, iou_t0: 0.7411, iou_t1: 0.8000, iou_t2: 0.6039, iou_t3: 0.7166, iou_t4: 0.8124, iou_t5: 0.7289, loss: 0.0732
2026-05-05 08:55:44,531 - mmdet - INFO - 
--- Val evaluation at iter 7500 ---
2026-05-05 08:58:17,274 - mmdet - INFO - 
+------------+-------------+-------------+
| Class      | Val IoU     | Pseudo IoU  |
+------------+-------------+-------------+
| background | 91.84       | 92.68       |
| building   | 66.56       | 69.14       |
| Summary    | mIoU: 79.20 | mIoU: 80.91 |
+------------+-------------+-------------+
Images evaluated: 218
2026-05-05 08:58:19,800 - mmdet - INFO - ★ New best mIoU: 79.20% (prev: 79.01%, Δ=+0.19%) → saved to /home/ubuntu/vy/Denoiser/SegRefiner/work_dirs/exp8_all/best_model.pth
2026-05-05 08:58:19,805 - mmdet - INFO - Iter [7500/120000]	lr: 1.000e-04, eta: 1 day, 19:00:49, time: 1.088, data_time: 0.020, memory: 37111, val/mIoU: 0.7920, val/IoU.building: 0.6656, val/IoU.background: 0.9184, val/Pseudo_mIoU: 0.8091, loss_mask: 0.0714, loss_texture: 0.0026, iou: 0.7143, iou_t0: 0.7350, iou_t1: 0.7756, iou_t2: 0.5876, iou_t3: 0.6395, iou_t4: 0.7735, iou_t5: 0.7578, loss: 0.0741
2026-05-05 08:58:46,922 - mmdet - INFO - Iter [7525/120000]	lr: 1.000e-04, eta: 1 day, 19:37:07, time: 7.296, data_time: 6.232, memory: 37111, loss_mask: 0.0699, loss_texture: 0.0028, iou: 0.7321, iou_t0: 0.7524, iou_t1: 0.7857, iou_t2: 0.7382, iou_t3: 0.7376, iou_t4: 0.7126, iou_t5: 0.6337, loss: 0.0727
2026-05-05 08:59:14,031 - mmdet - INFO - Iter [7550/120000]	lr: 1.000e-04, eta: 1 day, 19:34:36, time: 1.084, data_time: 0.020, memory: 37111, loss_mask: 0.0835, loss_texture: 0.0030, iou: 0.7098, iou_t0: 0.7747, iou_t1: 0.7221, iou_t2: 0.6373, iou_t3: 0.6224, iou_t4: 0.7776, iou_t5: 0.7568, loss: 0.0865
2026-05-05 08:59:41,163 - mmdet - INFO - Iter [7575/120000]	lr: 1.000e-04, eta: 1 day, 19:32:06, time: 1.085, data_time: 0.020, memory: 37111, loss_mask: 0.1039, loss_texture: 0.0030, iou: 0.6727, iou_t0: 0.6858, iou_t1: 0.7250, iou_t2: 0.6430, iou_t3: 0.6637, iou_t4: 0.6827, iou_t5: 0.6466, loss: 0.1070
2026-05-05 09:00:08,510 - mmdet - INFO - Iter [7600/120000]	lr: 1.000e-04, eta: 1 day, 19:29:40, time: 1.094, data_time: 0.022, memory: 37111, loss_mask: 0.0916, loss_texture: 0.0030, iou: 0.6895, iou_t0: 0.7666, iou_t1: 0.6923, iou_t2: 0.6971, iou_t3: 0.5736, iou_t4: 0.7003, iou_t5: 0.7455, loss: 0.0946
2026-05-05 09:00:35,882 - mmdet - INFO - Iter [7625/120000]	lr: 1.000e-04, eta: 1 day, 19:27:15, time: 1.095, data_time: 0.023, memory: 37111, loss_mask: 0.0706, loss_texture: 0.0028, iou: 0.7456, iou_t0: 0.7978, iou_t1: 0.7635, iou_t2: 0.6203, iou_t3: 0.7021, iou_t4: 0.7913, iou_t5: 0.7725, loss: 0.0734
2026-05-05 09:01:03,200 - mmdet - INFO - Iter [7650/120000]	lr: 1.000e-04, eta: 1 day, 19:24:51, time: 1.093, data_time: 0.021, memory: 37111, loss_mask: 0.0668, loss_texture: 0.0026, iou: 0.7324, iou_t0: 0.7827, iou_t1: 0.7003, iou_t2: 0.6135, iou_t3: 0.7685, iou_t4: 0.7021, iou_t5: 0.7374, loss: 0.0694
2026-05-05 09:01:30,460 - mmdet - INFO - Iter [7675/120000]	lr: 1.000e-04, eta: 1 day, 19:22:26, time: 1.090, data_time: 0.021, memory: 37111, loss_mask: 0.1009, loss_texture: 0.0032, iou: 0.7143, iou_t0: 0.7131, iou_t1: 0.8010, iou_t2: 0.6962, iou_t3: 0.5605, iou_t4: 0.7650, iou_t5: 0.6696, loss: 0.1041
2026-05-05 09:01:57,651 - mmdet - INFO - Iter [7700/120000]	lr: 1.000e-04, eta: 1 day, 19:20:01, time: 1.088, data_time: 0.020, memory: 37111, loss_mask: 0.1224, loss_texture: 0.0033, iou: 0.6947, iou_t0: 0.7216, iou_t1: 0.7263, iou_t2: 0.6215, iou_t3: 0.6288, iou_t4: 0.7960, iou_t5: 0.6810, loss: 0.1257
2026-05-05 09:02:24,906 - mmdet - INFO - Iter [7725/120000]	lr: 1.000e-04, eta: 1 day, 19:17:37, time: 1.090, data_time: 0.021, memory: 37111, loss_mask: 0.1204, loss_texture: 0.0035, iou: 0.6721, iou_t0: 0.7368, iou_t1: 0.6564, iou_t2: 0.5875, iou_t3: 0.6771, iou_t4: 0.6435, iou_t5: 0.6961, loss: 0.1239
2026-05-05 09:02:52,126 - mmdet - INFO - Iter [7750/120000]	lr: 1.000e-04, eta: 1 day, 19:15:14, time: 1.089, data_time: 0.020, memory: 37111, loss_mask: 0.1028, loss_texture: 0.0035, iou: 0.6974, iou_t0: 0.7276, iou_t1: 0.7111, iou_t2: 0.7252, iou_t3: 0.6460, iou_t4: 0.7019, iou_t5: 0.6984, loss: 0.1064
2026-05-05 09:03:19,296 - mmdet - INFO - Iter [7775/120000]	lr: 1.000e-04, eta: 1 day, 19:12:51, time: 1.087, data_time: 0.020, memory: 37111, loss_mask: 0.0929, loss_texture: 0.0032, iou: 0.7113, iou_t0: 0.8223, iou_t1: 0.7491, iou_t2: 0.6516, iou_t3: 0.7363, iou_t4: 0.6747, iou_t5: 0.6506, loss: 0.0960
2026-05-05 09:03:46,545 - mmdet - INFO - Iter [7800/120000]	lr: 1.000e-04, eta: 1 day, 19:10:30, time: 1.090, data_time: 0.021, memory: 37111, loss_mask: 0.1005, loss_texture: 0.0031, iou: 0.6906, iou_t0: 0.6940, iou_t1: 0.7068, iou_t2: 0.7468, iou_t3: 0.6622, iou_t4: 0.6939, iou_t5: 0.7119, loss: 0.1036
2026-05-05 09:04:13,824 - mmdet - INFO - Iter [7825/120000]	lr: 1.000e-04, eta: 1 day, 19:08:10, time: 1.091, data_time: 0.021, memory: 37111, loss_mask: 0.0907, loss_texture: 0.0031, iou: 0.7052, iou_t0: 0.7305, iou_t1: 0.7449, iou_t2: 0.5960, iou_t3: 0.7187, iou_t4: 0.6529, iou_t5: 0.7890, loss: 0.0938
2026-05-05 09:04:41,151 - mmdet - INFO - Iter [7850/120000]	lr: 1.000e-04, eta: 1 day, 19:05:51, time: 1.093, data_time: 0.020, memory: 37111, loss_mask: 0.0745, loss_texture: 0.0028, iou: 0.7048, iou_t0: 0.7850, iou_t1: 0.6838, iou_t2: 0.6802, iou_t3: 0.6915, iou_t4: 0.7435, iou_t5: 0.6727, loss: 0.0774
2026-05-05 09:05:08,442 - mmdet - INFO - Iter [7875/120000]	lr: 1.000e-04, eta: 1 day, 19:03:33, time: 1.092, data_time: 0.021, memory: 37111, loss_mask: 0.0655, loss_texture: 0.0026, iou: 0.7247, iou_t0: 0.7227, iou_t1: 0.7239, iou_t2: 0.7758, iou_t3: 0.7627, iou_t4: 0.7078, iou_t5: 0.7009, loss: 0.0682
2026-05-05 09:05:35,610 - mmdet - INFO - Iter [7900/120000]	lr: 1.000e-04, eta: 1 day, 19:01:13, time: 1.087, data_time: 0.021, memory: 37111, loss_mask: 0.0809, loss_texture: 0.0027, iou: 0.6980, iou_t0: 0.6460, iou_t1: 0.7173, iou_t2: 0.6631, iou_t3: 0.6975, iou_t4: 0.6696, iou_t5: 0.7290, loss: 0.0837
2026-05-05 09:06:02,843 - mmdet - INFO - Iter [7925/120000]	lr: 1.000e-04, eta: 1 day, 18:58:56, time: 1.089, data_time: 0.021, memory: 37111, loss_mask: 0.0876, loss_texture: 0.0032, iou: 0.7250, iou_t0: 0.8232, iou_t1: 0.7655, iou_t2: 0.6682, iou_t3: 0.7671, iou_t4: 0.6384, iou_t5: 0.7247, loss: 0.0908
2026-05-05 09:06:30,072 - mmdet - INFO - Iter [7950/120000]	lr: 1.000e-04, eta: 1 day, 18:56:38, time: 1.089, data_time: 0.020, memory: 37111, loss_mask: 0.0772, loss_texture: 0.0029, iou: 0.7253, iou_t0: 0.7614, iou_t1: 0.8302, iou_t2: 0.6197, iou_t3: 0.6696, iou_t4: 0.7777, iou_t5: 0.7102, loss: 0.0801
2026-05-05 09:06:57,240 - mmdet - INFO - Iter [7975/120000]	lr: 1.000e-04, eta: 1 day, 18:54:21, time: 1.087, data_time: 0.020, memory: 37111, loss_mask: 0.0576, loss_texture: 0.0023, iou: 0.7177, iou_t0: 0.6852, iou_t1: 0.8032, iou_t2: 0.6410, iou_t3: 0.6920, iou_t4: 0.7458, iou_t5: 0.7163, loss: 0.0599
2026-05-05 09:07:24,513 - mmdet - INFO - 
--- Val evaluation at iter 8000 ---
2026-05-05 09:09:56,248 - mmdet - INFO - 
+------------+-------------+-------------+
| Class      | Val IoU     | Pseudo IoU  |
+------------+-------------+-------------+
| background | 90.73       | 92.68       |
| building   | 58.36       | 69.14       |
| Summary    | mIoU: 74.55 | mIoU: 80.91 |
+------------+-------------+-------------+
Images evaluated: 218
2026-05-05 09:09:57,625 - mmdet - INFO - Exp name: exp8_all.py
2026-05-05 09:09:57,625 - mmdet - INFO - Iter [8000/120000]	lr: 1.000e-04, eta: 1 day, 18:52:06, time: 1.091, data_time: 0.021, memory: 37111, val/mIoU: 0.7455, val/IoU.building: 0.5836, val/IoU.background: 0.9073, val/Pseudo_mIoU: 0.8091, loss_mask: 0.0851, loss_texture: 0.0032, iou: 0.7407, iou_t0: 0.8489, iou_t1: 0.7136, iou_t2: 0.6628, iou_t3: 0.6997, iou_t4: 0.7391, iou_t5: 0.7633, loss: 0.0884
2026-05-05 09:10:24,792 - mmdet - INFO - Iter [8025/120000]	lr: 1.000e-04, eta: 1 day, 19:25:26, time: 7.211, data_time: 6.145, memory: 37111, loss_mask: 0.0894, loss_texture: 0.0028, iou: 0.7320, iou_t0: 0.8686, iou_t1: 0.6838, iou_t2: 0.7438, iou_t3: 0.5575, iou_t4: 0.8047, iou_t5: 0.7621, loss: 0.0922
2026-05-05 09:10:52,003 - mmdet - INFO - Iter [8050/120000]	lr: 1.000e-04, eta: 1 day, 19:23:04, time: 1.088, data_time: 0.021, memory: 37111, loss_mask: 0.0894, loss_texture: 0.0030, iou: 0.6495, iou_t0: 0.7037, iou_t1: 0.7821, iou_t2: 0.6015, iou_t3: 0.6028, iou_t4: 0.6414, iou_t5: 0.6864, loss: 0.0924
2026-05-05 09:11:19,251 - mmdet - INFO - Iter [8075/120000]	lr: 1.000e-04, eta: 1 day, 19:20:44, time: 1.090, data_time: 0.021, memory: 37111, loss_mask: 0.0805, loss_texture: 0.0030, iou: 0.7397, iou_t0: 0.8254, iou_t1: 0.7912, iou_t2: 0.6585, iou_t3: 0.6834, iou_t4: 0.6871, iou_t5: 0.7419, loss: 0.0835
2026-05-05 09:11:46,418 - mmdet - INFO - Iter [8100/120000]	lr: 1.000e-04, eta: 1 day, 19:18:23, time: 1.087, data_time: 0.020, memory: 37111, loss_mask: 0.1024, loss_texture: 0.0031, iou: 0.7391, iou_t0: 0.7409, iou_t1: 0.7422, iou_t2: 0.6958, iou_t3: 0.7421, iou_t4: 0.7228, iou_t5: 0.6853, loss: 0.1055
2026-05-05 09:12:13,660 - mmdet - INFO - Iter [8125/120000]	lr: 1.000e-04, eta: 1 day, 19:16:03, time: 1.090, data_time: 0.022, memory: 37111, loss_mask: 0.1016, loss_texture: 0.0030, iou: 0.6868, iou_t0: 0.7728, iou_t1: 0.6480, iou_t2: 0.6749, iou_t3: 0.7317, iou_t4: 0.5519, iou_t5: 0.7628, loss: 0.1046
2026-05-05 09:12:40,848 - mmdet - INFO - Iter [8150/120000]	lr: 1.000e-04, eta: 1 day, 19:13:44, time: 1.088, data_time: 0.020, memory: 37111, loss_mask: 0.0909, loss_texture: 0.0029, iou: 0.7271, iou_t0: 0.7408, iou_t1: 0.7585, iou_t2: 0.7203, iou_t3: 0.6277, iou_t4: 0.7879, iou_t5: 0.7013, loss: 0.0938
2026-05-05 09:13:08,053 - mmdet - INFO - Iter [8175/120000]	lr: 1.000e-04, eta: 1 day, 19:11:25, time: 1.088, data_time: 0.020, memory: 37111, loss_mask: 0.0748, loss_texture: 0.0028, iou: 0.7210, iou_t0: 0.7515, iou_t1: 0.6826, iou_t2: 0.6080, iou_t3: 0.7488, iou_t4: 0.8103, iou_t5: 0.7277, loss: 0.0776
2026-05-05 09:13:35,333 - mmdet - INFO - Iter [8200/120000]	lr: 1.000e-04, eta: 1 day, 19:09:09, time: 1.091, data_time: 0.022, memory: 37111, loss_mask: 0.0599, loss_texture: 0.0025, iou: 0.7119, iou_t0: 0.7444, iou_t1: 0.7589, iou_t2: 0.6435, iou_t3: 0.6325, iou_t4: 0.7648, iou_t5: 0.7130, loss: 0.0624
2026-05-05 09:14:02,581 - mmdet - INFO - Iter [8225/120000]	lr: 1.000e-04, eta: 1 day, 19:06:52, time: 1.090, data_time: 0.021, memory: 37111, loss_mask: 0.0665, loss_texture: 0.0026, iou: 0.6850, iou_t0: 0.7119, iou_t1: 0.7912, iou_t2: 0.6283, iou_t3: 0.6944, iou_t4: 0.6994, iou_t5: 0.7347, loss: 0.0691
2026-05-05 09:14:29,768 - mmdet - INFO - Iter [8250/120000]	lr: 1.000e-04, eta: 1 day, 19:04:35, time: 1.087, data_time: 0.020, memory: 37111, loss_mask: 0.0685, loss_texture: 0.0026, iou: 0.7563, iou_t0: 0.7123, iou_t1: 0.8379, iou_t2: 0.6443, iou_t3: 0.6796, iou_t4: 0.7809, iou_t5: 0.7465, loss: 0.0712
2026-05-05 09:14:56,948 - mmdet - INFO - Iter [8275/120000]	lr: 1.000e-04, eta: 1 day, 19:02:19, time: 1.087, data_time: 0.020, memory: 37111, loss_mask: 0.0695, loss_texture: 0.0026, iou: 0.6964, iou_t0: 0.7163, iou_t1: 0.7300, iou_t2: 0.6942, iou_t3: 0.6562, iou_t4: 0.7133, iou_t5: 0.7376, loss: 0.0721
2026-05-05 09:15:24,180 - mmdet - INFO - Iter [8300/120000]	lr: 1.000e-04, eta: 1 day, 19:00:04, time: 1.089, data_time: 0.020, memory: 37111, loss_mask: 0.0674, loss_texture: 0.0027, iou: 0.7134, iou_t0: 0.7418, iou_t1: 0.7750, iou_t2: 0.6735, iou_t3: 0.7558, iou_t4: 0.6087, iou_t5: 0.7275, loss: 0.0702
2026-05-05 09:15:51,443 - mmdet - INFO - Iter [8325/120000]	lr: 1.000e-04, eta: 1 day, 18:57:51, time: 1.091, data_time: 0.022, memory: 37111, loss_mask: 0.0848, loss_texture: 0.0030, iou: 0.7062, iou_t0: 0.7361, iou_t1: 0.7379, iou_t2: 0.6851, iou_t3: 0.6443, iou_t4: 0.6238, iou_t5: 0.6745, loss: 0.0878
2026-05-05 09:16:18,693 - mmdet - INFO - Iter [8350/120000]	lr: 1.000e-04, eta: 1 day, 18:55:38, time: 1.090, data_time: 0.020, memory: 37111, loss_mask: 0.0849, loss_texture: 0.0029, iou: 0.7258, iou_t0: 0.6715, iou_t1: 0.6459, iou_t2: 0.7296, iou_t3: 0.8085, iou_t4: 0.7873, iou_t5: 0.7046, loss: 0.0878
2026-05-05 09:16:45,916 - mmdet - INFO - Iter [8375/120000]	lr: 1.000e-04, eta: 1 day, 18:53:25, time: 1.089, data_time: 0.020, memory: 37111, loss_mask: 0.0732, loss_texture: 0.0025, iou: 0.7209, iou_t0: 0.8075, iou_t1: 0.6903, iou_t2: 0.5488, iou_t3: 0.7429, iou_t4: 0.7653, iou_t5: 0.7610, loss: 0.0757
2026-05-05 09:17:13,196 - mmdet - INFO - Iter [8400/120000]	lr: 1.000e-04, eta: 1 day, 18:51:13, time: 1.091, data_time: 0.021, memory: 37111, loss_mask: 0.0976, loss_texture: 0.0036, iou: 0.7224, iou_t0: 0.7447, iou_t1: 0.7783, iou_t2: 0.6225, iou_t3: 0.7278, iou_t4: 0.7455, iou_t5: 0.7255, loss: 0.1012
2026-05-05 09:17:40,469 - mmdet - INFO - Iter [8425/120000]	lr: 1.000e-04, eta: 1 day, 18:49:02, time: 1.091, data_time: 0.021, memory: 37111, loss_mask: 0.0744, loss_texture: 0.0028, iou: 0.6971, iou_t0: 0.7601, iou_t1: 0.6581, iou_t2: 0.6806, iou_t3: 0.5615, iou_t4: 0.7083, iou_t5: 0.7525, loss: 0.0772
2026-05-05 09:18:07,704 - mmdet - INFO - Iter [8450/120000]	lr: 1.000e-04, eta: 1 day, 18:46:51, time: 1.089, data_time: 0.020, memory: 37111, loss_mask: 0.0753, loss_texture: 0.0025, iou: 0.6975, iou_t0: 0.7321, iou_t1: 0.8305, iou_t2: 0.5925, iou_t3: 0.7103, iou_t4: 0.6174, iou_t5: 0.6952, loss: 0.0778
2026-05-05 09:18:34,999 - mmdet - INFO - Iter [8475/120000]	lr: 1.000e-04, eta: 1 day, 18:44:41, time: 1.092, data_time: 0.021, memory: 37111, loss_mask: 0.0731, loss_texture: 0.0028, iou: 0.6837, iou_t0: 0.6668, iou_t1: 0.6532, iou_t2: 0.6578, iou_t3: 0.6971, iou_t4: 0.7788, iou_t5: 0.6658, loss: 0.0759
2026-05-05 09:19:02,301 - mmdet - INFO - 
--- Val evaluation at iter 8500 ---
2026-05-05 09:21:34,068 - mmdet - INFO - 
+------------+-------------+-------------+
| Class      | Val IoU     | Pseudo IoU  |
+------------+-------------+-------------+
| background | 91.45       | 92.68       |
| building   | 63.81       | 69.14       |
| Summary    | mIoU: 77.63 | mIoU: 80.91 |
+------------+-------------+-------------+
Images evaluated: 218
2026-05-05 09:21:35,431 - mmdet - INFO - Iter [8500/120000]	lr: 1.000e-04, eta: 1 day, 18:42:33, time: 1.092, data_time: 0.021, memory: 37111, val/mIoU: 0.7763, val/IoU.building: 0.6381, val/IoU.background: 0.9145, val/Pseudo_mIoU: 0.8091, loss_mask: 0.0693, loss_texture: 0.0029, iou: 0.7553, iou_t0: 0.8318, iou_t1: 0.7416, iou_t2: 0.7098, iou_t3: 0.6833, iou_t4: 0.7212, iou_t5: 0.8200, loss: 0.0722
2026-05-05 09:22:02,644 - mmdet - INFO - Iter [8525/120000]	lr: 1.000e-04, eta: 1 day, 19:13:45, time: 7.214, data_time: 6.146, memory: 37111, loss_mask: 0.0659, loss_texture: 0.0027, iou: 0.7414, iou_t0: 0.8908, iou_t1: 0.7325, iou_t2: 0.6156, iou_t3: 0.6425, iou_t4: 0.7361, iou_t5: 0.8076, loss: 0.0687
2026-05-05 09:22:29,838 - mmdet - INFO - Iter [8550/120000]	lr: 1.000e-04, eta: 1 day, 19:11:30, time: 1.088, data_time: 0.020, memory: 37111, loss_mask: 0.0643, loss_texture: 0.0026, iou: 0.7216, iou_t0: 0.7455, iou_t1: 0.7765, iou_t2: 0.6889, iou_t3: 0.7177, iou_t4: 0.6699, iou_t5: 0.7060, loss: 0.0668
2026-05-05 09:22:57,125 - mmdet - INFO - Iter [8575/120000]	lr: 1.000e-04, eta: 1 day, 19:09:17, time: 1.091, data_time: 0.021, memory: 37111, loss_mask: 0.0683, loss_texture: 0.0028, iou: 0.7245, iou_t0: 0.7991, iou_t1: 0.7947, iou_t2: 0.6156, iou_t3: 0.6199, iou_t4: 0.7934, iou_t5: 0.7087, loss: 0.0711
2026-05-05 09:23:24,289 - mmdet - INFO - Iter [8600/120000]	lr: 1.000e-04, eta: 1 day, 19:07:02, time: 1.087, data_time: 0.020, memory: 37111, loss_mask: 0.0869, loss_texture: 0.0027, iou: 0.6962, iou_t0: 0.7662, iou_t1: 0.6879, iou_t2: 0.5999, iou_t3: 0.7698, iou_t4: 0.6314, iou_t5: 0.6286, loss: 0.0896
2026-05-05 09:23:51,560 - mmdet - INFO - Iter [8625/120000]	lr: 1.000e-04, eta: 1 day, 19:04:50, time: 1.091, data_time: 0.021, memory: 37111, loss_mask: 0.0875, loss_texture: 0.0028, iou: 0.7125, iou_t0: 0.7532, iou_t1: 0.7665, iou_t2: 0.6490, iou_t3: 0.6776, iou_t4: 0.7604, iou_t5: 0.6901, loss: 0.0903
2026-05-05 09:24:18,772 - mmdet - INFO - Iter [8650/120000]	lr: 1.000e-04, eta: 1 day, 19:02:37, time: 1.088, data_time: 0.020, memory: 37111, loss_mask: 0.0956, loss_texture: 0.0030, iou: 0.7585, iou_t0: 0.7278, iou_t1: 0.8109, iou_t2: 0.7091, iou_t3: 0.7216, iou_t4: 0.7337, iou_t5: 0.8340, loss: 0.0986
2026-05-05 09:24:45,954 - mmdet - INFO - Iter [8675/120000]	lr: 1.000e-04, eta: 1 day, 19:00:24, time: 1.087, data_time: 0.020, memory: 37111, loss_mask: 0.0786, loss_texture: 0.0029, iou: 0.6896, iou_t0: 0.7625, iou_t1: 0.8575, iou_t2: 0.6365, iou_t3: 0.6464, iou_t4: 0.6887, iou_t5: 0.6127, loss: 0.0815
2026-05-05 09:25:13,220 - mmdet - INFO - Iter [8700/120000]	lr: 1.000e-04, eta: 1 day, 18:58:14, time: 1.091, data_time: 0.021, memory: 37111, loss_mask: 0.0867, loss_texture: 0.0031, iou: 0.7020, iou_t0: 0.7125, iou_t1: 0.7301, iou_t2: 0.6476, iou_t3: 0.7253, iou_t4: 0.6530, iou_t5: 0.7254, loss: 0.0899
2026-05-05 09:25:40,489 - mmdet - INFO - Iter [8725/120000]	lr: 1.000e-04, eta: 1 day, 18:56:04, time: 1.091, data_time: 0.022, memory: 37111, loss_mask: 0.0736, loss_texture: 0.0028, iou: 0.7025, iou_t0: 0.7139, iou_t1: 0.7270, iou_t2: 0.6657, iou_t3: 0.8074, iou_t4: 0.6678, iou_t5: 0.6634, loss: 0.0764
2026-05-05 09:26:07,686 - mmdet - INFO - Iter [8750/120000]	lr: 1.000e-04, eta: 1 day, 18:53:53, time: 1.088, data_time: 0.020, memory: 37111, loss_mask: 0.0765, loss_texture: 0.0029, iou: 0.7128, iou_t0: 0.7470, iou_t1: 0.7726, iou_t2: 0.7421, iou_t3: 0.7240, iou_t4: 0.6459, iou_t5: 0.7224, loss: 0.0793
2026-05-05 09:26:34,800 - mmdet - INFO - Iter [8775/120000]	lr: 1.000e-04, eta: 1 day, 18:51:42, time: 1.085, data_time: 0.020, memory: 37111, loss_mask: 0.0673, loss_texture: 0.0025, iou: 0.7178, iou_t0: 0.7616, iou_t1: 0.6623, iou_t2: 0.6754, iou_t3: 0.7659, iou_t4: 0.6061, iou_t5: 0.7747, loss: 0.0698
2026-05-05 09:27:01,950 - mmdet - INFO - Iter [8800/120000]	lr: 1.000e-04, eta: 1 day, 18:49:32, time: 1.086, data_time: 0.021, memory: 37111, loss_mask: 0.0752, loss_texture: 0.0028, iou: 0.7260, iou_t0: 0.8314, iou_t1: 0.7203, iou_t2: 0.6962, iou_t3: 0.7484, iou_t4: 0.7637, iou_t5: 0.6294, loss: 0.0780
2026-05-05 09:27:29,262 - mmdet - INFO - Iter [8825/120000]	lr: 1.000e-04, eta: 1 day, 18:47:25, time: 1.092, data_time: 0.022, memory: 37111, loss_mask: 0.0864, loss_texture: 0.0028, iou: 0.7196, iou_t0: 0.7896, iou_t1: 0.7665, iou_t2: 0.6311, iou_t3: 0.7128, iou_t4: 0.7653, iou_t5: 0.7410, loss: 0.0892
2026-05-05 09:27:56,494 - mmdet - INFO - Iter [8850/120000]	lr: 1.000e-04, eta: 1 day, 18:45:17, time: 1.089, data_time: 0.020, memory: 37111, loss_mask: 0.0675, loss_texture: 0.0026, iou: 0.7171, iou_t0: 0.7273, iou_t1: 0.6874, iou_t2: 0.7556, iou_t3: 0.7379, iou_t4: 0.6525, iou_t5: 0.7064, loss: 0.0701
2026-05-05 09:28:23,690 - mmdet - INFO - Iter [8875/120000]	lr: 1.000e-04, eta: 1 day, 18:43:10, time: 1.088, data_time: 0.020, memory: 37111, loss_mask: 0.1526, loss_texture: 0.0037, iou: 0.7182, iou_t0: 0.8133, iou_t1: 0.7669, iou_t2: 0.6407, iou_t3: 0.6428, iou_t4: 0.7747, iou_t5: 0.6645, loss: 0.1563
2026-05-05 09:28:51,015 - mmdet - INFO - Iter [8900/120000]	lr: 1.000e-04, eta: 1 day, 18:41:04, time: 1.093, data_time: 0.021, memory: 37111, loss_mask: 0.1231, loss_texture: 0.0033, iou: 0.6616, iou_t0: 0.7474, iou_t1: 0.7351, iou_t2: 0.5445, iou_t3: 0.5766, iou_t4: 0.6941, iou_t5: 0.6446, loss: 0.1264
2026-05-05 09:29:18,362 - mmdet - INFO - Iter [8925/120000]	lr: 1.000e-04, eta: 1 day, 18:39:00, time: 1.094, data_time: 0.022, memory: 37111, loss_mask: 0.0711, loss_texture: 0.0026, iou: 0.7009, iou_t0: 0.7590, iou_t1: 0.7463, iou_t2: 0.6057, iou_t3: 0.6238, iou_t4: 0.7146, iou_t5: 0.6843, loss: 0.0737
2026-05-05 09:29:45,505 - mmdet - INFO - Iter [8950/120000]	lr: 1.000e-04, eta: 1 day, 18:36:53, time: 1.086, data_time: 0.020, memory: 37111, loss_mask: 0.0766, loss_texture: 0.0029, iou: 0.7237, iou_t0: 0.8193, iou_t1: 0.7861, iou_t2: 0.6049, iou_t3: 0.7185, iou_t4: 0.5906, iou_t5: 0.7952, loss: 0.0795
2026-05-05 09:30:12,716 - mmdet - INFO - Iter [8975/120000]	lr: 1.000e-04, eta: 1 day, 18:34:48, time: 1.088, data_time: 0.021, memory: 37111, loss_mask: 0.0928, loss_texture: 0.0032, iou: 0.7505, iou_t0: 0.7668, iou_t1: 0.8388, iou_t2: 0.6442, iou_t3: 0.7843, iou_t4: 0.6913, iou_t5: 0.7467, loss: 0.0960
2026-05-05 09:30:39,884 - mmdet - INFO - 
--- Val evaluation at iter 9000 ---
2026-05-05 09:33:11,930 - mmdet - INFO - 
+------------+-------------+-------------+
| Class      | Val IoU     | Pseudo IoU  |
+------------+-------------+-------------+
| background | 91.73       | 92.68       |
| building   | 64.77       | 69.14       |
| Summary    | mIoU: 78.25 | mIoU: 80.91 |
+------------+-------------+-------------+
Images evaluated: 218
2026-05-05 09:33:13,333 - mmdet - INFO - Exp name: exp8_all.py
2026-05-05 09:33:13,334 - mmdet - INFO - Iter [9000/120000]	lr: 1.000e-04, eta: 1 day, 18:32:43, time: 1.087, data_time: 0.020, memory: 37111, val/mIoU: 0.7825, val/IoU.building: 0.6477, val/IoU.background: 0.9173, val/Pseudo_mIoU: 0.8091, loss_mask: 0.0788, loss_texture: 0.0028, iou: 0.7268, iou_t0: 0.8320, iou_t1: 0.7420, iou_t2: 0.6933, iou_t3: 0.7338, iou_t4: 0.7165, iou_t5: 0.6224, loss: 0.0815
2026-05-05 09:33:40,501 - mmdet - INFO - Iter [9025/120000]	lr: 1.000e-04, eta: 1 day, 19:02:05, time: 7.225, data_time: 6.159, memory: 37111, loss_mask: 0.0650, loss_texture: 0.0024, iou: 0.6992, iou_t0: 0.8258, iou_t1: 0.6595, iou_t2: 0.6629, iou_t3: 0.6692, iou_t4: 0.7642, iou_t5: 0.7118, loss: 0.0674
2026-05-05 09:34:07,628 - mmdet - INFO - Iter [9050/120000]	lr: 1.000e-04, eta: 1 day, 18:59:55, time: 1.085, data_time: 0.020, memory: 37111, loss_mask: 0.0689, loss_texture: 0.0028, iou: 0.7194, iou_t0: 0.7775, iou_t1: 0.7008, iou_t2: 0.7540, iou_t3: 0.7070, iou_t4: 0.7948, iou_t5: 0.6311, loss: 0.0717
2026-05-05 09:34:34,768 - mmdet - INFO - Iter [9075/120000]	lr: 1.000e-04, eta: 1 day, 18:57:46, time: 1.086, data_time: 0.020, memory: 37111, loss_mask: 0.0628, loss_texture: 0.0026, iou: 0.7177, iou_t0: 0.7353, iou_t1: 0.6945, iou_t2: 0.7023, iou_t3: 0.6660, iou_t4: 0.7609, iou_t5: 0.7040, loss: 0.0654
2026-05-05 09:35:02,039 - mmdet - INFO - Iter [9100/120000]	lr: 1.000e-04, eta: 1 day, 18:55:38, time: 1.091, data_time: 0.022, memory: 37111, loss_mask: 0.0715, loss_texture: 0.0026, iou: 0.7438, iou_t0: 0.8350, iou_t1: 0.7453, iou_t2: 0.7620, iou_t3: 0.6814, iou_t4: 0.7173, iou_t5: 0.6897, loss: 0.0742
2026-05-05 09:35:29,201 - mmdet - INFO - Iter [9125/120000]	lr: 1.000e-04, eta: 1 day, 18:53:30, time: 1.086, data_time: 0.021, memory: 37111, loss_mask: 0.0749, loss_texture: 0.0029, iou: 0.7046, iou_t0: 0.8018, iou_t1: 0.6752, iou_t2: 0.5929, iou_t3: 0.7438, iou_t4: 0.6874, iou_t5: 0.6542, loss: 0.0778
2026-05-05 09:35:56,426 - mmdet - INFO - Iter [9150/120000]	lr: 1.000e-04, eta: 1 day, 18:51:23, time: 1.089, data_time: 0.020, memory: 37111, loss_mask: 0.0691, loss_texture: 0.0029, iou: 0.7151, iou_t0: 0.7825, iou_t1: 0.5817, iou_t2: 0.6606, iou_t3: 0.7957, iou_t4: 0.7159, iou_t5: 0.7400, loss: 0.0720
2026-05-05 09:36:23,645 - mmdet - INFO - Iter [9175/120000]	lr: 1.000e-04, eta: 1 day, 18:49:17, time: 1.089, data_time: 0.020, memory: 37111, loss_mask: 0.0649, loss_texture: 0.0026, iou: 0.7368, iou_t0: 0.7976, iou_t1: 0.7301, iou_t2: 0.6311, iou_t3: 0.7881, iou_t4: 0.7274, iou_t5: 0.7583, loss: 0.0676
2026-05-05 09:36:50,954 - mmdet - INFO - Iter [9200/120000]	lr: 1.000e-04, eta: 1 day, 18:47:12, time: 1.092, data_time: 0.021, memory: 37111, loss_mask: 0.0698, loss_texture: 0.0029, iou: 0.7068, iou_t0: 0.7300, iou_t1: 0.7544, iou_t2: 0.6632, iou_t3: 0.7945, iou_t4: 0.6788, iou_t5: 0.5983, loss: 0.0727
2026-05-05 09:37:18,305 - mmdet - INFO - Iter [9225/120000]	lr: 1.000e-04, eta: 1 day, 18:45:09, time: 1.094, data_time: 0.022, memory: 37111, loss_mask: 0.0701, loss_texture: 0.0027, iou: 0.7309, iou_t0: 0.7356, iou_t1: 0.8163, iou_t2: 0.6960, iou_t3: 0.6615, iou_t4: 0.6633, iou_t5: 0.7372, loss: 0.0729
2026-05-05 09:37:45,516 - mmdet - INFO - Iter [9250/120000]	lr: 1.000e-04, eta: 1 day, 18:43:04, time: 1.088, data_time: 0.020, memory: 37111, loss_mask: 0.0695, loss_texture: 0.0027, iou: 0.7335, iou_t0: 0.7378, iou_t1: 0.7058, iou_t2: 0.5941, iou_t3: 0.7357, iou_t4: 0.8076, iou_t5: 0.6766, loss: 0.0723
2026-05-05 09:38:12,680 - mmdet - INFO - Iter [9275/120000]	lr: 1.000e-04, eta: 1 day, 18:40:59, time: 1.087, data_time: 0.020, memory: 37111, loss_mask: 0.0620, loss_texture: 0.0025, iou: 0.7110, iou_t0: 0.7677, iou_t1: 0.8054, iou_t2: 0.6499, iou_t3: 0.7159, iou_t4: 0.6094, iou_t5: 0.6902, loss: 0.0645
2026-05-05 09:38:39,905 - mmdet - INFO - Iter [9300/120000]	lr: 1.000e-04, eta: 1 day, 18:38:55, time: 1.089, data_time: 0.020, memory: 37111, loss_mask: 0.0659, loss_texture: 0.0025, iou: 0.7261, iou_t0: 0.8330, iou_t1: 0.7560, iou_t2: 0.6137, iou_t3: 0.6099, iou_t4: 0.7406, iou_t5: 0.7281, loss: 0.0685
2026-05-05 09:39:07,223 - mmdet - INFO - Iter [9325/120000]	lr: 1.000e-04, eta: 1 day, 18:36:53, time: 1.093, data_time: 0.022, memory: 37111, loss_mask: 0.0702, loss_texture: 0.0028, iou: 0.6875, iou_t0: 0.6861, iou_t1: 0.7342, iou_t2: 0.6787, iou_t3: 0.6887, iou_t4: 0.6121, iou_t5: 0.7047, loss: 0.0729
2026-05-05 09:39:34,395 - mmdet - INFO - Iter [9350/120000]	lr: 1.000e-04, eta: 1 day, 18:34:50, time: 1.087, data_time: 0.020, memory: 37111, loss_mask: 0.0744, loss_texture: 0.0025, iou: 0.7327, iou_t0: 0.8080, iou_t1: 0.7906, iou_t2: 0.6895, iou_t3: 0.6137, iou_t4: 0.7610, iou_t5: 0.7399, loss: 0.0769
2026-05-05 09:40:01,600 - mmdet - INFO - Iter [9375/120000]	lr: 1.000e-04, eta: 1 day, 18:32:48, time: 1.088, data_time: 0.020, memory: 37111, loss_mask: 0.0823, loss_texture: 0.0027, iou: 0.6972, iou_t0: 0.7727, iou_t1: 0.7206, iou_t2: 0.6470, iou_t3: 0.5552, iou_t4: 0.7691, iou_t5: 0.7382, loss: 0.0850
2026-05-05 09:40:28,900 - mmdet - INFO - Iter [9400/120000]	lr: 1.000e-04, eta: 1 day, 18:30:47, time: 1.092, data_time: 0.021, memory: 37111, loss_mask: 0.0925, loss_texture: 0.0032, iou: 0.7368, iou_t0: 0.8210, iou_t1: 0.8048, iou_t2: 0.6412, iou_t3: 0.7754, iou_t4: 0.6795, iou_t5: 0.7408, loss: 0.0957
2026-05-05 09:40:56,270 - mmdet - INFO - Iter [9425/120000]	lr: 1.000e-04, eta: 1 day, 18:28:48, time: 1.095, data_time: 0.022, memory: 37111, loss_mask: 0.0992, loss_texture: 0.0033, iou: 0.7136, iou_t0: 0.7636, iou_t1: 0.7697, iou_t2: 0.6564, iou_t3: 0.6780, iou_t4: 0.6435, iou_t5: 0.7494, loss: 0.1025
2026-05-05 09:41:23,625 - mmdet - INFO - Iter [9450/120000]	lr: 1.000e-04, eta: 1 day, 18:26:49, time: 1.094, data_time: 0.021, memory: 37111, loss_mask: 0.0722, loss_texture: 0.0028, iou: 0.7454, iou_t0: 0.8027, iou_t1: 0.7136, iou_t2: 0.6621, iou_t3: 0.7460, iou_t4: 0.7608, iou_t5: 0.7938, loss: 0.0751
2026-05-05 09:41:51,012 - mmdet - INFO - Iter [9475/120000]	lr: 1.000e-04, eta: 1 day, 18:24:51, time: 1.095, data_time: 0.021, memory: 37111, loss_mask: 0.0661, loss_texture: 0.0027, iou: 0.7179, iou_t0: 0.7156, iou_t1: 0.6580, iou_t2: 0.6688, iou_t3: 0.7323, iou_t4: 0.6860, iou_t5: 0.7850, loss: 0.0688
2026-05-05 09:42:18,334 - mmdet - INFO - 
--- Val evaluation at iter 9500 ---
2026-05-05 09:44:50,402 - mmdet - INFO - 
+------------+-------------+-------------+
| Class      | Val IoU     | Pseudo IoU  |
+------------+-------------+-------------+
| background | 91.39       | 92.68       |
| building   | 62.64       | 69.14       |
| Summary    | mIoU: 77.02 | mIoU: 80.91 |
+------------+-------------+-------------+
Images evaluated: 218
2026-05-05 09:44:51,754 - mmdet - INFO - Iter [9500/120000]	lr: 1.000e-04, eta: 1 day, 18:22:52, time: 1.093, data_time: 0.021, memory: 37111, val/mIoU: 0.7702, val/IoU.building: 0.6264, val/IoU.background: 0.9139, val/Pseudo_mIoU: 0.8091, loss_mask: 0.0695, loss_texture: 0.0028, iou: 0.7446, iou_t0: 0.8203, iou_t1: 0.6881, iou_t2: 0.6901, iou_t3: 0.6682, iou_t4: 0.6906, iou_t5: 0.8405, loss: 0.0722
2026-05-05 09:45:18,946 - mmdet - INFO - Iter [9525/120000]	lr: 1.000e-04, eta: 1 day, 18:50:32, time: 7.224, data_time: 6.158, memory: 37111, loss_mask: 0.0676, loss_texture: 0.0028, iou: 0.7142, iou_t0: 0.6831, iou_t1: 0.7416, iou_t2: 0.6921, iou_t3: 0.7029, iou_t4: 0.7377, iou_t5: 0.7037, loss: 0.0704
2026-05-05 09:45:46,152 - mmdet - INFO - Iter [9550/120000]	lr: 1.000e-04, eta: 1 day, 18:48:28, time: 1.088, data_time: 0.021, memory: 37111, loss_mask: 0.1095, loss_texture: 0.0029, iou: 0.6722, iou_t0: 0.8208, iou_t1: 0.7064, iou_t2: 0.6020, iou_t3: 0.6518, iou_t4: 0.6695, iou_t5: 0.5377, loss: 0.1124
2026-05-05 09:46:13,333 - mmdet - INFO - Iter [9575/120000]	lr: 1.000e-04, eta: 1 day, 18:46:25, time: 1.087, data_time: 0.021, memory: 37111, loss_mask: 0.1265, loss_texture: 0.0034, iou: 0.7107, iou_t0: 0.7072, iou_t1: 0.6795, iou_t2: 0.5397, iou_t3: 0.7158, iou_t4: 0.7294, iou_t5: 0.7318, loss: 0.1298
2026-05-05 09:46:40,579 - mmdet - INFO - Iter [9600/120000]	lr: 1.000e-04, eta: 1 day, 18:44:22, time: 1.090, data_time: 0.021, memory: 37111, loss_mask: 0.0827, loss_texture: 0.0032, iou: 0.7289, iou_t0: 0.7951, iou_t1: 0.6746, iou_t2: 0.7051, iou_t3: 0.8011, iou_t4: 0.7268, iou_t5: 0.6643, loss: 0.0859
2026-05-05 09:47:07,788 - mmdet - INFO - Iter [9625/120000]	lr: 1.000e-04, eta: 1 day, 18:42:20, time: 1.088, data_time: 0.021, memory: 37111, loss_mask: 0.0821, loss_texture: 0.0030, iou: 0.7366, iou_t0: 0.8106, iou_t1: 0.8134, iou_t2: 0.6816, iou_t3: 0.6727, iou_t4: 0.6870, iou_t5: 0.7016, loss: 0.0851
2026-05-05 09:47:34,933 - mmdet - INFO - Iter [9650/120000]	lr: 1.000e-04, eta: 1 day, 18:40:17, time: 1.086, data_time: 0.020, memory: 37111, loss_mask: 0.0838, loss_texture: 0.0029, iou: 0.6994, iou_t0: 0.7166, iou_t1: 0.7090, iou_t2: 0.6794, iou_t3: 0.7495, iou_t4: 0.6897, iou_t5: 0.7060, loss: 0.0867
2026-05-05 09:48:02,245 - mmdet - INFO - Iter [9675/120000]	lr: 1.000e-04, eta: 1 day, 18:38:17, time: 1.092, data_time: 0.021, memory: 37111, loss_mask: 0.0816, loss_texture: 0.0030, iou: 0.7442, iou_t0: 0.7844, iou_t1: 0.8239, iou_t2: 0.7339, iou_t3: 0.6660, iou_t4: 0.7707, iou_t5: 0.7674, loss: 0.0846
2026-05-05 09:48:29,633 - mmdet - INFO - Iter [9700/120000]	lr: 1.000e-04, eta: 1 day, 18:36:18, time: 1.096, data_time: 0.022, memory: 37111, loss_mask: 0.0698, loss_texture: 0.0028, iou: 0.7153, iou_t0: 0.7726, iou_t1: 0.7031, iou_t2: 0.7263, iou_t3: 0.7055, iou_t4: 0.6644, iou_t5: 0.7913, loss: 0.0726
2026-05-05 09:48:56,980 - mmdet - INFO - Iter [9725/120000]	lr: 1.000e-04, eta: 1 day, 18:34:19, time: 1.094, data_time: 0.023, memory: 37111, loss_mask: 0.0688, loss_texture: 0.0029, iou: 0.7100, iou_t0: 0.7994, iou_t1: 0.7297, iou_t2: 0.6781, iou_t3: 0.7449, iou_t4: 0.7152, iou_t5: 0.6593, loss: 0.0717
2026-05-05 09:49:24,198 - mmdet - INFO - Iter [9750/120000]	lr: 1.000e-04, eta: 1 day, 18:32:19, time: 1.089, data_time: 0.021, memory: 37111, loss_mask: 0.0653, loss_texture: 0.0026, iou: 0.7093, iou_t0: 0.7794, iou_t1: 0.6643, iou_t2: 0.6852, iou_t3: 0.6484, iou_t4: 0.7047, iou_t5: 0.7456, loss: 0.0679
2026-05-05 09:49:51,440 - mmdet - INFO - Iter [9775/120000]	lr: 1.000e-04, eta: 1 day, 18:30:20, time: 1.090, data_time: 0.020, memory: 37111, loss_mask: 0.0544, loss_texture: 0.0025, iou: 0.7594, iou_t0: 0.8067, iou_t1: 0.7354, iou_t2: 0.7347, iou_t3: 0.7490, iou_t4: 0.7955, iou_t5: 0.8066, loss: 0.0569
2026-05-05 09:50:18,789 - mmdet - INFO - Iter [9800/120000]	lr: 1.000e-04, eta: 1 day, 18:28:23, time: 1.094, data_time: 0.021, memory: 37111, loss_mask: 0.0519, loss_texture: 0.0023, iou: 0.7194, iou_t0: 0.7203, iou_t1: 0.7576, iou_t2: 0.6603, iou_t3: 0.7428, iou_t4: 0.6946, iou_t5: 0.7162, loss: 0.0541
2026-05-05 09:50:46,111 - mmdet - INFO - Iter [9825/120000]	lr: 1.000e-04, eta: 1 day, 18:26:25, time: 1.093, data_time: 0.022, memory: 37111, loss_mask: 0.0632, loss_texture: 0.0026, iou: 0.6767, iou_t0: 0.7239, iou_t1: 0.7785, iou_t2: 0.6415, iou_t3: 0.6612, iou_t4: 0.6451, iou_t5: 0.6491, loss: 0.0658
2026-05-05 09:51:13,395 - mmdet - INFO - Iter [9850/120000]	lr: 1.000e-04, eta: 1 day, 18:24:28, time: 1.091, data_time: 0.020, memory: 37111, loss_mask: 0.0780, loss_texture: 0.0031, iou: 0.7298, iou_t0: 0.8341, iou_t1: 0.6682, iou_t2: 0.6538, iou_t3: 0.5983, iou_t4: 0.7822, iou_t5: 0.7668, loss: 0.0810
2026-05-05 09:51:40,747 - mmdet - INFO - Iter [9875/120000]	lr: 1.000e-04, eta: 1 day, 18:22:32, time: 1.094, data_time: 0.020, memory: 37111, loss_mask: 0.0911, loss_texture: 0.0029, iou: 0.7043, iou_t0: 0.7000, iou_t1: 0.7874, iou_t2: 0.6618, iou_t3: 0.6264, iou_t4: 0.7219, iou_t5: 0.7483, loss: 0.0940
2026-05-05 09:52:08,202 - mmdet - INFO - Iter [9900/120000]	lr: 1.000e-04, eta: 1 day, 18:20:38, time: 1.098, data_time: 0.020, memory: 37111, loss_mask: 0.1170, loss_texture: 0.0031, iou: 0.7008, iou_t0: 0.8151, iou_t1: 0.7619, iou_t2: 0.6450, iou_t3: 0.6517, iou_t4: 0.6529, iou_t5: 0.6390, loss: 0.1201
2026-05-05 09:52:35,457 - mmdet - INFO - Iter [9925/120000]	lr: 1.000e-04, eta: 1 day, 18:18:41, time: 1.090, data_time: 0.022, memory: 37111, loss_mask: 0.1248, loss_texture: 0.0035, iou: 0.6593, iou_t0: 0.8021, iou_t1: 0.7474, iou_t2: 0.5842, iou_t3: 0.5431, iou_t4: 0.6387, iou_t5: 0.5394, loss: 0.1283
2026-05-05 09:53:02,564 - mmdet - INFO - Iter [9950/120000]	lr: 1.000e-04, eta: 1 day, 18:16:44, time: 1.084, data_time: 0.020, memory: 37111, loss_mask: 0.0938, loss_texture: 0.0029, iou: 0.7137, iou_t0: 0.7964, iou_t1: 0.7153, iou_t2: 0.6920, iou_t3: 0.7629, iou_t4: 0.6966, iou_t5: 0.6829, loss: 0.0967
2026-05-05 09:53:29,651 - mmdet - INFO - Iter [9975/120000]	lr: 1.000e-04, eta: 1 day, 18:14:47, time: 1.084, data_time: 0.020, memory: 37111, loss_mask: 0.0766, loss_texture: 0.0030, iou: 0.7388, iou_t0: 0.8357, iou_t1: 0.7235, iou_t2: 0.7005, iou_t3: 0.8100, iou_t4: 0.6165, iou_t5: 0.7143, loss: 0.0796
2026-05-05 09:53:56,739 - mmdet - INFO - 
--- Val evaluation at iter 10000 ---
2026-05-05 09:56:27,591 - mmdet - INFO - 
+------------+-------------+-------------+
| Class      | Val IoU     | Pseudo IoU  |
+------------+-------------+-------------+
| background | 91.71       | 92.68       |
| building   | 64.42       | 69.14       |
| Summary    | mIoU: 78.06 | mIoU: 80.91 |
+------------+-------------+-------------+
Images evaluated: 218
2026-05-05 09:56:28,969 - mmdet - INFO - Exp name: exp8_all.py
2026-05-05 09:56:28,969 - mmdet - INFO - Iter [10000/120000]	lr: 1.000e-04, eta: 1 day, 18:12:50, time: 1.084, data_time: 0.021, memory: 37111, val/mIoU: 0.7806, val/IoU.building: 0.6442, val/IoU.background: 0.9171, val/Pseudo_mIoU: 0.8091, loss_mask: 0.0649, loss_texture: 0.0026, iou: 0.7123, iou_t0: 0.7009, iou_t1: 0.7673, iou_t2: 0.7200, iou_t3: 0.7391, iou_t4: 0.6346, iou_t5: 0.7073, loss: 0.0674
2026-05-05 09:56:56,159 - mmdet - INFO - Iter [10025/120000]	lr: 1.000e-04, eta: 1 day, 18:38:45, time: 7.177, data_time: 6.110, memory: 37111, loss_mask: 0.0693, loss_texture: 0.0028, iou: 0.7620, iou_t0: 0.7749, iou_t1: 0.8034, iou_t2: 0.7076, iou_t3: 0.6620, iou_t4: 0.7661, iou_t5: 0.7666, loss: 0.0721
2026-05-05 09:57:23,407 - mmdet - INFO - Iter [10050/120000]	lr: 1.000e-04, eta: 1 day, 18:36:46, time: 1.090, data_time: 0.021, memory: 37111, loss_mask: 0.0881, loss_texture: 0.0028, iou: 0.7234, iou_t0: 0.7474, iou_t1: 0.7964, iou_t2: 0.5646, iou_t3: 0.7420, iou_t4: 0.7427, iou_t5: 0.7153, loss: 0.0909
2026-05-05 09:57:50,567 - mmdet - INFO - Iter [10075/120000]	lr: 1.000e-04, eta: 1 day, 18:34:47, time: 1.086, data_time: 0.020, memory: 37111, loss_mask: 0.0770, loss_texture: 0.0027, iou: 0.7455, iou_t0: 0.7078, iou_t1: 0.7844, iou_t2: 0.7289, iou_t3: 0.6788, iou_t4: 0.7536, iou_t5: 0.7794, loss: 0.0797
2026-05-05 09:58:17,749 - mmdet - INFO - Iter [10100/120000]	lr: 1.000e-04, eta: 1 day, 18:32:49, time: 1.087, data_time: 0.021, memory: 37111, loss_mask: 0.1061, loss_texture: 0.0031, iou: 0.7237, iou_t0: 0.7280, iou_t1: 0.7884, iou_t2: 0.7075, iou_t3: 0.7718, iou_t4: 0.6764, iou_t5: 0.6330, loss: 0.1092
2026-05-05 09:58:44,952 - mmdet - INFO - Iter [10125/120000]	lr: 1.000e-04, eta: 1 day, 18:30:51, time: 1.088, data_time: 0.021, memory: 37111, loss_mask: 0.1096, loss_texture: 0.0029, iou: 0.6944, iou_t0: 0.8456, iou_t1: 0.7473, iou_t2: 0.5631, iou_t3: 0.7526, iou_t4: 0.6191, iou_t5: 0.7357, loss: 0.1125
2026-05-05 09:59:12,299 - mmdet - INFO - Iter [10150/120000]	lr: 1.000e-04, eta: 1 day, 18:28:55, time: 1.094, data_time: 0.022, memory: 37111, loss_mask: 0.1134, loss_texture: 0.0034, iou: 0.7361, iou_t0: 0.7985, iou_t1: 0.7526, iou_t2: 0.7031, iou_t3: 0.7329, iou_t4: 0.7624, iou_t5: 0.6659, loss: 0.1168
2026-05-05 09:59:39,409 - mmdet - INFO - Iter [10175/120000]	lr: 1.000e-04, eta: 1 day, 18:26:57, time: 1.084, data_time: 0.020, memory: 37111, loss_mask: 0.0823, loss_texture: 0.0028, iou: 0.6970, iou_t0: 0.7242, iou_t1: 0.6867, iou_t2: 0.6230, iou_t3: 0.7170, iou_t4: 0.7147, iou_t5: 0.5869, loss: 0.0851
2026-05-05 10:00:06,606 - mmdet - INFO - Iter [10200/120000]	lr: 1.000e-04, eta: 1 day, 18:25:01, time: 1.088, data_time: 0.021, memory: 37111, loss_mask: 0.0759, loss_texture: 0.0029, iou: 0.7118, iou_t0: 0.7468, iou_t1: 0.7589, iou_t2: 0.7038, iou_t3: 0.6711, iou_t4: 0.7957, iou_t5: 0.6352, loss: 0.0788
2026-05-05 10:00:33,824 - mmdet - INFO - Iter [10225/120000]	lr: 1.000e-04, eta: 1 day, 18:23:05, time: 1.089, data_time: 0.021, memory: 37111, loss_mask: 0.0658, loss_texture: 0.0026, iou: 0.7327, iou_t0: 0.8689, iou_t1: 0.7229, iou_t2: 0.6823, iou_t3: 0.5934, iou_t4: 0.7066, iou_t5: 0.7379, loss: 0.0685
2026-05-05 10:01:01,165 - mmdet - INFO - Iter [10250/120000]	lr: 1.000e-04, eta: 1 day, 18:21:11, time: 1.094, data_time: 0.021, memory: 37111, loss_mask: 0.0648, loss_texture: 0.0024, iou: 0.6696, iou_t0: 0.7758, iou_t1: 0.6965, iou_t2: 0.6651, iou_t3: 0.6440, iou_t4: 0.6164, iou_t5: 0.6653, loss: 0.0672
2026-05-05 10:01:28,639 - mmdet - INFO - Iter [10275/120000]	lr: 1.000e-04, eta: 1 day, 18:19:19, time: 1.099, data_time: 0.022, memory: 37111, loss_mask: 0.0689, loss_texture: 0.0027, iou: 0.7090, iou_t0: 0.7416, iou_t1: 0.7282, iou_t2: 0.6822, iou_t3: 0.6768, iou_t4: 0.6389, iou_t5: 0.8252, loss: 0.0716
2026-05-05 10:01:56,055 - mmdet - INFO - Iter [10300/120000]	lr: 1.000e-04, eta: 1 day, 18:17:26, time: 1.097, data_time: 0.021, memory: 37111, loss_mask: 0.0655, loss_texture: 0.0027, iou: 0.7398, iou_t0: 0.8607, iou_t1: 0.7815, iou_t2: 0.6832, iou_t3: 0.7057, iou_t4: 0.7610, iou_t5: 0.7382, loss: 0.0682
2026-05-05 10:02:23,560 - mmdet - INFO - Iter [10325/120000]	lr: 1.000e-04, eta: 1 day, 18:15:35, time: 1.100, data_time: 0.023, memory: 37111, loss_mask: 0.0650, loss_texture: 0.0028, iou: 0.7522, iou_t0: 0.7373, iou_t1: 0.8413, iou_t2: 0.7434, iou_t3: 0.6775, iou_t4: 0.7539, iou_t5: 0.7390, loss: 0.0679
2026-05-05 10:02:50,727 - mmdet - INFO - Iter [10350/120000]	lr: 1.000e-04, eta: 1 day, 18:13:41, time: 1.087, data_time: 0.020, memory: 37111, loss_mask: 0.0601, loss_texture: 0.0023, iou: 0.6930, iou_t0: 0.6671, iou_t1: 0.7360, iou_t2: 0.6146, iou_t3: 0.6861, iou_t4: 0.7681, iou_t5: 0.7966, loss: 0.0624
2026-05-05 10:03:17,874 - mmdet - INFO - Iter [10375/120000]	lr: 1.000e-04, eta: 1 day, 18:11:47, time: 1.086, data_time: 0.020, memory: 37111, loss_mask: 0.0723, loss_texture: 0.0025, iou: 0.7053, iou_t0: 0.8170, iou_t1: 0.7330, iou_t2: 0.6630, iou_t3: 0.7087, iou_t4: 0.6430, iou_t5: 0.7574, loss: 0.0748
2026-05-05 10:03:45,088 - mmdet - INFO - Iter [10400/120000]	lr: 1.000e-04, eta: 1 day, 18:09:54, time: 1.089, data_time: 0.020, memory: 37111, loss_mask: 0.1214, loss_texture: 0.0030, iou: 0.7149, iou_t0: 0.6758, iou_t1: 0.7768, iou_t2: 0.6970, iou_t3: 0.6641, iou_t4: 0.7104, iou_t5: 0.7405, loss: 0.1244
2026-05-05 10:04:12,460 - mmdet - INFO - Iter [10425/120000]	lr: 1.000e-04, eta: 1 day, 18:08:03, time: 1.095, data_time: 0.023, memory: 37111, loss_mask: 0.1038, loss_texture: 0.0031, iou: 0.6819, iou_t0: 0.8282, iou_t1: 0.6715, iou_t2: 0.6070, iou_t3: 0.7078, iou_t4: 0.6916, iou_t5: 0.6107, loss: 0.1069
2026-05-05 10:04:40,000 - mmdet - INFO - Iter [10450/120000]	lr: 1.000e-04, eta: 1 day, 18:06:14, time: 1.102, data_time: 0.022, memory: 37111, loss_mask: 0.1037, loss_texture: 0.0030, iou: 0.7342, iou_t0: 0.8305, iou_t1: 0.6707, iou_t2: 0.6708, iou_t3: 0.7318, iou_t4: 0.6497, iou_t5: 0.7957, loss: 0.1068
2026-05-05 10:05:07,298 - mmdet - INFO - Iter [10475/120000]	lr: 1.000e-04, eta: 1 day, 18:04:24, time: 1.092, data_time: 0.021, memory: 37111, loss_mask: 0.0806, loss_texture: 0.0029, iou: 0.7037, iou_t0: 0.7698, iou_t1: 0.6708, iou_t2: 0.6861, iou_t3: 0.6828, iou_t4: 0.7275, iou_t5: 0.7363, loss: 0.0835
2026-05-05 10:05:34,460 - mmdet - INFO - 
--- Val evaluation at iter 10500 ---
