2026-05-08 16:54:40,430 - mmdet - INFO - Environment info:
------------------------------------------------------------
sys.platform: linux
Python: 3.8.20 (default, Oct  3 2024, 15:24:27) [GCC 11.2.0]
CUDA available: True
GPU 0: NVIDIA L40S
CUDA_HOME: /usr
NVCC: Cuda compilation tools, release 12.0, V12.0.140
GCC: gcc (Ubuntu 13.3.0-6ubuntu2~24.04.1) 13.3.0
PyTorch: 1.10.1+cu111
PyTorch compiling details: PyTorch built with:
  - GCC 7.3
  - C++ Version: 201402
  - Intel(R) Math Kernel Library Version 2020.0.0 Product Build 20191122 for Intel(R) 64 architecture applications
  - Intel(R) MKL-DNN v2.2.3 (Git Hash 7336ca9f055cf1bfa13efb658fe15dc9b41f0740)
  - OpenMP 201511 (a.k.a. OpenMP 4.5)
  - LAPACK is enabled (usually provided by MKL)
  - NNPACK is enabled
  - CPU capability usage: AVX2
  - CUDA Runtime 11.1
  - NVCC architecture flags: -gencode;arch=compute_37,code=sm_37;-gencode;arch=compute_50,code=sm_50;-gencode;arch=compute_60,code=sm_60;-gencode;arch=compute_70,code=sm_70;-gencode;arch=compute_75,code=sm_75;-gencode;arch=compute_80,code=sm_80;-gencode;arch=compute_86,code=sm_86
  - CuDNN 8.0.5
  - Magma 2.5.2
  - Build settings: BLAS_INFO=mkl, BUILD_TYPE=Release, CUDA_VERSION=11.1, CUDNN_VERSION=8.0.5, CXX_COMPILER=/opt/rh/devtoolset-7/root/usr/bin/c++, CXX_FLAGS= -Wno-deprecated -fvisibility-inlines-hidden -DUSE_PTHREADPOOL -fopenmp -DNDEBUG -DUSE_KINETO -DUSE_FBGEMM -DUSE_QNNPACK -DUSE_PYTORCH_QNNPACK -DUSE_XNNPACK -DSYMBOLICATE_MOBILE_DEBUG_HANDLE -DEDGE_PROFILER_USE_KINETO -O2 -fPIC -Wno-narrowing -Wall -Wextra -Werror=return-type -Wno-missing-field-initializers -Wno-type-limits -Wno-array-bounds -Wno-unknown-pragmas -Wno-sign-compare -Wno-unused-parameter -Wno-unused-variable -Wno-unused-function -Wno-unused-result -Wno-unused-local-typedefs -Wno-strict-overflow -Wno-strict-aliasing -Wno-error=deprecated-declarations -Wno-stringop-overflow -Wno-psabi -Wno-error=pedantic -Wno-error=redundant-decls -Wno-error=old-style-cast -fdiagnostics-color=always -faligned-new -Wno-unused-but-set-variable -Wno-maybe-uninitialized -fno-math-errno -fno-trapping-math -Werror=format -Wno-stringop-overflow, LAPACK_INFO=mkl, PERF_WITH_AVX=1, PERF_WITH_AVX2=1, PERF_WITH_AVX512=1, TORCH_VERSION=1.10.1, USE_CUDA=ON, USE_CUDNN=ON, USE_EXCEPTION_PTR=1, USE_GFLAGS=OFF, USE_GLOG=OFF, USE_MKL=ON, USE_MKLDNN=ON, USE_MPI=OFF, USE_NCCL=ON, USE_NNPACK=ON, USE_OPENMP=ON, 

TorchVision: 0.11.2+cu111
OpenCV: 4.13.0
MMCV: 1.5.0
MMCV Compiler: GCC 7.3
MMCV CUDA Compiler: 11.1
MMDetection: 2.28.1+bbdbfed
------------------------------------------------------------

2026-05-08 16:54:40,997 - mmdet - INFO - Distributed training: False
2026-05-08 16:54:41,608 - mmdet - INFO - Config:
checkpoint_config = dict(interval=0, by_epoch=False)
log_config = dict(
    interval=25, hooks=[dict(type='TextLoggerHook', by_epoch=False)])
dist_params = dict(backend='nccl')
log_level = 'INFO'
load_from = None
resume_from = 'work_dirs/exp8_all/last.pth'
workflow = [('train', 1)]
opencv_num_threads = 0
mp_start_method = 'spawn'
auto_scale_lr = dict(enable=False, base_batch_size=16)
object_size = 256
task = 'semantic'
model = dict(
    type='SegRefinerSemantic',
    task='semantic',
    step=6,
    denoise_model=dict(
        type='DenoiseUNet',
        in_channels=4,
        out_channels=1,
        model_channels=128,
        num_res_blocks=2,
        num_heads=4,
        num_heads_upsample=-1,
        attention_strides=(16, 32),
        learn_time_embd=True,
        num_timesteps=6,
        channel_mult=(1, 1, 2, 2, 4, 4),
        dropout=0.0),
    diffusion_cfg=dict(
        betas=dict(type='linear', start=0.8, stop=0.0, num_timesteps=6),
        diff_iter=False,
        noise_components=dict(use_obj=True, use_bnd=True, use_unc=True)),
    test_cfg=dict(
        model_size=1024,
        fine_prob_thr=0.8,
        batch_max=32,
        iou_thr=0.15,
        max_local_patches=16,
        nms_iou_thr=0.5))
img_norm_cfg = dict(
    mean=[123.675, 116.28, 103.53], std=[58.395, 57.12, 57.375], to_rgb=True)
train_pipeline = [
    dict(type='LoadImageFromFile'),
    dict(
        type='LoadAnnotations',
        with_bbox=False,
        with_label=False,
        with_mask=False,
        with_seg=True),
    dict(
        type='LoadOEMCoarseMasks',
        use_obj=False,
        use_bnd=False,
        use_unc=False,
        obj_unc_threshold=0.3,
        test_mode=False),
    dict(type='AddGlobalView', size=256),
    dict(type='RandomCropAll', crop_size=256),
    dict(type='RandomFlip', flip_ratio=0.5),
    dict(
        type='Normalize',
        mean=[123.675, 116.28, 103.53],
        std=[58.395, 57.12, 57.375],
        to_rgb=True),
    dict(type='DefaultFormatBundle'),
    dict(
        type='Collect',
        keys=[
            'img', 'gt_masks', 'coarse_masks', 'unc_map', 'edge_map',
            'global_img', 'global_gt_np', 'global_coarse_np', 'global_unc_np',
            'global_edge_np'
        ])
]
val_data_root = '/home/ubuntu/vy/Denoiser/OEM_v2_Building'
val_pipeline = [
    dict(type='LoadImageFromFile'),
    dict(
        type='LoadAnnotations',
        with_bbox=False,
        with_label=False,
        with_mask=False,
        with_seg=True),
    dict(
        type='LoadOEMCoarseMasks',
        test_mode=True,
        pseudolabel_dir='/home/ubuntu/vy/Denoiser/OEM_v2_Building/pseudolabels'
    ),
    dict(type='Resize', img_scale=(1024, 1024), keep_ratio=False),
    dict(
        type='Normalize',
        mean=[123.675, 116.28, 103.53],
        std=[58.395, 57.12, 57.375],
        to_rgb=True),
    dict(type='DefaultFormatBundle'),
    dict(
        type='Collect',
        keys=['img', 'gt_masks', 'coarse_masks'],
        meta_keys=[
            'filename', 'ori_filename', 'ori_shape', 'img_shape', 'pad_shape',
            'scale_factor', 'flip', 'flip_direction', 'img_norm_cfg',
            'crop_bbox'
        ])
]
data_root = '/home/ubuntu/vy/Denoiser/OpenEarthMap_wo_xBD'
dataset_type = 'OEMBuildingDataset'
data = dict(
    train=dict(
        type='OEMBuildingDataset',
        data_root='/home/ubuntu/vy/Denoiser/OpenEarthMap_wo_xBD',
        split_file='/home/ubuntu/vy/Denoiser/OpenEarthMap_wo_xBD/train.txt',
        pipeline=[
            dict(type='LoadImageFromFile'),
            dict(
                type='LoadAnnotations',
                with_bbox=False,
                with_label=False,
                with_mask=False,
                with_seg=True),
            dict(
                type='LoadOEMCoarseMasks',
                use_obj=True,
                use_bnd=True,
                use_unc=True,
                test_mode=False),
            dict(type='AddGlobalView', size=256),
            dict(type='RandomCropAll', crop_size=256),
            dict(type='RandomFlip', flip_ratio=0.5),
            dict(
                type='Normalize',
                mean=[123.675, 116.28, 103.53],
                std=[58.395, 57.12, 57.375],
                to_rgb=True),
            dict(type='DefaultFormatBundle'),
            dict(
                type='Collect',
                keys=[
                    'img', 'gt_masks', 'coarse_masks', 'unc_map', 'edge_map',
                    'global_img', 'global_gt_np', 'global_coarse_np',
                    'global_unc_np', 'global_edge_np'
                ])
        ],
        test_mode=False),
    val=dict(
        type='OEMv2BuildingDataset',
        data_root='/home/ubuntu/vy/Denoiser/OEM_v2_Building',
        split_file='/home/ubuntu/vy/Denoiser/OEM_v2_Building/val_hard.txt',
        pipeline=[
            dict(type='LoadImageFromFile'),
            dict(
                type='LoadAnnotations',
                with_bbox=False,
                with_label=False,
                with_mask=False,
                with_seg=True),
            dict(
                type='LoadOEMCoarseMasks',
                test_mode=True,
                pseudolabel_dir=
                '/home/ubuntu/vy/Denoiser/OEM_v2_Building/pseudolabels'),
            dict(type='Resize', img_scale=(1024, 1024), keep_ratio=False),
            dict(
                type='Normalize',
                mean=[123.675, 116.28, 103.53],
                std=[58.395, 57.12, 57.375],
                to_rgb=True),
            dict(type='DefaultFormatBundle'),
            dict(
                type='Collect',
                keys=['img', 'gt_masks', 'coarse_masks'],
                meta_keys=[
                    'filename', 'ori_filename', 'ori_shape', 'img_shape',
                    'pad_shape', 'scale_factor', 'flip', 'flip_direction',
                    'img_norm_cfg', 'crop_bbox'
                ])
        ],
        test_mode=True),
    test=dict(
        type='OEMv2BuildingDataset',
        data_root='/home/ubuntu/vy/Denoiser/OEM_v2_Building',
        split_file='/home/ubuntu/vy/Denoiser/OEM_v2_Building/test.txt',
        pipeline=[
            dict(type='LoadImageFromFile'),
            dict(
                type='LoadAnnotations',
                with_bbox=False,
                with_label=False,
                with_mask=False,
                with_seg=True),
            dict(
                type='LoadOEMCoarseMasks',
                test_mode=True,
                pseudolabel_dir=
                '/home/ubuntu/vy/Denoiser/OEM_v2_Building/pseudolabels'),
            dict(type='Resize', img_scale=(1024, 1024), keep_ratio=False),
            dict(
                type='Normalize',
                mean=[123.675, 116.28, 103.53],
                std=[58.395, 57.12, 57.375],
                to_rgb=True),
            dict(type='DefaultFormatBundle'),
            dict(
                type='Collect',
                keys=['img', 'gt_masks', 'coarse_masks'],
                meta_keys=[
                    'filename', 'ori_filename', 'ori_shape', 'img_shape',
                    'pad_shape', 'scale_factor', 'flip', 'flip_direction',
                    'img_norm_cfg', 'crop_bbox'
                ])
        ],
        test_mode=True),
    train_dataloader=dict(samples_per_gpu=16, workers_per_gpu=4),
    val_dataloader=dict(samples_per_gpu=1, workers_per_gpu=4))
optimizer = dict(
    type='AdamW', lr=0.0001, weight_decay=0, eps=1e-08, betas=(0.9, 0.999))
optimizer_config = dict(grad_clip=None)
max_iters = 120000
runner = dict(type='IterBasedRunner', max_iters=120000)
lr_config = dict(
    policy='step',
    gamma=0.5,
    by_epoch=False,
    step=[85000, 110000],
    warmup='linear',
    warmup_by_epoch=False,
    warmup_ratio=0.001,
    warmup_iters=500)
oem_eval = dict(interval=500, num_images=10, save_best=True)
interval = 1
work_dir = 'work_dirs/exp8_all'
auto_resume = False
gpu_ids = [0]

2026-05-08 16:54:41,608 - mmdet - INFO - Set random seed to 92052019, deterministic: False
Name of parameter - Initialization information

denoise_model.time_embed.weight - torch.Size([6, 512]): 
The value is the same before and after calling `init_weights` of SegRefinerSemantic  

denoise_model.input_blocks.0.0.weight - torch.Size([128, 4, 3, 3]): 
The value is the same before and after calling `init_weights` of SegRefinerSemantic  

denoise_model.input_blocks.0.0.bias - torch.Size([128]): 
The value is the same before and after calling `init_weights` of SegRefinerSemantic  

denoise_model.input_blocks.1.0.in_layers.0.weight - torch.Size([128]): 
The value is the same before and after calling `init_weights` of SegRefinerSemantic  

denoise_model.input_blocks.1.0.in_layers.0.bias - torch.Size([128]): 
The value is the same before and after calling `init_weights` of SegRefinerSemantic  

denoise_model.input_blocks.1.0.in_layers.2.weight - torch.Size([128, 128, 3, 3]): 
The value is the same before and after calling `init_weights` of SegRefinerSemantic  

denoise_model.input_blocks.1.0.in_layers.2.bias - torch.Size([128]): 
The value is the same before and after calling `init_weights` of SegRefinerSemantic  

denoise_model.input_blocks.1.0.emb_layers.1.weight - torch.Size([128, 512]): 
The value is the same before and after calling `init_weights` of SegRefinerSemantic  

denoise_model.input_blocks.1.0.emb_layers.1.bias - torch.Size([128]): 
The value is the same before and after calling `init_weights` of SegRefinerSemantic  

denoise_model.input_blocks.1.0.out_layers.0.weight - torch.Size([128]): 
The value is the same before and after calling `init_weights` of SegRefinerSemantic  

denoise_model.input_blocks.1.0.out_layers.0.bias - torch.Size([128]): 
The value is the same before and after calling `init_weights` of SegRefinerSemantic  

denoise_model.input_blocks.1.0.out_layers.3.weight - torch.Size([128, 128, 3, 3]): 
The value is the same before and after calling `init_weights` of SegRefinerSemantic  

denoise_model.input_blocks.1.0.out_layers.3.bias - torch.Size([128]): 
The value is the same before and after calling `init_weights` of SegRefinerSemantic  

denoise_model.input_blocks.2.0.in_layers.0.weight - torch.Size([128]): 
The value is the same before and after calling `init_weights` of SegRefinerSemantic  

denoise_model.input_blocks.2.0.in_layers.0.bias - torch.Size([128]): 
The value is the same before and after calling `init_weights` of SegRefinerSemantic  

denoise_model.input_blocks.2.0.in_layers.2.weight - torch.Size([128, 128, 3, 3]): 
The value is the same before and after calling `init_weights` of SegRefinerSemantic  

denoise_model.input_blocks.2.0.in_layers.2.bias - torch.Size([128]): 
The value is the same before and after calling `init_weights` of SegRefinerSemantic  

denoise_model.input_blocks.2.0.emb_layers.1.weight - torch.Size([128, 512]): 
The value is the same before and after calling `init_weights` of SegRefinerSemantic  

denoise_model.input_blocks.2.0.emb_layers.1.bias - torch.Size([128]): 
The value is the same before and after calling `init_weights` of SegRefinerSemantic  

denoise_model.input_blocks.2.0.out_layers.0.weight - torch.Size([128]): 
The value is the same before and after calling `init_weights` of SegRefinerSemantic  

denoise_model.input_blocks.2.0.out_layers.0.bias - torch.Size([128]): 
The value is the same before and after calling `init_weights` of SegRefinerSemantic  

denoise_model.input_blocks.2.0.out_layers.3.weight - torch.Size([128, 128, 3, 3]): 
The value is the same before and after calling `init_weights` of SegRefinerSemantic  

denoise_model.input_blocks.2.0.out_layers.3.bias - torch.Size([128]): 
The value is the same before and after calling `init_weights` of SegRefinerSemantic  

denoise_model.input_blocks.3.0.op.weight - torch.Size([128, 128, 3, 3]): 
The value is the same before and after calling `init_weights` of SegRefinerSemantic  

denoise_model.input_blocks.3.0.op.bias - torch.Size([128]): 
The value is the same before and after calling `init_weights` of SegRefinerSemantic  

denoise_model.input_blocks.4.0.in_layers.0.weight - torch.Size([128]): 
The value is the same before and after calling `init_weights` of SegRefinerSemantic  

denoise_model.input_blocks.4.0.in_layers.0.bias - torch.Size([128]): 
The value is the same before and after calling `init_weights` of SegRefinerSemantic  

denoise_model.input_blocks.4.0.in_layers.2.weight - torch.Size([128, 128, 3, 3]): 
The value is the same before and after calling `init_weights` of SegRefinerSemantic  

denoise_model.input_blocks.4.0.in_layers.2.bias - torch.Size([128]): 
The value is the same before and after calling `init_weights` of SegRefinerSemantic  

denoise_model.input_blocks.4.0.emb_layers.1.weight - torch.Size([128, 512]): 
The value is the same before and after calling `init_weights` of SegRefinerSemantic  

denoise_model.input_blocks.4.0.emb_layers.1.bias - torch.Size([128]): 
The value is the same before and after calling `init_weights` of SegRefinerSemantic  

denoise_model.input_blocks.4.0.out_layers.0.weight - torch.Size([128]): 
The value is the same before and after calling `init_weights` of SegRefinerSemantic  

denoise_model.input_blocks.4.0.out_layers.0.bias - torch.Size([128]): 
The value is the same before and after calling `init_weights` of SegRefinerSemantic  

denoise_model.input_blocks.4.0.out_layers.3.weight - torch.Size([128, 128, 3, 3]): 
The value is the same before and after calling `init_weights` of SegRefinerSemantic  

denoise_model.input_blocks.4.0.out_layers.3.bias - torch.Size([128]): 
The value is the same before and after calling `init_weights` of SegRefinerSemantic  

denoise_model.input_blocks.5.0.in_layers.0.weight - torch.Size([128]): 
The value is the same before and after calling `init_weights` of SegRefinerSemantic  

denoise_model.input_blocks.5.0.in_layers.0.bias - torch.Size([128]): 
The value is the same before and after calling `init_weights` of SegRefinerSemantic  

denoise_model.input_blocks.5.0.in_layers.2.weight - torch.Size([128, 128, 3, 3]): 
The value is the same before and after calling `init_weights` of SegRefinerSemantic  

denoise_model.input_blocks.5.0.in_layers.2.bias - torch.Size([128]): 
The value is the same before and after calling `init_weights` of SegRefinerSemantic  

denoise_model.input_blocks.5.0.emb_layers.1.weight - torch.Size([128, 512]): 
The value is the same before and after calling `init_weights` of SegRefinerSemantic  

denoise_model.input_blocks.5.0.emb_layers.1.bias - torch.Size([128]): 
The value is the same before and after calling `init_weights` of SegRefinerSemantic  

denoise_model.input_blocks.5.0.out_layers.0.weight - torch.Size([128]): 
The value is the same before and after calling `init_weights` of SegRefinerSemantic  

denoise_model.input_blocks.5.0.out_layers.0.bias - torch.Size([128]): 
The value is the same before and after calling `init_weights` of SegRefinerSemantic  

denoise_model.input_blocks.5.0.out_layers.3.weight - torch.Size([128, 128, 3, 3]): 
The value is the same before and after calling `init_weights` of SegRefinerSemantic  

denoise_model.input_blocks.5.0.out_layers.3.bias - torch.Size([128]): 
The value is the same before and after calling `init_weights` of SegRefinerSemantic  

denoise_model.input_blocks.6.0.op.weight - torch.Size([128, 128, 3, 3]): 
The value is the same before and after calling `init_weights` of SegRefinerSemantic  

denoise_model.input_blocks.6.0.op.bias - torch.Size([128]): 
The value is the same before and after calling `init_weights` of SegRefinerSemantic  

denoise_model.input_blocks.7.0.in_layers.0.weight - torch.Size([128]): 
The value is the same before and after calling `init_weights` of SegRefinerSemantic  

denoise_model.input_blocks.7.0.in_layers.0.bias - torch.Size([128]): 
The value is the same before and after calling `init_weights` of SegRefinerSemantic  

denoise_model.input_blocks.7.0.in_layers.2.weight - torch.Size([256, 128, 3, 3]): 
The value is the same before and after calling `init_weights` of SegRefinerSemantic  

denoise_model.input_blocks.7.0.in_layers.2.bias - torch.Size([256]): 
The value is the same before and after calling `init_weights` of SegRefinerSemantic  

denoise_model.input_blocks.7.0.emb_layers.1.weight - torch.Size([256, 512]): 
The value is the same before and after calling `init_weights` of SegRefinerSemantic  

denoise_model.input_blocks.7.0.emb_layers.1.bias - torch.Size([256]): 
The value is the same before and after calling `init_weights` of SegRefinerSemantic  

denoise_model.input_blocks.7.0.out_layers.0.weight - torch.Size([256]): 
The value is the same before and after calling `init_weights` of SegRefinerSemantic  

denoise_model.input_blocks.7.0.out_layers.0.bias - torch.Size([256]): 
The value is the same before and after calling `init_weights` of SegRefinerSemantic  

denoise_model.input_blocks.7.0.out_layers.3.weight - torch.Size([256, 256, 3, 3]): 
The value is the same before and after calling `init_weights` of SegRefinerSemantic  

denoise_model.input_blocks.7.0.out_layers.3.bias - torch.Size([256]): 
The value is the same before and after calling `init_weights` of SegRefinerSemantic  

denoise_model.input_blocks.7.0.skip_connection.weight - torch.Size([256, 128, 1, 1]): 
The value is the same before and after calling `init_weights` of SegRefinerSemantic  

denoise_model.input_blocks.7.0.skip_connection.bias - torch.Size([256]): 
The value is the same before and after calling `init_weights` of SegRefinerSemantic  

denoise_model.input_blocks.8.0.in_layers.0.weight - torch.Size([256]): 
The value is the same before and after calling `init_weights` of SegRefinerSemantic  

denoise_model.input_blocks.8.0.in_layers.0.bias - torch.Size([256]): 
The value is the same before and after calling `init_weights` of SegRefinerSemantic  

denoise_model.input_blocks.8.0.in_layers.2.weight - torch.Size([256, 256, 3, 3]): 
The value is the same before and after calling `init_weights` of SegRefinerSemantic  

denoise_model.input_blocks.8.0.in_layers.2.bias - torch.Size([256]): 
The value is the same before and after calling `init_weights` of SegRefinerSemantic  

denoise_model.input_blocks.8.0.emb_layers.1.weight - torch.Size([256, 512]): 
The value is the same before and after calling `init_weights` of SegRefinerSemantic  

denoise_model.input_blocks.8.0.emb_layers.1.bias - torch.Size([256]): 
The value is the same before and after calling `init_weights` of SegRefinerSemantic  

denoise_model.input_blocks.8.0.out_layers.0.weight - torch.Size([256]): 
The value is the same before and after calling `init_weights` of SegRefinerSemantic  

denoise_model.input_blocks.8.0.out_layers.0.bias - torch.Size([256]): 
The value is the same before and after calling `init_weights` of SegRefinerSemantic  

denoise_model.input_blocks.8.0.out_layers.3.weight - torch.Size([256, 256, 3, 3]): 
The value is the same before and after calling `init_weights` of SegRefinerSemantic  

denoise_model.input_blocks.8.0.out_layers.3.bias - torch.Size([256]): 
The value is the same before and after calling `init_weights` of SegRefinerSemantic  

denoise_model.input_blocks.9.0.op.weight - torch.Size([256, 256, 3, 3]): 
The value is the same before and after calling `init_weights` of SegRefinerSemantic  

denoise_model.input_blocks.9.0.op.bias - torch.Size([256]): 
The value is the same before and after calling `init_weights` of SegRefinerSemantic  

denoise_model.input_blocks.10.0.in_layers.0.weight - torch.Size([256]): 
The value is the same before and after calling `init_weights` of SegRefinerSemantic  

denoise_model.input_blocks.10.0.in_layers.0.bias - torch.Size([256]): 
The value is the same before and after calling `init_weights` of SegRefinerSemantic  

denoise_model.input_blocks.10.0.in_layers.2.weight - torch.Size([256, 256, 3, 3]): 
The value is the same before and after calling `init_weights` of SegRefinerSemantic  

denoise_model.input_blocks.10.0.in_layers.2.bias - torch.Size([256]): 
The value is the same before and after calling `init_weights` of SegRefinerSemantic  

denoise_model.input_blocks.10.0.emb_layers.1.weight - torch.Size([256, 512]): 
The value is the same before and after calling `init_weights` of SegRefinerSemantic  

denoise_model.input_blocks.10.0.emb_layers.1.bias - torch.Size([256]): 
The value is the same before and after calling `init_weights` of SegRefinerSemantic  

denoise_model.input_blocks.10.0.out_layers.0.weight - torch.Size([256]): 
The value is the same before and after calling `init_weights` of SegRefinerSemantic  

denoise_model.input_blocks.10.0.out_layers.0.bias - torch.Size([256]): 
The value is the same before and after calling `init_weights` of SegRefinerSemantic  

denoise_model.input_blocks.10.0.out_layers.3.weight - torch.Size([256, 256, 3, 3]): 
The value is the same before and after calling `init_weights` of SegRefinerSemantic  

denoise_model.input_blocks.10.0.out_layers.3.bias - torch.Size([256]): 
The value is the same before and after calling `init_weights` of SegRefinerSemantic  

denoise_model.input_blocks.11.0.in_layers.0.weight - torch.Size([256]): 
The value is the same before and after calling `init_weights` of SegRefinerSemantic  

denoise_model.input_blocks.11.0.in_layers.0.bias - torch.Size([256]): 
The value is the same before and after calling `init_weights` of SegRefinerSemantic  

denoise_model.input_blocks.11.0.in_layers.2.weight - torch.Size([256, 256, 3, 3]): 
The value is the same before and after calling `init_weights` of SegRefinerSemantic  

denoise_model.input_blocks.11.0.in_layers.2.bias - torch.Size([256]): 
The value is the same before and after calling `init_weights` of SegRefinerSemantic  

denoise_model.input_blocks.11.0.emb_layers.1.weight - torch.Size([256, 512]): 
The value is the same before and after calling `init_weights` of SegRefinerSemantic  

denoise_model.input_blocks.11.0.emb_layers.1.bias - torch.Size([256]): 
The value is the same before and after calling `init_weights` of SegRefinerSemantic  

denoise_model.input_blocks.11.0.out_layers.0.weight - torch.Size([256]): 
The value is the same before and after calling `init_weights` of SegRefinerSemantic  

denoise_model.input_blocks.11.0.out_layers.0.bias - torch.Size([256]): 
The value is the same before and after calling `init_weights` of SegRefinerSemantic  

denoise_model.input_blocks.11.0.out_layers.3.weight - torch.Size([256, 256, 3, 3]): 
The value is the same before and after calling `init_weights` of SegRefinerSemantic  

denoise_model.input_blocks.11.0.out_layers.3.bias - torch.Size([256]): 
The value is the same before and after calling `init_weights` of SegRefinerSemantic  

denoise_model.input_blocks.12.0.op.weight - torch.Size([256, 256, 3, 3]): 
The value is the same before and after calling `init_weights` of SegRefinerSemantic  

denoise_model.input_blocks.12.0.op.bias - torch.Size([256]): 
The value is the same before and after calling `init_weights` of SegRefinerSemantic  

denoise_model.input_blocks.13.0.in_layers.0.weight - torch.Size([256]): 
The value is the same before and after calling `init_weights` of SegRefinerSemantic  

denoise_model.input_blocks.13.0.in_layers.0.bias - torch.Size([256]): 
The value is the same before and after calling `init_weights` of SegRefinerSemantic  

denoise_model.input_blocks.13.0.in_layers.2.weight - torch.Size([512, 256, 3, 3]): 
The value is the same before and after calling `init_weights` of SegRefinerSemantic  

denoise_model.input_blocks.13.0.in_layers.2.bias - torch.Size([512]): 
The value is the same before and after calling `init_weights` of SegRefinerSemantic  

denoise_model.input_blocks.13.0.emb_layers.1.weight - torch.Size([512, 512]): 
The value is the same before and after calling `init_weights` of SegRefinerSemantic  

denoise_model.input_blocks.13.0.emb_layers.1.bias - torch.Size([512]): 
The value is the same before and after calling `init_weights` of SegRefinerSemantic  

denoise_model.input_blocks.13.0.out_layers.0.weight - torch.Size([512]): 
The value is the same before and after calling `init_weights` of SegRefinerSemantic  

denoise_model.input_blocks.13.0.out_layers.0.bias - torch.Size([512]): 
The value is the same before and after calling `init_weights` of SegRefinerSemantic  

denoise_model.input_blocks.13.0.out_layers.3.weight - torch.Size([512, 512, 3, 3]): 
The value is the same before and after calling `init_weights` of SegRefinerSemantic  

denoise_model.input_blocks.13.0.out_layers.3.bias - torch.Size([512]): 
The value is the same before and after calling `init_weights` of SegRefinerSemantic  

denoise_model.input_blocks.13.0.skip_connection.weight - torch.Size([512, 256, 1, 1]): 
The value is the same before and after calling `init_weights` of SegRefinerSemantic  

denoise_model.input_blocks.13.0.skip_connection.bias - torch.Size([512]): 
The value is the same before and after calling `init_weights` of SegRefinerSemantic  

denoise_model.input_blocks.13.1.norm.weight - torch.Size([512]): 
The value is the same before and after calling `init_weights` of SegRefinerSemantic  

denoise_model.input_blocks.13.1.norm.bias - torch.Size([512]): 
The value is the same before and after calling `init_weights` of SegRefinerSemantic  

denoise_model.input_blocks.13.1.qkv.weight - torch.Size([1536, 512, 1]): 
The value is the same before and after calling `init_weights` of SegRefinerSemantic  

denoise_model.input_blocks.13.1.qkv.bias - torch.Size([1536]): 
The value is the same before and after calling `init_weights` of SegRefinerSemantic  

denoise_model.input_blocks.13.1.proj_out.weight - torch.Size([512, 512, 1]): 
The value is the same before and after calling `init_weights` of SegRefinerSemantic  

denoise_model.input_blocks.13.1.proj_out.bias - torch.Size([512]): 
The value is the same before and after calling `init_weights` of SegRefinerSemantic  

denoise_model.input_blocks.14.0.in_layers.0.weight - torch.Size([512]): 
The value is the same before and after calling `init_weights` of SegRefinerSemantic  

denoise_model.input_blocks.14.0.in_layers.0.bias - torch.Size([512]): 
The value is the same before and after calling `init_weights` of SegRefinerSemantic  

denoise_model.input_blocks.14.0.in_layers.2.weight - torch.Size([512, 512, 3, 3]): 
The value is the same before and after calling `init_weights` of SegRefinerSemantic  

denoise_model.input_blocks.14.0.in_layers.2.bias - torch.Size([512]): 
The value is the same before and after calling `init_weights` of SegRefinerSemantic  

denoise_model.input_blocks.14.0.emb_layers.1.weight - torch.Size([512, 512]): 
The value is the same before and after calling `init_weights` of SegRefinerSemantic  

denoise_model.input_blocks.14.0.emb_layers.1.bias - torch.Size([512]): 
The value is the same before and after calling `init_weights` of SegRefinerSemantic  

denoise_model.input_blocks.14.0.out_layers.0.weight - torch.Size([512]): 
The value is the same before and after calling `init_weights` of SegRefinerSemantic  

denoise_model.input_blocks.14.0.out_layers.0.bias - torch.Size([512]): 
The value is the same before and after calling `init_weights` of SegRefinerSemantic  

denoise_model.input_blocks.14.0.out_layers.3.weight - torch.Size([512, 512, 3, 3]): 
The value is the same before and after calling `init_weights` of SegRefinerSemantic  

denoise_model.input_blocks.14.0.out_layers.3.bias - torch.Size([512]): 
The value is the same before and after calling `init_weights` of SegRefinerSemantic  

denoise_model.input_blocks.14.1.norm.weight - torch.Size([512]): 
The value is the same before and after calling `init_weights` of SegRefinerSemantic  

denoise_model.input_blocks.14.1.norm.bias - torch.Size([512]): 
The value is the same before and after calling `init_weights` of SegRefinerSemantic  

denoise_model.input_blocks.14.1.qkv.weight - torch.Size([1536, 512, 1]): 
The value is the same before and after calling `init_weights` of SegRefinerSemantic  

denoise_model.input_blocks.14.1.qkv.bias - torch.Size([1536]): 
The value is the same before and after calling `init_weights` of SegRefinerSemantic  

denoise_model.input_blocks.14.1.proj_out.weight - torch.Size([512, 512, 1]): 
The value is the same before and after calling `init_weights` of SegRefinerSemantic  

denoise_model.input_blocks.14.1.proj_out.bias - torch.Size([512]): 
The value is the same before and after calling `init_weights` of SegRefinerSemantic  

denoise_model.input_blocks.15.0.op.weight - torch.Size([512, 512, 3, 3]): 
The value is the same before and after calling `init_weights` of SegRefinerSemantic  

denoise_model.input_blocks.15.0.op.bias - torch.Size([512]): 
The value is the same before and after calling `init_weights` of SegRefinerSemantic  

denoise_model.input_blocks.16.0.in_layers.0.weight - torch.Size([512]): 
The value is the same before and after calling `init_weights` of SegRefinerSemantic  

denoise_model.input_blocks.16.0.in_layers.0.bias - torch.Size([512]): 
The value is the same before and after calling `init_weights` of SegRefinerSemantic  

denoise_model.input_blocks.16.0.in_layers.2.weight - torch.Size([512, 512, 3, 3]): 
The value is the same before and after calling `init_weights` of SegRefinerSemantic  

denoise_model.input_blocks.16.0.in_layers.2.bias - torch.Size([512]): 
The value is the same before and after calling `init_weights` of SegRefinerSemantic  

denoise_model.input_blocks.16.0.emb_layers.1.weight - torch.Size([512, 512]): 
The value is the same before and after calling `init_weights` of SegRefinerSemantic  

denoise_model.input_blocks.16.0.emb_layers.1.bias - torch.Size([512]): 
The value is the same before and after calling `init_weights` of SegRefinerSemantic  

denoise_model.input_blocks.16.0.out_layers.0.weight - torch.Size([512]): 
The value is the same before and after calling `init_weights` of SegRefinerSemantic  

denoise_model.input_blocks.16.0.out_layers.0.bias - torch.Size([512]): 
The value is the same before and after calling `init_weights` of SegRefinerSemantic  

denoise_model.input_blocks.16.0.out_layers.3.weight - torch.Size([512, 512, 3, 3]): 
The value is the same before and after calling `init_weights` of SegRefinerSemantic  

denoise_model.input_blocks.16.0.out_layers.3.bias - torch.Size([512]): 
The value is the same before and after calling `init_weights` of SegRefinerSemantic  

denoise_model.input_blocks.16.1.norm.weight - torch.Size([512]): 
The value is the same before and after calling `init_weights` of SegRefinerSemantic  

denoise_model.input_blocks.16.1.norm.bias - torch.Size([512]): 
The value is the same before and after calling `init_weights` of SegRefinerSemantic  

denoise_model.input_blocks.16.1.qkv.weight - torch.Size([1536, 512, 1]): 
The value is the same before and after calling `init_weights` of SegRefinerSemantic  

denoise_model.input_blocks.16.1.qkv.bias - torch.Size([1536]): 
The value is the same before and after calling `init_weights` of SegRefinerSemantic  

denoise_model.input_blocks.16.1.proj_out.weight - torch.Size([512, 512, 1]): 
The value is the same before and after calling `init_weights` of SegRefinerSemantic  

denoise_model.input_blocks.16.1.proj_out.bias - torch.Size([512]): 
The value is the same before and after calling `init_weights` of SegRefinerSemantic  

denoise_model.input_blocks.17.0.in_layers.0.weight - torch.Size([512]): 
The value is the same before and after calling `init_weights` of SegRefinerSemantic  

denoise_model.input_blocks.17.0.in_layers.0.bias - torch.Size([512]): 
The value is the same before and after calling `init_weights` of SegRefinerSemantic  

denoise_model.input_blocks.17.0.in_layers.2.weight - torch.Size([512, 512, 3, 3]): 
The value is the same before and after calling `init_weights` of SegRefinerSemantic  

denoise_model.input_blocks.17.0.in_layers.2.bias - torch.Size([512]): 
The value is the same before and after calling `init_weights` of SegRefinerSemantic  

denoise_model.input_blocks.17.0.emb_layers.1.weight - torch.Size([512, 512]): 
The value is the same before and after calling `init_weights` of SegRefinerSemantic  

denoise_model.input_blocks.17.0.emb_layers.1.bias - torch.Size([512]): 
The value is the same before and after calling `init_weights` of SegRefinerSemantic  

denoise_model.input_blocks.17.0.out_layers.0.weight - torch.Size([512]): 
The value is the same before and after calling `init_weights` of SegRefinerSemantic  

denoise_model.input_blocks.17.0.out_layers.0.bias - torch.Size([512]): 
The value is the same before and after calling `init_weights` of SegRefinerSemantic  

denoise_model.input_blocks.17.0.out_layers.3.weight - torch.Size([512, 512, 3, 3]): 
The value is the same before and after calling `init_weights` of SegRefinerSemantic  

denoise_model.input_blocks.17.0.out_layers.3.bias - torch.Size([512]): 
The value is the same before and after calling `init_weights` of SegRefinerSemantic  

denoise_model.input_blocks.17.1.norm.weight - torch.Size([512]): 
The value is the same before and after calling `init_weights` of SegRefinerSemantic  

denoise_model.input_blocks.17.1.norm.bias - torch.Size([512]): 
The value is the same before and after calling `init_weights` of SegRefinerSemantic  

denoise_model.input_blocks.17.1.qkv.weight - torch.Size([1536, 512, 1]): 
The value is the same before and after calling `init_weights` of SegRefinerSemantic  

denoise_model.input_blocks.17.1.qkv.bias - torch.Size([1536]): 
The value is the same before and after calling `init_weights` of SegRefinerSemantic  

denoise_model.input_blocks.17.1.proj_out.weight - torch.Size([512, 512, 1]): 
The value is the same before and after calling `init_weights` of SegRefinerSemantic  

denoise_model.input_blocks.17.1.proj_out.bias - torch.Size([512]): 
The value is the same before and after calling `init_weights` of SegRefinerSemantic  

denoise_model.middle_block.0.in_layers.0.weight - torch.Size([512]): 
The value is the same before and after calling `init_weights` of SegRefinerSemantic  

denoise_model.middle_block.0.in_layers.0.bias - torch.Size([512]): 
The value is the same before and after calling `init_weights` of SegRefinerSemantic  

denoise_model.middle_block.0.in_layers.2.weight - torch.Size([512, 512, 3, 3]): 
The value is the same before and after calling `init_weights` of SegRefinerSemantic  

denoise_model.middle_block.0.in_layers.2.bias - torch.Size([512]): 
The value is the same before and after calling `init_weights` of SegRefinerSemantic  

denoise_model.middle_block.0.emb_layers.1.weight - torch.Size([512, 512]): 
The value is the same before and after calling `init_weights` of SegRefinerSemantic  

denoise_model.middle_block.0.emb_layers.1.bias - torch.Size([512]): 
The value is the same before and after calling `init_weights` of SegRefinerSemantic  

denoise_model.middle_block.0.out_layers.0.weight - torch.Size([512]): 
The value is the same before and after calling `init_weights` of SegRefinerSemantic  

denoise_model.middle_block.0.out_layers.0.bias - torch.Size([512]): 
The value is the same before and after calling `init_weights` of SegRefinerSemantic  

denoise_model.middle_block.0.out_layers.3.weight - torch.Size([512, 512, 3, 3]): 
The value is the same before and after calling `init_weights` of SegRefinerSemantic  

denoise_model.middle_block.0.out_layers.3.bias - torch.Size([512]): 
The value is the same before and after calling `init_weights` of SegRefinerSemantic  

denoise_model.middle_block.1.norm.weight - torch.Size([512]): 
The value is the same before and after calling `init_weights` of SegRefinerSemantic  

denoise_model.middle_block.1.norm.bias - torch.Size([512]): 
The value is the same before and after calling `init_weights` of SegRefinerSemantic  

denoise_model.middle_block.1.qkv.weight - torch.Size([1536, 512, 1]): 
The value is the same before and after calling `init_weights` of SegRefinerSemantic  

denoise_model.middle_block.1.qkv.bias - torch.Size([1536]): 
The value is the same before and after calling `init_weights` of SegRefinerSemantic  

denoise_model.middle_block.1.proj_out.weight - torch.Size([512, 512, 1]): 
The value is the same before and after calling `init_weights` of SegRefinerSemantic  

denoise_model.middle_block.1.proj_out.bias - torch.Size([512]): 
The value is the same before and after calling `init_weights` of SegRefinerSemantic  

denoise_model.middle_block.2.in_layers.0.weight - torch.Size([512]): 
The value is the same before and after calling `init_weights` of SegRefinerSemantic  

denoise_model.middle_block.2.in_layers.0.bias - torch.Size([512]): 
The value is the same before and after calling `init_weights` of SegRefinerSemantic  

denoise_model.middle_block.2.in_layers.2.weight - torch.Size([512, 512, 3, 3]): 
The value is the same before and after calling `init_weights` of SegRefinerSemantic  

denoise_model.middle_block.2.in_layers.2.bias - torch.Size([512]): 
The value is the same before and after calling `init_weights` of SegRefinerSemantic  

denoise_model.middle_block.2.emb_layers.1.weight - torch.Size([512, 512]): 
The value is the same before and after calling `init_weights` of SegRefinerSemantic  

denoise_model.middle_block.2.emb_layers.1.bias - torch.Size([512]): 
The value is the same before and after calling `init_weights` of SegRefinerSemantic  

denoise_model.middle_block.2.out_layers.0.weight - torch.Size([512]): 
The value is the same before and after calling `init_weights` of SegRefinerSemantic  

denoise_model.middle_block.2.out_layers.0.bias - torch.Size([512]): 
The value is the same before and after calling `init_weights` of SegRefinerSemantic  

denoise_model.middle_block.2.out_layers.3.weight - torch.Size([512, 512, 3, 3]): 
The value is the same before and after calling `init_weights` of SegRefinerSemantic  

denoise_model.middle_block.2.out_layers.3.bias - torch.Size([512]): 
The value is the same before and after calling `init_weights` of SegRefinerSemantic  

denoise_model.output_blocks.0.0.in_layers.0.weight - torch.Size([1024]): 
The value is the same before and after calling `init_weights` of SegRefinerSemantic  

denoise_model.output_blocks.0.0.in_layers.0.bias - torch.Size([1024]): 
The value is the same before and after calling `init_weights` of SegRefinerSemantic  

denoise_model.output_blocks.0.0.in_layers.2.weight - torch.Size([512, 1024, 3, 3]): 
The value is the same before and after calling `init_weights` of SegRefinerSemantic  

denoise_model.output_blocks.0.0.in_layers.2.bias - torch.Size([512]): 
The value is the same before and after calling `init_weights` of SegRefinerSemantic  

denoise_model.output_blocks.0.0.emb_layers.1.weight - torch.Size([512, 512]): 
The value is the same before and after calling `init_weights` of SegRefinerSemantic  

denoise_model.output_blocks.0.0.emb_layers.1.bias - torch.Size([512]): 
The value is the same before and after calling `init_weights` of SegRefinerSemantic  

denoise_model.output_blocks.0.0.out_layers.0.weight - torch.Size([512]): 
The value is the same before and after calling `init_weights` of SegRefinerSemantic  

denoise_model.output_blocks.0.0.out_layers.0.bias - torch.Size([512]): 
The value is the same before and after calling `init_weights` of SegRefinerSemantic  

denoise_model.output_blocks.0.0.out_layers.3.weight - torch.Size([512, 512, 3, 3]): 
The value is the same before and after calling `init_weights` of SegRefinerSemantic  

denoise_model.output_blocks.0.0.out_layers.3.bias - torch.Size([512]): 
The value is the same before and after calling `init_weights` of SegRefinerSemantic  

denoise_model.output_blocks.0.0.skip_connection.weight - torch.Size([512, 1024, 1, 1]): 
The value is the same before and after calling `init_weights` of SegRefinerSemantic  

denoise_model.output_blocks.0.0.skip_connection.bias - torch.Size([512]): 
The value is the same before and after calling `init_weights` of SegRefinerSemantic  

denoise_model.output_blocks.0.1.norm.weight - torch.Size([512]): 
The value is the same before and after calling `init_weights` of SegRefinerSemantic  

denoise_model.output_blocks.0.1.norm.bias - torch.Size([512]): 
The value is the same before and after calling `init_weights` of SegRefinerSemantic  

denoise_model.output_blocks.0.1.qkv.weight - torch.Size([1536, 512, 1]): 
The value is the same before and after calling `init_weights` of SegRefinerSemantic  

denoise_model.output_blocks.0.1.qkv.bias - torch.Size([1536]): 
The value is the same before and after calling `init_weights` of SegRefinerSemantic  

denoise_model.output_blocks.0.1.proj_out.weight - torch.Size([512, 512, 1]): 
The value is the same before and after calling `init_weights` of SegRefinerSemantic  

denoise_model.output_blocks.0.1.proj_out.bias - torch.Size([512]): 
The value is the same before and after calling `init_weights` of SegRefinerSemantic  

denoise_model.output_blocks.1.0.in_layers.0.weight - torch.Size([1024]): 
The value is the same before and after calling `init_weights` of SegRefinerSemantic  

denoise_model.output_blocks.1.0.in_layers.0.bias - torch.Size([1024]): 
The value is the same before and after calling `init_weights` of SegRefinerSemantic  

denoise_model.output_blocks.1.0.in_layers.2.weight - torch.Size([512, 1024, 3, 3]): 
The value is the same before and after calling `init_weights` of SegRefinerSemantic  

denoise_model.output_blocks.1.0.in_layers.2.bias - torch.Size([512]): 
The value is the same before and after calling `init_weights` of SegRefinerSemantic  

denoise_model.output_blocks.1.0.emb_layers.1.weight - torch.Size([512, 512]): 
The value is the same before and after calling `init_weights` of SegRefinerSemantic  

denoise_model.output_blocks.1.0.emb_layers.1.bias - torch.Size([512]): 
The value is the same before and after calling `init_weights` of SegRefinerSemantic  

denoise_model.output_blocks.1.0.out_layers.0.weight - torch.Size([512]): 
The value is the same before and after calling `init_weights` of SegRefinerSemantic  

denoise_model.output_blocks.1.0.out_layers.0.bias - torch.Size([512]): 
The value is the same before and after calling `init_weights` of SegRefinerSemantic  

denoise_model.output_blocks.1.0.out_layers.3.weight - torch.Size([512, 512, 3, 3]): 
The value is the same before and after calling `init_weights` of SegRefinerSemantic  

denoise_model.output_blocks.1.0.out_layers.3.bias - torch.Size([512]): 
The value is the same before and after calling `init_weights` of SegRefinerSemantic  

denoise_model.output_blocks.1.0.skip_connection.weight - torch.Size([512, 1024, 1, 1]): 
The value is the same before and after calling `init_weights` of SegRefinerSemantic  

denoise_model.output_blocks.1.0.skip_connection.bias - torch.Size([512]): 
The value is the same before and after calling `init_weights` of SegRefinerSemantic  

denoise_model.output_blocks.1.1.norm.weight - torch.Size([512]): 
The value is the same before and after calling `init_weights` of SegRefinerSemantic  

denoise_model.output_blocks.1.1.norm.bias - torch.Size([512]): 
The value is the same before and after calling `init_weights` of SegRefinerSemantic  

denoise_model.output_blocks.1.1.qkv.weight - torch.Size([1536, 512, 1]): 
The value is the same before and after calling `init_weights` of SegRefinerSemantic  

denoise_model.output_blocks.1.1.qkv.bias - torch.Size([1536]): 
The value is the same before and after calling `init_weights` of SegRefinerSemantic  

denoise_model.output_blocks.1.1.proj_out.weight - torch.Size([512, 512, 1]): 
The value is the same before and after calling `init_weights` of SegRefinerSemantic  

denoise_model.output_blocks.1.1.proj_out.bias - torch.Size([512]): 
The value is the same before and after calling `init_weights` of SegRefinerSemantic  

denoise_model.output_blocks.2.0.in_layers.0.weight - torch.Size([1024]): 
The value is the same before and after calling `init_weights` of SegRefinerSemantic  

denoise_model.output_blocks.2.0.in_layers.0.bias - torch.Size([1024]): 
The value is the same before and after calling `init_weights` of SegRefinerSemantic  

denoise_model.output_blocks.2.0.in_layers.2.weight - torch.Size([512, 1024, 3, 3]): 
The value is the same before and after calling `init_weights` of SegRefinerSemantic  

denoise_model.output_blocks.2.0.in_layers.2.bias - torch.Size([512]): 
The value is the same before and after calling `init_weights` of SegRefinerSemantic  

denoise_model.output_blocks.2.0.emb_layers.1.weight - torch.Size([512, 512]): 
The value is the same before and after calling `init_weights` of SegRefinerSemantic  

denoise_model.output_blocks.2.0.emb_layers.1.bias - torch.Size([512]): 
The value is the same before and after calling `init_weights` of SegRefinerSemantic  

denoise_model.output_blocks.2.0.out_layers.0.weight - torch.Size([512]): 
The value is the same before and after calling `init_weights` of SegRefinerSemantic  

denoise_model.output_blocks.2.0.out_layers.0.bias - torch.Size([512]): 
The value is the same before and after calling `init_weights` of SegRefinerSemantic  

denoise_model.output_blocks.2.0.out_layers.3.weight - torch.Size([512, 512, 3, 3]): 
The value is the same before and after calling `init_weights` of SegRefinerSemantic  

denoise_model.output_blocks.2.0.out_layers.3.bias - torch.Size([512]): 
The value is the same before and after calling `init_weights` of SegRefinerSemantic  

denoise_model.output_blocks.2.0.skip_connection.weight - torch.Size([512, 1024, 1, 1]): 
The value is the same before and after calling `init_weights` of SegRefinerSemantic  

denoise_model.output_blocks.2.0.skip_connection.bias - torch.Size([512]): 
The value is the same before and after calling `init_weights` of SegRefinerSemantic  

denoise_model.output_blocks.2.1.norm.weight - torch.Size([512]): 
The value is the same before and after calling `init_weights` of SegRefinerSemantic  

denoise_model.output_blocks.2.1.norm.bias - torch.Size([512]): 
The value is the same before and after calling `init_weights` of SegRefinerSemantic  

denoise_model.output_blocks.2.1.qkv.weight - torch.Size([1536, 512, 1]): 
The value is the same before and after calling `init_weights` of SegRefinerSemantic  

denoise_model.output_blocks.2.1.qkv.bias - torch.Size([1536]): 
The value is the same before and after calling `init_weights` of SegRefinerSemantic  

denoise_model.output_blocks.2.1.proj_out.weight - torch.Size([512, 512, 1]): 
The value is the same before and after calling `init_weights` of SegRefinerSemantic  

denoise_model.output_blocks.2.1.proj_out.bias - torch.Size([512]): 
The value is the same before and after calling `init_weights` of SegRefinerSemantic  

denoise_model.output_blocks.2.2.conv.weight - torch.Size([512, 512, 3, 3]): 
The value is the same before and after calling `init_weights` of SegRefinerSemantic  

denoise_model.output_blocks.2.2.conv.bias - torch.Size([512]): 
The value is the same before and after calling `init_weights` of SegRefinerSemantic  

denoise_model.output_blocks.3.0.in_layers.0.weight - torch.Size([1024]): 
The value is the same before and after calling `init_weights` of SegRefinerSemantic  

denoise_model.output_blocks.3.0.in_layers.0.bias - torch.Size([1024]): 
The value is the same before and after calling `init_weights` of SegRefinerSemantic  

denoise_model.output_blocks.3.0.in_layers.2.weight - torch.Size([512, 1024, 3, 3]): 
The value is the same before and after calling `init_weights` of SegRefinerSemantic  

denoise_model.output_blocks.3.0.in_layers.2.bias - torch.Size([512]): 
The value is the same before and after calling `init_weights` of SegRefinerSemantic  

denoise_model.output_blocks.3.0.emb_layers.1.weight - torch.Size([512, 512]): 
The value is the same before and after calling `init_weights` of SegRefinerSemantic  

denoise_model.output_blocks.3.0.emb_layers.1.bias - torch.Size([512]): 
The value is the same before and after calling `init_weights` of SegRefinerSemantic  

denoise_model.output_blocks.3.0.out_layers.0.weight - torch.Size([512]): 
The value is the same before and after calling `init_weights` of SegRefinerSemantic  

denoise_model.output_blocks.3.0.out_layers.0.bias - torch.Size([512]): 
The value is the same before and after calling `init_weights` of SegRefinerSemantic  

denoise_model.output_blocks.3.0.out_layers.3.weight - torch.Size([512, 512, 3, 3]): 
The value is the same before and after calling `init_weights` of SegRefinerSemantic  

denoise_model.output_blocks.3.0.out_layers.3.bias - torch.Size([512]): 
The value is the same before and after calling `init_weights` of SegRefinerSemantic  

denoise_model.output_blocks.3.0.skip_connection.weight - torch.Size([512, 1024, 1, 1]): 
The value is the same before and after calling `init_weights` of SegRefinerSemantic  

denoise_model.output_blocks.3.0.skip_connection.bias - torch.Size([512]): 
The value is the same before and after calling `init_weights` of SegRefinerSemantic  

denoise_model.output_blocks.3.1.norm.weight - torch.Size([512]): 
The value is the same before and after calling `init_weights` of SegRefinerSemantic  

denoise_model.output_blocks.3.1.norm.bias - torch.Size([512]): 
The value is the same before and after calling `init_weights` of SegRefinerSemantic  

denoise_model.output_blocks.3.1.qkv.weight - torch.Size([1536, 512, 1]): 
The value is the same before and after calling `init_weights` of SegRefinerSemantic  

denoise_model.output_blocks.3.1.qkv.bias - torch.Size([1536]): 
The value is the same before and after calling `init_weights` of SegRefinerSemantic  

denoise_model.output_blocks.3.1.proj_out.weight - torch.Size([512, 512, 1]): 
The value is the same before and after calling `init_weights` of SegRefinerSemantic  

denoise_model.output_blocks.3.1.proj_out.bias - torch.Size([512]): 
The value is the same before and after calling `init_weights` of SegRefinerSemantic  

denoise_model.output_blocks.4.0.in_layers.0.weight - torch.Size([1024]): 
The value is the same before and after calling `init_weights` of SegRefinerSemantic  

denoise_model.output_blocks.4.0.in_layers.0.bias - torch.Size([1024]): 
The value is the same before and after calling `init_weights` of SegRefinerSemantic  

denoise_model.output_blocks.4.0.in_layers.2.weight - torch.Size([512, 1024, 3, 3]): 
The value is the same before and after calling `init_weights` of SegRefinerSemantic  

denoise_model.output_blocks.4.0.in_layers.2.bias - torch.Size([512]): 
The value is the same before and after calling `init_weights` of SegRefinerSemantic  

denoise_model.output_blocks.4.0.emb_layers.1.weight - torch.Size([512, 512]): 
The value is the same before and after calling `init_weights` of SegRefinerSemantic  

denoise_model.output_blocks.4.0.emb_layers.1.bias - torch.Size([512]): 
The value is the same before and after calling `init_weights` of SegRefinerSemantic  

denoise_model.output_blocks.4.0.out_layers.0.weight - torch.Size([512]): 
The value is the same before and after calling `init_weights` of SegRefinerSemantic  

denoise_model.output_blocks.4.0.out_layers.0.bias - torch.Size([512]): 
The value is the same before and after calling `init_weights` of SegRefinerSemantic  

denoise_model.output_blocks.4.0.out_layers.3.weight - torch.Size([512, 512, 3, 3]): 
The value is the same before and after calling `init_weights` of SegRefinerSemantic  

denoise_model.output_blocks.4.0.out_layers.3.bias - torch.Size([512]): 
The value is the same before and after calling `init_weights` of SegRefinerSemantic  

denoise_model.output_blocks.4.0.skip_connection.weight - torch.Size([512, 1024, 1, 1]): 
The value is the same before and after calling `init_weights` of SegRefinerSemantic  

denoise_model.output_blocks.4.0.skip_connection.bias - torch.Size([512]): 
The value is the same before and after calling `init_weights` of SegRefinerSemantic  

denoise_model.output_blocks.4.1.norm.weight - torch.Size([512]): 
The value is the same before and after calling `init_weights` of SegRefinerSemantic  

denoise_model.output_blocks.4.1.norm.bias - torch.Size([512]): 
The value is the same before and after calling `init_weights` of SegRefinerSemantic  

denoise_model.output_blocks.4.1.qkv.weight - torch.Size([1536, 512, 1]): 
The value is the same before and after calling `init_weights` of SegRefinerSemantic  

denoise_model.output_blocks.4.1.qkv.bias - torch.Size([1536]): 
The value is the same before and after calling `init_weights` of SegRefinerSemantic  

denoise_model.output_blocks.4.1.proj_out.weight - torch.Size([512, 512, 1]): 
The value is the same before and after calling `init_weights` of SegRefinerSemantic  

denoise_model.output_blocks.4.1.proj_out.bias - torch.Size([512]): 
The value is the same before and after calling `init_weights` of SegRefinerSemantic  

denoise_model.output_blocks.5.0.in_layers.0.weight - torch.Size([768]): 
The value is the same before and after calling `init_weights` of SegRefinerSemantic  

denoise_model.output_blocks.5.0.in_layers.0.bias - torch.Size([768]): 
The value is the same before and after calling `init_weights` of SegRefinerSemantic  

denoise_model.output_blocks.5.0.in_layers.2.weight - torch.Size([512, 768, 3, 3]): 
The value is the same before and after calling `init_weights` of SegRefinerSemantic  

denoise_model.output_blocks.5.0.in_layers.2.bias - torch.Size([512]): 
The value is the same before and after calling `init_weights` of SegRefinerSemantic  

denoise_model.output_blocks.5.0.emb_layers.1.weight - torch.Size([512, 512]): 
The value is the same before and after calling `init_weights` of SegRefinerSemantic  

denoise_model.output_blocks.5.0.emb_layers.1.bias - torch.Size([512]): 
The value is the same before and after calling `init_weights` of SegRefinerSemantic  

denoise_model.output_blocks.5.0.out_layers.0.weight - torch.Size([512]): 
The value is the same before and after calling `init_weights` of SegRefinerSemantic  

denoise_model.output_blocks.5.0.out_layers.0.bias - torch.Size([512]): 
The value is the same before and after calling `init_weights` of SegRefinerSemantic  

denoise_model.output_blocks.5.0.out_layers.3.weight - torch.Size([512, 512, 3, 3]): 
The value is the same before and after calling `init_weights` of SegRefinerSemantic  

denoise_model.output_blocks.5.0.out_layers.3.bias - torch.Size([512]): 
The value is the same before and after calling `init_weights` of SegRefinerSemantic  

denoise_model.output_blocks.5.0.skip_connection.weight - torch.Size([512, 768, 1, 1]): 
The value is the same before and after calling `init_weights` of SegRefinerSemantic  

denoise_model.output_blocks.5.0.skip_connection.bias - torch.Size([512]): 
The value is the same before and after calling `init_weights` of SegRefinerSemantic  

denoise_model.output_blocks.5.1.norm.weight - torch.Size([512]): 
The value is the same before and after calling `init_weights` of SegRefinerSemantic  

denoise_model.output_blocks.5.1.norm.bias - torch.Size([512]): 
The value is the same before and after calling `init_weights` of SegRefinerSemantic  

denoise_model.output_blocks.5.1.qkv.weight - torch.Size([1536, 512, 1]): 
The value is the same before and after calling `init_weights` of SegRefinerSemantic  

denoise_model.output_blocks.5.1.qkv.bias - torch.Size([1536]): 
The value is the same before and after calling `init_weights` of SegRefinerSemantic  

denoise_model.output_blocks.5.1.proj_out.weight - torch.Size([512, 512, 1]): 
The value is the same before and after calling `init_weights` of SegRefinerSemantic  

denoise_model.output_blocks.5.1.proj_out.bias - torch.Size([512]): 
The value is the same before and after calling `init_weights` of SegRefinerSemantic  

denoise_model.output_blocks.5.2.conv.weight - torch.Size([512, 512, 3, 3]): 
The value is the same before and after calling `init_weights` of SegRefinerSemantic  

denoise_model.output_blocks.5.2.conv.bias - torch.Size([512]): 
The value is the same before and after calling `init_weights` of SegRefinerSemantic  

denoise_model.output_blocks.6.0.in_layers.0.weight - torch.Size([768]): 
The value is the same before and after calling `init_weights` of SegRefinerSemantic  

denoise_model.output_blocks.6.0.in_layers.0.bias - torch.Size([768]): 
The value is the same before and after calling `init_weights` of SegRefinerSemantic  

denoise_model.output_blocks.6.0.in_layers.2.weight - torch.Size([256, 768, 3, 3]): 
The value is the same before and after calling `init_weights` of SegRefinerSemantic  

denoise_model.output_blocks.6.0.in_layers.2.bias - torch.Size([256]): 
The value is the same before and after calling `init_weights` of SegRefinerSemantic  

denoise_model.output_blocks.6.0.emb_layers.1.weight - torch.Size([256, 512]): 
The value is the same before and after calling `init_weights` of SegRefinerSemantic  

denoise_model.output_blocks.6.0.emb_layers.1.bias - torch.Size([256]): 
The value is the same before and after calling `init_weights` of SegRefinerSemantic  

denoise_model.output_blocks.6.0.out_layers.0.weight - torch.Size([256]): 
The value is the same before and after calling `init_weights` of SegRefinerSemantic  

denoise_model.output_blocks.6.0.out_layers.0.bias - torch.Size([256]): 
The value is the same before and after calling `init_weights` of SegRefinerSemantic  

denoise_model.output_blocks.6.0.out_layers.3.weight - torch.Size([256, 256, 3, 3]): 
The value is the same before and after calling `init_weights` of SegRefinerSemantic  

denoise_model.output_blocks.6.0.out_layers.3.bias - torch.Size([256]): 
The value is the same before and after calling `init_weights` of SegRefinerSemantic  

denoise_model.output_blocks.6.0.skip_connection.weight - torch.Size([256, 768, 1, 1]): 
The value is the same before and after calling `init_weights` of SegRefinerSemantic  

denoise_model.output_blocks.6.0.skip_connection.bias - torch.Size([256]): 
The value is the same before and after calling `init_weights` of SegRefinerSemantic  

denoise_model.output_blocks.7.0.in_layers.0.weight - torch.Size([512]): 
The value is the same before and after calling `init_weights` of SegRefinerSemantic  

denoise_model.output_blocks.7.0.in_layers.0.bias - torch.Size([512]): 
The value is the same before and after calling `init_weights` of SegRefinerSemantic  

denoise_model.output_blocks.7.0.in_layers.2.weight - torch.Size([256, 512, 3, 3]): 
The value is the same before and after calling `init_weights` of SegRefinerSemantic  

denoise_model.output_blocks.7.0.in_layers.2.bias - torch.Size([256]): 
The value is the same before and after calling `init_weights` of SegRefinerSemantic  

denoise_model.output_blocks.7.0.emb_layers.1.weight - torch.Size([256, 512]): 
The value is the same before and after calling `init_weights` of SegRefinerSemantic  

denoise_model.output_blocks.7.0.emb_layers.1.bias - torch.Size([256]): 
The value is the same before and after calling `init_weights` of SegRefinerSemantic  

denoise_model.output_blocks.7.0.out_layers.0.weight - torch.Size([256]): 
The value is the same before and after calling `init_weights` of SegRefinerSemantic  

denoise_model.output_blocks.7.0.out_layers.0.bias - torch.Size([256]): 
The value is the same before and after calling `init_weights` of SegRefinerSemantic  

denoise_model.output_blocks.7.0.out_layers.3.weight - torch.Size([256, 256, 3, 3]): 
The value is the same before and after calling `init_weights` of SegRefinerSemantic  

denoise_model.output_blocks.7.0.out_layers.3.bias - torch.Size([256]): 
The value is the same before and after calling `init_weights` of SegRefinerSemantic  

denoise_model.output_blocks.7.0.skip_connection.weight - torch.Size([256, 512, 1, 1]): 
The value is the same before and after calling `init_weights` of SegRefinerSemantic  

denoise_model.output_blocks.7.0.skip_connection.bias - torch.Size([256]): 
The value is the same before and after calling `init_weights` of SegRefinerSemantic  

denoise_model.output_blocks.8.0.in_layers.0.weight - torch.Size([512]): 
The value is the same before and after calling `init_weights` of SegRefinerSemantic  

denoise_model.output_blocks.8.0.in_layers.0.bias - torch.Size([512]): 
The value is the same before and after calling `init_weights` of SegRefinerSemantic  

denoise_model.output_blocks.8.0.in_layers.2.weight - torch.Size([256, 512, 3, 3]): 
The value is the same before and after calling `init_weights` of SegRefinerSemantic  

denoise_model.output_blocks.8.0.in_layers.2.bias - torch.Size([256]): 
The value is the same before and after calling `init_weights` of SegRefinerSemantic  

denoise_model.output_blocks.8.0.emb_layers.1.weight - torch.Size([256, 512]): 
The value is the same before and after calling `init_weights` of SegRefinerSemantic  

denoise_model.output_blocks.8.0.emb_layers.1.bias - torch.Size([256]): 
The value is the same before and after calling `init_weights` of SegRefinerSemantic  

denoise_model.output_blocks.8.0.out_layers.0.weight - torch.Size([256]): 
The value is the same before and after calling `init_weights` of SegRefinerSemantic  

denoise_model.output_blocks.8.0.out_layers.0.bias - torch.Size([256]): 
The value is the same before and after calling `init_weights` of SegRefinerSemantic  

denoise_model.output_blocks.8.0.out_layers.3.weight - torch.Size([256, 256, 3, 3]): 
The value is the same before and after calling `init_weights` of SegRefinerSemantic  

denoise_model.output_blocks.8.0.out_layers.3.bias - torch.Size([256]): 
The value is the same before and after calling `init_weights` of SegRefinerSemantic  

denoise_model.output_blocks.8.0.skip_connection.weight - torch.Size([256, 512, 1, 1]): 
The value is the same before and after calling `init_weights` of SegRefinerSemantic  

denoise_model.output_blocks.8.0.skip_connection.bias - torch.Size([256]): 
The value is the same before and after calling `init_weights` of SegRefinerSemantic  

denoise_model.output_blocks.8.1.conv.weight - torch.Size([256, 256, 3, 3]): 
The value is the same before and after calling `init_weights` of SegRefinerSemantic  

denoise_model.output_blocks.8.1.conv.bias - torch.Size([256]): 
The value is the same before and after calling `init_weights` of SegRefinerSemantic  

denoise_model.output_blocks.9.0.in_layers.0.weight - torch.Size([512]): 
The value is the same before and after calling `init_weights` of SegRefinerSemantic  

denoise_model.output_blocks.9.0.in_layers.0.bias - torch.Size([512]): 
The value is the same before and after calling `init_weights` of SegRefinerSemantic  

denoise_model.output_blocks.9.0.in_layers.2.weight - torch.Size([256, 512, 3, 3]): 
The value is the same before and after calling `init_weights` of SegRefinerSemantic  

denoise_model.output_blocks.9.0.in_layers.2.bias - torch.Size([256]): 
The value is the same before and after calling `init_weights` of SegRefinerSemantic  

denoise_model.output_blocks.9.0.emb_layers.1.weight - torch.Size([256, 512]): 
The value is the same before and after calling `init_weights` of SegRefinerSemantic  

denoise_model.output_blocks.9.0.emb_layers.1.bias - torch.Size([256]): 
The value is the same before and after calling `init_weights` of SegRefinerSemantic  

denoise_model.output_blocks.9.0.out_layers.0.weight - torch.Size([256]): 
The value is the same before and after calling `init_weights` of SegRefinerSemantic  

denoise_model.output_blocks.9.0.out_layers.0.bias - torch.Size([256]): 
The value is the same before and after calling `init_weights` of SegRefinerSemantic  

denoise_model.output_blocks.9.0.out_layers.3.weight - torch.Size([256, 256, 3, 3]): 
The value is the same before and after calling `init_weights` of SegRefinerSemantic  

denoise_model.output_blocks.9.0.out_layers.3.bias - torch.Size([256]): 
The value is the same before and after calling `init_weights` of SegRefinerSemantic  

denoise_model.output_blocks.9.0.skip_connection.weight - torch.Size([256, 512, 1, 1]): 
The value is the same before and after calling `init_weights` of SegRefinerSemantic  

denoise_model.output_blocks.9.0.skip_connection.bias - torch.Size([256]): 
The value is the same before and after calling `init_weights` of SegRefinerSemantic  

denoise_model.output_blocks.10.0.in_layers.0.weight - torch.Size([512]): 
The value is the same before and after calling `init_weights` of SegRefinerSemantic  

denoise_model.output_blocks.10.0.in_layers.0.bias - torch.Size([512]): 
The value is the same before and after calling `init_weights` of SegRefinerSemantic  

denoise_model.output_blocks.10.0.in_layers.2.weight - torch.Size([256, 512, 3, 3]): 
The value is the same before and after calling `init_weights` of SegRefinerSemantic  

denoise_model.output_blocks.10.0.in_layers.2.bias - torch.Size([256]): 
The value is the same before and after calling `init_weights` of SegRefinerSemantic  

denoise_model.output_blocks.10.0.emb_layers.1.weight - torch.Size([256, 512]): 
The value is the same before and after calling `init_weights` of SegRefinerSemantic  

denoise_model.output_blocks.10.0.emb_layers.1.bias - torch.Size([256]): 
The value is the same before and after calling `init_weights` of SegRefinerSemantic  

denoise_model.output_blocks.10.0.out_layers.0.weight - torch.Size([256]): 
The value is the same before and after calling `init_weights` of SegRefinerSemantic  

denoise_model.output_blocks.10.0.out_layers.0.bias - torch.Size([256]): 
The value is the same before and after calling `init_weights` of SegRefinerSemantic  

denoise_model.output_blocks.10.0.out_layers.3.weight - torch.Size([256, 256, 3, 3]): 
The value is the same before and after calling `init_weights` of SegRefinerSemantic  

denoise_model.output_blocks.10.0.out_layers.3.bias - torch.Size([256]): 
The value is the same before and after calling `init_weights` of SegRefinerSemantic  

denoise_model.output_blocks.10.0.skip_connection.weight - torch.Size([256, 512, 1, 1]): 
The value is the same before and after calling `init_weights` of SegRefinerSemantic  

denoise_model.output_blocks.10.0.skip_connection.bias - torch.Size([256]): 
The value is the same before and after calling `init_weights` of SegRefinerSemantic  

denoise_model.output_blocks.11.0.in_layers.0.weight - torch.Size([384]): 
The value is the same before and after calling `init_weights` of SegRefinerSemantic  

denoise_model.output_blocks.11.0.in_layers.0.bias - torch.Size([384]): 
The value is the same before and after calling `init_weights` of SegRefinerSemantic  

denoise_model.output_blocks.11.0.in_layers.2.weight - torch.Size([256, 384, 3, 3]): 
The value is the same before and after calling `init_weights` of SegRefinerSemantic  

denoise_model.output_blocks.11.0.in_layers.2.bias - torch.Size([256]): 
The value is the same before and after calling `init_weights` of SegRefinerSemantic  

denoise_model.output_blocks.11.0.emb_layers.1.weight - torch.Size([256, 512]): 
The value is the same before and after calling `init_weights` of SegRefinerSemantic  

denoise_model.output_blocks.11.0.emb_layers.1.bias - torch.Size([256]): 
The value is the same before and after calling `init_weights` of SegRefinerSemantic  

denoise_model.output_blocks.11.0.out_layers.0.weight - torch.Size([256]): 
The value is the same before and after calling `init_weights` of SegRefinerSemantic  

denoise_model.output_blocks.11.0.out_layers.0.bias - torch.Size([256]): 
The value is the same before and after calling `init_weights` of SegRefinerSemantic  

denoise_model.output_blocks.11.0.out_layers.3.weight - torch.Size([256, 256, 3, 3]): 
The value is the same before and after calling `init_weights` of SegRefinerSemantic  

denoise_model.output_blocks.11.0.out_layers.3.bias - torch.Size([256]): 
The value is the same before and after calling `init_weights` of SegRefinerSemantic  

denoise_model.output_blocks.11.0.skip_connection.weight - torch.Size([256, 384, 1, 1]): 
The value is the same before and after calling `init_weights` of SegRefinerSemantic  

denoise_model.output_blocks.11.0.skip_connection.bias - torch.Size([256]): 
The value is the same before and after calling `init_weights` of SegRefinerSemantic  

denoise_model.output_blocks.11.1.conv.weight - torch.Size([256, 256, 3, 3]): 
The value is the same before and after calling `init_weights` of SegRefinerSemantic  

denoise_model.output_blocks.11.1.conv.bias - torch.Size([256]): 
The value is the same before and after calling `init_weights` of SegRefinerSemantic  

denoise_model.output_blocks.12.0.in_layers.0.weight - torch.Size([384]): 
The value is the same before and after calling `init_weights` of SegRefinerSemantic  

denoise_model.output_blocks.12.0.in_layers.0.bias - torch.Size([384]): 
The value is the same before and after calling `init_weights` of SegRefinerSemantic  

denoise_model.output_blocks.12.0.in_layers.2.weight - torch.Size([128, 384, 3, 3]): 
The value is the same before and after calling `init_weights` of SegRefinerSemantic  

denoise_model.output_blocks.12.0.in_layers.2.bias - torch.Size([128]): 
The value is the same before and after calling `init_weights` of SegRefinerSemantic  

denoise_model.output_blocks.12.0.emb_layers.1.weight - torch.Size([128, 512]): 
The value is the same before and after calling `init_weights` of SegRefinerSemantic  

denoise_model.output_blocks.12.0.emb_layers.1.bias - torch.Size([128]): 
The value is the same before and after calling `init_weights` of SegRefinerSemantic  

denoise_model.output_blocks.12.0.out_layers.0.weight - torch.Size([128]): 
The value is the same before and after calling `init_weights` of SegRefinerSemantic  

denoise_model.output_blocks.12.0.out_layers.0.bias - torch.Size([128]): 
The value is the same before and after calling `init_weights` of SegRefinerSemantic  

denoise_model.output_blocks.12.0.out_layers.3.weight - torch.Size([128, 128, 3, 3]): 
The value is the same before and after calling `init_weights` of SegRefinerSemantic  

denoise_model.output_blocks.12.0.out_layers.3.bias - torch.Size([128]): 
The value is the same before and after calling `init_weights` of SegRefinerSemantic  

denoise_model.output_blocks.12.0.skip_connection.weight - torch.Size([128, 384, 1, 1]): 
The value is the same before and after calling `init_weights` of SegRefinerSemantic  

denoise_model.output_blocks.12.0.skip_connection.bias - torch.Size([128]): 
The value is the same before and after calling `init_weights` of SegRefinerSemantic  

denoise_model.output_blocks.13.0.in_layers.0.weight - torch.Size([256]): 
The value is the same before and after calling `init_weights` of SegRefinerSemantic  

denoise_model.output_blocks.13.0.in_layers.0.bias - torch.Size([256]): 
The value is the same before and after calling `init_weights` of SegRefinerSemantic  

denoise_model.output_blocks.13.0.in_layers.2.weight - torch.Size([128, 256, 3, 3]): 
The value is the same before and after calling `init_weights` of SegRefinerSemantic  

denoise_model.output_blocks.13.0.in_layers.2.bias - torch.Size([128]): 
The value is the same before and after calling `init_weights` of SegRefinerSemantic  

denoise_model.output_blocks.13.0.emb_layers.1.weight - torch.Size([128, 512]): 
The value is the same before and after calling `init_weights` of SegRefinerSemantic  

denoise_model.output_blocks.13.0.emb_layers.1.bias - torch.Size([128]): 
The value is the same before and after calling `init_weights` of SegRefinerSemantic  

denoise_model.output_blocks.13.0.out_layers.0.weight - torch.Size([128]): 
The value is the same before and after calling `init_weights` of SegRefinerSemantic  

denoise_model.output_blocks.13.0.out_layers.0.bias - torch.Size([128]): 
The value is the same before and after calling `init_weights` of SegRefinerSemantic  

denoise_model.output_blocks.13.0.out_layers.3.weight - torch.Size([128, 128, 3, 3]): 
The value is the same before and after calling `init_weights` of SegRefinerSemantic  

denoise_model.output_blocks.13.0.out_layers.3.bias - torch.Size([128]): 
The value is the same before and after calling `init_weights` of SegRefinerSemantic  

denoise_model.output_blocks.13.0.skip_connection.weight - torch.Size([128, 256, 1, 1]): 
The value is the same before and after calling `init_weights` of SegRefinerSemantic  

denoise_model.output_blocks.13.0.skip_connection.bias - torch.Size([128]): 
The value is the same before and after calling `init_weights` of SegRefinerSemantic  

denoise_model.output_blocks.14.0.in_layers.0.weight - torch.Size([256]): 
The value is the same before and after calling `init_weights` of SegRefinerSemantic  

denoise_model.output_blocks.14.0.in_layers.0.bias - torch.Size([256]): 
The value is the same before and after calling `init_weights` of SegRefinerSemantic  

denoise_model.output_blocks.14.0.in_layers.2.weight - torch.Size([128, 256, 3, 3]): 
The value is the same before and after calling `init_weights` of SegRefinerSemantic  

denoise_model.output_blocks.14.0.in_layers.2.bias - torch.Size([128]): 
The value is the same before and after calling `init_weights` of SegRefinerSemantic  

denoise_model.output_blocks.14.0.emb_layers.1.weight - torch.Size([128, 512]): 
The value is the same before and after calling `init_weights` of SegRefinerSemantic  

denoise_model.output_blocks.14.0.emb_layers.1.bias - torch.Size([128]): 
The value is the same before and after calling `init_weights` of SegRefinerSemantic  

denoise_model.output_blocks.14.0.out_layers.0.weight - torch.Size([128]): 
The value is the same before and after calling `init_weights` of SegRefinerSemantic  

denoise_model.output_blocks.14.0.out_layers.0.bias - torch.Size([128]): 
The value is the same before and after calling `init_weights` of SegRefinerSemantic  

denoise_model.output_blocks.14.0.out_layers.3.weight - torch.Size([128, 128, 3, 3]): 
The value is the same before and after calling `init_weights` of SegRefinerSemantic  

denoise_model.output_blocks.14.0.out_layers.3.bias - torch.Size([128]): 
The value is the same before and after calling `init_weights` of SegRefinerSemantic  

denoise_model.output_blocks.14.0.skip_connection.weight - torch.Size([128, 256, 1, 1]): 
The value is the same before and after calling `init_weights` of SegRefinerSemantic  

denoise_model.output_blocks.14.0.skip_connection.bias - torch.Size([128]): 
The value is the same before and after calling `init_weights` of SegRefinerSemantic  

denoise_model.output_blocks.14.1.conv.weight - torch.Size([128, 128, 3, 3]): 
The value is the same before and after calling `init_weights` of SegRefinerSemantic  

denoise_model.output_blocks.14.1.conv.bias - torch.Size([128]): 
The value is the same before and after calling `init_weights` of SegRefinerSemantic  

denoise_model.output_blocks.15.0.in_layers.0.weight - torch.Size([256]): 
The value is the same before and after calling `init_weights` of SegRefinerSemantic  

denoise_model.output_blocks.15.0.in_layers.0.bias - torch.Size([256]): 
The value is the same before and after calling `init_weights` of SegRefinerSemantic  

denoise_model.output_blocks.15.0.in_layers.2.weight - torch.Size([128, 256, 3, 3]): 
The value is the same before and after calling `init_weights` of SegRefinerSemantic  

denoise_model.output_blocks.15.0.in_layers.2.bias - torch.Size([128]): 
The value is the same before and after calling `init_weights` of SegRefinerSemantic  

denoise_model.output_blocks.15.0.emb_layers.1.weight - torch.Size([128, 512]): 
The value is the same before and after calling `init_weights` of SegRefinerSemantic  

denoise_model.output_blocks.15.0.emb_layers.1.bias - torch.Size([128]): 
The value is the same before and after calling `init_weights` of SegRefinerSemantic  

denoise_model.output_blocks.15.0.out_layers.0.weight - torch.Size([128]): 
The value is the same before and after calling `init_weights` of SegRefinerSemantic  

denoise_model.output_blocks.15.0.out_layers.0.bias - torch.Size([128]): 
The value is the same before and after calling `init_weights` of SegRefinerSemantic  

denoise_model.output_blocks.15.0.out_layers.3.weight - torch.Size([128, 128, 3, 3]): 
The value is the same before and after calling `init_weights` of SegRefinerSemantic  

denoise_model.output_blocks.15.0.out_layers.3.bias - torch.Size([128]): 
The value is the same before and after calling `init_weights` of SegRefinerSemantic  

denoise_model.output_blocks.15.0.skip_connection.weight - torch.Size([128, 256, 1, 1]): 
The value is the same before and after calling `init_weights` of SegRefinerSemantic  

denoise_model.output_blocks.15.0.skip_connection.bias - torch.Size([128]): 
The value is the same before and after calling `init_weights` of SegRefinerSemantic  

denoise_model.output_blocks.16.0.in_layers.0.weight - torch.Size([256]): 
The value is the same before and after calling `init_weights` of SegRefinerSemantic  

denoise_model.output_blocks.16.0.in_layers.0.bias - torch.Size([256]): 
The value is the same before and after calling `init_weights` of SegRefinerSemantic  

denoise_model.output_blocks.16.0.in_layers.2.weight - torch.Size([128, 256, 3, 3]): 
The value is the same before and after calling `init_weights` of SegRefinerSemantic  

denoise_model.output_blocks.16.0.in_layers.2.bias - torch.Size([128]): 
The value is the same before and after calling `init_weights` of SegRefinerSemantic  

denoise_model.output_blocks.16.0.emb_layers.1.weight - torch.Size([128, 512]): 
The value is the same before and after calling `init_weights` of SegRefinerSemantic  

denoise_model.output_blocks.16.0.emb_layers.1.bias - torch.Size([128]): 
The value is the same before and after calling `init_weights` of SegRefinerSemantic  

denoise_model.output_blocks.16.0.out_layers.0.weight - torch.Size([128]): 
The value is the same before and after calling `init_weights` of SegRefinerSemantic  

denoise_model.output_blocks.16.0.out_layers.0.bias - torch.Size([128]): 
The value is the same before and after calling `init_weights` of SegRefinerSemantic  

denoise_model.output_blocks.16.0.out_layers.3.weight - torch.Size([128, 128, 3, 3]): 
The value is the same before and after calling `init_weights` of SegRefinerSemantic  

denoise_model.output_blocks.16.0.out_layers.3.bias - torch.Size([128]): 
The value is the same before and after calling `init_weights` of SegRefinerSemantic  

denoise_model.output_blocks.16.0.skip_connection.weight - torch.Size([128, 256, 1, 1]): 
The value is the same before and after calling `init_weights` of SegRefinerSemantic  

denoise_model.output_blocks.16.0.skip_connection.bias - torch.Size([128]): 
The value is the same before and after calling `init_weights` of SegRefinerSemantic  

denoise_model.output_blocks.17.0.in_layers.0.weight - torch.Size([256]): 
The value is the same before and after calling `init_weights` of SegRefinerSemantic  

denoise_model.output_blocks.17.0.in_layers.0.bias - torch.Size([256]): 
The value is the same before and after calling `init_weights` of SegRefinerSemantic  

denoise_model.output_blocks.17.0.in_layers.2.weight - torch.Size([128, 256, 3, 3]): 
The value is the same before and after calling `init_weights` of SegRefinerSemantic  

denoise_model.output_blocks.17.0.in_layers.2.bias - torch.Size([128]): 
The value is the same before and after calling `init_weights` of SegRefinerSemantic  

denoise_model.output_blocks.17.0.emb_layers.1.weight - torch.Size([128, 512]): 
The value is the same before and after calling `init_weights` of SegRefinerSemantic  

denoise_model.output_blocks.17.0.emb_layers.1.bias - torch.Size([128]): 
The value is the same before and after calling `init_weights` of SegRefinerSemantic  

denoise_model.output_blocks.17.0.out_layers.0.weight - torch.Size([128]): 
The value is the same before and after calling `init_weights` of SegRefinerSemantic  

denoise_model.output_blocks.17.0.out_layers.0.bias - torch.Size([128]): 
The value is the same before and after calling `init_weights` of SegRefinerSemantic  

denoise_model.output_blocks.17.0.out_layers.3.weight - torch.Size([128, 128, 3, 3]): 
The value is the same before and after calling `init_weights` of SegRefinerSemantic  

denoise_model.output_blocks.17.0.out_layers.3.bias - torch.Size([128]): 
The value is the same before and after calling `init_weights` of SegRefinerSemantic  

denoise_model.output_blocks.17.0.skip_connection.weight - torch.Size([128, 256, 1, 1]): 
The value is the same before and after calling `init_weights` of SegRefinerSemantic  

denoise_model.output_blocks.17.0.skip_connection.bias - torch.Size([128]): 
The value is the same before and after calling `init_weights` of SegRefinerSemantic  

denoise_model.out.0.weight - torch.Size([128]): 
The value is the same before and after calling `init_weights` of SegRefinerSemantic  

denoise_model.out.0.bias - torch.Size([128]): 
The value is the same before and after calling `init_weights` of SegRefinerSemantic  

denoise_model.out.2.weight - torch.Size([1, 128, 3, 3]): 
The value is the same before and after calling `init_weights` of SegRefinerSemantic  

denoise_model.out.2.bias - torch.Size([1]): 
The value is the same before and after calling `init_weights` of SegRefinerSemantic  

loss_texture.sobel.conv_x.weight - torch.Size([1, 1, 3, 3]): 
The value is the same before and after calling `init_weights` of SegRefinerSemantic  

loss_texture.sobel.conv_y.weight - torch.Size([1, 1, 3, 3]): 
The value is the same before and after calling `init_weights` of SegRefinerSemantic  
2026-05-08 16:54:46,185 - mmdet - INFO - Automatic scaling of learning rate (LR) has been disabled.
2026-05-08 16:54:46,188 - mmdet - INFO - load checkpoint from local path: work_dirs/exp8_all/last.pth
2026-05-08 16:54:46,338 - mmdet - INFO - resumed from epoch: 1, iter 32499
2026-05-08 16:54:46,339 - mmdet - INFO - Start running, host: ubuntu@ip-172-31-22-110, work_dir: /home/ubuntu/vy/Denoiser/SegRefiner/work_dirs/exp8_all
2026-05-08 16:54:46,339 - mmdet - INFO - Hooks will be executed in the following order:
before_run:
(VERY_HIGH   ) StepLrUpdaterHook                  
(NORMAL      ) CheckpointHook                     
(VERY_LOW    ) TextLoggerHook                     
 -------------------- 
before_train_epoch:
(VERY_HIGH   ) StepLrUpdaterHook                  
(LOW         ) IterTimerHook                      
(VERY_LOW    ) TextLoggerHook                     
 -------------------- 
before_train_iter:
(VERY_HIGH   ) StepLrUpdaterHook                  
(LOW         ) IterTimerHook                      
 -------------------- 
after_train_iter:
(ABOVE_NORMAL) OptimizerHook                      
(NORMAL      ) CheckpointHook                     
(LOW         ) IterTimerHook                      
(LOW         ) OEMBuildingEvalHook                
(VERY_LOW    ) TextLoggerHook                     
 -------------------- 
after_train_epoch:
(NORMAL      ) CheckpointHook                     
(VERY_LOW    ) TextLoggerHook                     
 -------------------- 
before_val_epoch:
(LOW         ) IterTimerHook                      
(VERY_LOW    ) TextLoggerHook                     
 -------------------- 
before_val_iter:
(LOW         ) IterTimerHook                      
 -------------------- 
after_val_iter:
(LOW         ) IterTimerHook                      
 -------------------- 
after_val_epoch:
(VERY_LOW    ) TextLoggerHook                     
 -------------------- 
after_run:
(VERY_LOW    ) TextLoggerHook                     
 -------------------- 
2026-05-08 16:54:46,339 - mmdet - INFO - workflow: [('train', 1)], max: 120000 iters
2026-05-08 16:54:46,340 - mmdet - INFO - Checkpoints will be saved to /home/ubuntu/vy/Denoiser/SegRefiner/work_dirs/exp8_all by HardDiskBackend.
2026-05-08 16:54:57,336 - mmdet - INFO - Validation set: 10 images
2026-05-08 16:54:57,336 - mmdet - INFO - 
--- Val evaluation at iter 32500 ---
2026-05-08 16:56:15,268 - mmdet - INFO - 
+------------+-------------+-------------+
| Class      | Val IoU     | Pseudo IoU  |
+------------+-------------+-------------+
| background | 90.68       | 93.28       |
| building   | 51.96       | 59.08       |
| Summary    | mIoU: 71.32 | mIoU: 76.18 |
+------------+-------------+-------------+
Images evaluated: 10
2026-05-08 16:56:17,474 - mmdet - INFO - ★ New best mIoU: 71.32% (prev: 0.00%, Δ=+71.32%) → saved to /home/ubuntu/vy/Denoiser/SegRefiner/work_dirs/exp8_all/best_model.pth
2026-05-08 16:56:17,479 - mmdet - INFO - Iter [32500/120000]	lr: 1.000e-04, eta: 67 days, 14:34:01, time: 2.670, data_time: 1.238, memory: 35735, val/mIoU: 0.7132, val/IoU.building: 0.5196, val/IoU.background: 0.9068, val/Pseudo_mIoU: 0.7618, loss_mask: 0.0736, loss_texture: 0.0154, iou: 0.6479, iou_t0: 0.8710, iou_t1: 0.6479, iou_t2: 0.2939, iou_t3: 0.5941, iou_t4: 0.8782, iou_t5: 0.7755, loss: 0.0890
2026-05-08 16:56:51,630 - mmdet - INFO - Iter [32525/120000]	lr: 1.000e-04, eta: 7 days, 1:12:11, time: 4.572, data_time: 3.224, memory: 37118, loss_mask: 0.0886, loss_texture: 0.0176, iou: 0.6094, iou_t0: 0.6042, iou_t1: 0.5552, iou_t2: 0.6006, iou_t3: 0.6283, iou_t4: 0.6270, iou_t5: 0.6456, loss: 0.1062
2026-05-08 16:57:25,448 - mmdet - INFO - Iter [32550/120000]	lr: 1.000e-04, eta: 4 days, 6:20:36, time: 1.353, data_time: 0.019, memory: 37118, loss_mask: 0.0935, loss_texture: 0.0184, iou: 0.6114, iou_t0: 0.6521, iou_t1: 0.6412, iou_t2: 0.5745, iou_t3: 0.6112, iou_t4: 0.5793, iou_t5: 0.6393, loss: 0.1119
2026-05-08 16:57:59,600 - mmdet - INFO - Iter [32575/120000]	lr: 1.000e-04, eta: 3 days, 7:34:14, time: 1.366, data_time: 0.020, memory: 37118, loss_mask: 0.1008, loss_texture: 0.0200, iou: 0.6265, iou_t0: 0.5579, iou_t1: 0.5792, iou_t2: 0.5989, iou_t3: 0.6745, iou_t4: 0.6551, iou_t5: 0.6393, loss: 0.1208
2026-05-08 16:58:33,797 - mmdet - INFO - Iter [32600/120000]	lr: 1.000e-04, eta: 2 days, 20:04:41, time: 1.368, data_time: 0.021, memory: 37118, loss_mask: 0.0926, loss_texture: 0.0184, iou: 0.6113, iou_t0: 0.6040, iou_t1: 0.6045, iou_t2: 0.5401, iou_t3: 0.6499, iou_t4: 0.5918, iou_t5: 0.6186, loss: 0.1110
2026-05-08 16:59:07,546 - mmdet - INFO - Iter [32625/120000]	lr: 1.000e-04, eta: 2 days, 13:03:21, time: 1.350, data_time: 0.019, memory: 37118, loss_mask: 0.0968, loss_texture: 0.0192, iou: 0.6093, iou_t0: 0.6584, iou_t1: 0.6232, iou_t2: 0.6104, iou_t3: 0.5924, iou_t4: 0.6817, iou_t5: 0.5823, loss: 0.1160
2026-05-08 16:59:42,151 - mmdet - INFO - Iter [32650/120000]	lr: 1.000e-04, eta: 2 days, 8:29:35, time: 1.384, data_time: 0.020, memory: 37118, loss_mask: 0.1012, loss_texture: 0.0196, iou: 0.5965, iou_t0: 0.5642, iou_t1: 0.6373, iou_t2: 0.5448, iou_t3: 0.6108, iou_t4: 0.6830, iou_t5: 0.5195, loss: 0.1208
2026-05-08 17:00:15,550 - mmdet - INFO - Iter [32675/120000]	lr: 1.000e-04, eta: 2 days, 5:03:28, time: 1.336, data_time: 0.020, memory: 37118, loss_mask: 0.0908, loss_texture: 0.0179, iou: 0.6033, iou_t0: 0.6746, iou_t1: 0.5724, iou_t2: 0.5859, iou_t3: 0.6231, iou_t4: 0.5758, iou_t5: 0.5911, loss: 0.1087
2026-05-08 17:00:49,998 - mmdet - INFO - Iter [32700/120000]	lr: 1.000e-04, eta: 2 days, 2:36:04, time: 1.378, data_time: 0.021, memory: 37118, loss_mask: 0.1027, loss_texture: 0.0201, iou: 0.6278, iou_t0: 0.6404, iou_t1: 0.5693, iou_t2: 0.5736, iou_t3: 0.6275, iou_t4: 0.6277, iou_t5: 0.6832, loss: 0.1228
2026-05-08 17:01:24,210 - mmdet - INFO - Iter [32725/120000]	lr: 1.000e-04, eta: 2 days, 0:39:39, time: 1.368, data_time: 0.020, memory: 37118, loss_mask: 0.0962, loss_texture: 0.0184, iou: 0.6192, iou_t0: 0.6283, iou_t1: 0.7125, iou_t2: 0.5781, iou_t3: 0.6078, iou_t4: 0.6189, iou_t5: 0.5147, loss: 0.1146
2026-05-08 17:01:58,635 - mmdet - INFO - Iter [32750/120000]	lr: 1.000e-04, eta: 1 day, 23:07:32, time: 1.377, data_time: 0.020, memory: 37118, loss_mask: 0.0966, loss_texture: 0.0192, iou: 0.6423, iou_t0: 0.5661, iou_t1: 0.6628, iou_t2: 0.6991, iou_t3: 0.7071, iou_t4: 0.6308, iou_t5: 0.6117, loss: 0.1158
2026-05-08 17:02:32,092 - mmdet - INFO - Iter [32775/120000]	lr: 1.000e-04, eta: 1 day, 21:46:54, time: 1.338, data_time: 0.020, memory: 37118, loss_mask: 0.0929, loss_texture: 0.0184, iou: 0.6142, iou_t0: 0.7216, iou_t1: 0.6492, iou_t2: 0.5444, iou_t3: 0.5708, iou_t4: 0.5176, iou_t5: 0.6233, loss: 0.1114
2026-05-08 17:03:06,494 - mmdet - INFO - Iter [32800/120000]	lr: 1.000e-04, eta: 1 day, 20:44:08, time: 1.376, data_time: 0.021, memory: 37118, loss_mask: 0.0971, loss_texture: 0.0196, iou: 0.6043, iou_t0: 0.6035, iou_t1: 0.6052, iou_t2: 0.6209, iou_t3: 0.5885, iou_t4: 0.6305, iou_t5: 0.5829, loss: 0.1167
2026-05-08 17:03:40,159 - mmdet - INFO - Iter [32825/120000]	lr: 1.000e-04, eta: 1 day, 19:47:37, time: 1.347, data_time: 0.019, memory: 37118, loss_mask: 0.0899, loss_texture: 0.0183, iou: 0.5892, iou_t0: 0.6019, iou_t1: 0.5624, iou_t2: 0.6712, iou_t3: 0.5556, iou_t4: 0.5557, iou_t5: 0.5791, loss: 0.1082
2026-05-08 17:04:14,413 - mmdet - INFO - Iter [32850/120000]	lr: 1.000e-04, eta: 1 day, 19:01:31, time: 1.370, data_time: 0.020, memory: 37118, loss_mask: 0.0989, loss_texture: 0.0198, iou: 0.6333, iou_t0: 0.6658, iou_t1: 0.5757, iou_t2: 0.6408, iou_t3: 0.6641, iou_t4: 0.5616, iou_t5: 0.7022, loss: 0.1187
2026-05-08 17:04:48,997 - mmdet - INFO - Iter [32875/120000]	lr: 1.000e-04, eta: 1 day, 18:22:44, time: 1.383, data_time: 0.020, memory: 37118, loss_mask: 0.1107, loss_texture: 0.0211, iou: 0.6248, iou_t0: 0.6733, iou_t1: 0.6260, iou_t2: 0.6042, iou_t3: 0.6640, iou_t4: 0.5921, iou_t5: 0.6146, loss: 0.1318
2026-05-08 17:05:23,531 - mmdet - INFO - Iter [32900/120000]	lr: 1.000e-04, eta: 1 day, 17:48:33, time: 1.381, data_time: 0.021, memory: 37118, loss_mask: 0.0967, loss_texture: 0.0186, iou: 0.6358, iou_t0: 0.6233, iou_t1: 0.6806, iou_t2: 0.6477, iou_t3: 0.6908, iou_t4: 0.5242, iou_t5: 0.7102, loss: 0.1153
2026-05-08 17:05:57,413 - mmdet - INFO - Iter [32925/120000]	lr: 1.000e-04, eta: 1 day, 17:16:05, time: 1.355, data_time: 0.019, memory: 37118, loss_mask: 0.0863, loss_texture: 0.0172, iou: 0.5688, iou_t0: 0.5640, iou_t1: 0.4966, iou_t2: 0.6428, iou_t3: 0.5551, iou_t4: 0.6386, iou_t5: 0.5642, loss: 0.1036
2026-05-08 17:06:31,724 - mmdet - INFO - Iter [32950/120000]	lr: 1.000e-04, eta: 1 day, 16:48:32, time: 1.372, data_time: 0.020, memory: 37118, loss_mask: 0.1009, loss_texture: 0.0200, iou: 0.6204, iou_t0: 0.5972, iou_t1: 0.6741, iou_t2: 0.5403, iou_t3: 0.5724, iou_t4: 0.6111, iou_t5: 0.5717, loss: 0.1210
2026-05-08 17:07:05,856 - mmdet - INFO - Iter [32975/120000]	lr: 1.000e-04, eta: 1 day, 16:23:16, time: 1.365, data_time: 0.020, memory: 37118, loss_mask: 0.0997, loss_texture: 0.0196, iou: 0.6228, iou_t0: 0.4875, iou_t1: 0.5362, iou_t2: 0.6642, iou_t3: 0.5465, iou_t4: 0.6391, iou_t5: 0.6871, loss: 0.1193
2026-05-08 17:07:40,075 - mmdet - INFO - 
--- Val evaluation at iter 33000 ---
2026-05-08 17:09:00,299 - mmdet - INFO - 
+------------+-------------+-------------+
| Class      | Val IoU     | Pseudo IoU  |
+------------+-------------+-------------+
| background | 89.67       | 93.28       |
| building   | 49.86       | 59.08       |
| Summary    | mIoU: 69.77 | mIoU: 76.18 |
+------------+-------------+-------------+
Images evaluated: 10
2026-05-08 17:09:01,664 - mmdet - INFO - Exp name: exp8_all.py
2026-05-08 17:09:01,664 - mmdet - INFO - Iter [33000/120000]	lr: 1.000e-04, eta: 1 day, 16:00:43, time: 1.369, data_time: 0.021, memory: 37118, val/mIoU: 0.6977, val/IoU.building: 0.4986, val/IoU.background: 0.8967, val/Pseudo_mIoU: 0.7618, loss_mask: 0.0854, loss_texture: 0.0176, iou: 0.6134, iou_t0: 0.5987, iou_t1: 0.5779, iou_t2: 0.7372, iou_t3: 0.5814, iou_t4: 0.5275, iou_t5: 0.4998, loss: 0.1030
2026-05-08 17:09:35,421 - mmdet - INFO - Iter [33025/120000]	lr: 1.000e-04, eta: 1 day, 19:23:50, time: 4.614, data_time: 3.283, memory: 37118, loss_mask: 0.1095, loss_texture: 0.0201, iou: 0.6203, iou_t0: 0.5593, iou_t1: 0.6956, iou_t2: 0.6404, iou_t3: 0.5986, iou_t4: 0.6126, iou_t5: 0.6432, loss: 0.1296
2026-05-08 17:10:09,310 - mmdet - INFO - Iter [33050/120000]	lr: 1.000e-04, eta: 1 day, 18:54:07, time: 1.356, data_time: 0.019, memory: 37118, loss_mask: 0.0936, loss_texture: 0.0186, iou: 0.5985, iou_t0: 0.6081, iou_t1: 0.6192, iou_t2: 0.5872, iou_t3: 0.6334, iou_t4: 0.5551, iou_t5: 0.5120, loss: 0.1122
2026-05-08 17:10:43,121 - mmdet - INFO - Iter [33075/120000]	lr: 1.000e-04, eta: 1 day, 18:26:43, time: 1.352, data_time: 0.020, memory: 37118, loss_mask: 0.0951, loss_texture: 0.0183, iou: 0.6101, iou_t0: 0.5559, iou_t1: 0.5999, iou_t2: 0.5973, iou_t3: 0.6501, iou_t4: 0.5877, iou_t5: 0.6279, loss: 0.1134
2026-05-08 17:11:17,798 - mmdet - INFO - Iter [33100/120000]	lr: 1.000e-04, eta: 1 day, 18:03:39, time: 1.387, data_time: 0.021, memory: 37118, loss_mask: 0.1020, loss_texture: 0.0204, iou: 0.6539, iou_t0: 0.6566, iou_t1: 0.6253, iou_t2: 0.6614, iou_t3: 0.6493, iou_t4: 0.6998, iou_t5: 0.7093, loss: 0.1224
2026-05-08 17:11:51,402 - mmdet - INFO - Iter [33125/120000]	lr: 1.000e-04, eta: 1 day, 17:39:53, time: 1.344, data_time: 0.020, memory: 37118, loss_mask: 0.0915, loss_texture: 0.0183, iou: 0.5988, iou_t0: 0.7101, iou_t1: 0.6409, iou_t2: 0.5166, iou_t3: 0.5438, iou_t4: 0.5929, iou_t5: 0.6719, loss: 0.1098
2026-05-08 17:12:25,622 - mmdet - INFO - Iter [33150/120000]	lr: 1.000e-04, eta: 1 day, 17:19:17, time: 1.369, data_time: 0.019, memory: 37118, loss_mask: 0.0870, loss_texture: 0.0175, iou: 0.6225, iou_t0: 0.5884, iou_t1: 0.6097, iou_t2: 0.7022, iou_t3: 0.6148, iou_t4: 0.5358, iou_t5: 0.5724, loss: 0.1046
2026-05-08 17:13:00,340 - mmdet - INFO - Iter [33175/120000]	lr: 1.000e-04, eta: 1 day, 17:01:13, time: 1.389, data_time: 0.020, memory: 37118, loss_mask: 0.0903, loss_texture: 0.0183, iou: 0.6410, iou_t0: 0.6568, iou_t1: 0.6901, iou_t2: 0.5768, iou_t3: 0.6335, iou_t4: 0.6348, iou_t5: 0.6856, loss: 0.1087
2026-05-08 17:13:34,394 - mmdet - INFO - Iter [33200/120000]	lr: 1.000e-04, eta: 1 day, 16:43:03, time: 1.362, data_time: 0.021, memory: 37118, loss_mask: 0.0986, loss_texture: 0.0198, iou: 0.6128, iou_t0: 0.6281, iou_t1: 0.5740, iou_t2: 0.5954, iou_t3: 0.6001, iou_t4: 0.6060, iou_t5: 0.6722, loss: 0.1185
2026-05-08 17:14:08,545 - mmdet - INFO - Iter [33225/120000]	lr: 1.000e-04, eta: 1 day, 16:26:16, time: 1.366, data_time: 0.020, memory: 37118, loss_mask: 0.0981, loss_texture: 0.0196, iou: 0.6291, iou_t0: 0.6579, iou_t1: 0.7020, iou_t2: 0.5900, iou_t3: 0.6019, iou_t4: 0.6139, iou_t5: 0.6190, loss: 0.1177
2026-05-08 17:14:42,449 - mmdet - INFO - Iter [33250/120000]	lr: 1.000e-04, eta: 1 day, 16:10:06, time: 1.356, data_time: 0.020, memory: 37118, loss_mask: 0.0921, loss_texture: 0.0191, iou: 0.6089, iou_t0: 0.6057, iou_t1: 0.6280, iou_t2: 0.6132, iou_t3: 0.6121, iou_t4: 0.5756, iou_t5: 0.7023, loss: 0.1112
2026-05-08 17:15:16,283 - mmdet - INFO - Iter [33275/120000]	lr: 1.000e-04, eta: 1 day, 15:54:48, time: 1.353, data_time: 0.020, memory: 37118, loss_mask: 0.0977, loss_texture: 0.0195, iou: 0.6121, iou_t0: 0.6288, iou_t1: 0.6472, iou_t2: 0.6114, iou_t3: 0.6445, iou_t4: 0.6007, iou_t5: 0.6095, loss: 0.1172
2026-05-08 17:15:49,787 - mmdet - INFO - Iter [33300/120000]	lr: 1.000e-04, eta: 1 day, 15:39:50, time: 1.340, data_time: 0.021, memory: 37118, loss_mask: 0.0947, loss_texture: 0.0186, iou: 0.6139, iou_t0: 0.6657, iou_t1: 0.5778, iou_t2: 0.5909, iou_t3: 0.6641, iou_t4: 0.5269, iou_t5: 0.5403, loss: 0.1133
2026-05-08 17:16:23,493 - mmdet - INFO - Iter [33325/120000]	lr: 1.000e-04, eta: 1 day, 15:26:05, time: 1.348, data_time: 0.020, memory: 37118, loss_mask: 0.0974, loss_texture: 0.0188, iou: 0.5944, iou_t0: 0.6429, iou_t1: 0.5379, iou_t2: 0.5204, iou_t3: 0.6844, iou_t4: 0.5288, iou_t5: 0.6678, loss: 0.1162
2026-05-08 17:16:57,058 - mmdet - INFO - Iter [33350/120000]	lr: 1.000e-04, eta: 1 day, 15:12:52, time: 1.343, data_time: 0.020, memory: 37118, loss_mask: 0.0950, loss_texture: 0.0186, iou: 0.5834, iou_t0: 0.5844, iou_t1: 0.6063, iou_t2: 0.5933, iou_t3: 0.4996, iou_t4: 0.6458, iou_t5: 0.5449, loss: 0.1136
2026-05-08 17:17:31,911 - mmdet - INFO - Iter [33375/120000]	lr: 1.000e-04, eta: 1 day, 15:02:30, time: 1.394, data_time: 0.020, memory: 37118, loss_mask: 0.1059, loss_texture: 0.0202, iou: 0.6216, iou_t0: 0.6973, iou_t1: 0.6910, iou_t2: 0.6240, iou_t3: 0.5400, iou_t4: 0.6547, iou_t5: 0.5645, loss: 0.1261
2026-05-08 17:18:05,412 - mmdet - INFO - Iter [33400/120000]	lr: 1.000e-04, eta: 1 day, 14:50:31, time: 1.340, data_time: 0.021, memory: 37118, loss_mask: 0.0957, loss_texture: 0.0183, iou: 0.5986, iou_t0: 0.6493, iou_t1: 0.6742, iou_t2: 0.6286, iou_t3: 0.5794, iou_t4: 0.6788, iou_t5: 0.4438, loss: 0.1140
2026-05-08 17:18:39,716 - mmdet - INFO - Iter [33425/120000]	lr: 1.000e-04, eta: 1 day, 14:40:24, time: 1.372, data_time: 0.019, memory: 37118, loss_mask: 0.0966, loss_texture: 0.0189, iou: 0.6225, iou_t0: 0.6748, iou_t1: 0.6421, iou_t2: 0.7036, iou_t3: 0.5639, iou_t4: 0.6215, iou_t5: 0.5877, loss: 0.1154
2026-05-08 17:19:13,287 - mmdet - INFO - Iter [33450/120000]	lr: 1.000e-04, eta: 1 day, 14:29:40, time: 1.343, data_time: 0.019, memory: 37118, loss_mask: 0.0934, loss_texture: 0.0189, iou: 0.6075, iou_t0: 0.6558, iou_t1: 0.5321, iou_t2: 0.5868, iou_t3: 0.6295, iou_t4: 0.6058, iou_t5: 0.6427, loss: 0.1123
2026-05-08 17:19:47,672 - mmdet - INFO - Iter [33475/120000]	lr: 1.000e-04, eta: 1 day, 14:20:39, time: 1.375, data_time: 0.020, memory: 37118, loss_mask: 0.1015, loss_texture: 0.0204, iou: 0.6380, iou_t0: 0.5568, iou_t1: 0.6403, iou_t2: 0.6739, iou_t3: 0.6329, iou_t4: 0.6184, iou_t5: 0.6265, loss: 0.1220
2026-05-08 17:20:21,210 - mmdet - INFO - 
--- Val evaluation at iter 33500 ---
2026-05-08 17:21:37,909 - mmdet - INFO - 
+------------+-------------+-------------+
| Class      | Val IoU     | Pseudo IoU  |
+------------+-------------+-------------+
| background | 91.01       | 93.28       |
| building   | 52.96       | 59.08       |
| Summary    | mIoU: 71.98 | mIoU: 76.18 |
+------------+-------------+-------------+
Images evaluated: 10
2026-05-08 17:21:40,607 - mmdet - INFO - ★ New best mIoU: 71.98% (prev: 71.32%, Δ=+0.67%) → saved to /home/ubuntu/vy/Denoiser/SegRefiner/work_dirs/exp8_all/best_model.pth
2026-05-08 17:21:40,613 - mmdet - INFO - Iter [33500/120000]	lr: 1.000e-04, eta: 1 day, 14:10:51, time: 1.342, data_time: 0.020, memory: 37118, val/mIoU: 0.7198, val/IoU.building: 0.5296, val/IoU.background: 0.9101, val/Pseudo_mIoU: 0.7618, loss_mask: 0.0934, loss_texture: 0.0185, iou: 0.6147, iou_t0: 0.6543, iou_t1: 0.6337, iou_t2: 0.5439, iou_t3: 0.6321, iou_t4: 0.5336, iou_t5: 0.6710, loss: 0.1119
2026-05-08 17:22:14,232 - mmdet - INFO - Iter [33525/120000]	lr: 1.000e-04, eta: 1 day, 15:53:09, time: 4.521, data_time: 3.196, memory: 37118, loss_mask: 0.0887, loss_texture: 0.0183, iou: 0.6327, iou_t0: 0.5924, iou_t1: 0.6992, iou_t2: 0.6599, iou_t3: 0.6380, iou_t4: 0.6451, iou_t5: 0.5294, loss: 0.1071
2026-05-08 17:22:48,464 - mmdet - INFO - Iter [33550/120000]	lr: 1.000e-04, eta: 1 day, 15:42:29, time: 1.369, data_time: 0.019, memory: 37118, loss_mask: 0.0972, loss_texture: 0.0192, iou: 0.6179, iou_t0: 0.6102, iou_t1: 0.6803, iou_t2: 0.6564, iou_t3: 0.5829, iou_t4: 0.6183, iou_t5: 0.5756, loss: 0.1164
2026-05-08 17:23:22,861 - mmdet - INFO - Iter [33575/120000]	lr: 1.000e-04, eta: 1 day, 15:32:30, time: 1.376, data_time: 0.020, memory: 37118, loss_mask: 0.1010, loss_texture: 0.0204, iou: 0.6502, iou_t0: 0.5987, iou_t1: 0.5994, iou_t2: 0.5656, iou_t3: 0.6679, iou_t4: 0.6790, iou_t5: 0.6845, loss: 0.1214
2026-05-08 17:23:57,084 - mmdet - INFO - Iter [33600/120000]	lr: 1.000e-04, eta: 1 day, 15:22:43, time: 1.369, data_time: 0.020, memory: 37118, loss_mask: 0.0974, loss_texture: 0.0191, iou: 0.5987, iou_t0: 0.6498, iou_t1: 0.6098, iou_t2: 0.5138, iou_t3: 0.6500, iou_t4: 0.6042, iou_t5: 0.6016, loss: 0.1166
2026-05-08 17:24:31,446 - mmdet - INFO - Iter [33625/120000]	lr: 1.000e-04, eta: 1 day, 15:13:31, time: 1.374, data_time: 0.019, memory: 37118, loss_mask: 0.0968, loss_texture: 0.0199, iou: 0.6378, iou_t0: 0.5802, iou_t1: 0.6257, iou_t2: 0.6580, iou_t3: 0.6572, iou_t4: 0.6302, iou_t5: 0.6229, loss: 0.1167
2026-05-08 17:25:05,339 - mmdet - INFO - Iter [33650/120000]	lr: 1.000e-04, eta: 1 day, 15:04:07, time: 1.356, data_time: 0.019, memory: 37118, loss_mask: 0.0989, loss_texture: 0.0189, iou: 0.5973, iou_t0: 0.4133, iou_t1: 0.5713, iou_t2: 0.6254, iou_t3: 0.5794, iou_t4: 0.6510, iou_t5: 0.6143, loss: 0.1179
2026-05-08 17:25:39,130 - mmdet - INFO - Iter [33675/120000]	lr: 1.000e-04, eta: 1 day, 14:54:57, time: 1.352, data_time: 0.020, memory: 37118, loss_mask: 0.0912, loss_texture: 0.0189, iou: 0.6293, iou_t0: 0.6141, iou_t1: 0.6956, iou_t2: 0.5401, iou_t3: 0.6037, iou_t4: 0.6072, iou_t5: 0.6635, loss: 0.1101
2026-05-08 17:26:13,440 - mmdet - INFO - Iter [33700/120000]	lr: 1.000e-04, eta: 1 day, 14:46:47, time: 1.372, data_time: 0.021, memory: 37118, loss_mask: 0.0958, loss_texture: 0.0193, iou: 0.6188, iou_t0: 0.6179, iou_t1: 0.6925, iou_t2: 0.6489, iou_t3: 0.5432, iou_t4: 0.6558, iou_t5: 0.6276, loss: 0.1151
2026-05-08 17:26:46,948 - mmdet - INFO - Iter [33725/120000]	lr: 1.000e-04, eta: 1 day, 14:37:58, time: 1.340, data_time: 0.019, memory: 37118, loss_mask: 0.0887, loss_texture: 0.0181, iou: 0.6334, iou_t0: 0.7233, iou_t1: 0.5666, iou_t2: 0.7028, iou_t3: 0.5344, iou_t4: 0.7082, iou_t5: 0.6216, loss: 0.1067
2026-05-08 17:27:20,993 - mmdet - INFO - Iter [33750/120000]	lr: 1.000e-04, eta: 1 day, 14:30:07, time: 1.362, data_time: 0.019, memory: 37118, loss_mask: 0.0960, loss_texture: 0.0195, iou: 0.6216, iou_t0: 0.6656, iou_t1: 0.5471, iou_t2: 0.6740, iou_t3: 0.6163, iou_t4: 0.6240, iou_t5: 0.5914, loss: 0.1155
2026-05-08 17:27:54,942 - mmdet - INFO - Iter [33775/120000]	lr: 1.000e-04, eta: 1 day, 14:22:26, time: 1.358, data_time: 0.020, memory: 37118, loss_mask: 0.0979, loss_texture: 0.0200, iou: 0.6378, iou_t0: 0.6723, iou_t1: 0.6064, iou_t2: 0.6554, iou_t3: 0.6198, iou_t4: 0.5935, iou_t5: 0.6740, loss: 0.1179
2026-05-08 17:28:29,113 - mmdet - INFO - Iter [33800/120000]	lr: 1.000e-04, eta: 1 day, 14:15:16, time: 1.367, data_time: 0.020, memory: 37118, loss_mask: 0.0922, loss_texture: 0.0185, iou: 0.6109, iou_t0: 0.5905, iou_t1: 0.6093, iou_t2: 0.6458, iou_t3: 0.5691, iou_t4: 0.6658, iou_t5: 0.6040, loss: 0.1107
2026-05-08 17:29:03,914 - mmdet - INFO - Iter [33825/120000]	lr: 1.000e-04, eta: 1 day, 14:09:02, time: 1.392, data_time: 0.019, memory: 37118, loss_mask: 0.0975, loss_texture: 0.0200, iou: 0.6312, iou_t0: 0.6003, iou_t1: 0.6278, iou_t2: 0.6169, iou_t3: 0.6797, iou_t4: 0.5472, iou_t5: 0.6724, loss: 0.1174
2026-05-08 17:29:38,233 - mmdet - INFO - Iter [33850/120000]	lr: 1.000e-04, eta: 1 day, 14:02:30, time: 1.373, data_time: 0.019, memory: 37118, loss_mask: 0.1017, loss_texture: 0.0198, iou: 0.6299, iou_t0: 0.6510, iou_t1: 0.6890, iou_t2: 0.6645, iou_t3: 0.5459, iou_t4: 0.5770, iou_t5: 0.6011, loss: 0.1215
2026-05-08 17:30:12,209 - mmdet - INFO - Iter [33875/120000]	lr: 1.000e-04, eta: 1 day, 13:55:49, time: 1.359, data_time: 0.020, memory: 37118, loss_mask: 0.0917, loss_texture: 0.0187, iou: 0.6139, iou_t0: 0.6903, iou_t1: 0.6028, iou_t2: 0.5678, iou_t3: 0.5983, iou_t4: 0.6711, iou_t5: 0.5436, loss: 0.1103
2026-05-08 17:30:45,780 - mmdet - INFO - Iter [33900/120000]	lr: 1.000e-04, eta: 1 day, 13:48:57, time: 1.343, data_time: 0.020, memory: 37118, loss_mask: 0.0831, loss_texture: 0.0170, iou: 0.5953, iou_t0: 0.5855, iou_t1: 0.5821, iou_t2: 0.6474, iou_t3: 0.5761, iou_t4: 0.5777, iou_t5: 0.5740, loss: 0.1001
2026-05-08 17:31:19,193 - mmdet - INFO - Iter [33925/120000]	lr: 1.000e-04, eta: 1 day, 13:42:08, time: 1.337, data_time: 0.020, memory: 37118, loss_mask: 0.0883, loss_texture: 0.0174, iou: 0.5994, iou_t0: 0.6594, iou_t1: 0.6570, iou_t2: 0.5959, iou_t3: 0.5072, iou_t4: 0.5726, iou_t5: 0.5410, loss: 0.1057
2026-05-08 17:31:53,162 - mmdet - INFO - Iter [33950/120000]	lr: 1.000e-04, eta: 1 day, 13:36:05, time: 1.359, data_time: 0.020, memory: 37118, loss_mask: 0.1005, loss_texture: 0.0191, iou: 0.5691, iou_t0: 0.5013, iou_t1: 0.4660, iou_t2: 0.6237, iou_t3: 0.5474, iou_t4: 0.6027, iou_t5: 0.6374, loss: 0.1196
2026-05-08 17:32:27,369 - mmdet - INFO - Iter [33975/120000]	lr: 1.000e-04, eta: 1 day, 13:30:27, time: 1.368, data_time: 0.020, memory: 37118, loss_mask: 0.1009, loss_texture: 0.0200, iou: 0.6207, iou_t0: 0.6850, iou_t1: 0.5752, iou_t2: 0.6556, iou_t3: 0.6292, iou_t4: 0.6356, iou_t5: 0.6071, loss: 0.1209
2026-05-08 17:33:01,320 - mmdet - INFO - 
--- Val evaluation at iter 34000 ---
2026-05-08 17:34:17,986 - mmdet - INFO - 
+------------+-------------+-------------+
| Class      | Val IoU     | Pseudo IoU  |
+------------+-------------+-------------+
| background | 87.05       | 93.28       |
| building   | 44.17       | 59.08       |
| Summary    | mIoU: 65.61 | mIoU: 76.18 |
+------------+-------------+-------------+
Images evaluated: 10
2026-05-08 17:34:19,358 - mmdet - INFO - Exp name: exp8_all.py
2026-05-08 17:34:19,358 - mmdet - INFO - Iter [34000/120000]	lr: 1.000e-04, eta: 1 day, 13:24:45, time: 1.358, data_time: 0.020, memory: 37118, val/mIoU: 0.6561, val/IoU.building: 0.4417, val/IoU.background: 0.8705, val/Pseudo_mIoU: 0.7618, loss_mask: 0.0960, loss_texture: 0.0191, iou: 0.6053, iou_t0: 0.6122, iou_t1: 0.6966, iou_t2: 0.6912, iou_t3: 0.6946, iou_t4: 0.6123, iou_t5: 0.4808, loss: 0.1151
2026-05-08 17:34:53,296 - mmdet - INFO - Iter [34025/120000]	lr: 1.000e-04, eta: 1 day, 14:32:29, time: 4.479, data_time: 3.141, memory: 37118, loss_mask: 0.0934, loss_texture: 0.0191, iou: 0.6351, iou_t0: 0.6064, iou_t1: 0.7265, iou_t2: 0.6613, iou_t3: 0.6025, iou_t4: 0.6368, iou_t5: 0.5181, loss: 0.1125
2026-05-08 17:35:26,066 - mmdet - INFO - Iter [34050/120000]	lr: 1.000e-04, eta: 1 day, 14:24:49, time: 1.311, data_time: 0.020, memory: 37118, loss_mask: 0.0865, loss_texture: 0.0171, iou: 0.5987, iou_t0: 0.5602, iou_t1: 0.5809, iou_t2: 0.5432, iou_t3: 0.6105, iou_t4: 0.5255, iou_t5: 0.6746, loss: 0.1036
2026-05-08 17:36:00,089 - mmdet - INFO - Iter [34075/120000]	lr: 1.000e-04, eta: 1 day, 14:18:30, time: 1.361, data_time: 0.020, memory: 37118, loss_mask: 0.1011, loss_texture: 0.0199, iou: 0.6229, iou_t0: 0.5989, iou_t1: 0.6436, iou_t2: 0.6450, iou_t3: 0.6063, iou_t4: 0.6742, iou_t5: 0.5916, loss: 0.1210
2026-05-08 17:36:34,349 - mmdet - INFO - Iter [34100/120000]	lr: 1.000e-04, eta: 1 day, 14:12:35, time: 1.370, data_time: 0.021, memory: 37118, loss_mask: 0.0958, loss_texture: 0.0192, iou: 0.6290, iou_t0: 0.6568, iou_t1: 0.7057, iou_t2: 0.5279, iou_t3: 0.6250, iou_t4: 0.5976, iou_t5: 0.6016, loss: 0.1150
2026-05-08 17:37:09,053 - mmdet - INFO - Iter [34125/120000]	lr: 1.000e-04, eta: 1 day, 14:07:14, time: 1.388, data_time: 0.020, memory: 37118, loss_mask: 0.1010, loss_texture: 0.0201, iou: 0.6316, iou_t0: 0.7316, iou_t1: 0.5769, iou_t2: 0.6553, iou_t3: 0.6346, iou_t4: 0.6538, iou_t5: 0.5670, loss: 0.1211
2026-05-08 17:37:42,290 - mmdet - INFO - Iter [34150/120000]	lr: 1.000e-04, eta: 1 day, 14:00:45, time: 1.329, data_time: 0.019, memory: 37118, loss_mask: 0.0816, loss_texture: 0.0168, iou: 0.6361, iou_t0: 0.5921, iou_t1: 0.6284, iou_t2: 0.5462, iou_t3: 0.6755, iou_t4: 0.6475, iou_t5: 0.6062, loss: 0.0984
2026-05-08 17:38:16,259 - mmdet - INFO - Iter [34175/120000]	lr: 1.000e-04, eta: 1 day, 13:55:04, time: 1.359, data_time: 0.020, memory: 37118, loss_mask: 0.0935, loss_texture: 0.0189, iou: 0.6037, iou_t0: 0.5667, iou_t1: 0.5864, iou_t2: 0.6636, iou_t3: 0.5860, iou_t4: 0.7212, iou_t5: 0.5865, loss: 0.1124
2026-05-08 17:38:50,501 - mmdet - INFO - Iter [34200/120000]	lr: 1.000e-04, eta: 1 day, 13:49:45, time: 1.370, data_time: 0.021, memory: 37118, loss_mask: 0.0947, loss_texture: 0.0187, iou: 0.6152, iou_t0: 0.6241, iou_t1: 0.5620, iou_t2: 0.6156, iou_t3: 0.7154, iou_t4: 0.5689, iou_t5: 0.5918, loss: 0.1135
2026-05-08 17:39:24,409 - mmdet - INFO - Iter [34225/120000]	lr: 1.000e-04, eta: 1 day, 13:44:19, time: 1.356, data_time: 0.019, memory: 37118, loss_mask: 0.0930, loss_texture: 0.0191, iou: 0.6374, iou_t0: 0.6261, iou_t1: 0.6640, iou_t2: 0.5986, iou_t3: 0.6470, iou_t4: 0.6382, iou_t5: 0.6114, loss: 0.1121
2026-05-08 17:39:58,436 - mmdet - INFO - Iter [34250/120000]	lr: 1.000e-04, eta: 1 day, 13:39:06, time: 1.361, data_time: 0.019, memory: 37118, loss_mask: 0.0921, loss_texture: 0.0185, iou: 0.5930, iou_t0: 0.5461, iou_t1: 0.6642, iou_t2: 0.6113, iou_t3: 0.5977, iou_t4: 0.6022, iou_t5: 0.5494, loss: 0.1106
2026-05-08 17:40:32,695 - mmdet - INFO - Iter [34275/120000]	lr: 1.000e-04, eta: 1 day, 13:34:13, time: 1.370, data_time: 0.020, memory: 37118, loss_mask: 0.1021, loss_texture: 0.0208, iou: 0.6262, iou_t0: 0.6886, iou_t1: 0.6525, iou_t2: 0.7551, iou_t3: 0.6572, iou_t4: 0.5419, iou_t5: 0.6186, loss: 0.1229
2026-05-08 17:41:06,953 - mmdet - INFO - Iter [34300/120000]	lr: 1.000e-04, eta: 1 day, 13:29:27, time: 1.370, data_time: 0.020, memory: 37118, loss_mask: 0.0933, loss_texture: 0.0181, iou: 0.6341, iou_t0: 0.5749, iou_t1: 0.5315, iou_t2: 0.6263, iou_t3: 0.6484, iou_t4: 0.6566, iou_t5: 0.6470, loss: 0.1114
2026-05-08 17:41:40,638 - mmdet - INFO - Iter [34325/120000]	lr: 1.000e-04, eta: 1 day, 13:24:21, time: 1.347, data_time: 0.020, memory: 37118, loss_mask: 0.0994, loss_texture: 0.0192, iou: 0.6173, iou_t0: 0.6157, iou_t1: 0.6144, iou_t2: 0.6726, iou_t3: 0.6535, iou_t4: 0.6233, iou_t5: 0.5118, loss: 0.1186
2026-05-08 17:42:14,347 - mmdet - INFO - Iter [34350/120000]	lr: 1.000e-04, eta: 1 day, 13:19:23, time: 1.348, data_time: 0.020, memory: 37118, loss_mask: 0.0886, loss_texture: 0.0185, iou: 0.6175, iou_t0: 0.6039, iou_t1: 0.6556, iou_t2: 0.6628, iou_t3: 0.6547, iou_t4: 0.5498, iou_t5: 0.6457, loss: 0.1070
2026-05-08 17:42:48,970 - mmdet - INFO - Iter [34375/120000]	lr: 1.000e-04, eta: 1 day, 13:15:14, time: 1.385, data_time: 0.020, memory: 37118, loss_mask: 0.1038, loss_texture: 0.0209, iou: 0.6490, iou_t0: 0.7337, iou_t1: 0.6558, iou_t2: 0.7188, iou_t3: 0.5874, iou_t4: 0.6371, iou_t5: 0.6375, loss: 0.1247
2026-05-08 17:43:22,115 - mmdet - INFO - Iter [34400/120000]	lr: 1.000e-04, eta: 1 day, 13:10:04, time: 1.326, data_time: 0.021, memory: 37118, loss_mask: 0.0800, loss_texture: 0.0157, iou: 0.5360, iou_t0: 0.5446, iou_t1: 0.5634, iou_t2: 0.4442, iou_t3: 0.5434, iou_t4: 0.5124, iou_t5: 0.5371, loss: 0.0957
2026-05-08 17:43:56,360 - mmdet - INFO - Iter [34425/120000]	lr: 1.000e-04, eta: 1 day, 13:05:50, time: 1.370, data_time: 0.019, memory: 37118, loss_mask: 0.1012, loss_texture: 0.0194, iou: 0.6384, iou_t0: 0.6372, iou_t1: 0.6655, iou_t2: 0.7023, iou_t3: 0.6591, iou_t4: 0.5834, iou_t5: 0.5904, loss: 0.1207
2026-05-08 17:44:31,498 - mmdet - INFO - Iter [34450/120000]	lr: 1.000e-04, eta: 1 day, 13:02:21, time: 1.406, data_time: 0.020, memory: 37118, loss_mask: 0.1034, loss_texture: 0.0203, iou: 0.6365, iou_t0: 0.6458, iou_t1: 0.6612, iou_t2: 0.6530, iou_t3: 0.7162, iou_t4: 0.5542, iou_t5: 0.6418, loss: 0.1237
2026-05-08 17:45:05,337 - mmdet - INFO - Iter [34475/120000]	lr: 1.000e-04, eta: 1 day, 12:58:00, time: 1.354, data_time: 0.020, memory: 37118, loss_mask: 0.0950, loss_texture: 0.0200, iou: 0.6321, iou_t0: 0.6786, iou_t1: 0.6112, iou_t2: 0.6753, iou_t3: 0.5919, iou_t4: 0.6283, iou_t5: 0.6127, loss: 0.1150
2026-05-08 17:45:38,621 - mmdet - INFO - 
--- Val evaluation at iter 34500 ---
2026-05-08 17:46:54,314 - mmdet - INFO - 
+------------+-------------+-------------+
| Class      | Val IoU     | Pseudo IoU  |
+------------+-------------+-------------+
| background | 91.43       | 93.28       |
| building   | 54.04       | 59.08       |
| Summary    | mIoU: 72.74 | mIoU: 76.18 |
+------------+-------------+-------------+
Images evaluated: 10
2026-05-08 17:46:56,801 - mmdet - INFO - ★ New best mIoU: 72.74% (prev: 71.98%, Δ=+0.75%) → saved to /home/ubuntu/vy/Denoiser/SegRefiner/work_dirs/exp8_all/best_model.pth
2026-05-08 17:46:56,806 - mmdet - INFO - Iter [34500/120000]	lr: 1.000e-04, eta: 1 day, 12:53:21, time: 1.331, data_time: 0.021, memory: 37118, val/mIoU: 0.7274, val/IoU.building: 0.5404, val/IoU.background: 0.9143, val/Pseudo_mIoU: 0.7618, loss_mask: 0.0935, loss_texture: 0.0171, iou: 0.6028, iou_t0: 0.5901, iou_t1: 0.6845, iou_t2: 0.6063, iou_t3: 0.5624, iou_t4: 0.6492, iou_t5: 0.4865, loss: 0.1106
2026-05-08 17:47:30,918 - mmdet - INFO - Iter [34525/120000]	lr: 1.000e-04, eta: 1 day, 13:44:22, time: 4.492, data_time: 3.147, memory: 37118, loss_mask: 0.1000, loss_texture: 0.0197, iou: 0.6288, iou_t0: 0.6014, iou_t1: 0.6166, iou_t2: 0.7189, iou_t3: 0.6616, iou_t4: 0.5743, iou_t5: 0.6624, loss: 0.1197
2026-05-08 17:48:05,269 - mmdet - INFO - Iter [34550/120000]	lr: 1.000e-04, eta: 1 day, 13:39:58, time: 1.374, data_time: 0.019, memory: 37118, loss_mask: 0.0931, loss_texture: 0.0182, iou: 0.6258, iou_t0: 0.6047, iou_t1: 0.7021, iou_t2: 0.5683, iou_t3: 0.5913, iou_t4: 0.6542, iou_t5: 0.6163, loss: 0.1113
2026-05-08 17:48:39,605 - mmdet - INFO - Iter [34575/120000]	lr: 1.000e-04, eta: 1 day, 13:35:39, time: 1.373, data_time: 0.020, memory: 37118, loss_mask: 0.0992, loss_texture: 0.0195, iou: 0.6294, iou_t0: 0.6687, iou_t1: 0.6392, iou_t2: 0.6634, iou_t3: 0.6012, iou_t4: 0.5506, iou_t5: 0.6658, loss: 0.1187
2026-05-08 17:49:13,794 - mmdet - INFO - Iter [34600/120000]	lr: 1.000e-04, eta: 1 day, 13:31:19, time: 1.368, data_time: 0.020, memory: 37118, loss_mask: 0.0975, loss_texture: 0.0196, iou: 0.6167, iou_t0: 0.5637, iou_t1: 0.6355, iou_t2: 0.6815, iou_t3: 0.6123, iou_t4: 0.6542, iou_t5: 0.6838, loss: 0.1171
2026-05-08 17:49:47,783 - mmdet - INFO - Iter [34625/120000]	lr: 1.000e-04, eta: 1 day, 13:26:56, time: 1.360, data_time: 0.019, memory: 37118, loss_mask: 0.0936, loss_texture: 0.0190, iou: 0.6306, iou_t0: 0.6309, iou_t1: 0.5704, iou_t2: 0.6964, iou_t3: 0.6847, iou_t4: 0.5468, iou_t5: 0.6823, loss: 0.1125
2026-05-08 17:50:21,711 - mmdet - INFO - Iter [34650/120000]	lr: 1.000e-04, eta: 1 day, 13:22:36, time: 1.357, data_time: 0.019, memory: 37118, loss_mask: 0.0930, loss_texture: 0.0183, iou: 0.6027, iou_t0: 0.6472, iou_t1: 0.5688, iou_t2: 0.5179, iou_t3: 0.6481, iou_t4: 0.6199, iou_t5: 0.5940, loss: 0.1112
2026-05-08 17:50:55,678 - mmdet - INFO - Iter [34675/120000]	lr: 1.000e-04, eta: 1 day, 13:18:23, time: 1.359, data_time: 0.020, memory: 37118, loss_mask: 0.0853, loss_texture: 0.0180, iou: 0.6377, iou_t0: 0.6775, iou_t1: 0.6243, iou_t2: 0.6170, iou_t3: 0.6112, iou_t4: 0.7007, iou_t5: 0.6372, loss: 0.1032
2026-05-08 17:51:29,964 - mmdet - INFO - Iter [34700/120000]	lr: 1.000e-04, eta: 1 day, 13:14:28, time: 1.371, data_time: 0.020, memory: 37118, loss_mask: 0.0961, loss_texture: 0.0194, iou: 0.6376, iou_t0: 0.6112, iou_t1: 0.7370, iou_t2: 0.5514, iou_t3: 0.6308, iou_t4: 0.5757, iou_t5: 0.5757, loss: 0.1155
2026-05-08 17:52:03,746 - mmdet - INFO - Iter [34725/120000]	lr: 1.000e-04, eta: 1 day, 13:10:17, time: 1.351, data_time: 0.019, memory: 37118, loss_mask: 0.0826, loss_texture: 0.0172, iou: 0.5825, iou_t0: 0.5931, iou_t1: 0.5469, iou_t2: 0.5894, iou_t3: 0.5876, iou_t4: 0.5139, iou_t5: 0.5075, loss: 0.0998
2026-05-08 17:52:37,906 - mmdet - INFO - Iter [34750/120000]	lr: 1.000e-04, eta: 1 day, 13:06:26, time: 1.366, data_time: 0.019, memory: 37118, loss_mask: 0.0872, loss_texture: 0.0176, iou: 0.6148, iou_t0: 0.7144, iou_t1: 0.6407, iou_t2: 0.7192, iou_t3: 0.5613, iou_t4: 0.5351, iou_t5: 0.5696, loss: 0.1048
2026-05-08 17:53:12,138 - mmdet - INFO - Iter [34775/120000]	lr: 1.000e-04, eta: 1 day, 13:02:42, time: 1.369, data_time: 0.020, memory: 37118, loss_mask: 0.1124, loss_texture: 0.0210, iou: 0.6338, iou_t0: 0.6248, iou_t1: 0.6641, iou_t2: 0.5951, iou_t3: 0.6407, iou_t4: 0.6864, iou_t5: 0.6341, loss: 0.1334
2026-05-08 17:53:45,132 - mmdet - INFO - Iter [34800/120000]	lr: 1.000e-04, eta: 1 day, 12:58:16, time: 1.320, data_time: 0.020, memory: 37118, loss_mask: 0.0898, loss_texture: 0.0178, iou: 0.5933, iou_t0: 0.5583, iou_t1: 0.5498, iou_t2: 0.6133, iou_t3: 0.6302, iou_t4: 0.5961, iou_t5: 0.6049, loss: 0.1076
2026-05-08 17:54:20,152 - mmdet - INFO - Iter [34825/120000]	lr: 1.000e-04, eta: 1 day, 12:55:09, time: 1.401, data_time: 0.019, memory: 37118, loss_mask: 0.1057, loss_texture: 0.0207, iou: 0.6789, iou_t0: 0.7168, iou_t1: 0.7219, iou_t2: 0.6901, iou_t3: 0.6007, iou_t4: 0.6084, iou_t5: 0.7733, loss: 0.1264
2026-05-08 17:54:53,748 - mmdet - INFO - Iter [34850/120000]	lr: 1.000e-04, eta: 1 day, 12:51:14, time: 1.344, data_time: 0.019, memory: 37118, loss_mask: 0.0914, loss_texture: 0.0185, iou: 0.6199, iou_t0: 0.6808, iou_t1: 0.6478, iou_t2: 0.5692, iou_t3: 0.6103, iou_t4: 0.6702, iou_t5: 0.5949, loss: 0.1099
2026-05-08 17:55:27,207 - mmdet - INFO - Iter [34875/120000]	lr: 1.000e-04, eta: 1 day, 12:47:18, time: 1.338, data_time: 0.020, memory: 37118, loss_mask: 0.0878, loss_texture: 0.0181, iou: 0.5992, iou_t0: 0.5554, iou_t1: 0.5594, iou_t2: 0.6180, iou_t3: 0.6012, iou_t4: 0.6279, iou_t5: 0.6805, loss: 0.1060
2026-05-08 17:56:01,199 - mmdet - INFO - Iter [34900/120000]	lr: 1.000e-04, eta: 1 day, 12:43:45, time: 1.360, data_time: 0.020, memory: 37118, loss_mask: 0.0936, loss_texture: 0.0182, iou: 0.6442, iou_t0: 0.5630, iou_t1: 0.5960, iou_t2: 0.5976, iou_t3: 0.6637, iou_t4: 0.5955, iou_t5: 0.6726, loss: 0.1118
2026-05-08 17:56:34,622 - mmdet - INFO - Iter [34925/120000]	lr: 1.000e-04, eta: 1 day, 12:39:56, time: 1.337, data_time: 0.019, memory: 37118, loss_mask: 0.0956, loss_texture: 0.0188, iou: 0.5929, iou_t0: 0.6865, iou_t1: 0.5304, iou_t2: 0.5757, iou_t3: 0.5977, iou_t4: 0.5579, iou_t5: 0.5352, loss: 0.1144
2026-05-08 17:57:08,032 - mmdet - INFO - Iter [34950/120000]	lr: 1.000e-04, eta: 1 day, 12:36:11, time: 1.336, data_time: 0.020, memory: 37118, loss_mask: 0.0812, loss_texture: 0.0160, iou: 0.5759, iou_t0: 0.5526, iou_t1: 0.5826, iou_t2: 0.5992, iou_t3: 0.5467, iou_t4: 0.6058, iou_t5: 0.5560, loss: 0.0972
2026-05-08 17:57:41,782 - mmdet - INFO - Iter [34975/120000]	lr: 1.000e-04, eta: 1 day, 12:32:41, time: 1.350, data_time: 0.020, memory: 37118, loss_mask: 0.0929, loss_texture: 0.0189, iou: 0.6207, iou_t0: 0.5809, iou_t1: 0.6709, iou_t2: 0.7400, iou_t3: 0.5373, iou_t4: 0.6283, iou_t5: 0.5656, loss: 0.1118
2026-05-08 17:58:15,005 - mmdet - INFO - 
--- Val evaluation at iter 35000 ---
2026-05-08 17:59:31,614 - mmdet - INFO - 
+------------+-------------+-------------+
| Class      | Val IoU     | Pseudo IoU  |
+------------+-------------+-------------+
| background | 91.05       | 93.28       |
| building   | 53.20       | 59.08       |
| Summary    | mIoU: 72.12 | mIoU: 76.18 |
+------------+-------------+-------------+
Images evaluated: 10
2026-05-08 17:59:32,974 - mmdet - INFO - Exp name: exp8_all.py
2026-05-08 17:59:32,974 - mmdet - INFO - Iter [35000/120000]	lr: 1.000e-04, eta: 1 day, 12:28:57, time: 1.329, data_time: 0.020, memory: 37118, val/mIoU: 0.7212, val/IoU.building: 0.5320, val/IoU.background: 0.9105, val/Pseudo_mIoU: 0.7618, loss_mask: 0.0942, loss_texture: 0.0187, iou: 0.5905, iou_t0: 0.6183, iou_t1: 0.6648, iou_t2: 0.5967, iou_t3: 0.5014, iou_t4: 0.6132, iou_t5: 0.5512, loss: 0.1129
2026-05-08 18:00:07,889 - mmdet - INFO - Iter [35025/120000]	lr: 1.000e-04, eta: 1 day, 13:09:56, time: 4.515, data_time: 3.138, memory: 37118, loss_mask: 0.1025, loss_texture: 0.0204, iou: 0.6379, iou_t0: 0.7100, iou_t1: 0.6779, iou_t2: 0.6203, iou_t3: 0.6455, iou_t4: 0.6421, iou_t5: 0.5815, loss: 0.1229
2026-05-08 18:00:41,557 - mmdet - INFO - Iter [35050/120000]	lr: 1.000e-04, eta: 1 day, 13:06:07, time: 1.347, data_time: 0.019, memory: 37118, loss_mask: 0.0876, loss_texture: 0.0180, iou: 0.6171, iou_t0: 0.6741, iou_t1: 0.6508, iou_t2: 0.6458, iou_t3: 0.5960, iou_t4: 0.6378, iou_t5: 0.5088, loss: 0.1057
2026-05-08 18:01:15,151 - mmdet - INFO - Iter [35075/120000]	lr: 1.000e-04, eta: 1 day, 13:02:20, time: 1.344, data_time: 0.020, memory: 37118, loss_mask: 0.0888, loss_texture: 0.0179, iou: 0.5773, iou_t0: 0.5872, iou_t1: 0.5904, iou_t2: 0.5613, iou_t3: 0.6384, iou_t4: 0.5656, iou_t5: 0.5325, loss: 0.1067
2026-05-08 18:01:49,540 - mmdet - INFO - Iter [35100/120000]	lr: 1.000e-04, eta: 1 day, 12:59:02, time: 1.376, data_time: 0.020, memory: 37118, loss_mask: 0.0930, loss_texture: 0.0182, iou: 0.6626, iou_t0: 0.6321, iou_t1: 0.7698, iou_t2: 0.6465, iou_t3: 0.6290, iou_t4: 0.6430, iou_t5: 0.6776, loss: 0.1112
2026-05-08 18:02:23,400 - mmdet - INFO - Iter [35125/120000]	lr: 1.000e-04, eta: 1 day, 12:55:30, time: 1.354, data_time: 0.019, memory: 37118, loss_mask: 0.1005, loss_texture: 0.0196, iou: 0.6242, iou_t0: 0.5726, iou_t1: 0.6273, iou_t2: 0.6814, iou_t3: 0.5792, iou_t4: 0.6470, iou_t5: 0.6264, loss: 0.1200
2026-05-08 18:02:56,810 - mmdet - INFO - Iter [35150/120000]	lr: 1.000e-04, eta: 1 day, 12:51:47, time: 1.336, data_time: 0.019, memory: 37118, loss_mask: 0.0894, loss_texture: 0.0179, iou: 0.6039, iou_t0: 0.6605, iou_t1: 0.5879, iou_t2: 0.6691, iou_t3: 0.6109, iou_t4: 0.5340, iou_t5: 0.5787, loss: 0.1073
2026-05-08 18:03:31,006 - mmdet - INFO - Iter [35175/120000]	lr: 1.000e-04, eta: 1 day, 12:48:32, time: 1.368, data_time: 0.020, memory: 37118, loss_mask: 0.0994, loss_texture: 0.0195, iou: 0.6415, iou_t0: 0.6501, iou_t1: 0.6375, iou_t2: 0.7320, iou_t3: 0.7029, iou_t4: 0.6297, iou_t5: 0.5949, loss: 0.1189
2026-05-08 18:04:05,397 - mmdet - INFO - Iter [35200/120000]	lr: 1.000e-04, eta: 1 day, 12:45:26, time: 1.376, data_time: 0.020, memory: 37118, loss_mask: 0.0994, loss_texture: 0.0193, iou: 0.6112, iou_t0: 0.6653, iou_t1: 0.6483, iou_t2: 0.6211, iou_t3: 0.6451, iou_t4: 0.6145, iou_t5: 0.5343, loss: 0.1187
2026-05-08 18:04:39,168 - mmdet - INFO - Iter [35225/120000]	lr: 1.000e-04, eta: 1 day, 12:42:04, time: 1.351, data_time: 0.019, memory: 37118, loss_mask: 0.0986, loss_texture: 0.0192, iou: 0.6081, iou_t0: 0.6343, iou_t1: 0.6692, iou_t2: 0.6428, iou_t3: 0.6315, iou_t4: 0.6012, iou_t5: 0.6236, loss: 0.1179
2026-05-08 18:05:13,149 - mmdet - INFO - Iter [35250/120000]	lr: 1.000e-04, eta: 1 day, 12:38:52, time: 1.359, data_time: 0.019, memory: 37118, loss_mask: 0.0982, loss_texture: 0.0191, iou: 0.6166, iou_t0: 0.6807, iou_t1: 0.6088, iou_t2: 0.6635, iou_t3: 0.6712, iou_t4: 0.5787, iou_t5: 0.5337, loss: 0.1173
2026-05-08 18:05:46,813 - mmdet - INFO - Iter [35275/120000]	lr: 1.000e-04, eta: 1 day, 12:35:33, time: 1.347, data_time: 0.019, memory: 37118, loss_mask: 0.1046, loss_texture: 0.0201, iou: 0.6286, iou_t0: 0.6088, iou_t1: 0.6155, iou_t2: 0.6052, iou_t3: 0.7282, iou_t4: 0.6176, iou_t5: 0.6205, loss: 0.1247
2026-05-08 18:06:20,166 - mmdet - INFO - Iter [35300/120000]	lr: 1.000e-04, eta: 1 day, 12:32:07, time: 1.334, data_time: 0.020, memory: 37118, loss_mask: 0.0919, loss_texture: 0.0182, iou: 0.6358, iou_t0: 0.6369, iou_t1: 0.6389, iou_t2: 0.7274, iou_t3: 0.5786, iou_t4: 0.6435, iou_t5: 0.6402, loss: 0.1101
2026-05-08 18:06:54,230 - mmdet - INFO - Iter [35325/120000]	lr: 1.000e-04, eta: 1 day, 12:29:06, time: 1.363, data_time: 0.019, memory: 37118, loss_mask: 0.0929, loss_texture: 0.0180, iou: 0.6077, iou_t0: 0.6425, iou_t1: 0.5979, iou_t2: 0.5638, iou_t3: 0.6923, iou_t4: 0.5948, iou_t5: 0.6562, loss: 0.1109
2026-05-08 18:07:27,828 - mmdet - INFO - Iter [35350/120000]	lr: 1.000e-04, eta: 1 day, 12:25:53, time: 1.344, data_time: 0.019, memory: 37118, loss_mask: 0.0915, loss_texture: 0.0186, iou: 0.6114, iou_t0: 0.6487, iou_t1: 0.6819, iou_t2: 0.6215, iou_t3: 0.5956, iou_t4: 0.5829, iou_t5: 0.5499, loss: 0.1101
2026-05-08 18:08:01,440 - mmdet - INFO - Iter [35375/120000]	lr: 1.000e-04, eta: 1 day, 12:22:44, time: 1.344, data_time: 0.020, memory: 37118, loss_mask: 0.0947, loss_texture: 0.0192, iou: 0.6406, iou_t0: 0.5870, iou_t1: 0.6036, iou_t2: 0.7070, iou_t3: 0.6568, iou_t4: 0.5889, iou_t5: 0.6481, loss: 0.1138
2026-05-08 18:08:35,563 - mmdet - INFO - Iter [35400/120000]	lr: 1.000e-04, eta: 1 day, 12:19:52, time: 1.365, data_time: 0.020, memory: 37118, loss_mask: 0.0952, loss_texture: 0.0193, iou: 0.6471, iou_t0: 0.6075, iou_t1: 0.7116, iou_t2: 0.6729, iou_t3: 0.5704, iou_t4: 0.6617, iou_t5: 0.7088, loss: 0.1146
2026-05-08 18:09:09,640 - mmdet - INFO - Iter [35425/120000]	lr: 1.000e-04, eta: 1 day, 12:17:01, time: 1.363, data_time: 0.019, memory: 37118, loss_mask: 0.0853, loss_texture: 0.0176, iou: 0.6016, iou_t0: 0.6136, iou_t1: 0.4907, iou_t2: 0.5163, iou_t3: 0.6651, iou_t4: 0.6835, iou_t5: 0.5693, loss: 0.1029
2026-05-08 18:09:43,109 - mmdet - INFO - Iter [35450/120000]	lr: 1.000e-04, eta: 1 day, 12:13:55, time: 1.339, data_time: 0.019, memory: 37118, loss_mask: 0.0824, loss_texture: 0.0165, iou: 0.6111, iou_t0: 0.6004, iou_t1: 0.6147, iou_t2: 0.6858, iou_t3: 0.6062, iou_t4: 0.6520, iou_t5: 0.6131, loss: 0.0989
2026-05-08 18:10:17,447 - mmdet - INFO - Iter [35475/120000]	lr: 1.000e-04, eta: 1 day, 12:11:16, time: 1.374, data_time: 0.020, memory: 37118, loss_mask: 0.0882, loss_texture: 0.0181, iou: 0.6213, iou_t0: 0.5750, iou_t1: 0.7135, iou_t2: 0.5519, iou_t3: 0.6445, iou_t4: 0.6245, iou_t5: 0.5996, loss: 0.1063
2026-05-08 18:10:51,033 - mmdet - INFO - 
--- Val evaluation at iter 35500 ---
2026-05-08 18:12:08,135 - mmdet - INFO - 
+------------+-------------+-------------+
| Class      | Val IoU     | Pseudo IoU  |
+------------+-------------+-------------+
| background | 89.53       | 93.28       |
| building   | 49.61       | 59.08       |
| Summary    | mIoU: 69.57 | mIoU: 76.18 |
+------------+-------------+-------------+
Images evaluated: 10
2026-05-08 18:12:09,560 - mmdet - INFO - Iter [35500/120000]	lr: 1.000e-04, eta: 1 day, 12:08:18, time: 1.343, data_time: 0.020, memory: 37118, val/mIoU: 0.6957, val/IoU.building: 0.4961, val/IoU.background: 0.8953, val/Pseudo_mIoU: 0.7618, loss_mask: 0.0898, loss_texture: 0.0187, iou: 0.6201, iou_t0: 0.5824, iou_t1: 0.6569, iou_t2: 0.6302, iou_t3: 0.6420, iou_t4: 0.6074, iou_t5: 0.5857, loss: 0.1085
2026-05-08 18:12:43,093 - mmdet - INFO - Iter [35525/120000]	lr: 1.000e-04, eta: 1 day, 12:41:54, time: 4.482, data_time: 3.161, memory: 37118, loss_mask: 0.0922, loss_texture: 0.0188, iou: 0.6289, iou_t0: 0.6108, iou_t1: 0.6736, iou_t2: 0.6034, iou_t3: 0.6380, iou_t4: 0.6403, iou_t5: 0.6427, loss: 0.1110
2026-05-08 18:13:17,283 - mmdet - INFO - Iter [35550/120000]	lr: 1.000e-04, eta: 1 day, 12:38:59, time: 1.368, data_time: 0.019, memory: 37118, loss_mask: 0.0942, loss_texture: 0.0192, iou: 0.6259, iou_t0: 0.6758, iou_t1: 0.6341, iou_t2: 0.6331, iou_t3: 0.6194, iou_t4: 0.6042, iou_t5: 0.6362, loss: 0.1134
2026-05-08 18:13:51,062 - mmdet - INFO - Iter [35575/120000]	lr: 1.000e-04, eta: 1 day, 12:35:55, time: 1.351, data_time: 0.020, memory: 37118, loss_mask: 0.1019, loss_texture: 0.0194, iou: 0.6007, iou_t0: 0.5294, iou_t1: 0.6304, iou_t2: 0.6548, iou_t3: 0.5505, iou_t4: 0.6109, iou_t5: 0.5422, loss: 0.1212
2026-05-08 18:14:24,813 - mmdet - INFO - Iter [35600/120000]	lr: 1.000e-04, eta: 1 day, 12:32:52, time: 1.350, data_time: 0.020, memory: 37118, loss_mask: 0.0902, loss_texture: 0.0181, iou: 0.6179, iou_t0: 0.6374, iou_t1: 0.6740, iou_t2: 0.7407, iou_t3: 0.5963, iou_t4: 0.5538, iou_t5: 0.5438, loss: 0.1083
2026-05-08 18:14:59,693 - mmdet - INFO - Iter [35625/120000]	lr: 1.000e-04, eta: 1 day, 12:30:23, time: 1.395, data_time: 0.019, memory: 37118, loss_mask: 0.0940, loss_texture: 0.0185, iou: 0.6227, iou_t0: 0.5499, iou_t1: 0.6674, iou_t2: 0.7033, iou_t3: 0.6220, iou_t4: 0.5704, iou_t5: 0.6399, loss: 0.1125
2026-05-08 18:15:34,734 - mmdet - INFO - Iter [35650/120000]	lr: 1.000e-04, eta: 1 day, 12:28:00, time: 1.402, data_time: 0.019, memory: 37118, loss_mask: 0.1094, loss_texture: 0.0215, iou: 0.6601, iou_t0: 0.5596, iou_t1: 0.7074, iou_t2: 0.6813, iou_t3: 0.6218, iou_t4: 0.6831, iou_t5: 0.6519, loss: 0.1308
2026-05-08 18:16:08,957 - mmdet - INFO - Iter [35675/120000]	lr: 1.000e-04, eta: 1 day, 12:25:16, time: 1.369, data_time: 0.020, memory: 37118, loss_mask: 0.0946, loss_texture: 0.0192, iou: 0.6352, iou_t0: 0.6348, iou_t1: 0.7557, iou_t2: 0.6857, iou_t3: 0.5991, iou_t4: 0.6117, iou_t5: 0.5848, loss: 0.1138
2026-05-08 18:16:42,791 - mmdet - INFO - Iter [35700/120000]	lr: 1.000e-04, eta: 1 day, 12:22:25, time: 1.353, data_time: 0.020, memory: 37118, loss_mask: 0.0919, loss_texture: 0.0186, iou: 0.6157, iou_t0: 0.6493, iou_t1: 0.6639, iou_t2: 0.5887, iou_t3: 0.6896, iou_t4: 0.6166, iou_t5: 0.5358, loss: 0.1104
2026-05-08 18:17:16,899 - mmdet - INFO - Iter [35725/120000]	lr: 1.000e-04, eta: 1 day, 12:19:42, time: 1.364, data_time: 0.019, memory: 37118, loss_mask: 0.0958, loss_texture: 0.0189, iou: 0.6432, iou_t0: 0.5719, iou_t1: 0.7732, iou_t2: 0.5583, iou_t3: 0.6547, iou_t4: 0.7111, iou_t5: 0.5765, loss: 0.1147
2026-05-08 18:17:50,290 - mmdet - INFO - Iter [35750/120000]	lr: 1.000e-04, eta: 1 day, 12:16:44, time: 1.336, data_time: 0.019, memory: 37118, loss_mask: 0.0924, loss_texture: 0.0184, iou: 0.5921, iou_t0: 0.5390, iou_t1: 0.5952, iou_t2: 0.5427, iou_t3: 0.6018, iou_t4: 0.6305, iou_t5: 0.6303, loss: 0.1107
2026-05-08 18:18:24,633 - mmdet - INFO - Iter [35775/120000]	lr: 1.000e-04, eta: 1 day, 12:14:11, time: 1.374, data_time: 0.020, memory: 37118, loss_mask: 0.0933, loss_texture: 0.0182, iou: 0.6110, iou_t0: 0.5958, iou_t1: 0.6647, iou_t2: 0.6231, iou_t3: 0.5478, iou_t4: 0.5932, iou_t5: 0.5403, loss: 0.1116
2026-05-08 18:18:58,376 - mmdet - INFO - Iter [35800/120000]	lr: 1.000e-04, eta: 1 day, 12:11:26, time: 1.350, data_time: 0.020, memory: 37118, loss_mask: 0.0888, loss_texture: 0.0180, iou: 0.5913, iou_t0: 0.6357, iou_t1: 0.6155, iou_t2: 0.5689, iou_t3: 0.6008, iou_t4: 0.6211, iou_t5: 0.5499, loss: 0.1067
2026-05-08 18:19:32,402 - mmdet - INFO - Iter [35825/120000]	lr: 1.000e-04, eta: 1 day, 12:08:49, time: 1.361, data_time: 0.019, memory: 37118, loss_mask: 0.0922, loss_texture: 0.0185, iou: 0.6366, iou_t0: 0.6231, iou_t1: 0.6897, iou_t2: 0.6004, iou_t3: 0.6783, iou_t4: 0.5955, iou_t5: 0.6873, loss: 0.1107
2026-05-08 18:20:06,152 - mmdet - INFO - Iter [35850/120000]	lr: 1.000e-04, eta: 1 day, 12:06:07, time: 1.350, data_time: 0.019, memory: 37118, loss_mask: 0.0897, loss_texture: 0.0187, iou: 0.6407, iou_t0: 0.6905, iou_t1: 0.6767, iou_t2: 0.6369, iou_t3: 0.5929, iou_t4: 0.6554, iou_t5: 0.6629, loss: 0.1084
2026-05-08 18:20:40,736 - mmdet - INFO - Iter [35875/120000]	lr: 1.000e-04, eta: 1 day, 12:03:49, time: 1.383, data_time: 0.019, memory: 37118, loss_mask: 0.0979, loss_texture: 0.0202, iou: 0.6528, iou_t0: 0.6415, iou_t1: 0.6594, iou_t2: 0.6764, iou_t3: 0.6504, iou_t4: 0.6173, iou_t5: 0.6194, loss: 0.1181
2026-05-08 18:21:14,226 - mmdet - INFO - Iter [35900/120000]	lr: 1.000e-04, eta: 1 day, 12:01:04, time: 1.340, data_time: 0.020, memory: 37118, loss_mask: 0.0831, loss_texture: 0.0168, iou: 0.6106, iou_t0: 0.5857, iou_t1: 0.5799, iou_t2: 0.5791, iou_t3: 0.6053, iou_t4: 0.5626, iou_t5: 0.5347, loss: 0.0998
2026-05-08 18:21:47,348 - mmdet - INFO - Iter [35925/120000]	lr: 1.000e-04, eta: 1 day, 11:58:12, time: 1.325, data_time: 0.019, memory: 37118, loss_mask: 0.0824, loss_texture: 0.0167, iou: 0.5892, iou_t0: 0.5772, iou_t1: 0.5720, iou_t2: 0.5190, iou_t3: 0.5680, iou_t4: 0.5853, iou_t5: 0.6733, loss: 0.0991
2026-05-08 18:22:21,256 - mmdet - INFO - Iter [35950/120000]	lr: 1.000e-04, eta: 1 day, 11:55:42, time: 1.356, data_time: 0.020, memory: 37118, loss_mask: 0.0970, loss_texture: 0.0196, iou: 0.6293, iou_t0: 0.6516, iou_t1: 0.5963, iou_t2: 0.6884, iou_t3: 0.6123, iou_t4: 0.6694, iou_t5: 0.6221, loss: 0.1166
2026-05-08 18:22:55,832 - mmdet - INFO - Iter [35975/120000]	lr: 1.000e-04, eta: 1 day, 11:53:29, time: 1.383, data_time: 0.020, memory: 37118, loss_mask: 0.0940, loss_texture: 0.0196, iou: 0.6665, iou_t0: 0.7079, iou_t1: 0.6710, iou_t2: 0.7388, iou_t3: 0.6941, iou_t4: 0.6449, iou_t5: 0.6573, loss: 0.1136
2026-05-08 18:23:30,414 - mmdet - INFO - 
--- Val evaluation at iter 36000 ---
2026-05-08 18:24:47,274 - mmdet - INFO - 
+------------+-------------+-------------+
| Class      | Val IoU     | Pseudo IoU  |
+------------+-------------+-------------+
| background | 87.92       | 93.28       |
| building   | 46.04       | 59.08       |
| Summary    | mIoU: 66.98 | mIoU: 76.18 |
+------------+-------------+-------------+
Images evaluated: 10
2026-05-08 18:24:48,601 - mmdet - INFO - Exp name: exp8_all.py
2026-05-08 18:24:48,601 - mmdet - INFO - Iter [36000/120000]	lr: 1.000e-04, eta: 1 day, 11:51:18, time: 1.383, data_time: 0.021, memory: 37118, val/mIoU: 0.6698, val/IoU.building: 0.4604, val/IoU.background: 0.8792, val/Pseudo_mIoU: 0.7618, loss_mask: 0.0886, loss_texture: 0.0185, iou: 0.6331, iou_t0: 0.6559, iou_t1: 0.5804, iou_t2: 0.6393, iou_t3: 0.5987, iou_t4: 0.6745, iou_t5: 0.6345, loss: 0.1071
2026-05-08 18:25:21,904 - mmdet - INFO - Iter [36025/120000]	lr: 1.000e-04, eta: 1 day, 12:19:40, time: 4.460, data_time: 3.147, memory: 37118, loss_mask: 0.0945, loss_texture: 0.0191, iou: 0.5998, iou_t0: 0.5264, iou_t1: 0.5569, iou_t2: 0.5568, iou_t3: 0.5993, iou_t4: 0.6362, iou_t5: 0.5812, loss: 0.1136
2026-05-08 18:25:55,457 - mmdet - INFO - Iter [36050/120000]	lr: 1.000e-04, eta: 1 day, 12:16:54, time: 1.342, data_time: 0.019, memory: 37118, loss_mask: 0.0827, loss_texture: 0.0169, iou: 0.6202, iou_t0: 0.6619, iou_t1: 0.6627, iou_t2: 0.6365, iou_t3: 0.5947, iou_t4: 0.6080, iou_t5: 0.5813, loss: 0.0996
2026-05-08 18:26:29,072 - mmdet - INFO - Iter [36075/120000]	lr: 1.000e-04, eta: 1 day, 12:14:11, time: 1.345, data_time: 0.020, memory: 37118, loss_mask: 0.0889, loss_texture: 0.0173, iou: 0.6345, iou_t0: 0.6123, iou_t1: 0.6351, iou_t2: 0.6369, iou_t3: 0.6149, iou_t4: 0.6379, iou_t5: 0.6611, loss: 0.1062
2026-05-08 18:27:03,148 - mmdet - INFO - Iter [36100/120000]	lr: 1.000e-04, eta: 1 day, 12:11:41, time: 1.363, data_time: 0.020, memory: 37118, loss_mask: 0.0966, loss_texture: 0.0201, iou: 0.6203, iou_t0: 0.6741, iou_t1: 0.6423, iou_t2: 0.6728, iou_t3: 0.6625, iou_t4: 0.6324, iou_t5: 0.5614, loss: 0.1168
2026-05-08 18:27:37,683 - mmdet - INFO - Iter [36125/120000]	lr: 1.000e-04, eta: 1 day, 12:09:23, time: 1.381, data_time: 0.019, memory: 37118, loss_mask: 0.0918, loss_texture: 0.0190, iou: 0.6435, iou_t0: 0.6199, iou_t1: 0.6198, iou_t2: 0.6603, iou_t3: 0.6329, iou_t4: 0.6454, iou_t5: 0.6569, loss: 0.1107
2026-05-08 18:28:11,537 - mmdet - INFO - Iter [36150/120000]	lr: 1.000e-04, eta: 1 day, 12:06:50, time: 1.354, data_time: 0.019, memory: 37118, loss_mask: 0.0966, loss_texture: 0.0188, iou: 0.6355, iou_t0: 0.6591, iou_t1: 0.6929, iou_t2: 0.6296, iou_t3: 0.5310, iou_t4: 0.7333, iou_t5: 0.6712, loss: 0.1154
2026-05-08 18:28:45,919 - mmdet - INFO - Iter [36175/120000]	lr: 1.000e-04, eta: 1 day, 12:04:32, time: 1.375, data_time: 0.020, memory: 37118, loss_mask: 0.1046, loss_texture: 0.0205, iou: 0.6441, iou_t0: 0.6070, iou_t1: 0.7114, iou_t2: 0.6563, iou_t3: 0.6843, iou_t4: 0.5899, iou_t5: 0.6643, loss: 0.1251
2026-05-08 18:29:20,620 - mmdet - INFO - Iter [36200/120000]	lr: 1.000e-04, eta: 1 day, 12:02:22, time: 1.388, data_time: 0.020, memory: 37118, loss_mask: 0.0991, loss_texture: 0.0201, iou: 0.6318, iou_t0: 0.7047, iou_t1: 0.6364, iou_t2: 0.7389, iou_t3: 0.6888, iou_t4: 0.5348, iou_t5: 0.5133, loss: 0.1192
2026-05-08 18:29:54,223 - mmdet - INFO - Iter [36225/120000]	lr: 1.000e-04, eta: 1 day, 11:59:48, time: 1.344, data_time: 0.019, memory: 37118, loss_mask: 0.0904, loss_texture: 0.0176, iou: 0.5988, iou_t0: 0.6336, iou_t1: 0.6343, iou_t2: 0.5073, iou_t3: 0.6331, iou_t4: 0.5589, iou_t5: 0.6218, loss: 0.1080
2026-05-08 18:30:28,002 - mmdet - INFO - Iter [36250/120000]	lr: 1.000e-04, eta: 1 day, 11:57:20, time: 1.351, data_time: 0.019, memory: 37118, loss_mask: 0.0901, loss_texture: 0.0183, iou: 0.6464, iou_t0: 0.6499, iou_t1: 0.5467, iou_t2: 0.7051, iou_t3: 0.5944, iou_t4: 0.7088, iou_t5: 0.6357, loss: 0.1084
2026-05-08 18:31:01,736 - mmdet - INFO - Iter [36275/120000]	lr: 1.000e-04, eta: 1 day, 11:54:53, time: 1.349, data_time: 0.020, memory: 37118, loss_mask: 0.0831, loss_texture: 0.0171, iou: 0.6316, iou_t0: 0.6557, iou_t1: 0.6577, iou_t2: 0.6638, iou_t3: 0.6057, iou_t4: 0.6007, iou_t5: 0.6088, loss: 0.1002
2026-05-08 18:31:35,612 - mmdet - INFO - Iter [36300/120000]	lr: 1.000e-04, eta: 1 day, 11:52:30, time: 1.355, data_time: 0.020, memory: 37118, loss_mask: 0.0928, loss_texture: 0.0188, iou: 0.6133, iou_t0: 0.6520, iou_t1: 0.5962, iou_t2: 0.5738, iou_t3: 0.6519, iou_t4: 0.5705, iou_t5: 0.5978, loss: 0.1116
2026-05-08 18:32:09,180 - mmdet - INFO - Iter [36325/120000]	lr: 1.000e-04, eta: 1 day, 11:50:02, time: 1.343, data_time: 0.019, memory: 37118, loss_mask: 0.0904, loss_texture: 0.0187, iou: 0.5828, iou_t0: 0.6430, iou_t1: 0.4801, iou_t2: 0.6115, iou_t3: 0.6374, iou_t4: 0.5298, iou_t5: 0.5394, loss: 0.1091
2026-05-08 18:32:43,481 - mmdet - INFO - Iter [36350/120000]	lr: 1.000e-04, eta: 1 day, 11:47:51, time: 1.372, data_time: 0.019, memory: 37118, loss_mask: 0.1022, loss_texture: 0.0202, iou: 0.6161, iou_t0: 0.5802, iou_t1: 0.6646, iou_t2: 0.6151, iou_t3: 0.6418, iou_t4: 0.6330, iou_t5: 0.6344, loss: 0.1225
2026-05-08 18:33:17,465 - mmdet - INFO - Iter [36375/120000]	lr: 1.000e-04, eta: 1 day, 11:45:35, time: 1.359, data_time: 0.020, memory: 37118, loss_mask: 0.1124, loss_texture: 0.0201, iou: 0.5954, iou_t0: 0.6622, iou_t1: 0.5957, iou_t2: 0.5711, iou_t3: 0.6854, iou_t4: 0.6270, iou_t5: 0.4488, loss: 0.1325
2026-05-08 18:33:51,480 - mmdet - INFO - Iter [36400/120000]	lr: 1.000e-04, eta: 1 day, 11:43:21, time: 1.361, data_time: 0.020, memory: 37118, loss_mask: 0.1061, loss_texture: 0.0198, iou: 0.6305, iou_t0: 0.6100, iou_t1: 0.6424, iou_t2: 0.6590, iou_t3: 0.6104, iou_t4: 0.6738, iou_t5: 0.5606, loss: 0.1258
2026-05-08 18:34:25,175 - mmdet - INFO - Iter [36425/120000]	lr: 1.000e-04, eta: 1 day, 11:41:01, time: 1.348, data_time: 0.019, memory: 37118, loss_mask: 0.0923, loss_texture: 0.0181, iou: 0.6150, iou_t0: 0.6005, iou_t1: 0.5887, iou_t2: 0.5749, iou_t3: 0.6466, iou_t4: 0.6606, iou_t5: 0.5538, loss: 0.1104
2026-05-08 18:34:58,617 - mmdet - INFO - Iter [36450/120000]	lr: 1.000e-04, eta: 1 day, 11:38:37, time: 1.338, data_time: 0.019, memory: 37118, loss_mask: 0.0945, loss_texture: 0.0191, iou: 0.5930, iou_t0: 0.6130, iou_t1: 0.5093, iou_t2: 0.6424, iou_t3: 0.6359, iou_t4: 0.6402, iou_t5: 0.5411, loss: 0.1136
2026-05-08 18:35:32,537 - mmdet - INFO - Iter [36475/120000]	lr: 1.000e-04, eta: 1 day, 11:36:25, time: 1.357, data_time: 0.020, memory: 37118, loss_mask: 0.0934, loss_texture: 0.0181, iou: 0.5914, iou_t0: 0.6554, iou_t1: 0.5428, iou_t2: 0.5957, iou_t3: 0.5553, iou_t4: 0.5446, iou_t5: 0.5233, loss: 0.1114
2026-05-08 18:36:06,646 - mmdet - INFO - 
--- Val evaluation at iter 36500 ---
2026-05-08 18:37:23,271 - mmdet - INFO - 
+------------+-------------+-------------+
| Class      | Val IoU     | Pseudo IoU  |
+------------+-------------+-------------+
| background | 90.93       | 93.28       |
| building   | 52.94       | 59.08       |
| Summary    | mIoU: 71.93 | mIoU: 76.18 |
+------------+-------------+-------------+
Images evaluated: 10
2026-05-08 18:37:24,592 - mmdet - INFO - Iter [36500/120000]	lr: 1.000e-04, eta: 1 day, 11:34:17, time: 1.364, data_time: 0.020, memory: 37118, val/mIoU: 0.7193, val/IoU.building: 0.5294, val/IoU.background: 0.9093, val/Pseudo_mIoU: 0.7618, loss_mask: 0.1019, loss_texture: 0.0195, iou: 0.6107, iou_t0: 0.6571, iou_t1: 0.6106, iou_t2: 0.6855, iou_t3: 0.5390, iou_t4: 0.6367, iou_t5: 0.5857, loss: 0.1215
2026-05-08 18:37:58,651 - mmdet - INFO - Iter [36525/120000]	lr: 1.000e-04, eta: 1 day, 11:59:06, time: 4.480, data_time: 3.137, memory: 37118, loss_mask: 0.1046, loss_texture: 0.0203, iou: 0.6426, iou_t0: 0.6391, iou_t1: 0.7801, iou_t2: 0.5869, iou_t3: 0.6732, iou_t4: 0.6330, iou_t5: 0.6378, loss: 0.1249
2026-05-08 18:38:32,530 - mmdet - INFO - Iter [36550/120000]	lr: 1.000e-04, eta: 1 day, 11:56:46, time: 1.355, data_time: 0.019, memory: 37118, loss_mask: 0.1011, loss_texture: 0.0193, iou: 0.6206, iou_t0: 0.6510, iou_t1: 0.6120, iou_t2: 0.6093, iou_t3: 0.6565, iou_t4: 0.5808, iou_t5: 0.6420, loss: 0.1203
2026-05-08 18:39:06,431 - mmdet - INFO - Iter [36575/120000]	lr: 1.000e-04, eta: 1 day, 11:54:28, time: 1.356, data_time: 0.020, memory: 37118, loss_mask: 0.0950, loss_texture: 0.0187, iou: 0.6238, iou_t0: 0.6555, iou_t1: 0.6173, iou_t2: 0.6632, iou_t3: 0.5231, iou_t4: 0.5475, iou_t5: 0.6411, loss: 0.1138
2026-05-08 18:39:40,634 - mmdet - INFO - Iter [36600/120000]	lr: 1.000e-04, eta: 1 day, 11:52:17, time: 1.368, data_time: 0.021, memory: 37118, loss_mask: 0.1001, loss_texture: 0.0201, iou: 0.6433, iou_t0: 0.6031, iou_t1: 0.7369, iou_t2: 0.6428, iou_t3: 0.6659, iou_t4: 0.6200, iou_t5: 0.6298, loss: 0.1201
2026-05-08 18:40:14,615 - mmdet - INFO - Iter [36625/120000]	lr: 1.000e-04, eta: 1 day, 11:50:03, time: 1.359, data_time: 0.019, memory: 37118, loss_mask: 0.1002, loss_texture: 0.0197, iou: 0.6269, iou_t0: 0.6187, iou_t1: 0.6357, iou_t2: 0.6373, iou_t3: 0.6887, iou_t4: 0.6269, iou_t5: 0.6434, loss: 0.1199
2026-05-08 18:40:48,698 - mmdet - INFO - Iter [36650/120000]	lr: 1.000e-04, eta: 1 day, 11:47:52, time: 1.363, data_time: 0.019, memory: 37118, loss_mask: 0.0915, loss_texture: 0.0188, iou: 0.6253, iou_t0: 0.6745, iou_t1: 0.6815, iou_t2: 0.6450, iou_t3: 0.6197, iou_t4: 0.6024, iou_t5: 0.5621, loss: 0.1103
2026-05-08 18:41:22,221 - mmdet - INFO - Iter [36675/120000]	lr: 1.000e-04, eta: 1 day, 11:45:31, time: 1.341, data_time: 0.020, memory: 37118, loss_mask: 0.0851, loss_texture: 0.0174, iou: 0.6226, iou_t0: 0.7157, iou_t1: 0.5460, iou_t2: 0.7140, iou_t3: 0.6861, iou_t4: 0.6224, iou_t5: 0.5733, loss: 0.1025
2026-05-08 18:41:56,169 - mmdet - INFO - Iter [36700/120000]	lr: 1.000e-04, eta: 1 day, 11:43:19, time: 1.358, data_time: 0.020, memory: 37118, loss_mask: 0.0890, loss_texture: 0.0178, iou: 0.6050, iou_t0: 0.6348, iou_t1: 0.6321, iou_t2: 0.5183, iou_t3: 0.6361, iou_t4: 0.6217, iou_t5: 0.6191, loss: 0.1068
2026-05-08 18:42:29,315 - mmdet - INFO - Iter [36725/120000]	lr: 1.000e-04, eta: 1 day, 11:40:53, time: 1.326, data_time: 0.019, memory: 37118, loss_mask: 0.0935, loss_texture: 0.0185, iou: 0.5887, iou_t0: 0.6366, iou_t1: 0.5074, iou_t2: 0.5276, iou_t3: 0.6165, iou_t4: 0.6160, iou_t5: 0.6593, loss: 0.1120
2026-05-08 18:43:03,686 - mmdet - INFO - Iter [36750/120000]	lr: 1.000e-04, eta: 1 day, 11:38:53, time: 1.375, data_time: 0.019, memory: 37118, loss_mask: 0.1044, loss_texture: 0.0206, iou: 0.6197, iou_t0: 0.6403, iou_t1: 0.5668, iou_t2: 0.6180, iou_t3: 0.5803, iou_t4: 0.7206, iou_t5: 0.6385, loss: 0.1250
2026-05-08 18:43:37,526 - mmdet - INFO - Iter [36775/120000]	lr: 1.000e-04, eta: 1 day, 11:36:43, time: 1.354, data_time: 0.020, memory: 37118, loss_mask: 0.0962, loss_texture: 0.0185, iou: 0.6213, iou_t0: 0.7165, iou_t1: 0.6277, iou_t2: 0.5817, iou_t3: 0.5597, iou_t4: 0.5710, iou_t5: 0.6846, loss: 0.1147
2026-05-08 18:44:11,484 - mmdet - INFO - Iter [36800/120000]	lr: 1.000e-04, eta: 1 day, 11:34:36, time: 1.358, data_time: 0.020, memory: 37118, loss_mask: 0.0889, loss_texture: 0.0179, iou: 0.6406, iou_t0: 0.5974, iou_t1: 0.6569, iou_t2: 0.6475, iou_t3: 0.6474, iou_t4: 0.6341, iou_t5: 0.5437, loss: 0.1068
2026-05-08 18:44:45,139 - mmdet - INFO - Iter [36825/120000]	lr: 1.000e-04, eta: 1 day, 11:32:25, time: 1.346, data_time: 0.019, memory: 37118, loss_mask: 0.0896, loss_texture: 0.0177, iou: 0.5840, iou_t0: 0.5338, iou_t1: 0.6541, iou_t2: 0.5385, iou_t3: 0.5940, iou_t4: 0.6051, iou_t5: 0.6181, loss: 0.1073
2026-05-08 18:45:19,237 - mmdet - INFO - Iter [36850/120000]	lr: 1.000e-04, eta: 1 day, 11:30:23, time: 1.364, data_time: 0.019, memory: 37118, loss_mask: 0.1024, loss_texture: 0.0199, iou: 0.6062, iou_t0: 0.6088, iou_t1: 0.6634, iou_t2: 0.6168, iou_t3: 0.6609, iou_t4: 0.5350, iou_t5: 0.6009, loss: 0.1223
2026-05-08 18:45:53,341 - mmdet - INFO - Iter [36875/120000]	lr: 1.000e-04, eta: 1 day, 11:28:22, time: 1.364, data_time: 0.020, memory: 37118, loss_mask: 0.1109, loss_texture: 0.0212, iou: 0.6385, iou_t0: 0.7378, iou_t1: 0.6302, iou_t2: 0.6433, iou_t3: 0.7018, iou_t4: 0.6240, iou_t5: 0.6237, loss: 0.1321
2026-05-08 18:46:27,805 - mmdet - INFO - Iter [36900/120000]	lr: 1.000e-04, eta: 1 day, 11:26:29, time: 1.379, data_time: 0.020, memory: 37118, loss_mask: 0.1137, loss_texture: 0.0212, iou: 0.6300, iou_t0: 0.6210, iou_t1: 0.5959, iou_t2: 0.6603, iou_t3: 0.6766, iou_t4: 0.6777, iou_t5: 0.5319, loss: 0.1350
2026-05-08 18:47:01,626 - mmdet - INFO - Iter [36925/120000]	lr: 1.000e-04, eta: 1 day, 11:24:25, time: 1.353, data_time: 0.019, memory: 37118, loss_mask: 0.1057, loss_texture: 0.0200, iou: 0.6138, iou_t0: 0.6660, iou_t1: 0.6740, iou_t2: 0.5767, iou_t3: 0.6377, iou_t4: 0.6247, iou_t5: 0.5477, loss: 0.1257
2026-05-08 18:47:35,093 - mmdet - INFO - Iter [36950/120000]	lr: 1.000e-04, eta: 1 day, 11:22:16, time: 1.339, data_time: 0.019, memory: 37118, loss_mask: 0.0941, loss_texture: 0.0183, iou: 0.6023, iou_t0: 0.6382, iou_t1: 0.6556, iou_t2: 0.5552, iou_t3: 0.6012, iou_t4: 0.5785, iou_t5: 0.6635, loss: 0.1124
2026-05-08 18:48:09,394 - mmdet - INFO - Iter [36975/120000]	lr: 1.000e-04, eta: 1 day, 11:20:23, time: 1.372, data_time: 0.020, memory: 37118, loss_mask: 0.0907, loss_texture: 0.0169, iou: 0.6029, iou_t0: 0.6119, iou_t1: 0.6007, iou_t2: 0.5249, iou_t3: 0.5752, iou_t4: 0.5770, iou_t5: 0.6607, loss: 0.1077
2026-05-08 18:48:43,628 - mmdet - INFO - 
--- Val evaluation at iter 37000 ---
2026-05-08 18:50:00,134 - mmdet - INFO - 
+------------+-------------+-------------+
| Class      | Val IoU     | Pseudo IoU  |
+------------+-------------+-------------+
| background | 90.62       | 93.28       |
| building   | 52.10       | 59.08       |
| Summary    | mIoU: 71.36 | mIoU: 76.18 |
+------------+-------------+-------------+
Images evaluated: 10
2026-05-08 18:50:01,497 - mmdet - INFO - Exp name: exp8_all.py
2026-05-08 18:50:01,497 - mmdet - INFO - Iter [37000/120000]	lr: 1.000e-04, eta: 1 day, 11:18:29, time: 1.369, data_time: 0.020, memory: 37118, val/mIoU: 0.7136, val/IoU.building: 0.5210, val/IoU.background: 0.9062, val/Pseudo_mIoU: 0.7618, loss_mask: 0.0998, loss_texture: 0.0198, iou: 0.6094, iou_t0: 0.6700, iou_t1: 0.6155, iou_t2: 0.6349, iou_t3: 0.5734, iou_t4: 0.5923, iou_t5: 0.6037, loss: 0.1195
2026-05-08 18:50:36,670 - mmdet - INFO - Iter [37025/120000]	lr: 1.000e-04, eta: 1 day, 11:40:41, time: 4.522, data_time: 3.134, memory: 37118, loss_mask: 0.0968, loss_texture: 0.0189, iou: 0.6354, iou_t0: 0.6456, iou_t1: 0.6976, iou_t2: 0.5964, iou_t3: 0.6509, iou_t4: 0.5870, iou_t5: 0.5516, loss: 0.1157
2026-05-08 18:51:10,431 - mmdet - INFO - Iter [37050/120000]	lr: 1.000e-04, eta: 1 day, 11:38:33, time: 1.350, data_time: 0.019, memory: 37118, loss_mask: 0.0918, loss_texture: 0.0181, iou: 0.6275, iou_t0: 0.5310, iou_t1: 0.6193, iou_t2: 0.6669, iou_t3: 0.6501, iou_t4: 0.6241, iou_t5: 0.6083, loss: 0.1099
2026-05-08 18:51:44,388 - mmdet - INFO - Iter [37075/120000]	lr: 1.000e-04, eta: 1 day, 11:36:29, time: 1.358, data_time: 0.020, memory: 37118, loss_mask: 0.0956, loss_texture: 0.0191, iou: 0.6048, iou_t0: 0.6550, iou_t1: 0.5965, iou_t2: 0.6709, iou_t3: 0.5962, iou_t4: 0.5751, iou_t5: 0.5588, loss: 0.1147
2026-05-08 18:52:18,757 - mmdet - INFO - Iter [37100/120000]	lr: 1.000e-04, eta: 1 day, 11:34:33, time: 1.375, data_time: 0.020, memory: 37118, loss_mask: 0.1020, loss_texture: 0.0206, iou: 0.6388, iou_t0: 0.6038, iou_t1: 0.6672, iou_t2: 0.6322, iou_t3: 0.6124, iou_t4: 0.6467, iou_t5: 0.6096, loss: 0.1226
2026-05-08 18:52:52,842 - mmdet - INFO - Iter [37125/120000]	lr: 1.000e-04, eta: 1 day, 11:32:33, time: 1.363, data_time: 0.019, memory: 37118, loss_mask: 0.0994, loss_texture: 0.0195, iou: 0.5907, iou_t0: 0.5820, iou_t1: 0.6277, iou_t2: 0.5294, iou_t3: 0.6429, iou_t4: 0.5688, iou_t5: 0.6147, loss: 0.1190
2026-05-08 18:53:26,814 - mmdet - INFO - Iter [37150/120000]	lr: 1.000e-04, eta: 1 day, 11:30:32, time: 1.359, data_time: 0.019, memory: 37118, loss_mask: 0.0923, loss_texture: 0.0177, iou: 0.6039, iou_t0: 0.6181, iou_t1: 0.6131, iou_t2: 0.6265, iou_t3: 0.6034, iou_t4: 0.6714, iou_t5: 0.5429, loss: 0.1100
2026-05-08 18:54:01,078 - mmdet - INFO - Iter [37175/120000]	lr: 1.000e-04, eta: 1 day, 11:28:37, time: 1.371, data_time: 0.020, memory: 37118, loss_mask: 0.1047, loss_texture: 0.0210, iou: 0.6305, iou_t0: 0.6518, iou_t1: 0.6649, iou_t2: 0.6657, iou_t3: 0.5945, iou_t4: 0.6722, iou_t5: 0.6195, loss: 0.1257
2026-05-08 18:54:34,939 - mmdet - INFO - Iter [37200/120000]	lr: 1.000e-04, eta: 1 day, 11:26:36, time: 1.354, data_time: 0.020, memory: 37118, loss_mask: 0.0977, loss_texture: 0.0193, iou: 0.6101, iou_t0: 0.6223, iou_t1: 0.6116, iou_t2: 0.5932, iou_t3: 0.6693, iou_t4: 0.6194, iou_t5: 0.5236, loss: 0.1169
2026-05-08 18:55:09,418 - mmdet - INFO - Iter [37225/120000]	lr: 1.000e-04, eta: 1 day, 11:24:46, time: 1.379, data_time: 0.019, memory: 37118, loss_mask: 0.0835, loss_texture: 0.0171, iou: 0.6199, iou_t0: 0.6276, iou_t1: 0.6945, iou_t2: 0.6930, iou_t3: 0.5674, iou_t4: 0.5025, iou_t5: 0.5431, loss: 0.1007
2026-05-08 18:55:43,375 - mmdet - INFO - Iter [37250/120000]	lr: 1.000e-04, eta: 1 day, 11:22:49, time: 1.358, data_time: 0.019, memory: 37118, loss_mask: 0.0948, loss_texture: 0.0187, iou: 0.6090, iou_t0: 0.6572, iou_t1: 0.6331, iou_t2: 0.5719, iou_t3: 0.5893, iou_t4: 0.5782, iou_t5: 0.6229, loss: 0.1134
2026-05-08 18:56:17,521 - mmdet - INFO - Iter [37275/120000]	lr: 1.000e-04, eta: 1 day, 11:20:55, time: 1.366, data_time: 0.020, memory: 37118, loss_mask: 0.0928, loss_texture: 0.0189, iou: 0.6478, iou_t0: 0.6876, iou_t1: 0.6230, iou_t2: 0.7104, iou_t3: 0.6733, iou_t4: 0.5440, iou_t5: 0.6126, loss: 0.1117
2026-05-08 18:56:51,683 - mmdet - INFO - Iter [37300/120000]	lr: 1.000e-04, eta: 1 day, 11:19:03, time: 1.366, data_time: 0.020, memory: 37118, loss_mask: 0.0933, loss_texture: 0.0186, iou: 0.6548, iou_t0: 0.6489, iou_t1: 0.6280, iou_t2: 0.6739, iou_t3: 0.6463, iou_t4: 0.6272, iou_t5: 0.6955, loss: 0.1119
2026-05-08 18:57:25,516 - mmdet - INFO - Iter [37325/120000]	lr: 1.000e-04, eta: 1 day, 11:17:05, time: 1.353, data_time: 0.019, memory: 37118, loss_mask: 0.0896, loss_texture: 0.0182, iou: 0.6041, iou_t0: 0.6741, iou_t1: 0.6306, iou_t2: 0.5436, iou_t3: 0.6206, iou_t4: 0.5940, iou_t5: 0.4609, loss: 0.1078
2026-05-08 18:57:59,109 - mmdet - INFO - Iter [37350/120000]	lr: 1.000e-04, eta: 1 day, 11:15:05, time: 1.344, data_time: 0.019, memory: 37118, loss_mask: 0.0865, loss_texture: 0.0173, iou: 0.6252, iou_t0: 0.6544, iou_t1: 0.6451, iou_t2: 0.6550, iou_t3: 0.5577, iou_t4: 0.5116, iou_t5: 0.6502, loss: 0.1038
2026-05-08 18:58:32,984 - mmdet - INFO - Iter [37375/120000]	lr: 1.000e-04, eta: 1 day, 11:13:10, time: 1.355, data_time: 0.020, memory: 37118, loss_mask: 0.0952, loss_texture: 0.0192, iou: 0.6344, iou_t0: 0.6424, iou_t1: 0.5705, iou_t2: 0.6517, iou_t3: 0.7166, iou_t4: 0.6198, iou_t5: 0.6331, loss: 0.1144
2026-05-08 18:59:07,525 - mmdet - INFO - Iter [37400/120000]	lr: 1.000e-04, eta: 1 day, 11:11:27, time: 1.382, data_time: 0.020, memory: 37118, loss_mask: 0.1011, loss_texture: 0.0200, iou: 0.6286, iou_t0: 0.5976, iou_t1: 0.5726, iou_t2: 0.5927, iou_t3: 0.6331, iou_t4: 0.6953, iou_t5: 0.6587, loss: 0.1210
2026-05-08 18:59:41,417 - mmdet - INFO - Iter [37425/120000]	lr: 1.000e-04, eta: 1 day, 11:09:34, time: 1.356, data_time: 0.019, memory: 37118, loss_mask: 0.0919, loss_texture: 0.0186, iou: 0.6013, iou_t0: 0.6107, iou_t1: 0.5738, iou_t2: 0.5756, iou_t3: 0.6381, iou_t4: 0.5494, iou_t5: 0.6050, loss: 0.1105
2026-05-08 19:00:15,377 - mmdet - INFO - Iter [37450/120000]	lr: 1.000e-04, eta: 1 day, 11:07:43, time: 1.358, data_time: 0.019, memory: 37118, loss_mask: 0.0977, loss_texture: 0.0189, iou: 0.6273, iou_t0: 0.5979, iou_t1: 0.6090, iou_t2: 0.6316, iou_t3: 0.5410, iou_t4: 0.7148, iou_t5: 0.5605, loss: 0.1166
2026-05-08 19:00:48,939 - mmdet - INFO - Iter [37475/120000]	lr: 1.000e-04, eta: 1 day, 11:05:46, time: 1.342, data_time: 0.020, memory: 37118, loss_mask: 0.0921, loss_texture: 0.0180, iou: 0.6047, iou_t0: 0.6108, iou_t1: 0.6159, iou_t2: 0.6117, iou_t3: 0.6198, iou_t4: 0.5718, iou_t5: 0.5907, loss: 0.1101
2026-05-08 19:01:22,254 - mmdet - INFO - 
--- Val evaluation at iter 37500 ---
2026-05-08 19:02:39,339 - mmdet - INFO - 
+------------+-------------+-------------+
| Class      | Val IoU     | Pseudo IoU  |
+------------+-------------+-------------+
| background | 86.86       | 93.28       |
| building   | 44.15       | 59.08       |
| Summary    | mIoU: 65.50 | mIoU: 76.18 |
+------------+-------------+-------------+
Images evaluated: 10
2026-05-08 19:02:40,659 - mmdet - INFO - Iter [37500/120000]	lr: 1.000e-04, eta: 1 day, 11:03:46, time: 1.333, data_time: 0.020, memory: 37118, val/mIoU: 0.6550, val/IoU.building: 0.4415, val/IoU.background: 0.8686, val/Pseudo_mIoU: 0.7618, loss_mask: 0.0972, loss_texture: 0.0179, iou: 0.6102, iou_t0: 0.5938, iou_t1: 0.6692, iou_t2: 0.6303, iou_t3: 0.5631, iou_t4: 0.6901, iou_t5: 0.5739, loss: 0.1151
2026-05-08 19:03:14,779 - mmdet - INFO - Iter [37525/120000]	lr: 1.000e-04, eta: 1 day, 11:23:27, time: 4.501, data_time: 3.155, memory: 37118, loss_mask: 0.0945, loss_texture: 0.0190, iou: 0.6333, iou_t0: 0.6583, iou_t1: 0.5968, iou_t2: 0.6048, iou_t3: 0.6714, iou_t4: 0.7171, iou_t5: 0.6206, loss: 0.1135
2026-05-08 19:03:48,870 - mmdet - INFO - Iter [37550/120000]	lr: 1.000e-04, eta: 1 day, 11:21:34, time: 1.364, data_time: 0.019, memory: 37118, loss_mask: 0.0903, loss_texture: 0.0179, iou: 0.6035, iou_t0: 0.5824, iou_t1: 0.6108, iou_t2: 0.6376, iou_t3: 0.5343, iou_t4: 0.6488, iou_t5: 0.6329, loss: 0.1082
2026-05-08 19:04:23,123 - mmdet - INFO - Iter [37575/120000]	lr: 1.000e-04, eta: 1 day, 11:19:45, time: 1.370, data_time: 0.019, memory: 37118, loss_mask: 0.1025, loss_texture: 0.0194, iou: 0.6135, iou_t0: 0.6522, iou_t1: 0.6255, iou_t2: 0.5856, iou_t3: 0.6427, iou_t4: 0.4657, iou_t5: 0.6477, loss: 0.1219
2026-05-08 19:04:57,803 - mmdet - INFO - Iter [37600/120000]	lr: 1.000e-04, eta: 1 day, 11:18:04, time: 1.387, data_time: 0.020, memory: 37118, loss_mask: 0.1122, loss_texture: 0.0221, iou: 0.6440, iou_t0: 0.6270, iou_t1: 0.6139, iou_t2: 0.6951, iou_t3: 0.6557, iou_t4: 0.6390, iou_t5: 0.6710, loss: 0.1343
2026-05-08 19:05:32,002 - mmdet - INFO - Iter [37625/120000]	lr: 1.000e-04, eta: 1 day, 11:16:15, time: 1.368, data_time: 0.019, memory: 37118, loss_mask: 0.0956, loss_texture: 0.0193, iou: 0.6016, iou_t0: 0.5886, iou_t1: 0.6302, iou_t2: 0.6255, iou_t3: 0.5658, iou_t4: 0.4892, iou_t5: 0.6431, loss: 0.1149
2026-05-08 19:06:06,135 - mmdet - INFO - Iter [37650/120000]	lr: 1.000e-04, eta: 1 day, 11:14:26, time: 1.365, data_time: 0.019, memory: 37118, loss_mask: 0.0966, loss_texture: 0.0194, iou: 0.6104, iou_t0: 0.6449, iou_t1: 0.5352, iou_t2: 0.5983, iou_t3: 0.6653, iou_t4: 0.6174, iou_t5: 0.5493, loss: 0.1160
2026-05-08 19:06:40,279 - mmdet - INFO - Iter [37675/120000]	lr: 1.000e-04, eta: 1 day, 11:12:38, time: 1.366, data_time: 0.020, memory: 37118, loss_mask: 0.0922, loss_texture: 0.0188, iou: 0.6162, iou_t0: 0.6160, iou_t1: 0.7139, iou_t2: 0.5328, iou_t3: 0.6101, iou_t4: 0.5983, iou_t5: 0.5412, loss: 0.1109
2026-05-08 19:07:14,115 - mmdet - INFO - Iter [37700/120000]	lr: 1.000e-04, eta: 1 day, 11:10:46, time: 1.353, data_time: 0.020, memory: 37118, loss_mask: 0.0909, loss_texture: 0.0180, iou: 0.6221, iou_t0: 0.6457, iou_t1: 0.5972, iou_t2: 0.7085, iou_t3: 0.6146, iou_t4: 0.6813, iou_t5: 0.6319, loss: 0.1089
2026-05-08 19:07:48,573 - mmdet - INFO - Iter [37725/120000]	lr: 1.000e-04, eta: 1 day, 11:09:04, time: 1.378, data_time: 0.019, memory: 37118, loss_mask: 0.0992, loss_texture: 0.0196, iou: 0.6244, iou_t0: 0.6071, iou_t1: 0.6465, iou_t2: 0.6615, iou_t3: 0.6263, iou_t4: 0.6832, iou_t5: 0.5717, loss: 0.1188
2026-05-08 19:08:22,680 - mmdet - INFO - Iter [37750/120000]	lr: 1.000e-04, eta: 1 day, 11:07:18, time: 1.364, data_time: 0.019, memory: 37118, loss_mask: 0.0960, loss_texture: 0.0193, iou: 0.6315, iou_t0: 0.5979, iou_t1: 0.6775, iou_t2: 0.6380, iou_t3: 0.6253, iou_t4: 0.6454, iou_t5: 0.6732, loss: 0.1153
2026-05-08 19:08:56,198 - mmdet - INFO - Iter [37775/120000]	lr: 1.000e-04, eta: 1 day, 11:05:23, time: 1.341, data_time: 0.020, memory: 37118, loss_mask: 0.0894, loss_texture: 0.0181, iou: 0.5929, iou_t0: 0.6184, iou_t1: 0.6470, iou_t2: 0.5225, iou_t3: 0.5496, iou_t4: 0.6471, iou_t5: 0.5905, loss: 0.1075
2026-05-08 19:09:30,696 - mmdet - INFO - Iter [37800/120000]	lr: 1.000e-04, eta: 1 day, 11:03:44, time: 1.380, data_time: 0.020, memory: 37118, loss_mask: 0.1000, loss_texture: 0.0201, iou: 0.6381, iou_t0: 0.6576, iou_t1: 0.6729, iou_t2: 0.5944, iou_t3: 0.6765, iou_t4: 0.5436, iou_t5: 0.7238, loss: 0.1201
2026-05-08 19:10:04,713 - mmdet - INFO - Iter [37825/120000]	lr: 1.000e-04, eta: 1 day, 11:01:58, time: 1.361, data_time: 0.020, memory: 37118, loss_mask: 0.0917, loss_texture: 0.0183, iou: 0.6082, iou_t0: 0.6194, iou_t1: 0.6552, iou_t2: 0.5019, iou_t3: 0.6556, iou_t4: 0.5857, iou_t5: 0.5919, loss: 0.1100
2026-05-08 19:10:39,170 - mmdet - INFO - Iter [37850/120000]	lr: 1.000e-04, eta: 1 day, 11:00:20, time: 1.378, data_time: 0.019, memory: 37118, loss_mask: 0.1301, loss_texture: 0.0199, iou: 0.6132, iou_t0: 0.6278, iou_t1: 0.6400, iou_t2: 0.6296, iou_t3: 0.6487, iou_t4: 0.6264, iou_t5: 0.5594, loss: 0.1500
2026-05-08 19:11:12,918 - mmdet - INFO - Iter [37875/120000]	lr: 1.000e-04, eta: 1 day, 10:58:31, time: 1.350, data_time: 0.020, memory: 37118, loss_mask: 0.1181, loss_texture: 0.0208, iou: 0.5782, iou_t0: 0.6367, iou_t1: 0.5204, iou_t2: 0.4789, iou_t3: 0.5326, iou_t4: 0.5569, iou_t5: 0.6063, loss: 0.1389
2026-05-08 19:11:46,824 - mmdet - INFO - Iter [37900/120000]	lr: 1.000e-04, eta: 1 day, 10:56:45, time: 1.356, data_time: 0.020, memory: 37118, loss_mask: 0.1119, loss_texture: 0.0200, iou: 0.6198, iou_t0: 0.6223, iou_t1: 0.5781, iou_t2: 0.6516, iou_t3: 0.5341, iou_t4: 0.6236, iou_t5: 0.6081, loss: 0.1319
2026-05-08 19:12:20,482 - mmdet - INFO - Iter [37925/120000]	lr: 1.000e-04, eta: 1 day, 10:54:57, time: 1.346, data_time: 0.019, memory: 37118, loss_mask: 0.1108, loss_texture: 0.0210, iou: 0.6090, iou_t0: 0.7240, iou_t1: 0.5808, iou_t2: 0.5295, iou_t3: 0.7545, iou_t4: 0.5808, iou_t5: 0.6188, loss: 0.1318
2026-05-08 19:12:54,384 - mmdet - INFO - Iter [37950/120000]	lr: 1.000e-04, eta: 1 day, 10:53:12, time: 1.356, data_time: 0.019, memory: 37118, loss_mask: 0.1150, loss_texture: 0.0208, iou: 0.6125, iou_t0: 0.6714, iou_t1: 0.6409, iou_t2: 0.5811, iou_t3: 0.5295, iou_t4: 0.6292, iou_t5: 0.6000, loss: 0.1358
2026-05-08 19:13:28,607 - mmdet - INFO - Iter [37975/120000]	lr: 1.000e-04, eta: 1 day, 10:51:33, time: 1.369, data_time: 0.019, memory: 37118, loss_mask: 0.1137, loss_texture: 0.0208, iou: 0.5982, iou_t0: 0.6669, iou_t1: 0.6441, iou_t2: 0.5236, iou_t3: 0.5736, iou_t4: 0.6254, iou_t5: 0.6436, loss: 0.1345
2026-05-08 19:14:02,135 - mmdet - INFO - 
--- Val evaluation at iter 38000 ---
2026-05-08 19:15:19,042 - mmdet - INFO - 
+------------+-------------+-------------+
| Class      | Val IoU     | Pseudo IoU  |
+------------+-------------+-------------+
| background | 86.79       | 93.28       |
| building   | 43.22       | 59.08       |
| Summary    | mIoU: 65.00 | mIoU: 76.18 |
+------------+-------------+-------------+
Images evaluated: 10
2026-05-08 19:15:20,383 - mmdet - INFO - Exp name: exp8_all.py
2026-05-08 19:15:20,384 - mmdet - INFO - Iter [38000/120000]	lr: 1.000e-04, eta: 1 day, 10:49:45, time: 1.341, data_time: 0.020, memory: 37118, val/mIoU: 0.6500, val/IoU.building: 0.4322, val/IoU.background: 0.8679, val/Pseudo_mIoU: 0.7618, loss_mask: 0.0965, loss_texture: 0.0187, iou: 0.6108, iou_t0: 0.6410, iou_t1: 0.5271, iou_t2: 0.6830, iou_t3: 0.6267, iou_t4: 0.6558, iou_t5: 0.6102, loss: 0.1152
2026-05-08 19:15:54,303 - mmdet - INFO - Iter [38025/120000]	lr: 1.000e-04, eta: 1 day, 11:07:23, time: 4.487, data_time: 3.150, memory: 37118, loss_mask: 0.0981, loss_texture: 0.0193, iou: 0.6087, iou_t0: 0.5707, iou_t1: 0.7048, iou_t2: 0.6002, iou_t3: 0.5531, iou_t4: 0.5890, iou_t5: 0.6138, loss: 0.1174
2026-05-08 19:16:28,310 - mmdet - INFO - Iter [38050/120000]	lr: 1.000e-04, eta: 1 day, 11:05:38, time: 1.360, data_time: 0.019, memory: 37118, loss_mask: 0.0984, loss_texture: 0.0193, iou: 0.6295, iou_t0: 0.5949, iou_t1: 0.6298, iou_t2: 0.6897, iou_t3: 0.5744, iou_t4: 0.6186, iou_t5: 0.6785, loss: 0.1178
2026-05-08 19:17:02,548 - mmdet - INFO - Iter [38075/120000]	lr: 1.000e-04, eta: 1 day, 11:03:56, time: 1.370, data_time: 0.020, memory: 37118, loss_mask: 0.0990, loss_texture: 0.0196, iou: 0.6301, iou_t0: 0.6549, iou_t1: 0.6583, iou_t2: 0.6273, iou_t3: 0.6347, iou_t4: 0.6565, iou_t5: 0.6639, loss: 0.1186
2026-05-08 19:17:36,455 - mmdet - INFO - Iter [38100/120000]	lr: 1.000e-04, eta: 1 day, 11:02:10, time: 1.356, data_time: 0.020, memory: 37118, loss_mask: 0.0961, loss_texture: 0.0192, iou: 0.5936, iou_t0: 0.6131, iou_t1: 0.5967, iou_t2: 0.6192, iou_t3: 0.5065, iou_t4: 0.5309, iou_t5: 0.5964, loss: 0.1153
2026-05-08 19:18:10,778 - mmdet - INFO - Iter [38125/120000]	lr: 1.000e-04, eta: 1 day, 11:00:31, time: 1.373, data_time: 0.019, memory: 37118, loss_mask: 0.1061, loss_texture: 0.0203, iou: 0.6563, iou_t0: 0.7798, iou_t1: 0.6517, iou_t2: 0.5481, iou_t3: 0.6628, iou_t4: 0.6930, iou_t5: 0.6639, loss: 0.1264
2026-05-08 19:18:44,283 - mmdet - INFO - Iter [38150/120000]	lr: 1.000e-04, eta: 1 day, 10:58:40, time: 1.340, data_time: 0.019, memory: 37118, loss_mask: 0.0887, loss_texture: 0.0178, iou: 0.6356, iou_t0: 0.6467, iou_t1: 0.6493, iou_t2: 0.7174, iou_t3: 0.5877, iou_t4: 0.6704, iou_t5: 0.5396, loss: 0.1065
2026-05-08 19:19:18,436 - mmdet - INFO - Iter [38175/120000]	lr: 1.000e-04, eta: 1 day, 10:56:59, time: 1.366, data_time: 0.020, memory: 37118, loss_mask: 0.0959, loss_texture: 0.0195, iou: 0.6231, iou_t0: 0.6220, iou_t1: 0.6662, iou_t2: 0.6826, iou_t3: 0.6285, iou_t4: 0.6325, iou_t5: 0.5540, loss: 0.1154
2026-05-08 19:19:52,022 - mmdet - INFO - Iter [38200/120000]	lr: 1.000e-04, eta: 1 day, 10:55:11, time: 1.343, data_time: 0.020, memory: 37118, loss_mask: 0.0915, loss_texture: 0.0183, iou: 0.6147, iou_t0: 0.6883, iou_t1: 0.5740, iou_t2: 0.5777, iou_t3: 0.6111, iou_t4: 0.6295, iou_t5: 0.6666, loss: 0.1097
2026-05-08 19:20:25,653 - mmdet - INFO - Iter [38225/120000]	lr: 1.000e-04, eta: 1 day, 10:53:25, time: 1.345, data_time: 0.019, memory: 37118, loss_mask: 0.0881, loss_texture: 0.0177, iou: 0.5915, iou_t0: 0.6334, iou_t1: 0.5559, iou_t2: 0.6608, iou_t3: 0.5176, iou_t4: 0.5925, iou_t5: 0.6023, loss: 0.1058
2026-05-08 19:20:59,238 - mmdet - INFO - Iter [38250/120000]	lr: 1.000e-04, eta: 1 day, 10:51:38, time: 1.343, data_time: 0.019, memory: 37118, loss_mask: 0.0863, loss_texture: 0.0171, iou: 0.6296, iou_t0: 0.6342, iou_t1: 0.7175, iou_t2: 0.6423, iou_t3: 0.6040, iou_t4: 0.5817, iou_t5: 0.5967, loss: 0.1034
2026-05-08 19:21:33,238 - mmdet - INFO - Iter [38275/120000]	lr: 1.000e-04, eta: 1 day, 10:49:57, time: 1.360, data_time: 0.020, memory: 37118, loss_mask: 0.0984, loss_texture: 0.0200, iou: 0.6347, iou_t0: 0.5568, iou_t1: 0.7071, iou_t2: 0.5899, iou_t3: 0.6037, iou_t4: 0.6574, iou_t5: 0.5742, loss: 0.1183
2026-05-08 19:22:07,101 - mmdet - INFO - Iter [38300/120000]	lr: 1.000e-04, eta: 1 day, 10:48:16, time: 1.354, data_time: 0.020, memory: 37118, loss_mask: 0.0978, loss_texture: 0.0192, iou: 0.6073, iou_t0: 0.6205, iou_t1: 0.5799, iou_t2: 0.6978, iou_t3: 0.5927, iou_t4: 0.6305, iou_t5: 0.5989, loss: 0.1170
2026-05-08 19:22:40,588 - mmdet - INFO - Iter [38325/120000]	lr: 1.000e-04, eta: 1 day, 10:46:29, time: 1.339, data_time: 0.019, memory: 37118, loss_mask: 0.0994, loss_texture: 0.0191, iou: 0.5689, iou_t0: 0.5313, iou_t1: 0.5451, iou_t2: 0.6997, iou_t3: 0.6051, iou_t4: 0.5734, iou_t5: 0.5684, loss: 0.1185
2026-05-08 19:23:14,374 - mmdet - INFO - Iter [38350/120000]	lr: 1.000e-04, eta: 1 day, 10:44:48, time: 1.351, data_time: 0.019, memory: 37118, loss_mask: 0.0916, loss_texture: 0.0188, iou: 0.6488, iou_t0: 0.6908, iou_t1: 0.6473, iou_t2: 0.7143, iou_t3: 0.6894, iou_t4: 0.6494, iou_t5: 0.5857, loss: 0.1104
2026-05-08 19:23:48,732 - mmdet - INFO - Iter [38375/120000]	lr: 1.000e-04, eta: 1 day, 10:43:15, time: 1.374, data_time: 0.020, memory: 37118, loss_mask: 0.0948, loss_texture: 0.0191, iou: 0.5984, iou_t0: 0.6202, iou_t1: 0.6390, iou_t2: 0.5877, iou_t3: 0.6043, iou_t4: 0.4539, iou_t5: 0.5793, loss: 0.1139
2026-05-08 19:24:22,631 - mmdet - INFO - Iter [38400/120000]	lr: 1.000e-04, eta: 1 day, 10:41:36, time: 1.356, data_time: 0.020, memory: 37118, loss_mask: 0.0866, loss_texture: 0.0179, iou: 0.6197, iou_t0: 0.4754, iou_t1: 0.6547, iou_t2: 0.5633, iou_t3: 0.7241, iou_t4: 0.6966, iou_t5: 0.6366, loss: 0.1045
2026-05-08 19:24:56,199 - mmdet - INFO - Iter [38425/120000]	lr: 1.000e-04, eta: 1 day, 10:39:53, time: 1.343, data_time: 0.019, memory: 37118, loss_mask: 0.0944, loss_texture: 0.0186, iou: 0.6051, iou_t0: 0.5795, iou_t1: 0.6925, iou_t2: 0.5540, iou_t3: 0.5549, iou_t4: 0.5937, iou_t5: 0.5731, loss: 0.1130
2026-05-08 19:25:30,076 - mmdet - INFO - Iter [38450/120000]	lr: 1.000e-04, eta: 1 day, 10:38:15, time: 1.355, data_time: 0.019, memory: 37118, loss_mask: 0.0909, loss_texture: 0.0186, iou: 0.6219, iou_t0: 0.5662, iou_t1: 0.6657, iou_t2: 0.7015, iou_t3: 0.5538, iou_t4: 0.5536, iou_t5: 0.6607, loss: 0.1095
2026-05-08 19:26:03,243 - mmdet - INFO - Iter [38475/120000]	lr: 1.000e-04, eta: 1 day, 10:36:27, time: 1.327, data_time: 0.020, memory: 37118, loss_mask: 0.0902, loss_texture: 0.0181, iou: 0.5896, iou_t0: 0.5219, iou_t1: 0.5296, iou_t2: 0.6531, iou_t3: 0.6031, iou_t4: 0.6362, iou_t5: 0.5285, loss: 0.1083
2026-05-08 19:26:37,574 - mmdet - INFO - 
--- Val evaluation at iter 38500 ---
2026-05-08 19:27:54,382 - mmdet - INFO - 
+------------+-------------+-------------+
| Class      | Val IoU     | Pseudo IoU  |
+------------+-------------+-------------+
| background | 89.85       | 93.28       |
| building   | 50.10       | 59.08       |
| Summary    | mIoU: 69.98 | mIoU: 76.18 |
+------------+-------------+-------------+
Images evaluated: 10
2026-05-08 19:27:55,729 - mmdet - INFO - Iter [38500/120000]	lr: 1.000e-04, eta: 1 day, 10:34:57, time: 1.373, data_time: 0.020, memory: 37118, val/mIoU: 0.6998, val/IoU.building: 0.5010, val/IoU.background: 0.8985, val/Pseudo_mIoU: 0.7618, loss_mask: 0.1089, loss_texture: 0.0202, iou: 0.6175, iou_t0: 0.6478, iou_t1: 0.6120, iou_t2: 0.6000, iou_t3: 0.6150, iou_t4: 0.6495, iou_t5: 0.6020, loss: 0.1291
2026-05-08 19:28:30,294 - mmdet - INFO - Iter [38525/120000]	lr: 1.000e-04, eta: 1 day, 10:51:06, time: 4.509, data_time: 3.145, memory: 37118, loss_mask: 0.1070, loss_texture: 0.0203, iou: 0.6356, iou_t0: 0.6778, iou_t1: 0.6611, iou_t2: 0.5329, iou_t3: 0.7266, iou_t4: 0.5976, iou_t5: 0.6011, loss: 0.1272
2026-05-08 19:29:03,863 - mmdet - INFO - Iter [38550/120000]	lr: 1.000e-04, eta: 1 day, 10:49:21, time: 1.343, data_time: 0.019, memory: 37118, loss_mask: 0.0972, loss_texture: 0.0188, iou: 0.5939, iou_t0: 0.5861, iou_t1: 0.5807, iou_t2: 0.6574, iou_t3: 0.5722, iou_t4: 0.5945, iou_t5: 0.4956, loss: 0.1160
2026-05-08 19:29:37,138 - mmdet - INFO - Iter [38575/120000]	lr: 1.000e-04, eta: 1 day, 10:47:33, time: 1.331, data_time: 0.020, memory: 37118, loss_mask: 0.0915, loss_texture: 0.0178, iou: 0.5946, iou_t0: 0.6823, iou_t1: 0.5910, iou_t2: 0.5156, iou_t3: 0.5759, iou_t4: 0.6235, iou_t5: 0.5614, loss: 0.1093
2026-05-08 19:30:11,324 - mmdet - INFO - Iter [38600/120000]	lr: 1.000e-04, eta: 1 day, 10:45:58, time: 1.367, data_time: 0.020, memory: 37118, loss_mask: 0.0932, loss_texture: 0.0194, iou: 0.6548, iou_t0: 0.6846, iou_t1: 0.8294, iou_t2: 0.5984, iou_t3: 0.5367, iou_t4: 0.6076, iou_t5: 0.6432, loss: 0.1126
2026-05-08 19:30:46,378 - mmdet - INFO - Iter [38625/120000]	lr: 1.000e-04, eta: 1 day, 10:44:34, time: 1.402, data_time: 0.019, memory: 37118, loss_mask: 0.0983, loss_texture: 0.0200, iou: 0.6154, iou_t0: 0.5573, iou_t1: 0.7196, iou_t2: 0.6271, iou_t3: 0.6309, iou_t4: 0.6178, iou_t5: 0.5901, loss: 0.1183
2026-05-08 19:31:20,400 - mmdet - INFO - Iter [38650/120000]	lr: 1.000e-04, eta: 1 day, 10:42:58, time: 1.361, data_time: 0.019, memory: 37118, loss_mask: 0.0890, loss_texture: 0.0178, iou: 0.6161, iou_t0: 0.6595, iou_t1: 0.6783, iou_t2: 0.5796, iou_t3: 0.6273, iou_t4: 0.5296, iou_t5: 0.5970, loss: 0.1068
2026-05-08 19:31:54,260 - mmdet - INFO - Iter [38675/120000]	lr: 1.000e-04, eta: 1 day, 10:41:19, time: 1.354, data_time: 0.020, memory: 37118, loss_mask: 0.0926, loss_texture: 0.0181, iou: 0.6163, iou_t0: 0.5877, iou_t1: 0.6591, iou_t2: 0.6459, iou_t3: 0.6191, iou_t4: 0.5933, iou_t5: 0.6118, loss: 0.1107
2026-05-08 19:32:28,188 - mmdet - INFO - Iter [38700/120000]	lr: 1.000e-04, eta: 1 day, 10:39:42, time: 1.357, data_time: 0.020, memory: 37118, loss_mask: 0.0957, loss_texture: 0.0186, iou: 0.6154, iou_t0: 0.6180, iou_t1: 0.5867, iou_t2: 0.6596, iou_t3: 0.6123, iou_t4: 0.6579, iou_t5: 0.6028, loss: 0.1144
2026-05-08 19:33:02,174 - mmdet - INFO - Iter [38725/120000]	lr: 1.000e-04, eta: 1 day, 10:38:07, time: 1.359, data_time: 0.019, memory: 37118, loss_mask: 0.0916, loss_texture: 0.0182, iou: 0.6200, iou_t0: 0.5386, iou_t1: 0.5753, iou_t2: 0.6853, iou_t3: 0.6533, iou_t4: 0.6908, iou_t5: 0.5718, loss: 0.1099
2026-05-08 19:33:36,583 - mmdet - INFO - Iter [38750/120000]	lr: 1.000e-04, eta: 1 day, 10:36:37, time: 1.376, data_time: 0.019, memory: 37118, loss_mask: 0.1090, loss_texture: 0.0205, iou: 0.6429, iou_t0: 0.6329, iou_t1: 0.6489, iou_t2: 0.5579, iou_t3: 0.6070, iou_t4: 0.6677, iou_t5: 0.6954, loss: 0.1295
2026-05-08 19:34:10,291 - mmdet - INFO - Iter [38775/120000]	lr: 1.000e-04, eta: 1 day, 10:34:59, time: 1.348, data_time: 0.020, memory: 37118, loss_mask: 0.0950, loss_texture: 0.0183, iou: 0.5974, iou_t0: 0.6658, iou_t1: 0.5752, iou_t2: 0.5600, iou_t3: 0.5268, iou_t4: 0.7152, iou_t5: 0.5034, loss: 0.1133
2026-05-08 19:34:44,781 - mmdet - INFO - Iter [38800/120000]	lr: 1.000e-04, eta: 1 day, 10:33:31, time: 1.380, data_time: 0.020, memory: 37118, loss_mask: 0.1077, loss_texture: 0.0210, iou: 0.6178, iou_t0: 0.6325, iou_t1: 0.6387, iou_t2: 0.6590, iou_t3: 0.6387, iou_t4: 0.6104, iou_t5: 0.6518, loss: 0.1286
2026-05-08 19:35:18,378 - mmdet - INFO - Iter [38825/120000]	lr: 1.000e-04, eta: 1 day, 10:31:52, time: 1.344, data_time: 0.019, memory: 37118, loss_mask: 0.0965, loss_texture: 0.0190, iou: 0.5970, iou_t0: 0.6442, iou_t1: 0.6210, iou_t2: 0.5740, iou_t3: 0.5749, iou_t4: 0.5561, iou_t5: 0.6576, loss: 0.1155
2026-05-08 19:35:53,164 - mmdet - INFO - Iter [38850/120000]	lr: 1.000e-04, eta: 1 day, 10:30:29, time: 1.391, data_time: 0.019, memory: 37118, loss_mask: 0.0963, loss_texture: 0.0184, iou: 0.6390, iou_t0: 0.6241, iou_t1: 0.6129, iou_t2: 0.5777, iou_t3: 0.6601, iou_t4: 0.6231, iou_t5: 0.6735, loss: 0.1148
2026-05-08 19:36:27,488 - mmdet - INFO - Iter [38875/120000]	lr: 1.000e-04, eta: 1 day, 10:29:01, time: 1.373, data_time: 0.019, memory: 37118, loss_mask: 0.0990, loss_texture: 0.0202, iou: 0.6528, iou_t0: 0.6869, iou_t1: 0.7142, iou_t2: 0.5550, iou_t3: 0.6396, iou_t4: 0.6588, iou_t5: 0.6353, loss: 0.1192
2026-05-08 19:37:01,234 - mmdet - INFO - Iter [38900/120000]	lr: 1.000e-04, eta: 1 day, 10:27:26, time: 1.350, data_time: 0.020, memory: 37118, loss_mask: 0.0938, loss_texture: 0.0184, iou: 0.6099, iou_t0: 0.6450, iou_t1: 0.5947, iou_t2: 0.6001, iou_t3: 0.6055, iou_t4: 0.6759, iou_t5: 0.5927, loss: 0.1121
2026-05-08 19:37:34,940 - mmdet - INFO - Iter [38925/120000]	lr: 1.000e-04, eta: 1 day, 10:25:50, time: 1.348, data_time: 0.019, memory: 37118, loss_mask: 0.0912, loss_texture: 0.0179, iou: 0.6109, iou_t0: 0.5678, iou_t1: 0.7011, iou_t2: 0.5951, iou_t3: 0.6706, iou_t4: 0.6684, iou_t5: 0.4979, loss: 0.1091
2026-05-08 19:38:09,208 - mmdet - INFO - Iter [38950/120000]	lr: 1.000e-04, eta: 1 day, 10:24:22, time: 1.371, data_time: 0.019, memory: 37118, loss_mask: 0.0968, loss_texture: 0.0193, iou: 0.6234, iou_t0: 0.6535, iou_t1: 0.5975, iou_t2: 0.6849, iou_t3: 0.5613, iou_t4: 0.5295, iou_t5: 0.6250, loss: 0.1161
2026-05-08 19:38:42,921 - mmdet - INFO - Iter [38975/120000]	lr: 1.000e-04, eta: 1 day, 10:22:48, time: 1.349, data_time: 0.019, memory: 37118, loss_mask: 0.0936, loss_texture: 0.0191, iou: 0.6268, iou_t0: 0.6379, iou_t1: 0.6922, iou_t2: 0.5977, iou_t3: 0.6291, iou_t4: 0.6440, iou_t5: 0.6266, loss: 0.1127
2026-05-08 19:39:16,603 - mmdet - INFO - 
--- Val evaluation at iter 39000 ---
2026-05-08 19:40:32,849 - mmdet - INFO - 
+------------+-------------+-------------+
| Class      | Val IoU     | Pseudo IoU  |
+------------+-------------+-------------+
| background | 89.77       | 93.28       |
| building   | 50.15       | 59.08       |
| Summary    | mIoU: 69.96 | mIoU: 76.18 |
+------------+-------------+-------------+
Images evaluated: 10
2026-05-08 19:40:34,215 - mmdet - INFO - Exp name: exp8_all.py
2026-05-08 19:40:34,215 - mmdet - INFO - Iter [39000/120000]	lr: 1.000e-04, eta: 1 day, 10:21:14, time: 1.347, data_time: 0.020, memory: 37118, val/mIoU: 0.6996, val/IoU.building: 0.5015, val/IoU.background: 0.8977, val/Pseudo_mIoU: 0.7618, loss_mask: 0.0896, loss_texture: 0.0184, iou: 0.5854, iou_t0: 0.6541, iou_t1: 0.6099, iou_t2: 0.5266, iou_t3: 0.5952, iou_t4: 0.5688, iou_t5: 0.5596, loss: 0.1080
2026-05-08 19:41:08,134 - mmdet - INFO - Iter [39025/120000]	lr: 1.000e-04, eta: 1 day, 10:35:46, time: 4.461, data_time: 3.124, memory: 37118, loss_mask: 0.0949, loss_texture: 0.0192, iou: 0.6355, iou_t0: 0.5885, iou_t1: 0.6248, iou_t2: 0.7081, iou_t3: 0.6066, iou_t4: 0.6102, iou_t5: 0.6121, loss: 0.1141
2026-05-08 19:41:42,181 - mmdet - INFO - Iter [39050/120000]	lr: 1.000e-04, eta: 1 day, 10:34:13, time: 1.362, data_time: 0.019, memory: 37118, loss_mask: 0.0924, loss_texture: 0.0187, iou: 0.6273, iou_t0: 0.7067, iou_t1: 0.6749, iou_t2: 0.7105, iou_t3: 0.6081, iou_t4: 0.5429, iou_t5: 0.6552, loss: 0.1111
2026-05-08 19:42:15,954 - mmdet - INFO - Iter [39075/120000]	lr: 1.000e-04, eta: 1 day, 10:32:37, time: 1.351, data_time: 0.020, memory: 37118, loss_mask: 0.0893, loss_texture: 0.0183, iou: 0.6204, iou_t0: 0.6863, iou_t1: 0.6039, iou_t2: 0.6724, iou_t3: 0.6847, iou_t4: 0.6244, iou_t5: 0.5242, loss: 0.1076
2026-05-08 19:42:50,299 - mmdet - INFO - Iter [39100/120000]	lr: 1.000e-04, eta: 1 day, 10:31:09, time: 1.374, data_time: 0.021, memory: 37118, loss_mask: 0.0953, loss_texture: 0.0195, iou: 0.6244, iou_t0: 0.6163, iou_t1: 0.6287, iou_t2: 0.6499, iou_t3: 0.6893, iou_t4: 0.6040, iou_t5: 0.6158, loss: 0.1148
2026-05-08 19:43:24,384 - mmdet - INFO - Iter [39125/120000]	lr: 1.000e-04, eta: 1 day, 10:29:37, time: 1.363, data_time: 0.019, memory: 37118, loss_mask: 0.0998, loss_texture: 0.0200, iou: 0.6422, iou_t0: 0.6723, iou_t1: 0.6141, iou_t2: 0.6450, iou_t3: 0.6025, iou_t4: 0.6407, iou_t5: 0.6146, loss: 0.1197
2026-05-08 19:43:57,467 - mmdet - INFO - Iter [39150/120000]	lr: 1.000e-04, eta: 1 day, 10:27:55, time: 1.323, data_time: 0.019, memory: 37118, loss_mask: 0.0833, loss_texture: 0.0162, iou: 0.6168, iou_t0: 0.5681, iou_t1: 0.6743, iou_t2: 0.6883, iou_t3: 0.7090, iou_t4: 0.5505, iou_t5: 0.5645, loss: 0.0994
2026-05-08 19:44:31,983 - mmdet - INFO - Iter [39175/120000]	lr: 1.000e-04, eta: 1 day, 10:26:30, time: 1.381, data_time: 0.019, memory: 37118, loss_mask: 0.0966, loss_texture: 0.0192, iou: 0.6357, iou_t0: 0.6797, iou_t1: 0.5872, iou_t2: 0.6886, iou_t3: 0.6485, iou_t4: 0.7045, iou_t5: 0.5867, loss: 0.1158
2026-05-08 19:45:06,336 - mmdet - INFO - Iter [39200/120000]	lr: 1.000e-04, eta: 1 day, 10:25:03, time: 1.374, data_time: 0.020, memory: 37118, loss_mask: 0.1006, loss_texture: 0.0196, iou: 0.6408, iou_t0: 0.5930, iou_t1: 0.6571, iou_t2: 0.6680, iou_t3: 0.7603, iou_t4: 0.5666, iou_t5: 0.6133, loss: 0.1202
2026-05-08 19:45:39,436 - mmdet - INFO - Iter [39225/120000]	lr: 1.000e-04, eta: 1 day, 10:23:22, time: 1.324, data_time: 0.019, memory: 37118, loss_mask: 0.0868, loss_texture: 0.0174, iou: 0.5903, iou_t0: 0.5724, iou_t1: 0.5954, iou_t2: 0.5182, iou_t3: 0.5963, iou_t4: 0.6362, iou_t5: 0.5930, loss: 0.1042
2026-05-08 19:46:12,596 - mmdet - INFO - Iter [39250/120000]	lr: 1.000e-04, eta: 1 day, 10:21:42, time: 1.326, data_time: 0.019, memory: 37118, loss_mask: 0.0926, loss_texture: 0.0181, iou: 0.5831, iou_t0: 0.6246, iou_t1: 0.6779, iou_t2: 0.5181, iou_t3: 0.5359, iou_t4: 0.5500, iou_t5: 0.5668, loss: 0.1107
2026-05-08 19:46:46,662 - mmdet - INFO - Iter [39275/120000]	lr: 1.000e-04, eta: 1 day, 10:20:13, time: 1.363, data_time: 0.020, memory: 37118, loss_mask: 0.1015, loss_texture: 0.0204, iou: 0.6423, iou_t0: 0.7512, iou_t1: 0.6456, iou_t2: 0.5943, iou_t3: 0.6626, iou_t4: 0.6160, iou_t5: 0.6217, loss: 0.1219
2026-05-08 19:47:20,920 - mmdet - INFO - Iter [39300/120000]	lr: 1.000e-04, eta: 1 day, 10:18:47, time: 1.370, data_time: 0.021, memory: 37118, loss_mask: 0.0957, loss_texture: 0.0191, iou: 0.6351, iou_t0: 0.7474, iou_t1: 0.6276, iou_t2: 0.5951, iou_t3: 0.5768, iou_t4: 0.6856, iou_t5: 0.6098, loss: 0.1148
2026-05-08 19:47:55,047 - mmdet - INFO - Iter [39325/120000]	lr: 1.000e-04, eta: 1 day, 10:17:20, time: 1.365, data_time: 0.019, memory: 37118, loss_mask: 0.0887, loss_texture: 0.0181, iou: 0.6257, iou_t0: 0.7428, iou_t1: 0.6106, iou_t2: 0.5837, iou_t3: 0.6750, iou_t4: 0.5803, iou_t5: 0.4998, loss: 0.1068
2026-05-08 19:48:29,411 - mmdet - INFO - Iter [39350/120000]	lr: 1.000e-04, eta: 1 day, 10:15:56, time: 1.375, data_time: 0.019, memory: 37118, loss_mask: 0.0895, loss_texture: 0.0182, iou: 0.6075, iou_t0: 0.6112, iou_t1: 0.6748, iou_t2: 0.6211, iou_t3: 0.5848, iou_t4: 0.5064, iou_t5: 0.5419, loss: 0.1077
2026-05-08 19:49:03,298 - mmdet - INFO - Iter [39375/120000]	lr: 1.000e-04, eta: 1 day, 10:14:27, time: 1.355, data_time: 0.020, memory: 37118, loss_mask: 0.1025, loss_texture: 0.0193, iou: 0.5832, iou_t0: 0.5950, iou_t1: 0.6344, iou_t2: 0.6144, iou_t3: 0.5466, iou_t4: 0.5148, iou_t5: 0.5864, loss: 0.1218
2026-05-08 19:49:36,225 - mmdet - INFO - Iter [39400/120000]	lr: 1.000e-04, eta: 1 day, 10:12:47, time: 1.317, data_time: 0.020, memory: 37118, loss_mask: 0.0921, loss_texture: 0.0178, iou: 0.5965, iou_t0: 0.6249, iou_t1: 0.5583, iou_t2: 0.5773, iou_t3: 0.4972, iou_t4: 0.6961, iou_t5: 0.5918, loss: 0.1099
2026-05-08 19:50:09,616 - mmdet - INFO - Iter [39425/120000]	lr: 1.000e-04, eta: 1 day, 10:11:12, time: 1.336, data_time: 0.019, memory: 37118, loss_mask: 0.0984, loss_texture: 0.0195, iou: 0.5920, iou_t0: 0.6985, iou_t1: 0.6184, iou_t2: 0.5402, iou_t3: 0.6423, iou_t4: 0.5079, iou_t5: 0.4923, loss: 0.1179
2026-05-08 19:50:43,982 - mmdet - INFO - Iter [39450/120000]	lr: 1.000e-04, eta: 1 day, 10:09:50, time: 1.375, data_time: 0.019, memory: 37118, loss_mask: 0.1057, loss_texture: 0.0206, iou: 0.6453, iou_t0: 0.6812, iou_t1: 0.7511, iou_t2: 0.5685, iou_t3: 0.5709, iou_t4: 0.6184, iou_t5: 0.5803, loss: 0.1263
2026-05-08 19:51:17,834 - mmdet - INFO - Iter [39475/120000]	lr: 1.000e-04, eta: 1 day, 10:08:22, time: 1.354, data_time: 0.020, memory: 37118, loss_mask: 0.0979, loss_texture: 0.0187, iou: 0.6074, iou_t0: 0.5883, iou_t1: 0.5740, iou_t2: 0.6788, iou_t3: 0.6612, iou_t4: 0.6315, iou_t5: 0.6286, loss: 0.1166
2026-05-08 19:51:52,483 - mmdet - INFO - 
--- Val evaluation at iter 39500 ---
2026-05-08 19:53:08,929 - mmdet - INFO - 
+------------+-------------+-------------+
| Class      | Val IoU     | Pseudo IoU  |
+------------+-------------+-------------+
| background | 88.74       | 93.28       |
| building   | 47.72       | 59.08       |
| Summary    | mIoU: 68.23 | mIoU: 76.18 |
+------------+-------------+-------------+
Images evaluated: 10
2026-05-08 19:53:10,295 - mmdet - INFO - Iter [39500/120000]	lr: 1.000e-04, eta: 1 day, 10:07:03, time: 1.386, data_time: 0.020, memory: 37118, val/mIoU: 0.6823, val/IoU.building: 0.4772, val/IoU.background: 0.8874, val/Pseudo_mIoU: 0.7618, loss_mask: 0.0964, loss_texture: 0.0196, iou: 0.6416, iou_t0: 0.6319, iou_t1: 0.5819, iou_t2: 0.6496, iou_t3: 0.6792, iou_t4: 0.7380, iou_t5: 0.5349, loss: 0.1160
2026-05-08 19:53:43,443 - mmdet - INFO - Iter [39525/120000]	lr: 1.000e-04, eta: 1 day, 10:20:19, time: 4.438, data_time: 3.132, memory: 37118, loss_mask: 0.0801, loss_texture: 0.0162, iou: 0.5846, iou_t0: 0.6520, iou_t1: 0.5758, iou_t2: 0.5877, iou_t3: 0.6004, iou_t4: 0.6434, iou_t5: 0.5775, loss: 0.0964
2026-05-08 19:54:17,098 - mmdet - INFO - Iter [39550/120000]	lr: 1.000e-04, eta: 1 day, 10:18:47, time: 1.346, data_time: 0.019, memory: 37118, loss_mask: 0.0925, loss_texture: 0.0181, iou: 0.5813, iou_t0: 0.5613, iou_t1: 0.6257, iou_t2: 0.6477, iou_t3: 0.5565, iou_t4: 0.5469, iou_t5: 0.5157, loss: 0.1106
2026-05-08 19:54:51,583 - mmdet - INFO - Iter [39575/120000]	lr: 1.000e-04, eta: 1 day, 10:17:24, time: 1.379, data_time: 0.020, memory: 37118, loss_mask: 0.0987, loss_texture: 0.0195, iou: 0.6655, iou_t0: 0.6686, iou_t1: 0.6758, iou_t2: 0.6578, iou_t3: 0.7129, iou_t4: 0.5800, iou_t5: 0.6048, loss: 0.1182
2026-05-08 19:55:25,821 - mmdet - INFO - Iter [39600/120000]	lr: 1.000e-04, eta: 1 day, 10:15:59, time: 1.369, data_time: 0.021, memory: 37118, loss_mask: 0.0897, loss_texture: 0.0179, iou: 0.5870, iou_t0: 0.6446, iou_t1: 0.6065, iou_t2: 0.6162, iou_t3: 0.4911, iou_t4: 0.5688, iou_t5: 0.5631, loss: 0.1076
2026-05-08 19:55:59,873 - mmdet - INFO - Iter [39625/120000]	lr: 1.000e-04, eta: 1 day, 10:14:32, time: 1.362, data_time: 0.020, memory: 37118, loss_mask: 0.0985, loss_texture: 0.0201, iou: 0.6154, iou_t0: 0.6712, iou_t1: 0.5983, iou_t2: 0.6566, iou_t3: 0.5422, iou_t4: 0.6347, iou_t5: 0.6103, loss: 0.1186
2026-05-08 19:56:34,752 - mmdet - INFO - Iter [39650/120000]	lr: 1.000e-04, eta: 1 day, 10:13:15, time: 1.395, data_time: 0.020, memory: 37118, loss_mask: 0.0891, loss_texture: 0.0180, iou: 0.6151, iou_t0: 0.6108, iou_t1: 0.6889, iou_t2: 0.7228, iou_t3: 0.6074, iou_t4: 0.4971, iou_t5: 0.5725, loss: 0.1070
2026-05-08 19:57:08,488 - mmdet - INFO - Iter [39675/120000]	lr: 1.000e-04, eta: 1 day, 10:11:45, time: 1.349, data_time: 0.020, memory: 37118, loss_mask: 0.0868, loss_texture: 0.0173, iou: 0.6119, iou_t0: 0.5932, iou_t1: 0.6662, iou_t2: 0.6342, iou_t3: 0.5658, iou_t4: 0.6821, iou_t5: 0.5338, loss: 0.1041
2026-05-08 19:57:42,758 - mmdet - INFO - Iter [39700/120000]	lr: 1.000e-04, eta: 1 day, 10:10:21, time: 1.371, data_time: 0.020, memory: 37118, loss_mask: 0.0987, loss_texture: 0.0197, iou: 0.6345, iou_t0: 0.6045, iou_t1: 0.6210, iou_t2: 0.7095, iou_t3: 0.5946, iou_t4: 0.5936, iou_t5: 0.6610, loss: 0.1184
2026-05-08 19:58:16,358 - mmdet - INFO - Iter [39725/120000]	lr: 1.000e-04, eta: 1 day, 10:08:51, time: 1.344, data_time: 0.019, memory: 37118, loss_mask: 0.0920, loss_texture: 0.0182, iou: 0.6127, iou_t0: 0.6077, iou_t1: 0.5982, iou_t2: 0.5908, iou_t3: 0.6253, iou_t4: 0.6748, iou_t5: 0.6392, loss: 0.1103
2026-05-08 19:58:50,795 - mmdet - INFO - Iter [39750/120000]	lr: 1.000e-04, eta: 1 day, 10:07:30, time: 1.377, data_time: 0.019, memory: 37118, loss_mask: 0.0996, loss_texture: 0.0197, iou: 0.6480, iou_t0: 0.7020, iou_t1: 0.6755, iou_t2: 0.6888, iou_t3: 0.6809, iou_t4: 0.6013, iou_t5: 0.6587, loss: 0.1193
2026-05-08 19:59:24,702 - mmdet - INFO - Iter [39775/120000]	lr: 1.000e-04, eta: 1 day, 10:06:04, time: 1.356, data_time: 0.020, memory: 37118, loss_mask: 0.0885, loss_texture: 0.0179, iou: 0.6326, iou_t0: 0.6411, iou_t1: 0.6453, iou_t2: 0.6779, iou_t3: 0.6542, iou_t4: 0.6352, iou_t5: 0.5847, loss: 0.1063
2026-05-08 19:59:58,818 - mmdet - INFO - Iter [39800/120000]	lr: 1.000e-04, eta: 1 day, 10:04:40, time: 1.365, data_time: 0.020, memory: 37118, loss_mask: 0.0874, loss_texture: 0.0184, iou: 0.6339, iou_t0: 0.6936, iou_t1: 0.5631, iou_t2: 0.6861, iou_t3: 0.6627, iou_t4: 0.5796, iou_t5: 0.6069, loss: 0.1058
2026-05-08 20:00:32,492 - mmdet - INFO - Iter [39825/120000]	lr: 1.000e-04, eta: 1 day, 10:03:12, time: 1.347, data_time: 0.019, memory: 37118, loss_mask: 0.0946, loss_texture: 0.0197, iou: 0.6346, iou_t0: 0.6892, iou_t1: 0.6588, iou_t2: 0.7291, iou_t3: 0.6643, iou_t4: 0.5363, iou_t5: 0.6565, loss: 0.1143
2026-05-08 20:01:06,999 - mmdet - INFO - Iter [39850/120000]	lr: 1.000e-04, eta: 1 day, 10:01:53, time: 1.380, data_time: 0.019, memory: 37118, loss_mask: 0.0933, loss_texture: 0.0190, iou: 0.6371, iou_t0: 0.5916, iou_t1: 0.7349, iou_t2: 0.7165, iou_t3: 0.6008, iou_t4: 0.5277, iou_t5: 0.6488, loss: 0.1123
2026-05-08 20:01:41,228 - mmdet - INFO - Iter [39875/120000]	lr: 1.000e-04, eta: 1 day, 10:00:31, time: 1.369, data_time: 0.020, memory: 37118, loss_mask: 0.0937, loss_texture: 0.0192, iou: 0.6308, iou_t0: 0.7028, iou_t1: 0.5795, iou_t2: 0.6133, iou_t3: 0.6788, iou_t4: 0.6137, iou_t5: 0.6119, loss: 0.1128
2026-05-08 20:02:15,813 - mmdet - INFO - Iter [39900/120000]	lr: 1.000e-04, eta: 1 day, 9:59:14, time: 1.383, data_time: 0.020, memory: 37118, loss_mask: 0.0990, loss_texture: 0.0191, iou: 0.6194, iou_t0: 0.4746, iou_t1: 0.6461, iou_t2: 0.6131, iou_t3: 0.7638, iou_t4: 0.6566, iou_t5: 0.5749, loss: 0.1181
2026-05-08 20:02:49,373 - mmdet - INFO - Iter [39925/120000]	lr: 1.000e-04, eta: 1 day, 9:57:46, time: 1.342, data_time: 0.019, memory: 37118, loss_mask: 0.0917, loss_texture: 0.0189, iou: 0.6257, iou_t0: 0.7150, iou_t1: 0.6230, iou_t2: 0.6457, iou_t3: 0.6812, iou_t4: 0.6551, iou_t5: 0.4835, loss: 0.1107
2026-05-08 20:03:23,177 - mmdet - INFO - Iter [39950/120000]	lr: 1.000e-04, eta: 1 day, 9:56:21, time: 1.352, data_time: 0.019, memory: 37118, loss_mask: 0.0923, loss_texture: 0.0185, iou: 0.5954, iou_t0: 0.6948, iou_t1: 0.6001, iou_t2: 0.6347, iou_t3: 0.5360, iou_t4: 0.5003, iou_t5: 0.5723, loss: 0.1108
2026-05-08 20:03:57,325 - mmdet - INFO - Iter [39975/120000]	lr: 1.000e-04, eta: 1 day, 9:55:00, time: 1.366, data_time: 0.020, memory: 37118, loss_mask: 0.0976, loss_texture: 0.0196, iou: 0.6431, iou_t0: 0.6752, iou_t1: 0.5345, iou_t2: 0.6488, iou_t3: 0.6218, iou_t4: 0.6143, iou_t5: 0.6648, loss: 0.1172
2026-05-08 20:04:31,816 - mmdet - INFO - 
--- Val evaluation at iter 40000 ---
2026-05-08 20:05:48,462 - mmdet - INFO - 
+------------+-------------+-------------+
| Class      | Val IoU     | Pseudo IoU  |
+------------+-------------+-------------+
| background | 87.24       | 93.28       |
| building   | 44.66       | 59.08       |
| Summary    | mIoU: 65.95 | mIoU: 76.18 |
+------------+-------------+-------------+
Images evaluated: 10
2026-05-08 20:05:49,799 - mmdet - INFO - Exp name: exp8_all.py
2026-05-08 20:05:49,799 - mmdet - INFO - Iter [40000/120000]	lr: 1.000e-04, eta: 1 day, 9:53:43, time: 1.380, data_time: 0.020, memory: 37118, val/mIoU: 0.6595, val/IoU.building: 0.4466, val/IoU.background: 0.8724, val/Pseudo_mIoU: 0.7618, loss_mask: 0.1018, loss_texture: 0.0201, iou: 0.6551, iou_t0: 0.6930, iou_t1: 0.6133, iou_t2: 0.7260, iou_t3: 0.6469, iou_t4: 0.6763, iou_t5: 0.6038, loss: 0.1218
2026-05-08 20:06:23,829 - mmdet - INFO - Iter [40025/120000]	lr: 1.000e-04, eta: 1 day, 10:06:10, time: 4.480, data_time: 3.138, memory: 37118, loss_mask: 0.0948, loss_texture: 0.0184, iou: 0.5996, iou_t0: 0.6796, iou_t1: 0.5985, iou_t2: 0.5373, iou_t3: 0.5871, iou_t4: 0.7187, iou_t5: 0.5181, loss: 0.1132
2026-05-08 20:06:57,379 - mmdet - INFO - Iter [40050/120000]	lr: 1.000e-04, eta: 1 day, 10:04:40, time: 1.342, data_time: 0.019, memory: 37118, loss_mask: 0.0882, loss_texture: 0.0177, iou: 0.5809, iou_t0: 0.5574, iou_t1: 0.5567, iou_t2: 0.6703, iou_t3: 0.6232, iou_t4: 0.5867, iou_t5: 0.6330, loss: 0.1058
2026-05-08 20:07:31,226 - mmdet - INFO - Iter [40075/120000]	lr: 1.000e-04, eta: 1 day, 10:03:14, time: 1.354, data_time: 0.020, memory: 37118, loss_mask: 0.0943, loss_texture: 0.0192, iou: 0.6398, iou_t0: 0.6885, iou_t1: 0.6269, iou_t2: 0.5783, iou_t3: 0.6526, iou_t4: 0.6903, iou_t5: 0.5638, loss: 0.1134
2026-05-08 20:08:04,981 - mmdet - INFO - Iter [40100/120000]	lr: 1.000e-04, eta: 1 day, 10:01:47, time: 1.350, data_time: 0.020, memory: 37118, loss_mask: 0.0974, loss_texture: 0.0194, iou: 0.6411, iou_t0: 0.6465, iou_t1: 0.6157, iou_t2: 0.5828, iou_t3: 0.7244, iou_t4: 0.6919, iou_t5: 0.5966, loss: 0.1168
2026-05-08 20:08:38,862 - mmdet - INFO - Iter [40125/120000]	lr: 1.000e-04, eta: 1 day, 10:00:23, time: 1.355, data_time: 0.019, memory: 37118, loss_mask: 0.0946, loss_texture: 0.0190, iou: 0.6209, iou_t0: 0.5952, iou_t1: 0.6474, iou_t2: 0.6058, iou_t3: 0.5992, iou_t4: 0.6206, iou_t5: 0.6457, loss: 0.1136
2026-05-08 20:09:12,548 - mmdet - INFO - Iter [40150/120000]	lr: 1.000e-04, eta: 1 day, 9:58:56, time: 1.347, data_time: 0.019, memory: 37118, loss_mask: 0.0851, loss_texture: 0.0173, iou: 0.5863, iou_t0: 0.6192, iou_t1: 0.5963, iou_t2: 0.5799, iou_t3: 0.5444, iou_t4: 0.5300, iou_t5: 0.6690, loss: 0.1024
2026-05-08 20:09:45,682 - mmdet - INFO - Iter [40175/120000]	lr: 1.000e-04, eta: 1 day, 9:57:24, time: 1.325, data_time: 0.020, memory: 37118, loss_mask: 0.0842, loss_texture: 0.0176, iou: 0.6208, iou_t0: 0.6475, iou_t1: 0.6092, iou_t2: 0.5930, iou_t3: 0.6120, iou_t4: 0.5695, iou_t5: 0.6142, loss: 0.1019
2026-05-08 20:10:19,807 - mmdet - INFO - Iter [40200/120000]	lr: 1.000e-04, eta: 1 day, 9:56:02, time: 1.365, data_time: 0.021, memory: 37118, loss_mask: 0.0945, loss_texture: 0.0198, iou: 0.6576, iou_t0: 0.7392, iou_t1: 0.7045, iou_t2: 0.6490, iou_t3: 0.6015, iou_t4: 0.6006, iou_t5: 0.6398, loss: 0.1143
2026-05-08 20:10:53,906 - mmdet - INFO - Iter [40225/120000]	lr: 1.000e-04, eta: 1 day, 9:54:41, time: 1.364, data_time: 0.019, memory: 37118, loss_mask: 0.0981, loss_texture: 0.0200, iou: 0.6236, iou_t0: 0.6368, iou_t1: 0.6387, iou_t2: 0.6666, iou_t3: 0.6301, iou_t4: 0.6411, iou_t5: 0.7134, loss: 0.1181
2026-05-08 20:11:27,988 - mmdet - INFO - Iter [40250/120000]	lr: 1.000e-04, eta: 1 day, 9:53:20, time: 1.363, data_time: 0.019, memory: 37118, loss_mask: 0.0872, loss_texture: 0.0177, iou: 0.6074, iou_t0: 0.6854, iou_t1: 0.6872, iou_t2: 0.6533, iou_t3: 0.5465, iou_t4: 0.5754, iou_t5: 0.6057, loss: 0.1048
2026-05-08 20:12:02,194 - mmdet - INFO - Iter [40275/120000]	lr: 1.000e-04, eta: 1 day, 9:52:00, time: 1.368, data_time: 0.020, memory: 37118, loss_mask: 0.0921, loss_texture: 0.0188, iou: 0.6062, iou_t0: 0.5598, iou_t1: 0.6748, iou_t2: 0.5717, iou_t3: 0.5999, iou_t4: 0.6147, iou_t5: 0.5441, loss: 0.1109
2026-05-08 20:12:36,284 - mmdet - INFO - Iter [40300/120000]	lr: 1.000e-04, eta: 1 day, 9:50:40, time: 1.364, data_time: 0.020, memory: 37118, loss_mask: 0.0968, loss_texture: 0.0189, iou: 0.6139, iou_t0: 0.6605, iou_t1: 0.5859, iou_t2: 0.6134, iou_t3: 0.5622, iou_t4: 0.5880, iou_t5: 0.5963, loss: 0.1157
2026-05-08 20:13:10,234 - mmdet - INFO - Iter [40325/120000]	lr: 1.000e-04, eta: 1 day, 9:49:18, time: 1.358, data_time: 0.019, memory: 37118, loss_mask: 0.0907, loss_texture: 0.0176, iou: 0.6082, iou_t0: 0.6203, iou_t1: 0.5915, iou_t2: 0.6486, iou_t3: 0.6479, iou_t4: 0.6239, iou_t5: 0.5784, loss: 0.1084
2026-05-08 20:13:44,926 - mmdet - INFO - Iter [40350/120000]	lr: 1.000e-04, eta: 1 day, 9:48:04, time: 1.388, data_time: 0.019, memory: 37118, loss_mask: 0.0987, loss_texture: 0.0199, iou: 0.6281, iou_t0: 0.6550, iou_t1: 0.6399, iou_t2: 0.6514, iou_t3: 0.5840, iou_t4: 0.6467, iou_t5: 0.6068, loss: 0.1186
2026-05-08 20:14:18,912 - mmdet - INFO - Iter [40375/120000]	lr: 1.000e-04, eta: 1 day, 9:46:43, time: 1.359, data_time: 0.020, memory: 37118, loss_mask: 0.0925, loss_texture: 0.0187, iou: 0.6555, iou_t0: 0.6660, iou_t1: 0.7185, iou_t2: 0.6896, iou_t3: 0.6723, iou_t4: 0.6594, iou_t5: 0.6344, loss: 0.1112
2026-05-08 20:14:52,548 - mmdet - INFO - Iter [40400/120000]	lr: 1.000e-04, eta: 1 day, 9:45:19, time: 1.345, data_time: 0.020, memory: 37118, loss_mask: 0.0921, loss_texture: 0.0184, iou: 0.5897, iou_t0: 0.5647, iou_t1: 0.6600, iou_t2: 0.5180, iou_t3: 0.5715, iou_t4: 0.6413, iou_t5: 0.6248, loss: 0.1105
2026-05-08 20:15:26,603 - mmdet - INFO - Iter [40425/120000]	lr: 1.000e-04, eta: 1 day, 9:44:00, time: 1.362, data_time: 0.019, memory: 37118, loss_mask: 0.0945, loss_texture: 0.0196, iou: 0.6437, iou_t0: 0.7177, iou_t1: 0.6464, iou_t2: 0.7046, iou_t3: 0.6654, iou_t4: 0.6257, iou_t5: 0.5410, loss: 0.1141
2026-05-08 20:15:59,894 - mmdet - INFO - Iter [40450/120000]	lr: 1.000e-04, eta: 1 day, 9:42:33, time: 1.332, data_time: 0.019, memory: 37118, loss_mask: 0.0918, loss_texture: 0.0173, iou: 0.5835, iou_t0: 0.6733, iou_t1: 0.4966, iou_t2: 0.5596, iou_t3: 0.5586, iou_t4: 0.6160, iou_t5: 0.6562, loss: 0.1091
2026-05-08 20:16:33,798 - mmdet - INFO - Iter [40475/120000]	lr: 1.000e-04, eta: 1 day, 9:41:13, time: 1.356, data_time: 0.020, memory: 37118, loss_mask: 0.0932, loss_texture: 0.0183, iou: 0.6170, iou_t0: 0.6684, iou_t1: 0.6445, iou_t2: 0.6006, iou_t3: 0.5781, iou_t4: 0.5818, iou_t5: 0.6459, loss: 0.1115
2026-05-08 20:17:07,827 - mmdet - INFO - 
--- Val evaluation at iter 40500 ---
2026-05-08 20:18:24,144 - mmdet - INFO - 
+------------+-------------+-------------+
| Class      | Val IoU     | Pseudo IoU  |
+------------+-------------+-------------+
| background | 90.59       | 93.28       |
| building   | 52.05       | 59.08       |
| Summary    | mIoU: 71.32 | mIoU: 76.18 |
+------------+-------------+-------------+
Images evaluated: 10
2026-05-08 20:18:25,500 - mmdet - INFO - Iter [40500/120000]	lr: 1.000e-04, eta: 1 day, 9:39:54, time: 1.361, data_time: 0.020, memory: 37118, val/mIoU: 0.7132, val/IoU.building: 0.5205, val/IoU.background: 0.9059, val/Pseudo_mIoU: 0.7618, loss_mask: 0.0991, loss_texture: 0.0195, iou: 0.5981, iou_t0: 0.5304, iou_t1: 0.6643, iou_t2: 0.6567, iou_t3: 0.6168, iou_t4: 0.6149, iou_t5: 0.5664, loss: 0.1186
2026-05-08 20:18:59,267 - mmdet - INFO - Iter [40525/120000]	lr: 1.000e-04, eta: 1 day, 9:51:22, time: 4.458, data_time: 3.126, memory: 37118, loss_mask: 0.0904, loss_texture: 0.0187, iou: 0.6374, iou_t0: 0.6016, iou_t1: 0.5842, iou_t2: 0.8000, iou_t3: 0.6844, iou_t4: 0.5568, iou_t5: 0.5858, loss: 0.1091
2026-05-08 20:19:33,321 - mmdet - INFO - Iter [40550/120000]	lr: 1.000e-04, eta: 1 day, 9:50:01, time: 1.362, data_time: 0.020, memory: 37118, loss_mask: 0.0904, loss_texture: 0.0184, iou: 0.6169, iou_t0: 0.6588, iou_t1: 0.6876, iou_t2: 0.6004, iou_t3: 0.5558, iou_t4: 0.6210, iou_t5: 0.6237, loss: 0.1088
2026-05-08 20:20:07,377 - mmdet - INFO - Iter [40575/120000]	lr: 1.000e-04, eta: 1 day, 9:48:41, time: 1.362, data_time: 0.020, memory: 37118, loss_mask: 0.0911, loss_texture: 0.0184, iou: 0.6371, iou_t0: 0.6277, iou_t1: 0.6927, iou_t2: 0.6981, iou_t3: 0.6494, iou_t4: 0.6051, iou_t5: 0.6032, loss: 0.1096
2026-05-08 20:20:41,086 - mmdet - INFO - Iter [40600/120000]	lr: 1.000e-04, eta: 1 day, 9:47:18, time: 1.348, data_time: 0.020, memory: 37118, loss_mask: 0.0936, loss_texture: 0.0186, iou: 0.5969, iou_t0: 0.6396, iou_t1: 0.5817, iou_t2: 0.6087, iou_t3: 0.6965, iou_t4: 0.5375, iou_t5: 0.5742, loss: 0.1123
2026-05-08 20:21:14,877 - mmdet - INFO - Iter [40625/120000]	lr: 1.000e-04, eta: 1 day, 9:45:55, time: 1.352, data_time: 0.019, memory: 37118, loss_mask: 0.0900, loss_texture: 0.0179, iou: 0.6046, iou_t0: 0.6230, iou_t1: 0.6956, iou_t2: 0.6061, iou_t3: 0.6157, iou_t4: 0.6197, iou_t5: 0.5423, loss: 0.1079
2026-05-08 20:21:49,147 - mmdet - INFO - Iter [40650/120000]	lr: 1.000e-04, eta: 1 day, 9:44:38, time: 1.371, data_time: 0.019, memory: 37118, loss_mask: 0.0918, loss_texture: 0.0191, iou: 0.6300, iou_t0: 0.6290, iou_t1: 0.6115, iou_t2: 0.6116, iou_t3: 0.5839, iou_t4: 0.6072, iou_t5: 0.6878, loss: 0.1109
2026-05-08 20:22:23,186 - mmdet - INFO - Iter [40675/120000]	lr: 1.000e-04, eta: 1 day, 9:43:19, time: 1.362, data_time: 0.020, memory: 37118, loss_mask: 0.0950, loss_texture: 0.0190, iou: 0.6443, iou_t0: 0.6105, iou_t1: 0.6590, iou_t2: 0.6753, iou_t3: 0.5962, iou_t4: 0.7003, iou_t5: 0.6839, loss: 0.1141
2026-05-08 20:22:57,818 - mmdet - INFO - Iter [40700/120000]	lr: 1.000e-04, eta: 1 day, 9:42:05, time: 1.385, data_time: 0.020, memory: 37118, loss_mask: 0.0916, loss_texture: 0.0189, iou: 0.6386, iou_t0: 0.6055, iou_t1: 0.5343, iou_t2: 0.6973, iou_t3: 0.6651, iou_t4: 0.7337, iou_t5: 0.6658, loss: 0.1106
2026-05-08 20:23:32,096 - mmdet - INFO - Iter [40725/120000]	lr: 1.000e-04, eta: 1 day, 9:40:49, time: 1.371, data_time: 0.019, memory: 37118, loss_mask: 0.0954, loss_texture: 0.0199, iou: 0.6257, iou_t0: 0.6508, iou_t1: 0.6321, iou_t2: 0.6827, iou_t3: 0.5975, iou_t4: 0.5644, iou_t5: 0.6336, loss: 0.1153
2026-05-08 20:24:06,574 - mmdet - INFO - Iter [40750/120000]	lr: 1.000e-04, eta: 1 day, 9:39:34, time: 1.379, data_time: 0.019, memory: 37118, loss_mask: 0.0927, loss_texture: 0.0187, iou: 0.6612, iou_t0: 0.6560, iou_t1: 0.5755, iou_t2: 0.7429, iou_t3: 0.6349, iou_t4: 0.6763, iou_t5: 0.6838, loss: 0.1114
2026-05-08 20:24:40,345 - mmdet - INFO - Iter [40775/120000]	lr: 1.000e-04, eta: 1 day, 9:38:13, time: 1.351, data_time: 0.020, memory: 37118, loss_mask: 0.0863, loss_texture: 0.0176, iou: 0.5848, iou_t0: 0.6108, iou_t1: 0.5432, iou_t2: 0.5695, iou_t3: 0.6574, iou_t4: 0.5811, iou_t5: 0.5723, loss: 0.1038
2026-05-08 20:25:14,973 - mmdet - INFO - Iter [40800/120000]	lr: 1.000e-04, eta: 1 day, 9:37:01, time: 1.385, data_time: 0.020, memory: 37118, loss_mask: 0.0954, loss_texture: 0.0196, iou: 0.6384, iou_t0: 0.7229, iou_t1: 0.6238, iou_t2: 0.6735, iou_t3: 0.6579, iou_t4: 0.5934, iou_t5: 0.5847, loss: 0.1150
2026-05-08 20:25:49,060 - mmdet - INFO - Iter [40825/120000]	lr: 1.000e-04, eta: 1 day, 9:35:44, time: 1.363, data_time: 0.019, memory: 37118, loss_mask: 0.0798, loss_texture: 0.0161, iou: 0.6048, iou_t0: 0.6215, iou_t1: 0.6195, iou_t2: 0.6431, iou_t3: 0.5524, iou_t4: 0.6338, iou_t5: 0.5783, loss: 0.0959
2026-05-08 20:26:23,282 - mmdet - INFO - Iter [40850/120000]	lr: 1.000e-04, eta: 1 day, 9:34:28, time: 1.369, data_time: 0.019, memory: 37118, loss_mask: 0.1021, loss_texture: 0.0197, iou: 0.6167, iou_t0: 0.5323, iou_t1: 0.5611, iou_t2: 0.6455, iou_t3: 0.5988, iou_t4: 0.6715, iou_t5: 0.6040, loss: 0.1218
2026-05-08 20:26:58,230 - mmdet - INFO - Iter [40875/120000]	lr: 1.000e-04, eta: 1 day, 9:33:19, time: 1.398, data_time: 0.020, memory: 37118, loss_mask: 0.1046, loss_texture: 0.0211, iou: 0.6390, iou_t0: 0.5841, iou_t1: 0.5305, iou_t2: 0.6808, iou_t3: 0.7146, iou_t4: 0.5879, iou_t5: 0.6808, loss: 0.1257
2026-05-08 20:27:32,017 - mmdet - INFO - Iter [40900/120000]	lr: 1.000e-04, eta: 1 day, 9:32:00, time: 1.351, data_time: 0.020, memory: 37118, loss_mask: 0.0927, loss_texture: 0.0188, iou: 0.6119, iou_t0: 0.6032, iou_t1: 0.6047, iou_t2: 0.6422, iou_t3: 0.5932, iou_t4: 0.6116, iou_t5: 0.5976, loss: 0.1115
2026-05-08 20:28:05,819 - mmdet - INFO - Iter [40925/120000]	lr: 1.000e-04, eta: 1 day, 9:30:41, time: 1.352, data_time: 0.019, memory: 37118, loss_mask: 0.0879, loss_texture: 0.0180, iou: 0.6104, iou_t0: 0.6557, iou_t1: 0.5801, iou_t2: 0.6502, iou_t3: 0.6054, iou_t4: 0.6413, iou_t5: 0.5282, loss: 0.1059
2026-05-08 20:28:39,163 - mmdet - INFO - Iter [40950/120000]	lr: 1.000e-04, eta: 1 day, 9:29:18, time: 1.334, data_time: 0.019, memory: 37118, loss_mask: 0.0975, loss_texture: 0.0195, iou: 0.6172, iou_t0: 0.6371, iou_t1: 0.5683, iou_t2: 0.6622, iou_t3: 0.5832, iou_t4: 0.6945, iou_t5: 0.6553, loss: 0.1170
2026-05-08 20:29:13,668 - mmdet - INFO - Iter [40975/120000]	lr: 1.000e-04, eta: 1 day, 9:28:06, time: 1.380, data_time: 0.020, memory: 37118, loss_mask: 0.0966, loss_texture: 0.0193, iou: 0.6256, iou_t0: 0.5779, iou_t1: 0.6987, iou_t2: 0.6862, iou_t3: 0.5754, iou_t4: 0.5831, iou_t5: 0.5672, loss: 0.1159
2026-05-08 20:29:47,364 - mmdet - INFO - 
--- Val evaluation at iter 41000 ---
2026-05-08 20:31:03,846 - mmdet - INFO - 
+------------+-------------+-------------+
| Class      | Val IoU     | Pseudo IoU  |
+------------+-------------+-------------+
| background | 90.06       | 93.28       |
| building   | 50.61       | 59.08       |
| Summary    | mIoU: 70.34 | mIoU: 76.18 |
+------------+-------------+-------------+
Images evaluated: 10
2026-05-08 20:31:05,180 - mmdet - INFO - Exp name: exp8_all.py
2026-05-08 20:31:05,180 - mmdet - INFO - Iter [41000/120000]	lr: 1.000e-04, eta: 1 day, 9:26:47, time: 1.348, data_time: 0.020, memory: 37118, val/mIoU: 0.7034, val/IoU.building: 0.5061, val/IoU.background: 0.9006, val/Pseudo_mIoU: 0.7618, loss_mask: 0.0939, loss_texture: 0.0184, iou: 0.6039, iou_t0: 0.5843, iou_t1: 0.6423, iou_t2: 0.6850, iou_t3: 0.5566, iou_t4: 0.5874, iou_t5: 0.5940, loss: 0.1123
2026-05-08 20:31:39,792 - mmdet - INFO - Iter [41025/120000]	lr: 1.000e-04, eta: 1 day, 9:37:37, time: 4.497, data_time: 3.132, memory: 37118, loss_mask: 0.0954, loss_texture: 0.0189, iou: 0.6346, iou_t0: 0.6827, iou_t1: 0.6766, iou_t2: 0.6928, iou_t3: 0.6316, iou_t4: 0.5319, iou_t5: 0.5268, loss: 0.1143
2026-05-08 20:32:13,846 - mmdet - INFO - Iter [41050/120000]	lr: 1.000e-04, eta: 1 day, 9:36:19, time: 1.362, data_time: 0.019, memory: 37118, loss_mask: 0.0952, loss_texture: 0.0195, iou: 0.6339, iou_t0: 0.5890, iou_t1: 0.6414, iou_t2: 0.6938, iou_t3: 0.5961, iou_t4: 0.5697, iou_t5: 0.6422, loss: 0.1147
2026-05-08 20:32:47,677 - mmdet - INFO - Iter [41075/120000]	lr: 1.000e-04, eta: 1 day, 9:35:00, time: 1.353, data_time: 0.020, memory: 37118, loss_mask: 0.0853, loss_texture: 0.0175, iou: 0.6445, iou_t0: 0.6202, iou_t1: 0.7072, iou_t2: 0.6581, iou_t3: 0.6364, iou_t4: 0.6231, iou_t5: 0.6642, loss: 0.1028
2026-05-08 20:33:22,089 - mmdet - INFO - Iter [41100/120000]	lr: 1.000e-04, eta: 1 day, 9:33:46, time: 1.376, data_time: 0.020, memory: 37118, loss_mask: 0.0958, loss_texture: 0.0196, iou: 0.6418, iou_t0: 0.6597, iou_t1: 0.6906, iou_t2: 0.6421, iou_t3: 0.6683, iou_t4: 0.5959, iou_t5: 0.6066, loss: 0.1154
2026-05-08 20:33:55,525 - mmdet - INFO - Iter [41125/120000]	lr: 1.000e-04, eta: 1 day, 9:32:23, time: 1.337, data_time: 0.020, memory: 37118, loss_mask: 0.1190, loss_texture: 0.0200, iou: 0.6037, iou_t0: 0.5529, iou_t1: 0.5863, iou_t2: 0.5792, iou_t3: 0.6395, iou_t4: 0.6013, iou_t5: 0.6143, loss: 0.1390
2026-05-08 20:34:29,965 - mmdet - INFO - Iter [41150/120000]	lr: 1.000e-04, eta: 1 day, 9:31:10, time: 1.378, data_time: 0.019, memory: 37118, loss_mask: 0.1039, loss_texture: 0.0198, iou: 0.6294, iou_t0: 0.6741, iou_t1: 0.5459, iou_t2: 0.6530, iou_t3: 0.6532, iou_t4: 0.6382, iou_t5: 0.5965, loss: 0.1237
2026-05-08 20:35:03,798 - mmdet - INFO - Iter [41175/120000]	lr: 1.000e-04, eta: 1 day, 9:29:52, time: 1.353, data_time: 0.020, memory: 37118, loss_mask: 0.0873, loss_texture: 0.0167, iou: 0.5649, iou_t0: 0.6080, iou_t1: 0.6534, iou_t2: 0.5143, iou_t3: 0.6172, iou_t4: 0.5369, iou_t5: 0.5366, loss: 0.1040
2026-05-08 20:35:37,623 - mmdet - INFO - Iter [41200/120000]	lr: 1.000e-04, eta: 1 day, 9:28:33, time: 1.353, data_time: 0.020, memory: 37118, loss_mask: 0.0895, loss_texture: 0.0183, iou: 0.6064, iou_t0: 0.6726, iou_t1: 0.6772, iou_t2: 0.6469, iou_t3: 0.5523, iou_t4: 0.5813, iou_t5: 0.5986, loss: 0.1078
2026-05-08 20:36:12,021 - mmdet - INFO - Iter [41225/120000]	lr: 1.000e-04, eta: 1 day, 9:27:20, time: 1.376, data_time: 0.019, memory: 37118, loss_mask: 0.0969, loss_texture: 0.0195, iou: 0.6204, iou_t0: 0.6514, iou_t1: 0.5546, iou_t2: 0.5817, iou_t3: 0.5891, iou_t4: 0.6315, iou_t5: 0.6573, loss: 0.1163
2026-05-08 20:36:46,213 - mmdet - INFO - Iter [41250/120000]	lr: 1.000e-04, eta: 1 day, 9:26:06, time: 1.368, data_time: 0.019, memory: 37118, loss_mask: 0.0976, loss_texture: 0.0196, iou: 0.6368, iou_t0: 0.7120, iou_t1: 0.6550, iou_t2: 0.6946, iou_t3: 0.5619, iou_t4: 0.6218, iou_t5: 0.6058, loss: 0.1172
2026-05-08 20:37:20,272 - mmdet - INFO - Iter [41275/120000]	lr: 1.000e-04, eta: 1 day, 9:24:50, time: 1.362, data_time: 0.020, memory: 37118, loss_mask: 0.1051, loss_texture: 0.0201, iou: 0.6239, iou_t0: 0.6096, iou_t1: 0.6200, iou_t2: 0.6168, iou_t3: 0.5983, iou_t4: 0.6206, iou_t5: 0.5962, loss: 0.1252
2026-05-08 20:37:54,213 - mmdet - INFO - Iter [41300/120000]	lr: 1.000e-04, eta: 1 day, 9:23:34, time: 1.358, data_time: 0.020, memory: 37118, loss_mask: 0.0938, loss_texture: 0.0186, iou: 0.6056, iou_t0: 0.6150, iou_t1: 0.6325, iou_t2: 0.5995, iou_t3: 0.5088, iou_t4: 0.5619, iou_t5: 0.6226, loss: 0.1123
2026-05-08 20:38:28,092 - mmdet - INFO - Iter [41325/120000]	lr: 1.000e-04, eta: 1 day, 9:22:18, time: 1.355, data_time: 0.019, memory: 37118, loss_mask: 0.1016, loss_texture: 0.0197, iou: 0.6052, iou_t0: 0.5763, iou_t1: 0.6782, iou_t2: 0.5637, iou_t3: 0.6750, iou_t4: 0.5464, iou_t5: 0.6559, loss: 0.1213
2026-05-08 20:39:02,680 - mmdet - INFO - Iter [41350/120000]	lr: 1.000e-04, eta: 1 day, 9:21:08, time: 1.384, data_time: 0.019, memory: 37118, loss_mask: 0.1042, loss_texture: 0.0202, iou: 0.6103, iou_t0: 0.6241, iou_t1: 0.5673, iou_t2: 0.7059, iou_t3: 0.5429, iou_t4: 0.5888, iou_t5: 0.5816, loss: 0.1244
2026-05-08 20:39:36,371 - mmdet - INFO - Iter [41375/120000]	lr: 1.000e-04, eta: 1 day, 9:19:50, time: 1.348, data_time: 0.020, memory: 37118, loss_mask: 0.0883, loss_texture: 0.0174, iou: 0.5707, iou_t0: 0.6009, iou_t1: 0.5991, iou_t2: 0.6202, iou_t3: 0.5490, iou_t4: 0.5202, iou_t5: 0.5346, loss: 0.1057
2026-05-08 20:40:10,450 - mmdet - INFO - Iter [41400/120000]	lr: 1.000e-04, eta: 1 day, 9:18:36, time: 1.363, data_time: 0.020, memory: 37118, loss_mask: 0.0932, loss_texture: 0.0183, iou: 0.6209, iou_t0: 0.6335, iou_t1: 0.6147, iou_t2: 0.6623, iou_t3: 0.6003, iou_t4: 0.6433, iou_t5: 0.6490, loss: 0.1115
2026-05-08 20:40:44,163 - mmdet - INFO - Iter [41425/120000]	lr: 1.000e-04, eta: 1 day, 9:17:19, time: 1.348, data_time: 0.019, memory: 37118, loss_mask: 0.0941, loss_texture: 0.0185, iou: 0.6041, iou_t0: 0.5901, iou_t1: 0.6352, iou_t2: 0.5847, iou_t3: 0.5966, iou_t4: 0.6368, iou_t5: 0.5759, loss: 0.1126
2026-05-08 20:41:18,100 - mmdet - INFO - Iter [41450/120000]	lr: 1.000e-04, eta: 1 day, 9:16:04, time: 1.358, data_time: 0.019, memory: 37118, loss_mask: 0.0972, loss_texture: 0.0192, iou: 0.6352, iou_t0: 0.6778, iou_t1: 0.6693, iou_t2: 0.5518, iou_t3: 0.7055, iou_t4: 0.5818, iou_t5: 0.7251, loss: 0.1164
2026-05-08 20:41:52,040 - mmdet - INFO - Iter [41475/120000]	lr: 1.000e-04, eta: 1 day, 9:14:49, time: 1.358, data_time: 0.020, memory: 37118, loss_mask: 0.0971, loss_texture: 0.0195, iou: 0.6345, iou_t0: 0.5789, iou_t1: 0.6589, iou_t2: 0.5991, iou_t3: 0.6592, iou_t4: 0.7027, iou_t5: 0.5831, loss: 0.1166
2026-05-08 20:42:26,439 - mmdet - INFO - 
--- Val evaluation at iter 41500 ---
2026-05-08 20:43:42,612 - mmdet - INFO - 
+------------+-------------+-------------+
| Class      | Val IoU     | Pseudo IoU  |
+------------+-------------+-------------+
| background | 90.06       | 93.28       |
| building   | 50.80       | 59.08       |
| Summary    | mIoU: 70.43 | mIoU: 76.18 |
+------------+-------------+-------------+
Images evaluated: 10
2026-05-08 20:43:43,975 - mmdet - INFO - Iter [41500/120000]	lr: 1.000e-04, eta: 1 day, 9:13:39, time: 1.376, data_time: 0.020, memory: 37118, val/mIoU: 0.7043, val/IoU.building: 0.5080, val/IoU.background: 0.9006, val/Pseudo_mIoU: 0.7618, loss_mask: 0.1023, loss_texture: 0.0203, iou: 0.6285, iou_t0: 0.7178, iou_t1: 0.5981, iou_t2: 0.6265, iou_t3: 0.5700, iou_t4: 0.5563, iou_t5: 0.6155, loss: 0.1225
2026-05-08 20:44:17,522 - mmdet - INFO - Iter [41525/120000]	lr: 1.000e-04, eta: 1 day, 9:23:35, time: 4.443, data_time: 3.121, memory: 37118, loss_mask: 0.1029, loss_texture: 0.0199, iou: 0.6203, iou_t0: 0.6500, iou_t1: 0.6344, iou_t2: 0.5964, iou_t3: 0.5587, iou_t4: 0.6534, iou_t5: 0.6100, loss: 0.1227
2026-05-08 20:44:51,422 - mmdet - INFO - Iter [41550/120000]	lr: 1.000e-04, eta: 1 day, 9:22:19, time: 1.356, data_time: 0.019, memory: 37118, loss_mask: 0.0935, loss_texture: 0.0191, iou: 0.6513, iou_t0: 0.6932, iou_t1: 0.6701, iou_t2: 0.6427, iou_t3: 0.6324, iou_t4: 0.7117, iou_t5: 0.6907, loss: 0.1126
2026-05-08 20:45:25,383 - mmdet - INFO - Iter [41575/120000]	lr: 1.000e-04, eta: 1 day, 9:21:03, time: 1.358, data_time: 0.020, memory: 37118, loss_mask: 0.0946, loss_texture: 0.0189, iou: 0.6161, iou_t0: 0.5584, iou_t1: 0.6075, iou_t2: 0.5437, iou_t3: 0.6326, iou_t4: 0.6904, iou_t5: 0.6249, loss: 0.1135
2026-05-08 20:45:59,123 - mmdet - INFO - Iter [41600/120000]	lr: 1.000e-04, eta: 1 day, 9:19:46, time: 1.350, data_time: 0.020, memory: 37118, loss_mask: 0.0941, loss_texture: 0.0185, iou: 0.6209, iou_t0: 0.6568, iou_t1: 0.6810, iou_t2: 0.6542, iou_t3: 0.5413, iou_t4: 0.6083, iou_t5: 0.6374, loss: 0.1126
2026-05-08 20:46:32,712 - mmdet - INFO - Iter [41625/120000]	lr: 1.000e-04, eta: 1 day, 9:18:27, time: 1.344, data_time: 0.019, memory: 37118, loss_mask: 0.0864, loss_texture: 0.0171, iou: 0.5849, iou_t0: 0.6252, iou_t1: 0.5767, iou_t2: 0.5589, iou_t3: 0.5709, iou_t4: 0.6479, iou_t5: 0.5970, loss: 0.1035
2026-05-08 20:47:06,727 - mmdet - INFO - Iter [41650/120000]	lr: 1.000e-04, eta: 1 day, 9:17:13, time: 1.361, data_time: 0.019, memory: 37118, loss_mask: 0.0918, loss_texture: 0.0187, iou: 0.6217, iou_t0: 0.5201, iou_t1: 0.6642, iou_t2: 0.5750, iou_t3: 0.5655, iou_t4: 0.6616, iou_t5: 0.6642, loss: 0.1105
2026-05-08 20:47:40,926 - mmdet - INFO - Iter [41675/120000]	lr: 1.000e-04, eta: 1 day, 9:16:00, time: 1.368, data_time: 0.020, memory: 37118, loss_mask: 0.0924, loss_texture: 0.0189, iou: 0.6327, iou_t0: 0.6533, iou_t1: 0.6543, iou_t2: 0.6446, iou_t3: 0.6056, iou_t4: 0.6516, iou_t5: 0.6457, loss: 0.1114
2026-05-08 20:48:14,804 - mmdet - INFO - Iter [41700/120000]	lr: 1.000e-04, eta: 1 day, 9:14:45, time: 1.355, data_time: 0.020, memory: 37118, loss_mask: 0.0973, loss_texture: 0.0195, iou: 0.6141, iou_t0: 0.5910, iou_t1: 0.5951, iou_t2: 0.6238, iou_t3: 0.6611, iou_t4: 0.6768, iou_t5: 0.5388, loss: 0.1168
2026-05-08 20:48:49,414 - mmdet - INFO - Iter [41725/120000]	lr: 1.000e-04, eta: 1 day, 9:13:36, time: 1.384, data_time: 0.019, memory: 37118, loss_mask: 0.0990, loss_texture: 0.0198, iou: 0.6211, iou_t0: 0.6824, iou_t1: 0.6096, iou_t2: 0.5973, iou_t3: 0.6424, iou_t4: 0.6672, iou_t5: 0.5842, loss: 0.1187
2026-05-08 20:49:24,290 - mmdet - INFO - Iter [41750/120000]	lr: 1.000e-04, eta: 1 day, 9:12:30, time: 1.395, data_time: 0.019, memory: 37118, loss_mask: 0.0938, loss_texture: 0.0192, iou: 0.5977, iou_t0: 0.5951, iou_t1: 0.6205, iou_t2: 0.6229, iou_t3: 0.6135, iou_t4: 0.5637, iou_t5: 0.4969, loss: 0.1131
2026-05-08 20:49:57,806 - mmdet - INFO - Iter [41775/120000]	lr: 1.000e-04, eta: 1 day, 9:11:12, time: 1.341, data_time: 0.019, memory: 37118, loss_mask: 0.0807, loss_texture: 0.0162, iou: 0.6270, iou_t0: 0.6547, iou_t1: 0.6355, iou_t2: 0.6853, iou_t3: 0.6280, iou_t4: 0.5912, iou_t5: 0.5901, loss: 0.0969
2026-05-08 20:50:31,266 - mmdet - INFO - Iter [41800/120000]	lr: 1.000e-04, eta: 1 day, 9:09:54, time: 1.338, data_time: 0.020, memory: 37118, loss_mask: 0.0903, loss_texture: 0.0181, iou: 0.6230, iou_t0: 0.6767, iou_t1: 0.5978, iou_t2: 0.6162, iou_t3: 0.6746, iou_t4: 0.6083, iou_t5: 0.5847, loss: 0.1084
2026-05-08 20:51:04,863 - mmdet - INFO - Iter [41825/120000]	lr: 1.000e-04, eta: 1 day, 9:08:38, time: 1.344, data_time: 0.019, memory: 37118, loss_mask: 0.0904, loss_texture: 0.0183, iou: 0.6172, iou_t0: 0.5939, iou_t1: 0.6103, iou_t2: 0.6494, iou_t3: 0.6706, iou_t4: 0.6350, iou_t5: 0.5866, loss: 0.1087
2026-05-08 20:51:38,884 - mmdet - INFO - Iter [41850/120000]	lr: 1.000e-04, eta: 1 day, 9:07:25, time: 1.361, data_time: 0.019, memory: 37118, loss_mask: 0.0938, loss_texture: 0.0190, iou: 0.6356, iou_t0: 0.7319, iou_t1: 0.5824, iou_t2: 0.6869, iou_t3: 0.6488, iou_t4: 0.5507, iou_t5: 0.5831, loss: 0.1129
2026-05-08 20:52:12,788 - mmdet - INFO - Iter [41875/120000]	lr: 1.000e-04, eta: 1 day, 9:06:11, time: 1.356, data_time: 0.020, memory: 37118, loss_mask: 0.0905, loss_texture: 0.0176, iou: 0.5979, iou_t0: 0.6065, iou_t1: 0.5686, iou_t2: 0.5917, iou_t3: 0.5681, iou_t4: 0.5577, iou_t5: 0.5866, loss: 0.1081
2026-05-08 20:52:46,237 - mmdet - INFO - Iter [41900/120000]	lr: 1.000e-04, eta: 1 day, 9:04:54, time: 1.338, data_time: 0.020, memory: 37118, loss_mask: 0.0899, loss_texture: 0.0177, iou: 0.6049, iou_t0: 0.5785, iou_t1: 0.5980, iou_t2: 0.6327, iou_t3: 0.5340, iou_t4: 0.6311, iou_t5: 0.6809, loss: 0.1076
2026-05-08 20:53:19,907 - mmdet - INFO - Iter [41925/120000]	lr: 1.000e-04, eta: 1 day, 9:03:39, time: 1.347, data_time: 0.019, memory: 37118, loss_mask: 0.0980, loss_texture: 0.0192, iou: 0.6153, iou_t0: 0.6546, iou_t1: 0.6499, iou_t2: 0.6214, iou_t3: 0.5786, iou_t4: 0.5693, iou_t5: 0.6176, loss: 0.1172
2026-05-08 20:53:53,765 - mmdet - INFO - Iter [41950/120000]	lr: 1.000e-04, eta: 1 day, 9:02:26, time: 1.354, data_time: 0.019, memory: 37118, loss_mask: 0.0852, loss_texture: 0.0168, iou: 0.6049, iou_t0: 0.6009, iou_t1: 0.5502, iou_t2: 0.6614, iou_t3: 0.6096, iou_t4: 0.5230, iou_t5: 0.5891, loss: 0.1021
2026-05-08 20:54:27,061 - mmdet - INFO - Iter [41975/120000]	lr: 1.000e-04, eta: 1 day, 9:01:08, time: 1.332, data_time: 0.020, memory: 37118, loss_mask: 0.0901, loss_texture: 0.0172, iou: 0.6334, iou_t0: 0.6261, iou_t1: 0.6115, iou_t2: 0.6489, iou_t3: 0.5510, iou_t4: 0.6203, iou_t5: 0.6354, loss: 0.1074
2026-05-08 20:55:01,356 - mmdet - INFO - 
--- Val evaluation at iter 42000 ---
2026-05-08 20:56:17,985 - mmdet - INFO - 
+------------+-------------+-------------+
| Class      | Val IoU     | Pseudo IoU  |
+------------+-------------+-------------+
| background | 88.93       | 93.28       |
| building   | 48.15       | 59.08       |
| Summary    | mIoU: 68.54 | mIoU: 76.18 |
+------------+-------------+-------------+
Images evaluated: 10
2026-05-08 20:56:19,321 - mmdet - INFO - Exp name: exp8_all.py
2026-05-08 20:56:19,321 - mmdet - INFO - Iter [42000/120000]	lr: 1.000e-04, eta: 1 day, 8:59:59, time: 1.372, data_time: 0.020, memory: 37118, val/mIoU: 0.6854, val/IoU.building: 0.4815, val/IoU.background: 0.8893, val/Pseudo_mIoU: 0.7618, loss_mask: 0.1062, loss_texture: 0.0212, iou: 0.6159, iou_t0: 0.6379, iou_t1: 0.6576, iou_t2: 0.6039, iou_t3: 0.7125, iou_t4: 0.5368, iou_t5: 0.5989, loss: 0.1274
2026-05-08 20:56:53,234 - mmdet - INFO - Iter [42025/120000]	lr: 1.000e-04, eta: 1 day, 9:09:25, time: 4.475, data_time: 3.138, memory: 37118, loss_mask: 0.0893, loss_texture: 0.0180, iou: 0.5826, iou_t0: 0.6355, iou_t1: 0.6145, iou_t2: 0.5805, iou_t3: 0.5792, iou_t4: 0.5692, iou_t5: 0.5549, loss: 0.1073
2026-05-08 20:57:27,532 - mmdet - INFO - Iter [42050/120000]	lr: 1.000e-04, eta: 1 day, 9:08:15, time: 1.372, data_time: 0.020, memory: 37118, loss_mask: 0.0977, loss_texture: 0.0200, iou: 0.6327, iou_t0: 0.6236, iou_t1: 0.7255, iou_t2: 0.6837, iou_t3: 0.6786, iou_t4: 0.5748, iou_t5: 0.5942, loss: 0.1177
2026-05-08 20:58:01,501 - mmdet - INFO - Iter [42075/120000]	lr: 1.000e-04, eta: 1 day, 9:07:01, time: 1.359, data_time: 0.020, memory: 37118, loss_mask: 0.0944, loss_texture: 0.0187, iou: 0.6051, iou_t0: 0.6379, iou_t1: 0.5989, iou_t2: 0.6331, iou_t3: 0.5941, iou_t4: 0.5801, iou_t5: 0.6480, loss: 0.1130
2026-05-08 20:58:35,442 - mmdet - INFO - Iter [42100/120000]	lr: 1.000e-04, eta: 1 day, 9:05:48, time: 1.358, data_time: 0.021, memory: 37118, loss_mask: 0.1141, loss_texture: 0.0217, iou: 0.6399, iou_t0: 0.6368, iou_t1: 0.5690, iou_t2: 0.6783, iou_t3: 0.6788, iou_t4: 0.5982, iou_t5: 0.6368, loss: 0.1357
2026-05-08 20:59:09,364 - mmdet - INFO - Iter [42125/120000]	lr: 1.000e-04, eta: 1 day, 9:04:35, time: 1.357, data_time: 0.019, memory: 37118, loss_mask: 0.0954, loss_texture: 0.0193, iou: 0.6291, iou_t0: 0.6481, iou_t1: 0.5747, iou_t2: 0.6641, iou_t3: 0.6600, iou_t4: 0.6979, iou_t5: 0.6343, loss: 0.1147
2026-05-08 20:59:42,812 - mmdet - INFO - Iter [42150/120000]	lr: 1.000e-04, eta: 1 day, 9:03:18, time: 1.338, data_time: 0.019, memory: 37118, loss_mask: 0.1027, loss_texture: 0.0191, iou: 0.5910, iou_t0: 0.5201, iou_t1: 0.6208, iou_t2: 0.6160, iou_t3: 0.5125, iou_t4: 0.6526, iou_t5: 0.6320, loss: 0.1218
2026-05-08 21:00:16,671 - mmdet - INFO - Iter [42175/120000]	lr: 1.000e-04, eta: 1 day, 9:02:05, time: 1.354, data_time: 0.020, memory: 37118, loss_mask: 0.1012, loss_texture: 0.0199, iou: 0.6150, iou_t0: 0.6714, iou_t1: 0.5191, iou_t2: 0.6178, iou_t3: 0.6787, iou_t4: 0.6438, iou_t5: 0.5216, loss: 0.1211
2026-05-08 21:00:50,190 - mmdet - INFO - Iter [42200/120000]	lr: 1.000e-04, eta: 1 day, 9:00:49, time: 1.341, data_time: 0.020, memory: 37118, loss_mask: 0.0831, loss_texture: 0.0170, iou: 0.5884, iou_t0: 0.5215, iou_t1: 0.6700, iou_t2: 0.6304, iou_t3: 0.6563, iou_t4: 0.6570, iou_t5: 0.4811, loss: 0.1001
2026-05-08 21:01:24,140 - mmdet - INFO - Iter [42225/120000]	lr: 1.000e-04, eta: 1 day, 8:59:37, time: 1.358, data_time: 0.019, memory: 37118, loss_mask: 0.0882, loss_texture: 0.0186, iou: 0.6091, iou_t0: 0.6094, iou_t1: 0.6671, iou_t2: 0.6504, iou_t3: 0.6879, iou_t4: 0.6259, iou_t5: 0.4829, loss: 0.1068
2026-05-08 21:01:57,797 - mmdet - INFO - Iter [42250/120000]	lr: 1.000e-04, eta: 1 day, 8:58:23, time: 1.346, data_time: 0.019, memory: 37118, loss_mask: 0.0877, loss_texture: 0.0177, iou: 0.6377, iou_t0: 0.6094, iou_t1: 0.6308, iou_t2: 0.5301, iou_t3: 0.6356, iou_t4: 0.7053, iou_t5: 0.7254, loss: 0.1054
2026-05-08 21:02:31,244 - mmdet - INFO - Iter [42275/120000]	lr: 1.000e-04, eta: 1 day, 8:57:07, time: 1.338, data_time: 0.020, memory: 37118, loss_mask: 0.0995, loss_texture: 0.0198, iou: 0.6110, iou_t0: 0.6059, iou_t1: 0.6511, iou_t2: 0.6024, iou_t3: 0.6046, iou_t4: 0.5959, iou_t5: 0.6030, loss: 0.1194
2026-05-08 21:03:05,287 - mmdet - INFO - Iter [42300/120000]	lr: 1.000e-04, eta: 1 day, 8:55:56, time: 1.362, data_time: 0.020, memory: 37118, loss_mask: 0.0935, loss_texture: 0.0189, iou: 0.6345, iou_t0: 0.5790, iou_t1: 0.5867, iou_t2: 0.6497, iou_t3: 0.5957, iou_t4: 0.5601, iou_t5: 0.7259, loss: 0.1124
2026-05-08 21:03:39,680 - mmdet - INFO - Iter [42325/120000]	lr: 1.000e-04, eta: 1 day, 8:54:49, time: 1.376, data_time: 0.019, memory: 37118, loss_mask: 0.0915, loss_texture: 0.0191, iou: 0.6322, iou_t0: 0.6731, iou_t1: 0.6491, iou_t2: 0.6063, iou_t3: 0.6515, iou_t4: 0.7274, iou_t5: 0.5259, loss: 0.1105
2026-05-08 21:04:13,967 - mmdet - INFO - Iter [42350/120000]	lr: 1.000e-04, eta: 1 day, 8:53:40, time: 1.371, data_time: 0.019, memory: 37118, loss_mask: 0.1018, loss_texture: 0.0195, iou: 0.6193, iou_t0: 0.6782, iou_t1: 0.6763, iou_t2: 0.6491, iou_t3: 0.5708, iou_t4: 0.5753, iou_t5: 0.5341, loss: 0.1213
2026-05-08 21:04:48,417 - mmdet - INFO - Iter [42375/120000]	lr: 1.000e-04, eta: 1 day, 8:52:33, time: 1.378, data_time: 0.020, memory: 37118, loss_mask: 0.0972, loss_texture: 0.0194, iou: 0.6108, iou_t0: 0.6087, iou_t1: 0.6355, iou_t2: 0.5859, iou_t3: 0.6192, iou_t4: 0.5330, iou_t5: 0.7141, loss: 0.1165
2026-05-08 21:05:22,707 - mmdet - INFO - Iter [42400/120000]	lr: 1.000e-04, eta: 1 day, 8:51:25, time: 1.372, data_time: 0.020, memory: 37118, loss_mask: 0.1000, loss_texture: 0.0206, iou: 0.6502, iou_t0: 0.6587, iou_t1: 0.6437, iou_t2: 0.6260, iou_t3: 0.6867, iou_t4: 0.6402, iou_t5: 0.5838, loss: 0.1206
2026-05-08 21:05:56,510 - mmdet - INFO - Iter [42425/120000]	lr: 1.000e-04, eta: 1 day, 8:50:13, time: 1.352, data_time: 0.019, memory: 37118, loss_mask: 0.0917, loss_texture: 0.0182, iou: 0.6414, iou_t0: 0.7271, iou_t1: 0.6921, iou_t2: 0.6966, iou_t3: 0.6308, iou_t4: 0.6085, iou_t5: 0.4936, loss: 0.1098
2026-05-08 21:06:30,187 - mmdet - INFO - Iter [42450/120000]	lr: 1.000e-04, eta: 1 day, 8:49:01, time: 1.347, data_time: 0.019, memory: 37118, loss_mask: 0.0898, loss_texture: 0.0180, iou: 0.5873, iou_t0: 0.5477, iou_t1: 0.6026, iou_t2: 0.5644, iou_t3: 0.6586, iou_t4: 0.5852, iou_t5: 0.6142, loss: 0.1078
2026-05-08 21:07:03,801 - mmdet - INFO - Iter [42475/120000]	lr: 1.000e-04, eta: 1 day, 8:47:48, time: 1.345, data_time: 0.020, memory: 37118, loss_mask: 0.1015, loss_texture: 0.0202, iou: 0.6085, iou_t0: 0.6878, iou_t1: 0.6614, iou_t2: 0.6111, iou_t3: 0.6036, iou_t4: 0.5748, iou_t5: 0.5361, loss: 0.1217
2026-05-08 21:07:37,796 - mmdet - INFO - 
--- Val evaluation at iter 42500 ---
2026-05-08 21:08:54,328 - mmdet - INFO - 
+------------+-------------+-------------+
| Class      | Val IoU     | Pseudo IoU  |
+------------+-------------+-------------+
| background | 90.32       | 93.28       |
| building   | 51.49       | 59.08       |
| Summary    | mIoU: 70.90 | mIoU: 76.18 |
+------------+-------------+-------------+
Images evaluated: 10
2026-05-08 21:08:55,620 - mmdet - INFO - Iter [42500/120000]	lr: 1.000e-04, eta: 1 day, 8:46:38, time: 1.360, data_time: 0.020, memory: 37118, val/mIoU: 0.7090, val/IoU.building: 0.5149, val/IoU.background: 0.9032, val/Pseudo_mIoU: 0.7618, loss_mask: 0.0932, loss_texture: 0.0185, iou: 0.5986, iou_t0: 0.7060, iou_t1: 0.6572, iou_t2: 0.5789, iou_t3: 0.6873, iou_t4: 0.6510, iou_t5: 0.4453, loss: 0.1118
2026-05-08 21:09:29,829 - mmdet - INFO - Iter [42525/120000]	lr: 1.000e-04, eta: 1 day, 8:55:32, time: 4.481, data_time: 3.132, memory: 37118, loss_mask: 0.0995, loss_texture: 0.0187, iou: 0.6301, iou_t0: 0.6668, iou_t1: 0.5792, iou_t2: 0.6240, iou_t3: 0.6569, iou_t4: 0.6321, iou_t5: 0.6711, loss: 0.1181
2026-05-08 21:10:03,267 - mmdet - INFO - Iter [42550/120000]	lr: 1.000e-04, eta: 1 day, 8:54:16, time: 1.337, data_time: 0.019, memory: 37118, loss_mask: 0.0911, loss_texture: 0.0175, iou: 0.6043, iou_t0: 0.5725, iou_t1: 0.6391, iou_t2: 0.6118, iou_t3: 0.6057, iou_t4: 0.6681, iou_t5: 0.6378, loss: 0.1085
2026-05-08 21:10:37,662 - mmdet - INFO - Iter [42575/120000]	lr: 1.000e-04, eta: 1 day, 8:53:09, time: 1.376, data_time: 0.020, memory: 37118, loss_mask: 0.0932, loss_texture: 0.0187, iou: 0.6162, iou_t0: 0.5479, iou_t1: 0.6818, iou_t2: 0.7042, iou_t3: 0.5890, iou_t4: 0.6326, iou_t5: 0.5339, loss: 0.1119
2026-05-08 21:11:12,562 - mmdet - INFO - Iter [42600/120000]	lr: 1.000e-04, eta: 1 day, 8:52:05, time: 1.396, data_time: 0.020, memory: 37118, loss_mask: 0.0997, loss_texture: 0.0202, iou: 0.6300, iou_t0: 0.6159, iou_t1: 0.6421, iou_t2: 0.5118, iou_t3: 0.6418, iou_t4: 0.6947, iou_t5: 0.6419, loss: 0.1199
2026-05-08 21:11:46,749 - mmdet - INFO - Iter [42625/120000]	lr: 1.000e-04, eta: 1 day, 8:50:56, time: 1.367, data_time: 0.019, memory: 37118, loss_mask: 0.0944, loss_texture: 0.0188, iou: 0.6229, iou_t0: 0.5942, iou_t1: 0.5709, iou_t2: 0.6681, iou_t3: 0.6164, iou_t4: 0.6489, iou_t5: 0.6489, loss: 0.1132
2026-05-08 21:12:20,769 - mmdet - INFO - Iter [42650/120000]	lr: 1.000e-04, eta: 1 day, 8:49:46, time: 1.361, data_time: 0.019, memory: 37118, loss_mask: 0.0951, loss_texture: 0.0193, iou: 0.6143, iou_t0: 0.6655, iou_t1: 0.6571, iou_t2: 0.6553, iou_t3: 0.6243, iou_t4: 0.5791, iou_t5: 0.6672, loss: 0.1144
2026-05-08 21:12:54,470 - mmdet - INFO - Iter [42675/120000]	lr: 1.000e-04, eta: 1 day, 8:48:33, time: 1.348, data_time: 0.020, memory: 37118, loss_mask: 0.0961, loss_texture: 0.0195, iou: 0.6396, iou_t0: 0.6516, iou_t1: 0.6679, iou_t2: 0.6754, iou_t3: 0.6687, iou_t4: 0.6013, iou_t5: 0.6633, loss: 0.1156
2026-05-08 21:13:28,519 - mmdet - INFO - Iter [42700/120000]	lr: 1.000e-04, eta: 1 day, 8:47:24, time: 1.362, data_time: 0.020, memory: 37118, loss_mask: 0.0977, loss_texture: 0.0193, iou: 0.6252, iou_t0: 0.6391, iou_t1: 0.5687, iou_t2: 0.6678, iou_t3: 0.6003, iou_t4: 0.6208, iou_t5: 0.5620, loss: 0.1170
2026-05-08 21:14:01,372 - mmdet - INFO - Iter [42725/120000]	lr: 1.000e-04, eta: 1 day, 8:46:05, time: 1.314, data_time: 0.019, memory: 37118, loss_mask: 0.0803, loss_texture: 0.0167, iou: 0.5947, iou_t0: 0.6267, iou_t1: 0.5767, iou_t2: 0.5287, iou_t3: 0.5908, iou_t4: 0.6883, iou_t5: 0.5901, loss: 0.0971
2026-05-08 21:14:34,802 - mmdet - INFO - Iter [42750/120000]	lr: 1.000e-04, eta: 1 day, 8:44:52, time: 1.337, data_time: 0.019, memory: 37118, loss_mask: 0.0855, loss_texture: 0.0172, iou: 0.5764, iou_t0: 0.5890, iou_t1: 0.7032, iou_t2: 0.4398, iou_t3: 0.6001, iou_t4: 0.5318, iou_t5: 0.5699, loss: 0.1028
2026-05-08 21:15:08,406 - mmdet - INFO - Iter [42775/120000]	lr: 1.000e-04, eta: 1 day, 8:43:39, time: 1.344, data_time: 0.020, memory: 37118, loss_mask: 0.0850, loss_texture: 0.0167, iou: 0.6264, iou_t0: 0.6021, iou_t1: 0.6599, iou_t2: 0.6076, iou_t3: 0.6913, iou_t4: 0.6361, iou_t5: 0.6143, loss: 0.1017
2026-05-08 21:15:42,769 - mmdet - INFO - Iter [42800/120000]	lr: 1.000e-04, eta: 1 day, 8:42:33, time: 1.374, data_time: 0.020, memory: 37118, loss_mask: 0.0985, loss_texture: 0.0199, iou: 0.6366, iou_t0: 0.6022, iou_t1: 0.6737, iou_t2: 0.6315, iou_t3: 0.6278, iou_t4: 0.5630, iou_t5: 0.6843, loss: 0.1183
2026-05-08 21:16:17,337 - mmdet - INFO - Iter [42825/120000]	lr: 1.000e-04, eta: 1 day, 8:41:28, time: 1.383, data_time: 0.019, memory: 37118, loss_mask: 0.0950, loss_texture: 0.0191, iou: 0.6452, iou_t0: 0.6571, iou_t1: 0.7112, iou_t2: 0.6504, iou_t3: 0.6691, iou_t4: 0.5870, iou_t5: 0.6187, loss: 0.1141
2026-05-08 21:16:51,553 - mmdet - INFO - Iter [42850/120000]	lr: 1.000e-04, eta: 1 day, 8:40:21, time: 1.369, data_time: 0.019, memory: 37118, loss_mask: 0.0968, loss_texture: 0.0192, iou: 0.6202, iou_t0: 0.5998, iou_t1: 0.6543, iou_t2: 0.5945, iou_t3: 0.5982, iou_t4: 0.5800, iou_t5: 0.7122, loss: 0.1159
2026-05-08 21:17:25,140 - mmdet - INFO - Iter [42875/120000]	lr: 1.000e-04, eta: 1 day, 8:39:09, time: 1.343, data_time: 0.020, memory: 37118, loss_mask: 0.0945, loss_texture: 0.0183, iou: 0.5673, iou_t0: 0.5231, iou_t1: 0.6102, iou_t2: 0.5383, iou_t3: 0.5910, iou_t4: 0.5448, iou_t5: 0.5125, loss: 0.1128
2026-05-08 21:17:58,554 - mmdet - INFO - Iter [42900/120000]	lr: 1.000e-04, eta: 1 day, 8:37:56, time: 1.337, data_time: 0.020, memory: 37118, loss_mask: 0.0878, loss_texture: 0.0181, iou: 0.6495, iou_t0: 0.5771, iou_t1: 0.6830, iou_t2: 0.5797, iou_t3: 0.7170, iou_t4: 0.6665, iou_t5: 0.6364, loss: 0.1059
2026-05-08 21:18:32,378 - mmdet - INFO - Iter [42925/120000]	lr: 1.000e-04, eta: 1 day, 8:36:46, time: 1.353, data_time: 0.019, memory: 37118, loss_mask: 0.0976, loss_texture: 0.0194, iou: 0.6163, iou_t0: 0.6645, iou_t1: 0.5435, iou_t2: 0.6178, iou_t3: 0.5517, iou_t4: 0.5877, iou_t5: 0.6185, loss: 0.1170
2026-05-08 21:19:06,026 - mmdet - INFO - Iter [42950/120000]	lr: 1.000e-04, eta: 1 day, 8:35:36, time: 1.346, data_time: 0.019, memory: 37118, loss_mask: 0.0927, loss_texture: 0.0180, iou: 0.6372, iou_t0: 0.6578, iou_t1: 0.7085, iou_t2: 0.5863, iou_t3: 0.7228, iou_t4: 0.6425, iou_t5: 0.5678, loss: 0.1106
2026-05-08 21:19:40,251 - mmdet - INFO - Iter [42975/120000]	lr: 1.000e-04, eta: 1 day, 8:34:29, time: 1.369, data_time: 0.020, memory: 37118, loss_mask: 0.0909, loss_texture: 0.0186, iou: 0.6086, iou_t0: 0.6455, iou_t1: 0.6086, iou_t2: 0.6827, iou_t3: 0.6257, iou_t4: 0.5402, iou_t5: 0.5451, loss: 0.1095
2026-05-08 21:20:13,571 - mmdet - INFO - 
--- Val evaluation at iter 43000 ---
2026-05-08 21:21:30,249 - mmdet - INFO - 
+------------+-------------+-------------+
| Class      | Val IoU     | Pseudo IoU  |
+------------+-------------+-------------+
| background | 89.46       | 93.28       |
| building   | 49.30       | 59.08       |
| Summary    | mIoU: 69.38 | mIoU: 76.18 |
+------------+-------------+-------------+
Images evaluated: 10
2026-05-08 21:21:31,537 - mmdet - INFO - Exp name: exp8_all.py
2026-05-08 21:21:31,537 - mmdet - INFO - Iter [43000/120000]	lr: 1.000e-04, eta: 1 day, 8:33:16, time: 1.333, data_time: 0.020, memory: 37118, val/mIoU: 0.6938, val/IoU.building: 0.4930, val/IoU.background: 0.8946, val/Pseudo_mIoU: 0.7618, loss_mask: 0.0819, loss_texture: 0.0166, iou: 0.5758, iou_t0: 0.5370, iou_t1: 0.6041, iou_t2: 0.6636, iou_t3: 0.6455, iou_t4: 0.4866, iou_t5: 0.5487, loss: 0.0984
2026-05-08 21:22:05,428 - mmdet - INFO - Iter [43025/120000]	lr: 1.000e-04, eta: 1 day, 8:41:38, time: 4.474, data_time: 3.138, memory: 37118, loss_mask: 0.0931, loss_texture: 0.0181, iou: 0.6286, iou_t0: 0.6809, iou_t1: 0.6472, iou_t2: 0.5449, iou_t3: 0.5355, iou_t4: 0.6953, iou_t5: 0.7204, loss: 0.1112
2026-05-08 21:22:39,706 - mmdet - INFO - Iter [43050/120000]	lr: 1.000e-04, eta: 1 day, 8:40:31, time: 1.371, data_time: 0.019, memory: 37118, loss_mask: 0.0981, loss_texture: 0.0192, iou: 0.6353, iou_t0: 0.6550, iou_t1: 0.6767, iou_t2: 0.7094, iou_t3: 0.6302, iou_t4: 0.6399, iou_t5: 0.5701, loss: 0.1173
2026-05-08 21:23:13,488 - mmdet - INFO - Iter [43075/120000]	lr: 1.000e-04, eta: 1 day, 8:39:21, time: 1.351, data_time: 0.020, memory: 37118, loss_mask: 0.0867, loss_texture: 0.0176, iou: 0.6096, iou_t0: 0.6013, iou_t1: 0.6570, iou_t2: 0.6790, iou_t3: 0.6180, iou_t4: 0.5912, iou_t5: 0.6114, loss: 0.1043
2026-05-08 21:23:47,519 - mmdet - INFO - Iter [43100/120000]	lr: 1.000e-04, eta: 1 day, 8:38:12, time: 1.361, data_time: 0.020, memory: 37118, loss_mask: 0.1010, loss_texture: 0.0195, iou: 0.5955, iou_t0: 0.5459, iou_t1: 0.6764, iou_t2: 0.5873, iou_t3: 0.6865, iou_t4: 0.5692, iou_t5: 0.5393, loss: 0.1205
2026-05-08 21:24:21,427 - mmdet - INFO - Iter [43125/120000]	lr: 1.000e-04, eta: 1 day, 8:37:03, time: 1.356, data_time: 0.019, memory: 37118, loss_mask: 0.1066, loss_texture: 0.0191, iou: 0.6139, iou_t0: 0.6713, iou_t1: 0.6789, iou_t2: 0.6079, iou_t3: 0.5744, iou_t4: 0.5992, iou_t5: 0.6307, loss: 0.1257
2026-05-08 21:24:55,809 - mmdet - INFO - Iter [43150/120000]	lr: 1.000e-04, eta: 1 day, 8:35:57, time: 1.375, data_time: 0.019, memory: 37118, loss_mask: 0.1070, loss_texture: 0.0205, iou: 0.6257, iou_t0: 0.6764, iou_t1: 0.7605, iou_t2: 0.5895, iou_t3: 0.6567, iou_t4: 0.6148, iou_t5: 0.5987, loss: 0.1274
2026-05-08 21:25:29,970 - mmdet - INFO - Iter [43175/120000]	lr: 1.000e-04, eta: 1 day, 8:34:50, time: 1.366, data_time: 0.020, memory: 37118, loss_mask: 0.0934, loss_texture: 0.0183, iou: 0.6104, iou_t0: 0.6365, iou_t1: 0.5492, iou_t2: 0.6238, iou_t3: 0.5850, iou_t4: 0.6596, iou_t5: 0.5796, loss: 0.1117
2026-05-08 21:26:05,056 - mmdet - INFO - Iter [43200/120000]	lr: 1.000e-04, eta: 1 day, 8:33:50, time: 1.403, data_time: 0.020, memory: 37118, loss_mask: 0.1151, loss_texture: 0.0207, iou: 0.6252, iou_t0: 0.5997, iou_t1: 0.6269, iou_t2: 0.7563, iou_t3: 0.6562, iou_t4: 0.5990, iou_t5: 0.5030, loss: 0.1358
2026-05-08 21:26:39,039 - mmdet - INFO - Iter [43225/120000]	lr: 1.000e-04, eta: 1 day, 8:32:42, time: 1.359, data_time: 0.019, memory: 37118, loss_mask: 0.1096, loss_texture: 0.0207, iou: 0.6259, iou_t0: 0.6832, iou_t1: 0.6425, iou_t2: 0.6641, iou_t3: 0.5567, iou_t4: 0.6050, iou_t5: 0.5952, loss: 0.1303
2026-05-08 21:27:13,119 - mmdet - INFO - Iter [43250/120000]	lr: 1.000e-04, eta: 1 day, 8:31:35, time: 1.363, data_time: 0.019, memory: 37118, loss_mask: 0.1049, loss_texture: 0.0203, iou: 0.6407, iou_t0: 0.6989, iou_t1: 0.6581, iou_t2: 0.6485, iou_t3: 0.4633, iou_t4: 0.6298, iou_t5: 0.6546, loss: 0.1251
2026-05-08 21:27:47,114 - mmdet - INFO - Iter [43275/120000]	lr: 1.000e-04, eta: 1 day, 8:30:27, time: 1.360, data_time: 0.019, memory: 37118, loss_mask: 0.0988, loss_texture: 0.0190, iou: 0.6412, iou_t0: 0.6350, iou_t1: 0.6457, iou_t2: 0.6666, iou_t3: 0.6210, iou_t4: 0.6377, iou_t5: 0.6639, loss: 0.1179
2026-05-08 21:28:20,986 - mmdet - INFO - Iter [43300/120000]	lr: 1.000e-04, eta: 1 day, 8:29:19, time: 1.355, data_time: 0.020, memory: 37118, loss_mask: 0.1046, loss_texture: 0.0204, iou: 0.6344, iou_t0: 0.6479, iou_t1: 0.6372, iou_t2: 0.5960, iou_t3: 0.6719, iou_t4: 0.6440, iou_t5: 0.6129, loss: 0.1250
2026-05-08 21:28:54,653 - mmdet - INFO - Iter [43325/120000]	lr: 1.000e-04, eta: 1 day, 8:28:09, time: 1.347, data_time: 0.019, memory: 37118, loss_mask: 0.0891, loss_texture: 0.0181, iou: 0.6143, iou_t0: 0.6257, iou_t1: 0.6498, iou_t2: 0.5960, iou_t3: 0.6445, iou_t4: 0.5882, iou_t5: 0.5946, loss: 0.1072
2026-05-08 21:29:28,138 - mmdet - INFO - Iter [43350/120000]	lr: 1.000e-04, eta: 1 day, 8:26:58, time: 1.339, data_time: 0.019, memory: 37118, loss_mask: 0.0905, loss_texture: 0.0182, iou: 0.6014, iou_t0: 0.5922, iou_t1: 0.6781, iou_t2: 0.6180, iou_t3: 0.5876, iou_t4: 0.6180, iou_t5: 0.5589, loss: 0.1087
2026-05-08 21:30:02,352 - mmdet - INFO - Iter [43375/120000]	lr: 1.000e-04, eta: 1 day, 8:25:53, time: 1.369, data_time: 0.020, memory: 37118, loss_mask: 0.0947, loss_texture: 0.0188, iou: 0.6346, iou_t0: 0.6597, iou_t1: 0.6106, iou_t2: 0.6305, iou_t3: 0.7232, iou_t4: 0.6648, iou_t5: 0.6225, loss: 0.1136
2026-05-08 21:30:35,795 - mmdet - INFO - Iter [43400/120000]	lr: 1.000e-04, eta: 1 day, 8:24:42, time: 1.338, data_time: 0.020, memory: 37118, loss_mask: 0.0965, loss_texture: 0.0182, iou: 0.6097, iou_t0: 0.5280, iou_t1: 0.5972, iou_t2: 0.5417, iou_t3: 0.6449, iou_t4: 0.6353, iou_t5: 0.6646, loss: 0.1147
2026-05-08 21:31:09,978 - mmdet - INFO - Iter [43425/120000]	lr: 1.000e-04, eta: 1 day, 8:23:36, time: 1.367, data_time: 0.019, memory: 37118, loss_mask: 0.1115, loss_texture: 0.0213, iou: 0.6124, iou_t0: 0.6279, iou_t1: 0.6111, iou_t2: 0.6232, iou_t3: 0.5933, iou_t4: 0.6554, iou_t5: 0.6125, loss: 0.1329
2026-05-08 21:31:44,483 - mmdet - INFO - Iter [43450/120000]	lr: 1.000e-04, eta: 1 day, 8:22:33, time: 1.380, data_time: 0.019, memory: 37118, loss_mask: 0.1121, loss_texture: 0.0218, iou: 0.6406, iou_t0: 0.6536, iou_t1: 0.6918, iou_t2: 0.6735, iou_t3: 0.6660, iou_t4: 0.6058, iou_t5: 0.6180, loss: 0.1338
2026-05-08 21:32:19,090 - mmdet - INFO - Iter [43475/120000]	lr: 1.000e-04, eta: 1 day, 8:21:31, time: 1.384, data_time: 0.020, memory: 37118, loss_mask: 0.1083, loss_texture: 0.0209, iou: 0.6324, iou_t0: 0.5955, iou_t1: 0.5185, iou_t2: 0.6231, iou_t3: 0.6644, iou_t4: 0.6230, iou_t5: 0.6532, loss: 0.1292
2026-05-08 21:32:52,748 - mmdet - INFO - 
--- Val evaluation at iter 43500 ---
2026-05-08 21:34:09,351 - mmdet - INFO - 
+------------+-------------+-------------+
| Class      | Val IoU     | Pseudo IoU  |
+------------+-------------+-------------+
| background | 90.62       | 93.28       |
| building   | 51.91       | 59.08       |
| Summary    | mIoU: 71.26 | mIoU: 76.18 |
+------------+-------------+-------------+
Images evaluated: 10
2026-05-08 21:34:10,663 - mmdet - INFO - Iter [43500/120000]	lr: 1.000e-04, eta: 1 day, 8:20:23, time: 1.346, data_time: 0.020, memory: 37118, val/mIoU: 0.7126, val/IoU.building: 0.5191, val/IoU.background: 0.9062, val/Pseudo_mIoU: 0.7618, loss_mask: 0.0889, loss_texture: 0.0175, iou: 0.6149, iou_t0: 0.6107, iou_t1: 0.6433, iou_t2: 0.6241, iou_t3: 0.5473, iou_t4: 0.7055, iou_t5: 0.6057, loss: 0.1065
2026-05-08 21:34:44,175 - mmdet - INFO - Iter [43525/120000]	lr: 1.000e-04, eta: 1 day, 8:28:14, time: 4.457, data_time: 3.136, memory: 37118, loss_mask: 0.0990, loss_texture: 0.0190, iou: 0.5905, iou_t0: 0.5588, iou_t1: 0.6210, iou_t2: 0.6277, iou_t3: 0.5726, iou_t4: 0.5974, iou_t5: 0.5087, loss: 0.1180
2026-05-08 21:35:18,365 - mmdet - INFO - Iter [43550/120000]	lr: 1.000e-04, eta: 1 day, 8:27:07, time: 1.368, data_time: 0.019, memory: 37118, loss_mask: 0.1108, loss_texture: 0.0205, iou: 0.6104, iou_t0: 0.6271, iou_t1: 0.5621, iou_t2: 0.5887, iou_t3: 0.5865, iou_t4: 0.6538, iou_t5: 0.5560, loss: 0.1313
2026-05-08 21:35:52,221 - mmdet - INFO - Iter [43575/120000]	lr: 1.000e-04, eta: 1 day, 8:25:59, time: 1.354, data_time: 0.020, memory: 37118, loss_mask: 0.0903, loss_texture: 0.0177, iou: 0.6163, iou_t0: 0.6490, iou_t1: 0.6506, iou_t2: 0.6215, iou_t3: 0.6560, iou_t4: 0.5551, iou_t5: 0.6068, loss: 0.1080
2026-05-08 21:36:26,345 - mmdet - INFO - Iter [43600/120000]	lr: 1.000e-04, eta: 1 day, 8:24:53, time: 1.365, data_time: 0.020, memory: 37118, loss_mask: 0.1004, loss_texture: 0.0189, iou: 0.6291, iou_t0: 0.6915, iou_t1: 0.6437, iou_t2: 0.6788, iou_t3: 0.6012, iou_t4: 0.5426, iou_t5: 0.6537, loss: 0.1194
2026-05-08 21:37:01,119 - mmdet - INFO - Iter [43625/120000]	lr: 1.000e-04, eta: 1 day, 8:23:51, time: 1.391, data_time: 0.019, memory: 37118, loss_mask: 0.1029, loss_texture: 0.0199, iou: 0.6163, iou_t0: 0.6627, iou_t1: 0.5641, iou_t2: 0.6275, iou_t3: 0.6599, iou_t4: 0.6436, iou_t5: 0.5790, loss: 0.1229
2026-05-08 21:37:34,929 - mmdet - INFO - Iter [43650/120000]	lr: 1.000e-04, eta: 1 day, 8:22:43, time: 1.352, data_time: 0.019, memory: 37118, loss_mask: 0.0959, loss_texture: 0.0187, iou: 0.6158, iou_t0: 0.5492, iou_t1: 0.6987, iou_t2: 0.7067, iou_t3: 0.6060, iou_t4: 0.5885, iou_t5: 0.5467, loss: 0.1146
2026-05-08 21:38:09,166 - mmdet - INFO - Iter [43675/120000]	lr: 1.000e-04, eta: 1 day, 8:21:38, time: 1.369, data_time: 0.020, memory: 37118, loss_mask: 0.0977, loss_texture: 0.0193, iou: 0.6220, iou_t0: 0.5750, iou_t1: 0.6791, iou_t2: 0.7457, iou_t3: 0.5884, iou_t4: 0.6817, iou_t5: 0.5592, loss: 0.1170
2026-05-08 21:38:42,970 - mmdet - INFO - Iter [43700/120000]	lr: 1.000e-04, eta: 1 day, 8:20:31, time: 1.352, data_time: 0.021, memory: 37118, loss_mask: 0.1014, loss_texture: 0.0192, iou: 0.6213, iou_t0: 0.5680, iou_t1: 0.6951, iou_t2: 0.6165, iou_t3: 0.5737, iou_t4: 0.6371, iou_t5: 0.6109, loss: 0.1206
2026-05-08 21:39:16,424 - mmdet - INFO - Iter [43725/120000]	lr: 1.000e-04, eta: 1 day, 8:19:20, time: 1.338, data_time: 0.019, memory: 37118, loss_mask: 0.1037, loss_texture: 0.0195, iou: 0.6058, iou_t0: 0.6903, iou_t1: 0.6226, iou_t2: 0.5707, iou_t3: 0.5630, iou_t4: 0.5568, iou_t5: 0.5520, loss: 0.1233
2026-05-08 21:39:49,561 - mmdet - INFO - Iter [43750/120000]	lr: 1.000e-04, eta: 1 day, 8:18:08, time: 1.325, data_time: 0.019, memory: 37118, loss_mask: 0.1002, loss_texture: 0.0185, iou: 0.5892, iou_t0: 0.5834, iou_t1: 0.5738, iou_t2: 0.5263, iou_t3: 0.6923, iou_t4: 0.5926, iou_t5: 0.6483, loss: 0.1187
2026-05-08 21:40:23,643 - mmdet - INFO - Iter [43775/120000]	lr: 1.000e-04, eta: 1 day, 8:17:03, time: 1.363, data_time: 0.020, memory: 37118, loss_mask: 0.1051, loss_texture: 0.0206, iou: 0.6040, iou_t0: 0.5803, iou_t1: 0.6091, iou_t2: 0.6484, iou_t3: 0.6216, iou_t4: 0.5872, iou_t5: 0.5628, loss: 0.1257
2026-05-08 21:40:57,686 - mmdet - INFO - Iter [43800/120000]	lr: 1.000e-04, eta: 1 day, 8:15:57, time: 1.362, data_time: 0.020, memory: 37118, loss_mask: 0.0989, loss_texture: 0.0199, iou: 0.6023, iou_t0: 0.5593, iou_t1: 0.6077, iou_t2: 0.6289, iou_t3: 0.6868, iou_t4: 0.6036, iou_t5: 0.5747, loss: 0.1188
2026-05-08 21:41:31,486 - mmdet - INFO - Iter [43825/120000]	lr: 1.000e-04, eta: 1 day, 8:14:50, time: 1.352, data_time: 0.019, memory: 37118, loss_mask: 0.0977, loss_texture: 0.0194, iou: 0.5770, iou_t0: 0.5339, iou_t1: 0.6161, iou_t2: 0.5488, iou_t3: 0.6120, iou_t4: 0.6415, iou_t5: 0.6028, loss: 0.1171
2026-05-08 21:42:05,616 - mmdet - INFO - Iter [43850/120000]	lr: 1.000e-04, eta: 1 day, 8:13:46, time: 1.365, data_time: 0.019, memory: 37118, loss_mask: 0.0955, loss_texture: 0.0187, iou: 0.6197, iou_t0: 0.6637, iou_t1: 0.6324, iou_t2: 0.5799, iou_t3: 0.5474, iou_t4: 0.5278, iou_t5: 0.6274, loss: 0.1142
2026-05-08 21:42:39,190 - mmdet - INFO - Iter [43875/120000]	lr: 1.000e-04, eta: 1 day, 8:12:37, time: 1.343, data_time: 0.020, memory: 37118, loss_mask: 0.1004, loss_texture: 0.0193, iou: 0.6288, iou_t0: 0.5758, iou_t1: 0.6267, iou_t2: 0.5807, iou_t3: 0.5532, iou_t4: 0.6754, iou_t5: 0.6661, loss: 0.1197
2026-05-08 21:43:13,621 - mmdet - INFO - Iter [43900/120000]	lr: 1.000e-04, eta: 1 day, 8:11:35, time: 1.377, data_time: 0.021, memory: 37118, loss_mask: 0.0973, loss_texture: 0.0192, iou: 0.6523, iou_t0: 0.6646, iou_t1: 0.6452, iou_t2: 0.6845, iou_t3: 0.6246, iou_t4: 0.6109, iou_t5: 0.6830, loss: 0.1165
2026-05-08 21:43:47,717 - mmdet - INFO - Iter [43925/120000]	lr: 1.000e-04, eta: 1 day, 8:10:30, time: 1.364, data_time: 0.019, memory: 37118, loss_mask: 0.0897, loss_texture: 0.0179, iou: 0.6262, iou_t0: 0.6187, iou_t1: 0.6072, iou_t2: 0.6836, iou_t3: 0.6205, iou_t4: 0.6673, iou_t5: 0.6276, loss: 0.1076
2026-05-08 21:44:22,133 - mmdet - INFO - Iter [43950/120000]	lr: 1.000e-04, eta: 1 day, 8:09:28, time: 1.377, data_time: 0.019, memory: 37118, loss_mask: 0.0926, loss_texture: 0.0187, iou: 0.6242, iou_t0: 0.6077, iou_t1: 0.6718, iou_t2: 0.6544, iou_t3: 0.5473, iou_t4: 0.6014, iou_t5: 0.6458, loss: 0.1113
2026-05-08 21:44:56,329 - mmdet - INFO - Iter [43975/120000]	lr: 1.000e-04, eta: 1 day, 8:08:24, time: 1.368, data_time: 0.020, memory: 37118, loss_mask: 0.0993, loss_texture: 0.0195, iou: 0.6424, iou_t0: 0.6212, iou_t1: 0.6015, iou_t2: 0.7230, iou_t3: 0.6574, iou_t4: 0.6198, iou_t5: 0.6201, loss: 0.1188
2026-05-08 21:45:30,442 - mmdet - INFO - 
--- Val evaluation at iter 44000 ---
2026-05-08 21:46:47,124 - mmdet - INFO - 
+------------+-------------+-------------+
| Class      | Val IoU     | Pseudo IoU  |
+------------+-------------+-------------+
| background | 89.08       | 93.28       |
| building   | 48.57       | 59.08       |
| Summary    | mIoU: 68.82 | mIoU: 76.18 |
+------------+-------------+-------------+
Images evaluated: 10
2026-05-08 21:46:48,437 - mmdet - INFO - Exp name: exp8_all.py
2026-05-08 21:46:48,437 - mmdet - INFO - Iter [44000/120000]	lr: 1.000e-04, eta: 1 day, 8:07:20, time: 1.365, data_time: 0.020, memory: 37118, val/mIoU: 0.6882, val/IoU.building: 0.4857, val/IoU.background: 0.8908, val/Pseudo_mIoU: 0.7618, loss_mask: 0.0916, loss_texture: 0.0180, iou: 0.6177, iou_t0: 0.6058, iou_t1: 0.6774, iou_t2: 0.7509, iou_t3: 0.5800, iou_t4: 0.6405, iou_t5: 0.5828, loss: 0.1096
2026-05-08 21:47:22,436 - mmdet - INFO - Iter [44025/120000]	lr: 1.000e-04, eta: 1 day, 8:14:50, time: 4.480, data_time: 3.139, memory: 37118, loss_mask: 0.0878, loss_texture: 0.0169, iou: 0.6146, iou_t0: 0.5052, iou_t1: 0.5826, iou_t2: 0.6686, iou_t3: 0.6746, iou_t4: 0.5244, iou_t5: 0.6566, loss: 0.1047
2026-05-08 21:47:55,566 - mmdet - INFO - Iter [44050/120000]	lr: 1.000e-04, eta: 1 day, 8:13:38, time: 1.325, data_time: 0.019, memory: 37118, loss_mask: 0.0858, loss_texture: 0.0173, iou: 0.5969, iou_t0: 0.6572, iou_t1: 0.6536, iou_t2: 0.6095, iou_t3: 0.4855, iou_t4: 0.6359, iou_t5: 0.6031, loss: 0.1030
2026-05-08 21:48:29,270 - mmdet - INFO - Iter [44075/120000]	lr: 1.000e-04, eta: 1 day, 8:12:31, time: 1.348, data_time: 0.020, memory: 37118, loss_mask: 0.0884, loss_texture: 0.0181, iou: 0.6230, iou_t0: 0.6458, iou_t1: 0.5883, iou_t2: 0.6226, iou_t3: 0.6392, iou_t4: 0.6691, iou_t5: 0.5294, loss: 0.1066
2026-05-08 21:49:03,539 - mmdet - INFO - Iter [44100/120000]	lr: 1.000e-04, eta: 1 day, 8:11:27, time: 1.371, data_time: 0.020, memory: 37118, loss_mask: 0.1034, loss_texture: 0.0205, iou: 0.6182, iou_t0: 0.6206, iou_t1: 0.6701, iou_t2: 0.6006, iou_t3: 0.6911, iou_t4: 0.5832, iou_t5: 0.5852, loss: 0.1239
2026-05-08 21:49:37,015 - mmdet - INFO - Iter [44125/120000]	lr: 1.000e-04, eta: 1 day, 8:10:18, time: 1.339, data_time: 0.019, memory: 37118, loss_mask: 0.0900, loss_texture: 0.0186, iou: 0.6093, iou_t0: 0.6017, iou_t1: 0.6303, iou_t2: 0.5588, iou_t3: 0.5681, iou_t4: 0.6686, iou_t5: 0.6141, loss: 0.1086
2026-05-08 21:50:11,423 - mmdet - INFO - Iter [44150/120000]	lr: 1.000e-04, eta: 1 day, 8:09:15, time: 1.376, data_time: 0.019, memory: 37118, loss_mask: 0.0938, loss_texture: 0.0192, iou: 0.6376, iou_t0: 0.7032, iou_t1: 0.7535, iou_t2: 0.5880, iou_t3: 0.6850, iou_t4: 0.5570, iou_t5: 0.6013, loss: 0.1129
2026-05-08 21:50:45,046 - mmdet - INFO - Iter [44175/120000]	lr: 1.000e-04, eta: 1 day, 8:08:08, time: 1.345, data_time: 0.020, memory: 37118, loss_mask: 0.0940, loss_texture: 0.0186, iou: 0.6279, iou_t0: 0.6424, iou_t1: 0.5752, iou_t2: 0.6015, iou_t3: 0.7181, iou_t4: 0.6490, iou_t5: 0.6198, loss: 0.1127
2026-05-08 21:51:19,347 - mmdet - INFO - Iter [44200/120000]	lr: 1.000e-04, eta: 1 day, 8:07:05, time: 1.372, data_time: 0.020, memory: 37118, loss_mask: 0.0954, loss_texture: 0.0190, iou: 0.5949, iou_t0: 0.6333, iou_t1: 0.5293, iou_t2: 0.6135, iou_t3: 0.6285, iou_t4: 0.6617, iou_t5: 0.5625, loss: 0.1145
2026-05-08 21:51:53,428 - mmdet - INFO - Iter [44225/120000]	lr: 1.000e-04, eta: 1 day, 8:06:00, time: 1.363, data_time: 0.019, memory: 37118, loss_mask: 0.0944, loss_texture: 0.0190, iou: 0.5995, iou_t0: 0.6160, iou_t1: 0.7197, iou_t2: 0.5779, iou_t3: 0.6145, iou_t4: 0.6168, iou_t5: 0.5385, loss: 0.1134
2026-05-08 21:52:27,238 - mmdet - INFO - Iter [44250/120000]	lr: 1.000e-04, eta: 1 day, 8:04:54, time: 1.352, data_time: 0.019, memory: 37118, loss_mask: 0.0936, loss_texture: 0.0193, iou: 0.6334, iou_t0: 0.5610, iou_t1: 0.6562, iou_t2: 0.7083, iou_t3: 0.6910, iou_t4: 0.5500, iou_t5: 0.6397, loss: 0.1129
2026-05-08 21:53:02,206 - mmdet - INFO - Iter [44275/120000]	lr: 1.000e-04, eta: 1 day, 8:03:56, time: 1.399, data_time: 0.020, memory: 37118, loss_mask: 0.1017, loss_texture: 0.0204, iou: 0.6812, iou_t0: 0.6572, iou_t1: 0.7642, iou_t2: 0.6759, iou_t3: 0.6701, iou_t4: 0.6962, iou_t5: 0.6687, loss: 0.1221
2026-05-08 21:53:35,769 - mmdet - INFO - Iter [44300/120000]	lr: 1.000e-04, eta: 1 day, 8:02:49, time: 1.343, data_time: 0.020, memory: 37118, loss_mask: 0.0787, loss_texture: 0.0168, iou: 0.6279, iou_t0: 0.6161, iou_t1: 0.6104, iou_t2: 0.5238, iou_t3: 0.6215, iou_t4: 0.6618, iou_t5: 0.6548, loss: 0.0955
2026-05-08 21:54:10,108 - mmdet - INFO - Iter [44325/120000]	lr: 1.000e-04, eta: 1 day, 8:01:47, time: 1.374, data_time: 0.019, memory: 37118, loss_mask: 0.0961, loss_texture: 0.0198, iou: 0.6659, iou_t0: 0.7337, iou_t1: 0.6976, iou_t2: 0.5841, iou_t3: 0.7168, iou_t4: 0.6925, iou_t5: 0.6827, loss: 0.1158
2026-05-08 21:54:43,072 - mmdet - INFO - Iter [44350/120000]	lr: 1.000e-04, eta: 1 day, 8:00:36, time: 1.319, data_time: 0.019, memory: 37118, loss_mask: 0.0876, loss_texture: 0.0175, iou: 0.5833, iou_t0: 0.6591, iou_t1: 0.5878, iou_t2: 0.4866, iou_t3: 0.6372, iou_t4: 0.5896, iou_t5: 0.5383, loss: 0.1051
2026-05-08 21:55:16,834 - mmdet - INFO - Iter [44375/120000]	lr: 1.000e-04, eta: 1 day, 7:59:30, time: 1.350, data_time: 0.020, memory: 37118, loss_mask: 0.0958, loss_texture: 0.0194, iou: 0.6309, iou_t0: 0.7215, iou_t1: 0.6262, iou_t2: 0.6381, iou_t3: 0.6587, iou_t4: 0.5965, iou_t5: 0.5575, loss: 0.1152
2026-05-08 21:55:51,609 - mmdet - INFO - Iter [44400/120000]	lr: 1.000e-04, eta: 1 day, 7:58:31, time: 1.391, data_time: 0.020, memory: 37118, loss_mask: 0.0990, loss_texture: 0.0205, iou: 0.6231, iou_t0: 0.6099, iou_t1: 0.5883, iou_t2: 0.6701, iou_t3: 0.7176, iou_t4: 0.5884, iou_t5: 0.6316, loss: 0.1196
2026-05-08 21:56:25,542 - mmdet - INFO - Iter [44425/120000]	lr: 1.000e-04, eta: 1 day, 7:57:27, time: 1.357, data_time: 0.019, memory: 37118, loss_mask: 0.1004, loss_texture: 0.0201, iou: 0.6218, iou_t0: 0.5235, iou_t1: 0.6539, iou_t2: 0.6112, iou_t3: 0.6626, iou_t4: 0.6484, iou_t5: 0.6331, loss: 0.1205
2026-05-08 21:56:59,310 - mmdet - INFO - Iter [44450/120000]	lr: 1.000e-04, eta: 1 day, 7:56:22, time: 1.351, data_time: 0.019, memory: 37118, loss_mask: 0.0877, loss_texture: 0.0180, iou: 0.6201, iou_t0: 0.6285, iou_t1: 0.6999, iou_t2: 0.6229, iou_t3: 0.6663, iou_t4: 0.6177, iou_t5: 0.5389, loss: 0.1057
2026-05-08 21:57:33,447 - mmdet - INFO - Iter [44475/120000]	lr: 1.000e-04, eta: 1 day, 7:55:19, time: 1.365, data_time: 0.020, memory: 37118, loss_mask: 0.0908, loss_texture: 0.0189, iou: 0.6221, iou_t0: 0.6735, iou_t1: 0.7218, iou_t2: 0.6473, iou_t3: 0.6958, iou_t4: 0.5045, iou_t5: 0.5730, loss: 0.1097
2026-05-08 21:58:08,283 - mmdet - INFO - 
--- Val evaluation at iter 44500 ---
2026-05-08 21:59:25,011 - mmdet - INFO - 
+------------+-------------+-------------+
| Class      | Val IoU     | Pseudo IoU  |
+------------+-------------+-------------+
| background | 87.39       | 93.28       |
| building   | 45.11       | 59.08       |
| Summary    | mIoU: 66.25 | mIoU: 76.18 |
+------------+-------------+-------------+
Images evaluated: 10
2026-05-08 21:59:26,285 - mmdet - INFO - Iter [44500/120000]	lr: 1.000e-04, eta: 1 day, 7:54:21, time: 1.393, data_time: 0.020, memory: 37118, val/mIoU: 0.6625, val/IoU.building: 0.4511, val/IoU.background: 0.8739, val/Pseudo_mIoU: 0.7618, loss_mask: 0.1029, loss_texture: 0.0203, iou: 0.6520, iou_t0: 0.6508, iou_t1: 0.6860, iou_t2: 0.6974, iou_t3: 0.5862, iou_t4: 0.6626, iou_t5: 0.5807, loss: 0.1232
2026-05-08 21:59:59,984 - mmdet - INFO - Iter [44525/120000]	lr: 1.000e-04, eta: 1 day, 8:01:25, time: 4.468, data_time: 3.140, memory: 37118, loss_mask: 0.0868, loss_texture: 0.0175, iou: 0.5870, iou_t0: 0.5391, iou_t1: 0.6142, iou_t2: 0.6120, iou_t3: 0.5459, iou_t4: 0.6609, iou_t5: 0.6271, loss: 0.1043
2026-05-08 22:00:33,864 - mmdet - INFO - Iter [44550/120000]	lr: 1.000e-04, eta: 1 day, 8:00:20, time: 1.355, data_time: 0.019, memory: 37118, loss_mask: 0.0855, loss_texture: 0.0178, iou: 0.6161, iou_t0: 0.6779, iou_t1: 0.5351, iou_t2: 0.6772, iou_t3: 0.6110, iou_t4: 0.6155, iou_t5: 0.5110, loss: 0.1033
2026-05-08 22:01:07,953 - mmdet - INFO - Iter [44575/120000]	lr: 1.000e-04, eta: 1 day, 7:59:16, time: 1.364, data_time: 0.020, memory: 37118, loss_mask: 0.0907, loss_texture: 0.0190, iou: 0.6343, iou_t0: 0.6888, iou_t1: 0.5915, iou_t2: 0.6499, iou_t3: 0.6257, iou_t4: 0.5928, iou_t5: 0.6405, loss: 0.1096
2026-05-08 22:01:41,706 - mmdet - INFO - Iter [44600/120000]	lr: 1.000e-04, eta: 1 day, 7:58:11, time: 1.350, data_time: 0.020, memory: 37118, loss_mask: 0.0886, loss_texture: 0.0175, iou: 0.6180, iou_t0: 0.6460, iou_t1: 0.5813, iou_t2: 0.6285, iou_t3: 0.6444, iou_t4: 0.5629, iou_t5: 0.6380, loss: 0.1062
2026-05-08 22:02:15,837 - mmdet - INFO - Iter [44625/120000]	lr: 1.000e-04, eta: 1 day, 7:57:07, time: 1.365, data_time: 0.019, memory: 37118, loss_mask: 0.0954, loss_texture: 0.0193, iou: 0.6099, iou_t0: 0.5908, iou_t1: 0.6165, iou_t2: 0.6269, iou_t3: 0.6192, iou_t4: 0.6429, iou_t5: 0.5500, loss: 0.1147
2026-05-08 22:02:49,374 - mmdet - INFO - Iter [44650/120000]	lr: 1.000e-04, eta: 1 day, 7:56:01, time: 1.341, data_time: 0.019, memory: 37118, loss_mask: 0.0843, loss_texture: 0.0170, iou: 0.5861, iou_t0: 0.5996, iou_t1: 0.5358, iou_t2: 0.6137, iou_t3: 0.6208, iou_t4: 0.5709, iou_t5: 0.6023, loss: 0.1012
2026-05-08 22:03:23,586 - mmdet - INFO - Iter [44675/120000]	lr: 1.000e-04, eta: 1 day, 7:54:58, time: 1.368, data_time: 0.020, memory: 37118, loss_mask: 0.0898, loss_texture: 0.0185, iou: 0.6367, iou_t0: 0.6235, iou_t1: 0.7598, iou_t2: 0.6510, iou_t3: 0.5559, iou_t4: 0.6821, iou_t5: 0.6158, loss: 0.1083
2026-05-08 22:03:57,746 - mmdet - INFO - Iter [44700/120000]	lr: 1.000e-04, eta: 1 day, 7:53:55, time: 1.366, data_time: 0.020, memory: 37118, loss_mask: 0.0978, loss_texture: 0.0201, iou: 0.6160, iou_t0: 0.6391, iou_t1: 0.5869, iou_t2: 0.5916, iou_t3: 0.5279, iou_t4: 0.6675, iou_t5: 0.6582, loss: 0.1179
2026-05-08 22:04:31,398 - mmdet - INFO - Iter [44725/120000]	lr: 1.000e-04, eta: 1 day, 7:52:50, time: 1.346, data_time: 0.019, memory: 37118, loss_mask: 0.0939, loss_texture: 0.0186, iou: 0.5874, iou_t0: 0.5968, iou_t1: 0.6099, iou_t2: 0.5480, iou_t3: 0.6167, iou_t4: 0.5450, iou_t5: 0.5203, loss: 0.1125
2026-05-08 22:05:05,609 - mmdet - INFO - Iter [44750/120000]	lr: 1.000e-04, eta: 1 day, 7:51:48, time: 1.368, data_time: 0.019, memory: 37118, loss_mask: 0.0894, loss_texture: 0.0182, iou: 0.6157, iou_t0: 0.6650, iou_t1: 0.6109, iou_t2: 0.7245, iou_t3: 0.5817, iou_t4: 0.5572, iou_t5: 0.4768, loss: 0.1077
2026-05-08 22:05:39,281 - mmdet - INFO - Iter [44775/120000]	lr: 1.000e-04, eta: 1 day, 7:50:42, time: 1.347, data_time: 0.020, memory: 37118, loss_mask: 0.0829, loss_texture: 0.0167, iou: 0.6410, iou_t0: 0.6576, iou_t1: 0.6803, iou_t2: 0.6265, iou_t3: 0.5850, iou_t4: 0.6174, iou_t5: 0.6269, loss: 0.0996
2026-05-08 22:06:13,243 - mmdet - INFO - Iter [44800/120000]	lr: 1.000e-04, eta: 1 day, 7:49:39, time: 1.358, data_time: 0.020, memory: 37118, loss_mask: 0.0879, loss_texture: 0.0179, iou: 0.6086, iou_t0: 0.5979, iou_t1: 0.6584, iou_t2: 0.6388, iou_t3: 0.6330, iou_t4: 0.5624, iou_t5: 0.5692, loss: 0.1058
2026-05-08 22:06:47,127 - mmdet - INFO - Iter [44825/120000]	lr: 1.000e-04, eta: 1 day, 7:48:35, time: 1.355, data_time: 0.019, memory: 37118, loss_mask: 0.0841, loss_texture: 0.0167, iou: 0.5984, iou_t0: 0.5895, iou_t1: 0.7097, iou_t2: 0.5401, iou_t3: 0.6375, iou_t4: 0.6141, iou_t5: 0.4736, loss: 0.1008
2026-05-08 22:07:21,112 - mmdet - INFO - Iter [44850/120000]	lr: 1.000e-04, eta: 1 day, 7:47:32, time: 1.359, data_time: 0.019, memory: 37118, loss_mask: 0.1099, loss_texture: 0.0198, iou: 0.5872, iou_t0: 0.5845, iou_t1: 0.6398, iou_t2: 0.6174, iou_t3: 0.6167, iou_t4: 0.4750, iou_t5: 0.5913, loss: 0.1297
2026-05-08 22:07:54,737 - mmdet - INFO - Iter [44875/120000]	lr: 1.000e-04, eta: 1 day, 7:46:27, time: 1.345, data_time: 0.020, memory: 37118, loss_mask: 0.0857, loss_texture: 0.0165, iou: 0.6294, iou_t0: 0.5867, iou_t1: 0.6453, iou_t2: 0.6356, iou_t3: 0.6868, iou_t4: 0.6388, iou_t5: 0.6027, loss: 0.1022
2026-05-08 22:08:29,307 - mmdet - INFO - Iter [44900/120000]	lr: 1.000e-04, eta: 1 day, 7:45:28, time: 1.383, data_time: 0.020, memory: 37118, loss_mask: 0.1229, loss_texture: 0.0210, iou: 0.6243, iou_t0: 0.5562, iou_t1: 0.7004, iou_t2: 0.6671, iou_t3: 0.6176, iou_t4: 0.6112, iou_t5: 0.5358, loss: 0.1439
2026-05-08 22:09:03,580 - mmdet - INFO - Iter [44925/120000]	lr: 1.000e-04, eta: 1 day, 7:44:27, time: 1.371, data_time: 0.019, memory: 37118, loss_mask: 0.1046, loss_texture: 0.0198, iou: 0.6167, iou_t0: 0.6398, iou_t1: 0.6305, iou_t2: 0.5692, iou_t3: 0.5889, iou_t4: 0.6070, iou_t5: 0.6414, loss: 0.1244
2026-05-08 22:09:37,682 - mmdet - INFO - Iter [44950/120000]	lr: 1.000e-04, eta: 1 day, 7:43:25, time: 1.364, data_time: 0.019, memory: 37118, loss_mask: 0.0982, loss_texture: 0.0196, iou: 0.6030, iou_t0: 0.5506, iou_t1: 0.5541, iou_t2: 0.5748, iou_t3: 0.6347, iou_t4: 0.5712, iou_t5: 0.6717, loss: 0.1178
2026-05-08 22:10:12,205 - mmdet - INFO - Iter [44975/120000]	lr: 1.000e-04, eta: 1 day, 7:42:26, time: 1.381, data_time: 0.020, memory: 37118, loss_mask: 0.0953, loss_texture: 0.0191, iou: 0.6326, iou_t0: 0.6038, iou_t1: 0.6593, iou_t2: 0.7428, iou_t3: 0.6354, iou_t4: 0.5749, iou_t5: 0.6438, loss: 0.1144
2026-05-08 22:10:46,971 - mmdet - INFO - 
--- Val evaluation at iter 45000 ---
2026-05-08 22:12:03,887 - mmdet - INFO - 
+------------+-------------+-------------+
| Class      | Val IoU     | Pseudo IoU  |
+------------+-------------+-------------+
| background | 86.20       | 93.28       |
| building   | 42.70       | 59.08       |
| Summary    | mIoU: 64.45 | mIoU: 76.18 |
+------------+-------------+-------------+
Images evaluated: 10
2026-05-08 22:12:05,204 - mmdet - INFO - Exp name: exp8_all.py
2026-05-08 22:12:05,204 - mmdet - INFO - Iter [45000/120000]	lr: 1.000e-04, eta: 1 day, 7:41:28, time: 1.391, data_time: 0.020, memory: 37118, val/mIoU: 0.6445, val/IoU.building: 0.4270, val/IoU.background: 0.8620, val/Pseudo_mIoU: 0.7618, loss_mask: 0.1030, loss_texture: 0.0199, iou: 0.6328, iou_t0: 0.6465, iou_t1: 0.6588, iou_t2: 0.5930, iou_t3: 0.7406, iou_t4: 0.6468, iou_t5: 0.5385, loss: 0.1230
2026-05-08 22:12:38,527 - mmdet - INFO - Iter [45025/120000]	lr: 1.000e-04, eta: 1 day, 7:48:10, time: 4.462, data_time: 3.149, memory: 37118, loss_mask: 0.0903, loss_texture: 0.0190, iou: 0.6155, iou_t0: 0.5879, iou_t1: 0.6312, iou_t2: 0.6320, iou_t3: 0.5657, iou_t4: 0.6326, iou_t5: 0.6259, loss: 0.1093
2026-05-08 22:13:12,426 - mmdet - INFO - Iter [45050/120000]	lr: 1.000e-04, eta: 1 day, 7:47:07, time: 1.356, data_time: 0.019, memory: 37118, loss_mask: 0.0886, loss_texture: 0.0178, iou: 0.6096, iou_t0: 0.6353, iou_t1: 0.5231, iou_t2: 0.6494, iou_t3: 0.6281, iou_t4: 0.5409, iou_t5: 0.5977, loss: 0.1064
2026-05-08 22:13:46,526 - mmdet - INFO - Iter [45075/120000]	lr: 1.000e-04, eta: 1 day, 7:46:04, time: 1.364, data_time: 0.020, memory: 37118, loss_mask: 0.0941, loss_texture: 0.0189, iou: 0.6276, iou_t0: 0.6540, iou_t1: 0.6433, iou_t2: 0.6673, iou_t3: 0.6463, iou_t4: 0.6131, iou_t5: 0.5787, loss: 0.1130
2026-05-08 22:14:20,271 - mmdet - INFO - Iter [45100/120000]	lr: 1.000e-04, eta: 1 day, 7:45:00, time: 1.350, data_time: 0.020, memory: 37118, loss_mask: 0.0896, loss_texture: 0.0184, iou: 0.6319, iou_t0: 0.6452, iou_t1: 0.5812, iou_t2: 0.6218, iou_t3: 0.5625, iou_t4: 0.6323, iou_t5: 0.6690, loss: 0.1081
2026-05-08 22:14:54,937 - mmdet - INFO - Iter [45125/120000]	lr: 1.000e-04, eta: 1 day, 7:44:01, time: 1.387, data_time: 0.019, memory: 37118, loss_mask: 0.0986, loss_texture: 0.0188, iou: 0.6279, iou_t0: 0.6694, iou_t1: 0.7200, iou_t2: 0.6620, iou_t3: 0.6600, iou_t4: 0.5183, iou_t5: 0.6153, loss: 0.1173
2026-05-08 22:15:29,365 - mmdet - INFO - Iter [45150/120000]	lr: 1.000e-04, eta: 1 day, 7:43:01, time: 1.377, data_time: 0.019, memory: 37118, loss_mask: 0.0959, loss_texture: 0.0199, iou: 0.6271, iou_t0: 0.6668, iou_t1: 0.6430, iou_t2: 0.6773, iou_t3: 0.6266, iou_t4: 0.6100, iou_t5: 0.5927, loss: 0.1158
2026-05-08 22:16:03,432 - mmdet - INFO - Iter [45175/120000]	lr: 1.000e-04, eta: 1 day, 7:41:59, time: 1.363, data_time: 0.020, memory: 37118, loss_mask: 0.0872, loss_texture: 0.0179, iou: 0.6328, iou_t0: 0.5593, iou_t1: 0.6367, iou_t2: 0.6447, iou_t3: 0.6572, iou_t4: 0.6895, iou_t5: 0.6565, loss: 0.1051
2026-05-08 22:16:36,907 - mmdet - INFO - Iter [45200/120000]	lr: 1.000e-04, eta: 1 day, 7:40:53, time: 1.339, data_time: 0.020, memory: 37118, loss_mask: 0.0854, loss_texture: 0.0176, iou: 0.6240, iou_t0: 0.6168, iou_t1: 0.6153, iou_t2: 0.6380, iou_t3: 0.6334, iou_t4: 0.6614, iou_t5: 0.6922, loss: 0.1030
2026-05-08 22:17:10,752 - mmdet - INFO - Iter [45225/120000]	lr: 1.000e-04, eta: 1 day, 7:39:50, time: 1.354, data_time: 0.019, memory: 37118, loss_mask: 0.0861, loss_texture: 0.0178, iou: 0.6099, iou_t0: 0.5700, iou_t1: 0.7171, iou_t2: 0.6044, iou_t3: 0.6089, iou_t4: 0.5610, iou_t5: 0.5714, loss: 0.1038
2026-05-08 22:17:45,110 - mmdet - INFO - Iter [45250/120000]	lr: 1.000e-04, eta: 1 day, 7:38:50, time: 1.374, data_time: 0.019, memory: 37118, loss_mask: 0.0857, loss_texture: 0.0176, iou: 0.6167, iou_t0: 0.6195, iou_t1: 0.6174, iou_t2: 0.5891, iou_t3: 0.6200, iou_t4: 0.6638, iou_t5: 0.5681, loss: 0.1033
2026-05-08 22:18:18,602 - mmdet - INFO - Iter [45275/120000]	lr: 1.000e-04, eta: 1 day, 7:37:45, time: 1.340, data_time: 0.019, memory: 37118, loss_mask: 0.0814, loss_texture: 0.0171, iou: 0.6336, iou_t0: 0.7253, iou_t1: 0.5556, iou_t2: 0.6036, iou_t3: 0.7170, iou_t4: 0.6447, iou_t5: 0.6381, loss: 0.0985
2026-05-08 22:18:52,855 - mmdet - INFO - Iter [45300/120000]	lr: 1.000e-04, eta: 1 day, 7:36:44, time: 1.370, data_time: 0.020, memory: 37118, loss_mask: 0.0962, loss_texture: 0.0194, iou: 0.6157, iou_t0: 0.5867, iou_t1: 0.5271, iou_t2: 0.6028, iou_t3: 0.7098, iou_t4: 0.5662, iou_t5: 0.6198, loss: 0.1155
2026-05-08 22:19:27,137 - mmdet - INFO - Iter [45325/120000]	lr: 1.000e-04, eta: 1 day, 7:35:44, time: 1.371, data_time: 0.019, memory: 37118, loss_mask: 0.0961, loss_texture: 0.0195, iou: 0.6386, iou_t0: 0.6915, iou_t1: 0.6512, iou_t2: 0.6632, iou_t3: 0.6637, iou_t4: 0.6304, iou_t5: 0.6119, loss: 0.1156
2026-05-08 22:20:01,740 - mmdet - INFO - Iter [45350/120000]	lr: 1.000e-04, eta: 1 day, 7:34:46, time: 1.384, data_time: 0.019, memory: 37118, loss_mask: 0.0957, loss_texture: 0.0197, iou: 0.6166, iou_t0: 0.5028, iou_t1: 0.6296, iou_t2: 0.6499, iou_t3: 0.6674, iou_t4: 0.7038, iou_t5: 0.6057, loss: 0.1154
2026-05-08 22:20:36,134 - mmdet - INFO - Iter [45375/120000]	lr: 1.000e-04, eta: 1 day, 7:33:46, time: 1.376, data_time: 0.020, memory: 37118, loss_mask: 0.0916, loss_texture: 0.0189, iou: 0.6471, iou_t0: 0.7370, iou_t1: 0.6475, iou_t2: 0.6517, iou_t3: 0.6743, iou_t4: 0.6133, iou_t5: 0.6291, loss: 0.1105
2026-05-08 22:21:10,100 - mmdet - INFO - Iter [45400/120000]	lr: 1.000e-04, eta: 1 day, 7:32:45, time: 1.359, data_time: 0.020, memory: 37118, loss_mask: 0.0907, loss_texture: 0.0186, iou: 0.6298, iou_t0: 0.6873, iou_t1: 0.6730, iou_t2: 0.6670, iou_t3: 0.6731, iou_t4: 0.5480, iou_t5: 0.5620, loss: 0.1093
2026-05-08 22:21:44,185 - mmdet - INFO - Iter [45425/120000]	lr: 1.000e-04, eta: 1 day, 7:31:44, time: 1.363, data_time: 0.019, memory: 37118, loss_mask: 0.0909, loss_texture: 0.0187, iou: 0.6122, iou_t0: 0.5890, iou_t1: 0.6544, iou_t2: 0.5902, iou_t3: 0.5681, iou_t4: 0.5336, iou_t5: 0.6268, loss: 0.1096
2026-05-08 22:22:18,123 - mmdet - INFO - Iter [45450/120000]	lr: 1.000e-04, eta: 1 day, 7:30:42, time: 1.358, data_time: 0.019, memory: 37118, loss_mask: 0.0861, loss_texture: 0.0179, iou: 0.6338, iou_t0: 0.6223, iou_t1: 0.6175, iou_t2: 0.6356, iou_t3: 0.5589, iou_t4: 0.6874, iou_t5: 0.6195, loss: 0.1041
2026-05-08 22:22:51,830 - mmdet - INFO - Iter [45475/120000]	lr: 1.000e-04, eta: 1 day, 7:29:39, time: 1.348, data_time: 0.020, memory: 37118, loss_mask: 0.0921, loss_texture: 0.0178, iou: 0.6126, iou_t0: 0.6002, iou_t1: 0.6172, iou_t2: 0.6021, iou_t3: 0.6119, iou_t4: 0.5615, iou_t5: 0.6161, loss: 0.1099
2026-05-08 22:23:26,055 - mmdet - INFO - 
--- Val evaluation at iter 45500 ---
2026-05-08 22:24:42,281 - mmdet - INFO - 
+------------+-------------+-------------+
| Class      | Val IoU     | Pseudo IoU  |
+------------+-------------+-------------+
| background | 88.60       | 93.28       |
| building   | 47.18       | 59.08       |
| Summary    | mIoU: 67.89 | mIoU: 76.18 |
+------------+-------------+-------------+
Images evaluated: 10
2026-05-08 22:24:43,592 - mmdet - INFO - Iter [45500/120000]	lr: 1.000e-04, eta: 1 day, 7:28:39, time: 1.369, data_time: 0.020, memory: 37118, val/mIoU: 0.6789, val/IoU.building: 0.4718, val/IoU.background: 0.8860, val/Pseudo_mIoU: 0.7618, loss_mask: 0.1008, loss_texture: 0.0201, iou: 0.6312, iou_t0: 0.6563, iou_t1: 0.6436, iou_t2: 0.6312, iou_t3: 0.6047, iou_t4: 0.5872, iou_t5: 0.6513, loss: 0.1210
2026-05-08 22:25:17,924 - mmdet - INFO - Iter [45525/120000]	lr: 1.000e-04, eta: 1 day, 7:35:03, time: 4.475, data_time: 3.121, memory: 37118, loss_mask: 0.0924, loss_texture: 0.0191, iou: 0.6458, iou_t0: 0.7176, iou_t1: 0.6771, iou_t2: 0.6586, iou_t3: 0.6085, iou_t4: 0.5243, iou_t5: 0.6722, loss: 0.1115
2026-05-08 22:25:52,622 - mmdet - INFO - Iter [45550/120000]	lr: 1.000e-04, eta: 1 day, 7:34:05, time: 1.388, data_time: 0.019, memory: 37118, loss_mask: 0.0979, loss_texture: 0.0200, iou: 0.6319, iou_t0: 0.6291, iou_t1: 0.6352, iou_t2: 0.7251, iou_t3: 0.6018, iou_t4: 0.6265, iou_t5: 0.6547, loss: 0.1179
2026-05-08 22:26:26,464 - mmdet - INFO - Iter [45575/120000]	lr: 1.000e-04, eta: 1 day, 7:33:02, time: 1.354, data_time: 0.020, memory: 37118, loss_mask: 0.0909, loss_texture: 0.0183, iou: 0.6235, iou_t0: 0.6305, iou_t1: 0.6710, iou_t2: 0.5890, iou_t3: 0.5980, iou_t4: 0.6034, iou_t5: 0.6286, loss: 0.1093
2026-05-08 22:27:00,475 - mmdet - INFO - Iter [45600/120000]	lr: 1.000e-04, eta: 1 day, 7:32:01, time: 1.360, data_time: 0.020, memory: 37118, loss_mask: 0.0807, loss_texture: 0.0163, iou: 0.5990, iou_t0: 0.6357, iou_t1: 0.5465, iou_t2: 0.6204, iou_t3: 0.6104, iou_t4: 0.6700, iou_t5: 0.5146, loss: 0.0970
2026-05-08 22:27:34,812 - mmdet - INFO - Iter [45625/120000]	lr: 1.000e-04, eta: 1 day, 7:31:01, time: 1.374, data_time: 0.019, memory: 37118, loss_mask: 0.0888, loss_texture: 0.0179, iou: 0.5991, iou_t0: 0.6121, iou_t1: 0.6080, iou_t2: 0.6199, iou_t3: 0.5495, iou_t4: 0.6316, iou_t5: 0.5591, loss: 0.1067
2026-05-08 22:28:09,621 - mmdet - INFO - Iter [45650/120000]	lr: 1.000e-04, eta: 1 day, 7:30:04, time: 1.392, data_time: 0.019, memory: 37118, loss_mask: 0.0903, loss_texture: 0.0184, iou: 0.6512, iou_t0: 0.5813, iou_t1: 0.7242, iou_t2: 0.6928, iou_t3: 0.6887, iou_t4: 0.6476, iou_t5: 0.5519, loss: 0.1087
2026-05-08 22:28:43,763 - mmdet - INFO - Iter [45675/120000]	lr: 1.000e-04, eta: 1 day, 7:29:03, time: 1.366, data_time: 0.020, memory: 37118, loss_mask: 0.0961, loss_texture: 0.0194, iou: 0.6274, iou_t0: 0.6269, iou_t1: 0.7000, iou_t2: 0.6432, iou_t3: 0.5943, iou_t4: 0.6281, iou_t5: 0.6374, loss: 0.1156
2026-05-08 22:29:17,827 - mmdet - INFO - Iter [45700/120000]	lr: 1.000e-04, eta: 1 day, 7:28:02, time: 1.363, data_time: 0.020, memory: 37118, loss_mask: 0.0865, loss_texture: 0.0174, iou: 0.6177, iou_t0: 0.5655, iou_t1: 0.6599, iou_t2: 0.6991, iou_t3: 0.5495, iou_t4: 0.5524, iou_t5: 0.6502, loss: 0.1039
2026-05-08 22:29:51,991 - mmdet - INFO - Iter [45725/120000]	lr: 1.000e-04, eta: 1 day, 7:27:02, time: 1.367, data_time: 0.019, memory: 37118, loss_mask: 0.0915, loss_texture: 0.0189, iou: 0.6361, iou_t0: 0.5954, iou_t1: 0.6579, iou_t2: 0.6748, iou_t3: 0.6218, iou_t4: 0.4868, iou_t5: 0.7041, loss: 0.1104
2026-05-08 22:30:26,559 - mmdet - INFO - Iter [45750/120000]	lr: 1.000e-04, eta: 1 day, 7:26:04, time: 1.383, data_time: 0.019, memory: 37118, loss_mask: 0.0968, loss_texture: 0.0195, iou: 0.6337, iou_t0: 0.6345, iou_t1: 0.6505, iou_t2: 0.6662, iou_t3: 0.6453, iou_t4: 0.5993, iou_t5: 0.5592, loss: 0.1163
2026-05-08 22:31:00,303 - mmdet - INFO - Iter [45775/120000]	lr: 1.000e-04, eta: 1 day, 7:25:02, time: 1.350, data_time: 0.020, memory: 37118, loss_mask: 0.0876, loss_texture: 0.0180, iou: 0.6149, iou_t0: 0.6729, iou_t1: 0.6112, iou_t2: 0.6363, iou_t3: 0.5586, iou_t4: 0.6367, iou_t5: 0.5462, loss: 0.1056
2026-05-08 22:31:34,358 - mmdet - INFO - Iter [45800/120000]	lr: 1.000e-04, eta: 1 day, 7:24:01, time: 1.362, data_time: 0.020, memory: 37118, loss_mask: 0.0977, loss_texture: 0.0191, iou: 0.6123, iou_t0: 0.6760, iou_t1: 0.5856, iou_t2: 0.6732, iou_t3: 0.5719, iou_t4: 0.5454, iou_t5: 0.5048, loss: 0.1168
2026-05-08 22:32:07,981 - mmdet - INFO - Iter [45825/120000]	lr: 1.000e-04, eta: 1 day, 7:22:58, time: 1.345, data_time: 0.019, memory: 37118, loss_mask: 0.0808, loss_texture: 0.0164, iou: 0.6062, iou_t0: 0.6744, iou_t1: 0.6555, iou_t2: 0.6335, iou_t3: 0.6666, iou_t4: 0.5400, iou_t5: 0.5675, loss: 0.0971
2026-05-08 22:32:41,664 - mmdet - INFO - Iter [45850/120000]	lr: 1.000e-04, eta: 1 day, 7:21:56, time: 1.347, data_time: 0.019, memory: 37118, loss_mask: 0.0836, loss_texture: 0.0170, iou: 0.6157, iou_t0: 0.6641, iou_t1: 0.5753, iou_t2: 0.6332, iou_t3: 0.6205, iou_t4: 0.5995, iou_t5: 0.6309, loss: 0.1006
2026-05-08 22:33:15,814 - mmdet - INFO - Iter [45875/120000]	lr: 1.000e-04, eta: 1 day, 7:20:56, time: 1.366, data_time: 0.020, memory: 37118, loss_mask: 0.1010, loss_texture: 0.0202, iou: 0.6273, iou_t0: 0.6411, iou_t1: 0.6696, iou_t2: 0.5933, iou_t3: 0.6397, iou_t4: 0.6704, iou_t5: 0.6148, loss: 0.1212
2026-05-08 22:33:49,570 - mmdet - INFO - Iter [45900/120000]	lr: 1.000e-04, eta: 1 day, 7:19:54, time: 1.350, data_time: 0.020, memory: 37118, loss_mask: 0.0950, loss_texture: 0.0190, iou: 0.6260, iou_t0: 0.5755, iou_t1: 0.6016, iou_t2: 0.6417, iou_t3: 0.5840, iou_t4: 0.5638, iou_t5: 0.6888, loss: 0.1140
2026-05-08 22:34:22,965 - mmdet - INFO - Iter [45925/120000]	lr: 1.000e-04, eta: 1 day, 7:18:50, time: 1.336, data_time: 0.019, memory: 37118, loss_mask: 0.0939, loss_texture: 0.0179, iou: 0.6286, iou_t0: 0.6426, iou_t1: 0.6360, iou_t2: 0.5909, iou_t3: 0.5967, iou_t4: 0.6788, iou_t5: 0.6569, loss: 0.1118
2026-05-08 22:34:56,919 - mmdet - INFO - Iter [45950/120000]	lr: 1.000e-04, eta: 1 day, 7:17:50, time: 1.358, data_time: 0.019, memory: 37118, loss_mask: 0.1075, loss_texture: 0.0201, iou: 0.6142, iou_t0: 0.6953, iou_t1: 0.6372, iou_t2: 0.6253, iou_t3: 0.5666, iou_t4: 0.5707, iou_t5: 0.5955, loss: 0.1277
2026-05-08 22:35:30,811 - mmdet - INFO - Iter [45975/120000]	lr: 1.000e-04, eta: 1 day, 7:16:49, time: 1.356, data_time: 0.020, memory: 37118, loss_mask: 0.1037, loss_texture: 0.0197, iou: 0.6194, iou_t0: 0.6617, iou_t1: 0.6946, iou_t2: 0.5812, iou_t3: 0.6317, iou_t4: 0.6256, iou_t5: 0.5926, loss: 0.1234
2026-05-08 22:36:05,110 - mmdet - INFO - 
--- Val evaluation at iter 46000 ---
2026-05-08 22:37:21,934 - mmdet - INFO - 
+------------+-------------+-------------+
| Class      | Val IoU     | Pseudo IoU  |
+------------+-------------+-------------+
| background | 90.44       | 93.28       |
| building   | 51.67       | 59.08       |
| Summary    | mIoU: 71.06 | mIoU: 76.18 |
+------------+-------------+-------------+
Images evaluated: 10
2026-05-08 22:37:23,227 - mmdet - INFO - Exp name: exp8_all.py
2026-05-08 22:37:23,227 - mmdet - INFO - Iter [46000/120000]	lr: 1.000e-04, eta: 1 day, 7:15:50, time: 1.372, data_time: 0.020, memory: 37118, val/mIoU: 0.7106, val/IoU.building: 0.5167, val/IoU.background: 0.9044, val/Pseudo_mIoU: 0.7618, loss_mask: 0.1056, loss_texture: 0.0206, iou: 0.6259, iou_t0: 0.6229, iou_t1: 0.6151, iou_t2: 0.6057, iou_t3: 0.6950, iou_t4: 0.6539, iou_t5: 0.6495, loss: 0.1262
2026-05-08 22:37:57,335 - mmdet - INFO - Iter [46025/120000]	lr: 1.000e-04, eta: 1 day, 7:21:58, time: 4.489, data_time: 3.144, memory: 37118, loss_mask: 0.0990, loss_texture: 0.0196, iou: 0.6389, iou_t0: 0.6428, iou_t1: 0.6337, iou_t2: 0.6819, iou_t3: 0.6041, iou_t4: 0.6754, iou_t5: 0.6259, loss: 0.1186
2026-05-08 22:38:31,205 - mmdet - INFO - Iter [46050/120000]	lr: 1.000e-04, eta: 1 day, 7:20:57, time: 1.355, data_time: 0.020, memory: 37118, loss_mask: 0.1030, loss_texture: 0.0197, iou: 0.6291, iou_t0: 0.6266, iou_t1: 0.5711, iou_t2: 0.6543, iou_t3: 0.5820, iou_t4: 0.6603, iou_t5: 0.6036, loss: 0.1227
2026-05-08 22:39:05,532 - mmdet - INFO - Iter [46075/120000]	lr: 1.000e-04, eta: 1 day, 7:19:58, time: 1.373, data_time: 0.020, memory: 37118, loss_mask: 0.0959, loss_texture: 0.0185, iou: 0.6070, iou_t0: 0.6225, iou_t1: 0.6206, iou_t2: 0.6579, iou_t3: 0.6445, iou_t4: 0.6160, iou_t5: 0.5459, loss: 0.1143
2026-05-08 22:39:39,743 - mmdet - INFO - Iter [46100/120000]	lr: 1.000e-04, eta: 1 day, 7:18:58, time: 1.368, data_time: 0.020, memory: 37118, loss_mask: 0.0993, loss_texture: 0.0197, iou: 0.6373, iou_t0: 0.6245, iou_t1: 0.6399, iou_t2: 0.5943, iou_t3: 0.6466, iou_t4: 0.5182, iou_t5: 0.6928, loss: 0.1190
2026-05-08 22:40:13,313 - mmdet - INFO - Iter [46125/120000]	lr: 1.000e-04, eta: 1 day, 7:17:55, time: 1.343, data_time: 0.019, memory: 37118, loss_mask: 0.0974, loss_texture: 0.0190, iou: 0.6340, iou_t0: 0.6384, iou_t1: 0.5503, iou_t2: 0.6106, iou_t3: 0.6240, iou_t4: 0.6480, iou_t5: 0.7365, loss: 0.1165
2026-05-08 22:40:47,282 - mmdet - INFO - Iter [46150/120000]	lr: 1.000e-04, eta: 1 day, 7:16:54, time: 1.359, data_time: 0.019, memory: 37118, loss_mask: 0.0907, loss_texture: 0.0182, iou: 0.6006, iou_t0: 0.6150, iou_t1: 0.6044, iou_t2: 0.6281, iou_t3: 0.6073, iou_t4: 0.5486, iou_t5: 0.5608, loss: 0.1089
2026-05-08 22:41:21,110 - mmdet - INFO - Iter [46175/120000]	lr: 1.000e-04, eta: 1 day, 7:15:53, time: 1.353, data_time: 0.020, memory: 37118, loss_mask: 0.0963, loss_texture: 0.0192, iou: 0.6269, iou_t0: 0.5897, iou_t1: 0.6104, iou_t2: 0.6173, iou_t3: 0.6624, iou_t4: 0.6266, iou_t5: 0.6929, loss: 0.1155
2026-05-08 22:41:54,949 - mmdet - INFO - Iter [46200/120000]	lr: 1.000e-04, eta: 1 day, 7:14:52, time: 1.354, data_time: 0.020, memory: 37118, loss_mask: 0.0949, loss_texture: 0.0189, iou: 0.6362, iou_t0: 0.5945, iou_t1: 0.6159, iou_t2: 0.7071, iou_t3: 0.6916, iou_t4: 0.5933, iou_t5: 0.5966, loss: 0.1138
2026-05-08 22:42:28,855 - mmdet - INFO - Iter [46225/120000]	lr: 1.000e-04, eta: 1 day, 7:13:51, time: 1.356, data_time: 0.019, memory: 37118, loss_mask: 0.0894, loss_texture: 0.0178, iou: 0.5815, iou_t0: 0.7374, iou_t1: 0.6091, iou_t2: 0.4920, iou_t3: 0.5321, iou_t4: 0.5569, iou_t5: 0.5013, loss: 0.1072
2026-05-08 22:43:02,553 - mmdet - INFO - Iter [46250/120000]	lr: 1.000e-04, eta: 1 day, 7:12:50, time: 1.348, data_time: 0.019, memory: 37118, loss_mask: 0.0956, loss_texture: 0.0198, iou: 0.6321, iou_t0: 0.6922, iou_t1: 0.7282, iou_t2: 0.6287, iou_t3: 0.5651, iou_t4: 0.6721, iou_t5: 0.5383, loss: 0.1155
2026-05-08 22:43:36,188 - mmdet - INFO - Iter [46275/120000]	lr: 1.000e-04, eta: 1 day, 7:11:48, time: 1.345, data_time: 0.020, memory: 37118, loss_mask: 0.0855, loss_texture: 0.0173, iou: 0.6087, iou_t0: 0.5473, iou_t1: 0.5859, iou_t2: 0.5791, iou_t3: 0.6348, iou_t4: 0.5840, iou_t5: 0.6395, loss: 0.1029
2026-05-08 22:44:10,225 - mmdet - INFO - Iter [46300/120000]	lr: 1.000e-04, eta: 1 day, 7:10:48, time: 1.361, data_time: 0.020, memory: 37118, loss_mask: 0.0952, loss_texture: 0.0189, iou: 0.6375, iou_t0: 0.7103, iou_t1: 0.6600, iou_t2: 0.5959, iou_t3: 0.6803, iou_t4: 0.7520, iou_t5: 0.4441, loss: 0.1142
2026-05-08 22:44:44,105 - mmdet - INFO - Iter [46325/120000]	lr: 1.000e-04, eta: 1 day, 7:09:48, time: 1.355, data_time: 0.019, memory: 37118, loss_mask: 0.0909, loss_texture: 0.0185, iou: 0.6117, iou_t0: 0.5641, iou_t1: 0.7047, iou_t2: 0.7221, iou_t3: 0.6493, iou_t4: 0.5542, iou_t5: 0.4941, loss: 0.1094
2026-05-08 22:45:17,932 - mmdet - INFO - Iter [46350/120000]	lr: 1.000e-04, eta: 1 day, 7:08:47, time: 1.353, data_time: 0.019, memory: 37118, loss_mask: 0.1026, loss_texture: 0.0203, iou: 0.6330, iou_t0: 0.6160, iou_t1: 0.6816, iou_t2: 0.6212, iou_t3: 0.6874, iou_t4: 0.5764, iou_t5: 0.5567, loss: 0.1229
2026-05-08 22:45:51,783 - mmdet - INFO - Iter [46375/120000]	lr: 1.000e-04, eta: 1 day, 7:07:47, time: 1.354, data_time: 0.020, memory: 37118, loss_mask: 0.0968, loss_texture: 0.0187, iou: 0.6689, iou_t0: 0.6375, iou_t1: 0.6358, iou_t2: 0.6237, iou_t3: 0.7699, iou_t4: 0.7144, iou_t5: 0.6757, loss: 0.1156
2026-05-08 22:46:26,407 - mmdet - INFO - Iter [46400/120000]	lr: 1.000e-04, eta: 1 day, 7:06:50, time: 1.385, data_time: 0.020, memory: 37118, loss_mask: 0.1040, loss_texture: 0.0206, iou: 0.6382, iou_t0: 0.6343, iou_t1: 0.6882, iou_t2: 0.6422, iou_t3: 0.5581, iou_t4: 0.6742, iou_t5: 0.6781, loss: 0.1246
2026-05-08 22:46:59,894 - mmdet - INFO - Iter [46425/120000]	lr: 1.000e-04, eta: 1 day, 7:05:48, time: 1.339, data_time: 0.019, memory: 37118, loss_mask: 0.0948, loss_texture: 0.0189, iou: 0.6082, iou_t0: 0.6101, iou_t1: 0.6375, iou_t2: 0.4945, iou_t3: 0.5719, iou_t4: 0.5873, iou_t5: 0.7090, loss: 0.1138
2026-05-08 22:47:33,116 - mmdet - INFO - Iter [46450/120000]	lr: 1.000e-04, eta: 1 day, 7:04:45, time: 1.329, data_time: 0.020, memory: 37118, loss_mask: 0.0867, loss_texture: 0.0172, iou: 0.5755, iou_t0: 0.5773, iou_t1: 0.6508, iou_t2: 0.5648, iou_t3: 0.5436, iou_t4: 0.4947, iou_t5: 0.6351, loss: 0.1039
2026-05-08 22:48:07,614 - mmdet - INFO - Iter [46475/120000]	lr: 1.000e-04, eta: 1 day, 7:03:48, time: 1.380, data_time: 0.020, memory: 37118, loss_mask: 0.0977, loss_texture: 0.0196, iou: 0.6600, iou_t0: 0.7451, iou_t1: 0.6626, iou_t2: 0.5995, iou_t3: 0.6458, iou_t4: 0.7134, iou_t5: 0.6548, loss: 0.1173
2026-05-08 22:48:41,692 - mmdet - INFO - 
--- Val evaluation at iter 46500 ---
2026-05-08 22:49:58,392 - mmdet - INFO - 
+------------+-------------+-------------+
| Class      | Val IoU     | Pseudo IoU  |
+------------+-------------+-------------+
| background | 87.58       | 93.28       |
| building   | 45.39       | 59.08       |
| Summary    | mIoU: 66.48 | mIoU: 76.18 |
+------------+-------------+-------------+
Images evaluated: 10
2026-05-08 22:49:59,724 - mmdet - INFO - Iter [46500/120000]	lr: 1.000e-04, eta: 1 day, 7:02:49, time: 1.363, data_time: 0.020, memory: 37118, val/mIoU: 0.6648, val/IoU.building: 0.4539, val/IoU.background: 0.8758, val/Pseudo_mIoU: 0.7618, loss_mask: 0.0986, loss_texture: 0.0196, iou: 0.6202, iou_t0: 0.6865, iou_t1: 0.6348, iou_t2: 0.5542, iou_t3: 0.7047, iou_t4: 0.6051, iou_t5: 0.5603, loss: 0.1182
2026-05-08 22:50:34,266 - mmdet - INFO - Iter [46525/120000]	lr: 1.000e-04, eta: 1 day, 7:08:42, time: 4.503, data_time: 3.141, memory: 37118, loss_mask: 0.0979, loss_texture: 0.0196, iou: 0.6340, iou_t0: 0.6413, iou_t1: 0.5833, iou_t2: 0.5382, iou_t3: 0.6637, iou_t4: 0.6774, iou_t5: 0.5636, loss: 0.1176
2026-05-08 22:51:08,037 - mmdet - INFO - Iter [46550/120000]	lr: 1.000e-04, eta: 1 day, 7:07:41, time: 1.351, data_time: 0.019, memory: 37118, loss_mask: 0.0877, loss_texture: 0.0181, iou: 0.6254, iou_t0: 0.6479, iou_t1: 0.6317, iou_t2: 0.6362, iou_t3: 0.5660, iou_t4: 0.5970, iou_t5: 0.5705, loss: 0.1058
2026-05-08 22:51:42,000 - mmdet - INFO - Iter [46575/120000]	lr: 1.000e-04, eta: 1 day, 7:06:41, time: 1.359, data_time: 0.020, memory: 37118, loss_mask: 0.0916, loss_texture: 0.0189, iou: 0.6040, iou_t0: 0.6703, iou_t1: 0.6243, iou_t2: 0.5255, iou_t3: 0.6064, iou_t4: 0.5405, iou_t5: 0.5318, loss: 0.1104
2026-05-08 22:52:15,715 - mmdet - INFO - Iter [46600/120000]	lr: 1.000e-04, eta: 1 day, 7:05:40, time: 1.349, data_time: 0.021, memory: 37118, loss_mask: 0.0903, loss_texture: 0.0185, iou: 0.6256, iou_t0: 0.6758, iou_t1: 0.6040, iou_t2: 0.7150, iou_t3: 0.5888, iou_t4: 0.5976, iou_t5: 0.5749, loss: 0.1088
2026-05-08 22:52:49,794 - mmdet - INFO - Iter [46625/120000]	lr: 1.000e-04, eta: 1 day, 7:04:41, time: 1.363, data_time: 0.019, memory: 37118, loss_mask: 0.1043, loss_texture: 0.0200, iou: 0.6167, iou_t0: 0.5892, iou_t1: 0.6573, iou_t2: 0.6984, iou_t3: 0.6323, iou_t4: 0.6120, iou_t5: 0.6123, loss: 0.1243
2026-05-08 22:53:24,087 - mmdet - INFO - Iter [46650/120000]	lr: 1.000e-04, eta: 1 day, 7:03:43, time: 1.372, data_time: 0.019, memory: 37118, loss_mask: 0.0900, loss_texture: 0.0178, iou: 0.6475, iou_t0: 0.6313, iou_t1: 0.6386, iou_t2: 0.6748, iou_t3: 0.6846, iou_t4: 0.6358, iou_t5: 0.6354, loss: 0.1078
2026-05-08 22:53:58,107 - mmdet - INFO - Iter [46675/120000]	lr: 1.000e-04, eta: 1 day, 7:02:43, time: 1.361, data_time: 0.020, memory: 37118, loss_mask: 0.0903, loss_texture: 0.0185, iou: 0.6023, iou_t0: 0.6003, iou_t1: 0.6840, iou_t2: 0.5716, iou_t3: 0.6156, iou_t4: 0.5587, iou_t5: 0.6838, loss: 0.1088
2026-05-08 22:54:32,049 - mmdet - INFO - Iter [46700/120000]	lr: 1.000e-04, eta: 1 day, 7:01:44, time: 1.358, data_time: 0.020, memory: 37118, loss_mask: 0.0917, loss_texture: 0.0188, iou: 0.5949, iou_t0: 0.5085, iou_t1: 0.6233, iou_t2: 0.7451, iou_t3: 0.6157, iou_t4: 0.6177, iou_t5: 0.6215, loss: 0.1105
2026-05-08 22:55:05,869 - mmdet - INFO - Iter [46725/120000]	lr: 1.000e-04, eta: 1 day, 7:00:44, time: 1.353, data_time: 0.019, memory: 37118, loss_mask: 0.0891, loss_texture: 0.0178, iou: 0.6181, iou_t0: 0.5942, iou_t1: 0.6090, iou_t2: 0.4859, iou_t3: 0.6063, iou_t4: 0.6829, iou_t5: 0.6978, loss: 0.1069
2026-05-08 22:55:39,508 - mmdet - INFO - Iter [46750/120000]	lr: 1.000e-04, eta: 1 day, 6:59:43, time: 1.346, data_time: 0.019, memory: 37118, loss_mask: 0.0903, loss_texture: 0.0180, iou: 0.6469, iou_t0: 0.5117, iou_t1: 0.5729, iou_t2: 0.7123, iou_t3: 0.7110, iou_t4: 0.6488, iou_t5: 0.7247, loss: 0.1083
2026-05-08 22:56:13,433 - mmdet - INFO - Iter [46775/120000]	lr: 1.000e-04, eta: 1 day, 6:58:43, time: 1.357, data_time: 0.020, memory: 37118, loss_mask: 0.0896, loss_texture: 0.0181, iou: 0.6088, iou_t0: 0.6636, iou_t1: 0.6339, iou_t2: 0.7038, iou_t3: 0.5322, iou_t4: 0.6030, iou_t5: 0.5966, loss: 0.1077
2026-05-08 22:56:47,634 - mmdet - INFO - Iter [46800/120000]	lr: 1.000e-04, eta: 1 day, 6:57:45, time: 1.368, data_time: 0.020, memory: 37118, loss_mask: 0.0918, loss_texture: 0.0188, iou: 0.6584, iou_t0: 0.6521, iou_t1: 0.6554, iou_t2: 0.6932, iou_t3: 0.7104, iou_t4: 0.5798, iou_t5: 0.6835, loss: 0.1106
2026-05-08 22:57:22,055 - mmdet - INFO - Iter [46825/120000]	lr: 1.000e-04, eta: 1 day, 6:56:49, time: 1.377, data_time: 0.019, memory: 37118, loss_mask: 0.0989, loss_texture: 0.0201, iou: 0.6618, iou_t0: 0.6500, iou_t1: 0.7078, iou_t2: 0.6617, iou_t3: 0.7124, iou_t4: 0.6455, iou_t5: 0.6070, loss: 0.1190
2026-05-08 22:57:56,069 - mmdet - INFO - Iter [46850/120000]	lr: 1.000e-04, eta: 1 day, 6:55:50, time: 1.361, data_time: 0.019, memory: 37118, loss_mask: 0.0918, loss_texture: 0.0180, iou: 0.6231, iou_t0: 0.7393, iou_t1: 0.6564, iou_t2: 0.5177, iou_t3: 0.6440, iou_t4: 0.5714, iou_t5: 0.5600, loss: 0.1098
2026-05-08 22:58:30,500 - mmdet - INFO - Iter [46875/120000]	lr: 1.000e-04, eta: 1 day, 6:54:54, time: 1.377, data_time: 0.020, memory: 37118, loss_mask: 0.1005, loss_texture: 0.0202, iou: 0.6341, iou_t0: 0.6510, iou_t1: 0.6816, iou_t2: 0.6661, iou_t3: 0.5948, iou_t4: 0.5567, iou_t5: 0.6723, loss: 0.1208
2026-05-08 22:59:04,214 - mmdet - INFO - Iter [46900/120000]	lr: 1.000e-04, eta: 1 day, 6:53:53, time: 1.349, data_time: 0.021, memory: 37118, loss_mask: 0.0924, loss_texture: 0.0186, iou: 0.6516, iou_t0: 0.5217, iou_t1: 0.7277, iou_t2: 0.6120, iou_t3: 0.6986, iou_t4: 0.6016, iou_t5: 0.6808, loss: 0.1109
2026-05-08 22:59:38,160 - mmdet - INFO - Iter [46925/120000]	lr: 1.000e-04, eta: 1 day, 6:52:55, time: 1.358, data_time: 0.019, memory: 37118, loss_mask: 0.0954, loss_texture: 0.0191, iou: 0.6006, iou_t0: 0.7273, iou_t1: 0.5564, iou_t2: 0.5426, iou_t3: 0.5647, iou_t4: 0.5622, iou_t5: 0.6510, loss: 0.1144
2026-05-08 23:00:12,103 - mmdet - INFO - Iter [46950/120000]	lr: 1.000e-04, eta: 1 day, 6:51:56, time: 1.358, data_time: 0.019, memory: 37118, loss_mask: 0.1026, loss_texture: 0.0195, iou: 0.6030, iou_t0: 0.6337, iou_t1: 0.6209, iou_t2: 0.6082, iou_t3: 0.5732, iou_t4: 0.5552, iou_t5: 0.5887, loss: 0.1221
2026-05-08 23:00:45,804 - mmdet - INFO - Iter [46975/120000]	lr: 1.000e-04, eta: 1 day, 6:50:56, time: 1.348, data_time: 0.020, memory: 37118, loss_mask: 0.0903, loss_texture: 0.0175, iou: 0.6306, iou_t0: 0.7426, iou_t1: 0.6443, iou_t2: 0.6476, iou_t3: 0.5924, iou_t4: 0.5961, iou_t5: 0.5952, loss: 0.1079
2026-05-08 23:01:20,000 - mmdet - INFO - 
--- Val evaluation at iter 47000 ---
2026-05-08 23:02:36,505 - mmdet - INFO - 
+------------+-------------+-------------+
| Class      | Val IoU     | Pseudo IoU  |
+------------+-------------+-------------+
| background | 86.71       | 93.28       |
| building   | 43.49       | 59.08       |
| Summary    | mIoU: 65.10 | mIoU: 76.18 |
+------------+-------------+-------------+
Images evaluated: 10
2026-05-08 23:02:37,783 - mmdet - INFO - Exp name: exp8_all.py
2026-05-08 23:02:37,783 - mmdet - INFO - Iter [47000/120000]	lr: 1.000e-04, eta: 1 day, 6:49:59, time: 1.368, data_time: 0.020, memory: 37118, val/mIoU: 0.6510, val/IoU.building: 0.4349, val/IoU.background: 0.8671, val/Pseudo_mIoU: 0.7618, loss_mask: 0.1008, loss_texture: 0.0199, iou: 0.6486, iou_t0: 0.5940, iou_t1: 0.6465, iou_t2: 0.6228, iou_t3: 0.7062, iou_t4: 0.6793, iou_t5: 0.5943, loss: 0.1207
2026-05-08 23:03:11,114 - mmdet - INFO - Iter [47025/120000]	lr: 1.000e-04, eta: 1 day, 6:55:28, time: 4.445, data_time: 3.130, memory: 37118, loss_mask: 0.1037, loss_texture: 0.0193, iou: 0.5819, iou_t0: 0.4940, iou_t1: 0.5691, iou_t2: 0.5663, iou_t3: 0.5604, iou_t4: 0.5630, iou_t5: 0.5878, loss: 0.1229
2026-05-08 23:03:45,066 - mmdet - INFO - Iter [47050/120000]	lr: 1.000e-04, eta: 1 day, 6:54:29, time: 1.358, data_time: 0.019, memory: 37118, loss_mask: 0.0946, loss_texture: 0.0185, iou: 0.6341, iou_t0: 0.5992, iou_t1: 0.6494, iou_t2: 0.5910, iou_t3: 0.6434, iou_t4: 0.6111, iou_t5: 0.6787, loss: 0.1131
2026-05-08 23:04:19,033 - mmdet - INFO - Iter [47075/120000]	lr: 1.000e-04, eta: 1 day, 6:53:30, time: 1.359, data_time: 0.020, memory: 37118, loss_mask: 0.0996, loss_texture: 0.0187, iou: 0.6326, iou_t0: 0.6544, iou_t1: 0.5887, iou_t2: 0.6205, iou_t3: 0.6527, iou_t4: 0.6534, iou_t5: 0.6414, loss: 0.1183
2026-05-08 23:04:53,406 - mmdet - INFO - Iter [47100/120000]	lr: 1.000e-04, eta: 1 day, 6:52:33, time: 1.375, data_time: 0.020, memory: 37118, loss_mask: 0.0997, loss_texture: 0.0200, iou: 0.6130, iou_t0: 0.5587, iou_t1: 0.6003, iou_t2: 0.6708, iou_t3: 0.6191, iou_t4: 0.6202, iou_t5: 0.5624, loss: 0.1197
2026-05-08 23:05:27,027 - mmdet - INFO - Iter [47125/120000]	lr: 1.000e-04, eta: 1 day, 6:51:33, time: 1.345, data_time: 0.019, memory: 37118, loss_mask: 0.0925, loss_texture: 0.0184, iou: 0.6245, iou_t0: 0.5416, iou_t1: 0.5169, iou_t2: 0.6743, iou_t3: 0.6373, iou_t4: 0.6353, iou_t5: 0.6979, loss: 0.1109
2026-05-08 23:06:01,002 - mmdet - INFO - Iter [47150/120000]	lr: 1.000e-04, eta: 1 day, 6:50:34, time: 1.359, data_time: 0.019, memory: 37118, loss_mask: 0.0991, loss_texture: 0.0187, iou: 0.5944, iou_t0: 0.5774, iou_t1: 0.6831, iou_t2: 0.6003, iou_t3: 0.5631, iou_t4: 0.5836, iou_t5: 0.6170, loss: 0.1178
2026-05-08 23:06:35,227 - mmdet - INFO - Iter [47175/120000]	lr: 1.000e-04, eta: 1 day, 6:49:37, time: 1.369, data_time: 0.020, memory: 37118, loss_mask: 0.0969, loss_texture: 0.0186, iou: 0.6315, iou_t0: 0.6606, iou_t1: 0.6633, iou_t2: 0.5663, iou_t3: 0.6340, iou_t4: 0.6138, iou_t5: 0.6051, loss: 0.1155
2026-05-08 23:07:08,628 - mmdet - INFO - Iter [47200/120000]	lr: 1.000e-04, eta: 1 day, 6:48:35, time: 1.336, data_time: 0.020, memory: 37118, loss_mask: 0.0977, loss_texture: 0.0181, iou: 0.6050, iou_t0: 0.6182, iou_t1: 0.6150, iou_t2: 0.6198, iou_t3: 0.5342, iou_t4: 0.6246, iou_t5: 0.6304, loss: 0.1158
2026-05-08 23:07:42,478 - mmdet - INFO - Iter [47225/120000]	lr: 1.000e-04, eta: 1 day, 6:47:36, time: 1.354, data_time: 0.019, memory: 37118, loss_mask: 0.1054, loss_texture: 0.0193, iou: 0.6126, iou_t0: 0.6401, iou_t1: 0.6643, iou_t2: 0.6976, iou_t3: 0.6278, iou_t4: 0.6046, iou_t5: 0.5955, loss: 0.1247
2026-05-08 23:08:16,258 - mmdet - INFO - Iter [47250/120000]	lr: 1.000e-04, eta: 1 day, 6:46:37, time: 1.351, data_time: 0.019, memory: 37118, loss_mask: 0.1049, loss_texture: 0.0198, iou: 0.6061, iou_t0: 0.6451, iou_t1: 0.5947, iou_t2: 0.6581, iou_t3: 0.6577, iou_t4: 0.5282, iou_t5: 0.6280, loss: 0.1247
2026-05-08 23:08:50,676 - mmdet - INFO - Iter [47275/120000]	lr: 1.000e-04, eta: 1 day, 6:45:41, time: 1.377, data_time: 0.020, memory: 37118, loss_mask: 0.1033, loss_texture: 0.0195, iou: 0.6174, iou_t0: 0.6183, iou_t1: 0.6671, iou_t2: 0.6437, iou_t3: 0.6396, iou_t4: 0.5701, iou_t5: 0.5790, loss: 0.1228
2026-05-08 23:09:25,212 - mmdet - INFO - Iter [47300/120000]	lr: 1.000e-04, eta: 1 day, 6:44:45, time: 1.381, data_time: 0.020, memory: 37118, loss_mask: 0.1009, loss_texture: 0.0198, iou: 0.6030, iou_t0: 0.6217, iou_t1: 0.6548, iou_t2: 0.6147, iou_t3: 0.6419, iou_t4: 0.5616, iou_t5: 0.6261, loss: 0.1207
2026-05-08 23:09:58,472 - mmdet - INFO - Iter [47325/120000]	lr: 1.000e-04, eta: 1 day, 6:43:44, time: 1.330, data_time: 0.019, memory: 37118, loss_mask: 0.0904, loss_texture: 0.0181, iou: 0.5844, iou_t0: 0.5786, iou_t1: 0.6485, iou_t2: 0.5350, iou_t3: 0.6189, iou_t4: 0.6224, iou_t5: 0.5913, loss: 0.1084
2026-05-08 23:10:32,188 - mmdet - INFO - Iter [47350/120000]	lr: 1.000e-04, eta: 1 day, 6:42:44, time: 1.349, data_time: 0.019, memory: 37118, loss_mask: 0.0951, loss_texture: 0.0186, iou: 0.6009, iou_t0: 0.6286, iou_t1: 0.7195, iou_t2: 0.5601, iou_t3: 0.6704, iou_t4: 0.5332, iou_t5: 0.5261, loss: 0.1137
2026-05-08 23:11:05,716 - mmdet - INFO - Iter [47375/120000]	lr: 1.000e-04, eta: 1 day, 6:41:44, time: 1.341, data_time: 0.020, memory: 37118, loss_mask: 0.0968, loss_texture: 0.0183, iou: 0.6163, iou_t0: 0.7122, iou_t1: 0.5362, iou_t2: 0.6936, iou_t3: 0.6106, iou_t4: 0.5614, iou_t5: 0.6562, loss: 0.1151
2026-05-08 23:11:40,049 - mmdet - INFO - Iter [47400/120000]	lr: 1.000e-04, eta: 1 day, 6:40:48, time: 1.373, data_time: 0.020, memory: 37118, loss_mask: 0.0912, loss_texture: 0.0185, iou: 0.6546, iou_t0: 0.6898, iou_t1: 0.6727, iou_t2: 0.7183, iou_t3: 0.6794, iou_t4: 0.5902, iou_t5: 0.6048, loss: 0.1096
2026-05-08 23:12:13,633 - mmdet - INFO - Iter [47425/120000]	lr: 1.000e-04, eta: 1 day, 6:39:49, time: 1.343, data_time: 0.019, memory: 37118, loss_mask: 0.0902, loss_texture: 0.0185, iou: 0.6053, iou_t0: 0.6097, iou_t1: 0.5979, iou_t2: 0.6027, iou_t3: 0.5687, iou_t4: 0.6577, iou_t5: 0.5979, loss: 0.1087
2026-05-08 23:12:47,208 - mmdet - INFO - Iter [47450/120000]	lr: 1.000e-04, eta: 1 day, 6:38:49, time: 1.343, data_time: 0.019, memory: 37118, loss_mask: 0.0932, loss_texture: 0.0195, iou: 0.6345, iou_t0: 0.6650, iou_t1: 0.6352, iou_t2: 0.6408, iou_t3: 0.6196, iou_t4: 0.6006, iou_t5: 0.6796, loss: 0.1127
2026-05-08 23:13:21,200 - mmdet - INFO - Iter [47475/120000]	lr: 1.000e-04, eta: 1 day, 6:37:51, time: 1.360, data_time: 0.020, memory: 37118, loss_mask: 0.0956, loss_texture: 0.0190, iou: 0.6172, iou_t0: 0.6008, iou_t1: 0.6018, iou_t2: 0.6741, iou_t3: 0.6454, iou_t4: 0.6138, iou_t5: 0.6180, loss: 0.1147
2026-05-08 23:13:55,155 - mmdet - INFO - 
--- Val evaluation at iter 47500 ---
2026-05-08 23:15:11,413 - mmdet - INFO - 
+------------+-------------+-------------+
| Class      | Val IoU     | Pseudo IoU  |
+------------+-------------+-------------+
| background | 88.62       | 93.28       |
| building   | 47.53       | 59.08       |
| Summary    | mIoU: 68.07 | mIoU: 76.18 |
+------------+-------------+-------------+
Images evaluated: 10
2026-05-08 23:15:12,792 - mmdet - INFO - Iter [47500/120000]	lr: 1.000e-04, eta: 1 day, 6:36:54, time: 1.358, data_time: 0.021, memory: 37118, val/mIoU: 0.6807, val/IoU.building: 0.4753, val/IoU.background: 0.8862, val/Pseudo_mIoU: 0.7618, loss_mask: 0.0978, loss_texture: 0.0186, iou: 0.6220, iou_t0: 0.6276, iou_t1: 0.6416, iou_t2: 0.5718, iou_t3: 0.6650, iou_t4: 0.5943, iou_t5: 0.6648, loss: 0.1164
2026-05-08 23:15:47,704 - mmdet - INFO - Iter [47525/120000]	lr: 1.000e-04, eta: 1 day, 6:42:15, time: 4.502, data_time: 3.125, memory: 37118, loss_mask: 0.1061, loss_texture: 0.0210, iou: 0.6581, iou_t0: 0.6792, iou_t1: 0.7528, iou_t2: 0.6218, iou_t3: 0.6333, iou_t4: 0.6326, iou_t5: 0.6506, loss: 0.1271
2026-05-08 23:16:21,261 - mmdet - INFO - Iter [47550/120000]	lr: 1.000e-04, eta: 1 day, 6:41:15, time: 1.342, data_time: 0.019, memory: 37118, loss_mask: 0.1038, loss_texture: 0.0190, iou: 0.6038, iou_t0: 0.6495, iou_t1: 0.5828, iou_t2: 0.6352, iou_t3: 0.5555, iou_t4: 0.6259, iou_t5: 0.6056, loss: 0.1228
2026-05-08 23:16:54,488 - mmdet - INFO - Iter [47575/120000]	lr: 1.000e-04, eta: 1 day, 6:40:14, time: 1.329, data_time: 0.020, memory: 37118, loss_mask: 0.0928, loss_texture: 0.0184, iou: 0.6262, iou_t0: 0.7212, iou_t1: 0.6230, iou_t2: 0.6546, iou_t3: 0.5466, iou_t4: 0.5961, iou_t5: 0.6341, loss: 0.1112
2026-05-08 23:17:27,871 - mmdet - INFO - Iter [47600/120000]	lr: 1.000e-04, eta: 1 day, 6:39:13, time: 1.335, data_time: 0.020, memory: 37118, loss_mask: 0.0876, loss_texture: 0.0180, iou: 0.6202, iou_t0: 0.6378, iou_t1: 0.6346, iou_t2: 0.6596, iou_t3: 0.6345, iou_t4: 0.5500, iou_t5: 0.6141, loss: 0.1056
2026-05-08 23:18:01,926 - mmdet - INFO - Iter [47625/120000]	lr: 1.000e-04, eta: 1 day, 6:38:15, time: 1.362, data_time: 0.019, memory: 37118, loss_mask: 0.0999, loss_texture: 0.0193, iou: 0.6154, iou_t0: 0.6976, iou_t1: 0.6452, iou_t2: 0.6448, iou_t3: 0.6991, iou_t4: 0.5849, iou_t5: 0.5460, loss: 0.1192
2026-05-08 23:18:36,143 - mmdet - INFO - Iter [47650/120000]	lr: 1.000e-04, eta: 1 day, 6:37:19, time: 1.369, data_time: 0.019, memory: 37118, loss_mask: 0.0960, loss_texture: 0.0189, iou: 0.6347, iou_t0: 0.6521, iou_t1: 0.6870, iou_t2: 0.6623, iou_t3: 0.5793, iou_t4: 0.5857, iou_t5: 0.6010, loss: 0.1149
2026-05-08 23:19:10,349 - mmdet - INFO - Iter [47675/120000]	lr: 1.000e-04, eta: 1 day, 6:36:22, time: 1.368, data_time: 0.020, memory: 37118, loss_mask: 0.0949, loss_texture: 0.0188, iou: 0.6177, iou_t0: 0.5887, iou_t1: 0.6498, iou_t2: 0.6950, iou_t3: 0.5535, iou_t4: 0.6936, iou_t5: 0.5446, loss: 0.1137
2026-05-08 23:19:44,149 - mmdet - INFO - Iter [47700/120000]	lr: 1.000e-04, eta: 1 day, 6:35:24, time: 1.352, data_time: 0.020, memory: 37118, loss_mask: 0.0979, loss_texture: 0.0191, iou: 0.6208, iou_t0: 0.6303, iou_t1: 0.5820, iou_t2: 0.5240, iou_t3: 0.6351, iou_t4: 0.6532, iou_t5: 0.6788, loss: 0.1170
2026-05-08 23:20:17,806 - mmdet - INFO - Iter [47725/120000]	lr: 1.000e-04, eta: 1 day, 6:34:25, time: 1.346, data_time: 0.019, memory: 37118, loss_mask: 0.0913, loss_texture: 0.0185, iou: 0.6097, iou_t0: 0.6241, iou_t1: 0.5589, iou_t2: 0.6183, iou_t3: 0.6145, iou_t4: 0.5957, iou_t5: 0.6337, loss: 0.1098
2026-05-08 23:20:51,279 - mmdet - INFO - Iter [47750/120000]	lr: 1.000e-04, eta: 1 day, 6:33:25, time: 1.339, data_time: 0.019, memory: 37118, loss_mask: 0.0936, loss_texture: 0.0195, iou: 0.6157, iou_t0: 0.6019, iou_t1: 0.6103, iou_t2: 0.6195, iou_t3: 0.5221, iou_t4: 0.5968, iou_t5: 0.7227, loss: 0.1131
2026-05-08 23:21:25,012 - mmdet - INFO - Iter [47775/120000]	lr: 1.000e-04, eta: 1 day, 6:32:26, time: 1.349, data_time: 0.020, memory: 37118, loss_mask: 0.0883, loss_texture: 0.0182, iou: 0.5871, iou_t0: 0.5718, iou_t1: 0.6587, iou_t2: 0.5827, iou_t3: 0.5978, iou_t4: 0.4995, iou_t5: 0.6289, loss: 0.1065
2026-05-08 23:21:58,948 - mmdet - INFO - Iter [47800/120000]	lr: 1.000e-04, eta: 1 day, 6:31:29, time: 1.357, data_time: 0.020, memory: 37118, loss_mask: 0.0916, loss_texture: 0.0188, iou: 0.6430, iou_t0: 0.6204, iou_t1: 0.6325, iou_t2: 0.5733, iou_t3: 0.7906, iou_t4: 0.5897, iou_t5: 0.6207, loss: 0.1103
2026-05-08 23:22:31,703 - mmdet - INFO - Iter [47825/120000]	lr: 1.000e-04, eta: 1 day, 6:30:26, time: 1.310, data_time: 0.019, memory: 37118, loss_mask: 0.0823, loss_texture: 0.0168, iou: 0.5769, iou_t0: 0.6115, iou_t1: 0.4798, iou_t2: 0.6335, iou_t3: 0.5647, iou_t4: 0.5713, iou_t5: 0.6069, loss: 0.0992
2026-05-08 23:23:08,204 - mmdet - INFO - Iter [47850/120000]	lr: 1.000e-04, eta: 1 day, 6:29:40, time: 1.460, data_time: 0.021, memory: 37118, loss_mask: 0.1052, loss_texture: 0.0213, iou: 0.6112, iou_t0: 0.6029, iou_t1: 0.7515, iou_t2: 0.6163, iou_t3: 0.6530, iou_t4: 0.4917, iou_t5: 0.6739, loss: 0.1266
2026-05-08 23:23:42,681 - mmdet - INFO - Iter [47875/120000]	lr: 1.000e-04, eta: 1 day, 6:28:46, time: 1.379, data_time: 0.020, memory: 37118, loss_mask: 0.0924, loss_texture: 0.0187, iou: 0.6205, iou_t0: 0.6621, iou_t1: 0.6747, iou_t2: 0.6133, iou_t3: 0.6436, iou_t4: 0.6121, iou_t5: 0.5500, loss: 0.1111
2026-05-08 23:24:16,747 - mmdet - INFO - Iter [47900/120000]	lr: 1.000e-04, eta: 1 day, 6:27:49, time: 1.363, data_time: 0.020, memory: 37118, loss_mask: 0.0920, loss_texture: 0.0178, iou: 0.5905, iou_t0: 0.4948, iou_t1: 0.6006, iou_t2: 0.5722, iou_t3: 0.6562, iou_t4: 0.5224, iou_t5: 0.6254, loss: 0.1097
2026-05-08 23:24:51,533 - mmdet - INFO - Iter [47925/120000]	lr: 1.000e-04, eta: 1 day, 6:26:56, time: 1.391, data_time: 0.019, memory: 37118, loss_mask: 0.0951, loss_texture: 0.0186, iou: 0.6130, iou_t0: 0.6762, iou_t1: 0.6186, iou_t2: 0.6425, iou_t3: 0.6081, iou_t4: 0.6133, iou_t5: 0.5859, loss: 0.1136
2026-05-08 23:25:26,863 - mmdet - INFO - Iter [47950/120000]	lr: 1.000e-04, eta: 1 day, 6:26:05, time: 1.413, data_time: 0.020, memory: 37118, loss_mask: 0.1084, loss_texture: 0.0213, iou: 0.6618, iou_t0: 0.5741, iou_t1: 0.6842, iou_t2: 0.6865, iou_t3: 0.7258, iou_t4: 0.6118, iou_t5: 0.6317, loss: 0.1296
2026-05-08 23:26:01,142 - mmdet - INFO - Iter [47975/120000]	lr: 1.000e-04, eta: 1 day, 6:25:10, time: 1.371, data_time: 0.020, memory: 37118, loss_mask: 0.0969, loss_texture: 0.0193, iou: 0.5930, iou_t0: 0.6388, iou_t1: 0.5752, iou_t2: 0.5650, iou_t3: 0.6030, iou_t4: 0.6406, iou_t5: 0.5331, loss: 0.1162
2026-05-08 23:26:35,740 - mmdet - INFO - 
--- Val evaluation at iter 48000 ---
2026-05-08 23:27:53,561 - mmdet - INFO - 
+------------+-------------+-------------+
| Class      | Val IoU     | Pseudo IoU  |
+------------+-------------+-------------+
| background | 87.17       | 93.28       |
| building   | 44.80       | 59.08       |
| Summary    | mIoU: 65.99 | mIoU: 76.18 |
+------------+-------------+-------------+
Images evaluated: 10
2026-05-08 23:27:54,891 - mmdet - INFO - Exp name: exp8_all.py
2026-05-08 23:27:54,891 - mmdet - INFO - Iter [48000/120000]	lr: 1.000e-04, eta: 1 day, 6:24:16, time: 1.384, data_time: 0.020, memory: 37118, val/mIoU: 0.6599, val/IoU.building: 0.4480, val/IoU.background: 0.8717, val/Pseudo_mIoU: 0.7618, loss_mask: 0.0893, loss_texture: 0.0181, iou: 0.6198, iou_t0: 0.5853, iou_t1: 0.6196, iou_t2: 0.6939, iou_t3: 0.5829, iou_t4: 0.6647, iou_t5: 0.5627, loss: 0.1074
2026-05-08 23:28:29,125 - mmdet - INFO - Iter [48025/120000]	lr: 1.000e-04, eta: 1 day, 6:29:27, time: 4.535, data_time: 3.185, memory: 37118, loss_mask: 0.0949, loss_texture: 0.0190, iou: 0.6238, iou_t0: 0.6261, iou_t1: 0.4850, iou_t2: 0.6707, iou_t3: 0.6362, iou_t4: 0.6554, iou_t5: 0.5494, loss: 0.1139
2026-05-08 23:29:03,359 - mmdet - INFO - Iter [48050/120000]	lr: 1.000e-04, eta: 1 day, 6:28:31, time: 1.369, data_time: 0.019, memory: 37118, loss_mask: 0.0888, loss_texture: 0.0182, iou: 0.6403, iou_t0: 0.7017, iou_t1: 0.6677, iou_t2: 0.6797, iou_t3: 0.6388, iou_t4: 0.5592, iou_t5: 0.6390, loss: 0.1070
2026-05-08 23:29:37,522 - mmdet - INFO - Iter [48075/120000]	lr: 1.000e-04, eta: 1 day, 6:27:35, time: 1.366, data_time: 0.020, memory: 37118, loss_mask: 0.0888, loss_texture: 0.0182, iou: 0.5947, iou_t0: 0.5854, iou_t1: 0.6249, iou_t2: 0.6169, iou_t3: 0.4937, iou_t4: 0.6391, iou_t5: 0.5085, loss: 0.1070
2026-05-08 23:30:11,168 - mmdet - INFO - Iter [48100/120000]	lr: 1.000e-04, eta: 1 day, 6:26:36, time: 1.346, data_time: 0.021, memory: 37118, loss_mask: 0.0831, loss_texture: 0.0173, iou: 0.5966, iou_t0: 0.5255, iou_t1: 0.5775, iou_t2: 0.5710, iou_t3: 0.6105, iou_t4: 0.6977, iou_t5: 0.5835, loss: 0.1004
2026-05-08 23:30:45,810 - mmdet - INFO - Iter [48125/120000]	lr: 1.000e-04, eta: 1 day, 6:25:42, time: 1.386, data_time: 0.020, memory: 37118, loss_mask: 0.0976, loss_texture: 0.0201, iou: 0.6327, iou_t0: 0.5249, iou_t1: 0.6309, iou_t2: 0.6814, iou_t3: 0.7066, iou_t4: 0.6427, iou_t5: 0.6400, loss: 0.1177
2026-05-08 23:31:20,413 - mmdet - INFO - Iter [48150/120000]	lr: 1.000e-04, eta: 1 day, 6:24:48, time: 1.384, data_time: 0.019, memory: 37118, loss_mask: 0.0934, loss_texture: 0.0188, iou: 0.6404, iou_t0: 0.6601, iou_t1: 0.7207, iou_t2: 0.6352, iou_t3: 0.5822, iou_t4: 0.6959, iou_t5: 0.5665, loss: 0.1122
2026-05-08 23:31:54,730 - mmdet - INFO - Iter [48175/120000]	lr: 1.000e-04, eta: 1 day, 6:23:53, time: 1.373, data_time: 0.020, memory: 37118, loss_mask: 0.0964, loss_texture: 0.0192, iou: 0.6003, iou_t0: 0.6663, iou_t1: 0.5824, iou_t2: 0.6083, iou_t3: 0.6128, iou_t4: 0.6257, iou_t5: 0.4980, loss: 0.1156
2026-05-08 23:32:28,632 - mmdet - INFO - Iter [48200/120000]	lr: 1.000e-04, eta: 1 day, 6:22:55, time: 1.356, data_time: 0.020, memory: 37118, loss_mask: 0.0906, loss_texture: 0.0182, iou: 0.6020, iou_t0: 0.5645, iou_t1: 0.5155, iou_t2: 0.5719, iou_t3: 0.6232, iou_t4: 0.5663, iou_t5: 0.6603, loss: 0.1087
2026-05-08 23:33:02,654 - mmdet - INFO - Iter [48225/120000]	lr: 1.000e-04, eta: 1 day, 6:21:59, time: 1.361, data_time: 0.019, memory: 37118, loss_mask: 0.0776, loss_texture: 0.0159, iou: 0.6038, iou_t0: 0.6308, iou_t1: 0.6473, iou_t2: 0.6429, iou_t3: 0.5432, iou_t4: 0.6422, iou_t5: 0.5965, loss: 0.0936
2026-05-08 23:33:36,320 - mmdet - INFO - Iter [48250/120000]	lr: 1.000e-04, eta: 1 day, 6:21:00, time: 1.347, data_time: 0.020, memory: 37118, loss_mask: 0.0818, loss_texture: 0.0166, iou: 0.6115, iou_t0: 0.5835, iou_t1: 0.6611, iou_t2: 0.6150, iou_t3: 0.6105, iou_t4: 0.5969, iou_t5: 0.5637, loss: 0.0984
2026-05-08 23:34:10,816 - mmdet - INFO - Iter [48275/120000]	lr: 1.000e-04, eta: 1 day, 6:20:06, time: 1.380, data_time: 0.020, memory: 37118, loss_mask: 0.0930, loss_texture: 0.0188, iou: 0.6313, iou_t0: 0.6034, iou_t1: 0.6464, iou_t2: 0.6375, iou_t3: 0.6125, iou_t4: 0.5970, iou_t5: 0.6923, loss: 0.1119
2026-05-08 23:34:45,865 - mmdet - INFO - Iter [48300/120000]	lr: 1.000e-04, eta: 1 day, 6:19:14, time: 1.402, data_time: 0.021, memory: 37118, loss_mask: 0.1040, loss_texture: 0.0213, iou: 0.6536, iou_t0: 0.6676, iou_t1: 0.7218, iou_t2: 0.6723, iou_t3: 0.7337, iou_t4: 0.6078, iou_t5: 0.6360, loss: 0.1253
2026-05-08 23:35:19,967 - mmdet - INFO - Iter [48325/120000]	lr: 1.000e-04, eta: 1 day, 6:18:18, time: 1.364, data_time: 0.020, memory: 37118, loss_mask: 0.0846, loss_texture: 0.0172, iou: 0.6016, iou_t0: 0.5687, iou_t1: 0.5745, iou_t2: 0.7174, iou_t3: 0.5938, iou_t4: 0.4993, iou_t5: 0.5733, loss: 0.1019
2026-05-08 23:35:53,958 - mmdet - INFO - Iter [48350/120000]	lr: 1.000e-04, eta: 1 day, 6:17:22, time: 1.360, data_time: 0.020, memory: 37118, loss_mask: 0.0921, loss_texture: 0.0181, iou: 0.6046, iou_t0: 0.6549, iou_t1: 0.5540, iou_t2: 0.6459, iou_t3: 0.5446, iou_t4: 0.6336, iou_t5: 0.6064, loss: 0.1103
2026-05-08 23:36:28,628 - mmdet - INFO - Iter [48375/120000]	lr: 1.000e-04, eta: 1 day, 6:16:29, time: 1.387, data_time: 0.020, memory: 37118, loss_mask: 0.0953, loss_texture: 0.0193, iou: 0.6340, iou_t0: 0.6624, iou_t1: 0.6997, iou_t2: 0.6702, iou_t3: 0.5990, iou_t4: 0.5614, iou_t5: 0.5916, loss: 0.1146
2026-05-08 23:37:02,713 - mmdet - INFO - Iter [48400/120000]	lr: 1.000e-04, eta: 1 day, 6:15:33, time: 1.363, data_time: 0.020, memory: 37118, loss_mask: 0.0984, loss_texture: 0.0197, iou: 0.6527, iou_t0: 0.5443, iou_t1: 0.6618, iou_t2: 0.6757, iou_t3: 0.6564, iou_t4: 0.6702, iou_t5: 0.6383, loss: 0.1181
2026-05-08 23:37:36,143 - mmdet - INFO - Iter [48425/120000]	lr: 1.000e-04, eta: 1 day, 6:14:34, time: 1.337, data_time: 0.020, memory: 37118, loss_mask: 0.0803, loss_texture: 0.0163, iou: 0.6001, iou_t0: 0.7143, iou_t1: 0.5577, iou_t2: 0.5453, iou_t3: 0.6009, iou_t4: 0.5214, iou_t5: 0.5510, loss: 0.0966
2026-05-08 23:38:10,831 - mmdet - INFO - Iter [48450/120000]	lr: 1.000e-04, eta: 1 day, 6:13:41, time: 1.388, data_time: 0.020, memory: 37118, loss_mask: 0.0973, loss_texture: 0.0189, iou: 0.6256, iou_t0: 0.6674, iou_t1: 0.6287, iou_t2: 0.5517, iou_t3: 0.6784, iou_t4: 0.5734, iou_t5: 0.5707, loss: 0.1162
2026-05-08 23:38:45,266 - mmdet - INFO - Iter [48475/120000]	lr: 1.000e-04, eta: 1 day, 6:12:47, time: 1.377, data_time: 0.020, memory: 37118, loss_mask: 0.0991, loss_texture: 0.0199, iou: 0.6353, iou_t0: 0.6243, iou_t1: 0.6263, iou_t2: 0.6225, iou_t3: 0.6454, iou_t4: 0.6480, iou_t5: 0.6161, loss: 0.1190
2026-05-08 23:39:20,022 - mmdet - INFO - 
--- Val evaluation at iter 48500 ---
2026-05-08 23:40:37,781 - mmdet - INFO - 
+------------+-------------+-------------+
| Class      | Val IoU     | Pseudo IoU  |
+------------+-------------+-------------+
| background | 87.19       | 93.28       |
| building   | 44.75       | 59.08       |
| Summary    | mIoU: 65.97 | mIoU: 76.18 |
+------------+-------------+-------------+
Images evaluated: 10
2026-05-08 23:40:39,098 - mmdet - INFO - Iter [48500/120000]	lr: 1.000e-04, eta: 1 day, 6:11:54, time: 1.390, data_time: 0.021, memory: 37118, val/mIoU: 0.6597, val/IoU.building: 0.4475, val/IoU.background: 0.8719, val/Pseudo_mIoU: 0.7618, loss_mask: 0.0959, loss_texture: 0.0194, iou: 0.6330, iou_t0: 0.6460, iou_t1: 0.6245, iou_t2: 0.6220, iou_t3: 0.7059, iou_t4: 0.6023, iou_t5: 0.6323, loss: 0.1152
2026-05-08 23:41:13,308 - mmdet - INFO - Iter [48525/120000]	lr: 1.000e-04, eta: 1 day, 6:16:52, time: 4.531, data_time: 3.183, memory: 37118, loss_mask: 0.0895, loss_texture: 0.0183, iou: 0.6321, iou_t0: 0.6012, iou_t1: 0.6956, iou_t2: 0.6110, iou_t3: 0.6476, iou_t4: 0.6043, iou_t5: 0.6739, loss: 0.1079
2026-05-08 23:41:47,371 - mmdet - INFO - Iter [48550/120000]	lr: 1.000e-04, eta: 1 day, 6:15:56, time: 1.363, data_time: 0.020, memory: 37118, loss_mask: 0.0837, loss_texture: 0.0173, iou: 0.6215, iou_t0: 0.6319, iou_t1: 0.6152, iou_t2: 0.5642, iou_t3: 0.6748, iou_t4: 0.5935, iou_t5: 0.6534, loss: 0.1010
2026-05-08 23:42:21,976 - mmdet - INFO - Iter [48575/120000]	lr: 1.000e-04, eta: 1 day, 6:15:02, time: 1.384, data_time: 0.020, memory: 37118, loss_mask: 0.0903, loss_texture: 0.0190, iou: 0.6267, iou_t0: 0.6264, iou_t1: 0.5663, iou_t2: 0.6836, iou_t3: 0.5712, iou_t4: 0.5971, iou_t5: 0.5648, loss: 0.1093
2026-05-08 23:42:56,060 - mmdet - INFO - Iter [48600/120000]	lr: 1.000e-04, eta: 1 day, 6:14:06, time: 1.363, data_time: 0.020, memory: 37118, loss_mask: 0.0909, loss_texture: 0.0188, iou: 0.6313, iou_t0: 0.6671, iou_t1: 0.6762, iou_t2: 0.6133, iou_t3: 0.5341, iou_t4: 0.6167, iou_t5: 0.7425, loss: 0.1096
2026-05-08 23:43:30,563 - mmdet - INFO - Iter [48625/120000]	lr: 1.000e-04, eta: 1 day, 6:13:12, time: 1.380, data_time: 0.019, memory: 37118, loss_mask: 0.1103, loss_texture: 0.0195, iou: 0.6118, iou_t0: 0.5781, iou_t1: 0.7051, iou_t2: 0.5722, iou_t3: 0.6272, iou_t4: 0.6147, iou_t5: 0.6061, loss: 0.1298
2026-05-08 23:44:04,382 - mmdet - INFO - Iter [48650/120000]	lr: 1.000e-04, eta: 1 day, 6:12:15, time: 1.353, data_time: 0.020, memory: 37118, loss_mask: 0.0928, loss_texture: 0.0179, iou: 0.6073, iou_t0: 0.6730, iou_t1: 0.5668, iou_t2: 0.6132, iou_t3: 0.6768, iou_t4: 0.5897, iou_t5: 0.5711, loss: 0.1107
2026-05-08 23:44:37,673 - mmdet - INFO - Iter [48675/120000]	lr: 1.000e-04, eta: 1 day, 6:11:16, time: 1.332, data_time: 0.020, memory: 37118, loss_mask: 0.0880, loss_texture: 0.0176, iou: 0.5895, iou_t0: 0.6288, iou_t1: 0.5462, iou_t2: 0.6748, iou_t3: 0.5990, iou_t4: 0.5664, iou_t5: 0.5062, loss: 0.1056
2026-05-08 23:45:12,472 - mmdet - INFO - Iter [48700/120000]	lr: 1.000e-04, eta: 1 day, 6:10:23, time: 1.392, data_time: 0.021, memory: 37118, loss_mask: 0.0997, loss_texture: 0.0198, iou: 0.6577, iou_t0: 0.6524, iou_t1: 0.6163, iou_t2: 0.6740, iou_t3: 0.6757, iou_t4: 0.7058, iou_t5: 0.6009, loss: 0.1195
2026-05-08 23:45:47,702 - mmdet - INFO - Iter [48725/120000]	lr: 1.000e-04, eta: 1 day, 6:09:33, time: 1.409, data_time: 0.020, memory: 37118, loss_mask: 0.1015, loss_texture: 0.0205, iou: 0.6547, iou_t0: 0.5962, iou_t1: 0.6901, iou_t2: 0.6594, iou_t3: 0.5879, iou_t4: 0.6752, iou_t5: 0.6322, loss: 0.1220
2026-05-08 23:46:22,301 - mmdet - INFO - Iter [48750/120000]	lr: 1.000e-04, eta: 1 day, 6:08:39, time: 1.384, data_time: 0.020, memory: 37118, loss_mask: 0.0989, loss_texture: 0.0204, iou: 0.6320, iou_t0: 0.6748, iou_t1: 0.6237, iou_t2: 0.6438, iou_t3: 0.5417, iou_t4: 0.5831, iou_t5: 0.6890, loss: 0.1193
2026-05-08 23:46:57,011 - mmdet - INFO - Iter [48775/120000]	lr: 1.000e-04, eta: 1 day, 6:07:46, time: 1.388, data_time: 0.020, memory: 37118, loss_mask: 0.0902, loss_texture: 0.0188, iou: 0.6167, iou_t0: 0.5629, iou_t1: 0.6410, iou_t2: 0.6738, iou_t3: 0.5754, iou_t4: 0.6147, iou_t5: 0.5892, loss: 0.1090
2026-05-08 23:47:30,918 - mmdet - INFO - Iter [48800/120000]	lr: 1.000e-04, eta: 1 day, 6:06:50, time: 1.356, data_time: 0.021, memory: 37118, loss_mask: 0.0912, loss_texture: 0.0181, iou: 0.6120, iou_t0: 0.5896, iou_t1: 0.6665, iou_t2: 0.5620, iou_t3: 0.6490, iou_t4: 0.6532, iou_t5: 0.5119, loss: 0.1093
2026-05-08 23:48:05,235 - mmdet - INFO - Iter [48825/120000]	lr: 1.000e-04, eta: 1 day, 6:05:56, time: 1.373, data_time: 0.020, memory: 37118, loss_mask: 0.0969, loss_texture: 0.0194, iou: 0.6182, iou_t0: 0.5339, iou_t1: 0.5636, iou_t2: 0.6948, iou_t3: 0.6486, iou_t4: 0.5932, iou_t5: 0.6563, loss: 0.1163
2026-05-08 23:48:38,637 - mmdet - INFO - Iter [48850/120000]	lr: 1.000e-04, eta: 1 day, 6:04:57, time: 1.336, data_time: 0.019, memory: 37118, loss_mask: 0.0854, loss_texture: 0.0172, iou: 0.6115, iou_t0: 0.7124, iou_t1: 0.5728, iou_t2: 0.6241, iou_t3: 0.5290, iou_t4: 0.5950, iou_t5: 0.6105, loss: 0.1026
2026-05-08 23:49:13,782 - mmdet - INFO - Iter [48875/120000]	lr: 1.000e-04, eta: 1 day, 6:04:07, time: 1.406, data_time: 0.020, memory: 37118, loss_mask: 0.1002, loss_texture: 0.0200, iou: 0.6554, iou_t0: 0.7089, iou_t1: 0.6724, iou_t2: 0.6505, iou_t3: 0.7476, iou_t4: 0.5636, iou_t5: 0.5852, loss: 0.1203
2026-05-08 23:49:47,374 - mmdet - INFO - Iter [48900/120000]	lr: 1.000e-04, eta: 1 day, 6:03:09, time: 1.344, data_time: 0.021, memory: 37118, loss_mask: 0.0811, loss_texture: 0.0164, iou: 0.6037, iou_t0: 0.6094, iou_t1: 0.5888, iou_t2: 0.6401, iou_t3: 0.7106, iou_t4: 0.5572, iou_t5: 0.5609, loss: 0.0975
2026-05-08 23:50:21,636 - mmdet - INFO - Iter [48925/120000]	lr: 1.000e-04, eta: 1 day, 6:02:15, time: 1.370, data_time: 0.019, memory: 37118, loss_mask: 0.0900, loss_texture: 0.0178, iou: 0.6147, iou_t0: 0.5718, iou_t1: 0.6963, iou_t2: 0.6473, iou_t3: 0.6116, iou_t4: 0.5826, iou_t5: 0.5289, loss: 0.1078
2026-05-08 23:50:56,383 - mmdet - INFO - Iter [48950/120000]	lr: 1.000e-04, eta: 1 day, 6:01:23, time: 1.390, data_time: 0.020, memory: 37118, loss_mask: 0.0994, loss_texture: 0.0193, iou: 0.6467, iou_t0: 0.6217, iou_t1: 0.5685, iou_t2: 0.6293, iou_t3: 0.6242, iou_t4: 0.6860, iou_t5: 0.7055, loss: 0.1187
2026-05-08 23:51:30,536 - mmdet - INFO - Iter [48975/120000]	lr: 1.000e-04, eta: 1 day, 6:00:28, time: 1.366, data_time: 0.020, memory: 37118, loss_mask: 0.0930, loss_texture: 0.0191, iou: 0.6374, iou_t0: 0.6280, iou_t1: 0.6394, iou_t2: 0.6508, iou_t3: 0.5742, iou_t4: 0.6989, iou_t5: 0.6404, loss: 0.1121
2026-05-08 23:52:04,215 - mmdet - INFO - 
--- Val evaluation at iter 49000 ---
2026-05-08 23:53:21,230 - mmdet - INFO - 
+------------+-------------+-------------+
| Class      | Val IoU     | Pseudo IoU  |
+------------+-------------+-------------+
| background | 91.23       | 93.28       |
| building   | 53.66       | 59.08       |
| Summary    | mIoU: 72.44 | mIoU: 76.18 |
+------------+-------------+-------------+
Images evaluated: 10
2026-05-08 23:53:22,566 - mmdet - INFO - Exp name: exp8_all.py
2026-05-08 23:53:22,566 - mmdet - INFO - Iter [49000/120000]	lr: 1.000e-04, eta: 1 day, 5:59:31, time: 1.347, data_time: 0.021, memory: 37118, val/mIoU: 0.7244, val/IoU.building: 0.5366, val/IoU.background: 0.9123, val/Pseudo_mIoU: 0.7618, loss_mask: 0.0874, loss_texture: 0.0175, iou: 0.5887, iou_t0: 0.5440, iou_t1: 0.5667, iou_t2: 0.6523, iou_t3: 0.6319, iou_t4: 0.6519, iou_t5: 0.5039, loss: 0.1050
2026-05-08 23:53:56,878 - mmdet - INFO - Iter [49025/120000]	lr: 1.000e-04, eta: 1 day, 6:04:14, time: 4.507, data_time: 3.154, memory: 37118, loss_mask: 0.1027, loss_texture: 0.0202, iou: 0.6218, iou_t0: 0.6401, iou_t1: 0.7203, iou_t2: 0.5883, iou_t3: 0.6190, iou_t4: 0.5484, iou_t5: 0.5063, loss: 0.1228
2026-05-08 23:54:31,841 - mmdet - INFO - Iter [49050/120000]	lr: 1.000e-04, eta: 1 day, 6:03:22, time: 1.399, data_time: 0.019, memory: 37118, loss_mask: 0.0935, loss_texture: 0.0192, iou: 0.6043, iou_t0: 0.5882, iou_t1: 0.6338, iou_t2: 0.5975, iou_t3: 0.5982, iou_t4: 0.5802, iou_t5: 0.5542, loss: 0.1127
2026-05-08 23:55:06,551 - mmdet - INFO - Iter [49075/120000]	lr: 1.000e-04, eta: 1 day, 6:02:29, time: 1.388, data_time: 0.020, memory: 37118, loss_mask: 0.0968, loss_texture: 0.0189, iou: 0.6215, iou_t0: 0.6479, iou_t1: 0.6236, iou_t2: 0.5876, iou_t3: 0.5671, iou_t4: 0.6326, iou_t5: 0.6444, loss: 0.1157
2026-05-08 23:55:40,807 - mmdet - INFO - Iter [49100/120000]	lr: 1.000e-04, eta: 1 day, 6:01:35, time: 1.370, data_time: 0.021, memory: 37118, loss_mask: 0.1010, loss_texture: 0.0202, iou: 0.6354, iou_t0: 0.6714, iou_t1: 0.6726, iou_t2: 0.6813, iou_t3: 0.6546, iou_t4: 0.5948, iou_t5: 0.6374, loss: 0.1212
2026-05-08 23:56:15,705 - mmdet - INFO - Iter [49125/120000]	lr: 1.000e-04, eta: 1 day, 6:00:43, time: 1.396, data_time: 0.020, memory: 37118, loss_mask: 0.0899, loss_texture: 0.0185, iou: 0.6392, iou_t0: 0.6322, iou_t1: 0.6808, iou_t2: 0.6514, iou_t3: 0.6012, iou_t4: 0.6441, iou_t5: 0.6756, loss: 0.1084
2026-05-08 23:56:50,003 - mmdet - INFO - Iter [49150/120000]	lr: 1.000e-04, eta: 1 day, 5:59:48, time: 1.372, data_time: 0.019, memory: 37118, loss_mask: 0.0847, loss_texture: 0.0174, iou: 0.6064, iou_t0: 0.6858, iou_t1: 0.5633, iou_t2: 0.6843, iou_t3: 0.6100, iou_t4: 0.7004, iou_t5: 0.5144, loss: 0.1021
2026-05-08 23:57:24,178 - mmdet - INFO - Iter [49175/120000]	lr: 1.000e-04, eta: 1 day, 5:58:54, time: 1.367, data_time: 0.020, memory: 37118, loss_mask: 0.0889, loss_texture: 0.0180, iou: 0.6369, iou_t0: 0.5787, iou_t1: 0.6657, iou_t2: 0.6465, iou_t3: 0.6623, iou_t4: 0.6030, iou_t5: 0.5619, loss: 0.1069
2026-05-08 23:57:58,637 - mmdet - INFO - Iter [49200/120000]	lr: 1.000e-04, eta: 1 day, 5:58:00, time: 1.378, data_time: 0.020, memory: 37118, loss_mask: 0.0947, loss_texture: 0.0197, iou: 0.6482, iou_t0: 0.5516, iou_t1: 0.6239, iou_t2: 0.6772, iou_t3: 0.6620, iou_t4: 0.6405, iou_t5: 0.6317, loss: 0.1144
2026-05-08 23:58:32,842 - mmdet - INFO - Iter [49225/120000]	lr: 1.000e-04, eta: 1 day, 5:57:06, time: 1.368, data_time: 0.020, memory: 37118, loss_mask: 0.0850, loss_texture: 0.0178, iou: 0.6385, iou_t0: 0.5801, iou_t1: 0.5992, iou_t2: 0.6753, iou_t3: 0.6026, iou_t4: 0.6721, iou_t5: 0.6323, loss: 0.1028
2026-05-08 23:59:07,460 - mmdet - INFO - Iter [49250/120000]	lr: 1.000e-04, eta: 1 day, 5:56:13, time: 1.385, data_time: 0.019, memory: 37118, loss_mask: 0.0979, loss_texture: 0.0184, iou: 0.6193, iou_t0: 0.5137, iou_t1: 0.7032, iou_t2: 0.6841, iou_t3: 0.5595, iou_t4: 0.5923, iou_t5: 0.5715, loss: 0.1163
2026-05-08 23:59:41,995 - mmdet - INFO - Iter [49275/120000]	lr: 1.000e-04, eta: 1 day, 5:55:20, time: 1.381, data_time: 0.020, memory: 37118, loss_mask: 0.0961, loss_texture: 0.0190, iou: 0.6063, iou_t0: 0.5694, iou_t1: 0.6264, iou_t2: 0.5722, iou_t3: 0.6425, iou_t4: 0.6272, iou_t5: 0.6027, loss: 0.1151
2026-05-09 00:00:15,623 - mmdet - INFO - Iter [49300/120000]	lr: 1.000e-04, eta: 1 day, 5:54:23, time: 1.345, data_time: 0.021, memory: 37118, loss_mask: 0.0935, loss_texture: 0.0184, iou: 0.6144, iou_t0: 0.6031, iou_t1: 0.5627, iou_t2: 0.5629, iou_t3: 0.6435, iou_t4: 0.7171, iou_t5: 0.6873, loss: 0.1119
2026-05-09 00:00:49,636 - mmdet - INFO - Iter [49325/120000]	lr: 1.000e-04, eta: 1 day, 5:53:28, time: 1.361, data_time: 0.020, memory: 37118, loss_mask: 0.0967, loss_texture: 0.0193, iou: 0.6037, iou_t0: 0.6396, iou_t1: 0.5920, iou_t2: 0.6191, iou_t3: 0.6030, iou_t4: 0.5729, iou_t5: 0.6449, loss: 0.1160
2026-05-09 00:01:23,768 - mmdet - INFO - Iter [49350/120000]	lr: 1.000e-04, eta: 1 day, 5:52:33, time: 1.365, data_time: 0.020, memory: 37118, loss_mask: 0.0967, loss_texture: 0.0191, iou: 0.6039, iou_t0: 0.6396, iou_t1: 0.5310, iou_t2: 0.5952, iou_t3: 0.6740, iou_t4: 0.6055, iou_t5: 0.6349, loss: 0.1157
2026-05-09 00:01:57,451 - mmdet - INFO - Iter [49375/120000]	lr: 1.000e-04, eta: 1 day, 5:51:37, time: 1.347, data_time: 0.020, memory: 37118, loss_mask: 0.0857, loss_texture: 0.0174, iou: 0.6122, iou_t0: 0.6239, iou_t1: 0.5880, iou_t2: 0.5849, iou_t3: 0.6484, iou_t4: 0.5493, iou_t5: 0.5811, loss: 0.1032
2026-05-09 00:02:31,380 - mmdet - INFO - Iter [49400/120000]	lr: 1.000e-04, eta: 1 day, 5:50:42, time: 1.357, data_time: 0.020, memory: 37118, loss_mask: 0.0935, loss_texture: 0.0184, iou: 0.5973, iou_t0: 0.6265, iou_t1: 0.6182, iou_t2: 0.6144, iou_t3: 0.5808, iou_t4: 0.6028, iou_t5: 0.6406, loss: 0.1120
2026-05-09 00:03:05,378 - mmdet - INFO - Iter [49425/120000]	lr: 1.000e-04, eta: 1 day, 5:49:47, time: 1.360, data_time: 0.020, memory: 37118, loss_mask: 0.0887, loss_texture: 0.0175, iou: 0.5791, iou_t0: 0.6049, iou_t1: 0.5478, iou_t2: 0.7043, iou_t3: 0.5383, iou_t4: 0.6328, iou_t5: 0.5191, loss: 0.1062
2026-05-09 00:03:39,525 - mmdet - INFO - Iter [49450/120000]	lr: 1.000e-04, eta: 1 day, 5:48:53, time: 1.366, data_time: 0.020, memory: 37118, loss_mask: 0.0901, loss_texture: 0.0182, iou: 0.6470, iou_t0: 0.6322, iou_t1: 0.7269, iou_t2: 0.6962, iou_t3: 0.6255, iou_t4: 0.6399, iou_t5: 0.5862, loss: 0.1083
2026-05-09 00:04:13,586 - mmdet - INFO - Iter [49475/120000]	lr: 1.000e-04, eta: 1 day, 5:47:58, time: 1.362, data_time: 0.020, memory: 37118, loss_mask: 0.0942, loss_texture: 0.0191, iou: 0.6365, iou_t0: 0.6647, iou_t1: 0.5905, iou_t2: 0.6571, iou_t3: 0.5724, iou_t4: 0.6601, iou_t5: 0.7098, loss: 0.1132
2026-05-09 00:04:48,258 - mmdet - INFO - 
--- Val evaluation at iter 49500 ---
2026-05-09 00:06:05,263 - mmdet - INFO - 
+------------+-------------+-------------+
| Class      | Val IoU     | Pseudo IoU  |
+------------+-------------+-------------+
| background | 90.68       | 93.28       |
| building   | 52.15       | 59.08       |
| Summary    | mIoU: 71.41 | mIoU: 76.18 |
+------------+-------------+-------------+
Images evaluated: 10
2026-05-09 00:06:06,587 - mmdet - INFO - Iter [49500/120000]	lr: 1.000e-04, eta: 1 day, 5:47:06, time: 1.387, data_time: 0.021, memory: 37118, val/mIoU: 0.7141, val/IoU.building: 0.5215, val/IoU.background: 0.9068, val/Pseudo_mIoU: 0.7618, loss_mask: 0.0972, loss_texture: 0.0193, iou: 0.6592, iou_t0: 0.5814, iou_t1: 0.5648, iou_t2: 0.6688, iou_t3: 0.7126, iou_t4: 0.6579, iou_t5: 0.6837, loss: 0.1165
2026-05-09 00:06:41,211 - mmdet - INFO - Iter [49525/120000]	lr: 1.000e-04, eta: 1 day, 5:51:38, time: 4.518, data_time: 3.153, memory: 37118, loss_mask: 0.0896, loss_texture: 0.0182, iou: 0.6297, iou_t0: 0.6445, iou_t1: 0.6724, iou_t2: 0.5391, iou_t3: 0.5789, iou_t4: 0.6643, iou_t5: 0.6429, loss: 0.1078
2026-05-09 00:07:15,782 - mmdet - INFO - Iter [49550/120000]	lr: 1.000e-04, eta: 1 day, 5:50:45, time: 1.383, data_time: 0.020, memory: 37118, loss_mask: 0.0896, loss_texture: 0.0180, iou: 0.6184, iou_t0: 0.5993, iou_t1: 0.6217, iou_t2: 0.6612, iou_t3: 0.5586, iou_t4: 0.5648, iou_t5: 0.5606, loss: 0.1076
2026-05-09 00:07:49,979 - mmdet - INFO - Iter [49575/120000]	lr: 1.000e-04, eta: 1 day, 5:49:51, time: 1.368, data_time: 0.020, memory: 37118, loss_mask: 0.0847, loss_texture: 0.0175, iou: 0.6155, iou_t0: 0.6078, iou_t1: 0.6985, iou_t2: 0.6554, iou_t3: 0.6163, iou_t4: 0.5400, iou_t5: 0.5435, loss: 0.1023
2026-05-09 00:08:24,694 - mmdet - INFO - Iter [49600/120000]	lr: 1.000e-04, eta: 1 day, 5:48:59, time: 1.389, data_time: 0.021, memory: 37118, loss_mask: 0.0912, loss_texture: 0.0182, iou: 0.6118, iou_t0: 0.6432, iou_t1: 0.6378, iou_t2: 0.6282, iou_t3: 0.6173, iou_t4: 0.5703, iou_t5: 0.5817, loss: 0.1094
2026-05-09 00:08:59,226 - mmdet - INFO - Iter [49625/120000]	lr: 1.000e-04, eta: 1 day, 5:48:06, time: 1.381, data_time: 0.019, memory: 37118, loss_mask: 0.0899, loss_texture: 0.0185, iou: 0.6463, iou_t0: 0.6241, iou_t1: 0.6028, iou_t2: 0.6692, iou_t3: 0.6123, iou_t4: 0.6591, iou_t5: 0.7299, loss: 0.1084
2026-05-09 00:09:33,914 - mmdet - INFO - Iter [49650/120000]	lr: 1.000e-04, eta: 1 day, 5:47:14, time: 1.388, data_time: 0.020, memory: 37118, loss_mask: 0.0984, loss_texture: 0.0202, iou: 0.6913, iou_t0: 0.7130, iou_t1: 0.7052, iou_t2: 0.7045, iou_t3: 0.6838, iou_t4: 0.6990, iou_t5: 0.6495, loss: 0.1186
2026-05-09 00:10:08,208 - mmdet - INFO - Iter [49675/120000]	lr: 1.000e-04, eta: 1 day, 5:46:20, time: 1.372, data_time: 0.020, memory: 37118, loss_mask: 0.0928, loss_texture: 0.0188, iou: 0.6178, iou_t0: 0.5977, iou_t1: 0.5963, iou_t2: 0.6242, iou_t3: 0.6567, iou_t4: 0.5476, iou_t5: 0.6158, loss: 0.1117
2026-05-09 00:10:41,899 - mmdet - INFO - Iter [49700/120000]	lr: 1.000e-04, eta: 1 day, 5:45:24, time: 1.348, data_time: 0.021, memory: 37118, loss_mask: 0.0965, loss_texture: 0.0199, iou: 0.6149, iou_t0: 0.6874, iou_t1: 0.7114, iou_t2: 0.6716, iou_t3: 0.5665, iou_t4: 0.5289, iou_t5: 0.5391, loss: 0.1163
2026-05-09 00:11:15,867 - mmdet - INFO - Iter [49725/120000]	lr: 1.000e-04, eta: 1 day, 5:44:29, time: 1.359, data_time: 0.020, memory: 37118, loss_mask: 0.0890, loss_texture: 0.0180, iou: 0.6057, iou_t0: 0.6696, iou_t1: 0.5916, iou_t2: 0.6383, iou_t3: 0.6237, iou_t4: 0.6191, iou_t5: 0.5047, loss: 0.1070
2026-05-09 00:11:50,370 - mmdet - INFO - Iter [49750/120000]	lr: 1.000e-04, eta: 1 day, 5:43:36, time: 1.380, data_time: 0.020, memory: 37118, loss_mask: 0.0968, loss_texture: 0.0190, iou: 0.6464, iou_t0: 0.6050, iou_t1: 0.7155, iou_t2: 0.6930, iou_t3: 0.5973, iou_t4: 0.6457, iou_t5: 0.6673, loss: 0.1159
2026-05-09 00:12:24,747 - mmdet - INFO - Iter [49775/120000]	lr: 1.000e-04, eta: 1 day, 5:42:43, time: 1.375, data_time: 0.020, memory: 37118, loss_mask: 0.1048, loss_texture: 0.0201, iou: 0.6139, iou_t0: 0.5866, iou_t1: 0.6475, iou_t2: 0.5588, iou_t3: 0.7168, iou_t4: 0.6614, iou_t5: 0.5825, loss: 0.1249
2026-05-09 00:12:58,205 - mmdet - INFO - Iter [49800/120000]	lr: 1.000e-04, eta: 1 day, 5:41:46, time: 1.338, data_time: 0.021, memory: 37118, loss_mask: 0.0928, loss_texture: 0.0187, iou: 0.5850, iou_t0: 0.6730, iou_t1: 0.6394, iou_t2: 0.6497, iou_t3: 0.5339, iou_t4: 0.5736, iou_t5: 0.5571, loss: 0.1115
2026-05-09 00:13:31,887 - mmdet - INFO - Iter [49825/120000]	lr: 1.000e-04, eta: 1 day, 5:40:51, time: 1.347, data_time: 0.020, memory: 37118, loss_mask: 0.0900, loss_texture: 0.0187, iou: 0.6256, iou_t0: 0.5990, iou_t1: 0.5697, iou_t2: 0.6907, iou_t3: 0.6498, iou_t4: 0.6507, iou_t5: 0.5895, loss: 0.1087
2026-05-09 00:14:06,384 - mmdet - INFO - Iter [49850/120000]	lr: 1.000e-04, eta: 1 day, 5:39:58, time: 1.380, data_time: 0.020, memory: 37118, loss_mask: 0.0890, loss_texture: 0.0179, iou: 0.6203, iou_t0: 0.6592, iou_t1: 0.5976, iou_t2: 0.7107, iou_t3: 0.6285, iou_t4: 0.6539, iou_t5: 0.6269, loss: 0.1068
2026-05-09 00:14:40,803 - mmdet - INFO - Iter [49875/120000]	lr: 1.000e-04, eta: 1 day, 5:39:05, time: 1.377, data_time: 0.020, memory: 37118, loss_mask: 0.1000, loss_texture: 0.0191, iou: 0.6163, iou_t0: 0.5973, iou_t1: 0.6802, iou_t2: 0.5804, iou_t3: 0.6295, iou_t4: 0.6005, iou_t5: 0.6396, loss: 0.1192
2026-05-09 00:15:15,775 - mmdet - INFO - Iter [49900/120000]	lr: 1.000e-04, eta: 1 day, 5:38:15, time: 1.399, data_time: 0.021, memory: 37118, loss_mask: 0.1037, loss_texture: 0.0202, iou: 0.6530, iou_t0: 0.6494, iou_t1: 0.6393, iou_t2: 0.6744, iou_t3: 0.6861, iou_t4: 0.6109, iou_t5: 0.6565, loss: 0.1239
2026-05-09 00:15:49,304 - mmdet - INFO - Iter [49925/120000]	lr: 1.000e-04, eta: 1 day, 5:37:19, time: 1.341, data_time: 0.020, memory: 37118, loss_mask: 0.0877, loss_texture: 0.0176, iou: 0.5887, iou_t0: 0.6019, iou_t1: 0.6415, iou_t2: 0.5965, iou_t3: 0.5602, iou_t4: 0.5648, iou_t5: 0.5412, loss: 0.1053
2026-05-09 00:16:23,372 - mmdet - INFO - Iter [49950/120000]	lr: 1.000e-04, eta: 1 day, 5:36:25, time: 1.363, data_time: 0.020, memory: 37118, loss_mask: 0.0896, loss_texture: 0.0184, iou: 0.6105, iou_t0: 0.6572, iou_t1: 0.5932, iou_t2: 0.5472, iou_t3: 0.5174, iou_t4: 0.6897, iou_t5: 0.5527, loss: 0.1080
2026-05-09 00:16:58,928 - mmdet - INFO - Iter [49975/120000]	lr: 1.000e-04, eta: 1 day, 5:35:37, time: 1.422, data_time: 0.020, memory: 37118, loss_mask: 0.1063, loss_texture: 0.0209, iou: 0.6329, iou_t0: 0.5584, iou_t1: 0.6405, iou_t2: 0.6696, iou_t3: 0.6094, iou_t4: 0.6762, iou_t5: 0.6720, loss: 0.1272
2026-05-09 00:17:33,022 - mmdet - INFO - 
--- Val evaluation at iter 50000 ---
2026-05-09 00:18:50,808 - mmdet - INFO - 
+------------+-------------+-------------+
| Class      | Val IoU     | Pseudo IoU  |
+------------+-------------+-------------+
| background | 89.91       | 93.28       |
| building   | 50.19       | 59.08       |
| Summary    | mIoU: 70.05 | mIoU: 76.18 |
+------------+-------------+-------------+
Images evaluated: 10
2026-05-09 00:18:52,132 - mmdet - INFO - Exp name: exp8_all.py
2026-05-09 00:18:52,132 - mmdet - INFO - Iter [50000/120000]	lr: 1.000e-04, eta: 1 day, 5:34:43, time: 1.364, data_time: 0.020, memory: 37118, val/mIoU: 0.7005, val/IoU.building: 0.5019, val/IoU.background: 0.8991, val/Pseudo_mIoU: 0.7618, loss_mask: 0.0897, loss_texture: 0.0174, iou: 0.6320, iou_t0: 0.6079, iou_t1: 0.5778, iou_t2: 0.6366, iou_t3: 0.6570, iou_t4: 0.6200, iou_t5: 0.6150, loss: 0.1071
2026-05-09 00:19:26,510 - mmdet - INFO - Iter [50025/120000]	lr: 1.000e-04, eta: 1 day, 5:39:06, time: 4.539, data_time: 3.184, memory: 37118, loss_mask: 0.0965, loss_texture: 0.0197, iou: 0.6239, iou_t0: 0.5573, iou_t1: 0.6829, iou_t2: 0.6068, iou_t3: 0.6409, iou_t4: 0.5967, iou_t5: 0.5721, loss: 0.1163
2026-05-09 00:19:59,916 - mmdet - INFO - Iter [50050/120000]	lr: 1.000e-04, eta: 1 day, 5:38:09, time: 1.336, data_time: 0.019, memory: 37118, loss_mask: 0.0906, loss_texture: 0.0182, iou: 0.6024, iou_t0: 0.6183, iou_t1: 0.6217, iou_t2: 0.5784, iou_t3: 0.6480, iou_t4: 0.5191, iou_t5: 0.5442, loss: 0.1088
2026-05-09 00:20:34,500 - mmdet - INFO - Iter [50075/120000]	lr: 1.000e-04, eta: 1 day, 5:37:17, time: 1.383, data_time: 0.020, memory: 37118, loss_mask: 0.0898, loss_texture: 0.0185, iou: 0.6126, iou_t0: 0.6463, iou_t1: 0.7118, iou_t2: 0.6157, iou_t3: 0.5714, iou_t4: 0.5520, iou_t5: 0.5951, loss: 0.1083
2026-05-09 00:21:08,655 - mmdet - INFO - Iter [50100/120000]	lr: 1.000e-04, eta: 1 day, 5:36:23, time: 1.366, data_time: 0.021, memory: 37118, loss_mask: 0.0898, loss_texture: 0.0187, iou: 0.6180, iou_t0: 0.6672, iou_t1: 0.6078, iou_t2: 0.6295, iou_t3: 0.5987, iou_t4: 0.6214, iou_t5: 0.6120, loss: 0.1084
2026-05-09 00:21:43,347 - mmdet - INFO - Iter [50125/120000]	lr: 1.000e-04, eta: 1 day, 5:35:31, time: 1.388, data_time: 0.020, memory: 37118, loss_mask: 0.0925, loss_texture: 0.0188, iou: 0.6281, iou_t0: 0.6522, iou_t1: 0.6411, iou_t2: 0.6203, iou_t3: 0.6243, iou_t4: 0.5888, iou_t5: 0.5513, loss: 0.1113
2026-05-09 00:22:17,448 - mmdet - INFO - Iter [50150/120000]	lr: 1.000e-04, eta: 1 day, 5:34:37, time: 1.364, data_time: 0.020, memory: 37118, loss_mask: 0.0923, loss_texture: 0.0182, iou: 0.6171, iou_t0: 0.5995, iou_t1: 0.6646, iou_t2: 0.6484, iou_t3: 0.5720, iou_t4: 0.5419, iou_t5: 0.6923, loss: 0.1105
2026-05-09 00:22:51,763 - mmdet - INFO - Iter [50175/120000]	lr: 1.000e-04, eta: 1 day, 5:33:44, time: 1.373, data_time: 0.020, memory: 37118, loss_mask: 0.0852, loss_texture: 0.0176, iou: 0.5969, iou_t0: 0.6680, iou_t1: 0.6187, iou_t2: 0.5802, iou_t3: 0.5584, iou_t4: 0.6330, iou_t5: 0.5211, loss: 0.1027
2026-05-09 00:23:25,664 - mmdet - INFO - Iter [50200/120000]	lr: 1.000e-04, eta: 1 day, 5:32:49, time: 1.356, data_time: 0.021, memory: 37118, loss_mask: 0.0935, loss_texture: 0.0186, iou: 0.6039, iou_t0: 0.6485, iou_t1: 0.6768, iou_t2: 0.6215, iou_t3: 0.6391, iou_t4: 0.6084, iou_t5: 0.5608, loss: 0.1121
2026-05-09 00:23:59,718 - mmdet - INFO - Iter [50225/120000]	lr: 1.000e-04, eta: 1 day, 5:31:55, time: 1.362, data_time: 0.020, memory: 37118, loss_mask: 0.0909, loss_texture: 0.0174, iou: 0.6375, iou_t0: 0.6296, iou_t1: 0.6539, iou_t2: 0.6134, iou_t3: 0.6115, iou_t4: 0.6683, iou_t5: 0.6461, loss: 0.1083
2026-05-09 00:24:33,847 - mmdet - INFO - Iter [50250/120000]	lr: 1.000e-04, eta: 1 day, 5:31:02, time: 1.365, data_time: 0.020, memory: 37118, loss_mask: 0.0890, loss_texture: 0.0178, iou: 0.6236, iou_t0: 0.6474, iou_t1: 0.6321, iou_t2: 0.6365, iou_t3: 0.7683, iou_t4: 0.6680, iou_t5: 0.4806, loss: 0.1069
2026-05-09 00:25:07,973 - mmdet - INFO - Iter [50275/120000]	lr: 1.000e-04, eta: 1 day, 5:30:08, time: 1.365, data_time: 0.020, memory: 37118, loss_mask: 0.0968, loss_texture: 0.0193, iou: 0.6274, iou_t0: 0.5999, iou_t1: 0.6378, iou_t2: 0.6330, iou_t3: 0.6014, iou_t4: 0.6157, iou_t5: 0.6896, loss: 0.1161
2026-05-09 00:25:42,725 - mmdet - INFO - Iter [50300/120000]	lr: 1.000e-04, eta: 1 day, 5:29:17, time: 1.390, data_time: 0.020, memory: 37118, loss_mask: 0.0843, loss_texture: 0.0174, iou: 0.6316, iou_t0: 0.6230, iou_t1: 0.6667, iou_t2: 0.6419, iou_t3: 0.6706, iou_t4: 0.6023, iou_t5: 0.6526, loss: 0.1018
2026-05-09 00:26:16,516 - mmdet - INFO - Iter [50325/120000]	lr: 1.000e-04, eta: 1 day, 5:28:22, time: 1.352, data_time: 0.019, memory: 37118, loss_mask: 0.0943, loss_texture: 0.0194, iou: 0.6435, iou_t0: 0.6796, iou_t1: 0.6351, iou_t2: 0.6852, iou_t3: 0.6267, iou_t4: 0.6287, iou_t5: 0.6687, loss: 0.1138
2026-05-09 00:26:51,102 - mmdet - INFO - Iter [50350/120000]	lr: 1.000e-04, eta: 1 day, 5:27:30, time: 1.383, data_time: 0.020, memory: 37118, loss_mask: 0.0971, loss_texture: 0.0192, iou: 0.6146, iou_t0: 0.6406, iou_t1: 0.6780, iou_t2: 0.6680, iou_t3: 0.5564, iou_t4: 0.6568, iou_t5: 0.4951, loss: 0.1163
2026-05-09 00:27:25,352 - mmdet - INFO - Iter [50375/120000]	lr: 1.000e-04, eta: 1 day, 5:26:38, time: 1.370, data_time: 0.020, memory: 37118, loss_mask: 0.0934, loss_texture: 0.0185, iou: 0.6223, iou_t0: 0.6789, iou_t1: 0.6465, iou_t2: 0.5058, iou_t3: 0.6843, iou_t4: 0.6178, iou_t5: 0.6188, loss: 0.1120
2026-05-09 00:27:59,860 - mmdet - INFO - Iter [50400/120000]	lr: 1.000e-04, eta: 1 day, 5:25:46, time: 1.380, data_time: 0.021, memory: 37118, loss_mask: 0.0924, loss_texture: 0.0189, iou: 0.6545, iou_t0: 0.6798, iou_t1: 0.5707, iou_t2: 0.6607, iou_t3: 0.7393, iou_t4: 0.6882, iou_t5: 0.6233, loss: 0.1113
2026-05-09 00:28:34,175 - mmdet - INFO - Iter [50425/120000]	lr: 1.000e-04, eta: 1 day, 5:24:53, time: 1.373, data_time: 0.020, memory: 37118, loss_mask: 0.0880, loss_texture: 0.0180, iou: 0.6099, iou_t0: 0.6870, iou_t1: 0.6612, iou_t2: 0.4922, iou_t3: 0.6179, iou_t4: 0.5247, iou_t5: 0.6897, loss: 0.1060
2026-05-09 00:29:08,564 - mmdet - INFO - Iter [50450/120000]	lr: 1.000e-04, eta: 1 day, 5:24:01, time: 1.376, data_time: 0.019, memory: 37118, loss_mask: 0.0987, loss_texture: 0.0197, iou: 0.6216, iou_t0: 0.5936, iou_t1: 0.6899, iou_t2: 0.6152, iou_t3: 0.7193, iou_t4: 0.6395, iou_t5: 0.5252, loss: 0.1184
2026-05-09 00:29:43,462 - mmdet - INFO - Iter [50475/120000]	lr: 1.000e-04, eta: 1 day, 5:23:11, time: 1.396, data_time: 0.020, memory: 37118, loss_mask: 0.0985, loss_texture: 0.0202, iou: 0.6401, iou_t0: 0.5810, iou_t1: 0.6842, iou_t2: 0.6638, iou_t3: 0.6941, iou_t4: 0.6347, iou_t5: 0.5585, loss: 0.1186
2026-05-09 00:30:17,409 - mmdet - INFO - 
--- Val evaluation at iter 50500 ---
2026-05-09 00:31:35,388 - mmdet - INFO - 
+------------+-------------+-------------+
| Class      | Val IoU     | Pseudo IoU  |
+------------+-------------+-------------+
| background | 90.18       | 93.28       |
| building   | 51.01       | 59.08       |
| Summary    | mIoU: 70.60 | mIoU: 76.18 |
+------------+-------------+-------------+
Images evaluated: 10
2026-05-09 00:31:36,793 - mmdet - INFO - Iter [50500/120000]	lr: 1.000e-04, eta: 1 day, 5:22:17, time: 1.358, data_time: 0.021, memory: 37118, val/mIoU: 0.7060, val/IoU.building: 0.5101, val/IoU.background: 0.9018, val/Pseudo_mIoU: 0.7618, loss_mask: 0.0982, loss_texture: 0.0194, iou: 0.6222, iou_t0: 0.7353, iou_t1: 0.6334, iou_t2: 0.6117, iou_t3: 0.7059, iou_t4: 0.4214, iou_t5: 0.6764, loss: 0.1176
2026-05-09 00:32:10,473 - mmdet - INFO - Iter [50525/120000]	lr: 1.000e-04, eta: 1 day, 5:26:28, time: 4.523, data_time: 3.195, memory: 37118, loss_mask: 0.0809, loss_texture: 0.0163, iou: 0.6084, iou_t0: 0.5529, iou_t1: 0.5882, iou_t2: 0.6275, iou_t3: 0.5392, iou_t4: 0.5985, iou_t5: 0.5891, loss: 0.0972
2026-05-09 00:32:44,465 - mmdet - INFO - Iter [50550/120000]	lr: 1.000e-04, eta: 1 day, 5:25:34, time: 1.360, data_time: 0.020, memory: 37118, loss_mask: 0.0913, loss_texture: 0.0183, iou: 0.6217, iou_t0: 0.6606, iou_t1: 0.5940, iou_t2: 0.7268, iou_t3: 0.5465, iou_t4: 0.5895, iou_t5: 0.6457, loss: 0.1096
2026-05-09 00:33:19,013 - mmdet - INFO - Iter [50575/120000]	lr: 1.000e-04, eta: 1 day, 5:24:42, time: 1.382, data_time: 0.020, memory: 37118, loss_mask: 0.0896, loss_texture: 0.0177, iou: 0.6381, iou_t0: 0.6291, iou_t1: 0.6348, iou_t2: 0.6168, iou_t3: 0.6288, iou_t4: 0.6800, iou_t5: 0.6289, loss: 0.1073
2026-05-09 00:33:52,989 - mmdet - INFO - Iter [50600/120000]	lr: 1.000e-04, eta: 1 day, 5:23:48, time: 1.359, data_time: 0.021, memory: 37118, loss_mask: 0.0894, loss_texture: 0.0184, iou: 0.6314, iou_t0: 0.6582, iou_t1: 0.6567, iou_t2: 0.5692, iou_t3: 0.6003, iou_t4: 0.6008, iou_t5: 0.6742, loss: 0.1078
2026-05-09 00:34:27,808 - mmdet - INFO - Iter [50625/120000]	lr: 1.000e-04, eta: 1 day, 5:22:57, time: 1.393, data_time: 0.019, memory: 37118, loss_mask: 0.0914, loss_texture: 0.0187, iou: 0.6433, iou_t0: 0.6516, iou_t1: 0.6923, iou_t2: 0.6187, iou_t3: 0.6035, iou_t4: 0.6834, iou_t5: 0.6248, loss: 0.1101
2026-05-09 00:35:01,910 - mmdet - INFO - Iter [50650/120000]	lr: 1.000e-04, eta: 1 day, 5:22:04, time: 1.364, data_time: 0.020, memory: 37118, loss_mask: 0.0875, loss_texture: 0.0183, iou: 0.6168, iou_t0: 0.5804, iou_t1: 0.6983, iou_t2: 0.6835, iou_t3: 0.5560, iou_t4: 0.5629, iou_t5: 0.6889, loss: 0.1057
2026-05-09 00:35:36,019 - mmdet - INFO - Iter [50675/120000]	lr: 1.000e-04, eta: 1 day, 5:21:10, time: 1.364, data_time: 0.020, memory: 37118, loss_mask: 0.0862, loss_texture: 0.0179, iou: 0.6030, iou_t0: 0.6220, iou_t1: 0.6153, iou_t2: 0.6036, iou_t3: 0.5780, iou_t4: 0.5998, iou_t5: 0.6421, loss: 0.1040
2026-05-09 00:36:09,919 - mmdet - INFO - Iter [50700/120000]	lr: 1.000e-04, eta: 1 day, 5:20:16, time: 1.356, data_time: 0.021, memory: 37118, loss_mask: 0.0874, loss_texture: 0.0177, iou: 0.6177, iou_t0: 0.6623, iou_t1: 0.6205, iou_t2: 0.6416, iou_t3: 0.5845, iou_t4: 0.6384, iou_t5: 0.5562, loss: 0.1051
2026-05-09 00:36:44,906 - mmdet - INFO - Iter [50725/120000]	lr: 1.000e-04, eta: 1 day, 5:19:26, time: 1.399, data_time: 0.020, memory: 37118, loss_mask: 0.0970, loss_texture: 0.0194, iou: 0.6328, iou_t0: 0.6615, iou_t1: 0.6604, iou_t2: 0.6585, iou_t3: 0.5373, iou_t4: 0.6096, iou_t5: 0.6665, loss: 0.1165
2026-05-09 00:37:18,895 - mmdet - INFO - Iter [50750/120000]	lr: 1.000e-04, eta: 1 day, 5:18:33, time: 1.360, data_time: 0.019, memory: 37118, loss_mask: 0.0824, loss_texture: 0.0168, iou: 0.6295, iou_t0: 0.5170, iou_t1: 0.6502, iou_t2: 0.6786, iou_t3: 0.6288, iou_t4: 0.6395, iou_t5: 0.6244, loss: 0.0992
2026-05-09 00:37:53,019 - mmdet - INFO - Iter [50775/120000]	lr: 1.000e-04, eta: 1 day, 5:17:39, time: 1.365, data_time: 0.020, memory: 37118, loss_mask: 0.0831, loss_texture: 0.0168, iou: 0.6260, iou_t0: 0.6051, iou_t1: 0.6328, iou_t2: 0.6162, iou_t3: 0.7048, iou_t4: 0.6362, iou_t5: 0.5560, loss: 0.0999
2026-05-09 00:38:27,662 - mmdet - INFO - Iter [50800/120000]	lr: 1.000e-04, eta: 1 day, 5:16:48, time: 1.386, data_time: 0.020, memory: 37118, loss_mask: 0.0998, loss_texture: 0.0204, iou: 0.6595, iou_t0: 0.7656, iou_t1: 0.6364, iou_t2: 0.7341, iou_t3: 0.5726, iou_t4: 0.6596, iou_t5: 0.6742, loss: 0.1202
2026-05-09 00:39:02,314 - mmdet - INFO - Iter [50825/120000]	lr: 1.000e-04, eta: 1 day, 5:15:57, time: 1.386, data_time: 0.019, memory: 37118, loss_mask: 0.0855, loss_texture: 0.0180, iou: 0.6295, iou_t0: 0.5417, iou_t1: 0.7221, iou_t2: 0.6466, iou_t3: 0.6937, iou_t4: 0.6755, iou_t5: 0.5418, loss: 0.1036
2026-05-09 00:39:36,625 - mmdet - INFO - Iter [50850/120000]	lr: 1.000e-04, eta: 1 day, 5:15:05, time: 1.372, data_time: 0.020, memory: 37118, loss_mask: 0.0858, loss_texture: 0.0178, iou: 0.6230, iou_t0: 0.5612, iou_t1: 0.6704, iou_t2: 0.6857, iou_t3: 0.6079, iou_t4: 0.5641, iou_t5: 0.5876, loss: 0.1036
2026-05-09 00:40:10,874 - mmdet - INFO - Iter [50875/120000]	lr: 1.000e-04, eta: 1 day, 5:14:13, time: 1.370, data_time: 0.020, memory: 37118, loss_mask: 0.0852, loss_texture: 0.0175, iou: 0.6268, iou_t0: 0.5865, iou_t1: 0.6228, iou_t2: 0.6837, iou_t3: 0.7101, iou_t4: 0.6716, iou_t5: 0.5479, loss: 0.1027
2026-05-09 00:40:44,786 - mmdet - INFO - Iter [50900/120000]	lr: 1.000e-04, eta: 1 day, 5:13:19, time: 1.356, data_time: 0.020, memory: 37118, loss_mask: 0.0936, loss_texture: 0.0185, iou: 0.6243, iou_t0: 0.6189, iou_t1: 0.6815, iou_t2: 0.6397, iou_t3: 0.5887, iou_t4: 0.7140, iou_t5: 0.5738, loss: 0.1121
2026-05-09 00:41:18,655 - mmdet - INFO - Iter [50925/120000]	lr: 1.000e-04, eta: 1 day, 5:12:25, time: 1.355, data_time: 0.020, memory: 37118, loss_mask: 0.0856, loss_texture: 0.0177, iou: 0.6021, iou_t0: 0.7489, iou_t1: 0.5410, iou_t2: 0.6295, iou_t3: 0.5759, iou_t4: 0.6665, iou_t5: 0.5231, loss: 0.1033
2026-05-09 00:41:53,442 - mmdet - INFO - Iter [50950/120000]	lr: 1.000e-04, eta: 1 day, 5:11:35, time: 1.391, data_time: 0.020, memory: 37118, loss_mask: 0.0895, loss_texture: 0.0174, iou: 0.6238, iou_t0: 0.6951, iou_t1: 0.6400, iou_t2: 0.7318, iou_t3: 0.5835, iou_t4: 0.6113, iou_t5: 0.6248, loss: 0.1070
2026-05-09 00:42:27,422 - mmdet - INFO - Iter [50975/120000]	lr: 1.000e-04, eta: 1 day, 5:10:42, time: 1.359, data_time: 0.020, memory: 37118, loss_mask: 0.0849, loss_texture: 0.0169, iou: 0.5779, iou_t0: 0.5524, iou_t1: 0.5328, iou_t2: 0.5998, iou_t3: 0.6625, iou_t4: 0.4531, iou_t5: 0.6344, loss: 0.1018
2026-05-09 00:43:01,300 - mmdet - INFO - 
--- Val evaluation at iter 51000 ---
2026-05-09 00:44:18,679 - mmdet - INFO - 
+------------+-------------+-------------+
| Class      | Val IoU     | Pseudo IoU  |
+------------+-------------+-------------+
| background | 87.92       | 93.28       |
| building   | 46.19       | 59.08       |
| Summary    | mIoU: 67.05 | mIoU: 76.18 |
+------------+-------------+-------------+
Images evaluated: 10
2026-05-09 00:44:20,077 - mmdet - INFO - Exp name: exp8_all.py
2026-05-09 00:44:20,077 - mmdet - INFO - Iter [51000/120000]	lr: 1.000e-04, eta: 1 day, 5:09:48, time: 1.355, data_time: 0.021, memory: 37118, val/mIoU: 0.6705, val/IoU.building: 0.4619, val/IoU.background: 0.8792, val/Pseudo_mIoU: 0.7618, loss_mask: 0.0939, loss_texture: 0.0188, iou: 0.5975, iou_t0: 0.5761, iou_t1: 0.5835, iou_t2: 0.6643, iou_t3: 0.6093, iou_t4: 0.6173, iou_t5: 0.5671, loss: 0.1127
2026-05-09 00:44:54,630 - mmdet - INFO - Iter [51025/120000]	lr: 1.000e-04, eta: 1 day, 5:13:50, time: 4.533, data_time: 3.170, memory: 37118, loss_mask: 0.0903, loss_texture: 0.0182, iou: 0.6383, iou_t0: 0.5875, iou_t1: 0.7209, iou_t2: 0.5992, iou_t3: 0.6044, iou_t4: 0.6089, iou_t5: 0.6545, loss: 0.1085
2026-05-09 00:45:28,709 - mmdet - INFO - Iter [51050/120000]	lr: 1.000e-04, eta: 1 day, 5:12:57, time: 1.363, data_time: 0.020, memory: 37118, loss_mask: 0.0848, loss_texture: 0.0169, iou: 0.6246, iou_t0: 0.6410, iou_t1: 0.6771, iou_t2: 0.6194, iou_t3: 0.6282, iou_t4: 0.5967, iou_t5: 0.6506, loss: 0.1017
2026-05-09 00:46:03,084 - mmdet - INFO - Iter [51075/120000]	lr: 1.000e-04, eta: 1 day, 5:12:05, time: 1.375, data_time: 0.020, memory: 37118, loss_mask: 0.0996, loss_texture: 0.0206, iou: 0.6253, iou_t0: 0.6575, iou_t1: 0.5803, iou_t2: 0.5393, iou_t3: 0.6775, iou_t4: 0.5512, iou_t5: 0.5943, loss: 0.1203
2026-05-09 00:46:37,468 - mmdet - INFO - Iter [51100/120000]	lr: 1.000e-04, eta: 1 day, 5:11:13, time: 1.375, data_time: 0.021, memory: 37118, loss_mask: 0.0898, loss_texture: 0.0188, iou: 0.6191, iou_t0: 0.6090, iou_t1: 0.6128, iou_t2: 0.6918, iou_t3: 0.6166, iou_t4: 0.5767, iou_t5: 0.6630, loss: 0.1087
2026-05-09 00:47:11,359 - mmdet - INFO - Iter [51125/120000]	lr: 1.000e-04, eta: 1 day, 5:10:19, time: 1.356, data_time: 0.019, memory: 37118, loss_mask: 0.0835, loss_texture: 0.0174, iou: 0.6128, iou_t0: 0.6354, iou_t1: 0.6266, iou_t2: 0.6099, iou_t3: 0.6178, iou_t4: 0.5724, iou_t5: 0.5768, loss: 0.1009
2026-05-09 00:47:45,211 - mmdet - INFO - Iter [51150/120000]	lr: 1.000e-04, eta: 1 day, 5:09:25, time: 1.354, data_time: 0.019, memory: 37118, loss_mask: 0.0825, loss_texture: 0.0168, iou: 0.5988, iou_t0: 0.6225, iou_t1: 0.6425, iou_t2: 0.5562, iou_t3: 0.5337, iou_t4: 0.6479, iou_t5: 0.5407, loss: 0.0992
2026-05-09 00:48:19,872 - mmdet - INFO - Iter [51175/120000]	lr: 1.000e-04, eta: 1 day, 5:08:34, time: 1.386, data_time: 0.020, memory: 37118, loss_mask: 0.0898, loss_texture: 0.0186, iou: 0.6311, iou_t0: 0.5780, iou_t1: 0.6464, iou_t2: 0.6895, iou_t3: 0.5796, iou_t4: 0.6028, iou_t5: 0.6239, loss: 0.1084
2026-05-09 00:48:54,814 - mmdet - INFO - Iter [51200/120000]	lr: 1.000e-04, eta: 1 day, 5:07:45, time: 1.398, data_time: 0.021, memory: 37118, loss_mask: 0.0919, loss_texture: 0.0185, iou: 0.6567, iou_t0: 0.6955, iou_t1: 0.6498, iou_t2: 0.6190, iou_t3: 0.6883, iou_t4: 0.6636, iou_t5: 0.6400, loss: 0.1104
2026-05-09 00:49:29,511 - mmdet - INFO - Iter [51225/120000]	lr: 1.000e-04, eta: 1 day, 5:06:54, time: 1.388, data_time: 0.019, memory: 37118, loss_mask: 0.0986, loss_texture: 0.0199, iou: 0.6546, iou_t0: 0.5709, iou_t1: 0.6903, iou_t2: 0.6741, iou_t3: 0.6057, iou_t4: 0.6855, iou_t5: 0.6725, loss: 0.1185
2026-05-09 00:50:03,822 - mmdet - INFO - Iter [51250/120000]	lr: 1.000e-04, eta: 1 day, 5:06:02, time: 1.372, data_time: 0.020, memory: 37118, loss_mask: 0.0944, loss_texture: 0.0195, iou: 0.6150, iou_t0: 0.6482, iou_t1: 0.6264, iou_t2: 0.6858, iou_t3: 0.5536, iou_t4: 0.6654, iou_t5: 0.5989, loss: 0.1139
2026-05-09 00:50:38,276 - mmdet - INFO - Iter [51275/120000]	lr: 1.000e-04, eta: 1 day, 5:05:11, time: 1.378, data_time: 0.020, memory: 37118, loss_mask: 0.0911, loss_texture: 0.0182, iou: 0.5970, iou_t0: 0.5608, iou_t1: 0.6194, iou_t2: 0.5638, iou_t3: 0.5463, iou_t4: 0.6368, iou_t5: 0.6594, loss: 0.1093
2026-05-09 00:51:12,564 - mmdet - INFO - Iter [51300/120000]	lr: 1.000e-04, eta: 1 day, 5:04:19, time: 1.372, data_time: 0.021, memory: 37118, loss_mask: 0.0877, loss_texture: 0.0172, iou: 0.5791, iou_t0: 0.6470, iou_t1: 0.5371, iou_t2: 0.6214, iou_t3: 0.5186, iou_t4: 0.5822, iou_t5: 0.5149, loss: 0.1049
2026-05-09 00:51:46,999 - mmdet - INFO - Iter [51325/120000]	lr: 1.000e-04, eta: 1 day, 5:03:27, time: 1.377, data_time: 0.019, memory: 37118, loss_mask: 0.0916, loss_texture: 0.0187, iou: 0.6313, iou_t0: 0.5950, iou_t1: 0.7419, iou_t2: 0.5867, iou_t3: 0.5997, iou_t4: 0.5825, iou_t5: 0.6788, loss: 0.1102
2026-05-09 00:52:21,050 - mmdet - INFO - Iter [51350/120000]	lr: 1.000e-04, eta: 1 day, 5:02:34, time: 1.362, data_time: 0.020, memory: 37118, loss_mask: 0.0935, loss_texture: 0.0191, iou: 0.6202, iou_t0: 0.6196, iou_t1: 0.6138, iou_t2: 0.6309, iou_t3: 0.7160, iou_t4: 0.5330, iou_t5: 0.5880, loss: 0.1126
2026-05-09 00:52:55,929 - mmdet - INFO - Iter [51375/120000]	lr: 1.000e-04, eta: 1 day, 5:01:45, time: 1.395, data_time: 0.020, memory: 37118, loss_mask: 0.0961, loss_texture: 0.0194, iou: 0.6081, iou_t0: 0.5961, iou_t1: 0.6780, iou_t2: 0.6009, iou_t3: 0.6386, iou_t4: 0.5633, iou_t5: 0.5688, loss: 0.1155
2026-05-09 00:53:30,416 - mmdet - INFO - Iter [51400/120000]	lr: 1.000e-04, eta: 1 day, 5:00:54, time: 1.379, data_time: 0.021, memory: 37118, loss_mask: 0.0905, loss_texture: 0.0190, iou: 0.6416, iou_t0: 0.5916, iou_t1: 0.6062, iou_t2: 0.5829, iou_t3: 0.6462, iou_t4: 0.6392, iou_t5: 0.7449, loss: 0.1095
2026-05-09 00:54:04,565 - mmdet - INFO - Iter [51425/120000]	lr: 1.000e-04, eta: 1 day, 5:00:01, time: 1.366, data_time: 0.020, memory: 37118, loss_mask: 0.0899, loss_texture: 0.0188, iou: 0.6483, iou_t0: 0.6828, iou_t1: 0.6511, iou_t2: 0.6488, iou_t3: 0.6689, iou_t4: 0.5978, iou_t5: 0.5976, loss: 0.1087
2026-05-09 00:54:38,318 - mmdet - INFO - Iter [51450/120000]	lr: 1.000e-04, eta: 1 day, 4:59:08, time: 1.350, data_time: 0.019, memory: 37118, loss_mask: 0.0868, loss_texture: 0.0178, iou: 0.6207, iou_t0: 0.5513, iou_t1: 0.6279, iou_t2: 0.6058, iou_t3: 0.6581, iou_t4: 0.6755, iou_t5: 0.6093, loss: 0.1046
2026-05-09 00:55:12,799 - mmdet - INFO - Iter [51475/120000]	lr: 1.000e-04, eta: 1 day, 4:58:17, time: 1.379, data_time: 0.020, memory: 37118, loss_mask: 0.0897, loss_texture: 0.0182, iou: 0.6436, iou_t0: 0.7046, iou_t1: 0.5728, iou_t2: 0.6455, iou_t3: 0.7076, iou_t4: 0.6503, iou_t5: 0.6672, loss: 0.1080
2026-05-09 00:55:47,079 - mmdet - INFO - 
--- Val evaluation at iter 51500 ---
2026-05-09 00:57:04,573 - mmdet - INFO - 
+------------+-------------+-------------+
| Class      | Val IoU     | Pseudo IoU  |
+------------+-------------+-------------+
| background | 90.16       | 93.28       |
| building   | 51.00       | 59.08       |
| Summary    | mIoU: 70.58 | mIoU: 76.18 |
+------------+-------------+-------------+
Images evaluated: 10
2026-05-09 00:57:05,871 - mmdet - INFO - Iter [51500/120000]	lr: 1.000e-04, eta: 1 day, 4:57:25, time: 1.371, data_time: 0.021, memory: 37118, val/mIoU: 0.7058, val/IoU.building: 0.5100, val/IoU.background: 0.9016, val/Pseudo_mIoU: 0.7618, loss_mask: 0.0905, loss_texture: 0.0184, iou: 0.6509, iou_t0: 0.5979, iou_t1: 0.6698, iou_t2: 0.6210, iou_t3: 0.6711, iou_t4: 0.6097, iou_t5: 0.6351, loss: 0.1088
2026-05-09 00:57:39,783 - mmdet - INFO - Iter [51525/120000]	lr: 1.000e-04, eta: 1 day, 5:01:16, time: 4.508, data_time: 3.171, memory: 37118, loss_mask: 0.0832, loss_texture: 0.0170, iou: 0.6106, iou_t0: 0.6572, iou_t1: 0.6994, iou_t2: 0.6527, iou_t3: 0.6245, iou_t4: 0.6097, iou_t5: 0.5431, loss: 0.1002
2026-05-09 00:58:13,716 - mmdet - INFO - Iter [51550/120000]	lr: 1.000e-04, eta: 1 day, 5:00:23, time: 1.357, data_time: 0.020, memory: 37118, loss_mask: 0.0941, loss_texture: 0.0188, iou: 0.6025, iou_t0: 0.6091, iou_t1: 0.6452, iou_t2: 0.5902, iou_t3: 0.6290, iou_t4: 0.6038, iou_t5: 0.5252, loss: 0.1129
2026-05-09 00:58:47,991 - mmdet - INFO - Iter [51575/120000]	lr: 1.000e-04, eta: 1 day, 4:59:31, time: 1.371, data_time: 0.020, memory: 37118, loss_mask: 0.0970, loss_texture: 0.0198, iou: 0.6027, iou_t0: 0.6501, iou_t1: 0.6636, iou_t2: 0.6085, iou_t3: 0.6611, iou_t4: 0.5950, iou_t5: 0.5289, loss: 0.1168
2026-05-09 00:59:22,668 - mmdet - INFO - Iter [51600/120000]	lr: 1.000e-04, eta: 1 day, 4:58:40, time: 1.387, data_time: 0.021, memory: 37118, loss_mask: 0.0942, loss_texture: 0.0186, iou: 0.6241, iou_t0: 0.6014, iou_t1: 0.7076, iou_t2: 0.6492, iou_t3: 0.6419, iou_t4: 0.6135, iou_t5: 0.5344, loss: 0.1128
2026-05-09 00:59:56,625 - mmdet - INFO - Iter [51625/120000]	lr: 1.000e-04, eta: 1 day, 4:57:47, time: 1.358, data_time: 0.020, memory: 37118, loss_mask: 0.1008, loss_texture: 0.0199, iou: 0.6338, iou_t0: 0.6393, iou_t1: 0.5661, iou_t2: 0.5567, iou_t3: 0.6265, iou_t4: 0.7236, iou_t5: 0.6020, loss: 0.1207
2026-05-09 01:00:30,951 - mmdet - INFO - Iter [51650/120000]	lr: 1.000e-04, eta: 1 day, 4:56:55, time: 1.373, data_time: 0.019, memory: 37118, loss_mask: 0.1105, loss_texture: 0.0204, iou: 0.6197, iou_t0: 0.5889, iou_t1: 0.6681, iou_t2: 0.6422, iou_t3: 0.6257, iou_t4: 0.5919, iou_t5: 0.5410, loss: 0.1309
2026-05-09 01:01:05,329 - mmdet - INFO - Iter [51675/120000]	lr: 1.000e-04, eta: 1 day, 4:56:04, time: 1.375, data_time: 0.020, memory: 37118, loss_mask: 0.0953, loss_texture: 0.0188, iou: 0.6081, iou_t0: 0.5484, iou_t1: 0.6199, iou_t2: 0.6720, iou_t3: 0.5679, iou_t4: 0.6208, iou_t5: 0.5704, loss: 0.1141
2026-05-09 01:01:39,929 - mmdet - INFO - Iter [51700/120000]	lr: 1.000e-04, eta: 1 day, 4:55:13, time: 1.384, data_time: 0.021, memory: 37118, loss_mask: 0.0925, loss_texture: 0.0192, iou: 0.6258, iou_t0: 0.6246, iou_t1: 0.6429, iou_t2: 0.6261, iou_t3: 0.6035, iou_t4: 0.6336, iou_t5: 0.6777, loss: 0.1117
2026-05-09 01:02:14,725 - mmdet - INFO - Iter [51725/120000]	lr: 1.000e-04, eta: 1 day, 4:54:23, time: 1.392, data_time: 0.020, memory: 37118, loss_mask: 0.0850, loss_texture: 0.0176, iou: 0.6139, iou_t0: 0.6325, iou_t1: 0.6347, iou_t2: 0.6833, iou_t3: 0.6097, iou_t4: 0.6306, iou_t5: 0.5386, loss: 0.1026
2026-05-09 01:02:48,616 - mmdet - INFO - Iter [51750/120000]	lr: 1.000e-04, eta: 1 day, 4:53:30, time: 1.356, data_time: 0.020, memory: 37118, loss_mask: 0.0809, loss_texture: 0.0167, iou: 0.6306, iou_t0: 0.6372, iou_t1: 0.6571, iou_t2: 0.7219, iou_t3: 0.5541, iou_t4: 0.6733, iou_t5: 0.5468, loss: 0.0977
2026-05-09 01:03:22,051 - mmdet - INFO - Iter [51775/120000]	lr: 1.000e-04, eta: 1 day, 4:52:36, time: 1.337, data_time: 0.020, memory: 37118, loss_mask: 0.0905, loss_texture: 0.0179, iou: 0.5937, iou_t0: 0.7254, iou_t1: 0.4997, iou_t2: 0.7081, iou_t3: 0.5732, iou_t4: 0.5433, iou_t5: 0.5306, loss: 0.1084
2026-05-09 01:03:56,622 - mmdet - INFO - Iter [51800/120000]	lr: 1.000e-04, eta: 1 day, 4:51:45, time: 1.383, data_time: 0.021, memory: 37118, loss_mask: 0.0948, loss_texture: 0.0191, iou: 0.6235, iou_t0: 0.6536, iou_t1: 0.5247, iou_t2: 0.6042, iou_t3: 0.6292, iou_t4: 0.6657, iou_t5: 0.6109, loss: 0.1139
2026-05-09 01:04:31,572 - mmdet - INFO - Iter [51825/120000]	lr: 1.000e-04, eta: 1 day, 4:50:56, time: 1.398, data_time: 0.020, memory: 37118, loss_mask: 0.0959, loss_texture: 0.0193, iou: 0.6648, iou_t0: 0.7279, iou_t1: 0.6825, iou_t2: 0.6963, iou_t3: 0.5837, iou_t4: 0.7544, iou_t5: 0.6276, loss: 0.1152
2026-05-09 01:05:05,712 - mmdet - INFO - Iter [51850/120000]	lr: 1.000e-04, eta: 1 day, 4:50:04, time: 1.366, data_time: 0.020, memory: 37118, loss_mask: 0.0899, loss_texture: 0.0181, iou: 0.5943, iou_t0: 0.5135, iou_t1: 0.6229, iou_t2: 0.6016, iou_t3: 0.5916, iou_t4: 0.6186, iou_t5: 0.5256, loss: 0.1081
2026-05-09 01:05:39,481 - mmdet - INFO - Iter [51875/120000]	lr: 1.000e-04, eta: 1 day, 4:49:11, time: 1.351, data_time: 0.020, memory: 37118, loss_mask: 0.0862, loss_texture: 0.0181, iou: 0.6127, iou_t0: 0.5546, iou_t1: 0.6186, iou_t2: 0.6759, iou_t3: 0.6039, iou_t4: 0.5745, iou_t5: 0.6099, loss: 0.1043
2026-05-09 01:06:13,202 - mmdet - INFO - Iter [51900/120000]	lr: 1.000e-04, eta: 1 day, 4:48:17, time: 1.349, data_time: 0.021, memory: 37118, loss_mask: 0.0897, loss_texture: 0.0184, iou: 0.6253, iou_t0: 0.5570, iou_t1: 0.5764, iou_t2: 0.5111, iou_t3: 0.7114, iou_t4: 0.7068, iou_t5: 0.5805, loss: 0.1080
2026-05-09 01:06:47,371 - mmdet - INFO - Iter [51925/120000]	lr: 1.000e-04, eta: 1 day, 4:47:26, time: 1.367, data_time: 0.019, memory: 37118, loss_mask: 0.0895, loss_texture: 0.0183, iou: 0.6198, iou_t0: 0.6272, iou_t1: 0.6251, iou_t2: 0.7398, iou_t3: 0.6127, iou_t4: 0.5953, iou_t5: 0.5522, loss: 0.1078
2026-05-09 01:07:21,292 - mmdet - INFO - Iter [51950/120000]	lr: 1.000e-04, eta: 1 day, 4:46:33, time: 1.357, data_time: 0.020, memory: 37118, loss_mask: 0.0906, loss_texture: 0.0185, iou: 0.6099, iou_t0: 0.6126, iou_t1: 0.6302, iou_t2: 0.6149, iou_t3: 0.6755, iou_t4: 0.5549, iou_t5: 0.6980, loss: 0.1091
2026-05-09 01:07:55,380 - mmdet - INFO - Iter [51975/120000]	lr: 1.000e-04, eta: 1 day, 4:45:41, time: 1.364, data_time: 0.020, memory: 37118, loss_mask: 0.0866, loss_texture: 0.0174, iou: 0.6259, iou_t0: 0.7525, iou_t1: 0.7129, iou_t2: 0.6030, iou_t3: 0.5538, iou_t4: 0.5796, iou_t5: 0.6161, loss: 0.1040
2026-05-09 01:08:29,885 - mmdet - INFO - 
--- Val evaluation at iter 52000 ---
2026-05-09 01:09:48,545 - mmdet - INFO - 
+------------+-------------+-------------+
| Class      | Val IoU     | Pseudo IoU  |
+------------+-------------+-------------+
| background | 86.13       | 93.28       |
| building   | 42.66       | 59.08       |
| Summary    | mIoU: 64.40 | mIoU: 76.18 |
+------------+-------------+-------------+
Images evaluated: 10
2026-05-09 01:09:49,882 - mmdet - INFO - Exp name: exp8_all.py
2026-05-09 01:09:49,882 - mmdet - INFO - Iter [52000/120000]	lr: 1.000e-04, eta: 1 day, 4:44:51, time: 1.380, data_time: 0.021, memory: 37118, val/mIoU: 0.6440, val/IoU.building: 0.4266, val/IoU.background: 0.8613, val/Pseudo_mIoU: 0.7618, loss_mask: 0.0911, loss_texture: 0.0187, iou: 0.6293, iou_t0: 0.6853, iou_t1: 0.6672, iou_t2: 0.4937, iou_t3: 0.7229, iou_t4: 0.5700, iou_t5: 0.6140, loss: 0.1098
2026-05-09 01:10:23,708 - mmdet - INFO - Iter [52025/120000]	lr: 1.000e-04, eta: 1 day, 4:48:37, time: 4.553, data_time: 3.219, memory: 37118, loss_mask: 0.0850, loss_texture: 0.0173, iou: 0.5971, iou_t0: 0.7085, iou_t1: 0.6054, iou_t2: 0.5912, iou_t3: 0.5393, iou_t4: 0.5810, iou_t5: 0.5594, loss: 0.1023
2026-05-09 01:10:57,845 - mmdet - INFO - Iter [52050/120000]	lr: 1.000e-04, eta: 1 day, 4:47:44, time: 1.365, data_time: 0.019, memory: 37118, loss_mask: 0.0875, loss_texture: 0.0178, iou: 0.6265, iou_t0: 0.6652, iou_t1: 0.6654, iou_t2: 0.5697, iou_t3: 0.6032, iou_t4: 0.6044, iou_t5: 0.6514, loss: 0.1053
2026-05-09 01:11:31,700 - mmdet - INFO - Iter [52075/120000]	lr: 1.000e-04, eta: 1 day, 4:46:51, time: 1.354, data_time: 0.020, memory: 37118, loss_mask: 0.0912, loss_texture: 0.0180, iou: 0.6281, iou_t0: 0.5736, iou_t1: 0.6545, iou_t2: 0.6251, iou_t3: 0.6493, iou_t4: 0.6307, iou_t5: 0.6438, loss: 0.1091
2026-05-09 01:12:06,685 - mmdet - INFO - Iter [52100/120000]	lr: 1.000e-04, eta: 1 day, 4:46:02, time: 1.399, data_time: 0.021, memory: 37118, loss_mask: 0.1090, loss_texture: 0.0215, iou: 0.6356, iou_t0: 0.7216, iou_t1: 0.6123, iou_t2: 0.5694, iou_t3: 0.6789, iou_t4: 0.6310, iou_t5: 0.5760, loss: 0.1305
2026-05-09 01:12:41,445 - mmdet - INFO - Iter [52125/120000]	lr: 1.000e-04, eta: 1 day, 4:45:13, time: 1.390, data_time: 0.020, memory: 37118, loss_mask: 0.1052, loss_texture: 0.0192, iou: 0.6320, iou_t0: 0.6515, iou_t1: 0.6901, iou_t2: 0.5894, iou_t3: 0.6136, iou_t4: 0.5654, iou_t5: 0.6694, loss: 0.1245
2026-05-09 01:13:15,537 - mmdet - INFO - Iter [52150/120000]	lr: 1.000e-04, eta: 1 day, 4:44:21, time: 1.364, data_time: 0.020, memory: 37118, loss_mask: 0.0968, loss_texture: 0.0188, iou: 0.5732, iou_t0: 0.6066, iou_t1: 0.5643, iou_t2: 0.5726, iou_t3: 0.5601, iou_t4: 0.5612, iou_t5: 0.4911, loss: 0.1156
2026-05-09 01:13:49,386 - mmdet - INFO - Iter [52175/120000]	lr: 1.000e-04, eta: 1 day, 4:43:28, time: 1.354, data_time: 0.020, memory: 37118, loss_mask: 0.1040, loss_texture: 0.0197, iou: 0.6436, iou_t0: 0.6279, iou_t1: 0.6527, iou_t2: 0.6474, iou_t3: 0.6786, iou_t4: 0.6597, iou_t5: 0.6578, loss: 0.1237
2026-05-09 01:14:23,587 - mmdet - INFO - Iter [52200/120000]	lr: 1.000e-04, eta: 1 day, 4:42:36, time: 1.368, data_time: 0.021, memory: 37118, loss_mask: 0.0965, loss_texture: 0.0189, iou: 0.6165, iou_t0: 0.6827, iou_t1: 0.6548, iou_t2: 0.6547, iou_t3: 0.5896, iou_t4: 0.4944, iou_t5: 0.6388, loss: 0.1154
2026-05-09 01:14:58,061 - mmdet - INFO - Iter [52225/120000]	lr: 1.000e-04, eta: 1 day, 4:41:46, time: 1.379, data_time: 0.020, memory: 37118, loss_mask: 0.1000, loss_texture: 0.0189, iou: 0.5976, iou_t0: 0.6824, iou_t1: 0.5947, iou_t2: 0.6310, iou_t3: 0.6408, iou_t4: 0.5917, iou_t5: 0.5024, loss: 0.1189
2026-05-09 01:15:32,282 - mmdet - INFO - Iter [52250/120000]	lr: 1.000e-04, eta: 1 day, 4:40:54, time: 1.369, data_time: 0.020, memory: 37118, loss_mask: 0.1029, loss_texture: 0.0180, iou: 0.6357, iou_t0: 0.6800, iou_t1: 0.7543, iou_t2: 0.6077, iou_t3: 0.6003, iou_t4: 0.5713, iou_t5: 0.6422, loss: 0.1209
2026-05-09 01:16:07,470 - mmdet - INFO - Iter [52275/120000]	lr: 1.000e-04, eta: 1 day, 4:40:06, time: 1.408, data_time: 0.020, memory: 37118, loss_mask: 0.1135, loss_texture: 0.0203, iou: 0.6234, iou_t0: 0.5857, iou_t1: 0.7117, iou_t2: 0.6006, iou_t3: 0.6895, iou_t4: 0.5468, iou_t5: 0.5527, loss: 0.1338
2026-05-09 01:16:43,487 - mmdet - INFO - Iter [52300/120000]	lr: 1.000e-04, eta: 1 day, 4:39:21, time: 1.441, data_time: 0.021, memory: 37118, loss_mask: 0.1044, loss_texture: 0.0206, iou: 0.6449, iou_t0: 0.7122, iou_t1: 0.5813, iou_t2: 0.6858, iou_t3: 0.7064, iou_t4: 0.5817, iou_t5: 0.6376, loss: 0.1250
2026-05-09 01:17:18,343 - mmdet - INFO - Iter [52325/120000]	lr: 1.000e-04, eta: 1 day, 4:38:32, time: 1.394, data_time: 0.020, memory: 37118, loss_mask: 0.1077, loss_texture: 0.0217, iou: 0.6524, iou_t0: 0.7296, iou_t1: 0.6327, iou_t2: 0.6875, iou_t3: 0.6157, iou_t4: 0.6742, iou_t5: 0.6382, loss: 0.1293
2026-05-09 01:17:52,488 - mmdet - INFO - Iter [52350/120000]	lr: 1.000e-04, eta: 1 day, 4:37:40, time: 1.366, data_time: 0.020, memory: 37118, loss_mask: 0.0930, loss_texture: 0.0184, iou: 0.6086, iou_t0: 0.6333, iou_t1: 0.6029, iou_t2: 0.5858, iou_t3: 0.6370, iou_t4: 0.5752, iou_t5: 0.5629, loss: 0.1114
2026-05-09 01:18:27,416 - mmdet - INFO - Iter [52375/120000]	lr: 1.000e-04, eta: 1 day, 4:36:51, time: 1.397, data_time: 0.020, memory: 37118, loss_mask: 0.1003, loss_texture: 0.0203, iou: 0.6620, iou_t0: 0.7321, iou_t1: 0.6005, iou_t2: 0.7805, iou_t3: 0.6197, iou_t4: 0.7215, iou_t5: 0.5739, loss: 0.1206
2026-05-09 01:19:01,899 - mmdet - INFO - Iter [52400/120000]	lr: 1.000e-04, eta: 1 day, 4:36:01, time: 1.379, data_time: 0.021, memory: 37118, loss_mask: 0.1021, loss_texture: 0.0200, iou: 0.6300, iou_t0: 0.6489, iou_t1: 0.6581, iou_t2: 0.5714, iou_t3: 0.5994, iou_t4: 0.6531, iou_t5: 0.6614, loss: 0.1221
2026-05-09 01:19:36,601 - mmdet - INFO - Iter [52425/120000]	lr: 1.000e-04, eta: 1 day, 4:35:11, time: 1.388, data_time: 0.020, memory: 37118, loss_mask: 0.0923, loss_texture: 0.0188, iou: 0.6189, iou_t0: 0.6875, iou_t1: 0.6908, iou_t2: 0.6692, iou_t3: 0.5606, iou_t4: 0.5455, iou_t5: 0.5931, loss: 0.1111
2026-05-09 01:20:11,420 - mmdet - INFO - Iter [52450/120000]	lr: 1.000e-04, eta: 1 day, 4:34:22, time: 1.393, data_time: 0.020, memory: 37118, loss_mask: 0.0972, loss_texture: 0.0194, iou: 0.6498, iou_t0: 0.7240, iou_t1: 0.6601, iou_t2: 0.6369, iou_t3: 0.7117, iou_t4: 0.6453, iou_t5: 0.5640, loss: 0.1167
2026-05-09 01:20:45,311 - mmdet - INFO - Iter [52475/120000]	lr: 1.000e-04, eta: 1 day, 4:33:30, time: 1.356, data_time: 0.020, memory: 37118, loss_mask: 0.0938, loss_texture: 0.0188, iou: 0.6299, iou_t0: 0.5485, iou_t1: 0.6870, iou_t2: 0.6038, iou_t3: 0.6594, iou_t4: 0.6208, iou_t5: 0.6191, loss: 0.1126
2026-05-09 01:21:19,902 - mmdet - INFO - 
--- Val evaluation at iter 52500 ---
2026-05-09 01:22:36,757 - mmdet - INFO - 
+------------+-------------+-------------+
| Class      | Val IoU     | Pseudo IoU  |
+------------+-------------+-------------+
| background | 90.16       | 93.28       |
| building   | 50.83       | 59.08       |
| Summary    | mIoU: 70.50 | mIoU: 76.18 |
+------------+-------------+-------------+
Images evaluated: 10
2026-05-09 01:22:38,061 - mmdet - INFO - Iter [52500/120000]	lr: 1.000e-04, eta: 1 day, 4:32:40, time: 1.384, data_time: 0.021, memory: 37118, val/mIoU: 0.7050, val/IoU.building: 0.5083, val/IoU.background: 0.9016, val/Pseudo_mIoU: 0.7618, loss_mask: 0.0897, loss_texture: 0.0181, iou: 0.6530, iou_t0: 0.6562, iou_t1: 0.7316, iou_t2: 0.5927, iou_t3: 0.6855, iou_t4: 0.6547, iou_t5: 0.5511, loss: 0.1078
2026-05-09 01:23:12,595 - mmdet - INFO - Iter [52525/120000]	lr: 1.000e-04, eta: 1 day, 4:36:14, time: 4.508, data_time: 3.146, memory: 37118, loss_mask: 0.0937, loss_texture: 0.0188, iou: 0.6125, iou_t0: 0.5844, iou_t1: 0.5916, iou_t2: 0.6345, iou_t3: 0.5625, iou_t4: 0.6273, iou_t5: 0.6163, loss: 0.1125
2026-05-09 01:23:47,621 - mmdet - INFO - Iter [52550/120000]	lr: 1.000e-04, eta: 1 day, 4:35:25, time: 1.401, data_time: 0.020, memory: 37118, loss_mask: 0.1057, loss_texture: 0.0205, iou: 0.6234, iou_t0: 0.6766, iou_t1: 0.6333, iou_t2: 0.7174, iou_t3: 0.5430, iou_t4: 0.6027, iou_t5: 0.5699, loss: 0.1263
2026-05-09 01:24:21,889 - mmdet - INFO - Iter [52575/120000]	lr: 1.000e-04, eta: 1 day, 4:34:34, time: 1.371, data_time: 0.020, memory: 37118, loss_mask: 0.0934, loss_texture: 0.0184, iou: 0.5931, iou_t0: 0.5824, iou_t1: 0.5703, iou_t2: 0.6842, iou_t3: 0.4893, iou_t4: 0.5747, iou_t5: 0.5681, loss: 0.1118
2026-05-09 01:24:56,304 - mmdet - INFO - Iter [52600/120000]	lr: 1.000e-04, eta: 1 day, 4:33:43, time: 1.377, data_time: 0.021, memory: 37118, loss_mask: 0.0929, loss_texture: 0.0188, iou: 0.6290, iou_t0: 0.6861, iou_t1: 0.6498, iou_t2: 0.5615, iou_t3: 0.5884, iou_t4: 0.6237, iou_t5: 0.5832, loss: 0.1117
2026-05-09 01:25:31,648 - mmdet - INFO - Iter [52625/120000]	lr: 1.000e-04, eta: 1 day, 4:32:56, time: 1.414, data_time: 0.020, memory: 37118, loss_mask: 0.1054, loss_texture: 0.0209, iou: 0.6525, iou_t0: 0.6858, iou_t1: 0.6514, iou_t2: 0.6892, iou_t3: 0.6511, iou_t4: 0.6594, iou_t5: 0.6582, loss: 0.1263
2026-05-09 01:26:05,467 - mmdet - INFO - Iter [52650/120000]	lr: 1.000e-04, eta: 1 day, 4:32:03, time: 1.353, data_time: 0.020, memory: 37118, loss_mask: 0.0849, loss_texture: 0.0170, iou: 0.6135, iou_t0: 0.7089, iou_t1: 0.5538, iou_t2: 0.7036, iou_t3: 0.6331, iou_t4: 0.6015, iou_t5: 0.6221, loss: 0.1019
2026-05-09 01:26:39,551 - mmdet - INFO - Iter [52675/120000]	lr: 1.000e-04, eta: 1 day, 4:31:12, time: 1.363, data_time: 0.020, memory: 37118, loss_mask: 0.0954, loss_texture: 0.0188, iou: 0.6209, iou_t0: 0.6066, iou_t1: 0.6291, iou_t2: 0.5109, iou_t3: 0.5916, iou_t4: 0.7613, iou_t5: 0.6579, loss: 0.1141
2026-05-09 01:27:13,460 - mmdet - INFO - Iter [52700/120000]	lr: 1.000e-04, eta: 1 day, 4:30:19, time: 1.356, data_time: 0.020, memory: 37118, loss_mask: 0.0897, loss_texture: 0.0176, iou: 0.6114, iou_t0: 0.6085, iou_t1: 0.4993, iou_t2: 0.6473, iou_t3: 0.7396, iou_t4: 0.6084, iou_t5: 0.6076, loss: 0.1074
2026-05-09 01:27:48,223 - mmdet - INFO - Iter [52725/120000]	lr: 1.000e-04, eta: 1 day, 4:29:30, time: 1.391, data_time: 0.020, memory: 37118, loss_mask: 0.0983, loss_texture: 0.0193, iou: 0.6091, iou_t0: 0.5570, iou_t1: 0.6471, iou_t2: 0.5893, iou_t3: 0.6086, iou_t4: 0.6265, iou_t5: 0.6482, loss: 0.1176
2026-05-09 01:28:22,966 - mmdet - INFO - Iter [52750/120000]	lr: 1.000e-04, eta: 1 day, 4:28:41, time: 1.390, data_time: 0.020, memory: 37118, loss_mask: 0.0935, loss_texture: 0.0188, iou: 0.6416, iou_t0: 0.7208, iou_t1: 0.7324, iou_t2: 0.6958, iou_t3: 0.5841, iou_t4: 0.5828, iou_t5: 0.5930, loss: 0.1123
2026-05-09 01:28:58,244 - mmdet - INFO - Iter [52775/120000]	lr: 1.000e-04, eta: 1 day, 4:27:53, time: 1.411, data_time: 0.020, memory: 37118, loss_mask: 0.0932, loss_texture: 0.0189, iou: 0.6323, iou_t0: 0.6026, iou_t1: 0.7145, iou_t2: 0.6235, iou_t3: 0.6566, iou_t4: 0.5497, iou_t5: 0.5475, loss: 0.1121
2026-05-09 01:29:33,214 - mmdet - INFO - Iter [52800/120000]	lr: 1.000e-04, eta: 1 day, 4:27:05, time: 1.399, data_time: 0.021, memory: 37118, loss_mask: 0.0936, loss_texture: 0.0185, iou: 0.6396, iou_t0: 0.5624, iou_t1: 0.6603, iou_t2: 0.6402, iou_t3: 0.7274, iou_t4: 0.5671, iou_t5: 0.6297, loss: 0.1122
2026-05-09 01:30:07,858 - mmdet - INFO - Iter [52825/120000]	lr: 1.000e-04, eta: 1 day, 4:26:15, time: 1.386, data_time: 0.020, memory: 37118, loss_mask: 0.0969, loss_texture: 0.0199, iou: 0.6440, iou_t0: 0.6269, iou_t1: 0.6961, iou_t2: 0.6445, iou_t3: 0.6452, iou_t4: 0.6765, iou_t5: 0.6703, loss: 0.1168
2026-05-09 01:30:43,350 - mmdet - INFO - Iter [52850/120000]	lr: 1.000e-04, eta: 1 day, 4:25:29, time: 1.420, data_time: 0.020, memory: 37118, loss_mask: 0.0949, loss_texture: 0.0194, iou: 0.6424, iou_t0: 0.5940, iou_t1: 0.6336, iou_t2: 0.6582, iou_t3: 0.6951, iou_t4: 0.6144, iou_t5: 0.6657, loss: 0.1142
2026-05-09 01:31:17,648 - mmdet - INFO - Iter [52875/120000]	lr: 1.000e-04, eta: 1 day, 4:24:38, time: 1.372, data_time: 0.020, memory: 37118, loss_mask: 0.0889, loss_texture: 0.0175, iou: 0.5928, iou_t0: 0.6413, iou_t1: 0.5631, iou_t2: 0.5995, iou_t3: 0.6388, iou_t4: 0.6023, iou_t5: 0.5359, loss: 0.1064
2026-05-09 01:31:51,912 - mmdet - INFO - Iter [52900/120000]	lr: 1.000e-04, eta: 1 day, 4:23:47, time: 1.371, data_time: 0.021, memory: 37118, loss_mask: 0.0971, loss_texture: 0.0188, iou: 0.6142, iou_t0: 0.6307, iou_t1: 0.6134, iou_t2: 0.5780, iou_t3: 0.5440, iou_t4: 0.6079, iou_t5: 0.6356, loss: 0.1159
2026-05-09 01:32:26,591 - mmdet - INFO - Iter [52925/120000]	lr: 1.000e-04, eta: 1 day, 4:22:58, time: 1.387, data_time: 0.020, memory: 37118, loss_mask: 0.0941, loss_texture: 0.0191, iou: 0.6409, iou_t0: 0.6360, iou_t1: 0.6022, iou_t2: 0.6189, iou_t3: 0.7057, iou_t4: 0.6524, iou_t5: 0.6069, loss: 0.1132
2026-05-09 01:33:00,551 - mmdet - INFO - Iter [52950/120000]	lr: 1.000e-04, eta: 1 day, 4:22:06, time: 1.358, data_time: 0.020, memory: 37118, loss_mask: 0.0916, loss_texture: 0.0179, iou: 0.6108, iou_t0: 0.6169, iou_t1: 0.6336, iou_t2: 0.7314, iou_t3: 0.5543, iou_t4: 0.6005, iou_t5: 0.5431, loss: 0.1096
2026-05-09 01:33:36,076 - mmdet - INFO - Iter [52975/120000]	lr: 1.000e-04, eta: 1 day, 4:21:20, time: 1.421, data_time: 0.020, memory: 37118, loss_mask: 0.1011, loss_texture: 0.0206, iou: 0.6378, iou_t0: 0.6572, iou_t1: 0.7029, iou_t2: 0.6864, iou_t3: 0.5122, iou_t4: 0.6156, iou_t5: 0.6460, loss: 0.1217
2026-05-09 01:34:09,954 - mmdet - INFO - 
--- Val evaluation at iter 53000 ---
2026-05-09 01:35:27,306 - mmdet - INFO - 
+------------+-------------+-------------+
| Class      | Val IoU     | Pseudo IoU  |
+------------+-------------+-------------+
| background | 85.91       | 93.28       |
| building   | 41.99       | 59.08       |
| Summary    | mIoU: 63.95 | mIoU: 76.18 |
+------------+-------------+-------------+
Images evaluated: 10
2026-05-09 01:35:28,635 - mmdet - INFO - Exp name: exp8_all.py
2026-05-09 01:35:28,635 - mmdet - INFO - Iter [53000/120000]	lr: 1.000e-04, eta: 1 day, 4:20:28, time: 1.355, data_time: 0.021, memory: 37118, val/mIoU: 0.6395, val/IoU.building: 0.4199, val/IoU.background: 0.8591, val/Pseudo_mIoU: 0.7618, loss_mask: 0.0911, loss_texture: 0.0177, iou: 0.6004, iou_t0: 0.5205, iou_t1: 0.6508, iou_t2: 0.6232, iou_t3: 0.6203, iou_t4: 0.5711, iou_t5: 0.6443, loss: 0.1087
2026-05-09 01:36:02,091 - mmdet - INFO - Iter [53025/120000]	lr: 1.000e-04, eta: 1 day, 4:23:52, time: 4.485, data_time: 3.167, memory: 37118, loss_mask: 0.0935, loss_texture: 0.0176, iou: 0.5824, iou_t0: 0.6517, iou_t1: 0.5380, iou_t2: 0.7176, iou_t3: 0.5315, iou_t4: 0.6302, iou_t5: 0.5244, loss: 0.1111
2026-05-09 01:36:37,172 - mmdet - INFO - Iter [53050/120000]	lr: 1.000e-04, eta: 1 day, 4:23:04, time: 1.403, data_time: 0.020, memory: 37118, loss_mask: 0.1008, loss_texture: 0.0195, iou: 0.6178, iou_t0: 0.6392, iou_t1: 0.6956, iou_t2: 0.5682, iou_t3: 0.5788, iou_t4: 0.6440, iou_t5: 0.6476, loss: 0.1204
2026-05-09 01:37:11,667 - mmdet - INFO - Iter [53075/120000]	lr: 1.000e-04, eta: 1 day, 4:22:13, time: 1.380, data_time: 0.020, memory: 37118, loss_mask: 0.0972, loss_texture: 0.0201, iou: 0.6431, iou_t0: 0.5599, iou_t1: 0.6032, iou_t2: 0.7147, iou_t3: 0.7038, iou_t4: 0.6222, iou_t5: 0.5988, loss: 0.1173
2026-05-09 01:37:45,441 - mmdet - INFO - Iter [53100/120000]	lr: 1.000e-04, eta: 1 day, 4:21:21, time: 1.351, data_time: 0.021, memory: 37118, loss_mask: 0.0930, loss_texture: 0.0185, iou: 0.6302, iou_t0: 0.6472, iou_t1: 0.6537, iou_t2: 0.6620, iou_t3: 0.6217, iou_t4: 0.6237, iou_t5: 0.5883, loss: 0.1115
2026-05-09 01:38:19,049 - mmdet - INFO - Iter [53125/120000]	lr: 1.000e-04, eta: 1 day, 4:20:28, time: 1.344, data_time: 0.020, memory: 37118, loss_mask: 0.0946, loss_texture: 0.0179, iou: 0.5966, iou_t0: 0.5874, iou_t1: 0.6010, iou_t2: 0.6237, iou_t3: 0.6131, iou_t4: 0.6699, iou_t5: 0.4963, loss: 0.1126
2026-05-09 01:38:53,079 - mmdet - INFO - Iter [53150/120000]	lr: 1.000e-04, eta: 1 day, 4:19:37, time: 1.361, data_time: 0.020, memory: 37118, loss_mask: 0.0791, loss_texture: 0.0164, iou: 0.6420, iou_t0: 0.5725, iou_t1: 0.7395, iou_t2: 0.6794, iou_t3: 0.6779, iou_t4: 0.6564, iou_t5: 0.5707, loss: 0.0954
2026-05-09 01:39:27,784 - mmdet - INFO - Iter [53175/120000]	lr: 1.000e-04, eta: 1 day, 4:18:48, time: 1.388, data_time: 0.020, memory: 37118, loss_mask: 0.1093, loss_texture: 0.0216, iou: 0.6358, iou_t0: 0.5743, iou_t1: 0.6242, iou_t2: 0.5770, iou_t3: 0.6074, iou_t4: 0.6381, iou_t5: 0.7243, loss: 0.1309
2026-05-09 01:40:01,475 - mmdet - INFO - Iter [53200/120000]	lr: 1.000e-04, eta: 1 day, 4:17:55, time: 1.348, data_time: 0.021, memory: 37118, loss_mask: 0.0947, loss_texture: 0.0185, iou: 0.6173, iou_t0: 0.6350, iou_t1: 0.5998, iou_t2: 0.6946, iou_t3: 0.6210, iou_t4: 0.6380, iou_t5: 0.6205, loss: 0.1132
2026-05-09 01:40:35,753 - mmdet - INFO - Iter [53225/120000]	lr: 1.000e-04, eta: 1 day, 4:17:05, time: 1.371, data_time: 0.020, memory: 37118, loss_mask: 0.0898, loss_texture: 0.0179, iou: 0.6037, iou_t0: 0.7141, iou_t1: 0.5604, iou_t2: 0.6367, iou_t3: 0.5661, iou_t4: 0.6538, iou_t5: 0.5646, loss: 0.1077
2026-05-09 01:41:10,737 - mmdet - INFO - Iter [53250/120000]	lr: 1.000e-04, eta: 1 day, 4:16:16, time: 1.399, data_time: 0.020, memory: 37118, loss_mask: 0.0864, loss_texture: 0.0169, iou: 0.6320, iou_t0: 0.6636, iou_t1: 0.6897, iou_t2: 0.6728, iou_t3: 0.6304, iou_t4: 0.6435, iou_t5: 0.5625, loss: 0.1034
2026-05-09 01:41:44,579 - mmdet - INFO - Iter [53275/120000]	lr: 1.000e-04, eta: 1 day, 4:15:25, time: 1.354, data_time: 0.020, memory: 37118, loss_mask: 0.0942, loss_texture: 0.0188, iou: 0.6139, iou_t0: 0.6569, iou_t1: 0.6125, iou_t2: 0.6541, iou_t3: 0.6133, iou_t4: 0.6211, iou_t5: 0.5469, loss: 0.1130
2026-05-09 01:42:19,797 - mmdet - INFO - Iter [53300/120000]	lr: 1.000e-04, eta: 1 day, 4:14:37, time: 1.409, data_time: 0.021, memory: 37118, loss_mask: 0.0892, loss_texture: 0.0185, iou: 0.6301, iou_t0: 0.6888, iou_t1: 0.6787, iou_t2: 0.6956, iou_t3: 0.6407, iou_t4: 0.5425, iou_t5: 0.6349, loss: 0.1078
2026-05-09 01:42:55,000 - mmdet - INFO - Iter [53325/120000]	lr: 1.000e-04, eta: 1 day, 4:13:50, time: 1.408, data_time: 0.020, memory: 37118, loss_mask: 0.0950, loss_texture: 0.0193, iou: 0.6541, iou_t0: 0.6306, iou_t1: 0.6967, iou_t2: 0.7275, iou_t3: 0.6413, iou_t4: 0.5296, iou_t5: 0.5657, loss: 0.1142
2026-05-09 01:43:29,704 - mmdet - INFO - Iter [53350/120000]	lr: 1.000e-04, eta: 1 day, 4:13:01, time: 1.388, data_time: 0.020, memory: 37118, loss_mask: 0.0940, loss_texture: 0.0187, iou: 0.6249, iou_t0: 0.5659, iou_t1: 0.5988, iou_t2: 0.7177, iou_t3: 0.6021, iou_t4: 0.6461, iou_t5: 0.6614, loss: 0.1127
2026-05-09 01:44:03,735 - mmdet - INFO - Iter [53375/120000]	lr: 1.000e-04, eta: 1 day, 4:12:10, time: 1.361, data_time: 0.020, memory: 37118, loss_mask: 0.0882, loss_texture: 0.0184, iou: 0.6303, iou_t0: 0.5814, iou_t1: 0.6382, iou_t2: 0.6258, iou_t3: 0.6816, iou_t4: 0.6574, iou_t5: 0.6179, loss: 0.1066
2026-05-09 01:44:37,833 - mmdet - INFO - Iter [53400/120000]	lr: 1.000e-04, eta: 1 day, 4:11:19, time: 1.364, data_time: 0.021, memory: 37118, loss_mask: 0.0968, loss_texture: 0.0190, iou: 0.6263, iou_t0: 0.6254, iou_t1: 0.6157, iou_t2: 0.6855, iou_t3: 0.6203, iou_t4: 0.5885, iou_t5: 0.6202, loss: 0.1158
2026-05-09 01:45:11,169 - mmdet - INFO - Iter [53425/120000]	lr: 1.000e-04, eta: 1 day, 4:10:26, time: 1.333, data_time: 0.020, memory: 37118, loss_mask: 0.0884, loss_texture: 0.0173, iou: 0.5970, iou_t0: 0.6248, iou_t1: 0.5696, iou_t2: 0.6322, iou_t3: 0.5377, iou_t4: 0.6109, iou_t5: 0.5849, loss: 0.1058
2026-05-09 01:45:45,428 - mmdet - INFO - Iter [53450/120000]	lr: 1.000e-04, eta: 1 day, 4:09:35, time: 1.370, data_time: 0.020, memory: 37118, loss_mask: 0.0963, loss_texture: 0.0193, iou: 0.6105, iou_t0: 0.6553, iou_t1: 0.5737, iou_t2: 0.6689, iou_t3: 0.6302, iou_t4: 0.5350, iou_t5: 0.5569, loss: 0.1155
2026-05-09 01:46:20,162 - mmdet - INFO - Iter [53475/120000]	lr: 1.000e-04, eta: 1 day, 4:08:47, time: 1.389, data_time: 0.020, memory: 37118, loss_mask: 0.0907, loss_texture: 0.0184, iou: 0.6256, iou_t0: 0.6262, iou_t1: 0.6844, iou_t2: 0.6409, iou_t3: 0.6079, iou_t4: 0.5694, iou_t5: 0.6046, loss: 0.1091
2026-05-09 01:46:54,552 - mmdet - INFO - 
--- Val evaluation at iter 53500 ---
2026-05-09 01:48:11,857 - mmdet - INFO - 
+------------+-------------+-------------+
| Class      | Val IoU     | Pseudo IoU  |
+------------+-------------+-------------+
| background | 88.86       | 93.28       |
| building   | 47.96       | 59.08       |
| Summary    | mIoU: 68.41 | mIoU: 76.18 |
+------------+-------------+-------------+
Images evaluated: 10
2026-05-09 01:48:13,217 - mmdet - INFO - Iter [53500/120000]	lr: 1.000e-04, eta: 1 day, 4:07:57, time: 1.376, data_time: 0.021, memory: 37118, val/mIoU: 0.6841, val/IoU.building: 0.4796, val/IoU.background: 0.8886, val/Pseudo_mIoU: 0.7618, loss_mask: 0.0899, loss_texture: 0.0182, iou: 0.6315, iou_t0: 0.6579, iou_t1: 0.5499, iou_t2: 0.6249, iou_t3: 0.6776, iou_t4: 0.6069, iou_t5: 0.6917, loss: 0.1081
2026-05-09 01:48:47,443 - mmdet - INFO - Iter [53525/120000]	lr: 1.000e-04, eta: 1 day, 4:11:15, time: 4.516, data_time: 3.167, memory: 37118, loss_mask: 0.0968, loss_texture: 0.0198, iou: 0.6229, iou_t0: 0.6765, iou_t1: 0.5361, iou_t2: 0.6153, iou_t3: 0.6072, iou_t4: 0.5923, iou_t5: 0.6464, loss: 0.1166
2026-05-09 01:49:21,933 - mmdet - INFO - Iter [53550/120000]	lr: 1.000e-04, eta: 1 day, 4:10:26, time: 1.380, data_time: 0.020, memory: 37118, loss_mask: 0.0915, loss_texture: 0.0184, iou: 0.6232, iou_t0: 0.6454, iou_t1: 0.6552, iou_t2: 0.6132, iou_t3: 0.6805, iou_t4: 0.5940, iou_t5: 0.6059, loss: 0.1098
2026-05-09 01:49:56,794 - mmdet - INFO - Iter [53575/120000]	lr: 1.000e-04, eta: 1 day, 4:09:37, time: 1.394, data_time: 0.020, memory: 37118, loss_mask: 0.0890, loss_texture: 0.0180, iou: 0.6201, iou_t0: 0.5438, iou_t1: 0.6325, iou_t2: 0.6604, iou_t3: 0.6285, iou_t4: 0.6195, iou_t5: 0.6935, loss: 0.1070
2026-05-09 01:50:29,935 - mmdet - INFO - Iter [53600/120000]	lr: 1.000e-04, eta: 1 day, 4:08:43, time: 1.326, data_time: 0.022, memory: 37118, loss_mask: 0.0807, loss_texture: 0.0163, iou: 0.5942, iou_t0: 0.5994, iou_t1: 0.5773, iou_t2: 0.5809, iou_t3: 0.5261, iou_t4: 0.5767, iou_t5: 0.7100, loss: 0.0970
2026-05-09 01:51:04,221 - mmdet - INFO - Iter [53625/120000]	lr: 1.000e-04, eta: 1 day, 4:07:53, time: 1.371, data_time: 0.020, memory: 37118, loss_mask: 0.0990, loss_texture: 0.0201, iou: 0.6379, iou_t0: 0.6720, iou_t1: 0.6018, iou_t2: 0.6844, iou_t3: 0.5908, iou_t4: 0.6046, iou_t5: 0.6282, loss: 0.1191
2026-05-09 01:51:39,622 - mmdet - INFO - Iter [53650/120000]	lr: 1.000e-04, eta: 1 day, 4:07:06, time: 1.416, data_time: 0.020, memory: 37118, loss_mask: 0.0924, loss_texture: 0.0191, iou: 0.6562, iou_t0: 0.6159, iou_t1: 0.6506, iou_t2: 0.6916, iou_t3: 0.6493, iou_t4: 0.6384, iou_t5: 0.6354, loss: 0.1115
2026-05-09 01:52:14,757 - mmdet - INFO - Iter [53675/120000]	lr: 1.000e-04, eta: 1 day, 4:06:18, time: 1.405, data_time: 0.020, memory: 37118, loss_mask: 0.0924, loss_texture: 0.0193, iou: 0.6472, iou_t0: 0.6296, iou_t1: 0.6367, iou_t2: 0.7004, iou_t3: 0.6656, iou_t4: 0.6886, iou_t5: 0.6271, loss: 0.1117
2026-05-09 01:52:48,953 - mmdet - INFO - Iter [53700/120000]	lr: 1.000e-04, eta: 1 day, 4:05:28, time: 1.368, data_time: 0.021, memory: 37118, loss_mask: 0.0871, loss_texture: 0.0174, iou: 0.5868, iou_t0: 0.5772, iou_t1: 0.6360, iou_t2: 0.6720, iou_t3: 0.5560, iou_t4: 0.5948, iou_t5: 0.6022, loss: 0.1045
2026-05-09 01:53:22,989 - mmdet - INFO - Iter [53725/120000]	lr: 1.000e-04, eta: 1 day, 4:04:37, time: 1.361, data_time: 0.020, memory: 37118, loss_mask: 0.0854, loss_texture: 0.0175, iou: 0.5979, iou_t0: 0.6089, iou_t1: 0.5527, iou_t2: 0.5990, iou_t3: 0.6664, iou_t4: 0.6825, iou_t5: 0.5567, loss: 0.1029
