2026-05-05 12:48:43,928 - mmdet - INFO - Environment info:
------------------------------------------------------------
sys.platform: linux
Python: 3.8.20 (default, Oct  3 2024, 15:24:27) [GCC 11.2.0]
CUDA available: True
GPU 0: NVIDIA L40S
CUDA_HOME: /usr
NVCC: Cuda compilation tools, release 12.0, V12.0.140
GCC: gcc (Ubuntu 13.3.0-6ubuntu2~24.04.1) 13.3.0
PyTorch: 1.10.1+cu111
PyTorch compiling details: PyTorch built with:
  - GCC 7.3
  - C++ Version: 201402
  - Intel(R) Math Kernel Library Version 2020.0.0 Product Build 20191122 for Intel(R) 64 architecture applications
  - Intel(R) MKL-DNN v2.2.3 (Git Hash 7336ca9f055cf1bfa13efb658fe15dc9b41f0740)
  - OpenMP 201511 (a.k.a. OpenMP 4.5)
  - LAPACK is enabled (usually provided by MKL)
  - NNPACK is enabled
  - CPU capability usage: AVX2
  - CUDA Runtime 11.1
  - NVCC architecture flags: -gencode;arch=compute_37,code=sm_37;-gencode;arch=compute_50,code=sm_50;-gencode;arch=compute_60,code=sm_60;-gencode;arch=compute_70,code=sm_70;-gencode;arch=compute_75,code=sm_75;-gencode;arch=compute_80,code=sm_80;-gencode;arch=compute_86,code=sm_86
  - CuDNN 8.0.5
  - Magma 2.5.2
  - Build settings: BLAS_INFO=mkl, BUILD_TYPE=Release, CUDA_VERSION=11.1, CUDNN_VERSION=8.0.5, CXX_COMPILER=/opt/rh/devtoolset-7/root/usr/bin/c++, CXX_FLAGS= -Wno-deprecated -fvisibility-inlines-hidden -DUSE_PTHREADPOOL -fopenmp -DNDEBUG -DUSE_KINETO -DUSE_FBGEMM -DUSE_QNNPACK -DUSE_PYTORCH_QNNPACK -DUSE_XNNPACK -DSYMBOLICATE_MOBILE_DEBUG_HANDLE -DEDGE_PROFILER_USE_KINETO -O2 -fPIC -Wno-narrowing -Wall -Wextra -Werror=return-type -Wno-missing-field-initializers -Wno-type-limits -Wno-array-bounds -Wno-unknown-pragmas -Wno-sign-compare -Wno-unused-parameter -Wno-unused-variable -Wno-unused-function -Wno-unused-result -Wno-unused-local-typedefs -Wno-strict-overflow -Wno-strict-aliasing -Wno-error=deprecated-declarations -Wno-stringop-overflow -Wno-psabi -Wno-error=pedantic -Wno-error=redundant-decls -Wno-error=old-style-cast -fdiagnostics-color=always -faligned-new -Wno-unused-but-set-variable -Wno-maybe-uninitialized -fno-math-errno -fno-trapping-math -Werror=format -Wno-stringop-overflow, LAPACK_INFO=mkl, PERF_WITH_AVX=1, PERF_WITH_AVX2=1, PERF_WITH_AVX512=1, TORCH_VERSION=1.10.1, USE_CUDA=ON, USE_CUDNN=ON, USE_EXCEPTION_PTR=1, USE_GFLAGS=OFF, USE_GLOG=OFF, USE_MKL=ON, USE_MKLDNN=ON, USE_MPI=OFF, USE_NCCL=ON, USE_NNPACK=ON, USE_OPENMP=ON, 

TorchVision: 0.11.2+cu111
OpenCV: 4.13.0
MMCV: 1.5.0
MMCV Compiler: GCC 7.3
MMCV CUDA Compiler: 11.1
MMDetection: 2.28.1+c92c1d0
------------------------------------------------------------

2026-05-05 12:48:44,432 - mmdet - INFO - Distributed training: False
2026-05-05 12:48:44,999 - mmdet - INFO - Config:
checkpoint_config = dict(interval=0, by_epoch=False)
log_config = dict(
    interval=25, hooks=[dict(type='TextLoggerHook', by_epoch=False)])
dist_params = dict(backend='nccl')
log_level = 'INFO'
load_from = None
resume_from = None
workflow = [('train', 1)]
opencv_num_threads = 0
mp_start_method = 'spawn'
auto_scale_lr = dict(enable=False, base_batch_size=16)
object_size = 256
task = 'semantic'
model = dict(
    type='SegRefinerSemantic',
    task='semantic',
    step=6,
    denoise_model=dict(
        type='DenoiseUNet',
        in_channels=4,
        out_channels=1,
        model_channels=128,
        num_res_blocks=2,
        num_heads=4,
        num_heads_upsample=-1,
        attention_strides=(16, 32),
        learn_time_embd=True,
        num_timesteps=6,
        channel_mult=(1, 1, 2, 2, 4, 4),
        dropout=0.0),
    diffusion_cfg=dict(
        betas=dict(type='linear', start=0.8, stop=0.0, num_timesteps=6),
        diff_iter=False,
        noise_components=dict(use_obj=False, use_bnd=False, use_unc=True)),
    test_cfg=dict(
        model_size=1024,
        fine_prob_thr=0.8,
        batch_max=32,
        iou_thr=0.15,
        max_local_patches=16,
        nms_iou_thr=0.5))
img_norm_cfg = dict(
    mean=[123.675, 116.28, 103.53], std=[58.395, 57.12, 57.375], to_rgb=True)
train_pipeline = [
    dict(type='LoadImageFromFile'),
    dict(
        type='LoadAnnotations',
        with_bbox=False,
        with_label=False,
        with_mask=False,
        with_seg=True),
    dict(
        type='LoadOEMCoarseMasks',
        use_obj=False,
        use_bnd=False,
        use_unc=False,
        obj_unc_threshold=0.3,
        test_mode=False),
    dict(type='AddGlobalView', size=256),
    dict(type='RandomCropAll', crop_size=256),
    dict(type='RandomFlip', flip_ratio=0.5),
    dict(
        type='Normalize',
        mean=[123.675, 116.28, 103.53],
        std=[58.395, 57.12, 57.375],
        to_rgb=True),
    dict(type='DefaultFormatBundle'),
    dict(
        type='Collect',
        keys=[
            'img', 'gt_masks', 'coarse_masks', 'unc_map', 'edge_map',
            'global_img', 'global_gt_np', 'global_coarse_np', 'global_unc_np',
            'global_edge_np'
        ])
]
val_data_root = '/home/ubuntu/vy/Denoiser/OEM_v2_Building'
val_pipeline = [
    dict(type='LoadImageFromFile'),
    dict(
        type='LoadAnnotations',
        with_bbox=False,
        with_label=False,
        with_mask=False,
        with_seg=True),
    dict(
        type='LoadOEMCoarseMasks',
        test_mode=True,
        pseudolabel_dir='/home/ubuntu/vy/Denoiser/OEM_v2_Building/pseudolabels'
    ),
    dict(type='Resize', img_scale=(1024, 1024), keep_ratio=False),
    dict(
        type='Normalize',
        mean=[123.675, 116.28, 103.53],
        std=[58.395, 57.12, 57.375],
        to_rgb=True),
    dict(type='DefaultFormatBundle'),
    dict(
        type='Collect',
        keys=['img', 'gt_masks', 'coarse_masks'],
        meta_keys=[
            'filename', 'ori_filename', 'ori_shape', 'img_shape', 'pad_shape',
            'scale_factor', 'flip', 'flip_direction', 'img_norm_cfg',
            'crop_bbox'
        ])
]
data_root = '/home/ubuntu/vy/Denoiser/OpenEarthMap_wo_xBD'
dataset_type = 'OEMBuildingDataset'
data = dict(
    train=dict(
        type='OEMBuildingDataset',
        data_root='/home/ubuntu/vy/Denoiser/OpenEarthMap_wo_xBD',
        split_file='/home/ubuntu/vy/Denoiser/OpenEarthMap_wo_xBD/train.txt',
        pipeline=[
            dict(type='LoadImageFromFile'),
            dict(
                type='LoadAnnotations',
                with_bbox=False,
                with_label=False,
                with_mask=False,
                with_seg=True),
            dict(
                type='LoadOEMCoarseMasks',
                use_obj=False,
                use_bnd=False,
                use_unc=True,
                test_mode=False),
            dict(type='RandomCropAll', crop_size=256),
            dict(type='RandomFlip', flip_ratio=0.5),
            dict(
                type='Normalize',
                mean=[123.675, 116.28, 103.53],
                std=[58.395, 57.12, 57.375],
                to_rgb=True),
            dict(type='DefaultFormatBundle'),
            dict(
                type='Collect',
                keys=[
                    'img', 'gt_masks', 'coarse_masks', 'unc_map', 'edge_map'
                ])
        ],
        test_mode=False),
    val=dict(
        type='OEMv2BuildingDataset',
        data_root='/home/ubuntu/vy/Denoiser/OEM_v2_Building',
        split_file='/home/ubuntu/vy/Denoiser/OEM_v2_Building/val.txt',
        pipeline=[
            dict(type='LoadImageFromFile'),
            dict(
                type='LoadAnnotations',
                with_bbox=False,
                with_label=False,
                with_mask=False,
                with_seg=True),
            dict(
                type='LoadOEMCoarseMasks',
                test_mode=True,
                pseudolabel_dir=
                '/home/ubuntu/vy/Denoiser/OEM_v2_Building/pseudolabels'),
            dict(type='Resize', img_scale=(1024, 1024), keep_ratio=False),
            dict(
                type='Normalize',
                mean=[123.675, 116.28, 103.53],
                std=[58.395, 57.12, 57.375],
                to_rgb=True),
            dict(type='DefaultFormatBundle'),
            dict(
                type='Collect',
                keys=['img', 'gt_masks', 'coarse_masks'],
                meta_keys=[
                    'filename', 'ori_filename', 'ori_shape', 'img_shape',
                    'pad_shape', 'scale_factor', 'flip', 'flip_direction',
                    'img_norm_cfg', 'crop_bbox'
                ])
        ],
        test_mode=True),
    test=dict(
        type='OEMv2BuildingDataset',
        data_root='/home/ubuntu/vy/Denoiser/OEM_v2_Building',
        split_file='/home/ubuntu/vy/Denoiser/OEM_v2_Building/test.txt',
        pipeline=[
            dict(type='LoadImageFromFile'),
            dict(
                type='LoadAnnotations',
                with_bbox=False,
                with_label=False,
                with_mask=False,
                with_seg=True),
            dict(
                type='LoadOEMCoarseMasks',
                test_mode=True,
                pseudolabel_dir=
                '/home/ubuntu/vy/Denoiser/OEM_v2_Building/pseudolabels'),
            dict(type='Resize', img_scale=(1024, 1024), keep_ratio=False),
            dict(
                type='Normalize',
                mean=[123.675, 116.28, 103.53],
                std=[58.395, 57.12, 57.375],
                to_rgb=True),
            dict(type='DefaultFormatBundle'),
            dict(
                type='Collect',
                keys=['img', 'gt_masks', 'coarse_masks'],
                meta_keys=[
                    'filename', 'ori_filename', 'ori_shape', 'img_shape',
                    'pad_shape', 'scale_factor', 'flip', 'flip_direction',
                    'img_norm_cfg', 'crop_bbox'
                ])
        ],
        test_mode=True),
    train_dataloader=dict(samples_per_gpu=16, workers_per_gpu=4),
    val_dataloader=dict(samples_per_gpu=1, workers_per_gpu=4))
optimizer = dict(
    type='AdamW', lr=0.0001, weight_decay=0, eps=1e-08, betas=(0.9, 0.999))
optimizer_config = dict(grad_clip=None)
max_iters = 120000
runner = dict(type='IterBasedRunner', max_iters=120000)
lr_config = dict(
    policy='step',
    gamma=0.5,
    by_epoch=False,
    step=[85000, 110000],
    warmup='linear',
    warmup_by_epoch=False,
    warmup_ratio=0.001,
    warmup_iters=500)
oem_eval = dict(interval=500, save_best=True)
interval = 1
work_dir = 'work_dirs/exp4_unc'
auto_resume = False
gpu_ids = [0]

2026-05-05 12:48:45,000 - mmdet - INFO - Set random seed to 1685972822, deterministic: False
Name of parameter - Initialization information

denoise_model.time_embed.weight - torch.Size([6, 512]): 
The value is the same before and after calling `init_weights` of SegRefinerSemantic  

denoise_model.input_blocks.0.0.weight - torch.Size([128, 4, 3, 3]): 
The value is the same before and after calling `init_weights` of SegRefinerSemantic  

denoise_model.input_blocks.0.0.bias - torch.Size([128]): 
The value is the same before and after calling `init_weights` of SegRefinerSemantic  

denoise_model.input_blocks.1.0.in_layers.0.weight - torch.Size([128]): 
The value is the same before and after calling `init_weights` of SegRefinerSemantic  

denoise_model.input_blocks.1.0.in_layers.0.bias - torch.Size([128]): 
The value is the same before and after calling `init_weights` of SegRefinerSemantic  

denoise_model.input_blocks.1.0.in_layers.2.weight - torch.Size([128, 128, 3, 3]): 
The value is the same before and after calling `init_weights` of SegRefinerSemantic  

denoise_model.input_blocks.1.0.in_layers.2.bias - torch.Size([128]): 
The value is the same before and after calling `init_weights` of SegRefinerSemantic  

denoise_model.input_blocks.1.0.emb_layers.1.weight - torch.Size([128, 512]): 
The value is the same before and after calling `init_weights` of SegRefinerSemantic  

denoise_model.input_blocks.1.0.emb_layers.1.bias - torch.Size([128]): 
The value is the same before and after calling `init_weights` of SegRefinerSemantic  

denoise_model.input_blocks.1.0.out_layers.0.weight - torch.Size([128]): 
The value is the same before and after calling `init_weights` of SegRefinerSemantic  

denoise_model.input_blocks.1.0.out_layers.0.bias - torch.Size([128]): 
The value is the same before and after calling `init_weights` of SegRefinerSemantic  

denoise_model.input_blocks.1.0.out_layers.3.weight - torch.Size([128, 128, 3, 3]): 
The value is the same before and after calling `init_weights` of SegRefinerSemantic  

denoise_model.input_blocks.1.0.out_layers.3.bias - torch.Size([128]): 
The value is the same before and after calling `init_weights` of SegRefinerSemantic  

denoise_model.input_blocks.2.0.in_layers.0.weight - torch.Size([128]): 
The value is the same before and after calling `init_weights` of SegRefinerSemantic  

denoise_model.input_blocks.2.0.in_layers.0.bias - torch.Size([128]): 
The value is the same before and after calling `init_weights` of SegRefinerSemantic  

denoise_model.input_blocks.2.0.in_layers.2.weight - torch.Size([128, 128, 3, 3]): 
The value is the same before and after calling `init_weights` of SegRefinerSemantic  

denoise_model.input_blocks.2.0.in_layers.2.bias - torch.Size([128]): 
The value is the same before and after calling `init_weights` of SegRefinerSemantic  

denoise_model.input_blocks.2.0.emb_layers.1.weight - torch.Size([128, 512]): 
The value is the same before and after calling `init_weights` of SegRefinerSemantic  

denoise_model.input_blocks.2.0.emb_layers.1.bias - torch.Size([128]): 
The value is the same before and after calling `init_weights` of SegRefinerSemantic  

denoise_model.input_blocks.2.0.out_layers.0.weight - torch.Size([128]): 
The value is the same before and after calling `init_weights` of SegRefinerSemantic  

denoise_model.input_blocks.2.0.out_layers.0.bias - torch.Size([128]): 
The value is the same before and after calling `init_weights` of SegRefinerSemantic  

denoise_model.input_blocks.2.0.out_layers.3.weight - torch.Size([128, 128, 3, 3]): 
The value is the same before and after calling `init_weights` of SegRefinerSemantic  

denoise_model.input_blocks.2.0.out_layers.3.bias - torch.Size([128]): 
The value is the same before and after calling `init_weights` of SegRefinerSemantic  

denoise_model.input_blocks.3.0.op.weight - torch.Size([128, 128, 3, 3]): 
The value is the same before and after calling `init_weights` of SegRefinerSemantic  

denoise_model.input_blocks.3.0.op.bias - torch.Size([128]): 
The value is the same before and after calling `init_weights` of SegRefinerSemantic  

denoise_model.input_blocks.4.0.in_layers.0.weight - torch.Size([128]): 
The value is the same before and after calling `init_weights` of SegRefinerSemantic  

denoise_model.input_blocks.4.0.in_layers.0.bias - torch.Size([128]): 
The value is the same before and after calling `init_weights` of SegRefinerSemantic  

denoise_model.input_blocks.4.0.in_layers.2.weight - torch.Size([128, 128, 3, 3]): 
The value is the same before and after calling `init_weights` of SegRefinerSemantic  

denoise_model.input_blocks.4.0.in_layers.2.bias - torch.Size([128]): 
The value is the same before and after calling `init_weights` of SegRefinerSemantic  

denoise_model.input_blocks.4.0.emb_layers.1.weight - torch.Size([128, 512]): 
The value is the same before and after calling `init_weights` of SegRefinerSemantic  

denoise_model.input_blocks.4.0.emb_layers.1.bias - torch.Size([128]): 
The value is the same before and after calling `init_weights` of SegRefinerSemantic  

denoise_model.input_blocks.4.0.out_layers.0.weight - torch.Size([128]): 
The value is the same before and after calling `init_weights` of SegRefinerSemantic  

denoise_model.input_blocks.4.0.out_layers.0.bias - torch.Size([128]): 
The value is the same before and after calling `init_weights` of SegRefinerSemantic  

denoise_model.input_blocks.4.0.out_layers.3.weight - torch.Size([128, 128, 3, 3]): 
The value is the same before and after calling `init_weights` of SegRefinerSemantic  

denoise_model.input_blocks.4.0.out_layers.3.bias - torch.Size([128]): 
The value is the same before and after calling `init_weights` of SegRefinerSemantic  

denoise_model.input_blocks.5.0.in_layers.0.weight - torch.Size([128]): 
The value is the same before and after calling `init_weights` of SegRefinerSemantic  

denoise_model.input_blocks.5.0.in_layers.0.bias - torch.Size([128]): 
The value is the same before and after calling `init_weights` of SegRefinerSemantic  

denoise_model.input_blocks.5.0.in_layers.2.weight - torch.Size([128, 128, 3, 3]): 
The value is the same before and after calling `init_weights` of SegRefinerSemantic  

denoise_model.input_blocks.5.0.in_layers.2.bias - torch.Size([128]): 
The value is the same before and after calling `init_weights` of SegRefinerSemantic  

denoise_model.input_blocks.5.0.emb_layers.1.weight - torch.Size([128, 512]): 
The value is the same before and after calling `init_weights` of SegRefinerSemantic  

denoise_model.input_blocks.5.0.emb_layers.1.bias - torch.Size([128]): 
The value is the same before and after calling `init_weights` of SegRefinerSemantic  

denoise_model.input_blocks.5.0.out_layers.0.weight - torch.Size([128]): 
The value is the same before and after calling `init_weights` of SegRefinerSemantic  

denoise_model.input_blocks.5.0.out_layers.0.bias - torch.Size([128]): 
The value is the same before and after calling `init_weights` of SegRefinerSemantic  

denoise_model.input_blocks.5.0.out_layers.3.weight - torch.Size([128, 128, 3, 3]): 
The value is the same before and after calling `init_weights` of SegRefinerSemantic  

denoise_model.input_blocks.5.0.out_layers.3.bias - torch.Size([128]): 
The value is the same before and after calling `init_weights` of SegRefinerSemantic  

denoise_model.input_blocks.6.0.op.weight - torch.Size([128, 128, 3, 3]): 
The value is the same before and after calling `init_weights` of SegRefinerSemantic  

denoise_model.input_blocks.6.0.op.bias - torch.Size([128]): 
The value is the same before and after calling `init_weights` of SegRefinerSemantic  

denoise_model.input_blocks.7.0.in_layers.0.weight - torch.Size([128]): 
The value is the same before and after calling `init_weights` of SegRefinerSemantic  

denoise_model.input_blocks.7.0.in_layers.0.bias - torch.Size([128]): 
The value is the same before and after calling `init_weights` of SegRefinerSemantic  

denoise_model.input_blocks.7.0.in_layers.2.weight - torch.Size([256, 128, 3, 3]): 
The value is the same before and after calling `init_weights` of SegRefinerSemantic  

denoise_model.input_blocks.7.0.in_layers.2.bias - torch.Size([256]): 
The value is the same before and after calling `init_weights` of SegRefinerSemantic  

denoise_model.input_blocks.7.0.emb_layers.1.weight - torch.Size([256, 512]): 
The value is the same before and after calling `init_weights` of SegRefinerSemantic  

denoise_model.input_blocks.7.0.emb_layers.1.bias - torch.Size([256]): 
The value is the same before and after calling `init_weights` of SegRefinerSemantic  

denoise_model.input_blocks.7.0.out_layers.0.weight - torch.Size([256]): 
The value is the same before and after calling `init_weights` of SegRefinerSemantic  

denoise_model.input_blocks.7.0.out_layers.0.bias - torch.Size([256]): 
The value is the same before and after calling `init_weights` of SegRefinerSemantic  

denoise_model.input_blocks.7.0.out_layers.3.weight - torch.Size([256, 256, 3, 3]): 
The value is the same before and after calling `init_weights` of SegRefinerSemantic  

denoise_model.input_blocks.7.0.out_layers.3.bias - torch.Size([256]): 
The value is the same before and after calling `init_weights` of SegRefinerSemantic  

denoise_model.input_blocks.7.0.skip_connection.weight - torch.Size([256, 128, 1, 1]): 
The value is the same before and after calling `init_weights` of SegRefinerSemantic  

denoise_model.input_blocks.7.0.skip_connection.bias - torch.Size([256]): 
The value is the same before and after calling `init_weights` of SegRefinerSemantic  

denoise_model.input_blocks.8.0.in_layers.0.weight - torch.Size([256]): 
The value is the same before and after calling `init_weights` of SegRefinerSemantic  

denoise_model.input_blocks.8.0.in_layers.0.bias - torch.Size([256]): 
The value is the same before and after calling `init_weights` of SegRefinerSemantic  

denoise_model.input_blocks.8.0.in_layers.2.weight - torch.Size([256, 256, 3, 3]): 
The value is the same before and after calling `init_weights` of SegRefinerSemantic  

denoise_model.input_blocks.8.0.in_layers.2.bias - torch.Size([256]): 
The value is the same before and after calling `init_weights` of SegRefinerSemantic  

denoise_model.input_blocks.8.0.emb_layers.1.weight - torch.Size([256, 512]): 
The value is the same before and after calling `init_weights` of SegRefinerSemantic  

denoise_model.input_blocks.8.0.emb_layers.1.bias - torch.Size([256]): 
The value is the same before and after calling `init_weights` of SegRefinerSemantic  

denoise_model.input_blocks.8.0.out_layers.0.weight - torch.Size([256]): 
The value is the same before and after calling `init_weights` of SegRefinerSemantic  

denoise_model.input_blocks.8.0.out_layers.0.bias - torch.Size([256]): 
The value is the same before and after calling `init_weights` of SegRefinerSemantic  

denoise_model.input_blocks.8.0.out_layers.3.weight - torch.Size([256, 256, 3, 3]): 
The value is the same before and after calling `init_weights` of SegRefinerSemantic  

denoise_model.input_blocks.8.0.out_layers.3.bias - torch.Size([256]): 
The value is the same before and after calling `init_weights` of SegRefinerSemantic  

denoise_model.input_blocks.9.0.op.weight - torch.Size([256, 256, 3, 3]): 
The value is the same before and after calling `init_weights` of SegRefinerSemantic  

denoise_model.input_blocks.9.0.op.bias - torch.Size([256]): 
The value is the same before and after calling `init_weights` of SegRefinerSemantic  

denoise_model.input_blocks.10.0.in_layers.0.weight - torch.Size([256]): 
The value is the same before and after calling `init_weights` of SegRefinerSemantic  

denoise_model.input_blocks.10.0.in_layers.0.bias - torch.Size([256]): 
The value is the same before and after calling `init_weights` of SegRefinerSemantic  

denoise_model.input_blocks.10.0.in_layers.2.weight - torch.Size([256, 256, 3, 3]): 
The value is the same before and after calling `init_weights` of SegRefinerSemantic  

denoise_model.input_blocks.10.0.in_layers.2.bias - torch.Size([256]): 
The value is the same before and after calling `init_weights` of SegRefinerSemantic  

denoise_model.input_blocks.10.0.emb_layers.1.weight - torch.Size([256, 512]): 
The value is the same before and after calling `init_weights` of SegRefinerSemantic  

denoise_model.input_blocks.10.0.emb_layers.1.bias - torch.Size([256]): 
The value is the same before and after calling `init_weights` of SegRefinerSemantic  

denoise_model.input_blocks.10.0.out_layers.0.weight - torch.Size([256]): 
The value is the same before and after calling `init_weights` of SegRefinerSemantic  

denoise_model.input_blocks.10.0.out_layers.0.bias - torch.Size([256]): 
The value is the same before and after calling `init_weights` of SegRefinerSemantic  

denoise_model.input_blocks.10.0.out_layers.3.weight - torch.Size([256, 256, 3, 3]): 
The value is the same before and after calling `init_weights` of SegRefinerSemantic  

denoise_model.input_blocks.10.0.out_layers.3.bias - torch.Size([256]): 
The value is the same before and after calling `init_weights` of SegRefinerSemantic  

denoise_model.input_blocks.11.0.in_layers.0.weight - torch.Size([256]): 
The value is the same before and after calling `init_weights` of SegRefinerSemantic  

denoise_model.input_blocks.11.0.in_layers.0.bias - torch.Size([256]): 
The value is the same before and after calling `init_weights` of SegRefinerSemantic  

denoise_model.input_blocks.11.0.in_layers.2.weight - torch.Size([256, 256, 3, 3]): 
The value is the same before and after calling `init_weights` of SegRefinerSemantic  

denoise_model.input_blocks.11.0.in_layers.2.bias - torch.Size([256]): 
The value is the same before and after calling `init_weights` of SegRefinerSemantic  

denoise_model.input_blocks.11.0.emb_layers.1.weight - torch.Size([256, 512]): 
The value is the same before and after calling `init_weights` of SegRefinerSemantic  

denoise_model.input_blocks.11.0.emb_layers.1.bias - torch.Size([256]): 
The value is the same before and after calling `init_weights` of SegRefinerSemantic  

denoise_model.input_blocks.11.0.out_layers.0.weight - torch.Size([256]): 
The value is the same before and after calling `init_weights` of SegRefinerSemantic  

denoise_model.input_blocks.11.0.out_layers.0.bias - torch.Size([256]): 
The value is the same before and after calling `init_weights` of SegRefinerSemantic  

denoise_model.input_blocks.11.0.out_layers.3.weight - torch.Size([256, 256, 3, 3]): 
The value is the same before and after calling `init_weights` of SegRefinerSemantic  

denoise_model.input_blocks.11.0.out_layers.3.bias - torch.Size([256]): 
The value is the same before and after calling `init_weights` of SegRefinerSemantic  

denoise_model.input_blocks.12.0.op.weight - torch.Size([256, 256, 3, 3]): 
The value is the same before and after calling `init_weights` of SegRefinerSemantic  

denoise_model.input_blocks.12.0.op.bias - torch.Size([256]): 
The value is the same before and after calling `init_weights` of SegRefinerSemantic  

denoise_model.input_blocks.13.0.in_layers.0.weight - torch.Size([256]): 
The value is the same before and after calling `init_weights` of SegRefinerSemantic  

denoise_model.input_blocks.13.0.in_layers.0.bias - torch.Size([256]): 
The value is the same before and after calling `init_weights` of SegRefinerSemantic  

denoise_model.input_blocks.13.0.in_layers.2.weight - torch.Size([512, 256, 3, 3]): 
The value is the same before and after calling `init_weights` of SegRefinerSemantic  

denoise_model.input_blocks.13.0.in_layers.2.bias - torch.Size([512]): 
The value is the same before and after calling `init_weights` of SegRefinerSemantic  

denoise_model.input_blocks.13.0.emb_layers.1.weight - torch.Size([512, 512]): 
The value is the same before and after calling `init_weights` of SegRefinerSemantic  

denoise_model.input_blocks.13.0.emb_layers.1.bias - torch.Size([512]): 
The value is the same before and after calling `init_weights` of SegRefinerSemantic  

denoise_model.input_blocks.13.0.out_layers.0.weight - torch.Size([512]): 
The value is the same before and after calling `init_weights` of SegRefinerSemantic  

denoise_model.input_blocks.13.0.out_layers.0.bias - torch.Size([512]): 
The value is the same before and after calling `init_weights` of SegRefinerSemantic  

denoise_model.input_blocks.13.0.out_layers.3.weight - torch.Size([512, 512, 3, 3]): 
The value is the same before and after calling `init_weights` of SegRefinerSemantic  

denoise_model.input_blocks.13.0.out_layers.3.bias - torch.Size([512]): 
The value is the same before and after calling `init_weights` of SegRefinerSemantic  

denoise_model.input_blocks.13.0.skip_connection.weight - torch.Size([512, 256, 1, 1]): 
The value is the same before and after calling `init_weights` of SegRefinerSemantic  

denoise_model.input_blocks.13.0.skip_connection.bias - torch.Size([512]): 
The value is the same before and after calling `init_weights` of SegRefinerSemantic  

denoise_model.input_blocks.13.1.norm.weight - torch.Size([512]): 
The value is the same before and after calling `init_weights` of SegRefinerSemantic  

denoise_model.input_blocks.13.1.norm.bias - torch.Size([512]): 
The value is the same before and after calling `init_weights` of SegRefinerSemantic  

denoise_model.input_blocks.13.1.qkv.weight - torch.Size([1536, 512, 1]): 
The value is the same before and after calling `init_weights` of SegRefinerSemantic  

denoise_model.input_blocks.13.1.qkv.bias - torch.Size([1536]): 
The value is the same before and after calling `init_weights` of SegRefinerSemantic  

denoise_model.input_blocks.13.1.proj_out.weight - torch.Size([512, 512, 1]): 
The value is the same before and after calling `init_weights` of SegRefinerSemantic  

denoise_model.input_blocks.13.1.proj_out.bias - torch.Size([512]): 
The value is the same before and after calling `init_weights` of SegRefinerSemantic  

denoise_model.input_blocks.14.0.in_layers.0.weight - torch.Size([512]): 
The value is the same before and after calling `init_weights` of SegRefinerSemantic  

denoise_model.input_blocks.14.0.in_layers.0.bias - torch.Size([512]): 
The value is the same before and after calling `init_weights` of SegRefinerSemantic  

denoise_model.input_blocks.14.0.in_layers.2.weight - torch.Size([512, 512, 3, 3]): 
The value is the same before and after calling `init_weights` of SegRefinerSemantic  

denoise_model.input_blocks.14.0.in_layers.2.bias - torch.Size([512]): 
The value is the same before and after calling `init_weights` of SegRefinerSemantic  

denoise_model.input_blocks.14.0.emb_layers.1.weight - torch.Size([512, 512]): 
The value is the same before and after calling `init_weights` of SegRefinerSemantic  

denoise_model.input_blocks.14.0.emb_layers.1.bias - torch.Size([512]): 
The value is the same before and after calling `init_weights` of SegRefinerSemantic  

denoise_model.input_blocks.14.0.out_layers.0.weight - torch.Size([512]): 
The value is the same before and after calling `init_weights` of SegRefinerSemantic  

denoise_model.input_blocks.14.0.out_layers.0.bias - torch.Size([512]): 
The value is the same before and after calling `init_weights` of SegRefinerSemantic  

denoise_model.input_blocks.14.0.out_layers.3.weight - torch.Size([512, 512, 3, 3]): 
The value is the same before and after calling `init_weights` of SegRefinerSemantic  

denoise_model.input_blocks.14.0.out_layers.3.bias - torch.Size([512]): 
The value is the same before and after calling `init_weights` of SegRefinerSemantic  

denoise_model.input_blocks.14.1.norm.weight - torch.Size([512]): 
The value is the same before and after calling `init_weights` of SegRefinerSemantic  

denoise_model.input_blocks.14.1.norm.bias - torch.Size([512]): 
The value is the same before and after calling `init_weights` of SegRefinerSemantic  

denoise_model.input_blocks.14.1.qkv.weight - torch.Size([1536, 512, 1]): 
The value is the same before and after calling `init_weights` of SegRefinerSemantic  

denoise_model.input_blocks.14.1.qkv.bias - torch.Size([1536]): 
The value is the same before and after calling `init_weights` of SegRefinerSemantic  

denoise_model.input_blocks.14.1.proj_out.weight - torch.Size([512, 512, 1]): 
The value is the same before and after calling `init_weights` of SegRefinerSemantic  

denoise_model.input_blocks.14.1.proj_out.bias - torch.Size([512]): 
The value is the same before and after calling `init_weights` of SegRefinerSemantic  

denoise_model.input_blocks.15.0.op.weight - torch.Size([512, 512, 3, 3]): 
The value is the same before and after calling `init_weights` of SegRefinerSemantic  

denoise_model.input_blocks.15.0.op.bias - torch.Size([512]): 
The value is the same before and after calling `init_weights` of SegRefinerSemantic  

denoise_model.input_blocks.16.0.in_layers.0.weight - torch.Size([512]): 
The value is the same before and after calling `init_weights` of SegRefinerSemantic  

denoise_model.input_blocks.16.0.in_layers.0.bias - torch.Size([512]): 
The value is the same before and after calling `init_weights` of SegRefinerSemantic  

denoise_model.input_blocks.16.0.in_layers.2.weight - torch.Size([512, 512, 3, 3]): 
The value is the same before and after calling `init_weights` of SegRefinerSemantic  

denoise_model.input_blocks.16.0.in_layers.2.bias - torch.Size([512]): 
The value is the same before and after calling `init_weights` of SegRefinerSemantic  

denoise_model.input_blocks.16.0.emb_layers.1.weight - torch.Size([512, 512]): 
The value is the same before and after calling `init_weights` of SegRefinerSemantic  

denoise_model.input_blocks.16.0.emb_layers.1.bias - torch.Size([512]): 
The value is the same before and after calling `init_weights` of SegRefinerSemantic  

denoise_model.input_blocks.16.0.out_layers.0.weight - torch.Size([512]): 
The value is the same before and after calling `init_weights` of SegRefinerSemantic  

denoise_model.input_blocks.16.0.out_layers.0.bias - torch.Size([512]): 
The value is the same before and after calling `init_weights` of SegRefinerSemantic  

denoise_model.input_blocks.16.0.out_layers.3.weight - torch.Size([512, 512, 3, 3]): 
The value is the same before and after calling `init_weights` of SegRefinerSemantic  

denoise_model.input_blocks.16.0.out_layers.3.bias - torch.Size([512]): 
The value is the same before and after calling `init_weights` of SegRefinerSemantic  

denoise_model.input_blocks.16.1.norm.weight - torch.Size([512]): 
The value is the same before and after calling `init_weights` of SegRefinerSemantic  

denoise_model.input_blocks.16.1.norm.bias - torch.Size([512]): 
The value is the same before and after calling `init_weights` of SegRefinerSemantic  

denoise_model.input_blocks.16.1.qkv.weight - torch.Size([1536, 512, 1]): 
The value is the same before and after calling `init_weights` of SegRefinerSemantic  

denoise_model.input_blocks.16.1.qkv.bias - torch.Size([1536]): 
The value is the same before and after calling `init_weights` of SegRefinerSemantic  

denoise_model.input_blocks.16.1.proj_out.weight - torch.Size([512, 512, 1]): 
The value is the same before and after calling `init_weights` of SegRefinerSemantic  

denoise_model.input_blocks.16.1.proj_out.bias - torch.Size([512]): 
The value is the same before and after calling `init_weights` of SegRefinerSemantic  

denoise_model.input_blocks.17.0.in_layers.0.weight - torch.Size([512]): 
The value is the same before and after calling `init_weights` of SegRefinerSemantic  

denoise_model.input_blocks.17.0.in_layers.0.bias - torch.Size([512]): 
The value is the same before and after calling `init_weights` of SegRefinerSemantic  

denoise_model.input_blocks.17.0.in_layers.2.weight - torch.Size([512, 512, 3, 3]): 
The value is the same before and after calling `init_weights` of SegRefinerSemantic  

denoise_model.input_blocks.17.0.in_layers.2.bias - torch.Size([512]): 
The value is the same before and after calling `init_weights` of SegRefinerSemantic  

denoise_model.input_blocks.17.0.emb_layers.1.weight - torch.Size([512, 512]): 
The value is the same before and after calling `init_weights` of SegRefinerSemantic  

denoise_model.input_blocks.17.0.emb_layers.1.bias - torch.Size([512]): 
The value is the same before and after calling `init_weights` of SegRefinerSemantic  

denoise_model.input_blocks.17.0.out_layers.0.weight - torch.Size([512]): 
The value is the same before and after calling `init_weights` of SegRefinerSemantic  

denoise_model.input_blocks.17.0.out_layers.0.bias - torch.Size([512]): 
The value is the same before and after calling `init_weights` of SegRefinerSemantic  

denoise_model.input_blocks.17.0.out_layers.3.weight - torch.Size([512, 512, 3, 3]): 
The value is the same before and after calling `init_weights` of SegRefinerSemantic  

denoise_model.input_blocks.17.0.out_layers.3.bias - torch.Size([512]): 
The value is the same before and after calling `init_weights` of SegRefinerSemantic  

denoise_model.input_blocks.17.1.norm.weight - torch.Size([512]): 
The value is the same before and after calling `init_weights` of SegRefinerSemantic  

denoise_model.input_blocks.17.1.norm.bias - torch.Size([512]): 
The value is the same before and after calling `init_weights` of SegRefinerSemantic  

denoise_model.input_blocks.17.1.qkv.weight - torch.Size([1536, 512, 1]): 
The value is the same before and after calling `init_weights` of SegRefinerSemantic  

denoise_model.input_blocks.17.1.qkv.bias - torch.Size([1536]): 
The value is the same before and after calling `init_weights` of SegRefinerSemantic  

denoise_model.input_blocks.17.1.proj_out.weight - torch.Size([512, 512, 1]): 
The value is the same before and after calling `init_weights` of SegRefinerSemantic  

denoise_model.input_blocks.17.1.proj_out.bias - torch.Size([512]): 
The value is the same before and after calling `init_weights` of SegRefinerSemantic  

denoise_model.middle_block.0.in_layers.0.weight - torch.Size([512]): 
The value is the same before and after calling `init_weights` of SegRefinerSemantic  

denoise_model.middle_block.0.in_layers.0.bias - torch.Size([512]): 
The value is the same before and after calling `init_weights` of SegRefinerSemantic  

denoise_model.middle_block.0.in_layers.2.weight - torch.Size([512, 512, 3, 3]): 
The value is the same before and after calling `init_weights` of SegRefinerSemantic  

denoise_model.middle_block.0.in_layers.2.bias - torch.Size([512]): 
The value is the same before and after calling `init_weights` of SegRefinerSemantic  

denoise_model.middle_block.0.emb_layers.1.weight - torch.Size([512, 512]): 
The value is the same before and after calling `init_weights` of SegRefinerSemantic  

denoise_model.middle_block.0.emb_layers.1.bias - torch.Size([512]): 
The value is the same before and after calling `init_weights` of SegRefinerSemantic  

denoise_model.middle_block.0.out_layers.0.weight - torch.Size([512]): 
The value is the same before and after calling `init_weights` of SegRefinerSemantic  

denoise_model.middle_block.0.out_layers.0.bias - torch.Size([512]): 
The value is the same before and after calling `init_weights` of SegRefinerSemantic  

denoise_model.middle_block.0.out_layers.3.weight - torch.Size([512, 512, 3, 3]): 
The value is the same before and after calling `init_weights` of SegRefinerSemantic  

denoise_model.middle_block.0.out_layers.3.bias - torch.Size([512]): 
The value is the same before and after calling `init_weights` of SegRefinerSemantic  

denoise_model.middle_block.1.norm.weight - torch.Size([512]): 
The value is the same before and after calling `init_weights` of SegRefinerSemantic  

denoise_model.middle_block.1.norm.bias - torch.Size([512]): 
The value is the same before and after calling `init_weights` of SegRefinerSemantic  

denoise_model.middle_block.1.qkv.weight - torch.Size([1536, 512, 1]): 
The value is the same before and after calling `init_weights` of SegRefinerSemantic  

denoise_model.middle_block.1.qkv.bias - torch.Size([1536]): 
The value is the same before and after calling `init_weights` of SegRefinerSemantic  

denoise_model.middle_block.1.proj_out.weight - torch.Size([512, 512, 1]): 
The value is the same before and after calling `init_weights` of SegRefinerSemantic  

denoise_model.middle_block.1.proj_out.bias - torch.Size([512]): 
The value is the same before and after calling `init_weights` of SegRefinerSemantic  

denoise_model.middle_block.2.in_layers.0.weight - torch.Size([512]): 
The value is the same before and after calling `init_weights` of SegRefinerSemantic  

denoise_model.middle_block.2.in_layers.0.bias - torch.Size([512]): 
The value is the same before and after calling `init_weights` of SegRefinerSemantic  

denoise_model.middle_block.2.in_layers.2.weight - torch.Size([512, 512, 3, 3]): 
The value is the same before and after calling `init_weights` of SegRefinerSemantic  

denoise_model.middle_block.2.in_layers.2.bias - torch.Size([512]): 
The value is the same before and after calling `init_weights` of SegRefinerSemantic  

denoise_model.middle_block.2.emb_layers.1.weight - torch.Size([512, 512]): 
The value is the same before and after calling `init_weights` of SegRefinerSemantic  

denoise_model.middle_block.2.emb_layers.1.bias - torch.Size([512]): 
The value is the same before and after calling `init_weights` of SegRefinerSemantic  

denoise_model.middle_block.2.out_layers.0.weight - torch.Size([512]): 
The value is the same before and after calling `init_weights` of SegRefinerSemantic  

denoise_model.middle_block.2.out_layers.0.bias - torch.Size([512]): 
The value is the same before and after calling `init_weights` of SegRefinerSemantic  

denoise_model.middle_block.2.out_layers.3.weight - torch.Size([512, 512, 3, 3]): 
The value is the same before and after calling `init_weights` of SegRefinerSemantic  

denoise_model.middle_block.2.out_layers.3.bias - torch.Size([512]): 
The value is the same before and after calling `init_weights` of SegRefinerSemantic  

denoise_model.output_blocks.0.0.in_layers.0.weight - torch.Size([1024]): 
The value is the same before and after calling `init_weights` of SegRefinerSemantic  

denoise_model.output_blocks.0.0.in_layers.0.bias - torch.Size([1024]): 
The value is the same before and after calling `init_weights` of SegRefinerSemantic  

denoise_model.output_blocks.0.0.in_layers.2.weight - torch.Size([512, 1024, 3, 3]): 
The value is the same before and after calling `init_weights` of SegRefinerSemantic  

denoise_model.output_blocks.0.0.in_layers.2.bias - torch.Size([512]): 
The value is the same before and after calling `init_weights` of SegRefinerSemantic  

denoise_model.output_blocks.0.0.emb_layers.1.weight - torch.Size([512, 512]): 
The value is the same before and after calling `init_weights` of SegRefinerSemantic  

denoise_model.output_blocks.0.0.emb_layers.1.bias - torch.Size([512]): 
The value is the same before and after calling `init_weights` of SegRefinerSemantic  

denoise_model.output_blocks.0.0.out_layers.0.weight - torch.Size([512]): 
The value is the same before and after calling `init_weights` of SegRefinerSemantic  

denoise_model.output_blocks.0.0.out_layers.0.bias - torch.Size([512]): 
The value is the same before and after calling `init_weights` of SegRefinerSemantic  

denoise_model.output_blocks.0.0.out_layers.3.weight - torch.Size([512, 512, 3, 3]): 
The value is the same before and after calling `init_weights` of SegRefinerSemantic  

denoise_model.output_blocks.0.0.out_layers.3.bias - torch.Size([512]): 
The value is the same before and after calling `init_weights` of SegRefinerSemantic  

denoise_model.output_blocks.0.0.skip_connection.weight - torch.Size([512, 1024, 1, 1]): 
The value is the same before and after calling `init_weights` of SegRefinerSemantic  

denoise_model.output_blocks.0.0.skip_connection.bias - torch.Size([512]): 
The value is the same before and after calling `init_weights` of SegRefinerSemantic  

denoise_model.output_blocks.0.1.norm.weight - torch.Size([512]): 
The value is the same before and after calling `init_weights` of SegRefinerSemantic  

denoise_model.output_blocks.0.1.norm.bias - torch.Size([512]): 
The value is the same before and after calling `init_weights` of SegRefinerSemantic  

denoise_model.output_blocks.0.1.qkv.weight - torch.Size([1536, 512, 1]): 
The value is the same before and after calling `init_weights` of SegRefinerSemantic  

denoise_model.output_blocks.0.1.qkv.bias - torch.Size([1536]): 
The value is the same before and after calling `init_weights` of SegRefinerSemantic  

denoise_model.output_blocks.0.1.proj_out.weight - torch.Size([512, 512, 1]): 
The value is the same before and after calling `init_weights` of SegRefinerSemantic  

denoise_model.output_blocks.0.1.proj_out.bias - torch.Size([512]): 
The value is the same before and after calling `init_weights` of SegRefinerSemantic  

denoise_model.output_blocks.1.0.in_layers.0.weight - torch.Size([1024]): 
The value is the same before and after calling `init_weights` of SegRefinerSemantic  

denoise_model.output_blocks.1.0.in_layers.0.bias - torch.Size([1024]): 
The value is the same before and after calling `init_weights` of SegRefinerSemantic  

denoise_model.output_blocks.1.0.in_layers.2.weight - torch.Size([512, 1024, 3, 3]): 
The value is the same before and after calling `init_weights` of SegRefinerSemantic  

denoise_model.output_blocks.1.0.in_layers.2.bias - torch.Size([512]): 
The value is the same before and after calling `init_weights` of SegRefinerSemantic  

denoise_model.output_blocks.1.0.emb_layers.1.weight - torch.Size([512, 512]): 
The value is the same before and after calling `init_weights` of SegRefinerSemantic  

denoise_model.output_blocks.1.0.emb_layers.1.bias - torch.Size([512]): 
The value is the same before and after calling `init_weights` of SegRefinerSemantic  

denoise_model.output_blocks.1.0.out_layers.0.weight - torch.Size([512]): 
The value is the same before and after calling `init_weights` of SegRefinerSemantic  

denoise_model.output_blocks.1.0.out_layers.0.bias - torch.Size([512]): 
The value is the same before and after calling `init_weights` of SegRefinerSemantic  

denoise_model.output_blocks.1.0.out_layers.3.weight - torch.Size([512, 512, 3, 3]): 
The value is the same before and after calling `init_weights` of SegRefinerSemantic  

denoise_model.output_blocks.1.0.out_layers.3.bias - torch.Size([512]): 
The value is the same before and after calling `init_weights` of SegRefinerSemantic  

denoise_model.output_blocks.1.0.skip_connection.weight - torch.Size([512, 1024, 1, 1]): 
The value is the same before and after calling `init_weights` of SegRefinerSemantic  

denoise_model.output_blocks.1.0.skip_connection.bias - torch.Size([512]): 
The value is the same before and after calling `init_weights` of SegRefinerSemantic  

denoise_model.output_blocks.1.1.norm.weight - torch.Size([512]): 
The value is the same before and after calling `init_weights` of SegRefinerSemantic  

denoise_model.output_blocks.1.1.norm.bias - torch.Size([512]): 
The value is the same before and after calling `init_weights` of SegRefinerSemantic  

denoise_model.output_blocks.1.1.qkv.weight - torch.Size([1536, 512, 1]): 
The value is the same before and after calling `init_weights` of SegRefinerSemantic  

denoise_model.output_blocks.1.1.qkv.bias - torch.Size([1536]): 
The value is the same before and after calling `init_weights` of SegRefinerSemantic  

denoise_model.output_blocks.1.1.proj_out.weight - torch.Size([512, 512, 1]): 
The value is the same before and after calling `init_weights` of SegRefinerSemantic  

denoise_model.output_blocks.1.1.proj_out.bias - torch.Size([512]): 
The value is the same before and after calling `init_weights` of SegRefinerSemantic  

denoise_model.output_blocks.2.0.in_layers.0.weight - torch.Size([1024]): 
The value is the same before and after calling `init_weights` of SegRefinerSemantic  

denoise_model.output_blocks.2.0.in_layers.0.bias - torch.Size([1024]): 
The value is the same before and after calling `init_weights` of SegRefinerSemantic  

denoise_model.output_blocks.2.0.in_layers.2.weight - torch.Size([512, 1024, 3, 3]): 
The value is the same before and after calling `init_weights` of SegRefinerSemantic  

denoise_model.output_blocks.2.0.in_layers.2.bias - torch.Size([512]): 
The value is the same before and after calling `init_weights` of SegRefinerSemantic  

denoise_model.output_blocks.2.0.emb_layers.1.weight - torch.Size([512, 512]): 
The value is the same before and after calling `init_weights` of SegRefinerSemantic  

denoise_model.output_blocks.2.0.emb_layers.1.bias - torch.Size([512]): 
The value is the same before and after calling `init_weights` of SegRefinerSemantic  

denoise_model.output_blocks.2.0.out_layers.0.weight - torch.Size([512]): 
The value is the same before and after calling `init_weights` of SegRefinerSemantic  

denoise_model.output_blocks.2.0.out_layers.0.bias - torch.Size([512]): 
The value is the same before and after calling `init_weights` of SegRefinerSemantic  

denoise_model.output_blocks.2.0.out_layers.3.weight - torch.Size([512, 512, 3, 3]): 
The value is the same before and after calling `init_weights` of SegRefinerSemantic  

denoise_model.output_blocks.2.0.out_layers.3.bias - torch.Size([512]): 
The value is the same before and after calling `init_weights` of SegRefinerSemantic  

denoise_model.output_blocks.2.0.skip_connection.weight - torch.Size([512, 1024, 1, 1]): 
The value is the same before and after calling `init_weights` of SegRefinerSemantic  

denoise_model.output_blocks.2.0.skip_connection.bias - torch.Size([512]): 
The value is the same before and after calling `init_weights` of SegRefinerSemantic  

denoise_model.output_blocks.2.1.norm.weight - torch.Size([512]): 
The value is the same before and after calling `init_weights` of SegRefinerSemantic  

denoise_model.output_blocks.2.1.norm.bias - torch.Size([512]): 
The value is the same before and after calling `init_weights` of SegRefinerSemantic  

denoise_model.output_blocks.2.1.qkv.weight - torch.Size([1536, 512, 1]): 
The value is the same before and after calling `init_weights` of SegRefinerSemantic  

denoise_model.output_blocks.2.1.qkv.bias - torch.Size([1536]): 
The value is the same before and after calling `init_weights` of SegRefinerSemantic  

denoise_model.output_blocks.2.1.proj_out.weight - torch.Size([512, 512, 1]): 
The value is the same before and after calling `init_weights` of SegRefinerSemantic  

denoise_model.output_blocks.2.1.proj_out.bias - torch.Size([512]): 
The value is the same before and after calling `init_weights` of SegRefinerSemantic  

denoise_model.output_blocks.2.2.conv.weight - torch.Size([512, 512, 3, 3]): 
The value is the same before and after calling `init_weights` of SegRefinerSemantic  

denoise_model.output_blocks.2.2.conv.bias - torch.Size([512]): 
The value is the same before and after calling `init_weights` of SegRefinerSemantic  

denoise_model.output_blocks.3.0.in_layers.0.weight - torch.Size([1024]): 
The value is the same before and after calling `init_weights` of SegRefinerSemantic  

denoise_model.output_blocks.3.0.in_layers.0.bias - torch.Size([1024]): 
The value is the same before and after calling `init_weights` of SegRefinerSemantic  

denoise_model.output_blocks.3.0.in_layers.2.weight - torch.Size([512, 1024, 3, 3]): 
The value is the same before and after calling `init_weights` of SegRefinerSemantic  

denoise_model.output_blocks.3.0.in_layers.2.bias - torch.Size([512]): 
The value is the same before and after calling `init_weights` of SegRefinerSemantic  

denoise_model.output_blocks.3.0.emb_layers.1.weight - torch.Size([512, 512]): 
The value is the same before and after calling `init_weights` of SegRefinerSemantic  

denoise_model.output_blocks.3.0.emb_layers.1.bias - torch.Size([512]): 
The value is the same before and after calling `init_weights` of SegRefinerSemantic  

denoise_model.output_blocks.3.0.out_layers.0.weight - torch.Size([512]): 
The value is the same before and after calling `init_weights` of SegRefinerSemantic  

denoise_model.output_blocks.3.0.out_layers.0.bias - torch.Size([512]): 
The value is the same before and after calling `init_weights` of SegRefinerSemantic  

denoise_model.output_blocks.3.0.out_layers.3.weight - torch.Size([512, 512, 3, 3]): 
The value is the same before and after calling `init_weights` of SegRefinerSemantic  

denoise_model.output_blocks.3.0.out_layers.3.bias - torch.Size([512]): 
The value is the same before and after calling `init_weights` of SegRefinerSemantic  

denoise_model.output_blocks.3.0.skip_connection.weight - torch.Size([512, 1024, 1, 1]): 
The value is the same before and after calling `init_weights` of SegRefinerSemantic  

denoise_model.output_blocks.3.0.skip_connection.bias - torch.Size([512]): 
The value is the same before and after calling `init_weights` of SegRefinerSemantic  

denoise_model.output_blocks.3.1.norm.weight - torch.Size([512]): 
The value is the same before and after calling `init_weights` of SegRefinerSemantic  

denoise_model.output_blocks.3.1.norm.bias - torch.Size([512]): 
The value is the same before and after calling `init_weights` of SegRefinerSemantic  

denoise_model.output_blocks.3.1.qkv.weight - torch.Size([1536, 512, 1]): 
The value is the same before and after calling `init_weights` of SegRefinerSemantic  

denoise_model.output_blocks.3.1.qkv.bias - torch.Size([1536]): 
The value is the same before and after calling `init_weights` of SegRefinerSemantic  

denoise_model.output_blocks.3.1.proj_out.weight - torch.Size([512, 512, 1]): 
The value is the same before and after calling `init_weights` of SegRefinerSemantic  

denoise_model.output_blocks.3.1.proj_out.bias - torch.Size([512]): 
The value is the same before and after calling `init_weights` of SegRefinerSemantic  

denoise_model.output_blocks.4.0.in_layers.0.weight - torch.Size([1024]): 
The value is the same before and after calling `init_weights` of SegRefinerSemantic  

denoise_model.output_blocks.4.0.in_layers.0.bias - torch.Size([1024]): 
The value is the same before and after calling `init_weights` of SegRefinerSemantic  

denoise_model.output_blocks.4.0.in_layers.2.weight - torch.Size([512, 1024, 3, 3]): 
The value is the same before and after calling `init_weights` of SegRefinerSemantic  

denoise_model.output_blocks.4.0.in_layers.2.bias - torch.Size([512]): 
The value is the same before and after calling `init_weights` of SegRefinerSemantic  

denoise_model.output_blocks.4.0.emb_layers.1.weight - torch.Size([512, 512]): 
The value is the same before and after calling `init_weights` of SegRefinerSemantic  

denoise_model.output_blocks.4.0.emb_layers.1.bias - torch.Size([512]): 
The value is the same before and after calling `init_weights` of SegRefinerSemantic  

denoise_model.output_blocks.4.0.out_layers.0.weight - torch.Size([512]): 
The value is the same before and after calling `init_weights` of SegRefinerSemantic  

denoise_model.output_blocks.4.0.out_layers.0.bias - torch.Size([512]): 
The value is the same before and after calling `init_weights` of SegRefinerSemantic  

denoise_model.output_blocks.4.0.out_layers.3.weight - torch.Size([512, 512, 3, 3]): 
The value is the same before and after calling `init_weights` of SegRefinerSemantic  

denoise_model.output_blocks.4.0.out_layers.3.bias - torch.Size([512]): 
The value is the same before and after calling `init_weights` of SegRefinerSemantic  

denoise_model.output_blocks.4.0.skip_connection.weight - torch.Size([512, 1024, 1, 1]): 
The value is the same before and after calling `init_weights` of SegRefinerSemantic  

denoise_model.output_blocks.4.0.skip_connection.bias - torch.Size([512]): 
The value is the same before and after calling `init_weights` of SegRefinerSemantic  

denoise_model.output_blocks.4.1.norm.weight - torch.Size([512]): 
The value is the same before and after calling `init_weights` of SegRefinerSemantic  

denoise_model.output_blocks.4.1.norm.bias - torch.Size([512]): 
The value is the same before and after calling `init_weights` of SegRefinerSemantic  

denoise_model.output_blocks.4.1.qkv.weight - torch.Size([1536, 512, 1]): 
The value is the same before and after calling `init_weights` of SegRefinerSemantic  

denoise_model.output_blocks.4.1.qkv.bias - torch.Size([1536]): 
The value is the same before and after calling `init_weights` of SegRefinerSemantic  

denoise_model.output_blocks.4.1.proj_out.weight - torch.Size([512, 512, 1]): 
The value is the same before and after calling `init_weights` of SegRefinerSemantic  

denoise_model.output_blocks.4.1.proj_out.bias - torch.Size([512]): 
The value is the same before and after calling `init_weights` of SegRefinerSemantic  

denoise_model.output_blocks.5.0.in_layers.0.weight - torch.Size([768]): 
The value is the same before and after calling `init_weights` of SegRefinerSemantic  

denoise_model.output_blocks.5.0.in_layers.0.bias - torch.Size([768]): 
The value is the same before and after calling `init_weights` of SegRefinerSemantic  

denoise_model.output_blocks.5.0.in_layers.2.weight - torch.Size([512, 768, 3, 3]): 
The value is the same before and after calling `init_weights` of SegRefinerSemantic  

denoise_model.output_blocks.5.0.in_layers.2.bias - torch.Size([512]): 
The value is the same before and after calling `init_weights` of SegRefinerSemantic  

denoise_model.output_blocks.5.0.emb_layers.1.weight - torch.Size([512, 512]): 
The value is the same before and after calling `init_weights` of SegRefinerSemantic  

denoise_model.output_blocks.5.0.emb_layers.1.bias - torch.Size([512]): 
The value is the same before and after calling `init_weights` of SegRefinerSemantic  

denoise_model.output_blocks.5.0.out_layers.0.weight - torch.Size([512]): 
The value is the same before and after calling `init_weights` of SegRefinerSemantic  

denoise_model.output_blocks.5.0.out_layers.0.bias - torch.Size([512]): 
The value is the same before and after calling `init_weights` of SegRefinerSemantic  

denoise_model.output_blocks.5.0.out_layers.3.weight - torch.Size([512, 512, 3, 3]): 
The value is the same before and after calling `init_weights` of SegRefinerSemantic  

denoise_model.output_blocks.5.0.out_layers.3.bias - torch.Size([512]): 
The value is the same before and after calling `init_weights` of SegRefinerSemantic  

denoise_model.output_blocks.5.0.skip_connection.weight - torch.Size([512, 768, 1, 1]): 
The value is the same before and after calling `init_weights` of SegRefinerSemantic  

denoise_model.output_blocks.5.0.skip_connection.bias - torch.Size([512]): 
The value is the same before and after calling `init_weights` of SegRefinerSemantic  

denoise_model.output_blocks.5.1.norm.weight - torch.Size([512]): 
The value is the same before and after calling `init_weights` of SegRefinerSemantic  

denoise_model.output_blocks.5.1.norm.bias - torch.Size([512]): 
The value is the same before and after calling `init_weights` of SegRefinerSemantic  

denoise_model.output_blocks.5.1.qkv.weight - torch.Size([1536, 512, 1]): 
The value is the same before and after calling `init_weights` of SegRefinerSemantic  

denoise_model.output_blocks.5.1.qkv.bias - torch.Size([1536]): 
The value is the same before and after calling `init_weights` of SegRefinerSemantic  

denoise_model.output_blocks.5.1.proj_out.weight - torch.Size([512, 512, 1]): 
The value is the same before and after calling `init_weights` of SegRefinerSemantic  

denoise_model.output_blocks.5.1.proj_out.bias - torch.Size([512]): 
The value is the same before and after calling `init_weights` of SegRefinerSemantic  

denoise_model.output_blocks.5.2.conv.weight - torch.Size([512, 512, 3, 3]): 
The value is the same before and after calling `init_weights` of SegRefinerSemantic  

denoise_model.output_blocks.5.2.conv.bias - torch.Size([512]): 
The value is the same before and after calling `init_weights` of SegRefinerSemantic  

denoise_model.output_blocks.6.0.in_layers.0.weight - torch.Size([768]): 
The value is the same before and after calling `init_weights` of SegRefinerSemantic  

denoise_model.output_blocks.6.0.in_layers.0.bias - torch.Size([768]): 
The value is the same before and after calling `init_weights` of SegRefinerSemantic  

denoise_model.output_blocks.6.0.in_layers.2.weight - torch.Size([256, 768, 3, 3]): 
The value is the same before and after calling `init_weights` of SegRefinerSemantic  

denoise_model.output_blocks.6.0.in_layers.2.bias - torch.Size([256]): 
The value is the same before and after calling `init_weights` of SegRefinerSemantic  

denoise_model.output_blocks.6.0.emb_layers.1.weight - torch.Size([256, 512]): 
The value is the same before and after calling `init_weights` of SegRefinerSemantic  

denoise_model.output_blocks.6.0.emb_layers.1.bias - torch.Size([256]): 
The value is the same before and after calling `init_weights` of SegRefinerSemantic  

denoise_model.output_blocks.6.0.out_layers.0.weight - torch.Size([256]): 
The value is the same before and after calling `init_weights` of SegRefinerSemantic  

denoise_model.output_blocks.6.0.out_layers.0.bias - torch.Size([256]): 
The value is the same before and after calling `init_weights` of SegRefinerSemantic  

denoise_model.output_blocks.6.0.out_layers.3.weight - torch.Size([256, 256, 3, 3]): 
The value is the same before and after calling `init_weights` of SegRefinerSemantic  

denoise_model.output_blocks.6.0.out_layers.3.bias - torch.Size([256]): 
The value is the same before and after calling `init_weights` of SegRefinerSemantic  

denoise_model.output_blocks.6.0.skip_connection.weight - torch.Size([256, 768, 1, 1]): 
The value is the same before and after calling `init_weights` of SegRefinerSemantic  

denoise_model.output_blocks.6.0.skip_connection.bias - torch.Size([256]): 
The value is the same before and after calling `init_weights` of SegRefinerSemantic  

denoise_model.output_blocks.7.0.in_layers.0.weight - torch.Size([512]): 
The value is the same before and after calling `init_weights` of SegRefinerSemantic  

denoise_model.output_blocks.7.0.in_layers.0.bias - torch.Size([512]): 
The value is the same before and after calling `init_weights` of SegRefinerSemantic  

denoise_model.output_blocks.7.0.in_layers.2.weight - torch.Size([256, 512, 3, 3]): 
The value is the same before and after calling `init_weights` of SegRefinerSemantic  

denoise_model.output_blocks.7.0.in_layers.2.bias - torch.Size([256]): 
The value is the same before and after calling `init_weights` of SegRefinerSemantic  

denoise_model.output_blocks.7.0.emb_layers.1.weight - torch.Size([256, 512]): 
The value is the same before and after calling `init_weights` of SegRefinerSemantic  

denoise_model.output_blocks.7.0.emb_layers.1.bias - torch.Size([256]): 
The value is the same before and after calling `init_weights` of SegRefinerSemantic  

denoise_model.output_blocks.7.0.out_layers.0.weight - torch.Size([256]): 
The value is the same before and after calling `init_weights` of SegRefinerSemantic  

denoise_model.output_blocks.7.0.out_layers.0.bias - torch.Size([256]): 
The value is the same before and after calling `init_weights` of SegRefinerSemantic  

denoise_model.output_blocks.7.0.out_layers.3.weight - torch.Size([256, 256, 3, 3]): 
The value is the same before and after calling `init_weights` of SegRefinerSemantic  

denoise_model.output_blocks.7.0.out_layers.3.bias - torch.Size([256]): 
The value is the same before and after calling `init_weights` of SegRefinerSemantic  

denoise_model.output_blocks.7.0.skip_connection.weight - torch.Size([256, 512, 1, 1]): 
The value is the same before and after calling `init_weights` of SegRefinerSemantic  

denoise_model.output_blocks.7.0.skip_connection.bias - torch.Size([256]): 
The value is the same before and after calling `init_weights` of SegRefinerSemantic  

denoise_model.output_blocks.8.0.in_layers.0.weight - torch.Size([512]): 
The value is the same before and after calling `init_weights` of SegRefinerSemantic  

denoise_model.output_blocks.8.0.in_layers.0.bias - torch.Size([512]): 
The value is the same before and after calling `init_weights` of SegRefinerSemantic  

denoise_model.output_blocks.8.0.in_layers.2.weight - torch.Size([256, 512, 3, 3]): 
The value is the same before and after calling `init_weights` of SegRefinerSemantic  

denoise_model.output_blocks.8.0.in_layers.2.bias - torch.Size([256]): 
The value is the same before and after calling `init_weights` of SegRefinerSemantic  

denoise_model.output_blocks.8.0.emb_layers.1.weight - torch.Size([256, 512]): 
The value is the same before and after calling `init_weights` of SegRefinerSemantic  

denoise_model.output_blocks.8.0.emb_layers.1.bias - torch.Size([256]): 
The value is the same before and after calling `init_weights` of SegRefinerSemantic  

denoise_model.output_blocks.8.0.out_layers.0.weight - torch.Size([256]): 
The value is the same before and after calling `init_weights` of SegRefinerSemantic  

denoise_model.output_blocks.8.0.out_layers.0.bias - torch.Size([256]): 
The value is the same before and after calling `init_weights` of SegRefinerSemantic  

denoise_model.output_blocks.8.0.out_layers.3.weight - torch.Size([256, 256, 3, 3]): 
The value is the same before and after calling `init_weights` of SegRefinerSemantic  

denoise_model.output_blocks.8.0.out_layers.3.bias - torch.Size([256]): 
The value is the same before and after calling `init_weights` of SegRefinerSemantic  

denoise_model.output_blocks.8.0.skip_connection.weight - torch.Size([256, 512, 1, 1]): 
The value is the same before and after calling `init_weights` of SegRefinerSemantic  

denoise_model.output_blocks.8.0.skip_connection.bias - torch.Size([256]): 
The value is the same before and after calling `init_weights` of SegRefinerSemantic  

denoise_model.output_blocks.8.1.conv.weight - torch.Size([256, 256, 3, 3]): 
The value is the same before and after calling `init_weights` of SegRefinerSemantic  

denoise_model.output_blocks.8.1.conv.bias - torch.Size([256]): 
The value is the same before and after calling `init_weights` of SegRefinerSemantic  

denoise_model.output_blocks.9.0.in_layers.0.weight - torch.Size([512]): 
The value is the same before and after calling `init_weights` of SegRefinerSemantic  

denoise_model.output_blocks.9.0.in_layers.0.bias - torch.Size([512]): 
The value is the same before and after calling `init_weights` of SegRefinerSemantic  

denoise_model.output_blocks.9.0.in_layers.2.weight - torch.Size([256, 512, 3, 3]): 
The value is the same before and after calling `init_weights` of SegRefinerSemantic  

denoise_model.output_blocks.9.0.in_layers.2.bias - torch.Size([256]): 
The value is the same before and after calling `init_weights` of SegRefinerSemantic  

denoise_model.output_blocks.9.0.emb_layers.1.weight - torch.Size([256, 512]): 
The value is the same before and after calling `init_weights` of SegRefinerSemantic  

denoise_model.output_blocks.9.0.emb_layers.1.bias - torch.Size([256]): 
The value is the same before and after calling `init_weights` of SegRefinerSemantic  

denoise_model.output_blocks.9.0.out_layers.0.weight - torch.Size([256]): 
The value is the same before and after calling `init_weights` of SegRefinerSemantic  

denoise_model.output_blocks.9.0.out_layers.0.bias - torch.Size([256]): 
The value is the same before and after calling `init_weights` of SegRefinerSemantic  

denoise_model.output_blocks.9.0.out_layers.3.weight - torch.Size([256, 256, 3, 3]): 
The value is the same before and after calling `init_weights` of SegRefinerSemantic  

denoise_model.output_blocks.9.0.out_layers.3.bias - torch.Size([256]): 
The value is the same before and after calling `init_weights` of SegRefinerSemantic  

denoise_model.output_blocks.9.0.skip_connection.weight - torch.Size([256, 512, 1, 1]): 
The value is the same before and after calling `init_weights` of SegRefinerSemantic  

denoise_model.output_blocks.9.0.skip_connection.bias - torch.Size([256]): 
The value is the same before and after calling `init_weights` of SegRefinerSemantic  

denoise_model.output_blocks.10.0.in_layers.0.weight - torch.Size([512]): 
The value is the same before and after calling `init_weights` of SegRefinerSemantic  

denoise_model.output_blocks.10.0.in_layers.0.bias - torch.Size([512]): 
The value is the same before and after calling `init_weights` of SegRefinerSemantic  

denoise_model.output_blocks.10.0.in_layers.2.weight - torch.Size([256, 512, 3, 3]): 
The value is the same before and after calling `init_weights` of SegRefinerSemantic  

denoise_model.output_blocks.10.0.in_layers.2.bias - torch.Size([256]): 
The value is the same before and after calling `init_weights` of SegRefinerSemantic  

denoise_model.output_blocks.10.0.emb_layers.1.weight - torch.Size([256, 512]): 
The value is the same before and after calling `init_weights` of SegRefinerSemantic  

denoise_model.output_blocks.10.0.emb_layers.1.bias - torch.Size([256]): 
The value is the same before and after calling `init_weights` of SegRefinerSemantic  

denoise_model.output_blocks.10.0.out_layers.0.weight - torch.Size([256]): 
The value is the same before and after calling `init_weights` of SegRefinerSemantic  

denoise_model.output_blocks.10.0.out_layers.0.bias - torch.Size([256]): 
The value is the same before and after calling `init_weights` of SegRefinerSemantic  

denoise_model.output_blocks.10.0.out_layers.3.weight - torch.Size([256, 256, 3, 3]): 
The value is the same before and after calling `init_weights` of SegRefinerSemantic  

denoise_model.output_blocks.10.0.out_layers.3.bias - torch.Size([256]): 
The value is the same before and after calling `init_weights` of SegRefinerSemantic  

denoise_model.output_blocks.10.0.skip_connection.weight - torch.Size([256, 512, 1, 1]): 
The value is the same before and after calling `init_weights` of SegRefinerSemantic  

denoise_model.output_blocks.10.0.skip_connection.bias - torch.Size([256]): 
The value is the same before and after calling `init_weights` of SegRefinerSemantic  

denoise_model.output_blocks.11.0.in_layers.0.weight - torch.Size([384]): 
The value is the same before and after calling `init_weights` of SegRefinerSemantic  

denoise_model.output_blocks.11.0.in_layers.0.bias - torch.Size([384]): 
The value is the same before and after calling `init_weights` of SegRefinerSemantic  

denoise_model.output_blocks.11.0.in_layers.2.weight - torch.Size([256, 384, 3, 3]): 
The value is the same before and after calling `init_weights` of SegRefinerSemantic  

denoise_model.output_blocks.11.0.in_layers.2.bias - torch.Size([256]): 
The value is the same before and after calling `init_weights` of SegRefinerSemantic  

denoise_model.output_blocks.11.0.emb_layers.1.weight - torch.Size([256, 512]): 
The value is the same before and after calling `init_weights` of SegRefinerSemantic  

denoise_model.output_blocks.11.0.emb_layers.1.bias - torch.Size([256]): 
The value is the same before and after calling `init_weights` of SegRefinerSemantic  

denoise_model.output_blocks.11.0.out_layers.0.weight - torch.Size([256]): 
The value is the same before and after calling `init_weights` of SegRefinerSemantic  

denoise_model.output_blocks.11.0.out_layers.0.bias - torch.Size([256]): 
The value is the same before and after calling `init_weights` of SegRefinerSemantic  

denoise_model.output_blocks.11.0.out_layers.3.weight - torch.Size([256, 256, 3, 3]): 
The value is the same before and after calling `init_weights` of SegRefinerSemantic  

denoise_model.output_blocks.11.0.out_layers.3.bias - torch.Size([256]): 
The value is the same before and after calling `init_weights` of SegRefinerSemantic  

denoise_model.output_blocks.11.0.skip_connection.weight - torch.Size([256, 384, 1, 1]): 
The value is the same before and after calling `init_weights` of SegRefinerSemantic  

denoise_model.output_blocks.11.0.skip_connection.bias - torch.Size([256]): 
The value is the same before and after calling `init_weights` of SegRefinerSemantic  

denoise_model.output_blocks.11.1.conv.weight - torch.Size([256, 256, 3, 3]): 
The value is the same before and after calling `init_weights` of SegRefinerSemantic  

denoise_model.output_blocks.11.1.conv.bias - torch.Size([256]): 
The value is the same before and after calling `init_weights` of SegRefinerSemantic  

denoise_model.output_blocks.12.0.in_layers.0.weight - torch.Size([384]): 
The value is the same before and after calling `init_weights` of SegRefinerSemantic  

denoise_model.output_blocks.12.0.in_layers.0.bias - torch.Size([384]): 
The value is the same before and after calling `init_weights` of SegRefinerSemantic  

denoise_model.output_blocks.12.0.in_layers.2.weight - torch.Size([128, 384, 3, 3]): 
The value is the same before and after calling `init_weights` of SegRefinerSemantic  

denoise_model.output_blocks.12.0.in_layers.2.bias - torch.Size([128]): 
The value is the same before and after calling `init_weights` of SegRefinerSemantic  

denoise_model.output_blocks.12.0.emb_layers.1.weight - torch.Size([128, 512]): 
The value is the same before and after calling `init_weights` of SegRefinerSemantic  

denoise_model.output_blocks.12.0.emb_layers.1.bias - torch.Size([128]): 
The value is the same before and after calling `init_weights` of SegRefinerSemantic  

denoise_model.output_blocks.12.0.out_layers.0.weight - torch.Size([128]): 
The value is the same before and after calling `init_weights` of SegRefinerSemantic  

denoise_model.output_blocks.12.0.out_layers.0.bias - torch.Size([128]): 
The value is the same before and after calling `init_weights` of SegRefinerSemantic  

denoise_model.output_blocks.12.0.out_layers.3.weight - torch.Size([128, 128, 3, 3]): 
The value is the same before and after calling `init_weights` of SegRefinerSemantic  

denoise_model.output_blocks.12.0.out_layers.3.bias - torch.Size([128]): 
The value is the same before and after calling `init_weights` of SegRefinerSemantic  

denoise_model.output_blocks.12.0.skip_connection.weight - torch.Size([128, 384, 1, 1]): 
The value is the same before and after calling `init_weights` of SegRefinerSemantic  

denoise_model.output_blocks.12.0.skip_connection.bias - torch.Size([128]): 
The value is the same before and after calling `init_weights` of SegRefinerSemantic  

denoise_model.output_blocks.13.0.in_layers.0.weight - torch.Size([256]): 
The value is the same before and after calling `init_weights` of SegRefinerSemantic  

denoise_model.output_blocks.13.0.in_layers.0.bias - torch.Size([256]): 
The value is the same before and after calling `init_weights` of SegRefinerSemantic  

denoise_model.output_blocks.13.0.in_layers.2.weight - torch.Size([128, 256, 3, 3]): 
The value is the same before and after calling `init_weights` of SegRefinerSemantic  

denoise_model.output_blocks.13.0.in_layers.2.bias - torch.Size([128]): 
The value is the same before and after calling `init_weights` of SegRefinerSemantic  

denoise_model.output_blocks.13.0.emb_layers.1.weight - torch.Size([128, 512]): 
The value is the same before and after calling `init_weights` of SegRefinerSemantic  

denoise_model.output_blocks.13.0.emb_layers.1.bias - torch.Size([128]): 
The value is the same before and after calling `init_weights` of SegRefinerSemantic  

denoise_model.output_blocks.13.0.out_layers.0.weight - torch.Size([128]): 
The value is the same before and after calling `init_weights` of SegRefinerSemantic  

denoise_model.output_blocks.13.0.out_layers.0.bias - torch.Size([128]): 
The value is the same before and after calling `init_weights` of SegRefinerSemantic  

denoise_model.output_blocks.13.0.out_layers.3.weight - torch.Size([128, 128, 3, 3]): 
The value is the same before and after calling `init_weights` of SegRefinerSemantic  

denoise_model.output_blocks.13.0.out_layers.3.bias - torch.Size([128]): 
The value is the same before and after calling `init_weights` of SegRefinerSemantic  

denoise_model.output_blocks.13.0.skip_connection.weight - torch.Size([128, 256, 1, 1]): 
The value is the same before and after calling `init_weights` of SegRefinerSemantic  

denoise_model.output_blocks.13.0.skip_connection.bias - torch.Size([128]): 
The value is the same before and after calling `init_weights` of SegRefinerSemantic  

denoise_model.output_blocks.14.0.in_layers.0.weight - torch.Size([256]): 
The value is the same before and after calling `init_weights` of SegRefinerSemantic  

denoise_model.output_blocks.14.0.in_layers.0.bias - torch.Size([256]): 
The value is the same before and after calling `init_weights` of SegRefinerSemantic  

denoise_model.output_blocks.14.0.in_layers.2.weight - torch.Size([128, 256, 3, 3]): 
The value is the same before and after calling `init_weights` of SegRefinerSemantic  

denoise_model.output_blocks.14.0.in_layers.2.bias - torch.Size([128]): 
The value is the same before and after calling `init_weights` of SegRefinerSemantic  

denoise_model.output_blocks.14.0.emb_layers.1.weight - torch.Size([128, 512]): 
The value is the same before and after calling `init_weights` of SegRefinerSemantic  

denoise_model.output_blocks.14.0.emb_layers.1.bias - torch.Size([128]): 
The value is the same before and after calling `init_weights` of SegRefinerSemantic  

denoise_model.output_blocks.14.0.out_layers.0.weight - torch.Size([128]): 
The value is the same before and after calling `init_weights` of SegRefinerSemantic  

denoise_model.output_blocks.14.0.out_layers.0.bias - torch.Size([128]): 
The value is the same before and after calling `init_weights` of SegRefinerSemantic  

denoise_model.output_blocks.14.0.out_layers.3.weight - torch.Size([128, 128, 3, 3]): 
The value is the same before and after calling `init_weights` of SegRefinerSemantic  

denoise_model.output_blocks.14.0.out_layers.3.bias - torch.Size([128]): 
The value is the same before and after calling `init_weights` of SegRefinerSemantic  

denoise_model.output_blocks.14.0.skip_connection.weight - torch.Size([128, 256, 1, 1]): 
The value is the same before and after calling `init_weights` of SegRefinerSemantic  

denoise_model.output_blocks.14.0.skip_connection.bias - torch.Size([128]): 
The value is the same before and after calling `init_weights` of SegRefinerSemantic  

denoise_model.output_blocks.14.1.conv.weight - torch.Size([128, 128, 3, 3]): 
The value is the same before and after calling `init_weights` of SegRefinerSemantic  

denoise_model.output_blocks.14.1.conv.bias - torch.Size([128]): 
The value is the same before and after calling `init_weights` of SegRefinerSemantic  

denoise_model.output_blocks.15.0.in_layers.0.weight - torch.Size([256]): 
The value is the same before and after calling `init_weights` of SegRefinerSemantic  

denoise_model.output_blocks.15.0.in_layers.0.bias - torch.Size([256]): 
The value is the same before and after calling `init_weights` of SegRefinerSemantic  

denoise_model.output_blocks.15.0.in_layers.2.weight - torch.Size([128, 256, 3, 3]): 
The value is the same before and after calling `init_weights` of SegRefinerSemantic  

denoise_model.output_blocks.15.0.in_layers.2.bias - torch.Size([128]): 
The value is the same before and after calling `init_weights` of SegRefinerSemantic  

denoise_model.output_blocks.15.0.emb_layers.1.weight - torch.Size([128, 512]): 
The value is the same before and after calling `init_weights` of SegRefinerSemantic  

denoise_model.output_blocks.15.0.emb_layers.1.bias - torch.Size([128]): 
The value is the same before and after calling `init_weights` of SegRefinerSemantic  

denoise_model.output_blocks.15.0.out_layers.0.weight - torch.Size([128]): 
The value is the same before and after calling `init_weights` of SegRefinerSemantic  

denoise_model.output_blocks.15.0.out_layers.0.bias - torch.Size([128]): 
The value is the same before and after calling `init_weights` of SegRefinerSemantic  

denoise_model.output_blocks.15.0.out_layers.3.weight - torch.Size([128, 128, 3, 3]): 
The value is the same before and after calling `init_weights` of SegRefinerSemantic  

denoise_model.output_blocks.15.0.out_layers.3.bias - torch.Size([128]): 
The value is the same before and after calling `init_weights` of SegRefinerSemantic  

denoise_model.output_blocks.15.0.skip_connection.weight - torch.Size([128, 256, 1, 1]): 
The value is the same before and after calling `init_weights` of SegRefinerSemantic  

denoise_model.output_blocks.15.0.skip_connection.bias - torch.Size([128]): 
The value is the same before and after calling `init_weights` of SegRefinerSemantic  

denoise_model.output_blocks.16.0.in_layers.0.weight - torch.Size([256]): 
The value is the same before and after calling `init_weights` of SegRefinerSemantic  

denoise_model.output_blocks.16.0.in_layers.0.bias - torch.Size([256]): 
The value is the same before and after calling `init_weights` of SegRefinerSemantic  

denoise_model.output_blocks.16.0.in_layers.2.weight - torch.Size([128, 256, 3, 3]): 
The value is the same before and after calling `init_weights` of SegRefinerSemantic  

denoise_model.output_blocks.16.0.in_layers.2.bias - torch.Size([128]): 
The value is the same before and after calling `init_weights` of SegRefinerSemantic  

denoise_model.output_blocks.16.0.emb_layers.1.weight - torch.Size([128, 512]): 
The value is the same before and after calling `init_weights` of SegRefinerSemantic  

denoise_model.output_blocks.16.0.emb_layers.1.bias - torch.Size([128]): 
The value is the same before and after calling `init_weights` of SegRefinerSemantic  

denoise_model.output_blocks.16.0.out_layers.0.weight - torch.Size([128]): 
The value is the same before and after calling `init_weights` of SegRefinerSemantic  

denoise_model.output_blocks.16.0.out_layers.0.bias - torch.Size([128]): 
The value is the same before and after calling `init_weights` of SegRefinerSemantic  

denoise_model.output_blocks.16.0.out_layers.3.weight - torch.Size([128, 128, 3, 3]): 
The value is the same before and after calling `init_weights` of SegRefinerSemantic  

denoise_model.output_blocks.16.0.out_layers.3.bias - torch.Size([128]): 
The value is the same before and after calling `init_weights` of SegRefinerSemantic  

denoise_model.output_blocks.16.0.skip_connection.weight - torch.Size([128, 256, 1, 1]): 
The value is the same before and after calling `init_weights` of SegRefinerSemantic  

denoise_model.output_blocks.16.0.skip_connection.bias - torch.Size([128]): 
The value is the same before and after calling `init_weights` of SegRefinerSemantic  

denoise_model.output_blocks.17.0.in_layers.0.weight - torch.Size([256]): 
The value is the same before and after calling `init_weights` of SegRefinerSemantic  

denoise_model.output_blocks.17.0.in_layers.0.bias - torch.Size([256]): 
The value is the same before and after calling `init_weights` of SegRefinerSemantic  

denoise_model.output_blocks.17.0.in_layers.2.weight - torch.Size([128, 256, 3, 3]): 
The value is the same before and after calling `init_weights` of SegRefinerSemantic  

denoise_model.output_blocks.17.0.in_layers.2.bias - torch.Size([128]): 
The value is the same before and after calling `init_weights` of SegRefinerSemantic  

denoise_model.output_blocks.17.0.emb_layers.1.weight - torch.Size([128, 512]): 
The value is the same before and after calling `init_weights` of SegRefinerSemantic  

denoise_model.output_blocks.17.0.emb_layers.1.bias - torch.Size([128]): 
The value is the same before and after calling `init_weights` of SegRefinerSemantic  

denoise_model.output_blocks.17.0.out_layers.0.weight - torch.Size([128]): 
The value is the same before and after calling `init_weights` of SegRefinerSemantic  

denoise_model.output_blocks.17.0.out_layers.0.bias - torch.Size([128]): 
The value is the same before and after calling `init_weights` of SegRefinerSemantic  

denoise_model.output_blocks.17.0.out_layers.3.weight - torch.Size([128, 128, 3, 3]): 
The value is the same before and after calling `init_weights` of SegRefinerSemantic  

denoise_model.output_blocks.17.0.out_layers.3.bias - torch.Size([128]): 
The value is the same before and after calling `init_weights` of SegRefinerSemantic  

denoise_model.output_blocks.17.0.skip_connection.weight - torch.Size([128, 256, 1, 1]): 
The value is the same before and after calling `init_weights` of SegRefinerSemantic  

denoise_model.output_blocks.17.0.skip_connection.bias - torch.Size([128]): 
The value is the same before and after calling `init_weights` of SegRefinerSemantic  

denoise_model.out.0.weight - torch.Size([128]): 
The value is the same before and after calling `init_weights` of SegRefinerSemantic  

denoise_model.out.0.bias - torch.Size([128]): 
The value is the same before and after calling `init_weights` of SegRefinerSemantic  

denoise_model.out.2.weight - torch.Size([1, 128, 3, 3]): 
The value is the same before and after calling `init_weights` of SegRefinerSemantic  

denoise_model.out.2.bias - torch.Size([1]): 
The value is the same before and after calling `init_weights` of SegRefinerSemantic  

loss_texture.sobel.conv_x.weight - torch.Size([1, 1, 3, 3]): 
The value is the same before and after calling `init_weights` of SegRefinerSemantic  

loss_texture.sobel.conv_y.weight - torch.Size([1, 1, 3, 3]): 
The value is the same before and after calling `init_weights` of SegRefinerSemantic  
2026-05-05 12:48:49,717 - mmdet - INFO - Automatic scaling of learning rate (LR) has been disabled.
2026-05-05 12:48:49,721 - mmdet - INFO - Start running, host: ubuntu@ip-172-31-22-110, work_dir: /home/ubuntu/vy/Denoiser/SegRefiner/work_dirs/exp4_unc
2026-05-05 12:48:49,721 - mmdet - INFO - Hooks will be executed in the following order:
before_run:
(VERY_HIGH   ) StepLrUpdaterHook                  
(NORMAL      ) CheckpointHook                     
(VERY_LOW    ) TextLoggerHook                     
 -------------------- 
before_train_epoch:
(VERY_HIGH   ) StepLrUpdaterHook                  
(LOW         ) IterTimerHook                      
(VERY_LOW    ) TextLoggerHook                     
 -------------------- 
before_train_iter:
(VERY_HIGH   ) StepLrUpdaterHook                  
(LOW         ) IterTimerHook                      
 -------------------- 
after_train_iter:
(ABOVE_NORMAL) OptimizerHook                      
(NORMAL      ) CheckpointHook                     
(LOW         ) IterTimerHook                      
(LOW         ) OEMBuildingEvalHook                
(VERY_LOW    ) TextLoggerHook                     
 -------------------- 
after_train_epoch:
(NORMAL      ) CheckpointHook                     
(VERY_LOW    ) TextLoggerHook                     
 -------------------- 
before_val_epoch:
(LOW         ) IterTimerHook                      
(VERY_LOW    ) TextLoggerHook                     
 -------------------- 
before_val_iter:
(LOW         ) IterTimerHook                      
 -------------------- 
after_val_iter:
(LOW         ) IterTimerHook                      
 -------------------- 
after_val_epoch:
(VERY_LOW    ) TextLoggerHook                     
 -------------------- 
after_run:
(VERY_LOW    ) TextLoggerHook                     
 -------------------- 
2026-05-05 12:48:49,722 - mmdet - INFO - workflow: [('train', 1)], max: 120000 iters
2026-05-05 12:48:49,722 - mmdet - INFO - Checkpoints will be saved to /home/ubuntu/vy/Denoiser/SegRefiner/work_dirs/exp4_unc by HardDiskBackend.
2026-05-05 12:49:25,678 - mmdet - INFO - Iter [25/120000]	lr: 4.895e-06, eta: 1 day, 12:29:26, time: 1.095, data_time: 0.056, memory: 37111, loss_mask: 1.9804, loss_texture: 0.0122, iou: 0.1142, iou_t0: 0.1541, iou_t1: 0.1371, iou_t2: 0.0320, iou_t3: 0.1562, iou_t4: 0.1055, iou_t5: 0.0935, loss: 1.9926
2026-05-05 12:49:51,908 - mmdet - INFO - Iter [50/120000]	lr: 9.890e-06, eta: 1 day, 11:43:15, time: 1.049, data_time: 0.011, memory: 37111, loss_mask: 1.2025, loss_texture: 0.0106, iou: 0.2906, iou_t0: 0.3625, iou_t1: 0.2067, iou_t2: 0.2051, iou_t3: 0.4090, iou_t4: 0.2937, iou_t5: 0.2824, loss: 1.2131
2026-05-05 12:50:18,227 - mmdet - INFO - Iter [75/120000]	lr: 1.489e-05, eta: 1 day, 11:29:57, time: 1.053, data_time: 0.012, memory: 37111, loss_mask: 0.6817, loss_texture: 0.0088, iou: 0.5503, iou_t0: 0.6493, iou_t1: 0.6012, iou_t2: 0.5280, iou_t3: 0.6138, iou_t4: 0.4531, iou_t5: 0.6339, loss: 0.6905
2026-05-05 12:50:44,611 - mmdet - INFO - Iter [100/120000]	lr: 1.988e-05, eta: 1 day, 11:24:21, time: 1.055, data_time: 0.012, memory: 37111, loss_mask: 0.3821, loss_texture: 0.0076, iou: 0.6527, iou_t0: 0.6172, iou_t1: 0.6442, iou_t2: 0.6570, iou_t3: 0.6590, iou_t4: 0.6793, iou_t5: 0.6539, loss: 0.3897
2026-05-05 12:51:11,027 - mmdet - INFO - Iter [125/120000]	lr: 2.488e-05, eta: 1 day, 11:21:20, time: 1.057, data_time: 0.013, memory: 37111, loss_mask: 0.2328, loss_texture: 0.0061, iou: 0.6552, iou_t0: 0.6829, iou_t1: 0.6618, iou_t2: 0.5898, iou_t3: 0.7802, iou_t4: 0.5854, iou_t5: 0.6409, loss: 0.2389
2026-05-05 12:51:37,389 - mmdet - INFO - Iter [150/120000]	lr: 2.987e-05, eta: 1 day, 11:18:28, time: 1.054, data_time: 0.012, memory: 37111, loss_mask: 0.1767, loss_texture: 0.0053, iou: 0.6631, iou_t0: 0.6928, iou_t1: 0.6656, iou_t2: 0.6354, iou_t3: 0.6958, iou_t4: 0.6157, iou_t5: 0.6694, loss: 0.1820
2026-05-05 12:52:03,794 - mmdet - INFO - Iter [175/120000]	lr: 3.487e-05, eta: 1 day, 11:16:47, time: 1.056, data_time: 0.012, memory: 37111, loss_mask: 0.1882, loss_texture: 0.0056, iou: 0.6597, iou_t0: 0.6856, iou_t1: 0.7064, iou_t2: 0.7159, iou_t3: 0.6460, iou_t4: 0.5919, iou_t5: 0.6716, loss: 0.1939
2026-05-05 12:52:30,196 - mmdet - INFO - Iter [200/120000]	lr: 3.986e-05, eta: 1 day, 11:15:22, time: 1.056, data_time: 0.012, memory: 37111, loss_mask: 0.1383, loss_texture: 0.0051, iou: 0.6913, iou_t0: 0.7615, iou_t1: 0.7113, iou_t2: 0.7269, iou_t3: 0.6223, iou_t4: 0.6931, iou_t5: 0.6140, loss: 0.1434
2026-05-05 12:52:56,605 - mmdet - INFO - Iter [225/120000]	lr: 4.486e-05, eta: 1 day, 11:14:14, time: 1.056, data_time: 0.012, memory: 37111, loss_mask: 0.1339, loss_texture: 0.0051, iou: 0.6880, iou_t0: 0.7168, iou_t1: 0.7747, iou_t2: 0.6378, iou_t3: 0.6768, iou_t4: 0.6887, iou_t5: 0.6225, loss: 0.1390
2026-05-05 12:53:23,042 - mmdet - INFO - Iter [250/120000]	lr: 4.985e-05, eta: 1 day, 11:13:29, time: 1.058, data_time: 0.012, memory: 37111, loss_mask: 0.1318, loss_texture: 0.0049, iou: 0.6496, iou_t0: 0.6725, iou_t1: 0.6792, iou_t2: 0.6599, iou_t3: 0.5259, iou_t4: 0.6888, iou_t5: 0.6463, loss: 0.1367
2026-05-05 12:53:49,460 - mmdet - INFO - Iter [275/120000]	lr: 5.485e-05, eta: 1 day, 11:12:38, time: 1.057, data_time: 0.012, memory: 37111, loss_mask: 0.1172, loss_texture: 0.0042, iou: 0.6619, iou_t0: 0.6987, iou_t1: 0.7310, iou_t2: 0.6789, iou_t3: 0.7259, iou_t4: 0.5577, iou_t5: 0.6032, loss: 0.1214
2026-05-05 12:54:16,007 - mmdet - INFO - Iter [300/120000]	lr: 5.984e-05, eta: 1 day, 11:12:42, time: 1.062, data_time: 0.012, memory: 37111, loss_mask: 0.1135, loss_texture: 0.0044, iou: 0.6612, iou_t0: 0.6598, iou_t1: 0.6810, iou_t2: 0.6327, iou_t3: 0.6564, iou_t4: 0.6118, iou_t5: 0.6299, loss: 0.1179
2026-05-05 12:54:42,453 - mmdet - INFO - Iter [325/120000]	lr: 6.484e-05, eta: 1 day, 11:12:05, time: 1.058, data_time: 0.013, memory: 37111, loss_mask: 0.0983, loss_texture: 0.0040, iou: 0.6542, iou_t0: 0.6650, iou_t1: 0.7154, iou_t2: 0.5615, iou_t3: 0.6887, iou_t4: 0.6095, iou_t5: 0.6510, loss: 0.1023
2026-05-05 12:55:08,839 - mmdet - INFO - Iter [350/120000]	lr: 6.983e-05, eta: 1 day, 11:11:09, time: 1.055, data_time: 0.012, memory: 37111, loss_mask: 0.0972, loss_texture: 0.0037, iou: 0.6214, iou_t0: 0.6536, iou_t1: 0.6578, iou_t2: 0.5789, iou_t3: 0.6280, iou_t4: 0.5908, iou_t5: 0.6303, loss: 0.1009
2026-05-05 12:55:35,252 - mmdet - INFO - Iter [375/120000]	lr: 7.483e-05, eta: 1 day, 11:10:25, time: 1.057, data_time: 0.013, memory: 37111, loss_mask: 0.0957, loss_texture: 0.0040, iou: 0.6713, iou_t0: 0.7016, iou_t1: 0.5807, iou_t2: 0.7091, iou_t3: 0.7483, iou_t4: 0.6397, iou_t5: 0.6737, loss: 0.0997
2026-05-05 12:56:01,717 - mmdet - INFO - Iter [400/120000]	lr: 7.982e-05, eta: 1 day, 11:09:59, time: 1.059, data_time: 0.012, memory: 37111, loss_mask: 0.0786, loss_texture: 0.0037, iou: 0.6904, iou_t0: 0.7383, iou_t1: 0.7320, iou_t2: 0.7623, iou_t3: 0.6479, iou_t4: 0.7491, iou_t5: 0.5713, loss: 0.0823
2026-05-05 12:56:28,167 - mmdet - INFO - Iter [425/120000]	lr: 8.482e-05, eta: 1 day, 11:09:29, time: 1.058, data_time: 0.012, memory: 37111, loss_mask: 0.0712, loss_texture: 0.0033, iou: 0.6895, iou_t0: 0.6574, iou_t1: 0.7105, iou_t2: 0.7146, iou_t3: 0.6647, iou_t4: 0.7771, iou_t5: 0.5957, loss: 0.0745
2026-05-05 12:56:54,609 - mmdet - INFO - Iter [450/120000]	lr: 8.981e-05, eta: 1 day, 11:08:57, time: 1.058, data_time: 0.012, memory: 37111, loss_mask: 0.0936, loss_texture: 0.0031, iou: 0.7257, iou_t0: 0.7727, iou_t1: 0.8095, iou_t2: 0.7040, iou_t3: 0.7205, iou_t4: 0.6397, iou_t5: 0.7247, loss: 0.0968
2026-05-05 12:57:21,076 - mmdet - INFO - Iter [475/120000]	lr: 9.481e-05, eta: 1 day, 11:08:32, time: 1.059, data_time: 0.012, memory: 37111, loss_mask: 0.0685, loss_texture: 0.0034, iou: 0.7088, iou_t0: 0.6978, iou_t1: 0.6908, iou_t2: 0.7843, iou_t3: 0.6959, iou_t4: 0.6744, iou_t5: 0.6466, loss: 0.0719
2026-05-05 12:57:47,512 - mmdet - INFO - Validation set: 218 images
2026-05-05 12:57:47,513 - mmdet - INFO - 
--- Val evaluation at iter 500 ---
2026-05-05 13:00:19,520 - mmdet - INFO - 
+------------+-------------+-------------+
| Class      | Val IoU     | Pseudo IoU  |
+------------+-------------+-------------+
| background | 92.12       | 92.68       |
| building   | 66.82       | 69.14       |
| Summary    | mIoU: 79.47 | mIoU: 80.91 |
+------------+-------------+-------------+
Images evaluated: 218
2026-05-05 13:00:21,160 - mmdet - INFO - ★ New best mIoU: 79.47% (prev: 0.00%, Δ=+79.47%) → saved to /home/ubuntu/vy/Denoiser/SegRefiner/work_dirs/exp4_unc/best_model.pth
2026-05-05 13:00:21,165 - mmdet - INFO - Iter [500/120000]	lr: 9.980e-05, eta: 1 day, 11:08:00, time: 1.057, data_time: 0.012, memory: 37111, val/mIoU: 0.7947, val/IoU.building: 0.6682, val/IoU.background: 0.9212, val/Pseudo_mIoU: 0.8091, loss_mask: 0.0778, loss_texture: 0.0032, iou: 0.7027, iou_t0: 0.7160, iou_t1: 0.7556, iou_t2: 0.6610, iou_t3: 0.7495, iou_t4: 0.7143, iou_t5: 0.7505, loss: 0.0810
2026-05-05 13:00:47,563 - mmdet - INFO - Iter [525/120000]	lr: 1.000e-04, eta: 1 day, 20:50:06, time: 7.202, data_time: 6.158, memory: 37111, loss_mask: 0.0537, loss_texture: 0.0026, iou: 0.6571, iou_t0: 0.7392, iou_t1: 0.6693, iou_t2: 0.6119, iou_t3: 0.8151, iou_t4: 0.6408, iou_t5: 0.5460, loss: 0.0563
2026-05-05 13:01:13,956 - mmdet - INFO - Iter [550/120000]	lr: 1.000e-04, eta: 1 day, 20:22:49, time: 1.056, data_time: 0.012, memory: 37111, loss_mask: 0.0537, loss_texture: 0.0024, iou: 0.6807, iou_t0: 0.6068, iou_t1: 0.7521, iou_t2: 0.6860, iou_t3: 0.5530, iou_t4: 0.7510, iou_t5: 0.6141, loss: 0.0561
2026-05-05 13:01:40,441 - mmdet - INFO - Iter [575/120000]	lr: 1.000e-04, eta: 1 day, 19:58:11, time: 1.059, data_time: 0.013, memory: 37111, loss_mask: 0.0433, loss_texture: 0.0019, iou: 0.6744, iou_t0: 0.7437, iou_t1: 0.7154, iou_t2: 0.7050, iou_t3: 0.6423, iou_t4: 0.6765, iou_t5: 0.6616, loss: 0.0452
2026-05-05 13:02:06,858 - mmdet - INFO - Iter [600/120000]	lr: 1.000e-04, eta: 1 day, 19:35:21, time: 1.057, data_time: 0.012, memory: 37111, loss_mask: 0.0491, loss_texture: 0.0021, iou: 0.7030, iou_t0: 0.8656, iou_t1: 0.6455, iou_t2: 0.6560, iou_t3: 0.6857, iou_t4: 0.7142, iou_t5: 0.5816, loss: 0.0511
2026-05-05 13:02:33,318 - mmdet - INFO - Iter [625/120000]	lr: 1.000e-04, eta: 1 day, 19:14:26, time: 1.058, data_time: 0.012, memory: 37111, loss_mask: 0.0562, loss_texture: 0.0021, iou: 0.6910, iou_t0: 0.7082, iou_t1: 0.7549, iou_t2: 0.6674, iou_t3: 0.6016, iou_t4: 0.7963, iou_t5: 0.7545, loss: 0.0583
2026-05-05 13:02:59,868 - mmdet - INFO - Iter [650/120000]	lr: 1.000e-04, eta: 1 day, 18:55:23, time: 1.062, data_time: 0.012, memory: 37111, loss_mask: 0.0443, loss_texture: 0.0021, iou: 0.6521, iou_t0: 0.7253, iou_t1: 0.6846, iou_t2: 0.6356, iou_t3: 0.5728, iou_t4: 0.6369, iou_t5: 0.6487, loss: 0.0464
2026-05-05 13:03:26,384 - mmdet - INFO - Iter [675/120000]	lr: 1.000e-04, eta: 1 day, 18:37:36, time: 1.061, data_time: 0.013, memory: 37111, loss_mask: 0.0766, loss_texture: 0.0020, iou: 0.7071, iou_t0: 0.7752, iou_t1: 0.7269, iou_t2: 0.7202, iou_t3: 0.6641, iou_t4: 0.7417, iou_t5: 0.6417, loss: 0.0785
2026-05-05 13:03:52,793 - mmdet - INFO - Iter [700/120000]	lr: 1.000e-04, eta: 1 day, 18:20:45, time: 1.056, data_time: 0.012, memory: 37111, loss_mask: 0.0532, loss_texture: 0.0021, iou: 0.6932, iou_t0: 0.6804, iou_t1: 0.6590, iou_t2: 0.6518, iou_t3: 0.7858, iou_t4: 0.6534, iou_t5: 0.6858, loss: 0.0553
2026-05-05 13:04:19,174 - mmdet - INFO - Iter [725/120000]	lr: 1.000e-04, eta: 1 day, 18:04:58, time: 1.055, data_time: 0.012, memory: 37111, loss_mask: 0.0451, loss_texture: 0.0016, iou: 0.6883, iou_t0: 0.7716, iou_t1: 0.6929, iou_t2: 0.7434, iou_t3: 0.7590, iou_t4: 0.6090, iou_t5: 0.5991, loss: 0.0467
2026-05-05 13:04:45,588 - mmdet - INFO - Iter [750/120000]	lr: 1.000e-04, eta: 1 day, 17:50:17, time: 1.057, data_time: 0.012, memory: 37111, loss_mask: 0.0407, loss_texture: 0.0018, iou: 0.7204, iou_t0: 0.7927, iou_t1: 0.7003, iou_t2: 0.7697, iou_t3: 0.6649, iou_t4: 0.7465, iou_t5: 0.7428, loss: 0.0426
2026-05-05 13:05:12,064 - mmdet - INFO - Iter [775/120000]	lr: 1.000e-04, eta: 1 day, 17:36:41, time: 1.059, data_time: 0.012, memory: 37111, loss_mask: 0.0365, loss_texture: 0.0014, iou: 0.6661, iou_t0: 0.6874, iou_t1: 0.6729, iou_t2: 0.6885, iou_t3: 0.6879, iou_t4: 0.6094, iou_t5: 0.5833, loss: 0.0378
2026-05-05 13:05:38,645 - mmdet - INFO - Iter [800/120000]	lr: 1.000e-04, eta: 1 day, 17:24:10, time: 1.063, data_time: 0.012, memory: 37111, loss_mask: 0.0651, loss_texture: 0.0018, iou: 0.7191, iou_t0: 0.7644, iou_t1: 0.7977, iou_t2: 0.7063, iou_t3: 0.7739, iou_t4: 0.6910, iou_t5: 0.7028, loss: 0.0669
2026-05-05 13:06:05,065 - mmdet - INFO - Iter [825/120000]	lr: 1.000e-04, eta: 1 day, 17:11:59, time: 1.057, data_time: 0.012, memory: 37111, loss_mask: 0.0317, loss_texture: 0.0014, iou: 0.6941, iou_t0: 0.6828, iou_t1: 0.5982, iou_t2: 0.6999, iou_t3: 0.7249, iou_t4: 0.7102, iou_t5: 0.6840, loss: 0.0331
2026-05-05 13:06:31,361 - mmdet - INFO - Iter [850/120000]	lr: 1.000e-04, eta: 1 day, 17:00:13, time: 1.052, data_time: 0.012, memory: 37111, loss_mask: 0.0241, loss_texture: 0.0011, iou: 0.6953, iou_t0: 0.6447, iou_t1: 0.7443, iou_t2: 0.6983, iou_t3: 0.7280, iou_t4: 0.7517, iou_t5: 0.5905, loss: 0.0252
2026-05-05 13:06:57,641 - mmdet - INFO - Iter [875/120000]	lr: 1.000e-04, eta: 1 day, 16:49:03, time: 1.051, data_time: 0.012, memory: 37111, loss_mask: 0.0342, loss_texture: 0.0011, iou: 0.6770, iou_t0: 0.6226, iou_t1: 0.5498, iou_t2: 0.7306, iou_t3: 0.7576, iou_t4: 0.6914, iou_t5: 0.6468, loss: 0.0353
2026-05-05 13:07:23,912 - mmdet - INFO - Iter [900/120000]	lr: 1.000e-04, eta: 1 day, 16:38:27, time: 1.051, data_time: 0.012, memory: 37111, loss_mask: 0.0955, loss_texture: 0.0022, iou: 0.7101, iou_t0: 0.7090, iou_t1: 0.7292, iou_t2: 0.8117, iou_t3: 0.6290, iou_t4: 0.7355, iou_t5: 0.6606, loss: 0.0978
2026-05-05 13:07:50,215 - mmdet - INFO - Iter [925/120000]	lr: 1.000e-04, eta: 1 day, 16:28:29, time: 1.052, data_time: 0.012, memory: 37111, loss_mask: 0.0285, loss_texture: 0.0014, iou: 0.6915, iou_t0: 0.7365, iou_t1: 0.6909, iou_t2: 0.7128, iou_t3: 0.6207, iou_t4: 0.6991, iou_t5: 0.5858, loss: 0.0299
2026-05-05 13:08:16,573 - mmdet - INFO - Iter [950/120000]	lr: 1.000e-04, eta: 1 day, 16:19:08, time: 1.054, data_time: 0.012, memory: 37111, loss_mask: 0.0410, loss_texture: 0.0015, iou: 0.6896, iou_t0: 0.7241, iou_t1: 0.6631, iou_t2: 0.6952, iou_t3: 0.6885, iou_t4: 0.7639, iou_t5: 0.6490, loss: 0.0425
2026-05-05 13:08:42,914 - mmdet - INFO - Iter [975/120000]	lr: 1.000e-04, eta: 1 day, 16:10:12, time: 1.054, data_time: 0.012, memory: 37111, loss_mask: 0.0398, loss_texture: 0.0014, iou: 0.6920, iou_t0: 0.6142, iou_t1: 0.7151, iou_t2: 0.7312, iou_t3: 0.7363, iou_t4: 0.6378, iou_t5: 0.7053, loss: 0.0412
2026-05-05 13:09:09,270 - mmdet - INFO - 
--- Val evaluation at iter 1000 ---
2026-05-05 13:11:39,234 - mmdet - INFO - 
+------------+-------------+-------------+
| Class      | Val IoU     | Pseudo IoU  |
+------------+-------------+-------------+
| background | 92.14       | 92.68       |
| building   | 67.15       | 69.14       |
| Summary    | mIoU: 79.65 | mIoU: 80.91 |
+------------+-------------+-------------+
Images evaluated: 218
2026-05-05 13:11:42,134 - mmdet - INFO - ★ New best mIoU: 79.65% (prev: 79.47%, Δ=+0.18%) → saved to /home/ubuntu/vy/Denoiser/SegRefiner/work_dirs/exp4_unc/best_model.pth
2026-05-05 13:11:42,139 - mmdet - INFO - Exp name: exp4_unc.py
2026-05-05 13:11:42,140 - mmdet - INFO - Iter [1000/120000]	lr: 1.000e-04, eta: 1 day, 16:01:44, time: 1.054, data_time: 0.012, memory: 37111, val/mIoU: 0.7965, val/IoU.building: 0.6715, val/IoU.background: 0.9214, val/Pseudo_mIoU: 0.8091, loss_mask: 0.0459, loss_texture: 0.0015, iou: 0.6346, iou_t0: 0.6223, iou_t1: 0.6950, iou_t2: 0.6695, iou_t3: 0.5452, iou_t4: 0.6255, iou_t5: 0.5987, loss: 0.0474
2026-05-05 13:12:08,602 - mmdet - INFO - Iter [1025/120000]	lr: 1.000e-04, eta: 1 day, 20:49:35, time: 7.173, data_time: 6.128, memory: 37111, loss_mask: 0.0436, loss_texture: 0.0014, iou: 0.6717, iou_t0: 0.6082, iou_t1: 0.7728, iou_t2: 0.7398, iou_t3: 0.6316, iou_t4: 0.6185, iou_t5: 0.6985, loss: 0.0451
2026-05-05 13:12:34,904 - mmdet - INFO - Iter [1050/120000]	lr: 1.000e-04, eta: 1 day, 20:34:39, time: 1.052, data_time: 0.011, memory: 37111, loss_mask: 0.0439, loss_texture: 0.0011, iou: 0.6627, iou_t0: 0.7363, iou_t1: 0.6026, iou_t2: 0.7198, iou_t3: 0.5874, iou_t4: 0.6462, iou_t5: 0.6378, loss: 0.0450
2026-05-05 13:13:01,232 - mmdet - INFO - Iter [1075/120000]	lr: 1.000e-04, eta: 1 day, 20:20:27, time: 1.053, data_time: 0.012, memory: 37111, loss_mask: 0.0378, loss_texture: 0.0012, iou: 0.7244, iou_t0: 0.7290, iou_t1: 0.8114, iou_t2: 0.8100, iou_t3: 0.7016, iou_t4: 0.8081, iou_t5: 0.5720, loss: 0.0390
2026-05-05 13:13:27,572 - mmdet - INFO - Iter [1100/120000]	lr: 1.000e-04, eta: 1 day, 20:06:53, time: 1.054, data_time: 0.012, memory: 37111, loss_mask: 0.0314, loss_texture: 0.0010, iou: 0.6881, iou_t0: 0.6241, iou_t1: 0.8247, iou_t2: 0.7217, iou_t3: 0.6948, iou_t4: 0.6388, iou_t5: 0.6597, loss: 0.0324
2026-05-05 13:13:53,951 - mmdet - INFO - Iter [1125/120000]	lr: 1.000e-04, eta: 1 day, 19:53:59, time: 1.055, data_time: 0.012, memory: 37111, loss_mask: 0.0398, loss_texture: 0.0011, iou: 0.7199, iou_t0: 0.7793, iou_t1: 0.7997, iou_t2: 0.8060, iou_t3: 0.7116, iou_t4: 0.7233, iou_t5: 0.6118, loss: 0.0409
2026-05-05 13:14:20,405 - mmdet - INFO - Iter [1150/120000]	lr: 1.000e-04, eta: 1 day, 19:41:45, time: 1.058, data_time: 0.012, memory: 37111, loss_mask: 0.0408, loss_texture: 0.0011, iou: 0.7128, iou_t0: 0.8043, iou_t1: 0.8050, iou_t2: 0.7358, iou_t3: 0.6916, iou_t4: 0.6486, iou_t5: 0.6265, loss: 0.0419
2026-05-05 13:14:46,822 - mmdet - INFO - Iter [1175/120000]	lr: 1.000e-04, eta: 1 day, 19:29:57, time: 1.057, data_time: 0.012, memory: 37111, loss_mask: 0.0449, loss_texture: 0.0011, iou: 0.6955, iou_t0: 0.7338, iou_t1: 0.7638, iou_t2: 0.7098, iou_t3: 0.7362, iou_t4: 0.6670, iou_t5: 0.6098, loss: 0.0460
2026-05-05 13:15:13,232 - mmdet - INFO - Iter [1200/120000]	lr: 1.000e-04, eta: 1 day, 19:18:37, time: 1.056, data_time: 0.012, memory: 37111, loss_mask: 0.0507, loss_texture: 0.0010, iou: 0.6726, iou_t0: 0.6071, iou_t1: 0.6973, iou_t2: 0.7459, iou_t3: 0.6806, iou_t4: 0.6850, iou_t5: 0.6860, loss: 0.0517
2026-05-05 13:15:39,745 - mmdet - INFO - Iter [1225/120000]	lr: 1.000e-04, eta: 1 day, 19:07:53, time: 1.061, data_time: 0.012, memory: 37111, loss_mask: 0.0211, loss_texture: 0.0007, iou: 0.7107, iou_t0: 0.6708, iou_t1: 0.6629, iou_t2: 0.7414, iou_t3: 0.7498, iou_t4: 0.6900, iou_t5: 0.6305, loss: 0.0219
2026-05-05 13:16:06,092 - mmdet - INFO - Iter [1250/120000]	lr: 1.000e-04, eta: 1 day, 18:57:19, time: 1.054, data_time: 0.011, memory: 37111, loss_mask: 0.0563, loss_texture: 0.0009, iou: 0.7080, iou_t0: 0.6840, iou_t1: 0.7198, iou_t2: 0.7583, iou_t3: 0.7029, iou_t4: 0.7242, iou_t5: 0.5600, loss: 0.0572
2026-05-05 13:16:32,420 - mmdet - INFO - Iter [1275/120000]	lr: 1.000e-04, eta: 1 day, 18:47:06, time: 1.053, data_time: 0.012, memory: 37111, loss_mask: 0.0318, loss_texture: 0.0010, iou: 0.6940, iou_t0: 0.6780, iou_t1: 0.6709, iou_t2: 0.6420, iou_t3: 0.8283, iou_t4: 0.6820, iou_t5: 0.6656, loss: 0.0328
2026-05-05 13:16:58,743 - mmdet - INFO - Iter [1300/120000]	lr: 1.000e-04, eta: 1 day, 18:37:16, time: 1.053, data_time: 0.012, memory: 37111, loss_mask: 0.0306, loss_texture: 0.0009, iou: 0.6613, iou_t0: 0.7905, iou_t1: 0.6824, iou_t2: 0.6113, iou_t3: 0.6088, iou_t4: 0.5322, iou_t5: 0.6429, loss: 0.0315
2026-05-05 13:17:25,176 - mmdet - INFO - Iter [1325/120000]	lr: 1.000e-04, eta: 1 day, 18:27:56, time: 1.057, data_time: 0.012, memory: 37111, loss_mask: 0.0247, loss_texture: 0.0008, iou: 0.7208, iou_t0: 0.6840, iou_t1: 0.7844, iou_t2: 0.8421, iou_t3: 0.6791, iou_t4: 0.6695, iou_t5: 0.6736, loss: 0.0255
2026-05-05 13:17:51,559 - mmdet - INFO - Iter [1350/120000]	lr: 1.000e-04, eta: 1 day, 18:18:53, time: 1.055, data_time: 0.012, memory: 37111, loss_mask: 0.0259, loss_texture: 0.0007, iou: 0.6711, iou_t0: 0.6746, iou_t1: 0.6532, iou_t2: 0.7231, iou_t3: 0.7838, iou_t4: 0.5823, iou_t5: 0.5744, loss: 0.0266
2026-05-05 13:18:17,992 - mmdet - INFO - Iter [1375/120000]	lr: 1.000e-04, eta: 1 day, 18:10:12, time: 1.057, data_time: 0.012, memory: 37111, loss_mask: 0.0255, loss_texture: 0.0008, iou: 0.7011, iou_t0: 0.7822, iou_t1: 0.6997, iou_t2: 0.6454, iou_t3: 0.7444, iou_t4: 0.6604, iou_t5: 0.5967, loss: 0.0262
2026-05-05 13:18:44,440 - mmdet - INFO - Iter [1400/120000]	lr: 1.000e-04, eta: 1 day, 18:01:50, time: 1.058, data_time: 0.012, memory: 37111, loss_mask: 0.0400, loss_texture: 0.0007, iou: 0.6997, iou_t0: 0.7320, iou_t1: 0.8010, iou_t2: 0.6816, iou_t3: 0.7358, iou_t4: 0.7063, iou_t5: 0.6549, loss: 0.0407
2026-05-05 13:19:10,832 - mmdet - INFO - Iter [1425/120000]	lr: 1.000e-04, eta: 1 day, 17:53:40, time: 1.056, data_time: 0.012, memory: 37111, loss_mask: 0.0356, loss_texture: 0.0010, iou: 0.6970, iou_t0: 0.6804, iou_t1: 0.6635, iou_t2: 0.7363, iou_t3: 0.5149, iou_t4: 0.6616, iou_t5: 0.8053, loss: 0.0366
2026-05-05 13:19:37,194 - mmdet - INFO - Iter [1450/120000]	lr: 1.000e-04, eta: 1 day, 17:45:44, time: 1.054, data_time: 0.011, memory: 37111, loss_mask: 0.0428, loss_texture: 0.0010, iou: 0.6592, iou_t0: 0.6467, iou_t1: 0.6413, iou_t2: 0.6665, iou_t3: 0.6561, iou_t4: 0.7006, iou_t5: 0.5874, loss: 0.0438
2026-05-05 13:20:03,661 - mmdet - INFO - Iter [1475/120000]	lr: 1.000e-04, eta: 1 day, 17:38:11, time: 1.059, data_time: 0.012, memory: 37111, loss_mask: 0.0279, loss_texture: 0.0007, iou: 0.7057, iou_t0: 0.6799, iou_t1: 0.6014, iou_t2: 0.7784, iou_t3: 0.7637, iou_t4: 0.7254, iou_t5: 0.6888, loss: 0.0286
2026-05-05 13:20:30,078 - mmdet - INFO - 
--- Val evaluation at iter 1500 ---
2026-05-05 13:23:00,409 - mmdet - INFO - 
+------------+-------------+-------------+
| Class      | Val IoU     | Pseudo IoU  |
+------------+-------------+-------------+
| background | 92.13       | 92.68       |
| building   | 67.00       | 69.14       |
| Summary    | mIoU: 79.57 | mIoU: 80.91 |
+------------+-------------+-------------+
Images evaluated: 218
2026-05-05 13:23:01,795 - mmdet - INFO - Iter [1500/120000]	lr: 1.000e-04, eta: 1 day, 17:30:49, time: 1.057, data_time: 0.011, memory: 37111, val/mIoU: 0.7957, val/IoU.building: 0.6700, val/IoU.background: 0.9213, val/Pseudo_mIoU: 0.8091, loss_mask: 0.0367, loss_texture: 0.0010, iou: 0.7174, iou_t0: 0.6367, iou_t1: 0.7465, iou_t2: 0.7845, iou_t3: 0.7800, iou_t4: 0.7416, iou_t5: 0.6807, loss: 0.0377
2026-05-05 13:23:28,167 - mmdet - INFO - Iter [1525/120000]	lr: 1.000e-04, eta: 1 day, 20:40:03, time: 7.124, data_time: 6.081, memory: 37111, loss_mask: 0.0227, loss_texture: 0.0006, iou: 0.6673, iou_t0: 0.6366, iou_t1: 0.7292, iou_t2: 0.6083, iou_t3: 0.6380, iou_t4: 0.6464, iou_t5: 0.6605, loss: 0.0234
2026-05-05 13:23:54,502 - mmdet - INFO - Iter [1550/120000]	lr: 1.000e-04, eta: 1 day, 20:29:49, time: 1.053, data_time: 0.012, memory: 37111, loss_mask: 0.0171, loss_texture: 0.0006, iou: 0.7179, iou_t0: 0.7020, iou_t1: 0.6504, iou_t2: 0.7706, iou_t3: 0.8341, iou_t4: 0.6669, iou_t5: 0.6594, loss: 0.0177
2026-05-05 13:24:20,864 - mmdet - INFO - Iter [1575/120000]	lr: 1.000e-04, eta: 1 day, 20:19:55, time: 1.054, data_time: 0.012, memory: 37111, loss_mask: 0.0439, loss_texture: 0.0010, iou: 0.7046, iou_t0: 0.7814, iou_t1: 0.8381, iou_t2: 0.7448, iou_t3: 0.6965, iou_t4: 0.6411, iou_t5: 0.6224, loss: 0.0449
2026-05-05 13:24:47,319 - mmdet - INFO - Iter [1600/120000]	lr: 1.000e-04, eta: 1 day, 20:10:26, time: 1.058, data_time: 0.012, memory: 37111, loss_mask: 0.0295, loss_texture: 0.0008, iou: 0.7008, iou_t0: 0.6078, iou_t1: 0.6117, iou_t2: 0.7328, iou_t3: 0.8091, iou_t4: 0.7094, iou_t5: 0.6606, loss: 0.0303
2026-05-05 13:25:13,793 - mmdet - INFO - Iter [1625/120000]	lr: 1.000e-04, eta: 1 day, 20:01:15, time: 1.059, data_time: 0.012, memory: 37111, loss_mask: 0.0225, loss_texture: 0.0006, iou: 0.6674, iou_t0: 0.7137, iou_t1: 0.6070, iou_t2: 0.6633, iou_t3: 0.6601, iou_t4: 0.6619, iou_t5: 0.6962, loss: 0.0231
2026-05-05 13:25:40,174 - mmdet - INFO - Iter [1650/120000]	lr: 1.000e-04, eta: 1 day, 19:52:13, time: 1.055, data_time: 0.011, memory: 37111, loss_mask: 0.0378, loss_texture: 0.0008, iou: 0.6772, iou_t0: 0.6101, iou_t1: 0.6580, iou_t2: 0.7049, iou_t3: 0.8312, iou_t4: 0.7073, iou_t5: 0.6256, loss: 0.0386
2026-05-05 13:26:06,597 - mmdet - INFO - Iter [1675/120000]	lr: 1.000e-04, eta: 1 day, 19:43:29, time: 1.057, data_time: 0.012, memory: 37111, loss_mask: 0.0260, loss_texture: 0.0007, iou: 0.7165, iou_t0: 0.8018, iou_t1: 0.6272, iou_t2: 0.6889, iou_t3: 0.6801, iou_t4: 0.7150, iou_t5: 0.7385, loss: 0.0267
2026-05-05 13:26:33,036 - mmdet - INFO - Iter [1700/120000]	lr: 1.000e-04, eta: 1 day, 19:35:02, time: 1.058, data_time: 0.011, memory: 37111, loss_mask: 0.0271, loss_texture: 0.0007, iou: 0.6866, iou_t0: 0.7026, iou_t1: 0.7632, iou_t2: 0.6373, iou_t3: 0.6367, iou_t4: 0.6019, iou_t5: 0.7763, loss: 0.0278
2026-05-05 13:26:59,408 - mmdet - INFO - Iter [1725/120000]	lr: 1.000e-04, eta: 1 day, 19:26:43, time: 1.055, data_time: 0.012, memory: 37111, loss_mask: 0.0289, loss_texture: 0.0007, iou: 0.7031, iou_t0: 0.8259, iou_t1: 0.7410, iou_t2: 0.7015, iou_t3: 0.7114, iou_t4: 0.6544, iou_t5: 0.5910, loss: 0.0296
2026-05-05 13:27:25,844 - mmdet - INFO - Iter [1750/120000]	lr: 1.000e-04, eta: 1 day, 19:18:43, time: 1.057, data_time: 0.012, memory: 37111, loss_mask: 0.0238, loss_texture: 0.0007, iou: 0.7310, iou_t0: 0.7883, iou_t1: 0.7608, iou_t2: 0.8061, iou_t3: 0.6980, iou_t4: 0.6880, iou_t5: 0.7198, loss: 0.0245
2026-05-05 13:27:52,301 - mmdet - INFO - Iter [1775/120000]	lr: 1.000e-04, eta: 1 day, 19:10:56, time: 1.058, data_time: 0.012, memory: 37111, loss_mask: 0.0230, loss_texture: 0.0006, iou: 0.7154, iou_t0: 0.7760, iou_t1: 0.7925, iou_t2: 0.8152, iou_t3: 0.7267, iou_t4: 0.7016, iou_t5: 0.5821, loss: 0.0235
2026-05-05 13:28:18,853 - mmdet - INFO - Iter [1800/120000]	lr: 1.000e-04, eta: 1 day, 19:03:28, time: 1.062, data_time: 0.012, memory: 37111, loss_mask: 0.0300, loss_texture: 0.0006, iou: 0.7022, iou_t0: 0.7633, iou_t1: 0.7235, iou_t2: 0.7521, iou_t3: 0.6116, iou_t4: 0.7637, iou_t5: 0.7022, loss: 0.0306
2026-05-05 13:28:45,390 - mmdet - INFO - Iter [1825/120000]	lr: 1.000e-04, eta: 1 day, 18:56:11, time: 1.061, data_time: 0.012, memory: 37111, loss_mask: 0.0300, loss_texture: 0.0007, iou: 0.6758, iou_t0: 0.8118, iou_t1: 0.6996, iou_t2: 0.6816, iou_t3: 0.6653, iou_t4: 0.6318, iou_t5: 0.6126, loss: 0.0307
2026-05-05 13:29:11,849 - mmdet - INFO - Iter [1850/120000]	lr: 1.000e-04, eta: 1 day, 18:48:59, time: 1.058, data_time: 0.012, memory: 37111, loss_mask: 0.0207, loss_texture: 0.0005, iou: 0.6996, iou_t0: 0.8607, iou_t1: 0.7372, iou_t2: 0.7036, iou_t3: 0.7026, iou_t4: 0.6868, iou_t5: 0.6566, loss: 0.0213
2026-05-05 13:29:38,425 - mmdet - INFO - Iter [1875/120000]	lr: 1.000e-04, eta: 1 day, 18:42:06, time: 1.063, data_time: 0.012, memory: 37111, loss_mask: 0.0589, loss_texture: 0.0008, iou: 0.7202, iou_t0: 0.6923, iou_t1: 0.7269, iou_t2: 0.7638, iou_t3: 0.7846, iou_t4: 0.7300, iou_t5: 0.6515, loss: 0.0596
2026-05-05 13:30:04,976 - mmdet - INFO - Iter [1900/120000]	lr: 1.000e-04, eta: 1 day, 18:35:22, time: 1.062, data_time: 0.011, memory: 37111, loss_mask: 0.0471, loss_texture: 0.0011, iou: 0.6692, iou_t0: 0.6312, iou_t1: 0.7544, iou_t2: 0.7295, iou_t3: 0.7023, iou_t4: 0.6437, iou_t5: 0.5878, loss: 0.0482
2026-05-05 13:30:31,428 - mmdet - INFO - Iter [1925/120000]	lr: 1.000e-04, eta: 1 day, 18:28:41, time: 1.058, data_time: 0.012, memory: 37111, loss_mask: 0.0310, loss_texture: 0.0010, iou: 0.7208, iou_t0: 0.6930, iou_t1: 0.7535, iou_t2: 0.7484, iou_t3: 0.6380, iou_t4: 0.7421, iou_t5: 0.7143, loss: 0.0320
2026-05-05 13:30:57,899 - mmdet - INFO - Iter [1950/120000]	lr: 1.000e-04, eta: 1 day, 18:22:11, time: 1.059, data_time: 0.012, memory: 37111, loss_mask: 0.0353, loss_texture: 0.0008, iou: 0.6920, iou_t0: 0.7341, iou_t1: 0.7242, iou_t2: 0.7029, iou_t3: 0.7449, iou_t4: 0.6516, iou_t5: 0.6112, loss: 0.0361
2026-05-05 13:31:24,493 - mmdet - INFO - Iter [1975/120000]	lr: 1.000e-04, eta: 1 day, 18:15:58, time: 1.064, data_time: 0.012, memory: 37111, loss_mask: 0.0292, loss_texture: 0.0008, iou: 0.7038, iou_t0: 0.7588, iou_t1: 0.7607, iou_t2: 0.7650, iou_t3: 0.7361, iou_t4: 0.6023, iou_t5: 0.5902, loss: 0.0300
2026-05-05 13:31:50,947 - mmdet - INFO - 
--- Val evaluation at iter 2000 ---
2026-05-05 13:34:20,015 - mmdet - INFO - 
+------------+-------------+-------------+
| Class      | Val IoU     | Pseudo IoU  |
+------------+-------------+-------------+
| background | 92.07       | 92.68       |
| building   | 66.59       | 69.14       |
| Summary    | mIoU: 79.33 | mIoU: 80.91 |
+------------+-------------+-------------+
Images evaluated: 218
2026-05-05 13:34:21,388 - mmdet - INFO - Exp name: exp4_unc.py
2026-05-05 13:34:21,388 - mmdet - INFO - Iter [2000/120000]	lr: 1.000e-04, eta: 1 day, 18:09:45, time: 1.058, data_time: 0.011, memory: 37111, val/mIoU: 0.7933, val/IoU.building: 0.6659, val/IoU.background: 0.9207, val/Pseudo_mIoU: 0.8091, loss_mask: 0.0158, loss_texture: 0.0005, iou: 0.6974, iou_t0: 0.7504, iou_t1: 0.6511, iou_t2: 0.6949, iou_t3: 0.6323, iou_t4: 0.7584, iou_t5: 0.6665, loss: 0.0162
2026-05-05 13:34:47,724 - mmdet - INFO - Iter [2025/120000]	lr: 1.000e-04, eta: 1 day, 20:29:38, time: 7.071, data_time: 6.031, memory: 37111, loss_mask: 0.0187, loss_texture: 0.0005, iou: 0.7082, iou_t0: 0.6736, iou_t1: 0.6963, iou_t2: 0.7692, iou_t3: 0.7479, iou_t4: 0.7313, iou_t5: 0.5700, loss: 0.0192
2026-05-05 13:35:13,990 - mmdet - INFO - Iter [2050/120000]	lr: 1.000e-04, eta: 1 day, 20:21:42, time: 1.051, data_time: 0.012, memory: 37111, loss_mask: 0.0191, loss_texture: 0.0005, iou: 0.7029, iou_t0: 0.6807, iou_t1: 0.7255, iou_t2: 0.7380, iou_t3: 0.7717, iou_t4: 0.6409, iou_t5: 0.6455, loss: 0.0196
2026-05-05 13:35:40,247 - mmdet - INFO - Iter [2075/120000]	lr: 1.000e-04, eta: 1 day, 20:13:57, time: 1.050, data_time: 0.012, memory: 37111, loss_mask: 0.0249, loss_texture: 0.0005, iou: 0.6812, iou_t0: 0.6986, iou_t1: 0.6575, iou_t2: 0.7023, iou_t3: 0.6424, iou_t4: 0.7046, iou_t5: 0.6022, loss: 0.0254
2026-05-05 13:36:06,514 - mmdet - INFO - Iter [2100/120000]	lr: 1.000e-04, eta: 1 day, 20:06:23, time: 1.051, data_time: 0.011, memory: 37111, loss_mask: 0.0336, loss_texture: 0.0008, iou: 0.6950, iou_t0: 0.6283, iou_t1: 0.7218, iou_t2: 0.7900, iou_t3: 0.7612, iou_t4: 0.7124, iou_t5: 0.6518, loss: 0.0345
2026-05-05 13:36:32,792 - mmdet - INFO - Iter [2125/120000]	lr: 1.000e-04, eta: 1 day, 19:58:59, time: 1.051, data_time: 0.012, memory: 37111, loss_mask: 0.0276, loss_texture: 0.0007, iou: 0.6660, iou_t0: 0.6737, iou_t1: 0.7385, iou_t2: 0.7040, iou_t3: 0.6955, iou_t4: 0.6935, iou_t5: 0.5999, loss: 0.0283
2026-05-05 13:36:59,143 - mmdet - INFO - Iter [2150/120000]	lr: 1.000e-04, eta: 1 day, 19:51:49, time: 1.054, data_time: 0.012, memory: 37111, loss_mask: 0.0178, loss_texture: 0.0006, iou: 0.7284, iou_t0: 0.6571, iou_t1: 0.7357, iou_t2: 0.7796, iou_t3: 0.7364, iou_t4: 0.7370, iou_t5: 0.6033, loss: 0.0183
2026-05-05 13:37:25,530 - mmdet - INFO - Iter [2175/120000]	lr: 1.000e-04, eta: 1 day, 19:44:50, time: 1.055, data_time: 0.012, memory: 37111, loss_mask: 0.0276, loss_texture: 0.0008, iou: 0.7043, iou_t0: 0.7717, iou_t1: 0.7455, iou_t2: 0.6875, iou_t3: 0.7786, iou_t4: 0.6518, iou_t5: 0.6095, loss: 0.0283
2026-05-05 13:37:51,932 - mmdet - INFO - Iter [2200/120000]	lr: 1.000e-04, eta: 1 day, 19:38:01, time: 1.056, data_time: 0.011, memory: 37111, loss_mask: 0.0229, loss_texture: 0.0006, iou: 0.6920, iou_t0: 0.6718, iou_t1: 0.6058, iou_t2: 0.7401, iou_t3: 0.7286, iou_t4: 0.7674, iou_t5: 0.5825, loss: 0.0234
2026-05-05 13:38:18,604 - mmdet - INFO - Iter [2225/120000]	lr: 1.000e-04, eta: 1 day, 19:31:35, time: 1.067, data_time: 0.013, memory: 37111, loss_mask: 0.0268, loss_texture: 0.0005, iou: 0.7025, iou_t0: 0.8507, iou_t1: 0.6593, iou_t2: 0.8071, iou_t3: 0.6886, iou_t4: 0.6328, iou_t5: 0.5930, loss: 0.0273
2026-05-05 13:38:45,020 - mmdet - INFO - Iter [2250/120000]	lr: 1.000e-04, eta: 1 day, 19:25:04, time: 1.057, data_time: 0.011, memory: 37111, loss_mask: 0.0282, loss_texture: 0.0009, iou: 0.6924, iou_t0: 0.6363, iou_t1: 0.7627, iou_t2: 0.7387, iou_t3: 0.6683, iou_t4: 0.6967, iou_t5: 0.6176, loss: 0.0290
2026-05-05 13:39:11,392 - mmdet - INFO - Iter [2275/120000]	lr: 1.000e-04, eta: 1 day, 19:18:38, time: 1.055, data_time: 0.012, memory: 37111, loss_mask: 0.0312, loss_texture: 0.0008, iou: 0.6990, iou_t0: 0.7343, iou_t1: 0.8222, iou_t2: 0.6442, iou_t3: 0.6605, iou_t4: 0.6663, iou_t5: 0.5794, loss: 0.0319
2026-05-05 13:39:37,718 - mmdet - INFO - Iter [2300/120000]	lr: 1.000e-04, eta: 1 day, 19:12:17, time: 1.053, data_time: 0.011, memory: 37111, loss_mask: 0.0142, loss_texture: 0.0004, iou: 0.6945, iou_t0: 0.6727, iou_t1: 0.7414, iou_t2: 0.6763, iou_t3: 0.7342, iou_t4: 0.7575, iou_t5: 0.6312, loss: 0.0147
2026-05-05 13:40:04,084 - mmdet - INFO - Iter [2325/120000]	lr: 1.000e-04, eta: 1 day, 19:06:07, time: 1.055, data_time: 0.011, memory: 37111, loss_mask: 0.0186, loss_texture: 0.0005, iou: 0.7186, iou_t0: 0.7894, iou_t1: 0.7653, iou_t2: 0.7072, iou_t3: 0.7091, iou_t4: 0.6672, iou_t5: 0.6812, loss: 0.0192
2026-05-05 13:40:30,514 - mmdet - INFO - Iter [2350/120000]	lr: 1.000e-04, eta: 1 day, 19:00:07, time: 1.057, data_time: 0.012, memory: 37111, loss_mask: 0.0209, loss_texture: 0.0006, iou: 0.6862, iou_t0: 0.7851, iou_t1: 0.5860, iou_t2: 0.6968, iou_t3: 0.6214, iou_t4: 0.5786, iou_t5: 0.7045, loss: 0.0215
2026-05-05 13:40:57,098 - mmdet - INFO - Iter [2375/120000]	lr: 1.000e-04, eta: 1 day, 18:54:21, time: 1.063, data_time: 0.012, memory: 37111, loss_mask: 0.0283, loss_texture: 0.0006, iou: 0.7382, iou_t0: 0.7280, iou_t1: 0.6592, iou_t2: 0.8447, iou_t3: 0.7395, iou_t4: 0.8370, iou_t5: 0.6769, loss: 0.0289
2026-05-05 13:41:23,559 - mmdet - INFO - Iter [2400/120000]	lr: 1.000e-04, eta: 1 day, 18:48:36, time: 1.058, data_time: 0.012, memory: 37111, loss_mask: 0.0270, loss_texture: 0.0005, iou: 0.7118, iou_t0: 0.7795, iou_t1: 0.7880, iou_t2: 0.6770, iou_t3: 0.6609, iou_t4: 0.7593, iou_t5: 0.5640, loss: 0.0275
2026-05-05 13:41:49,968 - mmdet - INFO - Iter [2425/120000]	lr: 1.000e-04, eta: 1 day, 18:42:55, time: 1.056, data_time: 0.012, memory: 37111, loss_mask: 0.0353, loss_texture: 0.0008, iou: 0.7127, iou_t0: 0.6445, iou_t1: 0.6862, iou_t2: 0.7823, iou_t3: 0.7365, iou_t4: 0.7754, iou_t5: 0.6651, loss: 0.0361
2026-05-05 13:42:16,456 - mmdet - INFO - Iter [2450/120000]	lr: 1.000e-04, eta: 1 day, 18:37:25, time: 1.060, data_time: 0.012, memory: 37111, loss_mask: 0.0237, loss_texture: 0.0006, iou: 0.7106, iou_t0: 0.6355, iou_t1: 0.7824, iou_t2: 0.7450, iou_t3: 0.7059, iou_t4: 0.5849, iou_t5: 0.7567, loss: 0.0243
2026-05-05 13:42:43,051 - mmdet - INFO - Iter [2475/120000]	lr: 1.000e-04, eta: 1 day, 18:32:05, time: 1.064, data_time: 0.012, memory: 37111, loss_mask: 0.0188, loss_texture: 0.0005, iou: 0.7060, iou_t0: 0.7212, iou_t1: 0.7528, iou_t2: 0.7467, iou_t3: 0.7202, iou_t4: 0.7515, iou_t5: 0.6546, loss: 0.0194
2026-05-05 13:43:09,400 - mmdet - INFO - 
--- Val evaluation at iter 2500 ---
2026-05-05 13:45:37,318 - mmdet - INFO - 
+------------+-------------+-------------+
| Class      | Val IoU     | Pseudo IoU  |
+------------+-------------+-------------+
| background | 92.05       | 92.68       |
| building   | 66.37       | 69.14       |
| Summary    | mIoU: 79.21 | mIoU: 80.91 |
+------------+-------------+-------------+
Images evaluated: 218
2026-05-05 13:45:38,682 - mmdet - INFO - Iter [2500/120000]	lr: 1.000e-04, eta: 1 day, 18:26:40, time: 1.054, data_time: 0.011, memory: 37111, val/mIoU: 0.7921, val/IoU.building: 0.6637, val/IoU.background: 0.9205, val/Pseudo_mIoU: 0.8091, loss_mask: 0.0130, loss_texture: 0.0004, iou: 0.7355, iou_t0: 0.7127, iou_t1: 0.6769, iou_t2: 0.8203, iou_t3: 0.7257, iou_t4: 0.7323, iou_t5: 0.6823, loss: 0.0134
2026-05-05 13:46:05,019 - mmdet - INFO - Iter [2525/120000]	lr: 1.000e-04, eta: 1 day, 20:17:06, time: 7.025, data_time: 5.983, memory: 37111, loss_mask: 0.0121, loss_texture: 0.0004, iou: 0.6869, iou_t0: 0.6487, iou_t1: 0.7102, iou_t2: 0.6445, iou_t3: 0.7586, iou_t4: 0.5935, iou_t5: 0.6621, loss: 0.0125
2026-05-05 13:46:31,476 - mmdet - INFO - Iter [2550/120000]	lr: 1.000e-04, eta: 1 day, 20:10:48, time: 1.058, data_time: 0.012, memory: 37111, loss_mask: 0.0136, loss_texture: 0.0004, iou: 0.7099, iou_t0: 0.7958, iou_t1: 0.6320, iou_t2: 0.7641, iou_t3: 0.6079, iou_t4: 0.6598, iou_t5: 0.6823, loss: 0.0140
2026-05-05 13:46:58,101 - mmdet - INFO - Iter [2575/120000]	lr: 1.000e-04, eta: 1 day, 20:04:44, time: 1.065, data_time: 0.013, memory: 37111, loss_mask: 0.0177, loss_texture: 0.0005, iou: 0.7128, iou_t0: 0.7545, iou_t1: 0.7460, iou_t2: 0.7245, iou_t3: 0.8504, iou_t4: 0.6348, iou_t5: 0.6477, loss: 0.0182
2026-05-05 13:47:24,466 - mmdet - INFO - Iter [2600/120000]	lr: 1.000e-04, eta: 1 day, 19:58:35, time: 1.055, data_time: 0.012, memory: 37111, loss_mask: 0.0158, loss_texture: 0.0004, iou: 0.7255, iou_t0: 0.6597, iou_t1: 0.5507, iou_t2: 0.7508, iou_t3: 0.7918, iou_t4: 0.7447, iou_t5: 0.7840, loss: 0.0162
2026-05-05 13:47:50,823 - mmdet - INFO - Iter [2625/120000]	lr: 1.000e-04, eta: 1 day, 19:52:33, time: 1.054, data_time: 0.012, memory: 37111, loss_mask: 0.0205, loss_texture: 0.0006, iou: 0.6998, iou_t0: 0.6410, iou_t1: 0.6977, iou_t2: 0.6427, iou_t3: 0.6677, iou_t4: 0.7244, iou_t5: 0.6786, loss: 0.0211
2026-05-05 13:48:17,198 - mmdet - INFO - Iter [2650/120000]	lr: 1.000e-04, eta: 1 day, 19:46:37, time: 1.055, data_time: 0.012, memory: 37111, loss_mask: 0.0273, loss_texture: 0.0005, iou: 0.7122, iou_t0: 0.7746, iou_t1: 0.6604, iou_t2: 0.7372, iou_t3: 0.8167, iou_t4: 0.7200, iou_t5: 0.5656, loss: 0.0278
2026-05-05 13:48:43,587 - mmdet - INFO - Iter [2675/120000]	lr: 1.000e-04, eta: 1 day, 19:40:49, time: 1.056, data_time: 0.012, memory: 37111, loss_mask: 0.0147, loss_texture: 0.0005, iou: 0.6680, iou_t0: 0.6623, iou_t1: 0.7198, iou_t2: 0.7186, iou_t3: 0.7765, iou_t4: 0.5701, iou_t5: 0.6654, loss: 0.0152
2026-05-05 13:49:10,044 - mmdet - INFO - Iter [2700/120000]	lr: 1.000e-04, eta: 1 day, 19:35:09, time: 1.058, data_time: 0.011, memory: 37111, loss_mask: 0.0124, loss_texture: 0.0004, iou: 0.7505, iou_t0: 0.7728, iou_t1: 0.7733, iou_t2: 0.7580, iou_t3: 0.6956, iou_t4: 0.7253, iou_t5: 0.7542, loss: 0.0129
2026-05-05 13:49:36,638 - mmdet - INFO - Iter [2725/120000]	lr: 1.000e-04, eta: 1 day, 19:29:41, time: 1.064, data_time: 0.012, memory: 37111, loss_mask: 0.0238, loss_texture: 0.0006, iou: 0.7076, iou_t0: 0.6673, iou_t1: 0.7199, iou_t2: 0.7582, iou_t3: 0.7230, iou_t4: 0.6582, iou_t5: 0.7150, loss: 0.0244
2026-05-05 13:50:02,947 - mmdet - INFO - Iter [2750/120000]	lr: 1.000e-04, eta: 1 day, 19:24:06, time: 1.052, data_time: 0.012, memory: 37111, loss_mask: 0.0347, loss_texture: 0.0006, iou: 0.7141, iou_t0: 0.7977, iou_t1: 0.7595, iou_t2: 0.6536, iou_t3: 0.7193, iou_t4: 0.6894, iou_t5: 0.6854, loss: 0.0353
2026-05-05 13:50:29,254 - mmdet - INFO - Iter [2775/120000]	lr: 1.000e-04, eta: 1 day, 19:18:36, time: 1.052, data_time: 0.012, memory: 37111, loss_mask: 0.0500, loss_texture: 0.0011, iou: 0.6631, iou_t0: 0.6886, iou_t1: 0.6957, iou_t2: 0.5691, iou_t3: 0.5788, iou_t4: 0.7401, iou_t5: 0.7257, loss: 0.0511
2026-05-05 13:50:55,525 - mmdet - INFO - Iter [2800/120000]	lr: 1.000e-04, eta: 1 day, 19:13:11, time: 1.051, data_time: 0.012, memory: 37111, loss_mask: 0.0519, loss_texture: 0.0014, iou: 0.6605, iou_t0: 0.6675, iou_t1: 0.7523, iou_t2: 0.6571, iou_t3: 0.7047, iou_t4: 0.6402, iou_t5: 0.5781, loss: 0.0533
2026-05-05 13:51:21,787 - mmdet - INFO - Iter [2825/120000]	lr: 1.000e-04, eta: 1 day, 19:07:50, time: 1.050, data_time: 0.011, memory: 37111, loss_mask: 0.0284, loss_texture: 0.0008, iou: 0.6864, iou_t0: 0.6269, iou_t1: 0.6762, iou_t2: 0.6650, iou_t3: 0.8024, iou_t4: 0.7383, iou_t5: 0.6293, loss: 0.0292
2026-05-05 13:51:48,085 - mmdet - INFO - Iter [2850/120000]	lr: 1.000e-04, eta: 1 day, 19:02:37, time: 1.052, data_time: 0.012, memory: 37111, loss_mask: 0.0261, loss_texture: 0.0006, iou: 0.6883, iou_t0: 0.7040, iou_t1: 0.7531, iou_t2: 0.8046, iou_t3: 0.6868, iou_t4: 0.6833, iou_t5: 0.6090, loss: 0.0267
2026-05-05 13:52:14,427 - mmdet - INFO - Iter [2875/120000]	lr: 1.000e-04, eta: 1 day, 18:57:29, time: 1.054, data_time: 0.012, memory: 37111, loss_mask: 0.0250, loss_texture: 0.0006, iou: 0.6994, iou_t0: 0.6540, iou_t1: 0.7493, iou_t2: 0.6812, iou_t3: 0.7382, iou_t4: 0.7045, iou_t5: 0.7179, loss: 0.0256
2026-05-05 13:52:40,744 - mmdet - INFO - Iter [2900/120000]	lr: 1.000e-04, eta: 1 day, 18:52:26, time: 1.053, data_time: 0.011, memory: 37111, loss_mask: 0.0424, loss_texture: 0.0006, iou: 0.6787, iou_t0: 0.6865, iou_t1: 0.6072, iou_t2: 0.7115, iou_t3: 0.6285, iou_t4: 0.5855, iou_t5: 0.6781, loss: 0.0430
2026-05-05 13:53:07,088 - mmdet - INFO - Iter [2925/120000]	lr: 1.000e-04, eta: 1 day, 18:47:29, time: 1.054, data_time: 0.011, memory: 37111, loss_mask: 0.0142, loss_texture: 0.0005, iou: 0.7148, iou_t0: 0.7392, iou_t1: 0.6864, iou_t2: 0.7114, iou_t3: 0.7360, iou_t4: 0.7804, iou_t5: 0.6535, loss: 0.0147
2026-05-05 13:53:33,624 - mmdet - INFO - Iter [2950/120000]	lr: 1.000e-04, eta: 1 day, 18:42:44, time: 1.061, data_time: 0.012, memory: 37111, loss_mask: 0.0379, loss_texture: 0.0007, iou: 0.7353, iou_t0: 0.8082, iou_t1: 0.8044, iou_t2: 0.7159, iou_t3: 0.7860, iou_t4: 0.6837, iou_t5: 0.5949, loss: 0.0386
2026-05-05 13:54:00,146 - mmdet - INFO - Iter [2975/120000]	lr: 1.000e-04, eta: 1 day, 18:38:02, time: 1.061, data_time: 0.012, memory: 37111, loss_mask: 0.0287, loss_texture: 0.0007, iou: 0.7010, iou_t0: 0.6776, iou_t1: 0.6933, iou_t2: 0.7083, iou_t3: 0.7402, iou_t4: 0.5947, iou_t5: 0.7728, loss: 0.0294
2026-05-05 13:54:26,573 - mmdet - INFO - 
--- Val evaluation at iter 3000 ---
2026-05-05 13:56:55,683 - mmdet - INFO - 
+------------+-------------+-------------+
| Class      | Val IoU     | Pseudo IoU  |
+------------+-------------+-------------+
| background | 92.12       | 92.68       |
| building   | 66.74       | 69.14       |
| Summary    | mIoU: 79.43 | mIoU: 80.91 |
+------------+-------------+-------------+
Images evaluated: 218
2026-05-05 13:56:57,097 - mmdet - INFO - Exp name: exp4_unc.py
2026-05-05 13:56:57,097 - mmdet - INFO - Iter [3000/120000]	lr: 1.000e-04, eta: 1 day, 18:33:21, time: 1.057, data_time: 0.012, memory: 37111, val/mIoU: 0.7943, val/IoU.building: 0.6674, val/IoU.background: 0.9212, val/Pseudo_mIoU: 0.8091, loss_mask: 0.0171, loss_texture: 0.0005, iou: 0.6920, iou_t0: 0.7400, iou_t1: 0.6450, iou_t2: 0.8048, iou_t3: 0.6875, iou_t4: 0.6104, iou_t5: 0.5836, loss: 0.0175
2026-05-05 13:57:23,547 - mmdet - INFO - Iter [3025/120000]	lr: 1.000e-04, eta: 1 day, 20:05:46, time: 7.079, data_time: 6.033, memory: 37111, loss_mask: 0.0191, loss_texture: 0.0004, iou: 0.7007, iou_t0: 0.7157, iou_t1: 0.7030, iou_t2: 0.6742, iou_t3: 0.8104, iou_t4: 0.6593, iou_t5: 0.6658, loss: 0.0196
2026-05-05 13:57:50,147 - mmdet - INFO - Iter [3050/120000]	lr: 1.000e-04, eta: 1 day, 20:00:31, time: 1.064, data_time: 0.012, memory: 37111, loss_mask: 0.0382, loss_texture: 0.0008, iou: 0.6729, iou_t0: 0.6000, iou_t1: 0.6537, iou_t2: 0.6748, iou_t3: 0.6822, iou_t4: 0.6922, iou_t5: 0.6875, loss: 0.0390
2026-05-05 13:58:16,746 - mmdet - INFO - Iter [3075/120000]	lr: 1.000e-04, eta: 1 day, 19:55:21, time: 1.064, data_time: 0.012, memory: 37111, loss_mask: 0.0149, loss_texture: 0.0005, iou: 0.6982, iou_t0: 0.6904, iou_t1: 0.7118, iou_t2: 0.7454, iou_t3: 0.7247, iou_t4: 0.6660, iou_t5: 0.6371, loss: 0.0154
2026-05-05 13:58:43,171 - mmdet - INFO - Iter [3100/120000]	lr: 1.000e-04, eta: 1 day, 19:50:09, time: 1.057, data_time: 0.011, memory: 37111, loss_mask: 0.0181, loss_texture: 0.0004, iou: 0.6956, iou_t0: 0.7177, iou_t1: 0.7405, iou_t2: 0.6885, iou_t3: 0.6607, iou_t4: 0.6603, iou_t5: 0.5742, loss: 0.0185
2026-05-05 13:59:09,600 - mmdet - INFO - Iter [3125/120000]	lr: 1.000e-04, eta: 1 day, 19:45:01, time: 1.057, data_time: 0.011, memory: 37111, loss_mask: 0.0094, loss_texture: 0.0003, iou: 0.7246, iou_t0: 0.7778, iou_t1: 0.8017, iou_t2: 0.7412, iou_t3: 0.7295, iou_t4: 0.6748, iou_t5: 0.7799, loss: 0.0097
2026-05-05 13:59:36,169 - mmdet - INFO - Iter [3150/120000]	lr: 1.000e-04, eta: 1 day, 19:40:03, time: 1.063, data_time: 0.012, memory: 37111, loss_mask: 0.0156, loss_texture: 0.0005, iou: 0.7378, iou_t0: 0.7841, iou_t1: 0.7819, iou_t2: 0.7488, iou_t3: 0.7197, iou_t4: 0.7379, iou_t5: 0.7372, loss: 0.0161
2026-05-05 14:00:02,785 - mmdet - INFO - Iter [3175/120000]	lr: 1.000e-04, eta: 1 day, 19:35:11, time: 1.065, data_time: 0.012, memory: 37111, loss_mask: 0.0254, loss_texture: 0.0005, iou: 0.6803, iou_t0: 0.7103, iou_t1: 0.7237, iou_t2: 0.6512, iou_t3: 0.7986, iou_t4: 0.6629, iou_t5: 0.6220, loss: 0.0259
2026-05-05 14:00:29,302 - mmdet - INFO - Iter [3200/120000]	lr: 1.000e-04, eta: 1 day, 19:30:20, time: 1.061, data_time: 0.012, memory: 37111, loss_mask: 0.0192, loss_texture: 0.0006, iou: 0.7103, iou_t0: 0.7677, iou_t1: 0.7322, iou_t2: 0.7791, iou_t3: 0.6621, iou_t4: 0.7527, iou_t5: 0.6734, loss: 0.0197
2026-05-05 14:00:55,786 - mmdet - INFO - Iter [3225/120000]	lr: 1.000e-04, eta: 1 day, 19:25:32, time: 1.059, data_time: 0.012, memory: 37111, loss_mask: 0.0172, loss_texture: 0.0004, iou: 0.7023, iou_t0: 0.6670, iou_t1: 0.7515, iou_t2: 0.6692, iou_t3: 0.7023, iou_t4: 0.7583, iou_t5: 0.7132, loss: 0.0176
2026-05-05 14:01:22,429 - mmdet - INFO - Iter [3250/120000]	lr: 1.000e-04, eta: 1 day, 19:20:53, time: 1.066, data_time: 0.012, memory: 37111, loss_mask: 0.0569, loss_texture: 0.0008, iou: 0.6962, iou_t0: 0.6468, iou_t1: 0.7764, iou_t2: 0.6557, iou_t3: 0.7080, iou_t4: 0.7021, iou_t5: 0.7498, loss: 0.0577
2026-05-05 14:01:48,848 - mmdet - INFO - Iter [3275/120000]	lr: 1.000e-04, eta: 1 day, 19:16:10, time: 1.057, data_time: 0.012, memory: 37111, loss_mask: 0.0486, loss_texture: 0.0014, iou: 0.6853, iou_t0: 0.8365, iou_t1: 0.6658, iou_t2: 0.6460, iou_t3: 0.7085, iou_t4: 0.7137, iou_t5: 0.6366, loss: 0.0500
2026-05-05 14:02:15,173 - mmdet - INFO - Iter [3300/120000]	lr: 1.000e-04, eta: 1 day, 19:11:28, time: 1.053, data_time: 0.011, memory: 37111, loss_mask: 0.0304, loss_texture: 0.0009, iou: 0.7043, iou_t0: 0.7910, iou_t1: 0.7346, iou_t2: 0.7150, iou_t3: 0.7211, iou_t4: 0.6281, iou_t5: 0.6336, loss: 0.0313
2026-05-05 14:02:41,504 - mmdet - INFO - Iter [3325/120000]	lr: 1.000e-04, eta: 1 day, 19:06:50, time: 1.053, data_time: 0.011, memory: 37111, loss_mask: 0.0342, loss_texture: 0.0009, iou: 0.6751, iou_t0: 0.6525, iou_t1: 0.6897, iou_t2: 0.5909, iou_t3: 0.6783, iou_t4: 0.7317, iou_t5: 0.5537, loss: 0.0352
2026-05-05 14:03:07,830 - mmdet - INFO - Iter [3350/120000]	lr: 1.000e-04, eta: 1 day, 19:02:15, time: 1.053, data_time: 0.012, memory: 37111, loss_mask: 0.0205, loss_texture: 0.0007, iou: 0.6971, iou_t0: 0.6724, iou_t1: 0.6662, iou_t2: 0.8061, iou_t3: 0.6956, iou_t4: 0.6192, iou_t5: 0.6601, loss: 0.0212
2026-05-05 14:03:34,228 - mmdet - INFO - Iter [3375/120000]	lr: 1.000e-04, eta: 1 day, 18:57:47, time: 1.056, data_time: 0.012, memory: 37111, loss_mask: 0.0251, loss_texture: 0.0007, iou: 0.7018, iou_t0: 0.6351, iou_t1: 0.7332, iou_t2: 0.6627, iou_t3: 0.7421, iou_t4: 0.6973, iou_t5: 0.6775, loss: 0.0258
2026-05-05 14:04:00,642 - mmdet - INFO - Iter [3400/120000]	lr: 1.000e-04, eta: 1 day, 18:53:22, time: 1.057, data_time: 0.012, memory: 37111, loss_mask: 0.0237, loss_texture: 0.0007, iou: 0.7277, iou_t0: 0.8472, iou_t1: 0.8102, iou_t2: 0.6489, iou_t3: 0.7584, iou_t4: 0.7188, iou_t5: 0.6837, loss: 0.0244
2026-05-05 14:04:27,227 - mmdet - INFO - Iter [3425/120000]	lr: 1.000e-04, eta: 1 day, 18:49:07, time: 1.063, data_time: 0.012, memory: 37111, loss_mask: 0.0282, loss_texture: 0.0007, iou: 0.7279, iou_t0: 0.7213, iou_t1: 0.7953, iou_t2: 0.6862, iou_t3: 0.6493, iou_t4: 0.7311, iou_t5: 0.7611, loss: 0.0289
2026-05-05 14:04:53,637 - mmdet - INFO - Iter [3450/120000]	lr: 1.000e-04, eta: 1 day, 18:44:50, time: 1.056, data_time: 0.012, memory: 37111, loss_mask: 0.0206, loss_texture: 0.0005, iou: 0.7069, iou_t0: 0.5939, iou_t1: 0.7518, iou_t2: 0.6779, iou_t3: 0.6869, iou_t4: 0.6226, iou_t5: 0.7877, loss: 0.0211
2026-05-05 14:05:19,992 - mmdet - INFO - Iter [3475/120000]	lr: 1.000e-04, eta: 1 day, 18:40:34, time: 1.054, data_time: 0.012, memory: 37111, loss_mask: 0.0395, loss_texture: 0.0007, iou: 0.7156, iou_t0: 0.7414, iou_t1: 0.7341, iou_t2: 0.8067, iou_t3: 0.5642, iou_t4: 0.6922, iou_t5: 0.7780, loss: 0.0402
2026-05-05 14:05:46,267 - mmdet - INFO - 
--- Val evaluation at iter 3500 ---
2026-05-05 14:08:14,857 - mmdet - INFO - 
+------------+-------------+-------------+
| Class      | Val IoU     | Pseudo IoU  |
+------------+-------------+-------------+
| background | 92.14       | 92.68       |
| building   | 67.03       | 69.14       |
| Summary    | mIoU: 79.59 | mIoU: 80.91 |
+------------+-------------+-------------+
Images evaluated: 218
2026-05-05 14:08:16,271 - mmdet - INFO - Iter [3500/120000]	lr: 1.000e-04, eta: 1 day, 18:36:18, time: 1.051, data_time: 0.011, memory: 37111, val/mIoU: 0.7959, val/IoU.building: 0.6703, val/IoU.background: 0.9214, val/Pseudo_mIoU: 0.8091, loss_mask: 0.0186, loss_texture: 0.0005, iou: 0.6775, iou_t0: 0.7776, iou_t1: 0.6417, iou_t2: 0.6343, iou_t3: 0.6569, iou_t4: 0.7358, iou_t5: 0.6731, loss: 0.0192
2026-05-05 14:08:42,720 - mmdet - INFO - Iter [3525/120000]	lr: 1.000e-04, eta: 1 day, 19:54:48, time: 7.058, data_time: 6.013, memory: 37111, loss_mask: 0.0180, loss_texture: 0.0005, iou: 0.7491, iou_t0: 0.7912, iou_t1: 0.7488, iou_t2: 0.6370, iou_t3: 0.8041, iou_t4: 0.7709, iou_t5: 0.7408, loss: 0.0185
2026-05-05 14:09:09,168 - mmdet - INFO - Iter [3550/120000]	lr: 1.000e-04, eta: 1 day, 19:50:09, time: 1.058, data_time: 0.012, memory: 37111, loss_mask: 0.0123, loss_texture: 0.0003, iou: 0.6959, iou_t0: 0.7087, iou_t1: 0.6165, iou_t2: 0.7029, iou_t3: 0.7575, iou_t4: 0.6293, iou_t5: 0.7477, loss: 0.0126
2026-05-05 14:09:35,764 - mmdet - INFO - Iter [3575/120000]	lr: 1.000e-04, eta: 1 day, 19:45:38, time: 1.064, data_time: 0.012, memory: 37111, loss_mask: 0.0247, loss_texture: 0.0006, iou: 0.7285, iou_t0: 0.8264, iou_t1: 0.8100, iou_t2: 0.7663, iou_t3: 0.6461, iou_t4: 0.6204, iou_t5: 0.7078, loss: 0.0254
2026-05-05 14:10:02,304 - mmdet - INFO - Iter [3600/120000]	lr: 1.000e-04, eta: 1 day, 19:41:08, time: 1.062, data_time: 0.012, memory: 37111, loss_mask: 0.0135, loss_texture: 0.0004, iou: 0.6776, iou_t0: 0.7331, iou_t1: 0.7027, iou_t2: 0.7466, iou_t3: 0.6419, iou_t4: 0.6131, iou_t5: 0.6834, loss: 0.0139
2026-05-05 14:10:28,888 - mmdet - INFO - Iter [3625/120000]	lr: 1.000e-04, eta: 1 day, 19:36:43, time: 1.063, data_time: 0.012, memory: 37111, loss_mask: 0.0346, loss_texture: 0.0007, iou: 0.7018, iou_t0: 0.6832, iou_t1: 0.6385, iou_t2: 0.6396, iou_t3: 0.7536, iou_t4: 0.7465, iou_t5: 0.7326, loss: 0.0353
2026-05-05 14:10:55,477 - mmdet - INFO - Iter [3650/120000]	lr: 1.000e-04, eta: 1 day, 19:32:22, time: 1.064, data_time: 0.012, memory: 37111, loss_mask: 0.0191, loss_texture: 0.0006, iou: 0.7300, iou_t0: 0.7306, iou_t1: 0.7531, iou_t2: 0.7246, iou_t3: 0.7922, iou_t4: 0.7412, iou_t5: 0.7620, loss: 0.0197
2026-05-05 14:11:21,872 - mmdet - INFO - Iter [3675/120000]	lr: 1.000e-04, eta: 1 day, 19:27:58, time: 1.056, data_time: 0.012, memory: 37111, loss_mask: 0.0230, loss_texture: 0.0005, iou: 0.6836, iou_t0: 0.6244, iou_t1: 0.7305, iou_t2: 0.6555, iou_t3: 0.6909, iou_t4: 0.6552, iou_t5: 0.7553, loss: 0.0235
2026-05-05 14:11:48,219 - mmdet - INFO - Iter [3700/120000]	lr: 1.000e-04, eta: 1 day, 19:23:35, time: 1.054, data_time: 0.012, memory: 37111, loss_mask: 0.0203, loss_texture: 0.0006, iou: 0.7500, iou_t0: 0.8556, iou_t1: 0.7152, iou_t2: 0.7884, iou_t3: 0.7672, iou_t4: 0.7839, iou_t5: 0.7448, loss: 0.0209
2026-05-05 14:12:14,544 - mmdet - INFO - Iter [3725/120000]	lr: 1.000e-04, eta: 1 day, 19:19:15, time: 1.053, data_time: 0.011, memory: 37111, loss_mask: 0.0115, loss_texture: 0.0003, iou: 0.7394, iou_t0: 0.8182, iou_t1: 0.7835, iou_t2: 0.7550, iou_t3: 0.7368, iou_t4: 0.7168, iou_t5: 0.7170, loss: 0.0119
2026-05-05 14:12:40,874 - mmdet - INFO - Iter [3750/120000]	lr: 1.000e-04, eta: 1 day, 19:14:58, time: 1.053, data_time: 0.012, memory: 37111, loss_mask: 0.0238, loss_texture: 0.0004, iou: 0.6730, iou_t0: 0.6588, iou_t1: 0.6845, iou_t2: 0.6155, iou_t3: 0.6853, iou_t4: 0.7988, iou_t5: 0.5190, loss: 0.0242
2026-05-05 14:13:07,261 - mmdet - INFO - Iter [3775/120000]	lr: 1.000e-04, eta: 1 day, 19:10:46, time: 1.055, data_time: 0.012, memory: 37111, loss_mask: 0.0271, loss_texture: 0.0006, iou: 0.6820, iou_t0: 0.6761, iou_t1: 0.7810, iou_t2: 0.5382, iou_t3: 0.7582, iou_t4: 0.7198, iou_t5: 0.5756, loss: 0.0278
2026-05-05 14:13:33,752 - mmdet - INFO - Iter [3800/120000]	lr: 1.000e-04, eta: 1 day, 19:06:41, time: 1.060, data_time: 0.012, memory: 37111, loss_mask: 0.0123, loss_texture: 0.0004, iou: 0.6833, iou_t0: 0.6161, iou_t1: 0.6291, iou_t2: 0.6762, iou_t3: 0.8074, iou_t4: 0.6373, iou_t5: 0.6345, loss: 0.0127
2026-05-05 14:14:00,283 - mmdet - INFO - Iter [3825/120000]	lr: 1.000e-04, eta: 1 day, 19:02:39, time: 1.061, data_time: 0.012, memory: 37111, loss_mask: 0.0202, loss_texture: 0.0004, iou: 0.7297, iou_t0: 0.7461, iou_t1: 0.8092, iou_t2: 0.6120, iou_t3: 0.7322, iou_t4: 0.7438, iou_t5: 0.7216, loss: 0.0206
2026-05-05 14:14:26,726 - mmdet - INFO - Iter [3850/120000]	lr: 1.000e-04, eta: 1 day, 18:58:37, time: 1.058, data_time: 0.012, memory: 37111, loss_mask: 0.0157, loss_texture: 0.0005, iou: 0.7088, iou_t0: 0.6819, iou_t1: 0.7130, iou_t2: 0.6840, iou_t3: 0.7052, iou_t4: 0.7565, iou_t5: 0.7543, loss: 0.0162
2026-05-05 14:14:53,181 - mmdet - INFO - Iter [3875/120000]	lr: 1.000e-04, eta: 1 day, 18:54:39, time: 1.058, data_time: 0.012, memory: 37111, loss_mask: 0.0223, loss_texture: 0.0006, iou: 0.7154, iou_t0: 0.6517, iou_t1: 0.7011, iou_t2: 0.6350, iou_t3: 0.6473, iou_t4: 0.8164, iou_t5: 0.7136, loss: 0.0228
2026-05-05 14:15:19,637 - mmdet - INFO - Iter [3900/120000]	lr: 1.000e-04, eta: 1 day, 18:50:43, time: 1.058, data_time: 0.012, memory: 37111, loss_mask: 0.0232, loss_texture: 0.0005, iou: 0.7164, iou_t0: 0.7959, iou_t1: 0.6715, iou_t2: 0.7726, iou_t3: 0.7618, iou_t4: 0.7409, iou_t5: 0.7308, loss: 0.0236
2026-05-05 14:15:46,184 - mmdet - INFO - Iter [3925/120000]	lr: 1.000e-04, eta: 1 day, 18:46:53, time: 1.062, data_time: 0.011, memory: 37111, loss_mask: 0.0188, loss_texture: 0.0004, iou: 0.6985, iou_t0: 0.7226, iou_t1: 0.7766, iou_t2: 0.6324, iou_t3: 0.7048, iou_t4: 0.6993, iou_t5: 0.6619, loss: 0.0192
2026-05-05 14:16:12,563 - mmdet - INFO - Iter [3950/120000]	lr: 1.000e-04, eta: 1 day, 18:43:00, time: 1.055, data_time: 0.012, memory: 37111, loss_mask: 0.0139, loss_texture: 0.0004, iou: 0.6707, iou_t0: 0.8075, iou_t1: 0.5423, iou_t2: 0.6512, iou_t3: 0.7289, iou_t4: 0.6115, iou_t5: 0.5734, loss: 0.0143
2026-05-05 14:16:38,904 - mmdet - INFO - Iter [3975/120000]	lr: 1.000e-04, eta: 1 day, 18:39:09, time: 1.054, data_time: 0.012, memory: 37111, loss_mask: 0.0097, loss_texture: 0.0004, iou: 0.6962, iou_t0: 0.6999, iou_t1: 0.7268, iou_t2: 0.6903, iou_t3: 0.6940, iou_t4: 0.6873, iou_t5: 0.6570, loss: 0.0101
2026-05-05 14:17:05,228 - mmdet - INFO - 
--- Val evaluation at iter 4000 ---
2026-05-05 14:19:36,025 - mmdet - INFO - 
+------------+-------------+-------------+
| Class      | Val IoU     | Pseudo IoU  |
+------------+-------------+-------------+
| background | 92.13       | 92.68       |
| building   | 66.98       | 69.14       |
| Summary    | mIoU: 79.55 | mIoU: 80.91 |
+------------+-------------+-------------+
Images evaluated: 218
2026-05-05 14:19:37,489 - mmdet - INFO - Exp name: exp4_unc.py
2026-05-05 14:19:37,490 - mmdet - INFO - Iter [4000/120000]	lr: 1.000e-04, eta: 1 day, 18:35:20, time: 1.053, data_time: 0.011, memory: 37111, val/mIoU: 0.7955, val/IoU.building: 0.6698, val/IoU.background: 0.9213, val/Pseudo_mIoU: 0.8091, loss_mask: 0.0075, loss_texture: 0.0002, iou: 0.7212, iou_t0: 0.7954, iou_t1: 0.7265, iou_t2: 0.7245, iou_t3: 0.7942, iou_t4: 0.6021, iou_t5: 0.6182, loss: 0.0077
2026-05-05 14:20:03,871 - mmdet - INFO - Iter [4025/120000]	lr: 1.000e-04, eta: 1 day, 19:44:42, time: 7.146, data_time: 6.102, memory: 37111, loss_mask: 0.0120, loss_texture: 0.0003, iou: 0.6812, iou_t0: 0.7717, iou_t1: 0.6738, iou_t2: 0.6652, iou_t3: 0.5935, iou_t4: 0.6113, iou_t5: 0.7170, loss: 0.0124
2026-05-05 14:20:30,335 - mmdet - INFO - Iter [4050/120000]	lr: 1.000e-04, eta: 1 day, 19:40:34, time: 1.059, data_time: 0.012, memory: 37111, loss_mask: 0.0394, loss_texture: 0.0006, iou: 0.7630, iou_t0: 0.8568, iou_t1: 0.7035, iou_t2: 0.6944, iou_t3: 0.6988, iou_t4: 0.7734, iou_t5: 0.7584, loss: 0.0400
2026-05-05 14:20:56,960 - mmdet - INFO - Iter [4075/120000]	lr: 1.000e-04, eta: 1 day, 19:36:33, time: 1.065, data_time: 0.012, memory: 37111, loss_mask: 0.0316, loss_texture: 0.0007, iou: 0.7202, iou_t0: 0.6779, iou_t1: 0.8015, iou_t2: 0.6957, iou_t3: 0.7473, iou_t4: 0.7158, iou_t5: 0.5878, loss: 0.0323
2026-05-05 14:21:23,524 - mmdet - INFO - Iter [4100/120000]	lr: 1.000e-04, eta: 1 day, 19:32:33, time: 1.063, data_time: 0.012, memory: 37111, loss_mask: 0.0156, loss_texture: 0.0004, iou: 0.6843, iou_t0: 0.7546, iou_t1: 0.5936, iou_t2: 0.6769, iou_t3: 0.7549, iou_t4: 0.6109, iou_t5: 0.5967, loss: 0.0160
2026-05-05 14:21:50,015 - mmdet - INFO - Iter [4125/120000]	lr: 1.000e-04, eta: 1 day, 19:28:33, time: 1.060, data_time: 0.011, memory: 37111, loss_mask: 0.0131, loss_texture: 0.0004, iou: 0.7074, iou_t0: 0.7341, iou_t1: 0.6471, iou_t2: 0.8151, iou_t3: 0.7000, iou_t4: 0.5816, iou_t5: 0.6052, loss: 0.0135
2026-05-05 14:22:16,595 - mmdet - INFO - Iter [4150/120000]	lr: 1.000e-04, eta: 1 day, 19:24:39, time: 1.063, data_time: 0.012, memory: 37111, loss_mask: 0.0193, loss_texture: 0.0005, iou: 0.7187, iou_t0: 0.7579, iou_t1: 0.6776, iou_t2: 0.7650, iou_t3: 0.6783, iou_t4: 0.7655, iou_t5: 0.7357, loss: 0.0197
2026-05-05 14:22:43,180 - mmdet - INFO - Iter [4175/120000]	lr: 1.000e-04, eta: 1 day, 19:20:47, time: 1.063, data_time: 0.012, memory: 37111, loss_mask: 0.0255, loss_texture: 0.0006, iou: 0.7094, iou_t0: 0.7374, iou_t1: 0.7455, iou_t2: 0.7044, iou_t3: 0.6370, iou_t4: 0.7753, iou_t5: 0.6412, loss: 0.0260
2026-05-05 14:23:09,692 - mmdet - INFO - Iter [4200/120000]	lr: 1.000e-04, eta: 1 day, 19:16:56, time: 1.060, data_time: 0.012, memory: 37111, loss_mask: 0.0198, loss_texture: 0.0005, iou: 0.7238, iou_t0: 0.6972, iou_t1: 0.8352, iou_t2: 0.6840, iou_t3: 0.8379, iou_t4: 0.5552, iou_t5: 0.8201, loss: 0.0203
2026-05-05 14:23:36,118 - mmdet - INFO - Iter [4225/120000]	lr: 1.000e-04, eta: 1 day, 19:13:04, time: 1.057, data_time: 0.012, memory: 37111, loss_mask: 0.0147, loss_texture: 0.0004, iou: 0.7200, iou_t0: 0.8100, iou_t1: 0.6784, iou_t2: 0.6410, iou_t3: 0.8175, iou_t4: 0.7554, iou_t5: 0.6921, loss: 0.0151
2026-05-05 14:24:02,573 - mmdet - INFO - Iter [4250/120000]	lr: 1.000e-04, eta: 1 day, 19:09:16, time: 1.058, data_time: 0.012, memory: 37111, loss_mask: 0.0244, loss_texture: 0.0004, iou: 0.6990, iou_t0: 0.6882, iou_t1: 0.7735, iou_t2: 0.7238, iou_t3: 0.5994, iou_t4: 0.6727, iou_t5: 0.6904, loss: 0.0248
2026-05-05 14:24:29,183 - mmdet - INFO - Iter [4275/120000]	lr: 1.000e-04, eta: 1 day, 19:05:35, time: 1.064, data_time: 0.013, memory: 37111, loss_mask: 0.0272, loss_texture: 0.0005, iou: 0.6868, iou_t0: 0.5924, iou_t1: 0.6647, iou_t2: 0.7207, iou_t3: 0.7116, iou_t4: 0.6692, iou_t5: 0.6917, loss: 0.0277
2026-05-05 14:24:55,738 - mmdet - INFO - Iter [4300/120000]	lr: 1.000e-04, eta: 1 day, 19:01:54, time: 1.062, data_time: 0.012, memory: 37111, loss_mask: 0.0195, loss_texture: 0.0005, iou: 0.7231, iou_t0: 0.7601, iou_t1: 0.6281, iou_t2: 0.8288, iou_t3: 0.7545, iou_t4: 0.7280, iou_t5: 0.6560, loss: 0.0200
2026-05-05 14:25:22,213 - mmdet - INFO - Iter [4325/120000]	lr: 1.000e-04, eta: 1 day, 18:58:13, time: 1.059, data_time: 0.011, memory: 37111, loss_mask: 0.0307, loss_texture: 0.0005, iou: 0.7044, iou_t0: 0.7133, iou_t1: 0.7199, iou_t2: 0.6831, iou_t3: 0.5782, iou_t4: 0.6842, iou_t5: 0.7698, loss: 0.0312
2026-05-05 14:25:48,777 - mmdet - INFO - Iter [4350/120000]	lr: 1.000e-04, eta: 1 day, 18:54:37, time: 1.063, data_time: 0.012, memory: 37111, loss_mask: 0.0195, loss_texture: 0.0005, iou: 0.7151, iou_t0: 0.7623, iou_t1: 0.7418, iou_t2: 0.6642, iou_t3: 0.6942, iou_t4: 0.7325, iou_t5: 0.7328, loss: 0.0200
2026-05-05 14:26:15,298 - mmdet - INFO - Iter [4375/120000]	lr: 1.000e-04, eta: 1 day, 18:51:02, time: 1.061, data_time: 0.012, memory: 37111, loss_mask: 0.0125, loss_texture: 0.0003, iou: 0.7310, iou_t0: 0.7993, iou_t1: 0.5938, iou_t2: 0.7176, iou_t3: 0.7493, iou_t4: 0.8111, iou_t5: 0.7116, loss: 0.0129
2026-05-05 14:26:41,804 - mmdet - INFO - Iter [4400/120000]	lr: 1.000e-04, eta: 1 day, 18:47:29, time: 1.060, data_time: 0.012, memory: 37111, loss_mask: 0.0084, loss_texture: 0.0003, iou: 0.7334, iou_t0: 0.7702, iou_t1: 0.6396, iou_t2: 0.7690, iou_t3: 0.7100, iou_t4: 0.8045, iou_t5: 0.5812, loss: 0.0086
2026-05-05 14:27:08,373 - mmdet - INFO - Iter [4425/120000]	lr: 1.000e-04, eta: 1 day, 18:43:59, time: 1.063, data_time: 0.012, memory: 37111, loss_mask: 0.0106, loss_texture: 0.0003, iou: 0.7234, iou_t0: 0.7569, iou_t1: 0.5815, iou_t2: 0.8363, iou_t3: 0.7208, iou_t4: 0.6583, iou_t5: 0.6485, loss: 0.0110
2026-05-05 14:27:34,882 - mmdet - INFO - Iter [4450/120000]	lr: 1.000e-04, eta: 1 day, 18:40:30, time: 1.060, data_time: 0.012, memory: 37111, loss_mask: 0.0220, loss_texture: 0.0004, iou: 0.6958, iou_t0: 0.6892, iou_t1: 0.5858, iou_t2: 0.7459, iou_t3: 0.7147, iou_t4: 0.7800, iou_t5: 0.6665, loss: 0.0224
2026-05-05 14:28:01,283 - mmdet - INFO - Iter [4475/120000]	lr: 1.000e-04, eta: 1 day, 18:37:01, time: 1.056, data_time: 0.012, memory: 37111, loss_mask: 0.0217, loss_texture: 0.0004, iou: 0.7165, iou_t0: 0.6769, iou_t1: 0.6843, iou_t2: 0.6677, iou_t3: 0.8014, iou_t4: 0.8204, iou_t5: 0.6828, loss: 0.0222
2026-05-05 14:28:27,782 - mmdet - INFO - 
--- Val evaluation at iter 4500 ---
2026-05-05 14:30:58,036 - mmdet - INFO - 
+------------+-------------+-------------+
| Class      | Val IoU     | Pseudo IoU  |
+------------+-------------+-------------+
| background | 92.12       | 92.68       |
| building   | 66.94       | 69.14       |
| Summary    | mIoU: 79.53 | mIoU: 80.91 |
+------------+-------------+-------------+
Images evaluated: 218
2026-05-05 14:30:59,425 - mmdet - INFO - Iter [4500/120000]	lr: 1.000e-04, eta: 1 day, 18:33:35, time: 1.060, data_time: 0.012, memory: 37111, val/mIoU: 0.7953, val/IoU.building: 0.6694, val/IoU.background: 0.9212, val/Pseudo_mIoU: 0.8091, loss_mask: 0.0180, loss_texture: 0.0005, iou: 0.6920, iou_t0: 0.6883, iou_t1: 0.6715, iou_t2: 0.6665, iou_t3: 0.7510, iou_t4: 0.7614, iou_t5: 0.6136, loss: 0.0185
2026-05-05 14:31:25,809 - mmdet - INFO - Iter [4525/120000]	lr: 1.000e-04, eta: 1 day, 19:34:39, time: 7.121, data_time: 6.078, memory: 37111, loss_mask: 0.0181, loss_texture: 0.0004, iou: 0.6790, iou_t0: 0.6512, iou_t1: 0.6033, iou_t2: 0.8205, iou_t3: 0.6640, iou_t4: 0.6055, iou_t5: 0.6311, loss: 0.0186
2026-05-05 14:31:52,190 - mmdet - INFO - Iter [4550/120000]	lr: 1.000e-04, eta: 1 day, 19:30:53, time: 1.055, data_time: 0.012, memory: 37111, loss_mask: 0.0080, loss_texture: 0.0003, iou: 0.7035, iou_t0: 0.6554, iou_t1: 0.6898, iou_t2: 0.7162, iou_t3: 0.7702, iou_t4: 0.7148, iou_t5: 0.7802, loss: 0.0082
2026-05-05 14:32:18,634 - mmdet - INFO - Iter [4575/120000]	lr: 1.000e-04, eta: 1 day, 19:27:10, time: 1.058, data_time: 0.013, memory: 37111, loss_mask: 0.0231, loss_texture: 0.0004, iou: 0.6851, iou_t0: 0.6596, iou_t1: 0.6701, iou_t2: 0.7525, iou_t3: 0.7323, iou_t4: 0.5954, iou_t5: 0.6501, loss: 0.0235
2026-05-05 14:32:45,020 - mmdet - INFO - Iter [4600/120000]	lr: 1.000e-04, eta: 1 day, 19:23:28, time: 1.055, data_time: 0.012, memory: 37111, loss_mask: 0.0108, loss_texture: 0.0003, iou: 0.7535, iou_t0: 0.7604, iou_t1: 0.8590, iou_t2: 0.8128, iou_t3: 0.7306, iou_t4: 0.7626, iou_t5: 0.7285, loss: 0.0111
2026-05-05 14:33:11,425 - mmdet - INFO - Iter [4625/120000]	lr: 1.000e-04, eta: 1 day, 19:19:49, time: 1.056, data_time: 0.011, memory: 37111, loss_mask: 0.0175, loss_texture: 0.0004, iou: 0.6892, iou_t0: 0.6235, iou_t1: 0.7237, iou_t2: 0.7389, iou_t3: 0.5719, iou_t4: 0.6994, iou_t5: 0.6967, loss: 0.0179
2026-05-05 14:33:37,940 - mmdet - INFO - Iter [4650/120000]	lr: 1.000e-04, eta: 1 day, 19:16:14, time: 1.061, data_time: 0.012, memory: 37111, loss_mask: 0.0108, loss_texture: 0.0003, iou: 0.7238, iou_t0: 0.7400, iou_t1: 0.7266, iou_t2: 0.6973, iou_t3: 0.7376, iou_t4: 0.8065, iou_t5: 0.6405, loss: 0.0111
2026-05-05 14:34:04,328 - mmdet - INFO - Iter [4675/120000]	lr: 1.000e-04, eta: 1 day, 19:12:39, time: 1.056, data_time: 0.012, memory: 37111, loss_mask: 0.0145, loss_texture: 0.0003, iou: 0.7053, iou_t0: 0.7850, iou_t1: 0.6738, iou_t2: 0.7841, iou_t3: 0.6406, iou_t4: 0.7425, iou_t5: 0.6537, loss: 0.0148
2026-05-05 14:34:30,721 - mmdet - INFO - Iter [4700/120000]	lr: 1.000e-04, eta: 1 day, 19:09:05, time: 1.056, data_time: 0.012, memory: 37111, loss_mask: 0.0099, loss_texture: 0.0003, iou: 0.7175, iou_t0: 0.6749, iou_t1: 0.7495, iou_t2: 0.7110, iou_t3: 0.6901, iou_t4: 0.7148, iou_t5: 0.7205, loss: 0.0102
2026-05-05 14:34:57,067 - mmdet - INFO - Iter [4725/120000]	lr: 1.000e-04, eta: 1 day, 19:05:32, time: 1.054, data_time: 0.012, memory: 37111, loss_mask: 0.0108, loss_texture: 0.0004, iou: 0.7157, iou_t0: 0.6599, iou_t1: 0.7354, iou_t2: 0.7030, iou_t3: 0.6785, iou_t4: 0.7447, iou_t5: 0.7256, loss: 0.0112
2026-05-05 14:35:23,418 - mmdet - INFO - Iter [4750/120000]	lr: 1.000e-04, eta: 1 day, 19:02:02, time: 1.054, data_time: 0.012, memory: 37111, loss_mask: 0.0074, loss_texture: 0.0002, iou: 0.6744, iou_t0: 0.6819, iou_t1: 0.6455, iou_t2: 0.6307, iou_t3: 0.7789, iou_t4: 0.6347, iou_t5: 0.6180, loss: 0.0077
2026-05-05 14:35:49,869 - mmdet - INFO - Iter [4775/120000]	lr: 1.000e-04, eta: 1 day, 18:58:36, time: 1.058, data_time: 0.012, memory: 37111, loss_mask: 0.0087, loss_texture: 0.0003, iou: 0.6816, iou_t0: 0.7523, iou_t1: 0.5659, iou_t2: 0.7452, iou_t3: 0.6406, iou_t4: 0.6997, iou_t5: 0.6402, loss: 0.0090
2026-05-05 14:36:16,317 - mmdet - INFO - Iter [4800/120000]	lr: 1.000e-04, eta: 1 day, 18:55:11, time: 1.058, data_time: 0.011, memory: 37111, loss_mask: 0.0097, loss_texture: 0.0003, iou: 0.7624, iou_t0: 0.7358, iou_t1: 0.8311, iou_t2: 0.7229, iou_t3: 0.7137, iou_t4: 0.7273, iou_t5: 0.7416, loss: 0.0100
2026-05-05 14:36:42,719 - mmdet - INFO - Iter [4825/120000]	lr: 1.000e-04, eta: 1 day, 18:51:47, time: 1.056, data_time: 0.012, memory: 37111, loss_mask: 0.0108, loss_texture: 0.0003, iou: 0.6983, iou_t0: 0.6643, iou_t1: 0.7471, iou_t2: 0.5401, iou_t3: 0.7839, iou_t4: 0.6787, iou_t5: 0.6357, loss: 0.0111
2026-05-05 14:37:09,242 - mmdet - INFO - Iter [4850/120000]	lr: 1.000e-04, eta: 1 day, 18:48:28, time: 1.061, data_time: 0.012, memory: 37111, loss_mask: 0.0109, loss_texture: 0.0003, iou: 0.7092, iou_t0: 0.6340, iou_t1: 0.7553, iou_t2: 0.7154, iou_t3: 0.6905, iou_t4: 0.6994, iou_t5: 0.6232, loss: 0.0112
2026-05-05 14:37:35,741 - mmdet - INFO - Iter [4875/120000]	lr: 1.000e-04, eta: 1 day, 18:45:11, time: 1.060, data_time: 0.012, memory: 37111, loss_mask: 0.0114, loss_texture: 0.0003, iou: 0.7301, iou_t0: 0.7119, iou_t1: 0.7476, iou_t2: 0.7396, iou_t3: 0.8482, iou_t4: 0.6738, iou_t5: 0.7363, loss: 0.0117
2026-05-05 14:38:02,124 - mmdet - INFO - Iter [4900/120000]	lr: 1.000e-04, eta: 1 day, 18:41:52, time: 1.055, data_time: 0.012, memory: 37111, loss_mask: 0.0119, loss_texture: 0.0003, iou: 0.7024, iou_t0: 0.6702, iou_t1: 0.7941, iou_t2: 0.6345, iou_t3: 0.7389, iou_t4: 0.5513, iou_t5: 0.8072, loss: 0.0122
2026-05-05 14:38:28,483 - mmdet - INFO - Iter [4925/120000]	lr: 1.000e-04, eta: 1 day, 18:38:34, time: 1.054, data_time: 0.012, memory: 37111, loss_mask: 0.0152, loss_texture: 0.0004, iou: 0.7399, iou_t0: 0.6874, iou_t1: 0.7847, iou_t2: 0.7732, iou_t3: 0.6766, iou_t4: 0.8118, iou_t5: 0.7223, loss: 0.0156
2026-05-05 14:38:54,851 - mmdet - INFO - Iter [4950/120000]	lr: 1.000e-04, eta: 1 day, 18:35:18, time: 1.055, data_time: 0.012, memory: 37111, loss_mask: 0.0068, loss_texture: 0.0002, iou: 0.7009, iou_t0: 0.7198, iou_t1: 0.6499, iou_t2: 0.6716, iou_t3: 0.6567, iou_t4: 0.6549, iou_t5: 0.7519, loss: 0.0070
2026-05-05 14:39:21,235 - mmdet - INFO - Iter [4975/120000]	lr: 1.000e-04, eta: 1 day, 18:32:05, time: 1.055, data_time: 0.012, memory: 37111, loss_mask: 0.0236, loss_texture: 0.0004, iou: 0.6831, iou_t0: 0.6591, iou_t1: 0.8053, iou_t2: 0.6779, iou_t3: 0.6951, iou_t4: 0.6752, iou_t5: 0.6198, loss: 0.0240
2026-05-05 14:39:47,673 - mmdet - INFO - 
--- Val evaluation at iter 5000 ---
2026-05-05 14:42:18,960 - mmdet - INFO - 
+------------+-------------+-------------+
| Class      | Val IoU     | Pseudo IoU  |
+------------+-------------+-------------+
| background | 92.14       | 92.68       |
| building   | 67.12       | 69.14       |
| Summary    | mIoU: 79.63 | mIoU: 80.91 |
+------------+-------------+-------------+
Images evaluated: 218
2026-05-05 14:42:20,322 - mmdet - INFO - Exp name: exp4_unc.py
2026-05-05 14:42:20,322 - mmdet - INFO - Iter [5000/120000]	lr: 1.000e-04, eta: 1 day, 18:28:54, time: 1.058, data_time: 0.012, memory: 37111, val/mIoU: 0.7963, val/IoU.building: 0.6712, val/IoU.background: 0.9214, val/Pseudo_mIoU: 0.8091, loss_mask: 0.0099, loss_texture: 0.0003, iou: 0.7459, iou_t0: 0.7116, iou_t1: 0.7927, iou_t2: 0.7042, iou_t3: 0.7402, iou_t4: 0.7381, iou_t5: 0.6702, loss: 0.0102
2026-05-05 14:42:46,723 - mmdet - INFO - Iter [5025/120000]	lr: 1.000e-04, eta: 1 day, 19:23:57, time: 7.162, data_time: 6.119, memory: 37111, loss_mask: 0.0234, loss_texture: 0.0005, iou: 0.7416, iou_t0: 0.8037, iou_t1: 0.7566, iou_t2: 0.7643, iou_t3: 0.7835, iou_t4: 0.8033, iou_t5: 0.7198, loss: 0.0239
2026-05-05 14:43:13,117 - mmdet - INFO - Iter [5050/120000]	lr: 1.000e-04, eta: 1 day, 19:20:31, time: 1.056, data_time: 0.012, memory: 37111, loss_mask: 0.0089, loss_texture: 0.0003, iou: 0.7253, iou_t0: 0.7995, iou_t1: 0.7539, iou_t2: 0.7526, iou_t3: 0.6263, iou_t4: 0.6827, iou_t5: 0.7590, loss: 0.0092
2026-05-05 14:43:39,533 - mmdet - INFO - Iter [5075/120000]	lr: 1.000e-04, eta: 1 day, 19:17:06, time: 1.057, data_time: 0.012, memory: 37111, loss_mask: 0.0154, loss_texture: 0.0003, iou: 0.6752, iou_t0: 0.6786, iou_t1: 0.7193, iou_t2: 0.6956, iou_t3: 0.6481, iou_t4: 0.7419, iou_t5: 0.6143, loss: 0.0157
2026-05-05 14:44:05,960 - mmdet - INFO - Iter [5100/120000]	lr: 1.000e-04, eta: 1 day, 19:13:44, time: 1.057, data_time: 0.012, memory: 37111, loss_mask: 0.0124, loss_texture: 0.0003, iou: 0.6879, iou_t0: 0.7484, iou_t1: 0.6783, iou_t2: 0.7001, iou_t3: 0.6786, iou_t4: 0.7338, iou_t5: 0.6352, loss: 0.0127
2026-05-05 14:44:32,401 - mmdet - INFO - Iter [5125/120000]	lr: 1.000e-04, eta: 1 day, 19:10:24, time: 1.058, data_time: 0.012, memory: 37111, loss_mask: 0.0199, loss_texture: 0.0004, iou: 0.7133, iou_t0: 0.6264, iou_t1: 0.6865, iou_t2: 0.7570, iou_t3: 0.7101, iou_t4: 0.8008, iou_t5: 0.6062, loss: 0.0203
